# raxis[fm], SN, VN, SP, VP [MeV]
0.000000000000000000e+00 -4.418430000000000177e+02 3.625222400000000107e+02 -4.418430000000000177e+02 3.714820600000000468e+02
2.500000000000000139e-02 -4.418430000000000177e+02 3.625222400000000107e+02 -4.418430000000000177e+02 3.714820600000000468e+02
5.000000000000000278e-02 -4.415219999999999914e+02 3.620136899999999969e+02 -4.415219999999999914e+02 3.709759100000000558e+02
7.499999999999999722e-02 -4.413500000000000227e+02 3.618518400000000383e+02 -4.413500000000000227e+02 3.708148600000000101e+02
1.000000000000000056e-01 -4.411150000000000091e+02 3.616366700000000378e+02 -4.411150000000000091e+02 3.706006299999999669e+02
1.250000000000000000e-01 -4.408279999999999745e+02 3.613872250000000008e+02 -4.408279999999999745e+02 3.703523750000000518e+02
1.499999999999999944e-01 -4.404830000000000041e+02 3.610894799999999805e+02 -4.404830000000000041e+02 3.700560199999999895e+02
1.749999999999999889e-01 -4.400799999999999841e+02 3.607454349999999863e+02 -4.400799999999999841e+02 3.697135650000000169e+02
2.000000000000000111e-01 -4.396200000000000045e+02 3.603520900000000324e+02 -4.396200000000000045e+02 3.693221100000000092e+02
2.250000000000000056e-01 -4.391039999999999850e+02 3.599114500000000021e+02 -4.391039999999999850e+02 3.688834499999999821e+02
2.500000000000000000e-01 -4.385280000000000200e+02 3.594235150000000090e+02 -4.385280000000000200e+02 3.683977850000000558e+02
2.750000000000000222e-01 -4.379030000000000200e+02 3.588903050000000121e+02 -4.379030000000000200e+02 3.678670950000000062e+02
2.999999999999999889e-01 -4.372259999999999991e+02 3.583127949999999942e+02 -4.372259999999999991e+02 3.672922049999999672e+02
3.250000000000000111e-01 -4.364990000000000236e+02 3.576920200000000136e+02 -4.364990000000000236e+02 3.666742800000000102e+02
3.499999999999999778e-01 -4.357230000000000132e+02 3.570269700000000057e+02 -4.357230000000000132e+02 3.660122300000000450e+02
3.750000000000000000e-01 -4.349039999999999964e+02 3.563256650000000150e+02 -4.349039999999999964e+02 3.653141350000000216e+02
4.000000000000000222e-01 -4.340360000000000014e+02 3.555861150000000066e+02 -4.340360000000000014e+02 3.645778849999999807e+02
4.249999999999999889e-01 -4.331299999999999955e+02 3.548123249999999871e+02 -4.331299999999999955e+02 3.638074750000000108e+02
4.500000000000000111e-01 -4.321850000000000023e+02 3.540033000000000243e+02 -4.321850000000000023e+02 3.630020000000000095e+02
4.749999999999999778e-01 -4.312029999999999745e+02 3.531630499999999984e+02 -4.312029999999999745e+02 3.621653499999999894e+02
5.000000000000000000e-01 -4.301879999999999882e+02 3.522925849999999741e+02 -4.301879999999999882e+02 3.612986149999999839e+02
5.250000000000000222e-01 -4.291429999999999723e+02 3.513959250000000338e+02 -4.291429999999999723e+02 3.604056749999999738e+02
5.500000000000000444e-01 -4.280690000000000168e+02 3.504740750000000276e+02 -4.280690000000000168e+02 3.594876250000000368e+02
5.749999999999999556e-01 -4.269710000000000036e+02 3.495320549999999571e+02 -4.269710000000000036e+02 3.585493450000000166e+02
5.999999999999999778e-01 -4.258509999999999991e+02 3.485688549999999850e+02 -4.258509999999999991e+02 3.575899450000000002e+02
6.250000000000000000e-01 -4.247119999999999891e+02 3.475885000000000105e+02 -4.247119999999999891e+02 3.566134000000000128e+02
6.500000000000000222e-01 -4.235579999999999927e+02 3.465930150000000367e+02 -4.235579999999999927e+02 3.556215850000000387e+02
6.750000000000000444e-01 -4.223910000000000196e+02 3.455874049999999897e+02 -4.223910000000000196e+02 3.546195950000000039e+02
6.999999999999999556e-01 -4.212139999999999986e+02 3.445716749999999706e+02 -4.212139999999999986e+02 3.536073250000000030e+02
7.249999999999999778e-01 -4.200319999999999823e+02 3.435498349999999732e+02 -4.200319999999999823e+02 3.525889650000000302e+02
7.500000000000000000e-01 -4.188450000000000273e+02 3.425199199999999564e+02 -4.188450000000000273e+02 3.515622799999999870e+02
7.750000000000000222e-01 -4.176589999999999918e+02 3.414939250000000470e+02 -4.176589999999999918e+02 3.505393750000000068e+02
8.000000000000000444e-01 -4.164750000000000227e+02 3.404678750000000491e+02 -4.164750000000000227e+02 3.495162250000000199e+02
8.249999999999999556e-01 -4.152980000000000018e+02 3.394457749999999692e+02 -4.152980000000000018e+02 3.484967249999999694e+02
8.499999999999999778e-01 -4.141279999999999859e+02 3.384306449999999700e+02 -4.141279999999999859e+02 3.474840550000000121e+02
8.750000000000000000e-01 -4.129710000000000036e+02 3.374244899999999916e+02 -4.129710000000000036e+02 3.464800099999999361e+02
9.000000000000000222e-01 -4.118279999999999745e+02 3.364293299999999931e+02 -4.118279999999999745e+02 3.454867699999999786e+02
9.250000000000000444e-01 -4.107019999999999982e+02 3.354471800000000030e+02 -4.107019999999999982e+02 3.445061200000000099e+02
9.499999999999999556e-01 -4.095950000000000273e+02 3.344820449999999710e+02 -4.095950000000000273e+02 3.435421549999999797e+02
9.749999999999999778e-01 -4.085099999999999909e+02 3.335349400000000060e+02 -4.085099999999999909e+02 3.425959599999999341e+02
1.000000000000000000e+00 -4.074499999999999886e+02 3.326078800000000228e+02 -4.074499999999999886e+02 3.416693200000000274e+02
1.024999999999999911e+00 -4.064159999999999968e+02 3.317038749999999823e+02 -4.064159999999999968e+02 3.407654249999999934e+02
1.050000000000000044e+00 -4.054110000000000014e+02 3.308229350000000295e+02 -4.054110000000000014e+02 3.398841649999999959e+02
1.074999999999999956e+00 -4.044370000000000118e+02 3.299680700000000115e+02 -4.044370000000000118e+02 3.390284299999999575e+02
1.100000000000000089e+00 -4.034940000000000282e+02 3.291402950000000374e+02 -4.034940000000000282e+02 3.381994050000000129e+02
1.125000000000000000e+00 -4.025860000000000127e+02 3.283426099999999792e+02 -4.025860000000000127e+02 3.373999899999999457e+02
1.149999999999999911e+00 -4.017130000000000223e+02 3.275740249999999492e+02 -4.017130000000000223e+02 3.366291749999999752e+02
1.175000000000000044e+00 -4.008759999999999764e+02 3.268365549999999757e+02 -4.008759999999999764e+02 3.358890449999999532e+02
1.199999999999999956e+00 -4.000760000000000218e+02 3.261322000000000116e+02 -4.000760000000000218e+02 3.351813999999999965e+02
1.225000000000000089e+00 -3.993149999999999977e+02 3.254599699999999984e+02 -3.993149999999999977e+02 3.345054299999999898e+02
1.250000000000000000e+00 -3.985919999999999845e+02 3.248218650000000025e+02 -3.985919999999999845e+02 3.338630349999999680e+02
1.274999999999999911e+00 -3.979100000000000250e+02 3.242178949999999986e+02 -3.979100000000000250e+02 3.332543049999999880e+02
1.300000000000000044e+00 -3.972669999999999959e+02 3.236490600000000200e+02 -3.972669999999999959e+02 3.326800399999999627e+02
1.324999999999999956e+00 -3.966639999999999873e+02 3.231143650000000207e+02 -3.966639999999999873e+02 3.321394349999999918e+02
1.350000000000000089e+00 -3.961000000000000227e+02 3.226138100000000009e+02 -3.961000000000000227e+02 3.316323899999999867e+02
1.375000000000000000e+00 -3.955760000000000218e+02 3.221483949999999936e+02 -3.955760000000000218e+02 3.311599050000000375e+02
1.399999999999999911e+00 -3.950889999999999986e+02 3.217161249999999768e+02 -3.950889999999999986e+02 3.307199750000000336e+02
1.425000000000000044e+00 -3.946410000000000196e+02 3.213179949999999963e+02 -3.946410000000000196e+02 3.303137050000000272e+02
1.449999999999999956e+00 -3.942289999999999850e+02 3.209530050000000188e+02 -3.942289999999999850e+02 3.299399950000000104e+02
1.475000000000000089e+00 -3.938539999999999850e+02 3.206191499999999905e+02 -3.938539999999999850e+02 3.295968500000000176e+02
1.500000000000000000e+00 -3.935120000000000005e+02 3.203154350000000363e+02 -3.935120000000000005e+02 3.292833650000000034e+02
1.524999999999999911e+00 -3.932029999999999745e+02 3.200438450000000330e+02 -3.932029999999999745e+02 3.290013550000000464e+02
1.550000000000000044e+00 -3.929250000000000114e+02 3.198003749999999741e+02 -3.929250000000000114e+02 3.287470250000000078e+02
1.574999999999999956e+00 -3.926759999999999877e+02 3.195810299999999984e+02 -3.926759999999999877e+02 3.285163700000000517e+02
1.600000000000000089e+00 -3.924540000000000077e+02 3.193867999999999938e+02 -3.924540000000000077e+02 3.283102000000000658e+02
1.625000000000000000e+00 -3.922559999999999718e+02 3.192126749999999902e+02 -3.922559999999999718e+02 3.281236250000000041e+02
1.649999999999999911e+00 -3.920810000000000173e+02 3.190616499999999860e+02 -3.920810000000000173e+02 3.279597500000000423e+02
1.675000000000000044e+00 -3.919259999999999877e+02 3.189297150000000443e+02 -3.919259999999999877e+02 3.278144849999999906e+02
1.699999999999999956e+00 -3.917880000000000109e+02 3.188118650000000116e+02 -3.917880000000000109e+02 3.276828749999999673e+02
1.725000000000000089e+00 -3.916630000000000109e+02 3.187110900000000129e+02 -3.916630000000000109e+02 3.275678900000000340e+02
1.750000000000000000e+00 -3.915500000000000114e+02 3.186213849999999752e+02 -3.915500000000000114e+02 3.274635350000000358e+02
1.774999999999999911e+00 -3.914449999999999932e+02 3.185407349999999838e+02 -3.914449999999999932e+02 3.273678550000000200e+02
1.800000000000000044e+00 -3.913450000000000273e+02 3.184661299999999642e+02 -3.913450000000000273e+02 3.272778399999999692e+02
1.824999999999999956e+00 -3.912470000000000141e+02 3.183955650000000333e+02 -3.912470000000000141e+02 3.271914850000000001e+02
1.850000000000000089e+00 -3.911469999999999914e+02 3.183260300000000029e+02 -3.911469999999999914e+02 3.271058299999999690e+02
1.875000000000000000e+00 -3.910419999999999732e+02 3.182545150000000262e+02 -3.910419999999999732e+02 3.270178549999999973e+02
1.899999999999999911e+00 -3.909279999999999973e+02 3.181780049999999846e+02 -3.909279999999999973e+02 3.269245849999999791e+02
1.925000000000000044e+00 -3.908020000000000209e+02 3.180934950000000185e+02 -3.908020000000000209e+02 3.268230149999999981e+02
1.949999999999999956e+00 -3.906600000000000250e+02 3.179979699999999525e+02 -3.906600000000000250e+02 3.267101799999999798e+02
1.975000000000000089e+00 -3.904990000000000236e+02 3.178894250000000170e+02 -3.904990000000000236e+02 3.265840650000000096e+02
2.000000000000000000e+00 -3.903159999999999741e+02 3.177638450000000034e+02 -3.903159999999999741e+02 3.264406849999999736e+02
2.024999999999999911e+00 -3.901059999999999945e+02 3.176182299999999827e+02 -3.901059999999999945e+02 3.262770500000000311e+02
2.049999999999999822e+00 -3.898659999999999854e+02 3.174495549999999753e+02 -3.898659999999999854e+02 3.260901749999999879e+02
2.075000000000000178e+00 -3.895919999999999845e+02 3.172548249999999825e+02 -3.895919999999999845e+02 3.258770650000000160e+02
2.100000000000000089e+00 -3.892810000000000059e+02 3.170320255000000316e+02 -3.892810000000000059e+02 3.256357244999999807e+02
2.125000000000000000e+00 -3.889289999999999736e+02 3.167771459999999593e+02 -3.889289999999999736e+02 3.253621640000000070e+02
2.149999999999999911e+00 -3.885319999999999823e+02 3.164871784999999704e+02 -3.885319999999999823e+02 3.250533914999999752e+02
2.174999999999999822e+00 -3.880880000000000223e+02 3.161591155000000413e+02 -3.880880000000000223e+02 3.247064144999999940e+02
2.200000000000000178e+00 -3.875919999999999845e+02 3.157919480000000476e+02 -3.875919999999999845e+02 3.243202519999999822e+02
2.225000000000000089e+00 -3.870419999999999732e+02 3.153806685000000130e+02 -3.870419999999999732e+02 3.238899014999999508e+02
2.250000000000000000e+00 -3.864350000000000023e+02 3.149232700000000023e+02 -3.864350000000000023e+02 3.234133700000000431e+02
2.274999999999999911e+00 -3.857669999999999959e+02 3.144167444999999930e+02 -3.857669999999999959e+02 3.228876655000000255e+02
2.299999999999999822e+00 -3.850350000000000250e+02 3.138590854999999920e+02 -3.850350000000000250e+02 3.223108045000000175e+02
2.325000000000000178e+00 -3.842359999999999900e+02 3.132482865000000061e+02 -3.842359999999999900e+02 3.216807934999999929e+02
2.350000000000000089e+00 -3.833679999999999950e+02 3.125813414999999509e+02 -3.833679999999999950e+02 3.209946284999999762e+02
2.375000000000000000e+00 -3.824279999999999973e+02 3.118552444999999693e+02 -3.824279999999999973e+02 3.202493254999999976e+02
2.399999999999999911e+00 -3.814119999999999777e+02 3.110679900000000089e+02 -3.814119999999999777e+02 3.194428899999999771e+02
2.424999999999999822e+00 -3.803199999999999932e+02 3.102185774999999808e+02 -3.803199999999999932e+02 3.185743224999999939e+02
2.450000000000000178e+00 -3.791480000000000246e+02 3.093039880000000039e+02 -3.791480000000000246e+02 3.176406519999999887e+02
2.475000000000000089e+00 -3.778949999999999818e+02 3.083232314999999630e+02 -3.778949999999999818e+02 3.166408584999999789e+02
2.500000000000000000e+00 -3.765579999999999927e+02 3.072732990000000086e+02 -3.765579999999999927e+02 3.155719609999999875e+02
2.524999999999999911e+00 -3.751349999999999909e+02 3.061521869999999694e+02 -3.751349999999999909e+02 3.144319730000000277e+02
2.549999999999999822e+00 -3.736259999999999764e+02 3.049598920000000248e+02 -3.736259999999999764e+02 3.132208880000000022e+02
2.575000000000000178e+00 -3.720280000000000200e+02 3.036944105000000036e+02 -3.720280000000000200e+02 3.119367295000000126e+02
2.600000000000000089e+00 -3.703399999999999750e+02 3.023537400000000162e+02 -3.703399999999999750e+02 3.105774799999999800e+02
2.625000000000000000e+00 -3.685609999999999786e+02 3.009378780000000120e+02 -3.685609999999999786e+02 3.091431620000000180e+02
2.649999999999999911e+00 -3.666899999999999977e+02 2.994448229999999853e+02 -3.666899999999999977e+02 3.076317870000000312e+02
2.674999999999999822e+00 -3.647219999999999800e+02 2.978725719999999910e+02 -3.647219999999999800e+02 3.060413480000000277e+02
2.700000000000000178e+00 -3.626669999999999732e+02 2.962221250000000055e+02 -3.626669999999999732e+02 3.043728549999999586e+02
2.725000000000000089e+00 -3.605149999999999864e+02 2.944924804999999992e+02 -3.605149999999999864e+02 3.026253194999999891e+02
2.750000000000000000e+00 -3.582690000000000055e+02 2.926826369999999997e+02 -3.582690000000000055e+02 3.007977329999999938e+02
2.774999999999999911e+00 -3.559270000000000209e+02 2.907925965000000019e+02 -3.559270000000000209e+02 2.988901234999999588e+02
2.799999999999999822e+00 -3.534909999999999854e+02 2.888213555000000383e+02 -3.534909999999999854e+02 2.969014745000000062e+02
2.825000000000000178e+00 -3.509610000000000127e+02 2.867689164999999889e+02 -3.509610000000000127e+02 2.948318134999999529e+02
2.850000000000000089e+00 -3.483369999999999891e+02 2.846352809999999636e+02 -3.483369999999999891e+02 2.926811289999999985e+02
2.875000000000000000e+00 -3.456190000000000282e+02 2.824214484999999968e+02 -3.456190000000000282e+02 2.904504314999999792e+02
2.899999999999999911e+00 -3.428079999999999927e+02 2.801274275000000102e+02 -3.428079999999999927e+02 2.881397225000000617e+02
2.924999999999999822e+00 -3.399060000000000059e+02 2.777522029999999518e+02 -3.399060000000000059e+02 2.857480170000000044e+02
2.950000000000000178e+00 -3.369130000000000109e+02 2.752997940000000199e+02 -3.369130000000000109e+02 2.832793059999999628e+02
2.975000000000000089e+00 -3.338299999999999841e+02 2.727671990000000051e+02 -3.338299999999999841e+02 2.807306110000000672e+02
3.000000000000000000e+00 -3.306600000000000250e+02 2.701564194999999700e+02 -3.306600000000000250e+02 2.781039104999999836e+02
3.024999999999999911e+00 -3.274019999999999868e+02 2.674684614999999894e+02 -3.274019999999999868e+02 2.754002284999999688e+02
3.049999999999999822e+00 -3.240590000000000259e+02 2.647043280000000323e+02 -3.240590000000000259e+02 2.726205719999999815e+02
3.075000000000000178e+00 -3.206349999999999909e+02 2.618660254999999779e+02 -3.206349999999999909e+02 2.697669244999999592e+02
3.100000000000000089e+00 -3.171290000000000191e+02 2.589555589999999938e+02 -3.171290000000000191e+02 2.668413009999999872e+02
3.125000000000000000e+00 -3.135450000000000159e+02 2.559719355000000007e+02 -3.135450000000000159e+02 2.638426944999999932e+02
3.149999999999999911e+00 -3.098840000000000146e+02 2.529201615000000061e+02 -3.098840000000000146e+02 2.607761184999999955e+02
3.174999999999999822e+00 -3.061499999999999773e+02 2.497992435000000171e+02 -3.061499999999999773e+02 2.576405565000000024e+02
3.200000000000000178e+00 -3.023439999999999941e+02 2.466121909999999957e+02 -3.023439999999999941e+02 2.544390289999999766e+02
3.225000000000000089e+00 -2.984700000000000273e+02 2.433620124999999916e+02 -2.984700000000000273e+02 2.511745274999999822e+02
3.250000000000000000e+00 -2.945310000000000059e+02 2.400507159999999942e+02 -2.945310000000000059e+02 2.478490440000000206e+02
3.274999999999999911e+00 -2.905269999999999868e+02 2.366793150000000026e+02 -2.905269999999999868e+02 2.444635849999999664e+02
3.299999999999999822e+00 -2.864649999999999750e+02 2.332508174999999824e+02 -2.864649999999999750e+02 2.410211424999999963e+02
3.325000000000000178e+00 -2.823469999999999800e+02 2.297692365000000052e+02 -2.823469999999999800e+02 2.375257234999999696e+02
3.350000000000000089e+00 -2.781759999999999877e+02 2.262355839999999887e+02 -2.781759999999999877e+02 2.339783060000000035e+02
3.375000000000000000e+00 -2.739549999999999841e+02 2.226538725000000056e+02 -2.739549999999999841e+02 2.303829075000000159e+02
3.399999999999999911e+00 -2.696879999999999882e+02 2.190271165000000053e+02 -2.696879999999999882e+02 2.267425135000000012e+02
3.424999999999999822e+00 -2.653790000000000191e+02 2.153573290000000213e+02 -2.653790000000000191e+02 2.230591110000000015e+02
3.450000000000000178e+00 -2.610299999999999727e+02 2.116485255000000052e+02 -2.610299999999999727e+02 2.193367044999999962e+02
3.475000000000000089e+00 -2.566460000000000150e+02 2.079037215000000174e+02 -2.566460000000000150e+02 2.155782884999999851e+02
3.500000000000000000e+00 -2.522299999999999898e+02 2.041259324000000106e+02 -2.522299999999999898e+02 2.117868476000000157e+02
3.524999999999999911e+00 -2.477870000000000061e+02 2.003191746500000079e+02 -2.477870000000000061e+02 2.079663753499999927e+02
3.549999999999999822e+00 -2.433189999999999884e+02 1.964854651499999818e+02 -2.433189999999999884e+02 2.041188648499999942e+02
3.575000000000000178e+00 -2.388309999999999889e+02 1.926308210999999915e+02 -2.388309999999999889e+02 2.002503089000000216e+02
3.600000000000000089e+00 -2.343259999999999934e+02 1.887572600500000135e+02 -2.343259999999999934e+02 1.963626999500000068e+02
3.625000000000000000e+00 -2.298079999999999927e+02 1.848677996499999949e+02 -2.298079999999999927e+02 1.924590203500000030e+02
3.649999999999999911e+00 -2.252810000000000059e+02 1.809674579500000107e+02 -2.252810000000000059e+02 1.885442720500000178e+02
3.674999999999999822e+00 -2.207489999999999952e+02 1.770592527499999846e+02 -2.207489999999999952e+02 1.846214272500000106e+02
3.700000000000000178e+00 -2.162160000000000082e+02 1.731462020000000166e+02 -2.162160000000000082e+02 1.806934980000000053e+02
3.725000000000000089e+00 -2.116850000000000023e+02 1.692333239999999819e+02 -2.116850000000000023e+02 1.767654560000000004e+02
3.750000000000000000e+00 -2.071599999999999966e+02 1.653236359999999934e+02 -2.071599999999999966e+02 1.728403040000000033e+02
3.774999999999999911e+00 -2.026450000000000102e+02 1.614201559999999915e+02 -2.026450000000000102e+02 1.689210239999999885e+02
3.799999999999999822e+00 -1.981419999999999959e+02 1.575279005000000154e+02 -1.981419999999999959e+02 1.650125995000000216e+02
3.825000000000000178e+00 -1.936570000000000107e+02 1.536488869999999736e+02 -1.936570000000000107e+02 1.611170329999999922e+02
3.850000000000000089e+00 -1.891920000000000073e+02 1.497881314999999915e+02 -1.891920000000000073e+02 1.572393184999999676e+02
3.875000000000000000e+00 -1.847510000000000048e+02 1.459466489999999794e+02 -1.847510000000000048e+02 1.533804310000000157e+02
3.899999999999999911e+00 -1.803360000000000127e+02 1.421304555000000107e+02 -1.803360000000000127e+02 1.495463745000000131e+02
3.924999999999999822e+00 -1.759519999999999982e+02 1.383415635000000066e+02 -1.759519999999999982e+02 1.457391465000000039e+02
3.950000000000000178e+00 -1.716009999999999991e+02 1.345839880000000051e+02 -1.716009999999999991e+02 1.419627220000000136e+02
3.975000000000000089e+00 -1.672860000000000014e+02 1.308597420000000113e+02 -1.672860000000000014e+02 1.382190980000000025e+02
4.000000000000000000e+00 -1.630109999999999957e+02 1.271718344999999886e+02 -1.630109999999999957e+02 1.345112854999999854e+02
4.025000000000000355e+00 -1.587769999999999868e+02 1.235242764999999991e+02 -1.587769999999999868e+02 1.308432634999999777e+02
4.049999999999999822e+00 -1.545879999999999939e+02 1.199190779999999990e+02 -1.545879999999999939e+02 1.272170319999999890e+02
4.075000000000000178e+00 -1.504470000000000027e+02 1.163582470000000058e+02 -1.504470000000000027e+02 1.236345930000000095e+02
4.099999999999999645e+00 -1.463549999999999898e+02 1.128457910000000055e+02 -1.463549999999999898e+02 1.200999390000000062e+02
4.125000000000000000e+00 -1.423149999999999977e+02 1.093837150000000094e+02 -1.423149999999999977e+02 1.166150650000000013e+02
4.150000000000000355e+00 -1.383290000000000077e+02 1.059730245000000082e+02 -1.383290000000000077e+02 1.131809854999999914e+02
4.174999999999999822e+00 -1.344000000000000057e+02 1.026167220000000100e+02 -1.344000000000000057e+02 1.098006879999999938e+02
4.200000000000000178e+00 -1.305279999999999916e+02 9.931611050000000773e+01 -1.305279999999999916e+02 1.064754795000000058e+02
4.224999999999999645e+00 -1.267159999999999940e+02 9.607379099999999994e+01 -1.267159999999999940e+02 1.032079590000000024e+02
4.250000000000000000e+00 -1.229659999999999940e+02 9.289196300000000406e+01 -1.229659999999999940e+02 1.000003369999999876e+02
4.275000000000000355e+00 -1.192789999999999964e+02 8.977022700000000555e+01 -1.192789999999999964e+02 9.685220300000000293e+01
4.299999999999999822e+00 -1.156560000000000059e+02 8.671087550000000022e+01 -1.156560000000000059e+02 9.376589450000001591e+01
4.325000000000000178e+00 -1.120990000000000038e+02 8.371501299999999901e+01 -1.120990000000000038e+02 9.074247699999999384e+01
4.349999999999999645e+00 -1.086089999999999947e+02 8.078372849999999517e+01 -1.086089999999999947e+02 8.778309149999999761e+01
4.375000000000000000e+00 -1.051860000000000070e+02 7.791781749999999818e+01 -1.051860000000000070e+02 8.488853249999999662e+01
4.400000000000000355e+00 -1.018319999999999936e+02 7.511797500000000127e+01 -1.018319999999999936e+02 8.205951499999999044e+01
4.424999999999999822e+00 -9.854680000000000462e+01 7.238499299999999437e+01 -9.854680000000000462e+01 7.929683700000001068e+01
4.450000000000000178e+00 -9.533159999999999457e+01 6.971906350000000430e+01 -9.533159999999999457e+01 7.660071649999999011e+01
4.474999999999999645e+00 -9.218670000000000186e+01 6.712057699999999727e+01 -9.218670000000000186e+01 7.397157299999999225e+01
4.500000000000000000e+00 -8.911239999999999384e+01 6.458972400000000391e+01 -8.911239999999999384e+01 7.140959599999999341e+01
4.525000000000000355e+00 -8.610899999999999466e+01 6.212649400000000099e+01 -8.610899999999999466e+01 6.891481600000000185e+01
4.549999999999999822e+00 -8.317659999999999343e+01 5.973097700000000287e+01 -8.317659999999999343e+01 6.648734299999999564e+01
4.575000000000000178e+00 -8.031510000000000105e+01 5.740276049999999941e+01 -8.031510000000000105e+01 6.412678950000000100e+01
4.599999999999999645e+00 -7.752460000000000662e+01 5.514153299999999547e+01 -7.752460000000000662e+01 6.183285699999999707e+01
4.625000000000000000e+00 -7.480469999999999686e+01 5.294708250000000049e+01 -7.480469999999999686e+01 5.960537750000000301e+01
4.650000000000000355e+00 -7.215529999999999688e+01 5.081879599999999897e+01 -7.215529999999999688e+01 5.744374399999999525e+01
4.674999999999999822e+00 -6.957580000000000098e+01 4.875596149999999795e+01 -6.957580000000000098e+01 5.534728849999999767e+01
4.700000000000000178e+00 -6.706600000000000250e+01 4.675796549999999741e+01 -6.706600000000000250e+01 5.331541449999999571e+01
4.724999999999999645e+00 -6.462510000000000332e+01 4.482409499999999980e+01 -6.462510000000000332e+01 5.134743500000000438e+01
4.750000000000000000e+00 -6.225269999999999726e+01 4.295333699999999766e+01 -6.225269999999999726e+01 4.944237299999999635e+01
4.775000000000000355e+00 -5.994789999999999708e+01 4.114487849999999725e+01 -5.994789999999999708e+01 4.759943150000000145e+01
4.799999999999999822e+00 -5.771000000000000085e+01 3.939770599999999945e+01 -5.771000000000000085e+01 4.581762400000000213e+01
4.825000000000000178e+00 -5.553829999999999956e+01 3.771080649999999679e+01 -5.553829999999999956e+01 4.409597349999999949e+01
4.849999999999999645e+00 -5.343169999999999931e+01 3.608296799999999394e+01 -5.343169999999999931e+01 4.243328199999999839e+01
4.875000000000000000e+00 -5.138940000000000197e+01 3.451307699999999556e+01 -5.138940000000000197e+01 4.082846299999999928e+01
4.900000000000000355e+00 -4.941040000000000276e+01 3.300002100000000382e+01 -4.941040000000000276e+01 3.928042899999999804e+01
4.924999999999999822e+00 -4.749349999999999739e+01 3.154248850000000104e+01 -4.749349999999999739e+01 3.778790149999999670e+01
4.950000000000000178e+00 -4.563790000000000191e+01 3.013926700000000025e+01 -4.563790000000000191e+01 3.634968299999999886e+01
4.974999999999999645e+00 -4.384219999999999828e+01 2.878904500000000155e+01 -4.384219999999999828e+01 3.496448499999999626e+01
5.000000000000000000e+00 -4.210549999999999926e+01 2.749041150000000044e+01 -4.210549999999999926e+01 3.363091849999999994e+01
5.025000000000000355e+00 -4.042640000000000100e+01 2.624225499999999656e+01 -4.042640000000000100e+01 3.234789500000000118e+01
5.049999999999999822e+00 -3.880389999999999873e+01 2.504306549999999731e+01 -3.880389999999999873e+01 3.111392449999999954e+01
5.075000000000000178e+00 -3.723660000000000281e+01 2.389153250000000028e+01 -3.723660000000000281e+01 2.992770749999999680e+01
5.099999999999999645e+00 -3.572339999999999804e+01 2.278644600000000153e+01 -3.572339999999999804e+01 2.878806399999999854e+01
5.125000000000000000e+00 -3.426299999999999812e+01 2.172619350000000082e+01 -3.426299999999999812e+01 2.769340650000000181e+01
5.150000000000000355e+00 -3.285410000000000252e+01 2.070957349999999764e+01 -3.285410000000000252e+01 2.664252650000000244e+01
5.174999999999999822e+00 -3.149549999999999983e+01 1.973527349999999814e+01 -3.149549999999999983e+01 2.563414649999999995e+01
5.200000000000000178e+00 -3.018580000000000041e+01 1.880188950000000148e+01 -3.018580000000000041e+01 2.466686050000000208e+01
5.224999999999999645e+00 -2.892379999999999995e+01 1.790820550000000111e+01 -2.892379999999999995e+01 2.373947450000000003e+01
5.250000000000000000e+00 -2.770830000000000126e+01 1.705271899999999974e+01 -2.770830000000000126e+01 2.285051100000000091e+01
5.275000000000000355e+00 -2.653790000000000049e+01 1.623422300000000007e+01 -2.653790000000000049e+01 2.199875699999999767e+01
5.299999999999999822e+00 -2.541140000000000043e+01 1.545141049999999971e+01 -2.541140000000000043e+01 2.118293949999999981e+01
5.325000000000000178e+00 -2.432750000000000057e+01 1.470307599999999937e+01 -2.432750000000000057e+01 2.040183400000000091e+01
5.349999999999999645e+00 -2.328500000000000014e+01 1.398801399999999973e+01 -2.328500000000000014e+01 1.965426599999999979e+01
5.375000000000000000e+00 -2.228259999999999863e+01 1.330491950000000045e+01 -2.228259999999999863e+01 1.893893050000000144e+01
5.400000000000000355e+00 -2.131919999999999860e+01 1.265258700000000047e+01 -2.131919999999999860e+01 1.825464300000000151e+01
5.424999999999999822e+00 -2.039339999999999975e+01 1.202991300000000052e+01 -2.039339999999999975e+01 1.760028700000000157e+01
5.450000000000000178e+00 -1.950420000000000087e+01 1.143579249999999981e+01 -1.950420000000000087e+01 1.697476749999999868e+01
5.474999999999999645e+00 -1.865020000000000167e+01 1.086902300000000032e+01 -1.865020000000000167e+01 1.637690700000000277e+01
5.500000000000000000e+00 -1.783050000000000068e+01 1.032850000000000001e+01 -1.783050000000000068e+01 1.580559000000000225e+01
5.525000000000000355e+00 -1.704380000000000095e+01 9.813311500000001075e+00 -1.704380000000000095e+01 1.525990849999999988e+01
5.549999999999999822e+00 -1.628900000000000148e+01 9.322283999999999793e+00 -1.628900000000000148e+01 1.473869600000000091e+01
5.575000000000000178e+00 -1.556509999999999927e+01 8.854475500000001276e+00 -1.556509999999999927e+01 1.424101450000000035e+01
5.599999999999999645e+00 -1.487090000000000067e+01 8.408913500000000596e+00 -1.487090000000000067e+01 1.376588650000000058e+01
5.625000000000000000e+00 -1.420550000000000068e+01 7.984657000000000338e+00 -1.420550000000000068e+01 1.331238300000000052e+01
5.650000000000000355e+00 -1.356770000000000032e+01 7.580803999999999654e+00 -1.356770000000000032e+01 1.287960600000000078e+01
5.674999999999999822e+00 -1.295669999999999966e+01 7.196453499999999615e+00 -1.295669999999999966e+01 1.246664649999999952e+01
5.700000000000000178e+00 -1.237139999999999951e+01 6.830763499999999766e+00 -1.237139999999999951e+01 1.207266650000000041e+01
5.724999999999999645e+00 -1.181080000000000041e+01 6.482914000000000065e+00 -1.181080000000000041e+01 1.169683599999999934e+01
5.750000000000000000e+00 -1.127420000000000044e+01 6.152114499999999708e+00 -1.127420000000000044e+01 1.133838550000000112e+01
5.775000000000000355e+00 -1.076040000000000063e+01 5.837583999999999662e+00 -1.076040000000000063e+01 1.099651599999999974e+01
5.799999999999999822e+00 -1.026880000000000059e+01 5.538602499999999651e+00 -1.026880000000000059e+01 1.067050749999999937e+01
5.825000000000000178e+00 -9.798379999999999868e+00 5.254449500000000661e+00 -9.798379999999999868e+00 1.035964050000000114e+01
5.849999999999999645e+00 -9.348390000000000200e+00 4.984446000000000154e+00 -9.348390000000000200e+00 1.006324400000000097e+01
5.875000000000000000e+00 -8.918010000000000659e+00 4.727931499999999509e+00 -8.918010000000000659e+00 9.780638500000000235e+00
5.900000000000000355e+00 -8.506460000000000576e+00 4.484266499999999489e+00 -8.506460000000000576e+00 9.511193500000000967e+00
5.924999999999999822e+00 -8.112999999999999545e+00 4.252871500000000360e+00 -8.112999999999999545e+00 9.254328499999999735e+00
5.950000000000000178e+00 -7.736909999999999954e+00 4.033136999999999972e+00 -7.736909999999999954e+00 9.009413000000000338e+00
5.974999999999999645e+00 -7.377469999999999750e+00 3.824513500000000121e+00 -7.377469999999999750e+00 8.775916500000001008e+00
6.000000000000000000e+00 -7.034019999999999939e+00 3.626482500000000275e+00 -7.034019999999999939e+00 8.553307500000000729e+00
6.025000000000000355e+00 -6.705899999999999750e+00 3.438514500000000140e+00 -6.705899999999999750e+00 8.341055499999999512e+00
6.049999999999999822e+00 -6.392470000000000319e+00 3.260130000000000194e+00 -6.392470000000000319e+00 8.138680000000000803e+00
6.075000000000000178e+00 -6.093119999999999870e+00 3.090860999999999859e+00 -6.093119999999999870e+00 7.945698999999999401e+00
6.099999999999999645e+00 -5.807260000000000311e+00 2.930247500000000116e+00 -5.807260000000000311e+00 7.761652499999999399e+00
6.125000000000000000e+00 -5.534329999999999750e+00 2.777881000000000267e+00 -5.534329999999999750e+00 7.586128999999999678e+00
6.150000000000000355e+00 -5.273780000000000356e+00 2.633342999999999989e+00 -5.273780000000000356e+00 7.418717000000000006e+00
6.174999999999999822e+00 -5.025079999999999991e+00 2.496234999999999982e+00 -5.025079999999999991e+00 7.258995000000000530e+00
6.200000000000000178e+00 -4.787720000000000198e+00 2.366207100000000008e+00 -4.787720000000000198e+00 7.106632900000001030e+00
6.224999999999999645e+00 -4.561219999999999608e+00 2.242891399999999980e+00 -4.561219999999999608e+00 6.961228600000000100e+00
6.250000000000000000e+00 -4.345100000000000406e+00 2.125949050000000007e+00 -4.345100000000000406e+00 6.822460949999999968e+00
6.275000000000000355e+00 -4.138919999999999710e+00 2.015061300000000166e+00 -4.138919999999999710e+00 6.690008699999999919e+00
6.299999999999999822e+00 -3.942250000000000032e+00 1.909919499999999992e+00 -3.942250000000000032e+00 6.563540500000000222e+00
6.325000000000000178e+00 -3.754659999999999886e+00 1.810234949999999898e+00 -3.754659999999999886e+00 6.442785049999999458e+00
6.349999999999999645e+00 -3.575750000000000206e+00 1.715728949999999919e+00 -3.575750000000000206e+00 6.327441049999999123e+00
6.375000000000000000e+00 -3.405139999999999834e+00 1.626132949999999910e+00 -3.405139999999999834e+00 6.217247050000000108e+00
6.400000000000000355e+00 -3.242459999999999898e+00 1.541198149999999822e+00 -3.242459999999999898e+00 6.111941850000000009e+00
6.424999999999999822e+00 -3.087369999999999948e+00 1.460685900000000093e+00 -3.087369999999999948e+00 6.011294100000000640e+00
6.450000000000000178e+00 -2.939509999999999845e+00 1.384367550000000113e+00 -2.939509999999999845e+00 5.915062449999999750e+00
6.474999999999999645e+00 -2.798569999999999780e+00 1.312034350000000016e+00 -2.798569999999999780e+00 5.823045650000000073e+00
6.500000000000000000e+00 -2.664239999999999942e+00 1.243467600000000006e+00 -2.664239999999999942e+00 5.735002399999999945e+00
6.525000000000000355e+00 -2.536210000000000075e+00 1.178488599999999886e+00 -2.536210000000000075e+00 5.650761399999999490e+00
6.549999999999999822e+00 -2.414200000000000124e+00 1.116888549999999869e+00 -2.414200000000000124e+00 5.570101450000000121e+00
6.575000000000000178e+00 -2.297950000000000159e+00 1.058518650000000116e+00 -2.297950000000000159e+00 5.492881350000000218e+00
6.599999999999999645e+00 -2.187170000000000059e+00 1.003190199999999921e+00 -2.187170000000000059e+00 5.418909800000000665e+00
6.625000000000000000e+00 -2.081640000000000157e+00 9.507633000000000889e-01 -2.081640000000000157e+00 5.348034700000000363e+00
6.650000000000000355e+00 -1.981100000000000083e+00 9.010740500000000708e-01 -1.981100000000000083e+00 5.280089949999999810e+00
6.674999999999999822e+00 -1.885320000000000107e+00 8.539847499999999592e-01 -1.885320000000000107e+00 5.214935249999999911e+00
6.700000000000000178e+00 -1.794100000000000028e+00 8.093595000000000095e-01 -1.794100000000000028e+00 5.152432499999999749e+00
6.724999999999999645e+00 -1.707209999999999894e+00 7.670692999999999540e-01 -1.707209999999999894e+00 5.092450699999999664e+00
6.750000000000000000e+00 -1.624460000000000015e+00 7.269942999999999822e-01 -1.624460000000000015e+00 5.034857700000000769e+00
6.775000000000000355e+00 -1.545649999999999968e+00 6.890173500000000839e-01 -1.545649999999999968e+00 4.979544650000000239e+00
6.799999999999999822e+00 -1.470609999999999973e+00 6.530346999999999680e-01 -1.470609999999999973e+00 4.926395300000000255e+00
6.825000000000000178e+00 -1.399159999999999959e+00 6.189331999999999612e-01 -1.399159999999999959e+00 4.875304799999999439e+00
6.849999999999999645e+00 -1.331129999999999924e+00 5.866178999999999144e-01 -1.331129999999999924e+00 4.826166100000000014e+00
6.875000000000000000e+00 -1.266359999999999930e+00 5.559976500000000099e-01 -1.266359999999999930e+00 4.778886350000000505e+00
6.900000000000000355e+00 -1.204700000000000104e+00 5.269814000000000442e-01 -1.204700000000000104e+00 4.733362599999999532e+00
6.924999999999999822e+00 -1.145999999999999908e+00 4.994870500000000435e-01 -1.145999999999999908e+00 4.689530949999999976e+00
6.950000000000000178e+00 -1.090130000000000043e+00 4.734354000000000062e-01 -1.090130000000000043e+00 4.647300600000000337e+00
6.974999999999999645e+00 -1.036950000000000038e+00 4.487502999999999909e-01 -1.036950000000000038e+00 4.606573699999999327e+00
7.000000000000000000e+00 -9.863300000000000400e-01 4.253606000000000331e-01 -9.863300000000000400e-01 4.567307399999999795e+00
7.025000000000000355e+00 -9.381570000000000187e-01 4.031980499999999745e-01 -9.381570000000000187e-01 4.529411950000000076e+00
7.049999999999999822e+00 -8.923140000000000516e-01 3.821993999999999669e-01 -8.923140000000000516e-01 4.492822600000000222e+00
7.075000000000000178e+00 -8.486900000000000555e-01 3.623033999999999977e-01 -8.486900000000000555e-01 4.457476599999999678e+00
7.099999999999999645e+00 -8.071789999999999798e-01 3.434518000000000293e-01 -8.071789999999999798e-01 4.423324199999999706e+00
7.125000000000000000e+00 -7.676809999999999468e-01 3.255913000000000279e-01 -7.676809999999999468e-01 4.390290699999999546e+00
7.150000000000000355e+00 -7.301010000000000000e-01 3.086685000000000123e-01 -7.301010000000000000e-01 4.358331499999999359e+00
7.174999999999999822e+00 -6.943470000000000475e-01 2.926350999999999813e-01 -6.943470000000000475e-01 4.327406899999999723e+00
7.200000000000000178e+00 -6.603320000000000300e-01 2.774446999999999885e-01 -6.603320000000000300e-01 4.297439299999999740e+00
7.224999999999999645e+00 -6.279740000000000322e-01 2.630520000000000080e-01 -6.279740000000000322e-01 4.268411999999999651e+00
7.250000000000000000e+00 -5.971929999999999739e-01 2.494174500000000128e-01 -5.971929999999999739e-01 4.240254550000000400e+00
7.275000000000000355e+00 -5.679140000000000299e-01 2.364987499999999798e-01 -5.679140000000000299e-01 4.212953249999999983e+00
7.299999999999999822e+00 -5.400650000000000173e-01 2.242593499999999962e-01 -5.400650000000000173e-01 4.186440649999999764e+00
7.325000000000000178e+00 -5.135760000000000325e-01 2.126638500000000154e-01 -5.135760000000000325e-01 4.160700150000000264e+00
7.349999999999999645e+00 -4.883830000000000116e-01 2.016777499999999890e-01 -4.883830000000000116e-01 4.135676249999999499e+00
7.375000000000000000e+00 -4.644229999999999747e-01 1.912696000000000118e-01 -4.644229999999999747e-01 4.111356400000000022e+00
7.400000000000000355e+00 -4.416370000000000018e-01 1.814097499999999807e-01 -4.416370000000000018e-01 4.087700250000000146e+00
7.424999999999999822e+00 -4.199680000000000080e-01 1.720668000000000197e-01 -4.199680000000000080e-01 4.064665200000000311e+00
7.450000000000000178e+00 -3.993619999999999948e-01 1.632161500000000043e-01 -3.993619999999999948e-01 4.042245849999999585e+00
7.474999999999999645e+00 -3.797679999999999945e-01 1.548302500000000026e-01 -3.797679999999999945e-01 4.020393750000000210e+00
7.500000000000000000e+00 -3.611360000000000126e-01 1.468855500000000036e-01 -3.611360000000000126e-01 3.999084449999999791e+00
7.525000000000000355e+00 -3.434200000000000030e-01 1.393573999999999924e-01 -3.434200000000000030e-01 3.978302600000000133e+00
7.549999999999999822e+00 -3.265750000000000042e-01 1.322242000000000139e-01 -3.265750000000000042e-01 3.958025799999999705e+00
7.575000000000000178e+00 -3.105589999999999740e-01 1.254663500000000043e-01 -3.105589999999999740e-01 3.938223650000000298e+00
7.599999999999999645e+00 -2.953310000000000102e-01 1.190632500000000094e-01 -2.953310000000000102e-01 3.918874750000000073e+00
7.625000000000000000e+00 -2.808530000000000193e-01 1.129951999999999901e-01 -2.808530000000000193e-01 3.899958799999999837e+00
7.650000000000000355e+00 -2.670890000000000208e-01 1.072455900000000018e-01 -2.670890000000000208e-01 3.881458410000000026e+00
7.674999999999999822e+00 -2.540020000000000056e-01 1.017967099999999986e-01 -2.540020000000000056e-01 3.863355289999999886e+00
7.700000000000000178e+00 -2.415609999999999979e-01 9.663289499999999643e-02 -2.415609999999999979e-01 3.845643105000000173e+00
7.724999999999999645e+00 -2.297329999999999928e-01 9.173965499999998940e-02 -2.297329999999999928e-01 3.828286744999999769e+00
7.750000000000000000e+00 -2.184889999999999888e-01 8.710128999999999788e-02 -2.184889999999999888e-01 3.811279910000000104e+00
7.775000000000000355e+00 -2.077990000000000115e-01 8.270508999999999500e-02 -2.077990000000000115e-01 3.794599310000000170e+00
7.799999999999999822e+00 -1.976360000000000061e-01 7.853782499999999167e-02 -1.976360000000000061e-01 3.778241174999999785e+00
7.825000000000000178e+00 -1.879740000000000022e-01 7.458747000000000293e-02 -1.879740000000000022e-01 3.762192929999999880e+00
7.849999999999999645e+00 -1.787900000000000045e-01 7.084227499999999622e-02 -1.787900000000000045e-01 3.746442325000000295e+00
7.875000000000000000e+00 -1.700579999999999870e-01 6.729148999999999547e-02 -1.700579999999999870e-01 3.730958109999999994e+00
7.900000000000000355e+00 -1.617560000000000109e-01 6.392454999999999665e-02 -1.617560000000000109e-01 3.715749250000000004e+00
7.924999999999999822e+00 -1.538640000000000008e-01 6.073169499999999527e-02 -1.538640000000000008e-01 3.700805504999999940e+00
7.950000000000000178e+00 -1.463609999999999911e-01 5.770374000000000336e-02 -1.463609999999999911e-01 3.686097259999999931e+00
7.974999999999999645e+00 -1.392279999999999907e-01 5.483169499999999974e-02 -1.392279999999999907e-01 3.671635105000000010e+00
8.000000000000000000e+00 -1.324460000000000082e-01 5.210737500000000438e-02 -1.324460000000000082e-01 3.657400425000000066e+00
8.025000000000000355e+00 -1.259979999999999989e-01 4.952286999999999662e-02 -1.259979999999999989e-01 3.643384930000000299e+00
8.050000000000000711e+00 -1.198670000000000013e-01 4.707067500000000626e-02 -1.198670000000000013e-01 3.629570724999999776e+00
8.074999999999999289e+00 -1.140380000000000005e-01 4.474377000000000215e-02 -1.140380000000000005e-01 3.615970429999999958e+00
8.099999999999999645e+00 -1.084959999999999952e-01 4.253552999999999501e-02 -1.084959999999999952e-01 3.602567070000000093e+00
8.125000000000000000e+00 -1.032259999999999983e-01 4.043962499999999988e-02 -1.032259999999999983e-01 3.589343974999999798e+00
8.150000000000000355e+00 -9.821480000000000488e-02 3.845001999999999448e-02 -9.821480000000000488e-02 3.576304779999999628e+00
8.175000000000000711e+00 -9.344969999999999666e-02 3.656116499999999964e-02 -9.344969999999999666e-02 3.563433634999999988e+00
8.199999999999999289e+00 -8.891830000000000567e-02 3.476761500000000171e-02 -8.891830000000000567e-02 3.550744785000000014e+00
8.224999999999999645e+00 -8.460900000000000365e-02 3.306441499999999978e-02 -8.460900000000000365e-02 3.538202985000000300e+00
8.250000000000000000e+00 -8.051070000000000448e-02 3.144679999999999698e-02 -8.051070000000000448e-02 3.525823200000000046e+00
8.275000000000000355e+00 -7.661300000000000054e-02 2.991019999999999790e-02 -7.661300000000000054e-02 3.513600600000000185e+00
8.300000000000000711e+00 -7.290599999999999858e-02 2.845034499999999841e-02 -7.290599999999999858e-02 3.501520654999999760e+00
8.324999999999999289e+00 -6.937999999999999723e-02 2.706326000000000218e-02 -6.937999999999999723e-02 3.489579140000000024e+00
8.349999999999999645e+00 -6.602619999999999323e-02 2.574515999999999957e-02 -6.602619999999999323e-02 3.477782040000000130e+00
8.375000000000000000e+00 -6.283600000000000296e-02 2.449245499999999978e-02 -6.283600000000000296e-02 3.466105545000000010e+00
8.400000000000000355e+00 -5.980130000000000168e-02 2.330155000000000073e-02 -5.980130000000000168e-02 3.454565850000000271e+00
8.425000000000000711e+00 -5.691430000000000100e-02 2.216955999999999788e-02 -5.691430000000000100e-02 3.443149840000000239e+00
8.449999999999999289e+00 -5.416789999999999800e-02 2.109317000000000136e-02 -5.416789999999999800e-02 3.431844030000000156e+00
8.474999999999999645e+00 -5.155490000000000073e-02 2.006967999999999946e-02 -5.155490000000000073e-02 3.420665520000000015e+00
8.500000000000000000e+00 -4.906880000000000269e-02 1.909628000000000020e-02 -4.906880000000000269e-02 3.409601320000000158e+00
8.525000000000000355e+00 -4.670339999999999908e-02 1.817055999999999880e-02 -4.670339999999999908e-02 3.398638839999999828e+00
8.550000000000000711e+00 -4.445280000000000065e-02 1.728989999999999694e-02 -4.445280000000000065e-02 3.387795300000000065e+00
8.574999999999999289e+00 -4.231109999999999732e-02 1.645217499999999944e-02 -4.231109999999999732e-02 3.377048424999999909e+00
8.599999999999999645e+00 -4.027320000000000205e-02 1.565507000000000010e-02 -4.027320000000000205e-02 3.366405730000000318e+00
8.625000000000000000e+00 -3.833389999999999714e-02 1.489675000000000027e-02 -3.833389999999999714e-02 3.355855249999999845e+00
8.650000000000000355e+00 -3.648830000000000129e-02 1.417509000000000130e-02 -3.648830000000000129e-02 3.345404709999999948e+00
8.675000000000000711e+00 -3.473190000000000305e-02 1.348835500000000048e-02 -3.473190000000000305e-02 3.335052244999999971e+00
8.699999999999999289e+00 -3.306030000000000080e-02 1.283481000000000032e-02 -3.306030000000000080e-02 3.324785989999999636e+00
8.724999999999999645e+00 -3.146940000000000154e-02 1.221280999999999929e-02 -3.146940000000000154e-02 3.314604189999999839e+00
8.750000000000000000e+00 -2.995530000000000068e-02 1.162091999999999986e-02 -2.995530000000000068e-02 3.304515280000000388e+00
8.775000000000000355e+00 -2.851410000000000056e-02 1.105739000000000027e-02 -2.851410000000000056e-02 3.294517410000000091e+00
8.800000000000000711e+00 -2.714249999999999996e-02 1.052117999999999977e-02 -2.714249999999999996e-02 3.284589419999999649e+00
8.824999999999999289e+00 -2.583689999999999945e-02 1.001073999999999888e-02 -2.583689999999999945e-02 3.274749659999999896e+00
8.849999999999999645e+00 -2.459420000000000009e-02 9.524915000000000118e-03 -2.459420000000000009e-02 3.264996884999999960e+00
8.875000000000000000e+00 -2.341129999999999947e-02 9.062449999999999672e-03 -2.341129999999999947e-02 3.255309749999999891e+00
8.900000000000000355e+00 -2.228549999999999975e-02 8.622319999999999290e-03 -2.228549999999999975e-02 3.245707120000000057e+00
8.925000000000000711e+00 -2.121380000000000141e-02 8.203415000000000359e-03 -2.121380000000000141e-02 3.236167825000000331e+00
8.949999999999999289e+00 -2.019369999999999846e-02 7.804735000000000145e-03 -2.019369999999999846e-02 3.226710764999999981e+00
8.974999999999999645e+00 -1.922280000000000169e-02 7.425310000000000937e-03 -1.922280000000000169e-02 3.217324889999999993e+00
9.000000000000000000e+00 -1.829860000000000167e-02 7.064239999999999409e-03 -1.829860000000000167e-02 3.207999239999999919e+00
9.025000000000000355e+00 -1.741890000000000105e-02 6.720649999999999888e-03 -1.741890000000000105e-02 3.198752849999999981e+00
9.050000000000000711e+00 -1.658159999999999842e-02 6.393710500000000102e-03 -1.658159999999999842e-02 3.189574829500000153e+00
9.074999999999999289e+00 -1.578459999999999933e-02 6.082653999999999839e-03 -1.578459999999999933e-02 3.180454345999999877e+00
9.099999999999999645e+00 -1.502599999999999943e-02 5.786733499999999371e-03 -1.502599999999999943e-02 3.171400586499999896e+00
9.125000000000000000e+00 -1.430410000000000015e-02 5.505219999999999905e-03 -1.430410000000000015e-02 3.162412760000000045e+00
9.150000000000000355e+00 -1.361689999999999949e-02 5.237453000000000421e-03 -1.361689999999999949e-02 3.153490146999999855e+00
9.175000000000000711e+00 -1.296289999999999942e-02 4.982770000000000081e-03 -1.296289999999999942e-02 3.144622030000000290e+00
9.199999999999999289e+00 -1.234050000000000077e-02 4.740560499999999303e-03 -1.234050000000000077e-02 3.135817739499999757e+00
9.224999999999999645e+00 -1.174820000000000031e-02 4.510227500000000070e-03 -1.174820000000000031e-02 3.127076632499999675e+00
9.250000000000000000e+00 -1.118450000000000000e-02 4.291227999999999362e-03 -1.118450000000000000e-02 3.118388111999999879e+00
9.275000000000000355e+00 -1.064799999999999948e-02 4.083005500000000398e-03 -1.064799999999999948e-02 3.109761574500000236e+00
9.300000000000000711e+00 -1.013750000000000068e-02 3.885064000000000572e-03 -1.013750000000000068e-02 3.101196476000000146e+00
9.324999999999999289e+00 -9.651730000000000725e-03 3.696905500000000067e-03 -9.651730000000000725e-03 3.092672274499999929e+00
9.349999999999999645e+00 -9.189479999999999871e-03 3.518061999999999752e-03 -9.189479999999999871e-03 3.084218458000000052e+00
9.375000000000000000e+00 -8.749639999999999501e-03 3.348093500000000073e-03 -8.749639999999999501e-03 3.075804546499999681e+00
9.400000000000000355e+00 -8.331119999999999151e-03 3.186560499999999910e-03 -8.331119999999999151e-03 3.067450059500000048e+00
9.425000000000000711e+00 -7.932909999999999615e-03 3.033072999999999846e-03 -7.932909999999999615e-03 3.059154567000000213e+00
9.449999999999999289e+00 -7.554029999999999773e-03 2.887238999999999778e-03 -7.554029999999999773e-03 3.050897641000000160e+00
9.474999999999999645e+00 -7.193559999999999885e-03 2.748677000000000151e-03 -7.193559999999999885e-03 3.042698863000000031e+00
9.500000000000000000e+00 -6.850590000000000152e-03 2.617043999999999794e-03 -6.850590000000000152e-03 3.034547856000000099e+00
9.525000000000000355e+00 -6.524300000000000238e-03 2.491986500000000024e-03 -6.524300000000000238e-03 3.026454233499999980e+00
9.550000000000000711e+00 -6.213879999999999751e-03 2.373190500000000019e-03 -6.213879999999999751e-03 3.018397649500000224e+00
9.574999999999999289e+00 -5.918549999999999853e-03 2.260352499999999931e-03 -5.918549999999999853e-03 3.010397767500000210e+00
9.599999999999999645e+00 -5.637589999999999615e-03 2.153166500000000365e-03 -5.637589999999999615e-03 3.002444253499999771e+00
9.625000000000000000e+00 -5.370309999999999667e-03 2.051346999999999806e-03 -5.370309999999999667e-03 2.994536792999999975e+00
9.650000000000000355e+00 -5.116029999999999710e-03 1.954638999999999769e-03 -5.116029999999999710e-03 2.986665101000000266e+00
9.675000000000000711e+00 -4.874129999999999956e-03 1.862774499999999937e-03 -4.874129999999999956e-03 2.978848885499999710e+00
9.699999999999999289e+00 -4.643999999999999691e-03 1.775517500000000064e-03 -4.643999999999999691e-03 2.971077882500000378e+00
9.724999999999999645e+00 -4.425059999999999757e-03 1.692620499999999886e-03 -4.425059999999999757e-03 2.963351819499999706e+00
9.750000000000000000e+00 -4.216779999999999834e-03 1.613884999999999799e-03 -4.216779999999999834e-03 2.955670474999999797e+00
9.775000000000000355e+00 -4.018629999999999598e-03 1.539082499999999947e-03 -4.018629999999999598e-03 2.948023597500000204e+00
9.800000000000000711e+00 -3.830109999999999851e-03 1.468004999999999874e-03 -3.830109999999999851e-03 2.940430954999999624e+00
9.824999999999999289e+00 -3.650739999999999975e-03 1.400482999999999893e-03 -3.650739999999999975e-03 2.932872356999999930e+00
9.849999999999999645e+00 -3.480089999999999920e-03 1.336316000000000153e-03 -3.480089999999999920e-03 2.925357584000000344e+00
9.875000000000000000e+00 -3.317710000000000190e-03 1.275335000000000054e-03 -3.317710000000000190e-03 2.917886445000000162e+00
9.900000000000000355e+00 -3.163210000000000067e-03 1.217369500000000000e-03 -3.163210000000000067e-03 2.910448750499999626e+00
9.925000000000000711e+00 -3.016179999999999816e-03 1.162268499999999892e-03 -3.016179999999999816e-03 2.903054331500000362e+00
9.949999999999999289e+00 -2.876270000000000215e-03 1.109880499999999891e-03 -2.876270000000000215e-03 2.895703019499999975e+00
9.974999999999999645e+00 -2.743109999999999993e-03 1.060064500000000055e-03 -2.743109999999999993e-03 2.888394655499999963e+00
1.000000000000000000e+01 -2.616380000000000181e-03 1.012679000000000053e-03 -2.616380000000000181e-03 2.881119081000000026e+00
1.002500000000000036e+01 -2.495750000000000138e-03 9.675914999999999126e-04 -2.495750000000000138e-03 2.873886148499999571e+00
1.005000000000000071e+01 -2.380909999999999971e-03 9.246889999999999147e-04 -2.380909999999999971e-03 2.866685731000000015e+00
1.007499999999999929e+01 -2.271580000000000040e-03 8.838510000000000593e-04 -2.271580000000000040e-03 2.859527691000000260e+00
1.009999999999999964e+01 -2.167490000000000215e-03 8.449749999999999796e-04 -2.167490000000000215e-03 2.852411913000000077e+00
1.012500000000000000e+01 -2.068369999999999931e-03 8.079495000000000340e-04 -2.068369999999999931e-03 2.845328274499999921e+00
1.015000000000000036e+01 -1.973980000000000179e-03 7.726755000000000732e-04 -1.973980000000000179e-03 2.838276660499999604e+00
1.017500000000000071e+01 -1.884070000000000059e-03 7.390604999999999961e-04 -1.884070000000000059e-03 2.831266967499999954e+00
1.019999999999999929e+01 -1.798420000000000010e-03 7.070130000000000425e-04 -1.798420000000000010e-03 2.824289092999999973e+00
1.022499999999999964e+01 -1.716819999999999978e-03 6.764505000000000517e-04 -1.716819999999999978e-03 2.817352943499999984e+00
1.025000000000000000e+01 -1.639059999999999909e-03 6.472925000000000033e-04 -1.639059999999999909e-03 2.810448425500000180e+00
1.027500000000000036e+01 -1.564960000000000006e-03 6.194625000000000478e-04 -1.564960000000000006e-03 2.803585453500000213e+00
1.030000000000000071e+01 -1.494330000000000094e-03 5.928929999999999357e-04 -1.494330000000000094e-03 2.796743950999999839e+00
1.032499999999999929e+01 -1.426989999999999943e-03 5.675085000000000502e-04 -1.426989999999999943e-03 2.789943831500000027e+00
1.034999999999999964e+01 -1.362780000000000068e-03 5.432535000000000055e-04 -1.362780000000000068e-03 2.783175030499999814e+00
1.037500000000000000e+01 -1.301550000000000059e-03 5.200640000000000948e-04 -1.301550000000000059e-03 2.776447478000000135e+00
1.040000000000000036e+01 -1.243140000000000000e-03 4.978849999999999942e-04 -1.243140000000000000e-03 2.769751108999999989e+00
1.042500000000000071e+01 -1.187410000000000071e-03 4.766613999999999964e-04 -1.187410000000000071e-03 2.763085860599999943e+00
1.044999999999999929e+01 -1.134239999999999901e-03 4.563456499999999868e-04 -1.134239999999999901e-03 2.756451678349999934e+00
1.047499999999999964e+01 -1.083490000000000104e-03 4.368883499999999791e-04 -1.083490000000000104e-03 2.749848505650000163e+00
1.050000000000000000e+01 -1.035050000000000033e-03 4.182507499999999867e-04 -1.035050000000000033e-03 2.743276297249999995e+00
1.052500000000000036e+01 -9.888010000000000896e-04 4.003842999999999877e-04 -9.888010000000000896e-04 2.736744997700000237e+00
1.055000000000000071e+01 -9.446349999999999842e-04 3.832527999999999976e-04 -9.446349999999999842e-04 2.730244565200000029e+00
1.057499999999999929e+01 -9.024519999999999851e-04 3.668212500000000076e-04 -9.024519999999999851e-04 2.723764958750000353e+00
1.059999999999999964e+01 -8.621549999999999743e-04 3.510553000000000133e-04 -8.621549999999999743e-04 2.717326138699999838e+00
1.062500000000000000e+01 -8.236549999999999601e-04 3.359233000000000097e-04 -8.236549999999999601e-04 2.710918068700000294e+00
1.065000000000000036e+01 -7.868639999999999662e-04 3.213961999999999570e-04 -7.868639999999999662e-04 2.704530713800000097e+00
1.067500000000000071e+01 -7.517020000000000342e-04 3.074471000000000061e-04 -7.517020000000000342e-04 2.698184042899999913e+00
1.069999999999999929e+01 -7.180910000000000201e-04 2.940501500000000158e-04 -7.180910000000000201e-04 2.691868025850000290e+00
1.072499999999999964e+01 -6.859599999999999986e-04 2.811814500000000216e-04 -6.859599999999999986e-04 2.685572634549999727e+00
1.075000000000000000e+01 -6.552389999999999517e-04 2.688190000000000024e-04 -6.552389999999999517e-04 2.679317843000000199e+00
1.077500000000000036e+01 -6.258639999999999559e-04 2.569428499999999857e-04 -6.258639999999999559e-04 2.673083627150000030e+00
1.080000000000000071e+01 -5.977730000000000109e-04 2.455313500000000154e-04 -5.977730000000000109e-04 2.666889962650000001e+00
1.082499999999999929e+01 -5.709069999999999466e-04 2.345713500000000255e-04 -5.709069999999999466e-04 2.660716832649999919e+00
1.084999999999999964e+01 -5.452140000000000285e-04 2.240423499999999912e-04 -5.452140000000000285e-04 2.654574213650000125e+00
1.087500000000000000e+01 -5.206390000000000410e-04 2.139290500000000080e-04 -5.206390000000000410e-04 2.648462086949999961e+00
1.090000000000000036e+01 -4.971339999999999874e-04 2.042177999999999745e-04 -4.971339999999999874e-04 2.642370436199999784e+00
1.092500000000000071e+01 -4.746530000000000107e-04 1.948949500000000067e-04 -4.746530000000000107e-04 2.636319245050000148e+00
1.094999999999999929e+01 -4.531509999999999987e-04 1.859476500000000051e-04 -4.531509999999999987e-04 2.630288498349999671e+00
1.097499999999999964e+01 -4.325870000000000106e-04 1.773621999999999872e-04 -4.325870000000000106e-04 2.624288179800000176e+00
1.100000000000000000e+01 -4.129199999999999971e-04 1.691286999999999923e-04 -4.129199999999999971e-04 2.618308277300000153e+00
1.102500000000000036e+01 -3.941139999999999878e-04 1.612352500000000010e-04 -3.941139999999999878e-04 2.612368776749999899e+00
1.105000000000000071e+01 -3.761309999999999805e-04 1.536709000000000198e-04 -3.761309999999999805e-04 2.606449665099999979e+00
1.107499999999999929e+01 -3.589379999999999979e-04 1.464265999999999983e-04 -3.589379999999999979e-04 2.600550931399999932e+00
1.109999999999999964e+01 -3.425020000000000083e-04 1.394923000000000061e-04 -3.425020000000000083e-04 2.594692563700000232e+00
1.112500000000000000e+01 -3.267920000000000113e-04 1.328568500000000085e-04 -3.267920000000000113e-04 2.588854549150000128e+00
1.115000000000000036e+01 -3.117780000000000226e-04 1.265121999999999981e-04 -3.117780000000000226e-04 2.583036877799999687e+00
1.117500000000000071e+01 -2.974329999999999964e-04 1.204501000000000074e-04 -2.974329999999999964e-04 2.577249539900000386e+00
1.119999999999999929e+01 -2.837270000000000026e-04 1.146593499999999985e-04 -2.837270000000000026e-04 2.571492522649999835e+00
1.122499999999999964e+01 -2.706370000000000043e-04 1.091317499999999941e-04 -2.706370000000000043e-04 2.565765816249999887e+00
1.125000000000000000e+01 -2.581349999999999942e-04 1.038600500000000018e-04 -2.581349999999999942e-04 2.560049411950000131e+00
1.127500000000000036e+01 -2.461990000000000055e-04 9.883390000000000252e-05 -2.461990000000000055e-04 2.554373298100000245e+00
1.130000000000000071e+01 -2.348050000000000126e-04 9.404609999999999392e-05 -2.348050000000000126e-04 2.548717465899999812e+00
1.132499999999999929e+01 -2.239309999999999944e-04 8.948720000000000611e-05 -2.239309999999999944e-04 2.543081904799999737e+00
1.134999999999999964e+01 -2.135550000000000111e-04 8.514864999999999663e-05 -2.135550000000000111e-04 2.537476604750000142e+00
1.137500000000000000e+01 -2.036560000000000030e-04 8.102279999999999953e-05 -2.036560000000000030e-04 2.531891556799999776e+00
1.140000000000000036e+01 -1.942160000000000121e-04 7.710104999999999595e-05 -1.942160000000000121e-04 2.526336751150000115e+00
1.142500000000000071e+01 -1.852129999999999901e-04 7.337510000000000158e-05 -1.852129999999999901e-04 2.520802178299999863e+00
1.144999999999999929e+01 -1.766299999999999945e-04 6.983710000000000937e-05 -1.766299999999999945e-04 2.515297829100000104e+00
1.147499999999999964e+01 -1.684490000000000130e-04 6.647885000000000133e-05 -1.684490000000000130e-04 2.509813694149999996e+00
1.150000000000000000e+01 -1.606520000000000062e-04 6.329245000000000758e-05 -1.606520000000000062e-04 2.504349764550000135e+00
1.152500000000000036e+01 -1.532229999999999931e-04 6.027039999999999812e-05 -1.532229999999999931e-04 2.498916031399999849e+00
1.155000000000000071e+01 -1.461459999999999929e-04 5.740484999999999978e-05 -1.461459999999999929e-04 2.493502485950000125e+00
1.157499999999999929e+01 -1.394040000000000090e-04 5.468864999999999350e-05 -1.394040000000000090e-04 2.488119119749999886e+00
1.159999999999999964e+01 -1.329839999999999993e-04 5.211435000000000020e-05 -1.329839999999999993e-04 2.482745924450000086e+00
1.162500000000000000e+01 -1.268700000000000101e-04 4.967519999999999493e-05 -1.268700000000000101e-04 2.477412891999999811e+00
1.165000000000000036e+01 -1.210489999999999993e-04 4.736434999999999994e-05 -1.210489999999999993e-04 2.472090014650000001e+00
1.167500000000000071e+01 -1.155070000000000039e-04 4.517505000000000381e-05 -1.155070000000000039e-04 2.466797284550000136e+00
1.169999999999999929e+01 -1.102309999999999954e-04 4.310130000000000016e-05 -1.102309999999999954e-04 2.461524694700000016e+00
1.172499999999999964e+01 -1.052100000000000040e-04 4.113680000000000228e-05 -1.052100000000000040e-04 2.456272237799999925e+00
1.175000000000000000e+01 -1.004299999999999990e-04 3.927600000000000139e-05 -1.004299999999999990e-04 2.451039907400000217e+00
1.177500000000000036e+01 -9.588220000000000163e-05 3.751310000000000511e-05 -9.588220000000000163e-05 2.445837696699999952e+00
1.180000000000000071e+01 -9.155419999999999834e-05 3.584309999999999569e-05 -9.155419999999999834e-05 2.440655599699999900e+00
1.182499999999999929e+01 -8.743579999999999386e-05 3.426089500000000225e-05 -8.743579999999999386e-05 2.435493610505000017e+00
1.184999999999999964e+01 -8.351730000000000080e-05 3.276192000000000362e-05 -8.351730000000000080e-05 2.430351723679999854e+00
1.187500000000000000e+01 -7.978920000000000511e-05 3.134153000000000009e-05 -7.978920000000000511e-05 2.425229933670000282e+00
1.190000000000000036e+01 -7.624239999999999360e-05 2.999563000000000338e-05 -7.624239999999999360e-05 2.420138235570000074e+00
1.192500000000000071e+01 -7.286830000000000163e-05 2.872040500000000408e-05 -7.286830000000000163e-05 2.415056624795000051e+00
1.194999999999999929e+01 -6.965880000000000466e-05 2.751224999999999735e-05 -6.965880000000000466e-05 2.410005096949999981e+00
1.197499999999999964e+01 -6.660589999999999870e-05 2.636752499999999959e-05 -6.660589999999999870e-05 2.404973647674999881e+00
1.200000000000000000e+01 -6.370219999999999464e-05 2.528319499999999841e-05 -6.370219999999999464e-05 2.399962273204999885e+00
1.202500000000000036e+01 -6.094069999999999744e-05 2.425619999999999995e-05 -6.094069999999999744e-05 2.394970969800000127e+00
1.205000000000000071e+01 -5.831469999999999921e-05 2.328365499999999891e-05 -5.831469999999999921e-05 2.389999733944999871e+00
1.207499999999999929e+01 -5.581759999999999901e-05 2.236300499999999952e-05 -5.581759999999999901e-05 2.385048562394999738e+00
1.209999999999999964e+01 -5.344339999999999724e-05 2.149173999999999898e-05 -5.344339999999999724e-05 2.380117452059999916e+00
1.212500000000000000e+01 -5.118610000000000109e-05 2.066744500000000114e-05 -5.118610000000000109e-05 2.375216399954999780e+00
1.215000000000000036e+01 -4.904039999999999891e-05 1.988800500000000035e-05 -4.904039999999999891e-05 2.370325403394999864e+00
1.217500000000000071e+01 -4.700069999999999877e-05 1.915129500000000042e-05 -4.700069999999999877e-05 2.365454459705000012e+00
1.219999999999999929e+01 -4.506209999999999670e-05 1.845514499999999862e-05 -4.506209999999999670e-05 2.360613566255000073e+00
1.222499999999999964e+01 -4.321970000000000228e-05 1.779790500000000150e-05 -4.321970000000000228e-05 2.355782720895000182e+00
1.225000000000000000e+01 -4.146869999999999821e-05 1.717741999999999723e-05 -4.146869999999999821e-05 2.350971920980000185e+00
1.227500000000000036e+01 -3.980480000000000216e-05 1.659200000000000309e-05 -3.980480000000000216e-05 2.346181164399999908e+00
1.230000000000000071e+01 -3.822379999999999815e-05 1.603985999999999926e-05 -3.822379999999999815e-05 2.341410448940000055e+00
1.232499999999999929e+01 -3.672090000000000277e-05 1.551930499999999930e-05 -3.672090000000000277e-05 2.336659772495000009e+00
1.234999999999999964e+01 -3.529280000000000199e-05 1.502843000000000038e-05 -3.529280000000000199e-05 2.331929132770000024e+00
1.237500000000000000e+01 -3.393550000000000060e-05 1.456571999999999986e-05 -3.393550000000000060e-05 2.327218527879999943e+00
1.240000000000000036e+01 -3.264519999999999705e-05 1.412945000000000073e-05 -3.264519999999999705e-05 2.322527955750000039e+00
1.242500000000000071e+01 -3.141819999999999677e-05 1.371779499999999899e-05 -3.141819999999999677e-05 2.317857414204999689e+00
1.244999999999999929e+01 -3.025129999999999952e-05 1.332931999999999929e-05 -3.025129999999999952e-05 2.313196901480000012e+00
1.247499999999999964e+01 -2.914100000000000102e-05 1.296227499999999949e-05 -2.914100000000000102e-05 2.308566415525000082e+00
1.250000000000000000e+01 -2.808400000000000081e-05 1.261471500000000074e-05 -2.808400000000000081e-05 2.303945954085000025e+00
1.252500000000000036e+01 -2.707719999999999886e-05 1.228539000000000029e-05 -2.707719999999999886e-05 2.299345515609999779e+00
1.255000000000000071e+01 -2.611759999999999876e-05 1.197253000000000140e-05 -2.611759999999999876e-05 2.294765098070000064e+00
1.257499999999999929e+01 -2.520230000000000094e-05 1.167447499999999972e-05 -2.520230000000000094e-05 2.290204699524999832e+00
1.259999999999999964e+01 -2.432849999999999924e-05 1.138984000000000003e-05 -2.432849999999999924e-05 2.285664318359999836e+00
1.262500000000000000e+01 -2.349340000000000109e-05 1.111697500000000040e-05 -2.349340000000000109e-05 2.281133952624999850e+00
1.265000000000000036e+01 -2.269450000000000099e-05 1.085438499999999958e-05 -2.269450000000000099e-05 2.276623600614999798e+00
1.267500000000000071e+01 -2.192920000000000004e-05 1.060068000000000029e-05 -2.192920000000000004e-05 2.272133260719999992e+00
1.269999999999999929e+01 -2.119519999999999995e-05 1.035456500000000002e-05 -2.119519999999999995e-05 2.267662931435000306e+00
1.272499999999999964e+01 -2.049029999999999930e-05 1.011435000000000083e-05 -2.049029999999999930e-05 2.263202610849999630e+00
1.275000000000000000e+01 -1.981230000000000003e-05 9.879629999999999800e-06 -1.981230000000000003e-05 2.258772298370000264e+00
1.277500000000000036e+01 -1.915910000000000093e-05 9.648500000000000880e-06 -1.915910000000000093e-05 2.254351991900000129e+00
1.280000000000000071e+01 -1.852900000000000166e-05 9.420245000000001487e-06 -1.852900000000000166e-05 2.249941690555000040e+00
1.282499999999999929e+01 -1.792000000000000122e-05 9.193964999999999649e-06 -1.792000000000000122e-05 2.245561393235000036e+00
1.284999999999999964e+01 -1.733069999999999994e-05 8.968595000000000484e-06 -1.733069999999999994e-05 2.241191098804999893e+00
1.287500000000000000e+01 -1.675950000000000107e-05 8.743645000000000207e-06 -1.675950000000000107e-05 2.236840806555000061e+00
1.290000000000000036e+01 -1.620500000000000155e-05 8.518390000000000616e-06 -1.620500000000000155e-05 2.232500515649999961e+00
1.292500000000000071e+01 -1.566599999999999875e-05 8.292360000000001020e-06 -1.566599999999999875e-05 2.228180225500000056e+00
1.294999999999999929e+01 -1.514140000000000042e-05 8.065184999999999252e-06 -1.514140000000000042e-05 2.223879935614999859e+00
1.297499999999999964e+01 -1.463019999999999928e-05 7.836585000000001136e-06 -1.463019999999999928e-05 2.219599645635000229e+00
1.300000000000000000e+01 -1.413139999999999992e-05 7.606395000000000211e-06 -1.413139999999999992e-05 2.215329355305000192e+00
1.302500000000000036e+01 -1.364449999999999955e-05 7.374629999999999220e-06 -1.364449999999999955e-05 2.211079064549999806e+00
1.305000000000000071e+01 -1.316880000000000002e-05 7.141344999999999471e-06 -1.316880000000000002e-05 2.206838773354999894e+00
1.307499999999999929e+01 -1.270370000000000002e-05 6.906694999999999947e-06 -1.270370000000000002e-05 2.202618481845000087e+00
1.309999999999999964e+01 -1.224890000000000058e-05 6.670975000000000110e-06 -1.224890000000000058e-05 2.198418190264999961e+00
1.312500000000000000e+01 -1.180409999999999935e-05 6.434550000000000083e-06 -1.180409999999999935e-05 2.194227898929999920e+00
1.315000000000000036e+01 -1.136909999999999928e-05 6.197854999999999802e-06 -1.136909999999999928e-05 2.190057608264999622e+00
1.317500000000000071e+01 -1.094369999999999993e-05 5.961405000000000566e-06 -1.094369999999999993e-05 2.185897318774999931e+00
1.319999999999999929e+01 -1.052799999999999983e-05 5.725789999999999604e-06 -1.052799999999999983e-05 2.181757031030000071e+00
1.322499999999999964e+01 -1.012200000000000067e-05 5.491660000000000035e-06 -1.012200000000000067e-05 2.177636745700000098e+00
1.325000000000000000e+01 -9.725779999999999571e-06 5.259680000000000098e-06 -9.725779999999999571e-06 2.173526463440000001e+00
1.327500000000000036e+01 -9.339490000000000259e-06 5.030539999999999781e-06 -9.339490000000000259e-06 2.169436184980000348e+00
1.330000000000000071e+01 -8.963340000000000481e-06 4.804999999999999735e-06 -8.963340000000000481e-06 2.165355911080000251e+00
1.332499999999999929e+01 -8.597539999999999680e-06 4.583765000000000150e-06 -8.597539999999999680e-06 2.161295642495000280e+00
1.334999999999999964e+01 -8.242350000000000799e-06 4.367589999999999632e-06 -8.242350000000000799e-06 2.157245380009999991e+00
1.337500000000000000e+01 -7.898040000000000702e-06 4.157175000000000563e-06 -7.898040000000000702e-06 2.153215124344999953e+00
1.340000000000000036e+01 -7.564879999999999643e-06 3.953220499999999939e-06 -7.564879999999999643e-06 2.149194876259500120e+00
1.342500000000000071e+01 -7.243119999999999864e-06 3.756404999999999655e-06 -7.243119999999999864e-06 2.145194636454999859e+00
1.344999999999999929e+01 -6.933020000000000072e-06 3.567313999999999673e-06 -6.933020000000000072e-06 2.141204405566000002e+00
1.347499999999999964e+01 -6.634810000000000263e-06 3.386567999999999862e-06 -6.634810000000000263e-06 2.137234184252000180e+00
1.350000000000000000e+01 -6.348709999999999732e-06 3.214596999999999810e-06 -6.348709999999999732e-06 2.133273972982999922e+00
1.352500000000000036e+01 -6.074869999999999657e-06 3.051861500000000054e-06 -6.074869999999999657e-06 2.129333772258499735e+00
1.355000000000000071e+01 -5.813429999999999667e-06 2.898744499999999941e-06 -5.813429999999999667e-06 2.125403582495499766e+00
1.357499999999999929e+01 -5.564480000000000127e-06 2.755529499999999991e-06 -5.564480000000000127e-06 2.121483404010500173e+00
1.359999999999999964e+01 -5.328059999999999602e-06 2.622414999999999862e-06 -5.328059999999999602e-06 2.117583237044999844e+00
1.362500000000000000e+01 -5.104150000000000081e-06 2.499563499999999908e-06 -5.104150000000000081e-06 2.113703081736500344e+00
1.365000000000000036e+01 -4.892689999999999907e-06 2.386991499999999845e-06 -4.892689999999999907e-06 2.109832938168500149e+00
1.367500000000000071e+01 -4.693560000000000002e-06 2.284671500000000289e-06 -4.693560000000000002e-06 2.105972806308499923e+00
1.369999999999999929e+01 -4.506559999999999929e-06 2.192470000000000203e-06 -4.506559999999999929e-06 2.102132686030000031e+00
1.372499999999999964e+01 -4.331470000000000391e-06 2.110199000000000326e-06 -4.331470000000000391e-06 2.098302577141000214e+00
1.375000000000000000e+01 -4.168009999999999588e-06 2.037575999999999954e-06 -4.168009999999999588e-06 2.094482479363999783e+00
1.377500000000000036e+01 -4.015809999999999588e-06 1.974241000000000162e-06 -4.015809999999999588e-06 2.090682392318999661e+00
1.380000000000000071e+01 -3.874499999999999919e-06 1.919792499999999712e-06 -3.874499999999999919e-06 2.086892315587499880e+00
1.382499999999999929e+01 -3.743620000000000166e-06 1.873733000000000014e-06 -3.743620000000000166e-06 2.083122248647000241e+00
1.384999999999999964e+01 -3.622709999999999913e-06 1.835518500000000238e-06 -3.622709999999999913e-06 2.079362190921499653e+00
1.387500000000000000e+01 -3.511220000000000070e-06 1.804586999999999905e-06 -3.511220000000000070e-06 2.075612141813000022e+00
1.390000000000000036e+01 -3.408619999999999986e-06 1.780300499999999829e-06 -3.408619999999999986e-06 2.071882100639500290e+00
1.392500000000000071e+01 -3.314310000000000036e-06 1.761982999999999983e-06 -3.314310000000000036e-06 2.068162066677000421e+00
1.394999999999999929e+01 -3.227679999999999902e-06 1.748969999999999918e-06 -3.227679999999999902e-06 2.064452039209999867e+00
1.397499999999999964e+01 -3.148129999999999960e-06 1.740530000000000088e-06 -3.148129999999999960e-06 2.060762017450000094e+00
1.400000000000000000e+01 -3.075019999999999910e-06 1.735974000000000110e-06 -3.075019999999999910e-06 2.057082000645999997e+00
1.402500000000000036e+01 -3.007700000000000019e-06 1.734572999999999977e-06 -3.007700000000000019e-06 2.053421988006999932e+00
1.405000000000000071e+01 -2.945550000000000115e-06 1.735639500000000088e-06 -2.945550000000000115e-06 2.049761978780499927e+00
1.407499999999999929e+01 -2.887940000000000170e-06 1.738458499999999976e-06 -2.887940000000000170e-06 2.046121972181500048e+00
1.409999999999999964e+01 -2.834259999999999864e-06 1.742382999999999992e-06 -2.834259999999999864e-06 2.042491967496999905e+00
1.412500000000000000e+01 -2.783919999999999851e-06 1.746768500000000028e-06 -2.783919999999999851e-06 2.038881964011499903e+00
1.415000000000000036e+01 -2.736359999999999920e-06 1.751009000000000086e-06 -2.736359999999999920e-06 2.035281961051000010e+00
1.417500000000000071e+01 -2.691039999999999988e-06 1.754558499999999915e-06 -2.691039999999999988e-06 2.031691958001500264e+00
1.419999999999999929e+01 -2.647459999999999806e-06 1.756900499999999977e-06 -2.647459999999999806e-06 2.028111954279499862e+00
1.422499999999999964e+01 -2.605159999999999804e-06 1.757576999999999910e-06 -2.605159999999999804e-06 2.024541949362999915e+00
1.425000000000000000e+01 -2.563719999999999825e-06 1.756197999999999961e-06 -2.563719999999999825e-06 2.020991942802000008e+00
1.427500000000000036e+01 -2.522759999999999966e-06 1.752415999999999960e-06 -2.522759999999999966e-06 2.017451934184000262e+00
1.430000000000000071e+01 -2.481979999999999994e-06 1.745945999999999877e-06 -2.481979999999999994e-06 2.013931923174000271e+00
1.432499999999999929e+01 -2.441069999999999822e-06 1.736584000000000008e-06 -2.441069999999999822e-06 2.010411909515999795e+00
1.434999999999999964e+01 -2.399829999999999857e-06 1.724174000000000071e-06 -2.399829999999999857e-06 2.006911893005999925e+00
1.437500000000000000e+01 -2.358069999999999939e-06 1.708616499999999966e-06 -2.358069999999999939e-06 2.003421873503500095e+00
1.440000000000000036e+01 -2.315670000000000141e-06 1.689900500000000025e-06 -2.315670000000000141e-06 1.999941850959499945e+00
1.442500000000000071e+01 -2.272559999999999804e-06 1.668062500000000091e-06 -2.272559999999999804e-06 1.996471825377500009e+00
1.444999999999999929e+01 -2.228699999999999939e-06 1.643196499999999794e-06 -2.228699999999999939e-06 1.993021796823500003e+00
1.447499999999999964e+01 -2.184139999999999810e-06 1.615442999999999942e-06 -2.184139999999999810e-06 1.989581765416999826e+00
1.450000000000000000e+01 -2.138909999999999821e-06 1.585010999999999951e-06 -2.138909999999999821e-06 1.986151731349000027e+00
1.452500000000000036e+01 -2.093140000000000173e-06 1.552157000000000020e-06 -2.093140000000000173e-06 1.982731694863000049e+00
1.455000000000000071e+01 -2.046970000000000071e-06 1.517175000000000005e-06 -2.046970000000000071e-06 1.979321656245000005e+00
1.457499999999999929e+01 -2.000569999999999973e-06 1.480385499999999965e-06 -2.000569999999999973e-06 1.975931615814499942e+00
1.459999999999999964e+01 -1.954160000000000023e-06 1.442158499999999950e-06 -1.954160000000000023e-06 1.972541573941499982e+00
1.462500000000000000e+01 -1.907980000000000069e-06 1.402891500000000026e-06 -1.907980000000000069e-06 1.969171531028500066e+00
1.465000000000000036e+01 -1.862269999999999959e-06 1.362990000000000057e-06 -1.862269999999999959e-06 1.965811487490000120e+00
1.467500000000000071e+01 -1.817320000000000076e-06 1.322877500000000194e-06 -1.817320000000000076e-06 1.962461443762500091e+00
1.469999999999999929e+01 -1.773410000000000102e-06 1.283007000000000022e-06 -1.773410000000000102e-06 1.959131400313000038e+00
1.472499999999999964e+01 -1.730840000000000059e-06 1.243799499999999940e-06 -1.730840000000000059e-06 1.955801357580500000e+00
1.475000000000000000e+01 -1.689920000000000034e-06 1.205706000000000116e-06 -1.689920000000000034e-06 1.952481316033999992e+00
1.477500000000000036e+01 -1.650910000000000004e-06 1.169154999999999989e-06 -1.650910000000000004e-06 1.949181276124999806e+00
1.480000000000000071e+01 -1.614069999999999947e-06 1.134546500000000014e-06 -1.614069999999999947e-06 1.945891238273499857e+00
1.482499999999999929e+01 -1.579749999999999994e-06 1.102278999999999861e-06 -1.579749999999999994e-06 1.942611202900999867e+00
1.484999999999999964e+01 -1.548179999999999931e-06 1.072721699999999853e-06 -1.548179999999999931e-06 1.939341170398300118e+00
1.487500000000000000e+01 -1.519600000000000028e-06 1.046223350000000036e-06 -1.519600000000000028e-06 1.936081141136650086e+00
1.490000000000000036e+01 -1.494230000000000007e-06 1.023083500000000070e-06 -1.494230000000000007e-06 1.932831115436500102e+00
1.492500000000000071e+01 -1.472260000000000029e-06 1.003562399999999992e-06 -1.472260000000000029e-06 1.929591093577599947e+00
1.494999999999999929e+01 -1.453850000000000065e-06 9.879011000000000713e-07 -1.453850000000000065e-06 1.926361075818900037e+00
1.497499999999999964e+01 -1.439139999999999955e-06 9.762912999999998610e-07 -1.439139999999999955e-06 1.923151062368699815e+00
1.500000000000000000e+01 -1.428229999999999919e-06 9.688562500000000634e-07 -1.428229999999999919e-06 1.919941053363749983e+00
1.502500000000000036e+01 -1.421170000000000066e-06 9.657103999999999519e-07 -1.421170000000000066e-06 1.916751048929600021e+00
1.505000000000000071e+01 -1.418000000000000018e-06 9.668995500000000708e-07 -1.418000000000000018e-06 1.913561049120449997e+00
1.507499999999999929e+01 -1.418709999999999924e-06 9.724110999999998181e-07 -1.418709999999999924e-06 1.910391053928899963e+00
1.509999999999999964e+01 -1.423250000000000095e-06 9.822038499999998778e-07 -1.423250000000000095e-06 1.907231063316149999e+00
1.512500000000000000e+01 -1.431540000000000019e-06 9.961984499999999759e-07 -1.431540000000000019e-06 1.904081077201549954e+00
1.515000000000000036e+01 -1.443449999999999919e-06 1.014257000000000054e-06 -1.443449999999999919e-06 1.900931095443000096e+00
1.517500000000000071e+01 -1.458839999999999953e-06 1.036163349999999958e-06 -1.458839999999999953e-06 1.897801117816649841e+00
1.519999999999999929e+01 -1.477530000000000023e-06 1.061722949999999962e-06 -1.477530000000000023e-06 1.894681144117049909e+00
1.522499999999999964e+01 -1.499299999999999985e-06 1.090662799999999940e-06 -1.499299999999999985e-06 1.891571174057199878e+00
1.525000000000000000e+01 -1.523880000000000011e-06 1.122701100000000034e-06 -1.523880000000000011e-06 1.888471207338900060e+00
1.527500000000000036e+01 -1.551009999999999910e-06 1.157498550000000175e-06 -1.551009999999999910e-06 1.885381243601450096e+00
1.530000000000000071e+01 -1.580399999999999937e-06 1.194696050000000042e-06 -1.580399999999999937e-06 1.882301282463950010e+00
1.532499999999999929e+01 -1.611729999999999941e-06 1.233905949999999936e-06 -1.611729999999999941e-06 1.879231323514049867e+00
1.534999999999999964e+01 -1.644660000000000064e-06 1.274721850000000115e-06 -1.644660000000000064e-06 1.876171366318149847e+00
1.537500000000000000e+01 -1.678839999999999964e-06 1.316727999999999957e-06 -1.678839999999999964e-06 1.873121410431999978e+00
1.540000000000000036e+01 -1.713919999999999931e-06 1.359489699999999977e-06 -1.713919999999999931e-06 1.870071455390299953e+00
1.542500000000000071e+01 -1.749520000000000065e-06 1.402572649999999811e-06 -1.749520000000000065e-06 1.867041500727349979e+00
1.544999999999999929e+01 -1.785290000000000020e-06 1.445522999999999966e-06 -1.785290000000000020e-06 1.864021545956999981e+00
1.547499999999999964e+01 -1.820849999999999897e-06 1.487906999999999957e-06 -1.820849999999999897e-06 1.861011590613000033e+00
1.550000000000000000e+01 -1.855839999999999921e-06 1.529301000000000149e-06 -1.855839999999999921e-06 1.858011634238999843e+00
1.552500000000000036e+01 -1.889909999999999961e-06 1.569261500000000052e-06 -1.889909999999999961e-06 1.855021676358499905e+00
1.555000000000000071e+01 -1.922719999999999948e-06 1.607393499999999986e-06 -1.922719999999999948e-06 1.852041716546499961e+00
1.557499999999999929e+01 -1.953939999999999880e-06 1.643303499999999995e-06 -1.953939999999999880e-06 1.849061754376500000e+00
1.559999999999999964e+01 -1.983270000000000156e-06 1.676634500000000176e-06 -1.983270000000000156e-06 1.846101789465500076e+00
1.562500000000000000e+01 -2.010419999999999972e-06 1.707041500000000112e-06 -2.010419999999999972e-06 1.843151821438500093e+00
1.565000000000000036e+01 -2.035130000000000198e-06 1.734206500000000131e-06 -2.035130000000000198e-06 1.840201849953500002e+00
1.567500000000000071e+01 -2.057179999999999843e-06 1.757861000000000126e-06 -2.057179999999999843e-06 1.837271874718999998e+00
1.569999999999999929e+01 -2.076359999999999887e-06 1.777754999999999973e-06 -2.076359999999999887e-06 1.834341895465000150e+00
1.572499999999999964e+01 -2.092490000000000018e-06 1.793697999999999814e-06 -2.092490000000000018e-06 1.831421911982000106e+00
1.575000000000000000e+01 -2.105440000000000038e-06 1.805485999999999945e-06 -2.105440000000000038e-06 1.828521924053999825e+00
1.577500000000000036e+01 -2.115110000000000151e-06 1.813045000000000020e-06 -2.115110000000000151e-06 1.825621931594999969e+00
1.580000000000000071e+01 -2.121439999999999970e-06 1.816269499999999984e-06 -2.121439999999999970e-06 1.822731934490499972e+00
1.582499999999999929e+01 -2.124399999999999938e-06 1.815120000000000123e-06 -2.124399999999999938e-06 1.819851932700000008e+00
1.584999999999999964e+01 -2.123990000000000056e-06 1.809587999999999885e-06 -2.123990000000000056e-06 1.816981926211999943e+00
1.587500000000000000e+01 -2.120260000000000008e-06 1.799740499999999849e-06 -2.120260000000000008e-06 1.814121915099500049e+00
1.590000000000000036e+01 -2.113289999999999887e-06 1.785645499999999987e-06 -2.113289999999999887e-06 1.811271899434499844e+00
1.592500000000000071e+01 -2.103200000000000040e-06 1.767447000000000037e-06 -2.103200000000000040e-06 1.808421879372999808e+00
1.594999999999999929e+01 -2.090149999999999800e-06 1.745317499999999998e-06 -2.090149999999999800e-06 1.805591855102500087e+00
1.597499999999999964e+01 -2.074310000000000050e-06 1.719458999999999939e-06 -2.074310000000000050e-06 1.802761826840999948e+00
1.600000000000000000e+01 -2.055930000000000067e-06 1.690110499999999893e-06 -2.055930000000000067e-06 1.799951794849499853e+00
1.602499999999999858e+01 -2.035250000000000123e-06 1.657559999999999975e-06 -2.035250000000000123e-06 1.797141759439999875e+00
1.605000000000000071e+01 -2.012560000000000175e-06 1.622123949999999951e-06 -2.012560000000000175e-06 1.794341720956050157e+00
1.607499999999999929e+01 -1.988139999999999908e-06 1.584147599999999878e-06 -1.988139999999999908e-06 1.791551679772400041e+00
1.610000000000000142e+01 -1.962340000000000087e-06 1.543994350000000001e-06 -1.962340000000000087e-06 1.788771636285650057e+00
1.612500000000000000e+01 -1.935510000000000210e-06 1.502076950000000015e-06 -1.935510000000000210e-06 1.785991590943049934e+00
1.614999999999999858e+01 -1.908030000000000178e-06 1.458806999999999889e-06 -1.908030000000000178e-06 1.783231544193000007e+00
1.617500000000000071e+01 -1.880280000000000105e-06 1.414605249999999961e-06 -1.880280000000000105e-06 1.780471496494749895e+00
1.619999999999999929e+01 -1.852660000000000021e-06 1.369951850000000049e-06 -1.852660000000000021e-06 1.777731448368150113e+00
1.622500000000000142e+01 -1.825590000000000084e-06 1.325286250000000139e-06 -1.825590000000000084e-06 1.774991400293750132e+00
1.625000000000000000e+01 -1.799479999999999964e-06 1.281077649999999927e-06 -1.799479999999999964e-06 1.772261352782349864e+00
1.627499999999999858e+01 -1.774760000000000098e-06 1.237795000000000106e-06 -1.774760000000000098e-06 1.769531306344999999e+00
1.630000000000000071e+01 -1.751850000000000007e-06 1.195917199999999985e-06 -1.751850000000000007e-06 1.766821261502800056e+00
1.632499999999999929e+01 -1.731170000000000063e-06 1.155923300000000050e-06 -1.731170000000000063e-06 1.764111218776700074e+00
1.635000000000000142e+01 -1.713129999999999935e-06 1.118262600000000017e-06 -1.713129999999999935e-06 1.761421178657399889e+00
1.637500000000000000e+01 -1.698139999999999932e-06 1.083394900000000002e-06 -1.698139999999999932e-06 1.758731141645099916e+00
1.639999999999999858e+01 -1.686590000000000017e-06 1.051770600000000113e-06 -1.686590000000000017e-06 1.756051108229400137e+00
1.642500000000000071e+01 -1.678860000000000092e-06 1.023810700000000111e-06 -1.678860000000000092e-06 1.753371078869299993e+00
1.644999999999999929e+01 -1.675300000000000079e-06 9.999176000000000519e-07 -1.675300000000000079e-06 1.750711054002400013e+00
1.647500000000000142e+01 -1.676269999999999961e-06 9.804738499999999808e-07 -1.676269999999999961e-06 1.748051034046150143e+00
1.650000000000000000e+01 -1.682080000000000038e-06 9.658529999999999071e-07 -1.682080000000000038e-06 1.745401019405000032e+00
1.652499999999999858e+01 -1.693020000000000055e-06 9.563733999999999259e-07 -1.693020000000000055e-06 1.742761010426600032e+00
1.655000000000000071e+01 -1.709360000000000055e-06 9.523559499999999590e-07 -1.709360000000000055e-06 1.740131007458050050e+00
1.657499999999999929e+01 -1.731360000000000013e-06 9.540727999999999060e-07 -1.731360000000000013e-06 1.737511010795200095e+00
1.660000000000000142e+01 -1.759210000000000094e-06 9.617701000000000076e-07 -1.759210000000000094e-06 1.734891020703900111e+00
1.662500000000000000e+01 -1.793100000000000035e-06 9.756632500000001322e-07 -1.793100000000000035e-06 1.732281037416750102e+00
1.664999999999999858e+01 -1.833179999999999955e-06 9.959223499999998296e-07 -1.833179999999999955e-06 1.729681061117650076e+00
1.667500000000000071e+01 -1.879569999999999989e-06 1.022685300000000005e-06 -1.879569999999999989e-06 1.727091091954700008e+00
1.669999999999999929e+01 -1.932339999999999951e-06 1.056068749999999866e-06 -1.932339999999999951e-06 1.724501130051249831e+00
1.672500000000000142e+01 -1.991550000000000016e-06 1.096141000000000048e-06 -1.991550000000000016e-06 1.721921175478999810e+00
1.675000000000000000e+01 -2.057209999999999824e-06 1.142942250000000051e-06 -2.057209999999999824e-06 1.719351228277749888e+00
1.677499999999999858e+01 -2.129300000000000095e-06 1.196444449999999981e-06 -2.129300000000000095e-06 1.716791288415550065e+00
1.680000000000000071e+01 -2.207769999999999870e-06 1.256641449999999974e-06 -2.207769999999999870e-06 1.714241355878550088e+00
1.682499999999999929e+01 -2.292539999999999907e-06 1.323438499999999797e-06 -2.292539999999999907e-06 1.711691430561499860e+00
1.685000000000000142e+01 -2.383480000000000006e-06 1.396732500000000056e-06 -2.383480000000000006e-06 1.709151512347499846e+00
1.687500000000000000e+01 -2.480439999999999836e-06 1.476382500000000005e-06 -2.480439999999999836e-06 1.706621601077499939e+00
1.689999999999999858e+01 -2.583249999999999789e-06 1.562209000000000089e-06 -2.583249999999999789e-06 1.704091696551000013e+00
1.692500000000000071e+01 -2.691670000000000014e-06 1.654012999999999896e-06 -2.691670000000000014e-06 1.701571798547000025e+00
1.694999999999999929e+01 -2.805489999999999799e-06 1.751548500000000049e-06 -2.805489999999999799e-06 1.699061906791500043e+00
1.697500000000000142e+01 -2.924429999999999883e-06 1.854540000000000035e-06 -2.924429999999999883e-06 1.696562020980000085e+00
1.700000000000000000e+01 -3.048190000000000033e-06 1.962722500000000163e-06 -3.048190000000000033e-06 1.694072140817499905e+00
1.702499999999999858e+01 -3.176470000000000014e-06 2.075773999999999804e-06 -3.176470000000000014e-06 1.691582265946000030e+00
1.705000000000000071e+01 -3.308910000000000054e-06 2.193342000000000133e-06 -3.308910000000000054e-06 1.689102395978000049e+00
1.707499999999999929e+01 -3.445170000000000085e-06 2.315075499999999719e-06 -3.445170000000000085e-06 1.686632530524500018e+00
1.710000000000000142e+01 -3.584870000000000204e-06 2.440594500000000355e-06 -3.584870000000000204e-06 1.684162669165500059e+00
1.712500000000000000e+01 -3.727619999999999811e-06 2.569529000000000297e-06 -3.727619999999999811e-06 1.681702811490999983e+00
1.714999999999999858e+01 -3.873000000000000018e-06 2.701430500000000190e-06 -3.873000000000000018e-06 1.679252957009499836e+00
1.717500000000000071e+01 -4.020609999999999949e-06 2.835890499999999661e-06 -4.020609999999999949e-06 1.676813105269499893e+00
1.719999999999999929e+01 -4.170019999999999590e-06 2.972490000000000063e-06 -4.170019999999999590e-06 1.674373255809999961e+00
1.722500000000000142e+01 -4.320779999999999651e-06 3.110792999999999948e-06 -4.320779999999999651e-06 1.671943408146999932e+00
1.725000000000000000e+01 -4.472470000000000396e-06 3.250350499999999840e-06 -4.472470000000000396e-06 1.669523561789499899e+00
1.727499999999999858e+01 -4.624649999999999844e-06 3.390715499999999893e-06 -4.624649999999999844e-06 1.667103716244499934e+00
1.730000000000000071e+01 -4.776859999999999696e-06 3.531449500000000179e-06 -4.776859999999999696e-06 1.664693871030499928e+00
1.732499999999999929e+01 -4.928659999999999666e-06 3.672104999999999886e-06 -4.928659999999999666e-06 1.662294025655000063e+00
1.735000000000000142e+01 -5.079630000000000018e-06 3.812253500000000210e-06 -5.079630000000000018e-06 1.659894179646500101e+00
1.737500000000000000e+01 -5.229309999999999913e-06 3.951436000000000126e-06 -5.229309999999999913e-06 1.657514332504000043e+00
1.739999999999999858e+01 -5.377290000000000315e-06 4.089244499999999808e-06 -5.377290000000000315e-06 1.655124483775499922e+00
1.742500000000000071e+01 -5.523139999999999944e-06 4.225257500000000432e-06 -5.523139999999999944e-06 1.652754633002500029e+00
1.744999999999999929e+01 -5.666459999999999615e-06 4.359055999999999960e-06 -5.666459999999999615e-06 1.650384779723999884e+00
1.747500000000000142e+01 -5.806850000000000146e-06 4.490258499999999828e-06 -5.806850000000000146e-06 1.648024923521500096e+00
1.750000000000000000e+01 -5.943919999999999666e-06 4.618471999999999985e-06 -5.943919999999999666e-06 1.645675063968000007e+00
1.752499999999999858e+01 -6.077319999999999947e-06 4.743340499999999923e-06 -6.077319999999999947e-06 1.643325200679499831e+00
1.755000000000000071e+01 -6.206669999999999818e-06 4.864522499999999638e-06 -6.206669999999999818e-06 1.640985333257500178e+00
1.757499999999999929e+01 -6.331659999999999616e-06 4.981670499999999385e-06 -6.331659999999999616e-06 1.638645461349500065e+00
1.760000000000000142e+01 -6.451950000000000119e-06 5.094472499999999867e-06 -6.451950000000000119e-06 1.636325584607499994e+00
1.762500000000000000e+01 -6.567260000000000376e-06 5.202662000000000401e-06 -6.567260000000000376e-06 1.633995702738000100e+00
1.764999999999999858e+01 -6.677299999999999580e-06 5.306020000000000234e-06 -6.677299999999999580e-06 1.631685815500000025e+00
1.767500000000000071e+01 -6.781809999999999872e-06 5.404118500000000257e-06 -6.781809999999999872e-06 1.629375922441500091e+00
1.769999999999999929e+01 -6.880560000000000408e-06 5.496737000000000630e-06 -6.880560000000000408e-06 1.627076023322999943e+00
1.772500000000000142e+01 -6.973330000000000199e-06 5.583854000000000020e-06 -6.973330000000000199e-06 1.624786118105999932e+00
1.775000000000000000e+01 -7.059919999999999653e-06 5.665186000000000447e-06 -7.059919999999999653e-06 1.622496206494000059e+00
1.777499999999999858e+01 -7.140170000000000283e-06 5.740570499999999860e-06 -7.140170000000000283e-06 1.620216288309499930e+00
1.780000000000000071e+01 -7.213920000000000212e-06 5.809861499999999736e-06 -7.213920000000000212e-06 1.617936363398499999e+00
1.782499999999999929e+01 -7.281039999999999664e-06 5.872953000000000113e-06 -7.281039999999999664e-06 1.615666431647000190e+00
1.785000000000000142e+01 -7.341420000000000262e-06 5.929728000000000090e-06 -7.341420000000000262e-06 1.613406492932000003e+00
1.787500000000000000e+01 -7.395000000000000348e-06 5.980127499999999945e-06 -7.395000000000000348e-06 1.611146547192499945e+00
1.789999999999999858e+01 -7.441760000000000219e-06 6.024092999999999652e-06 -7.441760000000000219e-06 1.608896594366999944e+00
1.792500000000000071e+01 -7.481550000000000392e-06 6.061593500000000259e-06 -7.481550000000000392e-06 1.606656634426499863e+00
1.794999999999999929e+01 -7.514399999999999578e-06 6.092626999999999596e-06 -7.514399999999999578e-06 1.604416667372999816e+00
1.797500000000000142e+01 -7.540310000000000317e-06 6.117181499999999870e-06 -7.540310000000000317e-06 1.602186693198500045e+00
1.800000000000000000e+01 -7.559299999999999775e-06 6.135303499999999932e-06 -7.559299999999999775e-06 1.599956711956499911e+00
1.802499999999999858e+01 -7.571419999999999754e-06 6.147038999999999779e-06 -7.571419999999999754e-06 1.597736723701000061e+00
1.805000000000000071e+01 -7.576709999999999664e-06 6.152441999999999632e-06 -7.576709999999999664e-06 1.595526728498000146e+00
1.807499999999999929e+01 -7.575259999999999873e-06 6.151596500000000116e-06 -7.575259999999999873e-06 1.593316726443499975e+00
1.810000000000000142e+01 -7.567159999999999899e-06 6.144616500000000566e-06 -7.567159999999999899e-06 1.591116717663499935e+00
1.812500000000000000e+01 -7.552509999999999963e-06 6.131594000000000132e-06 -7.552509999999999963e-06 1.588926702266000079e+00
1.814999999999999858e+01 -7.531439999999999842e-06 6.112680999999999624e-06 -7.531439999999999842e-06 1.586736680418999956e+00
1.817500000000000071e+01 -7.504070000000000305e-06 6.087998999999999748e-06 -7.504070000000000305e-06 1.584556652260999954e+00
1.819999999999999929e+01 -7.470580000000000394e-06 6.057707999999999837e-06 -7.470580000000000394e-06 1.582376617972000021e+00
1.822500000000000142e+01 -7.431109999999999737e-06 6.021979499999999863e-06 -7.431109999999999737e-06 1.580206577740500107e+00
1.825000000000000000e+01 -7.385839999999999914e-06 5.980992000000000621e-06 -7.385839999999999914e-06 1.578046531768000138e+00
1.827499999999999858e+01 -7.334949999999999966e-06 5.934945000000000315e-06 -7.334949999999999966e-06 1.575886480274999890e+00
1.830000000000000071e+01 -7.278640000000000331e-06 5.883988999999999815e-06 -7.278640000000000331e-06 1.573726423430999999e+00
1.832499999999999929e+01 -7.217099999999999900e-06 5.828362499999999883e-06 -7.217099999999999900e-06 1.571586361497500084e+00
1.835000000000000142e+01 -7.150570000000000217e-06 5.768253499999999778e-06 -7.150570000000000217e-06 1.569446294686499987e+00
1.837500000000000000e+01 -7.079230000000000321e-06 5.703890500000000408e-06 -7.079230000000000321e-06 1.567306223249499864e+00
1.839999999999999858e+01 -7.003320000000000060e-06 5.635492499999999983e-06 -7.003320000000000060e-06 1.565176147427499886e+00
1.842500000000000071e+01 -6.923059999999999578e-06 5.563267000000000314e-06 -6.923059999999999578e-06 1.563056067453000075e+00
1.844999999999999929e+01 -6.838690000000000418e-06 5.487463000000000014e-06 -6.838690000000000418e-06 1.560935983597000032e+00
1.847500000000000142e+01 -6.750430000000000182e-06 5.408278000000000195e-06 -6.750430000000000182e-06 1.558825896082000062e+00
1.850000000000000000e+01 -6.658520000000000413e-06 5.325932499999999850e-06 -6.658520000000000413e-06 1.556715805147500076e+00
1.852499999999999858e+01 -6.563190000000000260e-06 5.240711000000000585e-06 -6.563190000000000260e-06 1.554615711108999987e+00
1.855000000000000071e+01 -6.464690000000000272e-06 5.152814500000000536e-06 -6.464690000000000272e-06 1.552515614185500104e+00
1.857499999999999929e+01 -6.363239999999999744e-06 5.062470500000000373e-06 -6.363239999999999744e-06 1.550435514629499911e+00
1.860000000000000142e+01 -6.259080000000000219e-06 4.969899000000000238e-06 -6.259080000000000219e-06 1.548345412681000122e+00
1.862500000000000000e+01 -6.152440000000000000e-06 4.875318499999999492e-06 -6.152440000000000000e-06 1.546265308581499909e+00
1.864999999999999858e+01 -6.043569999999999635e-06 4.778958000000000434e-06 -6.043569999999999635e-06 1.544195202582000048e+00
1.867500000000000071e+01 -5.932680000000000261e-06 4.681027999999999662e-06 -5.932680000000000261e-06 1.542125094912000005e+00
1.869999999999999929e+01 -5.820000000000000181e-06 4.581737500000000617e-06 -5.820000000000000181e-06 1.540064985802499953e+00
1.872500000000000142e+01 -5.705739999999999686e-06 4.481296500000000201e-06 -5.705739999999999686e-06 1.538014875483500132e+00
1.875000000000000000e+01 -5.590129999999999619e-06 4.379917000000000031e-06 -5.590129999999999619e-06 1.535954764183000032e+00
1.877499999999999858e+01 -5.473359999999999719e-06 4.277768499999999597e-06 -5.473359999999999719e-06 1.533914652091500130e+00
1.880000000000000071e+01 -5.355659999999999982e-06 4.175062999999999671e-06 -5.355659999999999982e-06 1.531874539437000138e+00
1.882499999999999929e+01 -5.237210000000000294e-06 4.071982000000000073e-06 -5.237210000000000294e-06 1.529844426418000003e+00
1.885000000000000142e+01 -5.118210000000000248e-06 3.968687499999999769e-06 -5.118210000000000248e-06 1.527814313212499941e+00
1.887500000000000000e+01 -4.998839999999999729e-06 3.865361499999999973e-06 -4.998839999999999729e-06 1.525784200018500014e+00
1.889999999999999858e+01 -4.879290000000000171e-06 3.762157000000000036e-06 -4.879290000000000171e-06 1.523764087003000034e+00
1.892500000000000071e+01 -4.759720000000000060e-06 3.659236999999999589e-06 -4.759720000000000060e-06 1.521753974342999971e+00
1.894999999999999929e+01 -4.640300000000000278e-06 3.556735499999999787e-06 -4.640300000000000278e-06 1.519743862184500083e+00
1.897500000000000142e+01 -4.521200000000000013e-06 3.454856499999999911e-06 -4.521200000000000013e-06 1.517743750743500097e+00
1.900000000000000000e+01 -4.402549999999999887e-06 3.353633999999999628e-06 -4.402549999999999887e-06 1.515743640066000042e+00
1.902499999999999858e+01 -4.284500000000000229e-06 3.253223499999999736e-06 -4.284500000000000229e-06 1.513753530316499951e+00
1.905000000000000071e+01 -4.167189999999999823e-06 3.153769500000000095e-06 -4.167189999999999823e-06 1.511773421650500104e+00
1.907499999999999929e+01 -4.050740000000000285e-06 3.055368500000000086e-06 -4.050740000000000285e-06 1.509793314171499867e+00
1.910000000000000142e+01 -3.935269999999999848e-06 2.958115500000000003e-06 -3.935269999999999848e-06 1.507813207984500137e+00
1.912500000000000000e+01 -3.820900000000000128e-06 2.862107000000000073e-06 -3.820900000000000128e-06 1.505843103192999966e+00
1.914999999999999858e+01 -3.707739999999999927e-06 2.767420499999999790e-06 -3.707739999999999927e-06 1.503872999879499961e+00
1.917500000000000071e+01 -3.595859999999999907e-06 2.674152499999999805e-06 -3.595859999999999907e-06 1.501912898147500064e+00
1.919999999999999929e+01 -3.485379999999999993e-06 2.582350500000000052e-06 -3.485379999999999993e-06 1.499962798049500057e+00
1.922500000000000142e+01 -3.376360000000000145e-06 2.492092999999999841e-06 -3.376360000000000145e-06 1.498012699667000014e+00
1.925000000000000000e+01 -3.268880000000000033e-06 2.403437500000000229e-06 -3.268880000000000033e-06 1.496062603062499941e+00
1.927499999999999858e+01 -3.163009999999999893e-06 2.316412499999999991e-06 -3.163009999999999893e-06 1.494122508267499816e+00
1.930000000000000071e+01 -3.058810000000000111e-06 2.231077000000000120e-06 -3.058810000000000111e-06 1.492182415343000113e+00
1.932499999999999929e+01 -2.956339999999999803e-06 2.147450499999999778e-06 -2.956339999999999803e-06 1.490252324309500054e+00
1.935000000000000142e+01 -2.855629999999999796e-06 2.065571499999999710e-06 -2.855629999999999796e-06 1.488332235208499998e+00
1.937500000000000000e+01 -2.756740000000000054e-06 1.985451000000000009e-06 -2.756740000000000054e-06 1.486412148049000015e+00
1.939999999999999858e+01 -2.659680000000000004e-06 1.907108499999999835e-06 -2.659680000000000004e-06 1.484492062851500149e+00
1.942500000000000071e+01 -2.564500000000000180e-06 1.830553499999999981e-06 -2.564500000000000180e-06 1.482581979626500068e+00
1.944999999999999929e+01 -2.471210000000000011e-06 1.755787999999999866e-06 -2.471210000000000011e-06 1.480681898372000038e+00
1.947500000000000142e+01 -2.379820000000000196e-06 1.682781999999999934e-06 -2.379820000000000196e-06 1.478781819057999991e+00
1.950000000000000000e+01 -2.290359999999999870e-06 1.611556499999999916e-06 -2.290359999999999870e-06 1.476881741703500062e+00
1.952499999999999858e+01 -2.202810000000000175e-06 1.542062499999999942e-06 -2.202810000000000175e-06 1.474991666257500000e+00
1.955000000000000071e+01 -2.117180000000000116e-06 1.474292499999999912e-06 -2.117180000000000116e-06 1.473101592707500185e+00
1.957499999999999929e+01 -2.033470000000000116e-06 1.408217999999999991e-06 -2.033470000000000116e-06 1.471221521021999878e+00
1.960000000000000142e+01 -1.951660000000000047e-06 1.343790500000000005e-06 -1.951660000000000047e-06 1.469341451149499989e+00
1.962500000000000000e+01 -1.871740000000000057e-06 1.280983000000000056e-06 -1.871740000000000057e-06 1.467471383057000089e+00
1.964999999999999858e+01 -1.793679999999999952e-06 1.219726849999999933e-06 -1.793679999999999952e-06 1.465611316673150144e+00
1.967500000000000071e+01 -1.717470000000000092e-06 1.159985550000000004e-06 -1.717470000000000092e-06 1.463741251954450151e+00
1.969999999999999929e+01 -1.643070000000000008e-06 1.101691750000000115e-06 -1.643070000000000008e-06 1.461891188828249977e+00
1.972500000000000142e+01 -1.570449999999999931e-06 1.044758449999999982e-06 -1.570449999999999931e-06 1.460031127201550039e+00
1.975000000000000000e+01 -1.499570000000000027e-06 9.891390000000000006e-07 -1.499570000000000027e-06 1.458181067021000032e+00
1.977499999999999858e+01 -1.430400000000000103e-06 9.347369500000001240e-07 -1.430400000000000103e-06 1.456341008183049901e+00
1.980000000000000071e+01 -1.362890000000000050e-06 8.814629999999999833e-07 -1.362890000000000050e-06 1.454500950590999819e+00
1.982499999999999929e+01 -1.296989999999999969e-06 8.292232499999999936e-07 -1.296989999999999969e-06 1.452670894142749969e+00
1.985000000000000142e+01 -1.232649999999999963e-06 7.779118499999999964e-07 -1.232649999999999963e-06 1.450840838724149817e+00
1.987500000000000000e+01 -1.169810000000000070e-06 7.274153999999999744e-07 -1.169810000000000070e-06 1.449010784212599878e+00
1.989999999999999858e+01 -1.108430000000000033e-06 6.776106499999999664e-07 -1.108430000000000033e-06 1.447190730475349962e+00
1.992500000000000071e+01 -1.048429999999999972e-06 6.283666000000000622e-07 -1.048429999999999972e-06 1.445380677371400191e+00
1.994999999999999929e+01 -9.897610000000000177e-07 5.795340000000000065e-07 -9.897610000000000177e-07 1.443570624739999975e+00
1.997500000000000142e+01 -9.323610000000000464e-07 5.309933500000001005e-07 -9.323610000000000464e-07 1.441760572452649880e+00
2.000000000000000000e+01 -8.761170000000000094e-07 4.824743499999999557e-07 -8.761170000000000094e-07 1.439960520219649931e+00
