# raxis[fm], SN, VN, SP, VP [MeV]
0.000000000000000000e+00 -4.988059999999999832e+02 4.139424199999999701e+02 -4.988059999999999832e+02 4.220156800000000317e+02
2.500000000000000139e-02 -4.988059999999999832e+02 4.139424199999999701e+02 -4.988059999999999832e+02 4.220156800000000317e+02
5.000000000000000278e-02 -4.984239999999999782e+02 4.133480549999999880e+02 -4.984239999999999782e+02 4.214253450000000498e+02
7.499999999999999722e-02 -4.982080000000000268e+02 4.131446450000000254e+02 -4.982080000000000268e+02 4.212237549999999828e+02
1.000000000000000056e-01 -4.979150000000000205e+02 4.128777250000000549e+02 -4.979150000000000205e+02 4.209593750000000227e+02
1.250000000000000000e-01 -4.975539999999999736e+02 4.125633550000000014e+02 -4.975539999999999736e+02 4.206480450000000246e+02
1.499999999999999944e-01 -4.971209999999999809e+02 4.121884999999999764e+02 -4.971209999999999809e+02 4.202768000000000370e+02
1.749999999999999889e-01 -4.966139999999999759e+02 4.117541650000000004e+02 -4.966139999999999759e+02 4.198467350000000238e+02
2.000000000000000111e-01 -4.960350000000000250e+02 4.112593499999999835e+02 -4.960350000000000250e+02 4.193567499999999768e+02
2.250000000000000056e-01 -4.953849999999999909e+02 4.107040599999999699e+02 -4.953849999999999909e+02 4.188068400000000224e+02
2.500000000000000000e-01 -4.946650000000000205e+02 4.100893099999999549e+02 -4.946650000000000205e+02 4.181979900000000043e+02
2.750000000000000222e-01 -4.938779999999999859e+02 4.094171049999999923e+02 -4.938779999999999859e+02 4.175322950000000333e+02
2.999999999999999889e-01 -4.930219999999999914e+02 4.086884650000000079e+02 -4.930219999999999914e+02 4.168106349999999907e+02
3.250000000000000111e-01 -4.921070000000000277e+02 4.079053999999999860e+02 -4.921070000000000277e+02 4.160350000000000250e+02
3.499999999999999778e-01 -4.911299999999999955e+02 4.070669250000000261e+02 -4.911299999999999955e+02 4.152044750000000022e+02
3.750000000000000000e-01 -4.900950000000000273e+02 4.061810449999999832e+02 -4.900950000000000273e+02 4.143269549999999981e+02
4.000000000000000222e-01 -4.890049999999999955e+02 4.052488050000000044e+02 -4.890049999999999955e+02 4.134034949999999640e+02
4.249999999999999889e-01 -4.878620000000000232e+02 4.042701999999999884e+02 -4.878620000000000232e+02 4.124339999999999691e+02
4.500000000000000111e-01 -4.866689999999999827e+02 4.032492599999999925e+02 -4.866689999999999827e+02 4.114224399999999946e+02
4.749999999999999778e-01 -4.854309999999999832e+02 4.021870000000000118e+02 -4.854309999999999832e+02 4.103699000000000296e+02
5.000000000000000000e-01 -4.841490000000000009e+02 4.010864349999999945e+02 -4.841490000000000009e+02 4.092793649999999843e+02
5.250000000000000222e-01 -4.828279999999999745e+02 3.999515900000000101e+02 -4.828279999999999745e+02 4.081547100000000228e+02
5.500000000000000444e-01 -4.814700000000000273e+02 3.987854900000000384e+02 -4.814700000000000273e+02 4.069989100000000235e+02
5.749999999999999556e-01 -4.800799999999999841e+02 3.975901450000000068e+02 -4.800799999999999841e+02 4.058141549999999711e+02
5.999999999999999778e-01 -4.786600000000000250e+02 3.963685899999999833e+02 -4.786600000000000250e+02 4.046031100000000151e+02
6.250000000000000000e-01 -4.772160000000000082e+02 3.951228350000000091e+02 -4.772160000000000082e+02 4.033680650000000014e+02
6.500000000000000222e-01 -4.757490000000000236e+02 3.938589049999999929e+02 -4.757490000000000236e+02 4.021147949999999582e+02
6.750000000000000444e-01 -4.742640000000000100e+02 3.925778149999999869e+02 -4.742640000000000100e+02 4.008443849999999884e+02
6.999999999999999556e-01 -4.727649999999999864e+02 3.912826049999999896e+02 -4.727649999999999864e+02 3.995597950000000083e+02
7.249999999999999778e-01 -4.712549999999999955e+02 3.899772849999999949e+02 -4.712549999999999955e+02 3.982649149999999736e+02
7.500000000000000000e-01 -4.697379999999999995e+02 3.886608800000000201e+02 -4.697379999999999995e+02 3.969588200000000029e+02
7.750000000000000222e-01 -4.682169999999999845e+02 3.873434100000000058e+02 -4.682169999999999845e+02 3.956514899999999670e+02
8.000000000000000444e-01 -4.666960000000000264e+02 3.860248899999999708e+02 -4.666960000000000264e+02 3.943429100000000176e+02
8.249999999999999556e-01 -4.651779999999999973e+02 3.847083450000000084e+02 -4.651779999999999973e+02 3.930360550000000330e+02
8.499999999999999778e-01 -4.636669999999999732e+02 3.833967950000000542e+02 -4.636669999999999732e+02 3.917339049999999929e+02
8.750000000000000000e-01 -4.621659999999999968e+02 3.820922600000000102e+02 -4.621659999999999968e+02 3.904383399999999824e+02
9.000000000000000222e-01 -4.606779999999999973e+02 3.807977599999999825e+02 -4.606779999999999973e+02 3.891525399999999877e+02
9.250000000000000444e-01 -4.592060000000000173e+02 3.795163049999999885e+02 -4.592060000000000173e+02 3.878792949999999564e+02
9.499999999999999556e-01 -4.577529999999999859e+02 3.782509200000000078e+02 -4.577529999999999859e+02 3.866217799999999443e+02
9.749999999999999778e-01 -4.563220000000000027e+02 3.770036200000000122e+02 -4.563220000000000027e+02 3.853818800000000238e+02
1.000000000000000000e+00 -4.549150000000000205e+02 3.757764149999999859e+02 -4.549150000000000205e+02 3.841615849999999455e+02
1.024999999999999911e+00 -4.535350000000000250e+02 3.745723250000000348e+02 -4.535350000000000250e+02 3.829637749999999983e+02
1.050000000000000044e+00 -4.521850000000000023e+02 3.733933599999999728e+02 -4.521850000000000023e+02 3.817906399999999962e+02
1.074999999999999956e+00 -4.508659999999999854e+02 3.722405350000000226e+02 -4.508659999999999854e+02 3.806431650000000104e+02
1.100000000000000089e+00 -4.495810000000000173e+02 3.711168649999999616e+02 -4.495810000000000173e+02 3.795241350000000011e+02
1.125000000000000000e+00 -4.483299999999999841e+02 3.700233500000000504e+02 -4.483299999999999841e+02 3.784346499999999764e+02
1.149999999999999911e+00 -4.471159999999999854e+02 3.689610099999999875e+02 -4.471159999999999854e+02 3.773757899999999381e+02
1.175000000000000044e+00 -4.459409999999999741e+02 3.679328500000000304e+02 -4.459409999999999741e+02 3.763504500000000235e+02
1.199999999999999956e+00 -4.448039999999999736e+02 3.669378799999999501e+02 -4.448039999999999736e+02 3.753576199999999972e+02
1.225000000000000089e+00 -4.437069999999999936e+02 3.659780949999999962e+02 -4.437069999999999936e+02 3.743994050000000016e+02
1.250000000000000000e+00 -4.426510000000000105e+02 3.650545149999999808e+02 -4.426510000000000105e+02 3.734765850000000000e+02
1.274999999999999911e+00 -4.416360000000000241e+02 3.641671349999999734e+02 -4.416360000000000241e+02 3.725893649999999866e+02
1.300000000000000044e+00 -4.406630000000000109e+02 3.633169599999999946e+02 -4.406630000000000109e+02 3.717386399999999753e+02
1.324999999999999956e+00 -4.397309999999999945e+02 3.625039899999999875e+02 -4.397309999999999945e+02 3.709245099999999979e+02
1.350000000000000089e+00 -4.388410000000000082e+02 3.617272249999999758e+02 -4.388410000000000082e+02 3.701458749999999895e+02
1.375000000000000000e+00 -4.379920000000000186e+02 3.609876750000000243e+02 -4.379920000000000186e+02 3.694037250000000085e+02
1.399999999999999911e+00 -4.371829999999999927e+02 3.602843249999999671e+02 -4.371829999999999927e+02 3.686970749999999839e+02
1.425000000000000044e+00 -4.364139999999999873e+02 3.596161749999999984e+02 -4.364139999999999873e+02 3.680250249999999710e+02
1.449999999999999956e+00 -4.356829999999999927e+02 3.589842299999999682e+02 -4.356829999999999927e+02 3.673884699999999839e+02
1.475000000000000089e+00 -4.349889999999999759e+02 3.583854749999999854e+02 -4.349889999999999759e+02 3.667844249999999988e+02
1.500000000000000000e+00 -4.343310000000000173e+02 3.578199200000000246e+02 -4.343310000000000173e+02 3.662129800000000159e+02
1.524999999999999911e+00 -4.337080000000000268e+02 3.572875400000000354e+02 -4.337080000000000268e+02 3.656740599999999972e+02
1.550000000000000044e+00 -4.331159999999999854e+02 3.567863399999999956e+02 -4.331159999999999854e+02 3.651656600000000026e+02
1.574999999999999956e+00 -4.325539999999999736e+02 3.563103049999999712e+02 -4.325539999999999736e+02 3.646818949999999973e+02
1.600000000000000089e+00 -4.320190000000000055e+02 3.558614200000000096e+02 -4.320190000000000055e+02 3.642246900000000096e+02
1.625000000000000000e+00 -4.315110000000000241e+02 3.554346950000000334e+02 -4.315110000000000241e+02 3.637890349999999557e+02
1.649999999999999911e+00 -4.310249999999999773e+02 3.550321050000000014e+02 -4.310249999999999773e+02 3.633769850000000474e+02
1.675000000000000044e+00 -4.305590000000000259e+02 3.546506399999999530e+02 -4.305590000000000259e+02 3.629855400000000145e+02
1.699999999999999956e+00 -4.301100000000000136e+02 3.542862949999999955e+02 -4.301100000000000136e+02 3.626106950000000211e+02
1.725000000000000089e+00 -4.296750000000000114e+02 3.539360549999999535e+02 -4.296750000000000114e+02 3.622494849999999929e+02
1.750000000000000000e+00 -4.292509999999999764e+02 3.535999050000000352e+02 -4.292509999999999764e+02 3.619019049999999993e+02
1.774999999999999911e+00 -4.288349999999999795e+02 3.532738349999999627e+02 -4.288349999999999795e+02 3.615639750000000276e+02
1.800000000000000044e+00 -4.284230000000000018e+02 3.529538299999999822e+02 -4.284230000000000018e+02 3.612316999999999894e+02
1.824999999999999956e+00 -4.280110000000000241e+02 3.526388749999999845e+02 -4.280110000000000241e+02 3.609041149999999902e+02
1.850000000000000089e+00 -4.275969999999999800e+02 3.523239599999999996e+02 -4.275969999999999800e+02 3.605761999999999716e+02
1.875000000000000000e+00 -4.271759999999999877e+02 3.520070699999999988e+02 -4.271759999999999877e+02 3.602459899999999493e+02
1.899999999999999911e+00 -4.267459999999999809e+02 3.516861900000000105e+02 -4.267459999999999809e+02 3.599114999999999895e+02
1.925000000000000044e+00 -4.263009999999999877e+02 3.513552999999999997e+02 -4.263009999999999877e+02 3.595667399999999247e+02
1.949999999999999956e+00 -4.258380000000000223e+02 3.510133950000000027e+02 -4.258380000000000223e+02 3.592107149999999933e+02
1.975000000000000089e+00 -4.253539999999999850e+02 3.506564549999999940e+02 -4.253539999999999850e+02 3.588394450000000120e+02
2.000000000000000000e+00 -4.248450000000000273e+02 3.502814650000000256e+02 -4.248450000000000273e+02 3.584499450000000138e+02
2.024999999999999911e+00 -4.243070000000000164e+02 3.498844149999999900e+02 -4.243070000000000164e+02 3.580382350000000429e+02
2.049999999999999822e+00 -4.237359999999999900e+02 3.494622850000000085e+02 -4.237359999999999900e+02 3.576013149999999428e+02
2.075000000000000178e+00 -4.231279999999999859e+02 3.490120699999999943e+02 -4.231279999999999859e+02 3.571361999999999739e+02
2.100000000000000089e+00 -4.224789999999999850e+02 3.485307449999999676e+02 -4.224789999999999850e+02 3.566399250000000052e+02
2.125000000000000000e+00 -4.217860000000000014e+02 3.480143100000000231e+02 -4.217860000000000014e+02 3.561084700000000112e+02
2.149999999999999911e+00 -4.210450000000000159e+02 3.474597400000000107e+02 -4.210450000000000159e+02 3.555388799999999492e+02
2.174999999999999822e+00 -4.202529999999999859e+02 3.468650250000000028e+02 -4.202529999999999859e+02 3.549291449999999486e+02
2.200000000000000178e+00 -4.194049999999999727e+02 3.462251599999999598e+02 -4.194049999999999727e+02 3.542742799999999761e+02
2.225000000000000089e+00 -4.185000000000000000e+02 3.455381299999999669e+02 -4.185000000000000000e+02 3.535723100000000159e+02
2.250000000000000000e+00 -4.175319999999999823e+02 3.448009200000000192e+02 -4.175319999999999823e+02 3.528202299999999809e+02
2.274999999999999911e+00 -4.164990000000000236e+02 3.440105250000000296e+02 -4.164990000000000236e+02 3.520150649999999928e+02
2.299999999999999822e+00 -4.153990000000000009e+02 3.431639299999999935e+02 -4.153990000000000009e+02 3.511538299999999708e+02
2.325000000000000178e+00 -4.142269999999999754e+02 3.422591350000000148e+02 -4.142269999999999754e+02 3.502345050000000128e+02
2.350000000000000089e+00 -4.129809999999999945e+02 3.412921200000000113e+02 -4.129809999999999945e+02 3.492531300000000556e+02
2.375000000000000000e+00 -4.116589999999999918e+02 3.402618850000000066e+02 -4.116589999999999918e+02 3.482086949999999774e+02
2.399999999999999911e+00 -4.102579999999999814e+02 3.391654250000000275e+02 -4.102579999999999814e+02 3.470982249999999567e+02
2.424999999999999822e+00 -4.087749999999999773e+02 3.379997250000000122e+02 -4.087749999999999773e+02 3.459187149999999633e+02
2.450000000000000178e+00 -4.072080000000000268e+02 3.367627899999999954e+02 -4.072080000000000268e+02 3.446681800000000067e+02
2.475000000000000089e+00 -4.055559999999999832e+02 3.354536100000000260e+02 -4.055559999999999832e+02 3.433456199999999967e+02
2.500000000000000000e+00 -4.038159999999999741e+02 3.340701799999999935e+02 -4.038159999999999741e+02 3.419490500000000566e+02
2.524999999999999911e+00 -4.019859999999999900e+02 3.326095000000000255e+02 -4.019859999999999900e+02 3.404754700000000298e+02
2.549999999999999822e+00 -4.000659999999999741e+02 3.310715650000000210e+02 -4.000659999999999741e+02 3.389248850000000175e+02
2.575000000000000178e+00 -3.980529999999999973e+02 3.294533749999999941e+02 -3.980529999999999973e+02 3.372942949999999769e+02
2.600000000000000089e+00 -3.959470000000000027e+02 3.277539349999999558e+02 -3.959470000000000027e+02 3.355827150000000074e+02
2.625000000000000000e+00 -3.937470000000000141e+02 3.259722399999999993e+02 -3.937470000000000141e+02 3.337891300000000001e+02
2.649999999999999911e+00 -3.914519999999999982e+02 3.241082900000000109e+02 -3.914519999999999982e+02 3.319135600000000181e+02
2.674999999999999822e+00 -3.890600000000000023e+02 3.221600950000000125e+02 -3.890600000000000023e+02 3.299539950000000204e+02
2.700000000000000178e+00 -3.865729999999999791e+02 3.201266499999999837e+02 -3.865729999999999791e+02 3.279094499999999925e+02
2.725000000000000089e+00 -3.839900000000000091e+02 3.180089650000000461e+02 -3.839900000000000091e+02 3.257809050000000184e+02
2.750000000000000000e+00 -3.813100000000000023e+02 3.158050409999999601e+02 -3.813100000000000023e+02 3.235663789999999835e+02
2.774999999999999911e+00 -3.785339999999999918e+02 3.135158845000000269e+02 -3.785339999999999918e+02 3.212668555000000197e+02
2.799999999999999822e+00 -3.756630000000000109e+02 3.111405034999999657e+02 -3.756630000000000109e+02 3.188813465000000065e+02
2.825000000000000178e+00 -3.726960000000000264e+02 3.086799039999999650e+02 -3.726960000000000264e+02 3.164108459999999923e+02
2.850000000000000089e+00 -3.696349999999999909e+02 3.061330950000000257e+02 -3.696349999999999909e+02 3.138543349999999919e+02
2.875000000000000000e+00 -3.664820000000000277e+02 3.035030849999999987e+02 -3.664820000000000277e+02 3.112148350000000505e+02
2.899999999999999911e+00 -3.632350000000000136e+02 3.007878839999999627e+02 -3.632350000000000136e+02 3.084903259999999818e+02
2.924999999999999822e+00 -3.598990000000000009e+02 2.979905019999999922e+02 -3.598990000000000009e+02 3.056838080000000559e+02
2.950000000000000178e+00 -3.564719999999999800e+02 2.951099500000000262e+02 -3.564719999999999800e+02 3.027942800000000148e+02
2.975000000000000089e+00 -3.529590000000000032e+02 2.921482394999999883e+02 -3.529590000000000032e+02 2.998237305000000106e+02
3.000000000000000000e+00 -3.493600000000000136e+02 2.891073829999999703e+02 -3.493600000000000136e+02 2.967741669999999772e+02
3.024999999999999911e+00 -3.456759999999999877e+02 2.859873929999999973e+02 -3.456759999999999877e+02 2.936455570000000534e+02
3.049999999999999822e+00 -3.419110000000000014e+02 2.827912825000000225e+02 -3.419110000000000014e+02 2.904409175000000118e+02
3.075000000000000178e+00 -3.380670000000000073e+02 2.795200664999999844e+02 -3.380670000000000073e+02 2.871612334999999803e+02
3.100000000000000089e+00 -3.341469999999999914e+02 2.761757590000000278e+02 -3.341469999999999914e+02 2.838085010000000352e+02
3.125000000000000000e+00 -3.301519999999999868e+02 2.727613739999999893e+02 -3.301519999999999868e+02 2.803857060000000274e+02
3.149999999999999911e+00 -3.260860000000000127e+02 2.692779264999999782e+02 -3.260860000000000127e+02 2.768938534999999774e+02
3.174999999999999822e+00 -3.219499999999999886e+02 2.657284319999999980e+02 -3.219499999999999886e+02 2.733359179999999924e+02
3.200000000000000178e+00 -3.177500000000000000e+02 2.621159059999999954e+02 -3.177500000000000000e+02 2.697149039999999900e+02
3.225000000000000089e+00 -3.134870000000000232e+02 2.584423645000000533e+02 -3.134870000000000232e+02 2.660327955000000202e+02
3.250000000000000000e+00 -3.091650000000000205e+02 2.547118230000000096e+02 -3.091650000000000205e+02 2.622935870000000023e+02
3.274999999999999911e+00 -3.047880000000000109e+02 2.509252979999999980e+02 -3.047880000000000109e+02 2.584982819999999606e+02
3.299999999999999822e+00 -3.003570000000000277e+02 2.470868054999999970e+02 -3.003570000000000277e+02 2.546508545000000083e+02
3.325000000000000178e+00 -2.958779999999999859e+02 2.431993605000000116e+02 -2.958779999999999859e+02 2.507543095000000051e+02
3.350000000000000089e+00 -2.913519999999999754e+02 2.392659874999999943e+02 -2.913519999999999754e+02 2.468116224999999702e+02
3.375000000000000000e+00 -2.867850000000000250e+02 2.352906884999999875e+02 -2.867850000000000250e+02 2.428268015000000162e+02
3.399999999999999911e+00 -2.821800000000000068e+02 2.312764799999999923e+02 -2.821800000000000068e+02 2.388028400000000033e+02
3.424999999999999822e+00 -2.775389999999999873e+02 2.272273904999999843e+02 -2.775389999999999873e+02 2.347437194999999974e+02
3.450000000000000178e+00 -2.728679999999999950e+02 2.231454285000000084e+02 -2.728679999999999950e+02 2.306514315000000011e+02
3.475000000000000089e+00 -2.681689999999999827e+02 2.190356094999999925e+02 -2.681689999999999827e+02 2.265309704999999951e+02
3.500000000000000000e+00 -2.634470000000000027e+02 2.149019484999999747e+02 -2.634470000000000027e+02 2.223863414999999861e+02
3.524999999999999911e+00 -2.587049999999999841e+02 2.107464604999999835e+02 -2.587049999999999841e+02 2.182195194999999899e+02
3.549999999999999822e+00 -2.539470000000000027e+02 2.065741589999999803e+02 -2.539470000000000027e+02 2.140355209999999886e+02
3.575000000000000178e+00 -2.491759999999999877e+02 2.023880584999999996e+02 -2.491759999999999877e+02 2.098373115000000269e+02
3.600000000000000089e+00 -2.443979999999999961e+02 1.981921714999999722e+02 -2.443979999999999961e+02 2.056289084999999943e+02
3.625000000000000000e+00 -2.396140000000000043e+02 1.939915110000000027e+02 -2.396140000000000043e+02 2.014152989999999761e+02
3.649999999999999911e+00 -2.348300000000000125e+02 1.897870895000000075e+02 -2.348300000000000125e+02 1.971974805000000117e+02
3.674999999999999822e+00 -2.300480000000000018e+02 1.855849225500000159e+02 -2.300480000000000018e+02 1.929814374499999872e+02
3.700000000000000178e+00 -2.252719999999999914e+02 1.813880125999999962e+02 -2.252719999999999914e+02 1.887701873999999975e+02
3.725000000000000089e+00 -2.205060000000000002e+02 1.771993745999999987e+02 -2.205060000000000002e+02 1.845667054000000178e+02
3.750000000000000000e+00 -2.157539999999999907e+02 1.730240182200000163e+02 -2.157539999999999907e+02 1.803760017799999957e+02
3.774999999999999911e+00 -2.110190000000000055e+02 1.688639492000000075e+02 -2.110190000000000055e+02 1.762000807999999950e+02
3.799999999999999822e+00 -2.063040000000000020e+02 1.647241829499999994e+02 -2.063040000000000020e+02 1.720439270500000077e+02
3.825000000000000178e+00 -2.016119999999999948e+02 1.606067233999999928e+02 -2.016119999999999948e+02 1.679095466000000272e+02
3.850000000000000089e+00 -1.969470000000000027e+02 1.565155775500000175e+02 -1.969470000000000027e+02 1.638009324500000048e+02
3.875000000000000000e+00 -1.923120000000000118e+02 1.524537516499999867e+02 -1.923120000000000118e+02 1.597210883499999738e+02
3.899999999999999911e+00 -1.877110000000000127e+02 1.484252510000000029e+02 -1.877110000000000127e+02 1.556740190000000155e+02
3.924999999999999822e+00 -1.831450000000000102e+02 1.444320804999999837e+02 -1.831450000000000102e+02 1.516617295000000070e+02
3.950000000000000178e+00 -1.786179999999999950e+02 1.404772439999999847e+02 -1.786179999999999950e+02 1.476872060000000033e+02
3.975000000000000089e+00 -1.741320000000000050e+02 1.365637450000000115e+02 -1.741320000000000050e+02 1.437534750000000088e+02
4.000000000000000000e+00 -1.696910000000000025e+02 1.326945854999999881e+02 -1.696910000000000025e+02 1.398635144999999795e+02
4.025000000000000355e+00 -1.652969999999999970e+02 1.288727669999999819e+02 -1.652969999999999970e+02 1.360203530000000001e+02
4.049999999999999822e+00 -1.609519999999999982e+02 1.251002914999999973e+02 -1.609519999999999982e+02 1.322259684999999934e+02
4.075000000000000178e+00 -1.566589999999999918e+02 1.213781590000000108e+02 -1.566589999999999918e+02 1.284813910000000021e+02
4.099999999999999645e+00 -1.524190000000000111e+02 1.177113680000000073e+02 -1.524190000000000111e+02 1.247916120000000006e+02
4.125000000000000000e+00 -1.482350000000000136e+02 1.140989179999999976e+02 -1.482350000000000136e+02 1.211556420000000145e+02
4.150000000000000355e+00 -1.441090000000000089e+02 1.105448074999999903e+02 -1.441090000000000089e+02 1.175774825000000021e+02
4.174999999999999822e+00 -1.400430000000000064e+02 1.070510335000000026e+02 -1.400430000000000064e+02 1.140591465000000113e+02
4.200000000000000178e+00 -1.360380000000000109e+02 1.036175929999999994e+02 -1.360380000000000109e+02 1.106006370000000061e+02
4.224999999999999645e+00 -1.320960000000000036e+02 1.002464824999999990e+02 -1.320960000000000036e+02 1.072039675000000045e+02
4.250000000000000000e+00 -1.282179999999999893e+02 9.693979750000001161e+01 -1.282179999999999893e+02 1.038712424999999939e+02
4.275000000000000355e+00 -1.244060000000000059e+02 9.369913300000000334e+01 -1.244060000000000059e+02 1.006040670000000006e+02
4.299999999999999822e+00 -1.206599999999999966e+02 9.052378450000000498e+01 -1.206599999999999966e+02 9.740176549999999622e+01
4.325000000000000178e+00 -1.169830000000000041e+02 8.741564499999999782e+01 -1.169830000000000041e+02 9.426622500000000571e+01
4.349999999999999645e+00 -1.133750000000000000e+02 8.437550850000000935e+01 -1.133750000000000000e+02 9.119827150000000415e+01
4.375000000000000000e+00 -1.098370000000000033e+02 8.140406800000000942e+01 -1.098370000000000033e+02 8.819861199999999712e+01
4.400000000000000355e+00 -1.063689999999999998e+02 7.850171600000000183e+01 -1.063689999999999998e+02 8.526765399999999318e+01
4.424999999999999822e+00 -1.029719999999999942e+02 7.566894550000000663e+01 -1.029719999999999942e+02 8.240590450000000544e+01
4.450000000000000178e+00 -9.964679999999999893e+01 7.290604849999999715e+01 -9.964679999999999893e+01 7.961367149999999526e+01
4.474999999999999645e+00 -9.639369999999999550e+01 7.021311649999999815e+01 -9.639369999999999550e+01 7.689108349999999348e+01
4.500000000000000000e+00 -9.321299999999999386e+01 6.759014100000000269e+01 -9.321299999999999386e+01 7.423813900000000388e+01
4.525000000000000355e+00 -9.010479999999999734e+01 6.503711300000000506e+01 -9.010479999999999734e+01 7.165484699999998952e+01
4.549999999999999822e+00 -8.706910000000000593e+01 6.255382399999999876e+01 -8.706910000000000593e+01 6.914101599999999337e+01
4.575000000000000178e+00 -8.410599999999999454e+01 6.014006450000000115e+01 -8.410599999999999454e+01 6.669646550000000218e+01
4.599999999999999645e+00 -8.121529999999999916e+01 5.779522500000000207e+01 -8.121529999999999916e+01 6.432060500000000047e+01
4.625000000000000000e+00 -7.839669999999999561e+01 5.551889649999999676e+01 -7.839669999999999561e+01 6.201304350000000198e+01
4.650000000000000355e+00 -7.565009999999999479e+01 5.331056900000000098e+01 -7.565009999999999479e+01 5.977329100000000039e+01
4.674999999999999822e+00 -7.297499999999999432e+01 5.116963349999999622e+01 -7.297499999999999432e+01 5.760075649999999570e+01
4.700000000000000178e+00 -7.037080000000000268e+01 4.909508000000000294e+01 -7.037080000000000268e+01 5.549445000000000050e+01
4.724999999999999645e+00 -6.783719999999999573e+01 4.708629899999999679e+01 -6.783719999999999573e+01 5.345379099999999539e+01
4.750000000000000000e+00 -6.537340000000000373e+01 4.514238100000000031e+01 -6.537340000000000373e+01 5.147787900000000150e+01
4.775000000000000355e+00 -6.297870000000000346e+01 4.326221599999999512e+01 -6.297870000000000346e+01 4.956562399999999968e+01
4.799999999999999822e+00 -6.065250000000000341e+01 4.144499549999999743e+01 -6.065250000000000341e+01 4.771624450000000195e+01
4.825000000000000178e+00 -5.839379999999999882e+01 3.968950949999999978e+01 -5.839379999999999882e+01 4.592855049999999295e+01
4.849999999999999645e+00 -5.620190000000000197e+01 3.799474899999999877e+01 -5.620190000000000197e+01 4.420154099999999175e+01
4.875000000000000000e+00 -5.407569999999999766e+01 3.635940449999999657e+01 -5.407569999999999766e+01 4.253392549999999517e+01
4.900000000000000355e+00 -5.201429999999999865e+01 3.478236800000000528e+01 -5.201429999999999865e+01 4.092462199999999939e+01
4.924999999999999822e+00 -5.001670000000000016e+01 3.326243050000000068e+01 -5.001670000000000016e+01 3.937243949999999160e+01
4.950000000000000178e+00 -4.808180000000000121e+01 3.179828350000000015e+01 -4.808180000000000121e+01 3.787607649999999637e+01
4.974999999999999645e+00 -4.620850000000000080e+01 3.038861800000000102e+01 -4.620850000000000080e+01 3.643425200000000075e+01
5.000000000000000000e+00 -4.439569999999999794e+01 2.903212699999999913e+01 -4.439569999999999794e+01 3.504566299999999757e+01
5.025000000000000355e+00 -4.264220000000000255e+01 2.772760200000000097e+01 -4.264220000000000255e+01 3.370911800000000369e+01
5.049999999999999822e+00 -4.094680000000000319e+01 2.647343600000000308e+01 -4.094680000000000319e+01 3.242303400000000124e+01
5.075000000000000178e+00 -3.930839999999999890e+01 2.526852100000000334e+01 -3.930839999999999890e+01 3.118630900000000139e+01
5.099999999999999645e+00 -3.772560000000000002e+01 2.411135050000000035e+01 -3.772560000000000002e+01 2.999744950000000188e+01
5.125000000000000000e+00 -3.619720000000000226e+01 2.300071499999999958e+01 -3.619720000000000226e+01 2.885527499999999890e+01
5.150000000000000355e+00 -3.472200000000000131e+01 2.193511349999999993e+01 -3.472200000000000131e+01 2.775826650000000129e+01
5.174999999999999822e+00 -3.329869999999999663e+01 2.091323650000000001e+01 -3.329869999999999663e+01 2.670514350000000192e+01
5.200000000000000178e+00 -3.192599999999999838e+01 1.993367899999999793e+01 -3.192599999999999838e+01 2.569451099999999855e+01
5.224999999999999645e+00 -3.060259999999999891e+01 1.899523750000000177e+01 -3.060259999999999891e+01 2.472516249999999616e+01
5.250000000000000000e+00 -2.932730000000000103e+01 1.809650099999999995e+01 -2.932730000000000103e+01 2.379571900000000184e+01
5.275000000000000355e+00 -2.809880000000000067e+01 1.723606799999999950e+01 -2.809880000000000067e+01 2.290478199999999731e+01
5.299999999999999822e+00 -2.691580000000000084e+01 1.641283300000000267e+01 -2.691580000000000084e+01 2.205124700000000004e+01
5.325000000000000178e+00 -2.577700000000000102e+01 1.562529199999999996e+01 -2.577700000000000102e+01 2.123361799999999988e+01
5.349999999999999645e+00 -2.468110000000000070e+01 1.487244049999999973e+01 -2.468110000000000070e+01 2.045089949999999845e+01
5.375000000000000000e+00 -2.362699999999999889e+01 1.415277449999999959e+01 -2.362699999999999889e+01 1.970159550000000337e+01
5.400000000000000355e+00 -2.261329999999999885e+01 1.346529050000000005e+01 -2.261329999999999885e+01 1.898469949999999784e+01
5.424999999999999822e+00 -2.163879999999999981e+01 1.280868499999999877e+01 -2.163879999999999981e+01 1.829892500000000055e+01
5.450000000000000178e+00 -2.070240000000000080e+01 1.218185500000000054e+01 -2.070240000000000080e+01 1.764317499999999939e+01
5.474999999999999645e+00 -1.980280000000000129e+01 1.158349750000000000e+01 -1.980280000000000129e+01 1.701614250000000084e+01
5.500000000000000000e+00 -1.893880000000000052e+01 1.101270949999999971e+01 -1.893880000000000052e+01 1.641693049999999943e+01
5.525000000000000355e+00 -1.810930000000000106e+01 1.046828950000000091e+01 -1.810930000000000106e+01 1.584435050000000089e+01
5.549999999999999822e+00 -1.731309999999999860e+01 9.949234499999999315e+00 -1.731309999999999860e+01 1.529738549999999897e+01
5.575000000000000178e+00 -1.654909999999999926e+01 9.454452499999998594e+00 -1.654909999999999926e+01 1.477494749999999968e+01
5.599999999999999645e+00 -1.581630000000000003e+01 8.982981999999999800e+00 -1.581630000000000003e+01 1.427609800000000106e+01
5.625000000000000000e+00 -1.511350000000000016e+01 8.533841999999999928e+00 -1.511350000000000016e+01 1.379982799999999976e+01
5.650000000000000355e+00 -1.443970000000000020e+01 8.106099999999999639e+00 -1.443970000000000020e+01 1.334522999999999904e+01
5.674999999999999822e+00 -1.379379999999999917e+01 7.698825499999999877e+00 -1.379379999999999917e+01 1.291136449999999947e+01
5.700000000000000178e+00 -1.317489999999999917e+01 7.311147000000000062e+00 -1.317489999999999917e+01 1.249736300000000000e+01
5.724999999999999645e+00 -1.258200000000000074e+01 6.942203999999999375e+00 -1.258200000000000074e+01 1.210235600000000034e+01
5.750000000000000000e+00 -1.201409999999999911e+01 6.591185999999999545e+00 -1.201409999999999911e+01 1.172555399999999892e+01
5.775000000000000355e+00 -1.147020000000000017e+01 6.257272000000000389e+00 -1.147020000000000017e+01 1.136610800000000054e+01
5.799999999999999822e+00 -1.094960000000000022e+01 5.939712000000000103e+00 -1.094960000000000022e+01 1.102328800000000086e+01
5.825000000000000178e+00 -1.045120000000000005e+01 5.637765000000000803e+00 -1.045120000000000005e+01 1.069633500000000126e+01
5.849999999999999645e+00 -9.974349999999999383e+00 5.350711500000000065e+00 -9.974349999999999383e+00 1.038454850000000107e+01
5.875000000000000000e+00 -9.518060000000000187e+00 5.077861000000000402e+00 -9.518060000000000187e+00 1.008721899999999927e+01
5.900000000000000355e+00 -9.081580000000000652e+00 4.818564000000000291e+00 -9.081580000000000652e+00 9.803706000000001808e+00
5.924999999999999822e+00 -8.664130000000000109e+00 4.572190499999999602e+00 -8.664130000000000109e+00 9.533379500000000561e+00
5.950000000000000178e+00 -8.264950000000000685e+00 4.338120500000000490e+00 -8.264950000000000685e+00 9.275599500000000219e+00
5.974999999999999645e+00 -7.883320000000000327e+00 4.115784099999999945e+00 -7.883320000000000327e+00 9.029815900000000894e+00
6.000000000000000000e+00 -7.518519999999999648e+00 3.904612150000000170e+00 -7.518519999999999648e+00 8.795447849999998624e+00
6.025000000000000355e+00 -7.169870000000000410e+00 3.704075000000000006e+00 -7.169870000000000410e+00 8.571954999999999103e+00
6.049999999999999822e+00 -6.836700000000000443e+00 3.513653099999999974e+00 -6.836700000000000443e+00 8.358826900000000393e+00
6.075000000000000178e+00 -6.518390000000000128e+00 3.332866999999999802e+00 -6.518390000000000128e+00 8.155573000000000405e+00
6.099999999999999645e+00 -6.214310000000000223e+00 3.161237349999999946e+00 -6.214310000000000223e+00 7.961722650000000456e+00
6.125000000000000000e+00 -5.923879999999999590e+00 2.998314749999999584e+00 -5.923879999999999590e+00 7.776815250000000290e+00
6.150000000000000355e+00 -5.646510000000000140e+00 2.843679999999999986e+00 -5.646510000000000140e+00 7.600419999999999732e+00
6.174999999999999822e+00 -5.381660000000000110e+00 2.696923700000000146e+00 -5.381660000000000110e+00 7.432146300000000316e+00
6.200000000000000178e+00 -5.128790000000000404e+00 2.557646749999999969e+00 -5.128790000000000404e+00 7.271573250000000321e+00
6.224999999999999645e+00 -4.887400000000000411e+00 2.425479849999999882e+00 -4.887400000000000411e+00 7.118340149999999866e+00
6.250000000000000000e+00 -4.656990000000000407e+00 2.300083799999999901e+00 -4.656990000000000407e+00 6.972096199999999300e+00
6.275000000000000355e+00 -4.437090000000000423e+00 2.181099450000000051e+00 -4.437090000000000423e+00 6.832480549999999653e+00
6.299999999999999822e+00 -4.227249999999999730e+00 2.068207600000000035e+00 -4.227249999999999730e+00 6.699182399999999760e+00
6.325000000000000178e+00 -4.027020000000000266e+00 1.961109200000000108e+00 -4.027020000000000266e+00 6.571880800000000633e+00
6.349999999999999645e+00 -3.835999999999999854e+00 1.859514950000000111e+00 -3.835999999999999854e+00 6.450295049999999364e+00
6.375000000000000000e+00 -3.653760000000000119e+00 1.763135850000000060e+00 -3.653760000000000119e+00 6.334124150000000064e+00
6.400000000000000355e+00 -3.479940000000000033e+00 1.671712700000000051e+00 -3.479940000000000033e+00 6.223127299999999806e+00
6.424999999999999822e+00 -3.314160000000000217e+00 1.584996300000000025e+00 -3.314160000000000217e+00 6.117023699999999842e+00
6.450000000000000178e+00 -3.156050000000000022e+00 1.502747599999999961e+00 -3.156050000000000022e+00 6.015592400000000062e+00
6.474999999999999645e+00 -3.005290000000000017e+00 1.424737449999999850e+00 -3.005290000000000017e+00 5.918582549999999998e+00
6.500000000000000000e+00 -2.861549999999999816e+00 1.350746599999999908e+00 -2.861549999999999816e+00 5.825793400000000233e+00
6.525000000000000355e+00 -2.724499999999999922e+00 1.280575950000000018e+00 -2.724499999999999922e+00 5.737014049999999976e+00
6.549999999999999822e+00 -2.593859999999999832e+00 1.214036349999999986e+00 -2.593859999999999832e+00 5.652043649999999531e+00
6.575000000000000178e+00 -2.469320000000000181e+00 1.150918600000000014e+00 -2.469320000000000181e+00 5.570671400000000162e+00
6.599999999999999645e+00 -2.350630000000000219e+00 1.091073500000000029e+00 -2.350630000000000219e+00 5.492756500000000486e+00
6.625000000000000000e+00 -2.237509999999999888e+00 1.034321849999999987e+00 -2.237509999999999888e+00 5.418118149999999744e+00
6.650000000000000355e+00 -2.129710000000000214e+00 9.805093499999999462e-01 -2.129710000000000214e+00 5.346580649999999935e+00
6.674999999999999822e+00 -2.026990000000000069e+00 9.294809499999999725e-01 -2.026990000000000069e+00 5.278007049999999367e+00
6.700000000000000178e+00 -1.929119999999999946e+00 8.810962500000000253e-01 -1.929119999999999946e+00 5.212235750000000500e+00
6.724999999999999645e+00 -1.835869999999999891e+00 8.352190999999999921e-01 -1.835869999999999891e+00 5.149138899999999630e+00
6.750000000000000000e+00 -1.747049999999999992e+00 7.917231000000000130e-01 -1.747049999999999992e+00 5.088588899999999526e+00
6.775000000000000355e+00 -1.662430000000000074e+00 7.504850499999999869e-01 -1.662430000000000074e+00 5.030450949999999644e+00
6.799999999999999822e+00 -1.581839999999999913e+00 7.113936000000000703e-01 -1.581839999999999913e+00 4.974622400000000333e+00
6.825000000000000178e+00 -1.505079999999999973e+00 6.743294499999999969e-01 -1.505079999999999973e+00 4.920972550000000112e+00
6.849999999999999645e+00 -1.431990000000000096e+00 6.391922499999999063e-01 -1.431990000000000096e+00 4.869399750000000360e+00
6.875000000000000000e+00 -1.362379999999999924e+00 6.058856499999999423e-01 -1.362379999999999924e+00 4.819806350000000350e+00
6.900000000000000355e+00 -1.296100000000000030e+00 5.743132499999999974e-01 -1.296100000000000030e+00 4.772094749999999941e+00
6.924999999999999822e+00 -1.233000000000000096e+00 5.443867000000000012e-01 -1.233000000000000096e+00 4.726175300000000412e+00
6.950000000000000178e+00 -1.172919999999999963e+00 5.160215999999999692e-01 -1.172919999999999963e+00 4.681952400000000125e+00
6.974999999999999645e+00 -1.115720000000000045e+00 4.891375000000000584e-01 -1.115720000000000045e+00 4.639354500000000492e+00
7.000000000000000000e+00 -1.061280000000000001e+00 4.636589500000000141e-01 -1.061280000000000001e+00 4.598305049999999561e+00
7.025000000000000355e+00 -1.009470000000000089e+00 4.395125500000000018e-01 -1.009470000000000089e+00 4.558719449999999895e+00
7.049999999999999822e+00 -9.601490000000000302e-01 4.166297999999999946e-01 -9.601490000000000302e-01 4.520538199999999840e+00
7.075000000000000178e+00 -9.132139999999999702e-01 3.949462499999999987e-01 -9.132139999999999702e-01 4.483675749999999738e+00
7.099999999999999645e+00 -8.685500000000000442e-01 3.743993500000000196e-01 -8.685500000000000442e-01 4.448088649999999866e+00
7.125000000000000000e+00 -8.260499999999999510e-01 3.549306500000000142e-01 -8.260499999999999510e-01 4.413697349999999631e+00
7.150000000000000355e+00 -7.856119999999999770e-01 3.364835999999999938e-01 -7.856119999999999770e-01 4.380464400000000147e+00
7.174999999999999822e+00 -7.471379999999999688e-01 3.190077000000000051e-01 -7.471379999999999688e-01 4.348318299999999859e+00
7.200000000000000178e+00 -7.105359999999999454e-01 3.024493500000000057e-01 -7.105359999999999454e-01 4.317214649999999487e+00
7.224999999999999645e+00 -6.757159999999999833e-01 2.867629999999999901e-01 -6.757159999999999833e-01 4.287097000000000158e+00
7.250000000000000000e+00 -6.425950000000000273e-01 2.719031000000000087e-01 -6.425950000000000273e-01 4.257928900000000461e+00
7.275000000000000355e+00 -6.110900000000000221e-01 2.578260500000000288e-01 -6.110900000000000221e-01 4.229655949999999720e+00
7.299999999999999822e+00 -5.811250000000000027e-01 2.444912000000000196e-01 -5.811250000000000027e-01 4.202246800000000171e+00
7.325000000000000178e+00 -5.526250000000000329e-01 2.318600500000000120e-01 -5.526250000000000329e-01 4.175651949999999779e+00
7.349999999999999645e+00 -5.255220000000000447e-01 2.198948500000000028e-01 -5.255220000000000447e-01 4.149823150000000460e+00
7.375000000000000000e+00 -4.997469999999999968e-01 2.085620499999999988e-01 -4.997469999999999968e-01 4.124745949999999439e+00
7.400000000000000355e+00 -4.752370000000000205e-01 1.978279500000000024e-01 -4.752370000000000205e-01 4.100376050000000383e+00
7.424999999999999822e+00 -4.519310000000000271e-01 1.876598999999999906e-01 -4.519310000000000271e-01 4.076680099999999918e+00
7.450000000000000178e+00 -4.297699999999999854e-01 1.780292500000000000e-01 -4.297699999999999854e-01 4.053618750000000048e+00
7.474999999999999645e+00 -4.087000000000000077e-01 1.689073299999999944e-01 -4.087000000000000077e-01 4.031172670000000124e+00
7.500000000000000000e+00 -3.886660000000000115e-01 1.602664249999999901e-01 -3.886660000000000115e-01 4.009313575000000185e+00
7.525000000000000355e+00 -3.696189999999999753e-01 1.520828450000000220e-01 -3.696189999999999753e-01 3.988007155000000026e+00
7.549999999999999822e+00 -3.515110000000000179e-01 1.443288749999999954e-01 -3.515110000000000179e-01 3.967225125000000130e+00
7.575000000000000178e+00 -3.342959999999999821e-01 1.369847949999999925e-01 -3.342959999999999821e-01 3.946957204999999913e+00
7.599999999999999645e+00 -3.179299999999999904e-01 1.300288850000000107e-01 -3.179299999999999904e-01 3.927171115000000157e+00
7.625000000000000000e+00 -3.023710000000000009e-01 1.234384000000000037e-01 -3.023710000000000009e-01 3.907853600000000149e+00
7.650000000000000355e+00 -2.875800000000000023e-01 1.171956299999999951e-01 -2.875800000000000023e-01 3.888966370000000339e+00
7.674999999999999822e+00 -2.735199999999999854e-01 1.112797499999999967e-01 -2.735199999999999854e-01 3.870498250000000251e+00
7.700000000000000178e+00 -2.601530000000000231e-01 1.056750449999999952e-01 -2.601530000000000231e-01 3.852442954999999891e+00
7.724999999999999645e+00 -2.474470000000000003e-01 1.003637199999999896e-01 -2.474470000000000003e-01 3.834762280000000079e+00
7.750000000000000000e+00 -2.353679999999999939e-01 9.533040500000000694e-02 -2.353679999999999939e-01 3.817450394999999830e+00
7.775000000000000355e+00 -2.238850000000000007e-01 9.055981999999999921e-02 -2.238850000000000007e-01 3.800481580000000026e+00
7.799999999999999822e+00 -2.129689999999999916e-01 8.603795999999999666e-02 -2.129689999999999916e-01 3.783861439999999909e+00
7.825000000000000178e+00 -2.025909999999999933e-01 8.175122999999999418e-02 -2.025909999999999933e-01 3.767555970000000087e+00
7.849999999999999645e+00 -1.927260000000000084e-01 7.768691499999999528e-02 -1.927260000000000084e-01 3.751552085000000147e+00
7.875000000000000000e+00 -1.833460000000000090e-01 7.383300499999999322e-02 -1.833460000000000090e-01 3.735847394999999960e+00
7.900000000000000355e+00 -1.744290000000000007e-01 7.017806999999999518e-02 -1.744290000000000007e-01 3.720420129999999936e+00
7.924999999999999822e+00 -1.659509999999999874e-01 6.671138499999999805e-02 -1.659509999999999874e-01 3.705259214999999884e+00
7.950000000000000178e+00 -1.578910000000000036e-01 6.342260999999999038e-02 -1.578910000000000036e-01 3.690363989999999816e+00
7.974999999999999645e+00 -1.502269999999999994e-01 6.030220499999999761e-02 -1.502269999999999994e-01 3.675704595000000019e+00
8.000000000000000000e+00 -1.429390000000000105e-01 5.734101999999999949e-02 -1.429390000000000105e-01 3.661291579999999879e+00
8.025000000000000355e+00 -1.360089999999999910e-01 5.453050000000000258e-02 -1.360089999999999910e-01 3.647106100000000239e+00
8.050000000000000711e+00 -1.294200000000000073e-01 5.186238500000000390e-02 -1.294200000000000073e-01 3.633139614999999711e+00
8.074999999999999289e+00 -1.231529999999999986e-01 4.932901500000000383e-02 -1.231529999999999986e-01 3.619384184999999921e+00
8.099999999999999645e+00 -1.171930000000000055e-01 4.692320999999999992e-02 -1.171930000000000055e-01 3.605822390000000155e+00
8.125000000000000000e+00 -1.115249999999999991e-01 4.463810000000000000e-02 -1.115249999999999991e-01 3.592457099999999848e+00
8.150000000000000355e+00 -1.061330000000000051e-01 4.246709499999999637e-02 -1.061330000000000051e-01 3.579281504999999974e+00
8.175000000000000711e+00 -1.010049999999999976e-01 4.040432000000000051e-02 -1.010049999999999976e-01 3.566289480000000012e+00
8.199999999999999289e+00 -9.612709999999999311e-02 3.844377999999999684e-02 -9.612709999999999311e-02 3.553464819999999857e+00
8.224999999999999645e+00 -9.148649999999999838e-02 3.658017499999999950e-02 -9.148649999999999838e-02 3.540812025000000141e+00
8.250000000000000000e+00 -8.707159999999999900e-02 3.480841000000000490e-02 -8.707159999999999900e-02 3.528315789999999730e+00
8.275000000000000355e+00 -8.287129999999999497e-02 3.312357999999999969e-02 -8.287129999999999497e-02 3.515981019999999901e+00
8.300000000000000711e+00 -7.887479999999999492e-02 3.152118000000000281e-02 -7.887479999999999492e-02 3.503793019999999814e+00
8.324999999999999289e+00 -7.507199999999999984e-02 2.999688999999999828e-02 -7.507199999999999984e-02 3.491747310000000049e+00
8.349999999999999645e+00 -7.145340000000000025e-02 2.854669999999999777e-02 -7.145340000000000025e-02 3.479839699999999869e+00
8.375000000000000000e+00 -6.800979999999999526e-02 2.716669000000000028e-02 -6.800979999999999526e-02 3.468076110000000156e+00
8.400000000000000355e+00 -6.473260000000000125e-02 2.585333999999999896e-02 -6.473260000000000125e-02 3.456442860000000117e+00
8.425000000000000711e+00 -6.161359999999999754e-02 2.460331499999999713e-02 -6.161359999999999754e-02 3.444926484999999872e+00
8.449999999999999289e+00 -5.864500000000000268e-02 2.341329499999999716e-02 -5.864500000000000268e-02 3.433543504999999829e+00
8.474999999999999645e+00 -5.581939999999999819e-02 2.228034500000000001e-02 -5.581939999999999819e-02 3.422280854999999899e+00
8.500000000000000000e+00 -5.312990000000000074e-02 2.120162500000000172e-02 -5.312990000000000074e-02 3.411135575000000308e+00
8.525000000000000355e+00 -5.056970000000000215e-02 2.017440500000000289e-02 -5.056970000000000215e-02 3.400094794999999781e+00
8.550000000000000711e+00 -4.813259999999999761e-02 1.919614000000000043e-02 -4.813259999999999761e-02 3.389175859999999929e+00
8.574999999999999289e+00 -4.581260000000000193e-02 1.826447999999999960e-02 -4.581260000000000193e-02 3.378356319999999968e+00
8.599999999999999645e+00 -4.360399999999999693e-02 1.737709000000000129e-02 -4.360399999999999693e-02 3.367633710000000224e+00
8.625000000000000000e+00 -4.150140000000000079e-02 1.653191999999999856e-02 -4.150140000000000079e-02 3.357025880000000129e+00
8.650000000000000355e+00 -3.949969999999999870e-02 1.572701500000000044e-02 -3.949969999999999870e-02 3.346510784999999988e+00
8.675000000000000711e+00 -3.759400000000000241e-02 1.496032499999999828e-02 -3.759400000000000241e-02 3.336096275000000055e+00
8.699999999999999289e+00 -3.577969999999999762e-02 1.423009499999999990e-02 -3.577969999999999762e-02 3.325770504999999932e+00
8.724999999999999645e+00 -3.405239999999999656e-02 1.353456999999999924e-02 -3.405239999999999656e-02 3.315531629999999730e+00
8.750000000000000000e+00 -3.240799999999999931e-02 1.287219499999999947e-02 -3.240799999999999931e-02 3.305388005000000184e+00
8.775000000000000355e+00 -3.084249999999999839e-02 1.224149999999999891e-02 -3.084249999999999839e-02 3.295338099999999937e+00
8.800000000000000711e+00 -2.935219999999999843e-02 1.164083500000000042e-02 -2.935219999999999843e-02 3.285360164999999721e+00
8.824999999999999289e+00 -2.793330000000000118e-02 1.106893000000000113e-02 -2.793330000000000118e-02 3.275472869999999759e+00
8.849999999999999645e+00 -2.658270000000000077e-02 1.052451999999999901e-02 -2.658270000000000077e-02 3.265674880000000169e+00
8.875000000000000000e+00 -2.529700000000000004e-02 1.000624200000000026e-02 -2.529700000000000004e-02 3.255944758000000050e+00
8.900000000000000355e+00 -2.407310000000000005e-02 9.512918000000000415e-03 -2.407310000000000005e-02 3.246301262000000243e+00
8.925000000000000711e+00 -2.290820000000000009e-02 9.043479000000000101e-03 -2.290820000000000009e-02 3.236723261000000296e+00
8.949999999999999289e+00 -2.179940000000000003e-02 8.596825500000000383e-03 -2.179940000000000003e-02 3.227229594499999799e+00
8.974999999999999645e+00 -2.074399999999999855e-02 8.171886499999999470e-03 -2.074399999999999855e-02 3.217809133500000307e+00
9.000000000000000000e+00 -1.973969999999999891e-02 7.767699499999999174e-03 -1.973969999999999891e-02 3.208450860499999724e+00
9.025000000000000355e+00 -1.878379999999999980e-02 7.383312000000000382e-03 -1.878379999999999980e-02 3.199173768000000084e+00
9.050000000000000711e+00 -1.787429999999999922e-02 7.017839500000000279e-03 -1.787429999999999922e-02 3.189966920499999858e+00
9.074999999999999289e+00 -1.700880000000000100e-02 6.670397500000000389e-03 -1.700880000000000100e-02 3.180819382499999737e+00
9.099999999999999645e+00 -1.618529999999999969e-02 6.340179500000000211e-03 -1.618529999999999969e-02 3.171740300500000220e+00
9.125000000000000000e+00 -1.540189999999999962e-02 6.026399499999999729e-03 -1.540189999999999962e-02 3.162728840500000249e+00
9.150000000000000355e+00 -1.465649999999999939e-02 5.728279000000000183e-03 -1.465649999999999939e-02 3.153784180999999798e+00
9.175000000000000711e+00 -1.394749999999999983e-02 5.445110999999999875e-03 -1.394749999999999983e-02 3.144895569000000002e+00
9.199999999999999289e+00 -1.327309999999999948e-02 5.176203999999999354e-03 -1.327309999999999948e-02 3.136072275999999714e+00
9.224999999999999645e+00 -1.263159999999999977e-02 4.920871500000000009e-03 -1.263159999999999977e-02 3.127313568499999974e+00
9.250000000000000000e+00 -1.202149999999999920e-02 4.678500999999999840e-03 -1.202149999999999920e-02 3.118608798999999987e+00
9.275000000000000355e+00 -1.144120000000000033e-02 4.448461499999999645e-03 -1.144120000000000033e-02 3.109967298499999977e+00
9.300000000000000711e+00 -1.088949999999999987e-02 4.230161999999999985e-03 -1.088949999999999987e-02 3.101388438000000303e+00
9.324999999999999289e+00 -1.036480000000000040e-02 4.023060000000000178e-03 -1.036480000000000040e-02 3.092851639999999680e+00
9.349999999999999645e+00 -9.865960000000000008e-03 3.826592000000000188e-03 -9.865960000000000008e-03 3.084386308000000021e+00
9.375000000000000000e+00 -9.391659999999999592e-03 3.640265000000000167e-03 -9.391659999999999592e-03 3.075961914999999713e+00
9.400000000000000355e+00 -8.940729999999999164e-03 3.463554999999999672e-03 -8.940729999999999164e-03 3.067597904999999958e+00
9.425000000000000711e+00 -8.512040000000000231e-03 3.296007000000000103e-03 -8.512040000000000231e-03 3.059293793000000150e+00
9.449999999999999289e+00 -8.104520000000000474e-03 3.137147000000000286e-03 -8.104520000000000474e-03 3.051029073000000036e+00
9.474999999999999645e+00 -7.717120000000000056e-03 2.986547999999999894e-03 -7.717120000000000056e-03 3.042823292000000013e+00
9.500000000000000000e+00 -7.348880000000000343e-03 2.843795000000000090e-03 -7.348880000000000343e-03 3.034666005000000055e+00
9.525000000000000355e+00 -6.998850000000000036e-03 2.708481500000000167e-03 -6.998850000000000036e-03 3.026566778499999888e+00
9.550000000000000711e+00 -6.666130000000000146e-03 2.580219999999999823e-03 -6.666130000000000146e-03 3.018505200000000332e+00
9.574999999999999289e+00 -6.349879999999999587e-03 2.458653500000000051e-03 -6.349879999999999587e-03 3.010500886500000028e+00
9.599999999999999645e+00 -6.049269999999999821e-03 2.343424500000000372e-03 -6.049269999999999821e-03 3.002543455499999681e+00
9.625000000000000000e+00 -5.763540000000000156e-03 2.234194000000000110e-03 -5.763540000000000156e-03 2.994632546000000062e+00
9.650000000000000355e+00 -5.491929999999999902e-03 2.130653499999999884e-03 -5.491929999999999902e-03 2.986757826500000323e+00
9.675000000000000711e+00 -5.233749999999999687e-03 2.032474000000000260e-03 -5.233749999999999687e-03 2.978938945999999977e+00
9.699999999999999289e+00 -4.988320000000000080e-03 1.939396500000000086e-03 -4.988320000000000080e-03 2.971165623500000130e+00
9.724999999999999645e+00 -4.754999999999999678e-03 1.851130500000000047e-03 -4.754999999999999678e-03 2.963437549500000046e+00
9.750000000000000000e+00 -4.533170000000000428e-03 1.767395499999999901e-03 -4.533170000000000428e-03 2.955754424499999811e+00
9.775000000000000355e+00 -4.322259999999999644e-03 1.687962000000000099e-03 -4.322259999999999644e-03 2.948105997999999950e+00
9.800000000000000711e+00 -4.121709999999999784e-03 1.612567999999999988e-03 -4.121709999999999784e-03 2.940511991999999797e+00
9.824999999999999289e+00 -3.930989999999999658e-03 1.541002999999999991e-03 -3.930989999999999658e-03 2.932952177000000216e+00
9.849999999999999645e+00 -3.749590000000000128e-03 1.473044499999999913e-03 -3.749590000000000128e-03 2.925436315500000273e+00
9.875000000000000000e+00 -3.577050000000000021e-03 1.408470499999999945e-03 -3.577050000000000021e-03 2.917964169500000260e+00
9.900000000000000355e+00 -3.412899999999999961e-03 1.347119499999999874e-03 -3.412899999999999961e-03 2.910525560499999997e+00
9.925000000000000711e+00 -3.256719999999999841e-03 1.288787499999999959e-03 -3.256719999999999841e-03 2.903130272500000331e+00
9.949999999999999289e+00 -3.108089999999999985e-03 1.233303000000000047e-03 -3.108089999999999985e-03 2.895778116999999874e+00
9.974999999999999645e+00 -2.966620000000000108e-03 1.180501499999999987e-03 -2.966620000000000108e-03 2.888468918500000093e+00
1.000000000000000000e+01 -2.831939999999999805e-03 1.130219500000000186e-03 -2.831939999999999805e-03 2.881192500500000087e+00
1.002500000000000036e+01 -2.703699999999999853e-03 1.082313500000000065e-03 -2.703699999999999853e-03 2.873958706499999849e+00
1.005000000000000071e+01 -2.581570000000000045e-03 1.036639499999999960e-03 -2.581570000000000045e-03 2.866757380500000174e+00
1.007499999999999929e+01 -2.465220000000000172e-03 9.930724999999999622e-04 -2.465220000000000172e-03 2.859598387500000172e+00
1.009999999999999964e+01 -2.354359999999999786e-03 9.514880000000000082e-04 -2.354359999999999786e-03 2.852481591999999733e+00
1.012500000000000000e+01 -2.248710000000000118e-03 9.117680000000000836e-04 -2.248710000000000118e-03 2.845396866000000191e+00
1.015000000000000036e+01 -2.147989999999999795e-03 8.738075000000000529e-04 -2.147989999999999795e-03 2.838344096499999747e+00
1.017500000000000071e+01 -2.051939999999999927e-03 8.374940000000000422e-04 -2.051939999999999927e-03 2.831333159999999793e+00
1.019999999999999929e+01 -1.960330000000000145e-03 8.027435000000000299e-04 -1.960330000000000145e-03 2.824353964500000203e+00
1.022499999999999964e+01 -1.872930000000000081e-03 7.694620000000000539e-04 -1.872930000000000081e-03 2.817416407999999706e+00
1.025000000000000000e+01 -1.789529999999999897e-03 7.375674999999999072e-04 -1.789529999999999897e-03 2.810510400500000117e+00
1.027500000000000036e+01 -1.709910000000000032e-03 7.069877499999999973e-04 -1.709910000000000032e-03 2.803645862250000231e+00
1.030000000000000071e+01 -1.633890000000000038e-03 6.776377500000000699e-04 -1.633890000000000038e-03 2.796802702249999939e+00
1.032499999999999929e+01 -1.561279999999999960e-03 6.494569000000000600e-04 -1.561279999999999960e-03 2.790000853100000011e+00
1.034999999999999964e+01 -1.491909999999999938e-03 6.223834000000000354e-04 -1.491909999999999938e-03 2.783240246600000134e+00
1.037500000000000000e+01 -1.425629999999999996e-03 5.963599999999999891e-04 -1.425629999999999996e-03 2.776500819999999869e+00
1.040000000000000036e+01 -1.362270000000000061e-03 5.713325499999999954e-04 -1.362270000000000061e-03 2.769802513449999726e+00
1.042500000000000071e+01 -1.301700000000000036e-03 5.472536499999999370e-04 -1.301700000000000036e-03 2.763135274349999726e+00
1.044999999999999929e+01 -1.243769999999999945e-03 5.240765999999999350e-04 -1.243769999999999945e-03 2.756499051400000067e+00
1.047499999999999964e+01 -1.188370000000000008e-03 5.017608499999999310e-04 -1.188370000000000008e-03 2.749893799150000095e+00
1.050000000000000000e+01 -1.135369999999999912e-03 4.802645000000000568e-04 -1.135369999999999912e-03 2.743319471499999995e+00
1.052500000000000036e+01 -1.084649999999999937e-03 4.595625499999999729e-04 -1.084649999999999937e-03 2.736786039450000096e+00
1.055000000000000071e+01 -1.036119999999999966e-03 4.396120000000000323e-04 -1.036119999999999966e-03 2.730283455999999997e+00
1.057499999999999929e+01 -9.896690000000000955e-04 4.203875999999999728e-04 -9.896690000000000955e-04 2.723801692400000363e+00
1.059999999999999964e+01 -9.452069999999999916e-04 4.018621000000000432e-04 -9.452069999999999916e-04 2.717360717899999667e+00
1.062500000000000000e+01 -9.026379999999999864e-04 3.840101000000000387e-04 -9.026379999999999864e-04 2.710950503900000363e+00
1.065000000000000036e+01 -8.618849999999999515e-04 3.668091500000000013e-04 -8.618849999999999515e-04 2.704561024850000273e+00
1.067500000000000071e+01 -8.228670000000000212e-04 3.502376499999999924e-04 -8.228670000000000212e-04 2.698212256350000171e+00
1.069999999999999929e+01 -7.855089999999999902e-04 3.342759999999999959e-04 -7.855089999999999902e-04 2.691894175999999916e+00
1.072499999999999964e+01 -7.497409999999999491e-04 3.189064999999999934e-04 -7.497409999999999491e-04 2.685596763499999984e+00
1.075000000000000000e+01 -7.154960000000000356e-04 3.041112999999999694e-04 -7.154960000000000356e-04 2.679339998700000169e+00
1.077500000000000036e+01 -6.827110000000000166e-04 2.898756000000000271e-04 -6.827110000000000166e-04 2.673103864399999807e+00
1.080000000000000071e+01 -6.513260000000000317e-04 2.761845000000000185e-04 -6.513260000000000317e-04 2.666908343499999834e+00
1.082499999999999929e+01 -6.212859999999999737e-04 2.630230499999999957e-04 -6.212859999999999737e-04 2.660733418950000040e+00
1.084999999999999964e+01 -5.925359999999999525e-04 2.503793000000000034e-04 -5.925359999999999525e-04 2.654589076700000216e+00
1.087500000000000000e+01 -5.650260000000000482e-04 2.382380999999999984e-04 -5.650260000000000482e-04 2.648475299900000302e+00
1.090000000000000036e+01 -5.387060000000000156e-04 2.265884499999999972e-04 -5.387060000000000156e-04 2.642382075549999598e+00
1.092500000000000071e+01 -5.135299999999999978e-04 2.154182000000000037e-04 -5.135299999999999978e-04 2.636329389800000200e+00
1.094999999999999929e+01 -4.894549999999999682e-04 2.047142000000000059e-04 -4.894549999999999682e-04 2.630297227799999860e+00
1.097499999999999964e+01 -4.664359999999999774e-04 1.944663000000000121e-04 -4.664359999999999774e-04 2.624295577700000326e+00
1.100000000000000000e+01 -4.444359999999999847e-04 1.846622500000000191e-04 -4.444359999999999847e-04 2.618314425749999952e+00
1.102500000000000036e+01 -4.234129999999999795e-04 1.752897999999999967e-04 -4.234129999999999795e-04 2.612373758199999951e+00
1.105000000000000071e+01 -4.033299999999999754e-04 1.663377500000000017e-04 -4.033299999999999754e-04 2.606453562249999578e+00
1.107499999999999929e+01 -3.841520000000000178e-04 1.577948000000000024e-04 -3.841520000000000178e-04 2.600553825200000002e+00
1.109999999999999964e+01 -3.658439999999999891e-04 1.496496000000000046e-04 -3.658439999999999891e-04 2.594694534400000308e+00
1.112500000000000000e+01 -3.483720000000000046e-04 1.418899499999999949e-04 -3.483720000000000046e-04 2.588855676050000110e+00
1.115000000000000036e+01 -3.317039999999999941e-04 1.345045000000000062e-04 -3.317039999999999941e-04 2.583037237499999694e+00
1.117500000000000071e+01 -3.158079999999999958e-04 1.274808500000000112e-04 -3.158079999999999958e-04 2.577249205150000222e+00
1.119999999999999929e+01 -3.006530000000000096e-04 1.208077499999999954e-04 -3.006530000000000096e-04 2.571491566249999750e+00
1.122499999999999964e+01 -2.862119999999999899e-04 1.144737500000000117e-04 -2.862119999999999899e-04 2.565764308249999903e+00
1.125000000000000000e+01 -2.724539999999999905e-04 1.084656000000000004e-04 -2.724539999999999905e-04 2.560047416399999776e+00
1.127500000000000036e+01 -2.593529999999999816e-04 1.027718500000000010e-04 -2.593529999999999816e-04 2.554370878150000301e+00
1.130000000000000071e+01 -2.468820000000000259e-04 9.738215000000000749e-05 -2.468820000000000259e-04 2.548714681849999941e+00
1.132499999999999929e+01 -2.350150000000000123e-04 9.228210000000000200e-05 -2.350150000000000123e-04 2.543078811900000069e+00
1.134999999999999964e+01 -2.237259999999999921e-04 8.746274999999999536e-05 -2.237259999999999921e-04 2.537473258050000346e+00
1.137500000000000000e+01 -2.129909999999999941e-04 8.291084999999999579e-05 -2.129909999999999941e-04 2.531888005949999965e+00
1.140000000000000036e+01 -2.027870000000000085e-04 7.861540000000000628e-05 -2.027870000000000085e-04 2.526333043200000184e+00
1.142500000000000071e+01 -1.930909999999999983e-04 7.456510000000000883e-05 -1.930909999999999983e-04 2.520798357499999920e+00
1.144999999999999929e+01 -1.838800000000000081e-04 7.074894999999999285e-05 -1.838800000000000081e-04 2.515293936650000006e+00
1.147499999999999964e+01 -1.751330000000000052e-04 6.715599999999999196e-05 -1.751330000000000052e-04 2.509809768399999808e+00
1.150000000000000000e+01 -1.668300000000000002e-04 6.377575000000000344e-05 -1.668300000000000002e-04 2.504345841250000149e+00
1.152500000000000036e+01 -1.589489999999999989e-04 6.059775000000000101e-05 -1.589489999999999989e-04 2.498912143650000139e+00
1.155000000000000071e+01 -1.514730000000000048e-04 5.761205000000000688e-05 -1.514730000000000048e-04 2.493498664350000116e+00
1.157499999999999929e+01 -1.443820000000000010e-04 5.480919999999999694e-05 -1.443820000000000010e-04 2.488115392999999731e+00
1.159999999999999964e+01 -1.376580000000000024e-04 5.217894999999999955e-05 -1.376580000000000024e-04 2.482742318050000119e+00
1.162500000000000000e+01 -1.312829999999999965e-04 4.971234500000000489e-05 -1.312829999999999965e-04 2.477409429654999773e+00
1.165000000000000036e+01 -1.252419999999999911e-04 4.740097000000000028e-05 -1.252419999999999911e-04 2.472086718230000368e+00
1.167500000000000071e+01 -1.195170000000000011e-04 4.523621500000000003e-05 -1.195170000000000011e-04 2.466794174185000355e+00
1.169999999999999929e+01 -1.140939999999999956e-04 4.320979000000000020e-05 -1.140939999999999956e-04 2.461521788209999784e+00
1.172499999999999964e+01 -1.089569999999999937e-04 4.131378500000000309e-05 -1.089569999999999937e-04 2.456269551415000141e+00
1.175000000000000000e+01 -1.040920000000000056e-04 3.954088000000000486e-05 -1.040920000000000056e-04 2.451037455519999853e+00
1.177500000000000036e+01 -9.948560000000000172e-05 3.788364500000000073e-05 -9.948560000000000172e-05 2.445835492155000068e+00
1.180000000000000071e+01 -9.512409999999999952e-05 3.633522999999999939e-05 -9.512409999999999952e-05 2.440653653570000081e+00
1.182499999999999929e+01 -9.099489999999999846e-05 3.488898500000000322e-05 -9.099489999999999846e-05 2.435491932214999711e+00
1.184999999999999964e+01 -8.708579999999999891e-05 3.353862499999999943e-05 -8.708579999999999891e-05 2.430350320975000145e+00
1.187500000000000000e+01 -8.338569999999999685e-05 3.227797500000000329e-05 -8.338569999999999685e-05 2.425228812825000357e+00
1.190000000000000036e+01 -7.988209999999999875e-05 3.110132500000000160e-05 -7.988209999999999875e-05 2.420137401275000322e+00
1.192500000000000071e+01 -7.656539999999999711e-05 3.000295999999999776e-05 -7.656539999999999711e-05 2.415056079840000258e+00
1.194999999999999929e+01 -7.342510000000000280e-05 2.897754999999999838e-05 -7.342510000000000280e-05 2.410004842449999796e+00
1.197499999999999964e+01 -7.045110000000000044e-05 2.802014000000000241e-05 -7.045110000000000044e-05 2.404973683459999734e+00
1.200000000000000000e+01 -6.763419999999999697e-05 2.712567499999999843e-05 -6.763419999999999697e-05 2.399962597125000041e+00
1.202500000000000036e+01 -6.496519999999999931e-05 2.628957000000000112e-05 -6.496519999999999931e-05 2.394971578230000286e+00
1.205000000000000071e+01 -6.243559999999999562e-05 2.550713000000000053e-05 -6.243559999999999562e-05 2.390000621470000031e+00
1.207499999999999929e+01 -6.003700000000000134e-05 2.477424500000000051e-05 -6.003700000000000134e-05 2.385049722154999774e+00
1.209999999999999964e+01 -5.776149999999999915e-05 2.408659000000000006e-05 -5.776149999999999915e-05 2.380118875410000001e+00
1.212500000000000000e+01 -5.560149999999999950e-05 2.344022500000000138e-05 -5.560149999999999950e-05 2.375218076774999965e+00
1.215000000000000036e+01 -5.354990000000000038e-05 2.283169499999999994e-05 -5.354990000000000038e-05 2.370327322304999651e+00
1.217500000000000071e+01 -5.159969999999999997e-05 2.225651999999999744e-05 -5.159969999999999997e-05 2.365456607080000051e+00
1.219999999999999929e+01 -4.974439999999999759e-05 2.171190999999999860e-05 -4.974439999999999759e-05 2.360615927890000076e+00
1.222499999999999964e+01 -4.797769999999999975e-05 2.119429000000000067e-05 -4.797769999999999975e-05 2.355785280710000151e+00
1.225000000000000000e+01 -4.629360000000000007e-05 2.070062999999999835e-05 -4.629360000000000007e-05 2.350974662170000062e+00
1.227500000000000036e+01 -4.468639999999999960e-05 2.022780500000000004e-05 -4.468639999999999960e-05 2.346184068794999966e+00
1.230000000000000071e+01 -4.315090000000000050e-05 1.977307500000000042e-05 -4.315090000000000050e-05 2.341413497525000054e+00
1.232499999999999929e+01 -4.168189999999999813e-05 1.933369000000000022e-05 -4.168189999999999813e-05 2.336662945310000072e+00
1.234999999999999964e+01 -4.027460000000000230e-05 1.890719000000000015e-05 -4.027460000000000230e-05 2.331932409410000240e+00
1.237500000000000000e+01 -3.892450000000000315e-05 1.849128999999999961e-05 -3.892450000000000315e-05 2.327221887309999904e+00
1.240000000000000036e+01 -3.762739999999999824e-05 1.808381499999999891e-05 -3.762739999999999824e-05 2.322531376584999752e+00
1.242500000000000071e+01 -3.637929999999999913e-05 1.768266500000000022e-05 -3.637929999999999913e-05 2.317860874935000037e+00
1.244999999999999929e+01 -3.517649999999999770e-05 1.728623000000000271e-05 -3.517649999999999770e-05 2.313200380570000103e+00
1.247499999999999964e+01 -3.401560000000000006e-05 1.689290499999999916e-05 -3.401560000000000006e-05 2.308569891694999932e+00
1.250000000000000000e+01 -3.289329999999999896e-05 1.650116500000000145e-05 -3.289329999999999896e-05 2.303949406634999697e+00
1.252500000000000036e+01 -3.180690000000000204e-05 1.610987499999999795e-05 -3.180690000000000204e-05 2.299348924124999805e+00
1.255000000000000071e+01 -3.075350000000000295e-05 1.571789500000000039e-05 -3.075350000000000295e-05 2.294768442905000150e+00
1.257499999999999929e+01 -2.973080000000000002e-05 1.532448500000000105e-05 -2.973080000000000002e-05 2.290207962114999773e+00
1.259999999999999964e+01 -2.873659999999999859e-05 1.492891000000000103e-05 -2.873659999999999859e-05 2.285667480889999936e+00
1.262500000000000000e+01 -2.776880000000000084e-05 1.453065499999999818e-05 -2.776880000000000084e-05 2.281136998745000088e+00
1.265000000000000036e+01 -2.682579999999999988e-05 1.412951500000000019e-05 -2.682579999999999988e-05 2.276626515284999819e+00
1.267500000000000071e+01 -2.590599999999999896e-05 1.372520000000000032e-05 -2.590599999999999896e-05 2.272136030199999990e+00
1.269999999999999929e+01 -2.500809999999999863e-05 1.331764500000000080e-05 -2.500809999999999863e-05 2.267665543355000146e+00
1.272499999999999964e+01 -2.413089999999999964e-05 1.290725499999999946e-05 -2.413089999999999964e-05 2.263205055144999811e+00
1.275000000000000000e+01 -2.327350000000000003e-05 1.249415499999999998e-05 -2.327350000000000003e-05 2.258774565645000010e+00
1.277500000000000036e+01 -2.243500000000000119e-05 1.207886500000000145e-05 -2.243500000000000119e-05 2.254354075335000207e+00
1.280000000000000071e+01 -2.161479999999999844e-05 1.166189000000000025e-05 -2.161479999999999844e-05 2.249943584710000000e+00
1.282499999999999929e+01 -2.081250000000000106e-05 1.124373999999999986e-05 -2.081250000000000106e-05 2.245563094260000003e+00
1.284999999999999964e+01 -2.002770000000000139e-05 1.082541999999999943e-05 -2.002770000000000139e-05 2.241192604980000169e+00
1.287500000000000000e+01 -1.925999999999999856e-05 1.040753499999999894e-05 -1.925999999999999856e-05 2.236842117464999724e+00
1.290000000000000036e+01 -1.850949999999999956e-05 9.990980000000000013e-06 -1.850949999999999956e-05 2.232501632620000009e+00
1.292500000000000071e+01 -1.777600000000000057e-05 9.576860000000000326e-06 -1.777600000000000057e-05 2.228181151539999849e+00
1.294999999999999929e+01 -1.705959999999999841e-05 9.166030000000000399e-06 -1.705959999999999841e-05 2.223880675089999759e+00
1.297499999999999964e+01 -1.636029999999999988e-05 8.759460000000000325e-06 -1.636029999999999988e-05 2.219600204260000265e+00
1.300000000000000000e+01 -1.567839999999999883e-05 8.358179999999999316e-06 -1.567839999999999883e-05 2.215329740080000054e+00
1.302500000000000036e+01 -1.501390000000000037e-05 7.963164999999999507e-06 -1.501390000000000037e-05 2.211079283554999719e+00
1.305000000000000071e+01 -1.436720000000000027e-05 7.575400000000000349e-06 -1.436720000000000027e-05 2.206838835660000164e+00
1.307499999999999929e+01 -1.373850000000000068e-05 7.195799999999999782e-06 -1.373850000000000068e-05 2.202618397359999758e+00
1.309999999999999964e+01 -1.312800000000000035e-05 6.825289999999999835e-06 -1.312800000000000035e-05 2.198417969569999908e+00
1.312500000000000000e+01 -1.253589999999999970e-05 6.464679999999999572e-06 -1.253589999999999970e-05 2.194227553140000175e+00
1.315000000000000036e+01 -1.196249999999999939e-05 6.114765000000000399e-06 -1.196249999999999939e-05 2.190057148874999804e+00
1.317500000000000071e+01 -1.140789999999999965e-05 5.776250000000000812e-06 -1.140789999999999965e-05 2.185896757510000121e+00
1.319999999999999929e+01 -1.087239999999999944e-05 5.449769499999999796e-06 -1.087239999999999944e-05 2.181756379690499958e+00
1.322499999999999964e+01 -1.035610000000000068e-05 5.135861499999999921e-06 -1.035610000000000068e-05 2.177636015978499984e+00
1.325000000000000000e+01 -9.858949999999999856e-06 4.834987499999999420e-06 -9.858949999999999856e-06 2.173525666852500038e+00
1.327500000000000036e+01 -9.381140000000000106e-06 4.547516999999999917e-06 -9.381140000000000106e-06 2.169435332703000263e+00
1.330000000000000071e+01 -8.922630000000000323e-06 4.273732999999999693e-06 -8.922630000000000323e-06 2.165355013826999908e+00
1.332499999999999929e+01 -8.483350000000000694e-06 4.013818500000000202e-06 -8.483350000000000694e-06 2.161294710421500120e+00
1.334999999999999964e+01 -8.063199999999999304e-06 3.767863999999999811e-06 -8.063199999999999304e-06 2.157244422595999911e+00
1.337500000000000000e+01 -7.662020000000000207e-06 3.535884499999999993e-06 -7.662020000000000207e-06 2.153214150375500235e+00
1.340000000000000036e+01 -7.279580000000000020e-06 3.317798499999999876e-06 -7.279580000000000020e-06 2.149193893681499823e+00
1.342500000000000071e+01 -6.915629999999999888e-06 3.113441499999999894e-06 -6.915629999999999888e-06 2.145193652358500014e+00
1.344999999999999929e+01 -6.569810000000000038e-06 2.922581499999999997e-06 -6.569810000000000038e-06 2.141203426178500013e+00
1.347499999999999964e+01 -6.241769999999999702e-06 2.744908500000000098e-06 -6.241769999999999702e-06 2.137233214831500305e+00
1.350000000000000000e+01 -5.931089999999999994e-06 2.580073999999999787e-06 -5.931089999999999994e-06 2.133273017966000218e+00
1.352500000000000036e+01 -5.637310000000000072e-06 2.427589499999999875e-06 -5.637310000000000072e-06 2.129332835090500087e+00
1.355000000000000071e+01 -5.359950000000000241e-06 2.287022999999999872e-06 -5.359950000000000241e-06 2.125402665756999987e+00
1.357499999999999929e+01 -5.098469999999999993e-06 2.157840000000000163e-06 -5.098469999999999993e-06 2.121482509419999829e+00
1.359999999999999964e+01 -4.852309999999999965e-06 2.039477999999999940e-06 -4.852309999999999965e-06 2.117582365501999853e+00
1.362500000000000000e+01 -4.620900000000000091e-06 1.931367500000000105e-06 -4.620900000000000091e-06 2.113702233412499965e+00
1.365000000000000036e+01 -4.403649999999999757e-06 1.832902500000000024e-06 -4.403649999999999757e-06 2.109832112517500136e+00
1.367500000000000071e+01 -4.199929999999999784e-06 1.743471999999999983e-06 -4.199929999999999784e-06 2.105972002187999959e+00
1.369999999999999929e+01 -4.009150000000000401e-06 1.662454999999999993e-06 -4.009150000000000401e-06 2.102131901764999977e+00
1.372499999999999964e+01 -3.830660000000000183e-06 1.589257000000000054e-06 -3.830660000000000183e-06 2.098301810623000030e+00
1.375000000000000000e+01 -3.663870000000000210e-06 1.523258500000000114e-06 -3.663870000000000210e-06 2.094481728101500018e+00
1.377500000000000036e+01 -3.508150000000000030e-06 1.463878999999999923e-06 -3.508150000000000030e-06 2.090681653580999999e+00
1.380000000000000071e+01 -3.362900000000000023e-06 1.410551000000000016e-06 -3.362900000000000023e-06 2.086891586449000080e+00
1.382499999999999929e+01 -3.227529999999999996e-06 1.362728000000000025e-06 -3.227529999999999996e-06 2.083121526111999966e+00
1.384999999999999964e+01 -3.101480000000000161e-06 1.319914500000000142e-06 -3.101480000000000161e-06 2.079361472025500035e+00
1.387500000000000000e+01 -2.984189999999999883e-06 1.281627000000000045e-06 -2.984189999999999883e-06 2.075611423653000109e+00
1.390000000000000036e+01 -2.875130000000000203e-06 1.247422499999999999e-06 -2.875130000000000203e-06 2.071881380497500036e+00
1.392500000000000071e+01 -2.773800000000000022e-06 1.216898999999999917e-06 -2.773800000000000022e-06 2.068161342101000333e+00
1.394999999999999929e+01 -2.679729999999999922e-06 1.189685499999999936e-06 -2.679729999999999922e-06 2.064451308034499721e+00
1.397499999999999964e+01 -2.592450000000000056e-06 1.165451499999999932e-06 -2.592450000000000056e-06 2.060761277908500055e+00
1.400000000000000000e+01 -2.511559999999999972e-06 1.143926999999999864e-06 -2.511559999999999972e-06 2.057081251392999910e+00
1.402500000000000036e+01 -2.436660000000000062e-06 1.124843000000000142e-06 -2.436660000000000062e-06 2.053421228157000122e+00
1.405000000000000071e+01 -2.367370000000000002e-06 1.107999499999999902e-06 -2.367370000000000002e-06 2.049761207940500096e+00
1.407499999999999929e+01 -2.303360000000000000e-06 1.093217250000000074e-06 -2.303360000000000000e-06 2.046121190502750320e+00
1.409999999999999964e+01 -2.244319999999999969e-06 1.080336549999999871e-06 -2.244319999999999969e-06 2.042491175623450061e+00
1.412500000000000000e+01 -2.189969999999999803e-06 1.069257699999999949e-06 -2.189969999999999803e-06 2.038881163142299613e+00
1.415000000000000036e+01 -2.140040000000000097e-06 1.059880650000000120e-06 -2.140040000000000097e-06 2.035281152899350410e+00
1.417500000000000071e+01 -2.094279999999999878e-06 1.052144199999999880e-06 -2.094279999999999878e-06 2.031691144775800151e+00
1.419999999999999929e+01 -2.052469999999999849e-06 1.045996850000000031e-06 -2.052469999999999849e-06 2.028111138663149848e+00
1.422499999999999964e+01 -2.014430000000000125e-06 1.041416050000000088e-06 -2.014430000000000125e-06 2.024541134483949900e+00
1.425000000000000000e+01 -1.979949999999999991e-06 1.038388750000000147e-06 -1.979949999999999991e-06 2.020991132171249927e+00
1.427500000000000036e+01 -1.948870000000000113e-06 1.036909500000000131e-06 -1.948870000000000113e-06 2.017451131670500164e+00
1.430000000000000071e+01 -1.921029999999999885e-06 1.036972550000000145e-06 -1.921029999999999885e-06 2.013931132927450296e+00
1.432499999999999929e+01 -1.896269999999999973e-06 1.038571499999999845e-06 -1.896269999999999973e-06 2.010411135888499956e+00
1.434999999999999964e+01 -1.874449999999999900e-06 1.041717499999999865e-06 -1.874449999999999900e-06 2.006911140522499970e+00
1.437500000000000000e+01 -1.855430000000000038e-06 1.046410500000000025e-06 -1.855430000000000038e-06 2.003421146789500007e+00
1.440000000000000036e+01 -1.839090000000000039e-06 1.052638999999999901e-06 -1.839090000000000039e-06 1.999941154640999974e+00
1.442500000000000071e+01 -1.825279999999999997e-06 1.060400499999999954e-06 -1.825279999999999997e-06 1.996471164039499868e+00
1.444999999999999929e+01 -1.813869999999999923e-06 1.069620000000000018e-06 -1.813869999999999923e-06 1.993021174879999968e+00
1.447499999999999964e+01 -1.804730000000000041e-06 1.080301499999999994e-06 -1.804730000000000041e-06 1.989581187138499851e+00
1.450000000000000000e+01 -1.797729999999999939e-06 1.092386999999999973e-06 -1.797729999999999939e-06 1.986151200733000000e+00
1.452500000000000036e+01 -1.792729999999999986e-06 1.105808000000000077e-06 -1.792729999999999986e-06 1.982731215572000050e+00
1.455000000000000071e+01 -1.789589999999999920e-06 1.120473499999999912e-06 -1.789589999999999920e-06 1.979321231546499860e+00
1.457499999999999929e+01 -1.788160000000000045e-06 1.136301000000000058e-06 -1.788160000000000045e-06 1.975931248558999931e+00
1.459999999999999964e+01 -1.788290000000000034e-06 1.153166500000000058e-06 -1.788290000000000034e-06 1.972541266473500032e+00
1.462500000000000000e+01 -1.789819999999999916e-06 1.170956000000000152e-06 -1.789819999999999916e-06 1.969171285164000196e+00
1.465000000000000036e+01 -1.792610000000000062e-06 1.189523000000000003e-06 -1.792610000000000062e-06 1.965811304477000032e+00
1.467500000000000071e+01 -1.796490000000000015e-06 1.208729500000000037e-06 -1.796490000000000015e-06 1.962461324270500018e+00
1.469999999999999929e+01 -1.801289999999999952e-06 1.228406999999999943e-06 -1.801289999999999952e-06 1.959131344373000072e+00
1.472499999999999964e+01 -1.806849999999999904e-06 1.248385999999999807e-06 -1.806849999999999904e-06 1.955801364614000004e+00
1.475000000000000000e+01 -1.812989999999999984e-06 1.268486000000000047e-06 -1.812989999999999984e-06 1.952481384813999910e+00
1.477500000000000036e+01 -1.819560000000000075e-06 1.288535500000000057e-06 -1.819560000000000075e-06 1.949181404804499973e+00
1.480000000000000071e+01 -1.826380000000000079e-06 1.308351500000000081e-06 -1.826380000000000079e-06 1.945891424408499937e+00
1.482499999999999929e+01 -1.833279999999999962e-06 1.327742500000000019e-06 -1.833279999999999962e-06 1.942611443437499918e+00
1.484999999999999964e+01 -1.840099999999999967e-06 1.346523999999999968e-06 -1.840099999999999967e-06 1.939341461716000081e+00
1.487500000000000000e+01 -1.846679999999999910e-06 1.364512999999999958e-06 -1.846679999999999910e-06 1.936081479067000011e+00
1.490000000000000036e+01 -1.852870000000000100e-06 1.381545499999999909e-06 -1.852870000000000100e-06 1.932831495334500049e+00
1.492500000000000071e+01 -1.858519999999999995e-06 1.397435999999999888e-06 -1.858519999999999995e-06 1.929591510344000005e+00
1.494999999999999929e+01 -1.863489999999999966e-06 1.412051000000000128e-06 -1.863489999999999966e-06 1.926361523969000178e+00
1.497499999999999964e+01 -1.867650000000000025e-06 1.425235999999999859e-06 -1.867650000000000025e-06 1.923151536063999911e+00
1.500000000000000000e+01 -1.870869999999999970e-06 1.436846000000000160e-06 -1.870869999999999970e-06 1.919941546493999951e+00
1.502500000000000036e+01 -1.873050000000000007e-06 1.446756999999999936e-06 -1.873050000000000007e-06 1.916751555142999885e+00
1.505000000000000071e+01 -1.874089999999999916e-06 1.454863999999999891e-06 -1.874089999999999916e-06 1.913561561916000020e+00
1.507499999999999929e+01 -1.873899999999999965e-06 1.461114000000000043e-06 -1.873899999999999965e-06 1.910391566766000082e+00
1.509999999999999964e+01 -1.872400000000000064e-06 1.465403000000000062e-06 -1.872400000000000064e-06 1.907231569596999909e+00
1.512500000000000000e+01 -1.869530000000000039e-06 1.467707000000000134e-06 -1.869530000000000039e-06 1.904081570393000078e+00
1.515000000000000036e+01 -1.865250000000000056e-06 1.467963499999999909e-06 -1.865250000000000056e-06 1.900931569096500073e+00
1.517500000000000071e+01 -1.859520000000000070e-06 1.466170000000000059e-06 -1.859520000000000070e-06 1.897801565710000027e+00
1.519999999999999929e+01 -1.852319999999999953e-06 1.462333899999999899e-06 -1.852319999999999953e-06 1.894681560246100016e+00
1.522499999999999964e+01 -1.843649999999999916e-06 1.456473549999999926e-06 -1.843649999999999916e-06 1.891571552726450056e+00
1.525000000000000000e+01 -1.833499999999999894e-06 1.448627500000000006e-06 -1.833499999999999894e-06 1.888471543192500102e+00
1.527500000000000036e+01 -1.821900000000000082e-06 1.438844849999999950e-06 -1.821900000000000082e-06 1.885381531695150104e+00
1.530000000000000071e+01 -1.808880000000000035e-06 1.427194949999999967e-06 -1.808880000000000035e-06 1.882301518305049992e+00
1.532499999999999929e+01 -1.794469999999999948e-06 1.413767750000000030e-06 -1.794469999999999948e-06 1.879231503112249957e+00
1.534999999999999964e+01 -1.778740000000000058e-06 1.398663400000000057e-06 -1.778740000000000058e-06 1.876171486216599904e+00
1.537500000000000000e+01 -1.761729999999999987e-06 1.381972249999999989e-06 -1.761729999999999987e-06 1.873121467707749899e+00
1.540000000000000036e+01 -1.743539999999999954e-06 1.363835249999999937e-06 -1.743539999999999954e-06 1.870071447724749980e+00
1.542500000000000071e+01 -1.724220000000000070e-06 1.344363400000000001e-06 -1.724220000000000070e-06 1.867041426376599977e+00
1.544999999999999929e+01 -1.703860000000000065e-06 1.323697900000000139e-06 -1.703860000000000065e-06 1.864021403802099908e+00
1.547499999999999964e+01 -1.682580000000000075e-06 1.301980199999999947e-06 -1.682580000000000075e-06 1.861011380139800053e+00
1.550000000000000000e+01 -1.660459999999999981e-06 1.279341799999999985e-06 -1.660459999999999981e-06 1.858011355518199847e+00
1.552500000000000036e+01 -1.637600000000000000e-06 1.255944200000000156e-06 -1.637600000000000000e-06 1.855021330095799836e+00
1.555000000000000071e+01 -1.614099999999999928e-06 1.231908950000000080e-06 -1.614099999999999928e-06 1.852041303991049936e+00
1.557499999999999929e+01 -1.590079999999999902e-06 1.207407650000000088e-06 -1.590079999999999902e-06 1.849061277372349821e+00
1.559999999999999964e+01 -1.565630000000000077e-06 1.182561400000000072e-06 -1.565630000000000077e-06 1.846101250358600065e+00
1.562500000000000000e+01 -1.540869999999999953e-06 1.157511850000000140e-06 -1.540869999999999953e-06 1.843151223088150159e+00
1.565000000000000036e+01 -1.515910000000000026e-06 1.132399850000000040e-06 -1.515910000000000026e-06 1.840201195700150061e+00
1.567500000000000071e+01 -1.490840000000000027e-06 1.107346149999999877e-06 -1.490840000000000027e-06 1.837271168313850067e+00
1.569999999999999929e+01 -1.465770000000000029e-06 1.082471250000000118e-06 -1.465770000000000029e-06 1.834341141048750012e+00
1.572499999999999964e+01 -1.440810000000000102e-06 1.057885249999999927e-06 -1.440810000000000102e-06 1.831421114014750051e+00
1.575000000000000000e+01 -1.416049999999999978e-06 1.033697999999999890e-06 -1.416049999999999978e-06 1.828521087321999916e+00
1.577500000000000036e+01 -1.391569999999999960e-06 1.009988800000000100e-06 -1.391569999999999960e-06 1.825621061051200034e+00
1.580000000000000071e+01 -1.367479999999999907e-06 9.868567000000000835e-07 -1.367479999999999907e-06 1.822731035303299940e+00
1.582499999999999929e+01 -1.343859999999999912e-06 9.643729000000001955e-07 -1.343859999999999912e-06 1.819851010153100024e+00
1.584999999999999964e+01 -1.320779999999999999e-06 9.426018999999998876e-07 -1.320779999999999999e-06 1.816980985668100068e+00
1.587500000000000000e+01 -1.298329999999999900e-06 9.216010999999999607e-07 -1.298329999999999900e-06 1.814120961910899998e+00
1.590000000000000036e+01 -1.276570000000000002e-06 9.014175499999999877e-07 -1.276570000000000002e-06 1.811270938934449903e+00
1.592500000000000071e+01 -1.255569999999999907e-06 8.820919000000000426e-07 -1.255569999999999907e-06 1.808420916786099841e+00
1.594999999999999929e+01 -1.235400000000000064e-06 8.636563500000000400e-07 -1.235400000000000064e-06 1.805590895505650106e+00
1.597499999999999964e+01 -1.216109999999999949e-06 8.461295499999999760e-07 -1.216109999999999949e-06 1.802760875120450024e+00
1.600000000000000000e+01 -1.197759999999999947e-06 8.295307999999999810e-07 -1.197759999999999947e-06 1.799950855659199878e+00
1.602499999999999858e+01 -1.180399999999999955e-06 8.138709999999999958e-07 -1.180399999999999955e-06 1.797140837142999992e+00
1.605000000000000071e+01 -1.164080000000000085e-06 7.991565500000000490e-07 -1.164080000000000085e-06 1.794340819589450131e+00
1.607499999999999929e+01 -1.148850000000000020e-06 7.853876000000000493e-07 -1.148850000000000020e-06 1.791550803010399928e+00
1.610000000000000142e+01 -1.134750000000000020e-06 7.725629499999999848e-07 -1.134750000000000020e-06 1.788770787417049979e+00
1.612500000000000000e+01 -1.121819999999999917e-06 7.606791499999999403e-07 -1.121819999999999917e-06 1.785990772818849992e+00
1.614999999999999858e+01 -1.110110000000000032e-06 7.497304200000000188e-07 -1.110110000000000032e-06 1.783230759223580097e+00
1.617500000000000071e+01 -1.099649999999999924e-06 7.397129050000000006e-07 -1.099649999999999924e-06 1.780470746641094948e+00
1.619999999999999929e+01 -1.090489999999999913e-06 7.306205349999999955e-07 -1.090489999999999913e-06 1.777730735079465108e+00
1.622500000000000142e+01 -1.082679999999999898e-06 7.224501750000000663e-07 -1.082679999999999898e-06 1.774990724549825094e+00
1.625000000000000000e+01 -1.076240000000000007e-06 7.152016380000000641e-07 -1.076240000000000007e-06 1.772260715066361847e+00
1.627499999999999858e+01 -1.071229999999999991e-06 7.088787549999999097e-07 -1.071229999999999991e-06 1.769530706647244989e+00
1.630000000000000071e+01 -1.067680000000000042e-06 7.034854200000000702e-07 -1.067680000000000042e-06 1.766820699310580167e+00
1.632499999999999929e+01 -1.065649999999999911e-06 6.990346449999999951e-07 -1.065649999999999911e-06 1.764110693083354997e+00
1.635000000000000142e+01 -1.065170000000000002e-06 6.955426050000000196e-07 -1.065170000000000002e-06 1.761420687995395085e+00
1.637500000000000000e+01 -1.066300000000000065e-06 6.930297049999999416e-07 -1.066300000000000065e-06 1.758730684080294981e+00
1.639999999999999858e+01 -1.069100000000000064e-06 6.915236000000000235e-07 -1.069100000000000064e-06 1.756050681378400036e+00
1.642500000000000071e+01 -1.073599999999999979e-06 6.910583499999999393e-07 -1.073599999999999979e-06 1.753370679935650100e+00
1.644999999999999929e+01 -1.079870000000000047e-06 6.916722000000000385e-07 -1.079870000000000047e-06 1.750710679801799952e+00
1.647500000000000142e+01 -1.087959999999999956e-06 6.934129999999999372e-07 -1.087959999999999956e-06 1.748050681035000053e+00
1.650000000000000000e+01 -1.097930000000000091e-06 6.963318999999999992e-07 -1.097930000000000091e-06 1.745400683696100019e+00
1.652499999999999858e+01 -1.109839999999999991e-06 7.004846500000000163e-07 -1.109839999999999991e-06 1.742760687849350010e+00
1.655000000000000071e+01 -1.123750000000000040e-06 7.059344499999999120e-07 -1.123750000000000040e-06 1.740130693565550057e+00
1.657499999999999929e+01 -1.139709999999999927e-06 7.127510999999999401e-07 -1.139709999999999927e-06 1.737510700920900097e+00
1.660000000000000142e+01 -1.157799999999999952e-06 7.210039499999999928e-07 -1.157799999999999952e-06 1.734890709990050128e+00
1.662500000000000000e+01 -1.178070000000000013e-06 7.307717799999999702e-07 -1.178070000000000013e-06 1.732280720856220091e+00
1.664999999999999858e+01 -1.200580000000000074e-06 7.421323699999999569e-07 -1.200580000000000074e-06 1.729680733599630038e+00
1.667500000000000071e+01 -1.225380000000000031e-06 7.551677899999999292e-07 -1.225380000000000031e-06 1.727090748304209944e+00
1.669999999999999929e+01 -1.252539999999999912e-06 7.699619049999999163e-07 -1.252539999999999912e-06 1.724500765054094886e+00
1.672500000000000142e+01 -1.282110000000000037e-06 7.865971599999999841e-07 -1.282110000000000037e-06 1.721920783930839915e+00
1.675000000000000000e+01 -1.314140000000000093e-06 8.051576825000000021e-07 -1.314140000000000093e-06 1.719350805016317540e+00
1.677499999999999858e+01 -1.348660000000000061e-06 8.257272349999999984e-07 -1.348660000000000061e-06 1.716790828390765133e+00
1.680000000000000071e+01 -1.385739999999999966e-06 8.483842049999999845e-07 -1.385739999999999966e-06 1.714240854127794922e+00
1.682499999999999929e+01 -1.425390000000000087e-06 8.732076149999999464e-07 -1.425390000000000087e-06 1.711690882300384908e+00
1.685000000000000142e+01 -1.467650000000000043e-06 9.002671000000000689e-07 -1.467650000000000043e-06 1.709150912970899938e+00
1.687500000000000000e+01 -1.512550000000000028e-06 9.296338500000000364e-07 -1.512550000000000028e-06 1.706620946202149991e+00
1.689999999999999858e+01 -1.560099999999999895e-06 9.613666500000001682e-07 -1.560099999999999895e-06 1.704090982043350078e+00
1.692500000000000071e+01 -1.610309999999999919e-06 9.955207999999998944e-07 -1.610309999999999919e-06 1.701571020539200063e+00
1.694999999999999929e+01 -1.663180000000000100e-06 1.032139200000000145e-06 -1.663180000000000100e-06 1.699061061720799959e+00
1.697500000000000142e+01 -1.718699999999999952e-06 1.071273099999999847e-06 -1.718699999999999952e-06 1.696561105626900101e+00
1.700000000000000000e+01 -1.776849999999999979e-06 1.112929249999999980e-06 -1.776849999999999979e-06 1.694071152250749890e+00
1.702499999999999858e+01 -1.837610000000000055e-06 1.157154899999999996e-06 -1.837610000000000055e-06 1.691581201625100173e+00
1.705000000000000071e+01 -1.900930000000000069e-06 1.203927499999999833e-06 -1.900930000000000069e-06 1.689101253712500084e+00
1.707499999999999929e+01 -1.966779999999999828e-06 1.253265000000000019e-06 -1.966779999999999828e-06 1.686631308514999983e+00
1.710000000000000142e+01 -2.035080000000000089e-06 1.305135550000000003e-06 -2.035080000000000089e-06 1.684161365984450098e+00
1.712500000000000000e+01 -2.105780000000000106e-06 1.359517549999999994e-06 -2.105780000000000106e-06 1.681701426082449879e+00
1.714999999999999858e+01 -2.178789999999999937e-06 1.416379650000000194e-06 -2.178789999999999937e-06 1.679251488760350020e+00
1.717500000000000071e+01 -2.254020000000000063e-06 1.475660650000000101e-06 -2.254020000000000063e-06 1.676811553939349997e+00
1.719999999999999929e+01 -2.331380000000000115e-06 1.537299449999999998e-06 -2.331380000000000115e-06 1.674371621540549970e+00
1.722500000000000142e+01 -2.410739999999999894e-06 1.601205049999999914e-06 -2.410739999999999894e-06 1.671941691454950085e+00
1.725000000000000000e+01 -2.491990000000000174e-06 1.667296499999999911e-06 -2.491990000000000174e-06 1.669521763583499796e+00
1.727499999999999858e+01 -2.574990000000000057e-06 1.735473000000000045e-06 -2.574990000000000057e-06 1.667101837806999942e+00
1.730000000000000071e+01 -2.659610000000000189e-06 1.805613000000000063e-06 -2.659610000000000189e-06 1.664691913987000005e+00
1.732499999999999929e+01 -2.745689999999999965e-06 1.877586000000000068e-06 -2.745689999999999965e-06 1.662291991974000016e+00
1.735000000000000142e+01 -2.833070000000000050e-06 1.951260000000000017e-06 -2.833070000000000050e-06 1.659892071620000076e+00
1.737500000000000000e+01 -2.921579999999999987e-06 2.026484500000000096e-06 -2.921579999999999987e-06 1.657512152755500123e+00
1.739999999999999858e+01 -3.011050000000000165e-06 2.103107499999999921e-06 -3.011050000000000165e-06 1.655122235212499904e+00
1.742500000000000071e+01 -3.101299999999999852e-06 2.180937499999999818e-06 -3.101299999999999852e-06 1.652752318782499952e+00
1.744999999999999929e+01 -3.192129999999999878e-06 2.259822000000000130e-06 -3.192129999999999878e-06 1.650382403297999900e+00
1.747500000000000142e+01 -3.283350000000000082e-06 2.339559000000000363e-06 -3.283350000000000082e-06 1.648022488540999975e+00
1.750000000000000000e+01 -3.374769999999999878e-06 2.419965000000000216e-06 -3.374769999999999878e-06 1.645672574315000025e+00
1.752499999999999858e+01 -3.466169999999999968e-06 2.500828000000000190e-06 -3.466169999999999968e-06 1.643322660391999923e+00
1.755000000000000071e+01 -3.557349999999999915e-06 2.581952499999999654e-06 -3.557349999999999915e-06 1.640982746567500206e+00
1.757499999999999929e+01 -3.648099999999999851e-06 2.663139499999999678e-06 -3.648099999999999851e-06 1.638642832620500034e+00
1.760000000000000142e+01 -3.738220000000000184e-06 2.744170000000000359e-06 -3.738220000000000184e-06 1.636322918330000098e+00
1.762500000000000000e+01 -3.827479999999999648e-06 2.824821500000000107e-06 -3.827479999999999648e-06 1.633993003458499960e+00
1.764999999999999858e+01 -3.915679999999999922e-06 2.904888000000000012e-06 -3.915679999999999922e-06 1.631683087792000109e+00
1.767500000000000071e+01 -4.002599999999999591e-06 2.984145000000000124e-06 -4.002599999999999591e-06 1.629373171094999906e+00
1.769999999999999929e+01 -4.088049999999999764e-06 3.062395999999999995e-06 -4.088049999999999764e-06 1.627073253163999977e+00
1.772500000000000142e+01 -4.171810000000000297e-06 3.139414500000000044e-06 -4.171810000000000297e-06 1.624783333765499993e+00
1.775000000000000000e+01 -4.253679999999999904e-06 3.214994000000000393e-06 -4.253679999999999904e-06 1.622493412686000003e+00
1.777499999999999858e+01 -4.333469999999999694e-06 3.288927500000000199e-06 -4.333469999999999694e-06 1.620213489712500010e+00
1.780000000000000071e+01 -4.410970000000000223e-06 3.361016500000000230e-06 -4.410970000000000223e-06 1.617933564643500022e+00
1.782499999999999929e+01 -4.486019999999999614e-06 3.431053499999999946e-06 -4.486019999999999614e-06 1.615663637266500086e+00
1.785000000000000142e+01 -4.558410000000000119e-06 3.498869499999999976e-06 -4.558410000000000119e-06 1.613403707410499877e+00
1.787500000000000000e+01 -4.628000000000000413e-06 3.564285999999999945e-06 -4.628000000000000413e-06 1.611143774894000069e+00
1.789999999999999858e+01 -4.694599999999999911e-06 3.627102500000000142e-06 -4.694599999999999911e-06 1.608893839517499869e+00
1.792500000000000071e+01 -4.758059999999999978e-06 3.687160000000000202e-06 -4.758059999999999978e-06 1.606653901119999839e+00
1.794999999999999929e+01 -4.818240000000000137e-06 3.744317499999999832e-06 -4.818240000000000137e-06 1.604413959562499992e+00
1.797500000000000142e+01 -4.874999999999999912e-06 3.798404500000000150e-06 -4.874999999999999912e-06 1.602184014675499979e+00
1.800000000000000000e+01 -4.928210000000000373e-06 3.849310000000000420e-06 -4.928210000000000373e-06 1.599954066350000037e+00
1.802499999999999858e+01 -4.977759999999999755e-06 3.896892500000000231e-06 -4.977759999999999755e-06 1.597734114447500131e+00
1.805000000000000071e+01 -5.023529999999999826e-06 3.941050499999999851e-06 -5.023529999999999826e-06 1.595524158869499942e+00
1.807499999999999929e+01 -5.065440000000000074e-06 3.981671500000000728e-06 -5.065440000000000074e-06 1.593314199508500062e+00
1.810000000000000142e+01 -5.103409999999999983e-06 4.018673000000000479e-06 -5.103409999999999983e-06 1.591114236287000105e+00
1.812500000000000000e+01 -5.137319999999999630e-06 4.051962499999999408e-06 -5.137319999999999630e-06 1.588924269117500065e+00
1.814999999999999858e+01 -5.167150000000000155e-06 4.081486999999999230e-06 -5.167150000000000155e-06 1.586734297952999917e+00
1.817500000000000071e+01 -5.192859999999999609e-06 4.107233500000000221e-06 -5.192859999999999609e-06 1.584554322786499991e+00
1.819999999999999929e+01 -5.214439999999999833e-06 4.129067999999999953e-06 -5.214439999999999833e-06 1.582374343492000124e+00
1.822500000000000142e+01 -5.231779999999999908e-06 4.146967499999999696e-06 -5.231779999999999908e-06 1.580204360052499979e+00
1.825000000000000000e+01 -5.244900000000000385e-06 4.160987500000000452e-06 -5.244900000000000385e-06 1.578044372532500184e+00
1.827499999999999858e+01 -5.253789999999999719e-06 4.171094000000000014e-06 -5.253789999999999719e-06 1.575884380905999915e+00
1.830000000000000071e+01 -5.258480000000000008e-06 4.177283500000000508e-06 -5.258480000000000008e-06 1.573724385176499929e+00
1.832499999999999929e+01 -5.258970000000000405e-06 4.179581499999999990e-06 -5.258970000000000405e-06 1.571584385378499871e+00
1.835000000000000142e+01 -5.255279999999999767e-06 4.177993500000000201e-06 -5.255279999999999767e-06 1.569444381526500010e+00
1.837500000000000000e+01 -5.247469999999999752e-06 4.172585000000000302e-06 -5.247469999999999752e-06 1.567304373694999864e+00
1.839999999999999858e+01 -5.235579999999999770e-06 4.163401500000000596e-06 -5.235579999999999770e-06 1.565174361938499903e+00
1.842500000000000071e+01 -5.219659999999999929e-06 4.150478499999999839e-06 -5.219659999999999929e-06 1.563054346301500086e+00
1.844999999999999929e+01 -5.199789999999999897e-06 4.133911999999999834e-06 -5.199789999999999897e-06 1.560934326887999823e+00
1.847500000000000142e+01 -5.176029999999999637e-06 4.113755999999999954e-06 -5.176029999999999637e-06 1.558824303764000163e+00
1.850000000000000000e+01 -5.148470000000000361e-06 4.090118000000000097e-06 -5.148470000000000361e-06 1.556714277041999939e+00
1.852499999999999858e+01 -5.117199999999999897e-06 4.063051000000000242e-06 -5.117199999999999897e-06 1.554614246789000065e+00
1.855000000000000071e+01 -5.082320000000000156e-06 4.032711999999999854e-06 -5.082320000000000156e-06 1.552514213168000090e+00
1.857499999999999929e+01 -5.043929999999999665e-06 3.999185500000000100e-06 -5.043929999999999665e-06 1.550434176274499976e+00
1.860000000000000142e+01 -5.002150000000000041e-06 3.962577999999999790e-06 -5.002150000000000041e-06 1.548344136222000067e+00
1.862500000000000000e+01 -4.957089999999999663e-06 3.923004999999999890e-06 -4.957089999999999663e-06 1.546264093135000017e+00
1.864999999999999858e+01 -4.908880000000000001e-06 3.880611999999999227e-06 -4.908880000000000001e-06 1.544194047168000017e+00
1.867500000000000071e+01 -4.857640000000000132e-06 3.835504500000000608e-06 -4.857640000000000132e-06 1.542123998435499965e+00
1.869999999999999929e+01 -4.803489999999999981e-06 3.787818999999999859e-06 -4.803489999999999981e-06 1.540063947081000029e+00
1.872500000000000142e+01 -4.746579999999999878e-06 3.737700999999999622e-06 -4.746579999999999878e-06 1.538013893259000175e+00
1.875000000000000000e+01 -4.687039999999999597e-06 3.685277499999999801e-06 -4.687039999999999597e-06 1.535953837102499886e+00
1.877499999999999858e+01 -4.625020000000000316e-06 3.630693499999999952e-06 -4.625020000000000316e-06 1.533913778766500036e+00
1.880000000000000071e+01 -4.560640000000000265e-06 3.574086500000000377e-06 -4.560640000000000265e-06 1.531873718393500061e+00
1.882499999999999929e+01 -4.494049999999999773e-06 3.515612999999999996e-06 -4.494049999999999773e-06 1.529843656147000130e+00
1.885000000000000142e+01 -4.425400000000000015e-06 3.455389500000000013e-06 -4.425400000000000015e-06 1.527813592150499833e+00
1.887500000000000000e+01 -4.354829999999999774e-06 3.393582500000000047e-06 -4.354829999999999774e-06 1.525783526577499938e+00
1.889999999999999858e+01 -4.282480000000000374e-06 3.330319500000000124e-06 -4.282480000000000374e-06 1.523763459560500078e+00
1.892500000000000071e+01 -4.208499999999999602e-06 3.265747499999999855e-06 -4.208499999999999602e-06 1.521753391252499865e+00
1.894999999999999929e+01 -4.133019999999999775e-06 3.199994000000000113e-06 -4.133019999999999775e-06 1.519743321786000134e+00
1.897500000000000142e+01 -4.056190000000000377e-06 3.133206000000000084e-06 -4.056190000000000377e-06 1.517743251314000119e+00
1.900000000000000000e+01 -3.978140000000000337e-06 3.065521499999999767e-06 -3.978140000000000337e-06 1.515743179978500166e+00
1.902499999999999858e+01 -3.899019999999999983e-06 2.997057999999999758e-06 -3.899019999999999983e-06 1.513753107901999906e+00
1.905000000000000071e+01 -3.818950000000000087e-06 2.927953500000000054e-06 -3.818950000000000087e-06 1.511773035226499973e+00
1.907499999999999929e+01 -3.738069999999999855e-06 2.858336500000000073e-06 -3.738069999999999855e-06 1.509792962083500001e+00
1.910000000000000142e+01 -3.656500000000000058e-06 2.788315499999999952e-06 -3.656500000000000058e-06 1.507812888584500133e+00
1.912500000000000000e+01 -3.574360000000000198e-06 2.718007799999999984e-06 -3.574360000000000198e-06 1.505842814852200062e+00
1.914999999999999858e+01 -3.491789999999999902e-06 2.647532750000000067e-06 -3.491789999999999902e-06 1.503872741007250102e+00
1.917500000000000071e+01 -3.408889999999999815e-06 2.576988850000000059e-06 -3.408889999999999815e-06 1.501912667151150016e+00
1.919999999999999929e+01 -3.325770000000000008e-06 2.506484950000000309e-06 -3.325770000000000008e-06 1.499962593395050003e+00
1.922500000000000142e+01 -3.242540000000000129e-06 2.436110049999999673e-06 -3.242540000000000129e-06 1.498012519829950095e+00
1.925000000000000000e+01 -3.159320000000000102e-06 2.365963249999999764e-06 -3.159320000000000102e-06 1.496062446556750025e+00
1.927499999999999858e+01 -3.076180000000000167e-06 2.296153849999999808e-06 -3.076180000000000167e-06 1.494122373686149974e+00
1.930000000000000071e+01 -2.993239999999999822e-06 2.226711200000000183e-06 -2.993239999999999822e-06 1.492182301248800025e+00
1.932499999999999929e+01 -2.910559999999999879e-06 2.157724799999999863e-06 -2.910559999999999879e-06 1.490252229335200074e+00
1.935000000000000142e+01 -2.828249999999999984e-06 2.089284399999999793e-06 -2.828249999999999984e-06 1.488332158035599928e+00
1.937500000000000000e+01 -2.746370000000000100e-06 2.021409649999999888e-06 -2.746370000000000100e-06 1.486412087370349910e+00
1.939999999999999858e+01 -2.664999999999999895e-06 1.954210450000000283e-06 -2.664999999999999895e-06 1.484492017449550172e+00
1.942500000000000071e+01 -2.584210000000000030e-06 1.887696849999999739e-06 -2.584210000000000030e-06 1.482581948283149931e+00
1.944999999999999929e+01 -2.504050000000000191e-06 1.821918900000000032e-06 -2.504050000000000191e-06 1.480681879921099897e+00
1.947500000000000142e+01 -2.424579999999999917e-06 1.756926800000000088e-06 -2.424579999999999917e-06 1.478781812413199948e+00
1.950000000000000000e+01 -2.345850000000000164e-06 1.692720900000000121e-06 -2.345850000000000164e-06 1.476881745759099918e+00
1.952499999999999858e+01 -2.267910000000000196e-06 1.629351599999999996e-06 -2.267910000000000196e-06 1.474991680008399975e+00
1.955000000000000071e+01 -2.190799999999999845e-06 1.566809449999999949e-06 -2.190799999999999845e-06 1.473101615150550048e+00
1.957499999999999929e+01 -2.114540000000000087e-06 1.505125000000000052e-06 -2.114540000000000087e-06 1.471221551214999979e+00
1.960000000000000142e+01 -2.039180000000000185e-06 1.444268949999999898e-06 -2.039180000000000185e-06 1.469341488171050036e+00
1.962500000000000000e+01 -1.964729999999999991e-06 1.384242199999999999e-06 -1.964729999999999991e-06 1.467471426017800118e+00
1.964999999999999858e+01 -1.891199999999999994e-06 1.325035550000000016e-06 -1.891199999999999994e-06 1.465611364744449974e+00
1.967500000000000071e+01 -1.818619999999999962e-06 1.266620049999999965e-06 -1.818619999999999962e-06 1.463741304319950087e+00
1.969999999999999929e+01 -1.746980000000000043e-06 1.208966750000000075e-06 -1.746980000000000043e-06 1.461891244713249938e+00
1.972500000000000142e+01 -1.676290000000000090e-06 1.152016850000000076e-06 -1.676290000000000090e-06 1.460031185863149839e+00
1.975000000000000000e+01 -1.606540000000000038e-06 1.095741599999999865e-06 -1.606540000000000038e-06 1.458181127738400029e+00
1.977499999999999858e+01 -1.537730000000000099e-06 1.040062399999999981e-06 -1.537730000000000099e-06 1.456341070257600068e+00
1.980000000000000071e+01 -1.469839999999999932e-06 9.849086500000001285e-07 -1.469839999999999932e-06 1.454501013347349936e+00
1.982499999999999929e+01 -1.402850000000000045e-06 9.302060000000000644e-07 -1.402850000000000045e-06 1.452670956929999813e+00
1.985000000000000142e+01 -1.336730000000000033e-06 8.758561000000000497e-07 -1.336730000000000033e-06 1.450840900903899833e+00
1.987500000000000000e+01 -1.271459999999999978e-06 8.217527500000000326e-07 -1.271459999999999978e-06 1.449010845159249827e+00
1.989999999999999858e+01 -1.207000000000000048e-06 7.677779000000000686e-07 -1.207000000000000048e-06 1.447190789574100078e+00
1.992500000000000071e+01 -1.143309999999999985e-06 7.138006000000000052e-07 -1.143309999999999985e-06 1.445380734013400170e+00
1.994999999999999929e+01 -1.080340000000000104e-06 6.596640500000000458e-07 -1.080340000000000104e-06 1.443570678315950095e+00
1.997500000000000142e+01 -1.018059999999999999e-06 6.052461499999999540e-07 -1.018059999999999999e-06 1.441760622355849897e+00
2.000000000000000000e+01 -9.563540000000000680e-07 5.502448999999999696e-07 -9.563540000000000680e-07 1.439960565823099836e+00
