# raxis[fm], SN, VN, SP, VP [MeV]
0.000000000000000000e+00 -5.007819999999999823e+02 4.140026149999999916e+02 -5.007819999999999823e+02 4.222553849999999898e+02
2.500000000000000139e-02 -5.007819999999999823e+02 4.140026149999999916e+02 -5.007819999999999823e+02 4.222553849999999898e+02
5.000000000000000278e-02 -5.004069999999999823e+02 4.134163199999999847e+02 -5.004069999999999823e+02 4.216729799999999955e+02
7.499999999999999722e-02 -5.001999999999999886e+02 4.132259500000000116e+02 -5.001999999999999886e+02 4.214843500000000631e+02
1.000000000000000056e-01 -4.999189999999999827e+02 4.129740800000000149e+02 -4.999189999999999827e+02 4.212349200000000451e+02
1.250000000000000000e-01 -4.995740000000000123e+02 4.126797700000000191e+02 -4.995740000000000123e+02 4.209435299999999529e+02
1.499999999999999944e-01 -4.991589999999999918e+02 4.123309849999999983e+02 -4.991589999999999918e+02 4.205982149999999820e+02
1.749999999999999889e-01 -4.986750000000000114e+02 4.119257299999999873e+02 -4.986750000000000114e+02 4.201969700000000216e+02
2.000000000000000111e-01 -4.981220000000000141e+02 4.114630050000000097e+02 -4.981220000000000141e+02 4.197388950000000136e+02
2.250000000000000056e-01 -4.975009999999999764e+02 4.109458200000000261e+02 -4.975009999999999764e+02 4.192267800000000193e+02
2.500000000000000000e-01 -4.968090000000000259e+02 4.103731849999999781e+02 -4.968090000000000259e+02 4.186598149999999805e+02
2.750000000000000222e-01 -4.960579999999999927e+02 4.097461100000000442e+02 -4.960579999999999927e+02 4.180389900000000125e+02
2.999999999999999889e-01 -4.952479999999999905e+02 4.090676100000000019e+02 -4.952479999999999905e+02 4.173671900000000505e+02
3.250000000000000111e-01 -4.943720000000000141e+02 4.083396950000000061e+02 -4.943720000000000141e+02 4.166464049999999588e+02
3.499999999999999778e-01 -4.934409999999999741e+02 4.075583849999999870e+02 -4.934409999999999741e+02 4.158726150000000530e+02
3.750000000000000000e-01 -4.924549999999999841e+02 4.067356800000000021e+02 -4.924549999999999841e+02 4.150579199999999673e+02
4.000000000000000222e-01 -4.914169999999999732e+02 4.058686250000000086e+02 -4.914169999999999732e+02 4.141991750000000252e+02
4.249999999999999889e-01 -4.903299999999999841e+02 4.049602199999999925e+02 -4.903299999999999841e+02 4.132993800000000419e+02
4.500000000000000111e-01 -4.891970000000000027e+02 4.040124850000000265e+02 -4.891970000000000027e+02 4.123606149999999957e+02
4.749999999999999778e-01 -4.880199999999999818e+02 4.030274450000000002e+02 -4.880199999999999818e+02 4.113848549999999591e+02
5.000000000000000000e-01 -4.868039999999999736e+02 4.020081099999999878e+02 -4.868039999999999736e+02 4.103748900000000503e+02
5.250000000000000222e-01 -4.855520000000000209e+02 4.009575049999999692e+02 -4.855520000000000209e+02 4.093339950000000158e+02
5.500000000000000444e-01 -4.842669999999999959e+02 3.998786499999999933e+02 -4.842669999999999959e+02 4.082649499999999989e+02
5.749999999999999556e-01 -4.829519999999999982e+02 3.987735700000000065e+02 -4.829519999999999982e+02 4.071697299999999586e+02
5.999999999999999778e-01 -4.816120000000000232e+02 3.976462799999999902e+02 -4.816120000000000232e+02 4.060524199999999837e+02
6.250000000000000000e-01 -4.802490000000000236e+02 3.964988050000000044e+02 -4.802490000000000236e+02 4.049149950000000331e+02
6.500000000000000222e-01 -4.788679999999999950e+02 3.953341649999999845e+02 -4.788679999999999950e+02 4.037603349999999978e+02
6.750000000000000444e-01 -4.774710000000000036e+02 3.941563649999999939e+02 -4.774710000000000036e+02 4.025925349999999412e+02
6.999999999999999556e-01 -4.760640000000000214e+02 3.929674650000000042e+02 -4.760640000000000214e+02 4.014135350000000244e+02
7.249999999999999778e-01 -4.746480000000000246e+02 3.917704600000000141e+02 -4.746480000000000246e+02 4.002262399999999616e+02
7.500000000000000000e-01 -4.732289999999999850e+02 3.905653750000000173e+02 -4.732289999999999850e+02 3.990308249999999930e+02
7.750000000000000222e-01 -4.718079999999999927e+02 3.893622300000000109e+02 -4.718079999999999927e+02 3.978370700000000397e+02
8.000000000000000444e-01 -4.703910000000000196e+02 3.881590499999999793e+02 -4.703910000000000196e+02 3.966429499999999848e+02
8.249999999999999556e-01 -4.689800000000000182e+02 3.869608499999999935e+02 -4.689800000000000182e+02 3.954536499999999819e+02
8.499999999999999778e-01 -4.675779999999999745e+02 3.857686499999999796e+02 -4.675779999999999745e+02 3.942700499999999693e+02
8.750000000000000000e-01 -4.661890000000000214e+02 3.845864700000000198e+02 -4.661890000000000214e+02 3.930960299999999847e+02
9.000000000000000222e-01 -4.648159999999999741e+02 3.834163299999999595e+02 -4.648159999999999741e+02 3.919336700000000064e+02
9.250000000000000444e-01 -4.634610000000000127e+02 3.822612449999999740e+02 -4.634610000000000127e+02 3.907860550000000330e+02
9.499999999999999556e-01 -4.621290000000000191e+02 3.811232300000000350e+02 -4.621290000000000191e+02 3.896549699999999916e+02
9.749999999999999778e-01 -4.608199999999999932e+02 3.800043049999999880e+02 -4.608199999999999932e+02 3.885424949999999740e+02
1.000000000000000000e+00 -4.595380000000000109e+02 3.789074799999999641e+02 -4.595380000000000109e+02 3.874517200000000230e+02
1.024999999999999911e+00 -4.582860000000000014e+02 3.778347749999999792e+02 -4.582860000000000014e+02 3.863844250000000216e+02
1.050000000000000044e+00 -4.570649999999999977e+02 3.767881950000000302e+02 -4.570649999999999977e+02 3.853427050000000236e+02
1.074999999999999956e+00 -4.558770000000000095e+02 3.757687600000000430e+02 -4.558770000000000095e+02 3.843276400000000308e+02
1.100000000000000089e+00 -4.547239999999999895e+02 3.747784800000000018e+02 -4.547239999999999895e+02 3.833410199999999577e+02
1.125000000000000000e+00 -4.536089999999999804e+02 3.738193599999999606e+02 -4.536089999999999804e+02 3.823850400000000036e+02
1.149999999999999911e+00 -4.525310000000000059e+02 3.728914100000000076e+02 -4.525310000000000059e+02 3.814595899999999915e+02
1.175000000000000044e+00 -4.514920000000000186e+02 3.719976399999999899e+02 -4.514920000000000186e+02 3.805676600000000462e+02
1.199999999999999956e+00 -4.504940000000000282e+02 3.711370599999999627e+02 -4.504940000000000282e+02 3.797082399999999893e+02
1.225000000000000089e+00 -4.495369999999999777e+02 3.703116699999999923e+02 -4.495369999999999777e+02 3.788834299999999757e+02
1.250000000000000000e+00 -4.486209999999999809e+02 3.695214750000000095e+02 -4.486209999999999809e+02 3.780930249999999546e+02
1.274999999999999911e+00 -4.477470000000000141e+02 3.687674800000000346e+02 -4.477470000000000141e+02 3.773382199999999784e+02
1.300000000000000044e+00 -4.469150000000000205e+02 3.680496849999999540e+02 -4.469150000000000205e+02 3.766189150000000154e+02
1.324999999999999956e+00 -4.461250000000000000e+02 3.673670950000000062e+02 -4.461250000000000000e+02 3.759341050000000450e+02
1.350000000000000089e+00 -4.453750000000000000e+02 3.667207099999999969e+02 -4.453750000000000000e+02 3.752848900000000185e+02
1.375000000000000000e+00 -4.446669999999999732e+02 3.661095250000000192e+02 -4.446669999999999732e+02 3.746700750000000539e+02
1.399999999999999911e+00 -4.439990000000000236e+02 3.655335400000000163e+02 -4.439990000000000236e+02 3.740898599999999874e+02
1.425000000000000044e+00 -4.433690000000000282e+02 3.649907499999999914e+02 -4.433690000000000282e+02 3.735421500000000492e+02
1.449999999999999956e+00 -4.427760000000000105e+02 3.644811550000000011e+02 -4.427760000000000105e+02 3.730270450000000437e+02
1.475000000000000089e+00 -4.422189999999999941e+02 3.640027499999999918e+02 -4.422189999999999941e+02 3.725423499999999990e+02
1.500000000000000000e+00 -4.416949999999999932e+02 3.635555249999999887e+02 -4.416949999999999932e+02 3.720882750000000101e+02
1.524999999999999911e+00 -4.412040000000000077e+02 3.631394750000000045e+02 -4.412040000000000077e+02 3.716647249999999758e+02
1.550000000000000044e+00 -4.407429999999999950e+02 3.627505949999999757e+02 -4.407429999999999950e+02 3.712677050000000349e+02
1.574999999999999956e+00 -4.403090000000000259e+02 3.623838650000000143e+02 -4.403090000000000259e+02 3.708923350000000028e+02
1.600000000000000089e+00 -4.398999999999999773e+02 3.620392899999999941e+02 -4.398999999999999773e+02 3.705384100000000558e+02
1.625000000000000000e+00 -4.395129999999999768e+02 3.617178499999999985e+02 -4.395129999999999768e+02 3.702071499999999560e+02
1.649999999999999911e+00 -4.391460000000000150e+02 3.614155450000000087e+02 -4.391460000000000150e+02 3.698944749999999999e+02
1.675000000000000044e+00 -4.387959999999999923e+02 3.611293499999999881e+02 -4.387959999999999923e+02 3.695973900000000185e+02
1.699999999999999956e+00 -4.384580000000000268e+02 3.608562650000000076e+02 -4.384580000000000268e+02 3.693129249999999502e+02
1.725000000000000089e+00 -4.381309999999999718e+02 3.605942749999999819e+02 -4.381309999999999718e+02 3.690390749999999684e+02
1.750000000000000000e+00 -4.378100000000000023e+02 3.603413600000000088e+02 -4.378100000000000023e+02 3.687738699999999881e+02
1.774999999999999911e+00 -4.374920000000000186e+02 3.600935149999999680e+02 -4.374920000000000186e+02 3.685133050000000026e+02
1.800000000000000044e+00 -4.371730000000000018e+02 3.598487250000000017e+02 -4.371730000000000018e+02 3.682554149999999709e+02
1.824999999999999956e+00 -4.368509999999999991e+02 3.596039749999999913e+02 -4.368509999999999991e+02 3.679971849999999449e+02
1.850000000000000089e+00 -4.365199999999999818e+02 3.593552500000000123e+02 -4.365199999999999818e+02 3.677346499999999878e+02
1.875000000000000000e+00 -4.361770000000000209e+02 3.590995400000000473e+02 -4.361770000000000209e+02 3.674648099999999999e+02
1.899999999999999911e+00 -4.358190000000000168e+02 3.588338299999999776e+02 -4.358190000000000168e+02 3.671846900000000460e+02
1.925000000000000044e+00 -4.354399999999999977e+02 3.585541000000000054e+02 -4.354399999999999977e+02 3.668903000000000247e+02
1.949999999999999956e+00 -4.350380000000000109e+02 3.582583400000000324e+02 -4.350380000000000109e+02 3.665796500000000151e+02
1.975000000000000089e+00 -4.346080000000000041e+02 3.579425349999999639e+02 -4.346080000000000041e+02 3.662487550000000169e+02
2.000000000000000000e+00 -4.341469999999999914e+02 3.576046750000000429e+02 -4.341469999999999914e+02 3.658956249999999955e+02
2.024999999999999911e+00 -4.336510000000000105e+02 3.572387399999999502e+02 -4.336510000000000105e+02 3.655142799999999852e+02
2.049999999999999822e+00 -4.331150000000000091e+02 3.568437199999999621e+02 -4.331150000000000091e+02 3.651037300000000414e+02
2.075000000000000178e+00 -4.325360000000000014e+02 3.564155999999999835e+02 -4.325360000000000014e+02 3.646599899999999934e+02
2.100000000000000089e+00 -4.319089999999999918e+02 3.559503700000000208e+02 -4.319089999999999918e+02 3.641790699999999674e+02
2.125000000000000000e+00 -4.312320000000000277e+02 3.554470150000000217e+02 -4.312320000000000277e+02 3.636599750000000313e+02
2.149999999999999911e+00 -4.305000000000000000e+02 3.548995249999999828e+02 -4.305000000000000000e+02 3.630967349999999669e+02
2.174999999999999822e+00 -4.297099999999999795e+02 3.543078849999999989e+02 -4.297099999999999795e+02 3.624893549999999323e+02
2.200000000000000178e+00 -4.288580000000000041e+02 3.536660850000000096e+02 -4.288580000000000041e+02 3.618318449999999871e+02
2.225000000000000089e+00 -4.279409999999999741e+02 3.529731199999999944e+02 -4.279409999999999741e+02 3.611232099999999718e+02
2.250000000000000000e+00 -4.269560000000000173e+02 3.522249699999999848e+02 -4.269560000000000173e+02 3.603594699999999875e+02
2.274999999999999911e+00 -4.258990000000000009e+02 3.514196299999999837e+02 -4.258990000000000009e+02 3.595386399999999867e+02
2.299999999999999822e+00 -4.247679999999999723e+02 3.505540950000000180e+02 -4.247679999999999723e+02 3.586577149999999961e+02
2.325000000000000178e+00 -4.235590000000000259e+02 3.496263550000000464e+02 -4.235590000000000259e+02 3.577147150000000124e+02
2.350000000000000089e+00 -4.222710000000000150e+02 3.486333999999999946e+02 -4.222710000000000150e+02 3.567066399999999362e+02
2.375000000000000000e+00 -4.208990000000000009e+02 3.475722250000000031e+02 -4.208990000000000009e+02 3.556305150000000026e+02
2.399999999999999911e+00 -4.194420000000000073e+02 3.464408199999999738e+02 -4.194420000000000073e+02 3.544843299999999999e+02
2.424999999999999822e+00 -4.178980000000000246e+02 3.452381899999999746e+02 -4.178980000000000246e+02 3.532671000000000276e+02
2.450000000000000178e+00 -4.162649999999999864e+02 3.439613249999999880e+02 -4.162649999999999864e+02 3.519758349999999609e+02
2.475000000000000089e+00 -4.145400000000000205e+02 3.426082200000000171e+02 -4.145400000000000205e+02 3.506085300000000302e+02
2.500000000000000000e+00 -4.127230000000000132e+02 3.411778749999999718e+02 -4.127230000000000132e+02 3.491642049999999813e+02
2.524999999999999911e+00 -4.108100000000000023e+02 3.396672849999999926e+02 -4.108100000000000023e+02 3.476398549999999545e+02
2.549999999999999822e+00 -4.088020000000000209e+02 3.380764499999999657e+02 -4.088020000000000209e+02 3.460354899999999816e+02
2.575000000000000178e+00 -4.066970000000000027e+02 3.364043750000000159e+02 -4.066970000000000027e+02 3.443501050000000419e+02
2.600000000000000089e+00 -4.044940000000000282e+02 3.346480549999999994e+02 -4.044940000000000282e+02 3.425807050000000231e+02
2.625000000000000000e+00 -4.021920000000000073e+02 3.328074950000000172e+02 -4.021920000000000073e+02 3.407273050000000012e+02
2.649999999999999911e+00 -3.997909999999999968e+02 3.308826949999999556e+02 -3.997909999999999968e+02 3.387898950000000013e+02
2.674999999999999822e+00 -3.972909999999999968e+02 3.288706615000000397e+02 -3.972909999999999968e+02 3.367654785000000288e+02
2.700000000000000178e+00 -3.946899999999999977e+02 3.267733949999999936e+02 -3.946899999999999977e+02 3.346560549999999807e+02
2.725000000000000089e+00 -3.919900000000000091e+02 3.245889015000000200e+02 -3.919900000000000091e+02 3.324596285000000080e+02
2.750000000000000000e+00 -3.891909999999999741e+02 3.223171884999999861e+02 -3.891909999999999741e+02 3.301761914999999590e+02
2.774999999999999911e+00 -3.862930000000000064e+02 3.199582604999999944e+02 -3.862930000000000064e+02 3.278057495000000472e+02
2.799999999999999822e+00 -3.832959999999999923e+02 3.175131250000000023e+02 -3.832959999999999923e+02 3.253493049999999585e+02
2.825000000000000178e+00 -3.802019999999999982e+02 3.149807904999999550e+02 -3.802019999999999982e+02 3.228058495000000221e+02
2.850000000000000089e+00 -3.770120000000000005e+02 3.123622655000000350e+02 -3.770120000000000005e+02 3.201763744999999517e+02
2.875000000000000000e+00 -3.737269999999999754e+02 3.096575600000000463e+02 -3.737269999999999754e+02 3.174608799999999746e+02
2.899999999999999911e+00 -3.703469999999999800e+02 3.068686839999999734e+02 -3.703469999999999800e+02 3.146613659999999868e+02
2.924999999999999822e+00 -3.668750000000000000e+02 3.039966475000000514e+02 -3.668750000000000000e+02 3.117788325000000214e+02
2.950000000000000178e+00 -3.633129999999999882e+02 3.010404619999999909e+02 -3.633129999999999882e+02 3.088122580000000426e+02
2.975000000000000089e+00 -3.596630000000000109e+02 2.980021399999999971e+02 -3.596630000000000109e+02 3.057636600000000158e+02
3.000000000000000000e+00 -3.559250000000000114e+02 2.948836929999999938e+02 -3.559250000000000114e+02 3.026350170000000048e+02
3.024999999999999911e+00 -3.521030000000000086e+02 2.916871339999999577e+02 -3.521030000000000086e+02 2.994283259999999700e+02
3.049999999999999822e+00 -3.481999999999999886e+02 2.884124774999999659e+02 -3.481999999999999886e+02 2.961435824999999795e+02
3.075000000000000178e+00 -3.442169999999999845e+02 2.850627364999999713e+02 -3.442169999999999845e+02 2.927837835000000268e+02
3.100000000000000089e+00 -3.401580000000000155e+02 2.816409249999999815e+02 -3.401580000000000155e+02 2.893519150000000195e+02
3.125000000000000000e+00 -3.360240000000000009e+02 2.781470575000000167e+02 -3.360240000000000009e+02 2.858479825000000005e+02
3.149999999999999911e+00 -3.318199999999999932e+02 2.745851485000000025e+02 -3.318199999999999932e+02 2.822759615000000508e+02
3.174999999999999822e+00 -3.275459999999999923e+02 2.709562134999999898e+02 -3.275459999999999923e+02 2.786368664999999964e+02
3.200000000000000178e+00 -3.232090000000000032e+02 2.672632669999999848e+02 -3.232090000000000032e+02 2.749336629999999673e+02
3.225000000000000089e+00 -3.188100000000000023e+02 2.635103245000000243e+02 -3.188100000000000023e+02 2.711703655000000026e+02
3.250000000000000000e+00 -3.143539999999999850e+02 2.596984014999999886e+02 -3.143539999999999850e+02 2.673479684999999790e+02
3.274999999999999911e+00 -3.098419999999999845e+02 2.558315134999999998e+02 -3.098419999999999845e+02 2.634704464999999800e+02
3.299999999999999822e+00 -3.052799999999999727e+02 2.519126809999999921e+02 -3.052799999999999727e+02 2.595407989999999927e+02
3.325000000000000178e+00 -3.006689999999999827e+02 2.479449084999999968e+02 -3.006689999999999827e+02 2.555620315000000176e+02
3.350000000000000089e+00 -2.960149999999999864e+02 2.439312104999999917e+02 -2.960149999999999864e+02 2.515371295000000202e+02
3.375000000000000000e+00 -2.913199999999999932e+02 2.398746150000000057e+02 -2.913199999999999932e+02 2.474690749999999753e+02
3.399999999999999911e+00 -2.865889999999999986e+02 2.357791300000000092e+02 -2.865889999999999986e+02 2.433618699999999819e+02
3.424999999999999822e+00 -2.818249999999999886e+02 2.316487710000000106e+02 -2.818249999999999886e+02 2.392195089999999880e+02
3.450000000000000178e+00 -2.770319999999999823e+02 2.274865524999999877e+02 -2.770319999999999823e+02 2.350449874999999906e+02
3.475000000000000089e+00 -2.722139999999999986e+02 2.232954874999999788e+02 -2.722139999999999986e+02 2.308412925000000087e+02
3.500000000000000000e+00 -2.673750000000000000e+02 2.190795910000000219e+02 -2.673750000000000000e+02 2.266124190000000169e+02
3.524999999999999911e+00 -2.625179999999999723e+02 2.148428759999999897e+02 -2.625179999999999723e+02 2.223623739999999884e+02
3.549999999999999822e+00 -2.576469999999999914e+02 2.105893560000000093e+02 -2.576469999999999914e+02 2.180951340000000016e+02
3.575000000000000178e+00 -2.527669999999999959e+02 2.063220420000000104e+02 -2.527669999999999959e+02 2.138137079999999912e+02
3.600000000000000089e+00 -2.478799999999999955e+02 2.020449474000000123e+02 -2.478799999999999955e+02 2.095220926000000077e+02
3.625000000000000000e+00 -2.429910000000000139e+02 1.977630831499999999e+02 -2.429910000000000139e+02 2.052252668499999970e+02
3.649999999999999911e+00 -2.381040000000000134e+02 1.934784643499999959e+02 -2.381040000000000134e+02 2.009252456499999937e+02
3.674999999999999822e+00 -2.332210000000000036e+02 1.891950931000000082e+02 -2.332210000000000036e+02 1.966260168999999962e+02
3.700000000000000178e+00 -2.283480000000000132e+02 1.849179833500000143e+02 -2.283480000000000132e+02 1.923325866499999961e+02
3.725000000000000089e+00 -2.234869999999999948e+02 1.806501441849999878e+02 -2.234869999999999948e+02 1.880479458149999914e+02
3.750000000000000000e+00 -2.186419999999999959e+02 1.763945809000000224e+02 -2.186419999999999959e+02 1.837750991000000056e+02
3.774999999999999911e+00 -2.138160000000000025e+02 1.721553079499999797e+02 -2.138160000000000025e+02 1.795180420500000196e+02
3.799999999999999822e+00 -2.090140000000000100e+02 1.679363289000000066e+02 -2.090140000000000100e+02 1.752807611000000065e+02
3.825000000000000178e+00 -2.042369999999999948e+02 1.637406502000000046e+02 -2.042369999999999948e+02 1.710662797999999896e+02
3.850000000000000089e+00 -1.994900000000000091e+02 1.595722776000000067e+02 -1.994900000000000091e+02 1.668785924000000023e+02
3.875000000000000000e+00 -1.947750000000000057e+02 1.554342160000000206e+02 -1.947750000000000057e+02 1.627206840000000057e+02
3.899999999999999911e+00 -1.900949999999999989e+02 1.513284700000000100e+02 -1.900949999999999989e+02 1.585945799999999792e+02
3.924999999999999822e+00 -1.854540000000000077e+02 1.472600429999999960e+02 -1.854540000000000077e+02 1.545052669999999750e+02
3.950000000000000178e+00 -1.808540000000000134e+02 1.432309375000000102e+02 -1.808540000000000134e+02 1.504547524999999837e+02
3.975000000000000089e+00 -1.762980000000000018e+02 1.392431559999999990e+02 -1.762980000000000018e+02 1.464450439999999958e+02
4.000000000000000000e+00 -1.717889999999999873e+02 1.353017000000000110e+02 -1.717889999999999873e+02 1.424811399999999821e+02
4.025000000000000355e+00 -1.673290000000000077e+02 1.314075699999999927e+02 -1.673290000000000077e+02 1.385640500000000088e+02
4.049999999999999822e+00 -1.629199999999999875e+02 1.275637674999999973e+02 -1.629199999999999875e+02 1.346967725000000087e+02
4.075000000000000178e+00 -1.585649999999999977e+02 1.237722894999999994e+02 -1.585649999999999977e+02 1.308813205000000153e+02
4.099999999999999645e+00 -1.542659999999999911e+02 1.200361359999999991e+02 -1.542659999999999911e+02 1.271206940000000145e+02
4.125000000000000000e+00 -1.500250000000000057e+02 1.163563049999999919e+02 -1.500250000000000057e+02 1.234159049999999951e+02
4.150000000000000355e+00 -1.458439999999999941e+02 1.127357939999999985e+02 -1.458439999999999941e+02 1.197699559999999934e+02
4.174999999999999822e+00 -1.417239999999999895e+02 1.091756000000000029e+02 -1.417239999999999895e+02 1.161838599999999957e+02
4.200000000000000178e+00 -1.376670000000000016e+02 1.056787190000000010e+02 -1.376670000000000016e+02 1.126606210000000061e+02
4.224999999999999645e+00 -1.336750000000000114e+02 1.022451475000000016e+02 -1.336750000000000114e+02 1.092002424999999874e+02
4.250000000000000000e+00 -1.297489999999999952e+02 9.887658000000000413e+01 -1.297489999999999952e+02 1.058044500000000028e+02
4.275000000000000355e+00 -1.258910000000000053e+02 9.557561250000000541e+01 -1.258910000000000053e+02 1.024758274999999941e+02
4.299999999999999822e+00 -1.221009999999999991e+02 9.234133750000000873e+01 -1.221009999999999991e+02 9.921350250000000415e+01
4.325000000000000178e+00 -1.183810000000000002e+02 8.917555000000000121e+01 -1.183810000000000002e+02 9.601928000000000907e+01
4.349999999999999645e+00 -1.147309999999999945e+02 8.607904299999999864e+01 -1.147309999999999945e+02 9.289396700000000351e+01
4.375000000000000000e+00 -1.111520000000000010e+02 8.305250949999999932e+01 -1.111520000000000010e+02 8.983827050000000725e+01
4.400000000000000355e+00 -1.076460000000000008e+02 8.009644249999999488e+01 -1.076460000000000008e+02 8.685270749999999396e+01
4.424999999999999822e+00 -1.042120000000000033e+02 7.721133450000000664e+01 -1.042120000000000033e+02 8.393778549999998972e+01
4.450000000000000178e+00 -1.008499999999999943e+02 7.439737700000000586e+01 -1.008499999999999943e+02 8.109371299999999394e+01
4.474999999999999645e+00 -9.756239999999999668e+01 7.165476300000000265e+01 -9.756239999999999668e+01 7.832070699999999874e+01
4.500000000000000000e+00 -9.434789999999999566e+01 6.898338300000000345e+01 -9.434789999999999566e+01 7.561866700000000208e+01
4.525000000000000355e+00 -9.120709999999999695e+01 6.638322900000000004e+01 -9.120709999999999695e+01 7.298761100000000113e+01
4.549999999999999822e+00 -8.813979999999999393e+01 6.385409200000000851e+01 -8.813979999999999393e+01 7.042734799999999495e+01
4.575000000000000178e+00 -8.514610000000000412e+01 6.139576350000000105e+01 -8.514610000000000412e+01 6.793768649999999809e+01
4.599999999999999645e+00 -8.222580000000000666e+01 5.900763450000000176e+01 -8.222580000000000666e+01 6.551803550000001053e+01
4.625000000000000000e+00 -7.937860000000000582e+01 5.668919549999999674e+01 -7.937860000000000582e+01 6.316791449999999486e+01
4.650000000000000355e+00 -7.660420000000000584e+01 5.444003799999999416e+01 -7.660420000000000584e+01 6.088692199999999843e+01
4.674999999999999822e+00 -7.390200000000000102e+01 5.225935299999999728e+01 -7.390200000000000102e+01 5.867426699999999329e+01
4.700000000000000178e+00 -7.127169999999999561e+01 5.014633049999999770e+01 -7.127169999999999561e+01 5.652916950000000185e+01
4.724999999999999645e+00 -6.871269999999999811e+01 4.810016249999999616e+01 -6.871269999999999811e+01 5.445083750000000578e+01
4.750000000000000000e+00 -6.622419999999999618e+01 4.611993950000000098e+01 -6.622419999999999618e+01 5.243838050000000806e+01
4.775000000000000355e+00 -6.380550000000000210e+01 4.420465249999999457e+01 -6.380550000000000210e+01 5.049079749999999933e+01
4.799999999999999822e+00 -6.145589999999999975e+01 4.235329300000000075e+01 -6.145589999999999975e+01 4.860710699999999918e+01
4.825000000000000178e+00 -5.917450000000000188e+01 4.056475199999999859e+01 -5.917450000000000188e+01 4.678621800000000519e+01
4.849999999999999645e+00 -5.696039999999999992e+01 3.883792100000000147e+01 -5.696039999999999992e+01 4.502703900000000203e+01
4.875000000000000000e+00 -5.481269999999999953e+01 3.717159200000000396e+01 -5.481269999999999953e+01 4.332837800000000072e+01
4.900000000000000355e+00 -5.273029999999999973e+01 3.556445650000000569e+01 -5.273029999999999973e+01 4.168893349999999742e+01
4.924999999999999822e+00 -5.071220000000000283e+01 3.401540599999999870e+01 -5.071220000000000283e+01 4.010762399999999417e+01
4.950000000000000178e+00 -4.875730000000000075e+01 3.252303400000000266e+01 -4.875730000000000075e+01 3.858305599999999913e+01
4.974999999999999645e+00 -4.686449999999999960e+01 3.108603150000000070e+01 -4.686449999999999960e+01 3.711392850000000010e+01
5.000000000000000000e+00 -4.503269999999999840e+01 2.970309199999999805e+01 -4.503269999999999840e+01 3.569895799999999753e+01
5.025000000000000355e+00 -4.326059999999999661e+01 2.837290799999999891e+01 -4.326059999999999661e+01 3.433685200000000037e+01
5.049999999999999822e+00 -4.154710000000000036e+01 2.709407249999999934e+01 -4.154710000000000036e+01 3.302620749999999816e+01
5.075000000000000178e+00 -3.989090000000000202e+01 2.586517949999999999e+01 -3.989090000000000202e+01 3.176564049999999995e+01
5.099999999999999645e+00 -3.829079999999999728e+01 2.468481900000000095e+01 -3.829079999999999728e+01 3.055375099999999833e+01
5.125000000000000000e+00 -3.674549999999999983e+01 2.355169099999999816e+01 -3.674549999999999983e+01 2.938923899999999989e+01
5.150000000000000355e+00 -3.525379999999999825e+01 2.246438649999999981e+01 -3.525379999999999825e+01 2.827071349999999939e+01
5.174999999999999822e+00 -3.381430000000000291e+01 2.142160000000000153e+01 -3.381430000000000291e+01 2.719688000000000017e+01
5.200000000000000178e+00 -3.242589999999999861e+01 2.042182899999999890e+01 -3.242589999999999861e+01 2.616624099999999942e+01
5.224999999999999645e+00 -3.108709999999999951e+01 1.946376300000000015e+01 -3.108709999999999951e+01 2.517750699999999853e+01
5.250000000000000000e+00 -2.979680000000000106e+01 1.854610049999999788e+01 -2.979680000000000106e+01 2.422936950000000067e+01
5.275000000000000355e+00 -2.855349999999999966e+01 1.766743599999999859e+01 -2.855349999999999966e+01 2.332044400000000195e+01
5.299999999999999822e+00 -2.735610000000000142e+01 1.682646550000000119e+01 -2.735610000000000142e+01 2.244942449999999923e+01
5.325000000000000178e+00 -2.620329999999999870e+01 1.602198550000000310e+01 -2.620329999999999870e+01 2.161512450000000030e+01
5.349999999999999645e+00 -2.509380000000000166e+01 1.525269149999999918e+01 -2.509380000000000166e+01 2.081623849999999720e+01
5.375000000000000000e+00 -2.402629999999999910e+01 1.451718099999999900e+01 -2.402629999999999910e+01 2.005136900000000111e+01
5.400000000000000355e+00 -2.299950000000000117e+01 1.381445000000000078e+01 -2.299950000000000117e+01 1.931951000000000107e+01
5.424999999999999822e+00 -2.201239999999999952e+01 1.314309599999999989e+01 -2.201239999999999952e+01 1.861927400000000077e+01
5.450000000000000178e+00 -2.106350000000000122e+01 1.250201550000000061e+01 -2.106350000000000122e+01 1.794956450000000103e+01
5.474999999999999645e+00 -2.015180000000000149e+01 1.189000700000000066e+01 -2.015180000000000149e+01 1.730917300000000125e+01
5.500000000000000000e+00 -1.927609999999999957e+01 1.130606749999999927e+01 -1.927609999999999957e+01 1.669710249999999974e+01
5.525000000000000355e+00 -1.843509999999999849e+01 1.074899449999999845e+01 -1.843509999999999849e+01 1.611216549999999970e+01
5.549999999999999822e+00 -1.762770000000000081e+01 1.021768750000000026e+01 -1.762770000000000081e+01 1.555324249999999964e+01
5.575000000000000178e+00 -1.685290000000000177e+01 9.711143500000000373e+00 -1.685290000000000177e+01 1.501934650000000104e+01
5.599999999999999645e+00 -1.610950000000000060e+01 9.228391500000000747e+00 -1.610950000000000060e+01 1.450950849999999903e+01
5.625000000000000000e+00 -1.539639999999999986e+01 8.768399999999999750e+00 -1.539639999999999986e+01 1.402268999999999899e+01
5.650000000000000355e+00 -1.471260000000000012e+01 8.330218000000000345e+00 -1.471260000000000012e+01 1.355794199999999883e+01
5.674999999999999822e+00 -1.405700000000000038e+01 7.912924499999999917e+00 -1.405700000000000038e+01 1.311434550000000065e+01
5.700000000000000178e+00 -1.342859999999999943e+01 7.515628999999999671e+00 -1.342859999999999943e+01 1.269102099999999922e+01
5.724999999999999645e+00 -1.282649999999999935e+01 7.137459999999999916e+00 -1.282649999999999935e+01 1.228707999999999956e+01
5.750000000000000000e+00 -1.224970000000000070e+01 6.777577499999999588e+00 -1.224970000000000070e+01 1.190168249999999972e+01
5.775000000000000355e+00 -1.169730000000000025e+01 6.435181000000000040e+00 -1.169730000000000025e+01 1.153403899999999993e+01
5.799999999999999822e+00 -1.116820000000000057e+01 6.109480500000000092e+00 -1.116820000000000057e+01 1.118335949999999990e+01
5.825000000000000178e+00 -1.066179999999999950e+01 5.799725500000000089e+00 -1.066179999999999950e+01 1.084887450000000086e+01
5.849999999999999645e+00 -1.017699999999999960e+01 5.505205499999999752e+00 -1.017699999999999960e+01 1.052988450000000142e+01
5.875000000000000000e+00 -9.713129999999999598e+00 5.225211500000000342e+00 -9.713129999999999598e+00 1.022567850000000078e+01
5.900000000000000355e+00 -9.269289999999999807e+00 4.959072800000000392e+00 -9.269289999999999807e+00 9.935587200000000507e+00
5.924999999999999822e+00 -8.844709999999999184e+00 4.706149999999999167e+00 -8.844709999999999184e+00 9.658960000000000434e+00
5.950000000000000178e+00 -8.438650000000000873e+00 4.465823249999999689e+00 -8.438650000000000873e+00 9.395176750000000965e+00
5.974999999999999645e+00 -8.050349999999999895e+00 4.237502949999999657e+00 -8.050349999999999895e+00 9.143657049999999842e+00
6.000000000000000000e+00 -7.679109999999999658e+00 4.020619500000000457e+00 -7.679109999999999658e+00 8.903810500000000516e+00
6.025000000000000355e+00 -7.324250000000000149e+00 3.814623450000000027e+00 -7.324250000000000149e+00 8.675096549999999240e+00
6.049999999999999822e+00 -6.985079999999999956e+00 3.618985200000000013e+00 -6.985079999999999956e+00 8.456984800000000746e+00
6.075000000000000178e+00 -6.660969999999999835e+00 3.433225449999999679e+00 -6.660969999999999835e+00 8.248984549999999416e+00
6.099999999999999645e+00 -6.351309999999999789e+00 3.256844749999999955e+00 -6.351309999999999789e+00 8.050595250000000647e+00
6.125000000000000000e+00 -6.055480000000000196e+00 3.089403799999999922e+00 -6.055480000000000196e+00 7.861386200000000102e+00
6.150000000000000355e+00 -5.772920000000000051e+00 2.930453250000000232e+00 -5.772920000000000051e+00 7.680886749999999985e+00
6.174999999999999822e+00 -5.503059999999999619e+00 2.779573850000000235e+00 -5.503059999999999619e+00 7.508696149999999570e+00
6.200000000000000178e+00 -5.245359999999999800e+00 2.636376349999999924e+00 -5.245359999999999800e+00 7.344403650000000283e+00
6.224999999999999645e+00 -4.999319999999999986e+00 2.500481549999999942e+00 -4.999319999999999986e+00 7.187628450000000058e+00
6.250000000000000000e+00 -4.764439999999999564e+00 2.371520149999999827e+00 -4.764439999999999564e+00 7.038009849999999901e+00
6.275000000000000355e+00 -4.540230000000000210e+00 2.249142999999999670e+00 -4.540230000000000210e+00 6.895196999999999576e+00
6.299999999999999822e+00 -4.326249999999999929e+00 2.133030950000000203e+00 -4.326249999999999929e+00 6.758849050000000247e+00
6.325000000000000178e+00 -4.122040000000000148e+00 2.022864699999999960e+00 -4.122040000000000148e+00 6.628655300000000139e+00
6.349999999999999645e+00 -3.927169999999999828e+00 1.918335149999999878e+00 -3.927169999999999828e+00 6.504304850000000471e+00
6.375000000000000000e+00 -3.741249999999999964e+00 1.819183100000000053e+00 -3.741249999999999964e+00 6.385526900000000339e+00
6.400000000000000355e+00 -3.563880000000000159e+00 1.725109400000000015e+00 -3.563880000000000159e+00 6.272040600000000410e+00
6.424999999999999822e+00 -3.394690000000000207e+00 1.635874799999999851e+00 -3.394690000000000207e+00 6.163575200000000365e+00
6.450000000000000178e+00 -3.233319999999999972e+00 1.551230200000000004e+00 -3.233319999999999972e+00 6.059899800000000170e+00
6.474999999999999645e+00 -3.079410000000000203e+00 1.470946349999999958e+00 -3.079410000000000203e+00 5.960763649999999636e+00
6.500000000000000000e+00 -2.932640000000000136e+00 1.394784049999999942e+00 -2.932640000000000136e+00 5.865945949999999520e+00
6.525000000000000355e+00 -2.792689999999999895e+00 1.322554149999999984e+00 -2.792689999999999895e+00 5.775235849999999616e+00
6.549999999999999822e+00 -2.659260000000000179e+00 1.254047399999999923e+00 -2.659260000000000179e+00 5.688432599999999617e+00
6.575000000000000178e+00 -2.532049999999999912e+00 1.189074549999999952e+00 -2.532049999999999912e+00 5.605345449999999730e+00
6.599999999999999645e+00 -2.410779999999999923e+00 1.127456400000000025e+00 -2.410779999999999923e+00 5.525783599999999574e+00
6.625000000000000000e+00 -2.295199999999999907e+00 1.069013699999999956e+00 -2.295199999999999907e+00 5.449566299999999863e+00
6.650000000000000355e+00 -2.185029999999999806e+00 1.013597049999999999e+00 -2.185029999999999806e+00 5.376552950000000664e+00
6.674999999999999822e+00 -2.080029999999999824e+00 9.610384500000000996e-01 -2.080029999999999824e+00 5.306553549999999397e+00
6.700000000000000178e+00 -1.979980000000000073e+00 9.112013999999999392e-01 -1.979980000000000073e+00 5.239440600000000003e+00
6.724999999999999645e+00 -1.884640000000000093e+00 8.639416500000000054e-01 -1.884640000000000093e+00 5.175068350000000095e+00
6.750000000000000000e+00 -1.793809999999999905e+00 8.191288500000000194e-01 -1.793809999999999905e+00 5.113305150000000410e+00
6.775000000000000355e+00 -1.707270000000000065e+00 7.766377000000000974e-01 -1.707270000000000065e+00 5.054014299999999515e+00
6.799999999999999822e+00 -1.624819999999999931e+00 7.363538499999999765e-01 -1.624819999999999931e+00 4.997090150000000008e+00
6.825000000000000178e+00 -1.546289999999999942e+00 6.981529499999999944e-01 -1.546289999999999942e+00 4.942397050000000291e+00
6.849999999999999645e+00 -1.471489999999999965e+00 6.619345500000000104e-01 -1.471489999999999965e+00 4.889833450000000248e+00
6.875000000000000000e+00 -1.400249999999999995e+00 6.275962999999999958e-01 -1.400249999999999995e+00 4.839295700000000977e+00
6.900000000000000355e+00 -1.332400000000000029e+00 5.950417500000000359e-01 -1.332400000000000029e+00 4.790686250000000257e+00
6.924999999999999822e+00 -1.267789999999999973e+00 5.641784999999999162e-01 -1.267789999999999973e+00 4.743911500000000281e+00
6.950000000000000178e+00 -1.206269999999999953e+00 5.349211499999999564e-01 -1.206269999999999953e+00 4.698874850000000158e+00
6.974999999999999645e+00 -1.147690000000000099e+00 5.071851499999999735e-01 -1.147690000000000099e+00 4.655510849999999756e+00
7.000000000000000000e+00 -1.091920000000000002e+00 4.808950499999999906e-01 -1.091920000000000002e+00 4.613712950000000035e+00
7.025000000000000355e+00 -1.038820000000000077e+00 4.559734500000000024e-01 -1.038820000000000077e+00 4.573422550000000086e+00
7.049999999999999822e+00 -9.882819999999999938e-01 4.323517000000000055e-01 -9.882819999999999938e-01 4.534570300000000387e+00
7.075000000000000178e+00 -9.401720000000000077e-01 4.099624000000000046e-01 -9.401720000000000077e-01 4.497067600000000276e+00
7.099999999999999645e+00 -8.943809999999999816e-01 3.887420000000000320e-01 -8.943809999999999816e-01 4.460869999999999891e+00
7.125000000000000000e+00 -8.507989999999999720e-01 3.686298999999999548e-01 -8.507989999999999720e-01 4.425896100000000111e+00
7.150000000000000355e+00 -8.093219999999999859e-01 3.495686000000000071e-01 -8.093219999999999859e-01 4.392107400000000439e+00
7.174999999999999822e+00 -7.698519999999999808e-01 3.315044500000000061e-01 -7.698519999999999808e-01 4.359429549999999765e+00
7.200000000000000178e+00 -7.322940000000000005e-01 3.143859999999999988e-01 -7.322940000000000005e-01 4.327820000000000000e+00
7.224999999999999645e+00 -6.965559999999999530e-01 2.981635499999999994e-01 -6.965559999999999530e-01 4.297218449999999912e+00
7.250000000000000000e+00 -6.625539999999999763e-01 2.827915000000000290e-01 -6.625539999999999763e-01 4.267588500000000451e+00
7.275000000000000355e+00 -6.302039999999999864e-01 2.682242499999999974e-01 -6.302039999999999864e-01 4.238873749999999774e+00
7.299999999999999822e+00 -5.994279999999999609e-01 2.544212000000000140e-01 -5.994279999999999609e-01 4.211042800000000419e+00
7.325000000000000178e+00 -5.701509999999999634e-01 2.413416499999999909e-01 -5.701509999999999634e-01 4.184044349999999746e+00
7.349999999999999645e+00 -5.423010000000000330e-01 2.289479500000000112e-01 -5.423010000000000330e-01 4.157830050000000277e+00
7.375000000000000000e+00 -5.158089999999999620e-01 2.172054500000000221e-01 -5.158089999999999620e-01 4.132384550000000267e+00
7.400000000000000355e+00 -4.906119999999999925e-01 2.060784999999999978e-01 -4.906119999999999925e-01 4.107661499999999855e+00
7.424999999999999822e+00 -4.666460000000000052e-01 1.955363649999999898e-01 -4.666460000000000052e-01 4.083629635000000313e+00
7.450000000000000178e+00 -4.438529999999999975e-01 1.855463750000000134e-01 -4.438529999999999975e-01 4.060245625000000302e+00
7.474999999999999645e+00 -4.221750000000000225e-01 1.760808199999999990e-01 -4.221750000000000225e-01 4.037491179999999957e+00
7.500000000000000000e+00 -4.015599999999999725e-01 1.671129799999999943e-01 -4.015599999999999725e-01 4.015339019999999870e+00
7.525000000000000355e+00 -3.819540000000000157e-01 1.586141350000000172e-01 -3.819540000000000157e-01 3.993749865000000288e+00
7.549999999999999822e+00 -3.633109999999999951e-01 1.505605450000000178e-01 -3.633109999999999951e-01 3.972699455000000324e+00
7.575000000000000178e+00 -3.455820000000000003e-01 1.429294750000000003e-01 -3.455820000000000003e-01 3.952174524999999772e+00
7.599999999999999645e+00 -3.287229999999999874e-01 1.356981649999999817e-01 -3.287229999999999874e-01 3.932141835000000363e+00
7.625000000000000000e+00 -3.126920000000000255e-01 1.288448549999999804e-01 -3.126920000000000255e-01 3.912589145000000102e+00
7.650000000000000355e+00 -2.974490000000000189e-01 1.223508049999999930e-01 -2.974490000000000189e-01 3.893477195000000002e+00
7.674999999999999822e+00 -2.829539999999999833e-01 1.161951900000000037e-01 -2.829539999999999833e-01 3.874794810000000034e+00
7.700000000000000178e+00 -2.691720000000000224e-01 1.103602550000000043e-01 -2.691720000000000224e-01 3.856533745000000124e+00
7.724999999999999645e+00 -2.560669999999999891e-01 1.048291900000000026e-01 -2.560669999999999891e-01 3.838656810000000252e+00
7.750000000000000000e+00 -2.436059999999999892e-01 9.958620999999999446e-02 -2.436059999999999892e-01 3.821157789999999999e+00
7.775000000000000355e+00 -2.317569999999999908e-01 9.461561000000000277e-02 -2.317569999999999908e-01 3.804010589999999858e+00
7.799999999999999822e+00 -2.204909999999999926e-01 8.990226999999999247e-02 -2.204909999999999926e-01 3.787219729999999895e+00
7.825000000000000178e+00 -2.097779999999999923e-01 8.543277500000000246e-02 -2.097779999999999923e-01 3.770741424999999758e+00
7.849999999999999645e+00 -1.995909999999999906e-01 8.119399999999998840e-02 -1.995909999999999906e-01 3.754592199999999824e+00
7.875000000000000000e+00 -1.899039999999999895e-01 7.717350499999998947e-02 -1.899039999999999895e-01 3.738739295000000240e+00
7.900000000000000355e+00 -1.806929999999999925e-01 7.335965499999999584e-02 -1.806929999999999925e-01 3.723170745000000004e+00
7.924999999999999822e+00 -1.719340000000000035e-01 6.974120500000000056e-02 -1.719340000000000035e-01 3.707874995000000062e+00
7.950000000000000178e+00 -1.636039999999999994e-01 6.630790500000000032e-02 -1.636039999999999994e-01 3.692851494999999762e+00
7.974999999999999645e+00 -1.556819999999999871e-01 6.304959999999999731e-02 -1.556819999999999871e-01 3.678069799999999834e+00
8.000000000000000000e+00 -1.481480000000000019e-01 5.995702000000000670e-02 -1.481480000000000019e-01 3.663540379999999708e+00
8.025000000000000355e+00 -1.409819999999999962e-01 5.702110499999999554e-02 -1.409819999999999962e-01 3.649243895000000126e+00
8.050000000000000711e+00 -1.341670000000000085e-01 5.423367999999999939e-02 -1.341670000000000085e-01 3.635171919999999890e+00
8.074999999999999289e+00 -1.276849999999999929e-01 5.158666499999999683e-02 -1.276849999999999929e-01 3.621316134999999825e+00
8.099999999999999645e+00 -1.215190000000000020e-01 4.907268000000000047e-02 -1.215190000000000020e-01 3.607658919999999991e+00
8.125000000000000000e+00 -1.156540000000000068e-01 4.668454000000000353e-02 -1.156540000000000068e-01 3.594202859999999777e+00
8.150000000000000355e+00 -1.100750000000000062e-01 4.441554500000000072e-02 -1.100750000000000062e-01 3.580941055000000262e+00
8.175000000000000711e+00 -1.047680000000000000e-01 4.225950499999999582e-02 -1.047680000000000000e-01 3.567867094999999988e+00
8.199999999999999289e+00 -9.971820000000000683e-02 4.021032000000000078e-02 -9.971820000000000683e-02 3.554964679999999877e+00
8.224999999999999645e+00 -9.491410000000000124e-02 3.826247999999999455e-02 -9.491410000000000124e-02 3.542238119999999935e+00
8.250000000000000000e+00 -9.034309999999999563e-02 3.641048000000000201e-02 -9.034309999999999563e-02 3.529671720000000068e+00
8.275000000000000355e+00 -8.599379999999999524e-02 3.464951000000000142e-02 -8.599379999999999524e-02 3.517270490000000027e+00
8.300000000000000711e+00 -8.185520000000000296e-02 3.297474999999999712e-02 -8.185520000000000296e-02 3.505019449999999814e+00
8.324999999999999289e+00 -7.791689999999999727e-02 3.138178500000000232e-02 -7.791689999999999727e-02 3.492914014999999761e+00
8.349999999999999645e+00 -7.416899999999999882e-02 2.986628499999999936e-02 -7.416899999999999882e-02 3.480949714999999944e+00
8.375000000000000000e+00 -7.060199999999999809e-02 2.842433000000000112e-02 -7.060199999999999809e-02 3.469132469999999913e+00
8.400000000000000355e+00 -6.720729999999999760e-02 2.705218499999999943e-02 -6.720729999999999760e-02 3.457448414999999997e+00
8.425000000000000711e+00 -6.397609999999999408e-02 2.574622500000000105e-02 -6.397609999999999408e-02 3.445883774999999982e+00
8.449999999999999289e+00 -6.090070000000000205e-02 2.450320499999999665e-02 -6.090070000000000205e-02 3.434455194999999961e+00
8.474999999999999645e+00 -5.797320000000000251e-02 2.331999499999999961e-02 -5.797320000000000251e-02 3.423149404999999756e+00
8.500000000000000000e+00 -5.518660000000000232e-02 2.219345500000000082e-02 -5.518660000000000232e-02 3.411963145000000086e+00
8.525000000000000355e+00 -5.253390000000000143e-02 2.112093500000000040e-02 -5.253390000000000143e-02 3.400883664999999834e+00
8.550000000000000711e+00 -5.000860000000000027e-02 2.009969500000000076e-02 -5.000860000000000027e-02 3.389928105000000080e+00
8.574999999999999289e+00 -4.760450000000000098e-02 1.912728500000000081e-02 -4.760450000000000098e-02 3.379073915000000206e+00
8.599999999999999645e+00 -4.531580000000000330e-02 1.820124999999999868e-02 -4.531580000000000330e-02 3.368318550000000133e+00
8.625000000000000000e+00 -4.313689999999999886e-02 1.731935000000000072e-02 -4.313689999999999886e-02 3.357679650000000127e+00
8.650000000000000355e+00 -4.106250000000000178e-02 1.647952000000000097e-02 -4.106250000000000178e-02 3.347135079999999707e+00
8.675000000000000711e+00 -3.908749999999999725e-02 1.567970499999999864e-02 -3.908749999999999725e-02 3.336692694999999986e+00
8.699999999999999289e+00 -3.720720000000000277e-02 1.491805000000000041e-02 -3.720720000000000277e-02 3.326340549999999840e+00
8.724999999999999645e+00 -3.541709999999999997e-02 1.419279499999999937e-02 -3.541709999999999997e-02 3.316076804999999794e+00
8.750000000000000000e+00 -3.371269999999999822e-02 1.350207999999999964e-02 -3.371269999999999822e-02 3.305909520000000157e+00
8.775000000000000355e+00 -3.209000000000000047e-02 1.284433999999999923e-02 -3.209000000000000047e-02 3.295837060000000207e+00
8.800000000000000711e+00 -3.054520000000000152e-02 1.221810499999999994e-02 -3.054520000000000152e-02 3.285837894999999786e+00
8.824999999999999289e+00 -2.907449999999999965e-02 1.162191949999999939e-02 -2.907449999999999965e-02 3.275930480500000019e+00
8.849999999999999645e+00 -2.767429999999999890e-02 1.105430849999999854e-02 -2.767429999999999890e-02 3.266113291499999960e+00
8.875000000000000000e+00 -2.634140000000000092e-02 1.051400650000000082e-02 -2.634140000000000092e-02 3.256364993499999638e+00
8.900000000000000355e+00 -2.507250000000000104e-02 9.999742000000000700e-03 -2.507250000000000104e-02 3.246694258000000222e+00
8.925000000000000711e+00 -2.386450000000000030e-02 9.510315499999999825e-03 -2.386450000000000030e-02 3.237109824500000066e+00
8.949999999999999289e+00 -2.271470000000000086e-02 9.044613499999999695e-03 -2.271470000000000086e-02 3.227600526499999845e+00
8.974999999999999645e+00 -2.162029999999999855e-02 8.601523499999999545e-03 -2.162029999999999855e-02 3.218165196500000214e+00
9.000000000000000000e+00 -2.057859999999999898e-02 8.180011499999998922e-03 -2.057859999999999898e-02 3.208792748500000069e+00
9.025000000000000355e+00 -1.958709999999999965e-02 7.779101499999999808e-03 -1.958709999999999965e-02 3.199502158500000082e+00
9.050000000000000711e+00 -1.864359999999999976e-02 7.397828000000000390e-03 -1.864359999999999976e-02 3.190272412000000113e+00
9.074999999999999289e+00 -1.774560000000000026e-02 7.035293499999999492e-03 -1.774560000000000026e-02 3.181122566500000026e+00
9.099999999999999645e+00 -1.689099999999999976e-02 6.690641000000000643e-03 -1.689099999999999976e-02 3.172031719000000027e+00
9.125000000000000000e+00 -1.607779999999999973e-02 6.363040500000000099e-03 -1.607779999999999973e-02 3.163008999500000140e+00
9.150000000000000355e+00 -1.530409999999999930e-02 6.051693999999999823e-03 -1.530409999999999930e-02 3.154053565999999975e+00
9.175000000000000711e+00 -1.456789999999999995e-02 5.755850500000000459e-03 -1.456789999999999995e-02 3.145154629500000354e+00
9.199999999999999289e+00 -1.386749999999999962e-02 5.474779499999999667e-03 -1.386749999999999962e-02 3.136321420499999846e+00
9.224999999999999645e+00 -1.320119999999999974e-02 5.207798999999999935e-03 -1.320119999999999974e-02 3.127553220999999883e+00
9.250000000000000000e+00 -1.256730000000000000e-02 4.954227999999999757e-03 -1.256730000000000000e-02 3.118839311999999975e+00
9.275000000000000355e+00 -1.196430000000000063e-02 4.713432999999999512e-03 -1.196430000000000063e-02 3.110189027000000106e+00
9.300000000000000711e+00 -1.139070000000000013e-02 4.484811000000000006e-03 -1.139070000000000013e-02 3.101591728999999908e+00
9.324999999999999289e+00 -1.084509999999999988e-02 4.267767999999999909e-03 -1.084509999999999988e-02 3.093056792000000055e+00
9.349999999999999645e+00 -1.032630000000000006e-02 4.061739499999999711e-03 -1.032630000000000006e-02 3.084583620500000123e+00
9.375000000000000000e+00 -9.832769999999999358e-03 3.866200499999999495e-03 -9.832769999999999358e-03 3.076151659499999802e+00
9.400000000000000355e+00 -9.363430000000000711e-03 3.680635499999999980e-03 -9.363430000000000711e-03 3.067780364499999912e+00
9.425000000000000711e+00 -8.917100000000000720e-03 3.504538499999999921e-03 -8.917100000000000720e-03 3.059469201500000235e+00
9.449999999999999289e+00 -8.492639999999999217e-03 3.337453499999999944e-03 -8.492639999999999217e-03 3.051197686500000117e+00
9.474999999999999645e+00 -8.089010000000000644e-03 3.178923499999999902e-03 -8.089010000000000644e-03 3.042985336500000138e+00
9.500000000000000000e+00 -7.705169999999999901e-03 3.028510500000000053e-03 -7.705169999999999901e-03 3.034821689500000197e+00
9.525000000000000355e+00 -7.340179999999999969e-03 2.885807499999999953e-03 -7.340179999999999969e-03 3.026716312500000061e+00
9.550000000000000711e+00 -6.993100000000000357e-03 2.750425500000000089e-03 -6.993100000000000357e-03 3.018648794500000232e+00
9.574999999999999289e+00 -6.663050000000000223e-03 2.621976499999999991e-03 -6.663050000000000223e-03 3.010638723500000058e+00
9.599999999999999645e+00 -6.349190000000000215e-03 2.500101499999999970e-03 -6.349190000000000215e-03 3.002675718499999924e+00
9.625000000000000000e+00 -6.050729999999999824e-03 2.384461000000000046e-03 -6.050729999999999824e-03 2.994749418999999691e+00
9.650000000000000355e+00 -5.766900000000000151e-03 2.274714500000000333e-03 -5.766900000000000151e-03 2.986879465499999942e+00
9.675000000000000711e+00 -5.496980000000000269e-03 2.170562499999999749e-03 -5.496980000000000269e-03 2.979055537499999851e+00
9.699999999999999289e+00 -5.240260000000000057e-03 2.071704500000000337e-03 -5.240260000000000057e-03 2.971277315500000071e+00
9.724999999999999645e+00 -4.996099999999999847e-03 1.977858999999999780e-03 -4.996099999999999847e-03 2.963544500999999887e+00
9.750000000000000000e+00 -4.763850000000000029e-03 1.888745500000000004e-03 -4.763850000000000029e-03 2.955846794499999763e+00
9.775000000000000355e+00 -4.542929999999999711e-03 1.804111499999999906e-03 -4.542929999999999711e-03 2.948203928500000348e+00
9.800000000000000711e+00 -4.332749999999999796e-03 1.723705999999999980e-03 -4.332749999999999796e-03 2.940595634000000125e+00
9.824999999999999289e+00 -4.132789999999999901e-03 1.647296000000000133e-03 -4.132789999999999901e-03 2.933041664000000104e+00
9.849999999999999645e+00 -3.942519999999999705e-03 1.574668999999999895e-03 -3.942519999999999705e-03 2.925521790999999983e+00
9.875000000000000000e+00 -3.761440000000000009e-03 1.505602500000000152e-03 -3.761440000000000009e-03 2.918045777500000160e+00
9.900000000000000355e+00 -3.589100000000000016e-03 1.439893000000000032e-03 -3.589100000000000016e-03 2.910603406999999976e+00
9.925000000000000711e+00 -3.425049999999999796e-03 1.377376999999999942e-03 -3.425049999999999796e-03 2.903204502999999992e+00
9.949999999999999289e+00 -3.268860000000000168e-03 1.317851000000000092e-03 -3.268860000000000168e-03 2.895848849000000058e+00
9.974999999999999645e+00 -3.120139999999999979e-03 1.261160500000000056e-03 -3.120139999999999979e-03 2.888536279499999804e+00
1.000000000000000000e+01 -2.978489999999999870e-03 1.207141500000000070e-03 -2.978489999999999870e-03 2.881256618500000144e+00
1.002500000000000036e+01 -2.843570000000000125e-03 1.155639499999999925e-03 -2.843570000000000125e-03 2.874019700499999885e+00
1.005000000000000071e+01 -2.715029999999999787e-03 1.106510000000000002e-03 -2.715029999999999787e-03 2.866815369999999863e+00
1.007499999999999929e+01 -2.592539999999999949e-03 1.059616499999999940e-03 -2.592539999999999949e-03 2.859653483500000259e+00
1.009999999999999964e+01 -2.475789999999999848e-03 1.014844999999999896e-03 -2.475789999999999848e-03 2.852533914999999975e+00
1.012500000000000000e+01 -2.364489999999999908e-03 9.720595000000000060e-04 -2.364489999999999908e-03 2.845446520499999910e+00
1.015000000000000036e+01 -2.258360000000000055e-03 9.311659999999999816e-04 -2.258360000000000055e-03 2.838391197999999616e+00
1.017500000000000071e+01 -2.157140000000000099e-03 8.920429999999999159e-04 -2.157140000000000099e-03 2.831377816999999908e+00
1.019999999999999929e+01 -2.060569999999999850e-03 8.545945000000000321e-04 -2.060569999999999850e-03 2.824396273500000110e+00
1.022499999999999964e+01 -1.968430000000000180e-03 8.187354500000000590e-04 -1.968430000000000180e-03 2.817456476549999866e+00
1.025000000000000000e+01 -1.880500000000000010e-03 7.843836499999999384e-04 -1.880500000000000010e-03 2.810548336350000120e+00
1.027500000000000036e+01 -1.796550000000000057e-03 7.514423000000000543e-04 -1.796550000000000057e-03 2.803671749700000326e+00
1.030000000000000071e+01 -1.716389999999999930e-03 7.198454999999999437e-04 -1.716389999999999930e-03 2.796836644499999913e+00
1.032499999999999929e+01 -1.639830000000000107e-03 6.895211499999999568e-04 -1.639830000000000107e-03 2.790032942849999920e+00
1.034999999999999964e+01 -1.566689999999999923e-03 6.604070500000000250e-04 -1.566689999999999923e-03 2.783260576950000065e+00
1.037500000000000000e+01 -1.496809999999999894e-03 6.324397500000000869e-04 -1.496809999999999894e-03 2.776529478250000071e+00
1.040000000000000036e+01 -1.430030000000000103e-03 6.055658000000000221e-04 -1.430030000000000103e-03 2.769829588199999915e+00
1.042500000000000071e+01 -1.366189999999999983e-03 5.797304500000000256e-04 -1.366189999999999983e-03 2.763160847550000021e+00
1.044999999999999929e+01 -1.305160000000000087e-03 5.548880500000000346e-04 -1.305160000000000087e-03 2.756523205950000222e+00
1.047499999999999964e+01 -1.246799999999999948e-03 5.309896000000000364e-04 -1.246799999999999948e-03 2.749916610400000128e+00
1.050000000000000000e+01 -1.190979999999999903e-03 5.080030500000000523e-04 -1.190979999999999903e-03 2.743341024950000318e+00
1.052500000000000036e+01 -1.137599999999999896e-03 4.858823499999999915e-04 -1.137599999999999896e-03 2.736806399650000277e+00
1.055000000000000071e+01 -1.086520000000000107e-03 4.645932500000000465e-04 -1.086520000000000107e-03 2.730302696749999924e+00
1.057499999999999929e+01 -1.037659999999999928e-03 4.441044500000000065e-04 -1.037659999999999928e-03 2.723819881550000321e+00
1.059999999999999964e+01 -9.909100000000000113e-04 4.243864500000000032e-04 -9.909100000000000113e-04 2.717377921549999797e+00
1.062500000000000000e+01 -9.461730000000000227e-04 4.054098000000000228e-04 -9.461730000000000227e-04 2.710966784200000035e+00
1.065000000000000036e+01 -9.033620000000000018e-04 3.871489999999999892e-04 -9.033620000000000018e-04 2.704576441000000386e+00
1.067500000000000071e+01 -8.623949999999999585e-04 3.695812499999999879e-04 -8.623949999999999585e-04 2.698226866750000230e+00
1.069999999999999929e+01 -8.231910000000000269e-04 3.526829499999999942e-04 -8.231910000000000269e-04 2.691908035049999981e+00
1.072499999999999964e+01 -7.856739999999999861e-04 3.364333000000000167e-04 -7.856739999999999861e-04 2.685609922699999874e+00
1.075000000000000000e+01 -7.497750000000000508e-04 3.208134000000000072e-04 -7.497750000000000508e-04 2.679352508600000071e+00
1.077500000000000036e+01 -7.154250000000000019e-04 3.058034500000000443e-04 -7.154250000000000019e-04 2.673115770549999937e+00
1.080000000000000071e+01 -6.825600000000000243e-04 2.913864000000000059e-04 -6.825600000000000243e-04 2.666919689599999810e+00
1.082499999999999929e+01 -6.511200000000000408e-04 2.775453499999999836e-04 -6.511200000000000408e-04 2.660744246649999756e+00
1.084999999999999964e+01 -6.210459999999999895e-04 2.642652000000000325e-04 -6.210459999999999895e-04 2.654599424800000218e+00
1.087500000000000000e+01 -5.922850000000000120e-04 2.515298999999999920e-04 -5.922850000000000120e-04 2.648485206100000156e+00
1.090000000000000036e+01 -5.647830000000000168e-04 2.393233000000000198e-04 -5.647830000000000168e-04 2.642391572699999802e+00
1.092500000000000071e+01 -5.384899999999999756e-04 2.276333000000000013e-04 -5.384899999999999756e-04 2.636338510700000359e+00
1.094999999999999929e+01 -5.133580000000000001e-04 2.164437499999999858e-04 -5.133580000000000001e-04 2.630306002249999775e+00
1.097499999999999964e+01 -4.893420000000000322e-04 2.057423500000000072e-04 -4.893420000000000322e-04 2.624304033650000090e+00
1.100000000000000000e+01 -4.663979999999999754e-04 1.955139499999999952e-04 -4.663979999999999754e-04 2.618322588050000288e+00
1.102500000000000036e+01 -4.444839999999999815e-04 1.857452499999999950e-04 -4.444839999999999815e-04 2.612381650749999729e+00
1.105000000000000071e+01 -4.235590000000000015e-04 1.764229999999999878e-04 -4.235590000000000015e-04 2.606461206999999725e+00
1.107499999999999929e+01 -4.035840000000000174e-04 1.675338999999999919e-04 -4.035840000000000174e-04 2.600561242099999948e+00
1.109999999999999964e+01 -3.845219999999999888e-04 1.590646499999999984e-04 -3.845219999999999888e-04 2.594701741350000201e+00
1.112500000000000000e+01 -3.663369999999999994e-04 1.510018999999999815e-04 -3.663369999999999994e-04 2.588862690100000030e+00
1.115000000000000036e+01 -3.489930000000000246e-04 1.433323499999999864e-04 -3.489930000000000246e-04 2.583044073649999994e+00
1.117500000000000071e+01 -3.324569999999999782e-04 1.360425999999999975e-04 -3.324569999999999782e-04 2.577255877400000283e+00
1.119999999999999929e+01 -3.166959999999999914e-04 1.291192999999999887e-04 -3.166959999999999914e-04 2.571498086699999686e+00
1.122499999999999964e+01 -3.016800000000000254e-04 1.225491000000000156e-04 -3.016800000000000254e-04 2.565760686900000032e+00
1.125000000000000000e+01 -2.873770000000000100e-04 1.163196000000000103e-04 -2.873770000000000100e-04 2.560053664399999818e+00
1.127500000000000036e+01 -2.737579999999999766e-04 1.104163499999999919e-04 -2.737579999999999766e-04 2.554377003649999978e+00
1.130000000000000071e+01 -2.607940000000000106e-04 1.048280499999999966e-04 -2.607940000000000106e-04 2.548720691949999839e+00
1.132499999999999929e+01 -2.484589999999999737e-04 9.954220000000000386e-05 -2.484589999999999737e-04 2.543084715800000062e+00
1.134999999999999964e+01 -2.367240000000000056e-04 9.454444999999999906e-05 -2.367240000000000056e-04 2.537479059550000304e+00
1.137500000000000000e+01 -2.255649999999999994e-04 8.982290000000000359e-05 -2.255649999999999994e-04 2.531893710299999878e+00
1.140000000000000036e+01 -2.149549999999999909e-04 8.536579999999999505e-05 -2.149549999999999909e-04 2.526338654999999989e+00
1.142500000000000071e+01 -2.048720000000000131e-04 8.116085000000000747e-05 -2.048720000000000131e-04 2.520803880349999915e+00
1.144999999999999929e+01 -1.952909999999999976e-04 7.719625000000000141e-05 -1.952909999999999976e-04 2.515299373349999978e+00
1.147499999999999964e+01 -1.861900000000000046e-04 7.346049999999999911e-05 -1.861900000000000046e-04 2.509815121499999968e+00
1.150000000000000000e+01 -1.775470000000000130e-04 6.994229999999999610e-05 -1.775470000000000130e-04 2.504351112500000198e+00
1.152500000000000036e+01 -1.693400000000000016e-04 6.663105000000000980e-05 -1.693400000000000016e-04 2.498917334549999758e+00
1.155000000000000071e+01 -1.615499999999999966e-04 6.351565000000000910e-05 -1.615499999999999966e-04 2.493503775550000245e+00
1.157499999999999929e+01 -1.541570000000000082e-04 6.058637500000000486e-05 -1.541570000000000082e-04 2.488120424824999954e+00
1.159999999999999964e+01 -1.471420000000000085e-04 5.783267499999999767e-05 -1.471420000000000085e-04 2.482747270725000011e+00
1.162500000000000000e+01 -1.404870000000000120e-04 5.524531499999999878e-05 -1.404870000000000120e-04 2.477414303084999769e+00
1.165000000000000036e+01 -1.341729999999999908e-04 5.281467999999999965e-05 -1.341729999999999908e-04 2.472091511320000379e+00
1.167500000000000071e+01 -1.281859999999999955e-04 5.053264000000000074e-05 -1.281859999999999955e-04 2.466798886360000331e+00
1.169999999999999929e+01 -1.225069999999999978e-04 4.839034500000000637e-05 -1.225069999999999978e-04 2.461526418454999643e+00
1.172499999999999964e+01 -1.171210000000000057e-04 4.637954999999999541e-05 -1.171210000000000057e-04 2.456274098450000221e+00
1.175000000000000000e+01 -1.120140000000000019e-04 4.449258000000000016e-05 -1.120140000000000019e-04 2.451041917820000027e+00
1.177500000000000036e+01 -1.071709999999999942e-04 4.272176000000000548e-05 -1.071709999999999942e-04 2.445839868040000198e+00
1.180000000000000071e+01 -1.025789999999999948e-04 4.106019499999999660e-05 -1.025789999999999948e-04 2.440657941405000031e+00
1.182499999999999929e+01 -9.822409999999999356e-05 3.950087499999999812e-05 -9.822409999999999356e-05 2.435496130124999770e+00
1.184999999999999964e+01 -9.409410000000000430e-05 3.803739000000000208e-05 -9.409410000000000430e-05 2.430354427010000151e+00
1.187500000000000000e+01 -9.017680000000000032e-05 3.666348999999999818e-05 -9.017680000000000032e-05 2.425232825110000157e+00
1.190000000000000036e+01 -8.646070000000000383e-05 3.537323999999999812e-05 -8.646070000000000383e-05 2.420141317760000188e+00
1.192500000000000071e+01 -8.293480000000000426e-05 3.416096500000000472e-05 -8.293480000000000426e-05 2.415059898635000035e+00
1.194999999999999929e+01 -7.958850000000000549e-05 3.302118999999999411e-05 -7.958850000000000549e-05 2.410008561609999767e+00
1.197499999999999964e+01 -7.641179999999999912e-05 3.194892000000000310e-05 -7.641179999999999912e-05 2.404977301079999741e+00
1.200000000000000000e+01 -7.339499999999999779e-05 3.093914499999999971e-05 -7.339499999999999779e-05 2.399966111454999940e+00
1.202500000000000036e+01 -7.052909999999999529e-05 2.998723999999999582e-05 -7.052909999999999529e-05 2.394974987559999935e+00
1.205000000000000071e+01 -6.780520000000000600e-05 2.908866500000000248e-05 -6.780520000000000600e-05 2.390003924334999752e+00
1.207499999999999929e+01 -6.521500000000000495e-05 2.823926999999999704e-05 -6.521500000000000495e-05 2.385052917129999894e+00
1.209999999999999964e+01 -6.275059999999999514e-05 2.743478499999999927e-05 -6.275059999999999514e-05 2.380121961214999970e+00
1.212500000000000000e+01 -6.040440000000000056e-05 2.667181999999999903e-05 -6.040440000000000056e-05 2.375221052779999731e+00
1.215000000000000036e+01 -5.816919999999999865e-05 2.594588999999999766e-05 -5.816919999999999865e-05 2.370330186909999970e+00
1.217500000000000071e+01 -5.603810000000000139e-05 2.525416499999999710e-05 -5.603810000000000139e-05 2.365459360435000047e+00
1.219999999999999929e+01 -5.400470000000000151e-05 2.459314499999999982e-05 -5.400470000000000151e-05 2.360618569455000149e+00
1.222499999999999964e+01 -5.206289999999999920e-05 2.395968499999999928e-05 -5.206289999999999920e-05 2.355787810514999858e+00
1.225000000000000000e+01 -5.020660000000000140e-05 2.335093999999999974e-05 -5.020660000000000140e-05 2.350977080460000312e+00
1.227500000000000036e+01 -4.843059999999999672e-05 2.276394000000000011e-05 -4.843059999999999672e-05 2.346186376059999912e+00
1.230000000000000071e+01 -4.672950000000000042e-05 2.219612000000000053e-05 -4.672950000000000042e-05 2.341415694480000198e+00
1.232499999999999929e+01 -4.509850000000000198e-05 2.164519999999999734e-05 -4.509850000000000198e-05 2.336665033200000074e+00
1.234999999999999964e+01 -4.353269999999999742e-05 2.110867999999999862e-05 -4.353269999999999742e-05 2.331934389520000206e+00
1.237500000000000000e+01 -4.202809999999999830e-05 2.058466999999999751e-05 -4.202809999999999830e-05 2.327223761329999974e+00
1.240000000000000036e+01 -4.058050000000000220e-05 2.007114999999999841e-05 -4.058050000000000220e-05 2.322533146449999641e+00
1.242500000000000071e+01 -3.918610000000000078e-05 1.956649999999999977e-05 -3.918610000000000078e-05 2.317862543099999950e+00
1.244999999999999929e+01 -3.784129999999999970e-05 1.906909499999999975e-05 -3.784129999999999970e-05 2.313201949504999799e+00
1.247499999999999964e+01 -3.654299999999999893e-05 1.857749999999999959e-05 -3.654299999999999893e-05 2.308571364100000078e+00
1.250000000000000000e+01 -3.528799999999999824e-05 1.809047999999999760e-05 -3.528799999999999824e-05 2.303950785519999656e+00
1.252500000000000036e+01 -3.407359999999999849e-05 1.760718000000000173e-05 -3.407359999999999849e-05 2.299350212819999850e+00
1.255000000000000071e+01 -3.289720000000000074e-05 1.712665500000000010e-05 -3.289720000000000074e-05 2.294769644945000131e+00
1.257499999999999929e+01 -3.175649999999999995e-05 1.664813999999999677e-05 -3.175649999999999995e-05 2.290209081059999985e+00
1.259999999999999964e+01 -3.064929999999999808e-05 1.617106999999999966e-05 -3.064929999999999808e-05 2.285668520529999803e+00
1.262500000000000000e+01 -2.957380000000000135e-05 1.569519000000000109e-05 -2.957380000000000135e-05 2.281137963009999936e+00
1.265000000000000036e+01 -2.852829999999999925e-05 1.522032000000000033e-05 -2.852829999999999925e-05 2.276627408279999987e+00
1.267500000000000071e+01 -2.751110000000000160e-05 1.474618500000000017e-05 -2.751110000000000160e-05 2.272136856014999928e+00
1.269999999999999929e+01 -2.652099999999999900e-05 1.427281000000000066e-05 -2.652099999999999900e-05 2.267666306190000203e+00
1.272499999999999964e+01 -2.555679999999999898e-05 1.380061500000000068e-05 -2.555679999999999898e-05 2.263205759184999888e+00
1.275000000000000000e+01 -2.461749999999999935e-05 1.332981500000000004e-05 -2.461749999999999935e-05 2.258775215185000018e+00
1.277500000000000036e+01 -2.370220000000000153e-05 1.286061999999999987e-05 -2.370220000000000153e-05 2.254354674380000034e+00
1.280000000000000071e+01 -2.281010000000000036e-05 1.239374000000000070e-05 -2.281010000000000036e-05 2.249944137459999993e+00
1.282499999999999929e+01 -2.194060000000000132e-05 1.192959000000000109e-05 -2.194060000000000132e-05 2.245563604810000058e+00
1.284999999999999964e+01 -2.109330000000000013e-05 1.146898000000000009e-05 -2.109330000000000013e-05 2.241193077220000163e+00
1.287500000000000000e+01 -2.026769999999999909e-05 1.101241500000000085e-05 -2.026769999999999909e-05 2.236842555184999970e+00
1.290000000000000036e+01 -1.946350000000000093e-05 1.056079500000000025e-05 -1.946350000000000093e-05 2.232502039604999933e+00
1.292500000000000071e+01 -1.868049999999999843e-05 1.011483499999999919e-05 -1.868049999999999843e-05 2.228181531165000173e+00
1.294999999999999929e+01 -1.791850000000000132e-05 9.675325000000000407e-06 -1.791850000000000132e-05 2.223881030674999870e+00
1.297499999999999964e+01 -1.717739999999999922e-05 9.243065000000000585e-06 -1.717739999999999922e-05 2.219600538914999976e+00
1.300000000000000000e+01 -1.645719999999999890e-05 8.818925000000001288e-06 -1.645719999999999890e-05 2.215330056755000054e+00
1.302500000000000036e+01 -1.575780000000000014e-05 8.403659999999999429e-06 -1.575780000000000014e-05 2.211079584959999789e+00
1.305000000000000071e+01 -1.507909999999999933e-05 7.998034999999999395e-06 -1.507909999999999933e-05 2.206839124285000064e+00
1.307499999999999929e+01 -1.442130000000000031e-05 7.602795000000000787e-06 -1.442130000000000031e-05 2.202618675485000121e+00
1.309999999999999964e+01 -1.378429999999999947e-05 7.218614999999999156e-06 -1.378429999999999947e-05 2.198418239225000015e+00
1.312500000000000000e+01 -1.316810000000000018e-05 6.846142499999999988e-06 -1.316810000000000018e-05 2.194227816177499957e+00
1.315000000000000036e+01 -1.257279999999999929e-05 6.485961499999999921e-06 -1.257279999999999929e-05 2.190057406918499705e+00
1.317500000000000071e+01 -1.199840000000000018e-05 6.138587499999999950e-06 -1.199840000000000018e-05 2.185897011972500081e+00
1.319999999999999929e+01 -1.144479999999999925e-05 5.804467500000000343e-06 -1.144479999999999925e-05 2.181756631792500123e+00
1.322499999999999964e+01 -1.091199999999999988e-05 5.483978499999999861e-06 -1.091199999999999988e-05 2.177636266761500128e+00
1.325000000000000000e+01 -1.040000000000000038e-05 5.177427499999999991e-06 -1.040000000000000038e-05 2.173525917192499879e+00
1.327500000000000036e+01 -9.908500000000000085e-06 4.885051000000000165e-06 -9.908500000000000085e-06 2.169435583329000217e+00
1.330000000000000071e+01 -9.437509999999999703e-06 4.606987500000000079e-06 -9.437509999999999703e-06 2.165355265312499888e+00
1.332499999999999929e+01 -8.986830000000000488e-06 4.343323500000000531e-06 -8.986830000000000488e-06 2.161294963236500166e+00
1.334999999999999964e+01 -8.556219999999999202e-06 4.094047999999999736e-06 -8.556219999999999202e-06 2.157244677091999741e+00
1.337500000000000000e+01 -8.145450000000000083e-06 3.859100999999999425e-06 -8.145450000000000083e-06 2.153214406819000004e+00
1.340000000000000036e+01 -7.754240000000000487e-06 3.638337999999999740e-06 -7.754240000000000487e-06 2.149194152281999948e+00
1.342500000000000071e+01 -7.382219999999999939e-06 3.431553999999999892e-06 -7.382219999999999939e-06 2.145193913266000063e+00
1.344999999999999929e+01 -7.029050000000000066e-06 3.238507999999999792e-06 -7.029050000000000066e-06 2.141203689531999910e+00
1.347499999999999964e+01 -6.694329999999999991e-06 3.058863500000000211e-06 -6.694329999999999991e-06 2.137233480736500102e+00
1.350000000000000000e+01 -6.377630000000000126e-06 2.892231500000000364e-06 -6.377630000000000126e-06 2.133273286488500009e+00
1.352500000000000036e+01 -6.078489999999999633e-06 2.738221499999999953e-06 -6.078489999999999633e-06 2.129333106378500151e+00
1.355000000000000071e+01 -5.796419999999999807e-06 2.596387000000000100e-06 -5.796419999999999807e-06 2.125402939953000114e+00
1.357499999999999929e+01 -5.530920000000000401e-06 2.466226000000000077e-06 -5.530920000000000401e-06 2.121482786694000033e+00
1.359999999999999964e+01 -5.281450000000000061e-06 2.347247500000000095e-06 -5.281450000000000061e-06 2.117582646092499576e+00
1.362500000000000000e+01 -5.047450000000000268e-06 2.238912000000000190e-06 -5.047450000000000268e-06 2.113702517587999985e+00
1.365000000000000036e+01 -4.828379999999999670e-06 2.140682000000000031e-06 -4.828379999999999670e-06 2.109832400618000037e+00
1.367500000000000071e+01 -4.623640000000000340e-06 2.052023000000000004e-06 -4.623640000000000340e-06 2.105972294617000085e+00
1.369999999999999929e+01 -4.432659999999999671e-06 1.972367000000000101e-06 -4.432659999999999671e-06 2.102132198992999967e+00
1.372499999999999964e+01 -4.254860000000000289e-06 1.901159000000000249e-06 -4.254860000000000289e-06 2.098302113161000015e+00
1.375000000000000000e+01 -4.089630000000000179e-06 1.837869499999999912e-06 -4.089630000000000179e-06 2.094482036530499691e+00
1.377500000000000036e+01 -3.936400000000000123e-06 1.781966999999999985e-06 -3.936400000000000123e-06 2.090681968553000036e+00
1.380000000000000071e+01 -3.794590000000000205e-06 1.732917000000000005e-06 -3.794590000000000205e-06 2.086891908643000004e+00
1.382499999999999929e+01 -3.663609999999999809e-06 1.690242499999999936e-06 -3.663609999999999809e-06 2.083121856277500239e+00
1.384999999999999964e+01 -3.542890000000000142e-06 1.653448499999999878e-06 -3.542890000000000142e-06 2.079361810911499742e+00
1.387500000000000000e+01 -3.431900000000000125e-06 1.622080499999999885e-06 -3.431900000000000125e-06 2.075611772039500202e+00
1.390000000000000036e+01 -3.330059999999999843e-06 1.595705499999999862e-06 -3.330059999999999843e-06 2.071881739174500137e+00
1.392500000000000071e+01 -3.236869999999999894e-06 1.573920999999999817e-06 -3.236869999999999894e-06 2.068161711859000107e+00
1.394999999999999929e+01 -3.151800000000000046e-06 1.556346499999999940e-06 -3.151800000000000046e-06 2.064451689653499677e+00
1.397499999999999964e+01 -3.074350000000000050e-06 1.542621499999999914e-06 -3.074350000000000050e-06 2.060761672138500256e+00
1.400000000000000000e+01 -3.004040000000000210e-06 1.532415000000000133e-06 -3.004040000000000210e-06 2.057081658925000056e+00
1.402500000000000036e+01 -2.940419999999999962e-06 1.525418999999999930e-06 -2.940419999999999962e-06 2.053421649640999824e+00
1.405000000000000071e+01 -2.883019999999999885e-06 1.521352999999999925e-06 -2.883019999999999885e-06 2.049761643946999889e+00
1.407499999999999929e+01 -2.831419999999999820e-06 1.519958500000000077e-06 -2.831419999999999820e-06 2.046121641521500223e+00
1.409999999999999964e+01 -2.785209999999999884e-06 1.520985499999999839e-06 -2.785209999999999884e-06 2.042491642054499845e+00
1.412500000000000000e+01 -2.743999999999999901e-06 1.524215500000000061e-06 -2.743999999999999901e-06 2.038881645264499998e+00
1.415000000000000036e+01 -2.707400000000000116e-06 1.529447500000000064e-06 -2.707400000000000116e-06 2.035281650892500238e+00
1.417500000000000071e+01 -2.675049999999999909e-06 1.536501000000000055e-06 -2.675049999999999909e-06 2.031691658699000147e+00
1.419999999999999929e+01 -2.646619999999999912e-06 1.545185000000000055e-06 -2.646619999999999912e-06 2.028111668434999793e+00
1.422499999999999964e+01 -2.621760000000000204e-06 1.555337000000000132e-06 -2.621760000000000204e-06 2.024541679882999823e+00
1.425000000000000000e+01 -2.600170000000000128e-06 1.566813000000000122e-06 -2.600170000000000128e-06 2.020991692846999754e+00
1.427500000000000036e+01 -2.581540000000000020e-06 1.579449000000000156e-06 -2.581540000000000020e-06 2.017451707111000303e+00
1.430000000000000071e+01 -2.565590000000000198e-06 1.593118500000000026e-06 -2.565590000000000198e-06 2.013931722501500321e+00
1.432499999999999929e+01 -2.552040000000000133e-06 1.607694500000000037e-06 -2.552040000000000133e-06 2.010411738845499841e+00
1.434999999999999964e+01 -2.540629999999999848e-06 1.623006499999999823e-06 -2.540629999999999848e-06 2.006911755933499908e+00
1.437500000000000000e+01 -2.531110000000000064e-06 1.638925999999999968e-06 -2.531110000000000064e-06 2.003421773594000310e+00
1.440000000000000036e+01 -2.523240000000000087e-06 1.655359500000000113e-06 -2.523240000000000087e-06 1.999941791700500016e+00
1.442500000000000071e+01 -2.516789999999999920e-06 1.672142499999999847e-06 -2.516789999999999920e-06 1.996471810057500074e+00
1.444999999999999929e+01 -2.511550000000000119e-06 1.689160000000000019e-06 -2.511550000000000119e-06 1.993021828520000094e+00
1.447499999999999964e+01 -2.507319999999999823e-06 1.706273500000000088e-06 -2.507319999999999823e-06 1.989581846926499864e+00
1.450000000000000000e+01 -2.503890000000000010e-06 1.723353999999999882e-06 -2.503890000000000010e-06 1.986151865126000171e+00
1.452500000000000036e+01 -2.501079999999999947e-06 1.740259499999999927e-06 -2.501079999999999947e-06 1.982731882960500069e+00
1.455000000000000071e+01 -2.498720000000000024e-06 1.756877500000000189e-06 -2.498720000000000024e-06 1.979321900302499992e+00
1.457499999999999929e+01 -2.496640000000000206e-06 1.773073500000000025e-06 -2.496640000000000206e-06 1.975931917006499949e+00
1.459999999999999964e+01 -2.494690000000000166e-06 1.788710499999999889e-06 -2.494690000000000166e-06 1.972541932929499975e+00
1.462500000000000000e+01 -2.492729999999999849e-06 1.803670499999999912e-06 -2.492729999999999849e-06 1.969171947949500012e+00
1.465000000000000036e+01 -2.490620000000000050e-06 1.817834000000000077e-06 -2.490620000000000050e-06 1.965811961946000164e+00
1.467500000000000071e+01 -2.488249999999999851e-06 1.831089999999999861e-06 -2.488249999999999851e-06 1.962461974810000065e+00
1.469999999999999929e+01 -2.485500000000000174e-06 1.843317000000000041e-06 -2.485500000000000174e-06 1.959131986423000127e+00
1.472499999999999964e+01 -2.482279999999999805e-06 1.854460499999999852e-06 -2.482279999999999805e-06 1.955801996739499948e+00
1.475000000000000000e+01 -2.478509999999999924e-06 1.864336499999999934e-06 -2.478509999999999924e-06 1.952482005583499935e+00
1.477500000000000036e+01 -2.474089999999999888e-06 1.872920000000000018e-06 -2.474089999999999888e-06 1.949182012939999931e+00
1.480000000000000071e+01 -2.468970000000000012e-06 1.880123999999999823e-06 -2.468970000000000012e-06 1.945892018735999818e+00
1.482499999999999929e+01 -2.463110000000000038e-06 1.885882499999999854e-06 -2.463110000000000038e-06 1.942612022917499903e+00
1.484999999999999964e+01 -2.456459999999999856e-06 1.890117000000000169e-06 -2.456459999999999856e-06 1.939342025423000049e+00
1.487500000000000000e+01 -2.448970000000000204e-06 1.892861500000000224e-06 -2.448970000000000204e-06 1.936082026298500125e+00
1.490000000000000036e+01 -2.440650000000000087e-06 1.894056000000000056e-06 -2.440650000000000087e-06 1.932832025504000129e+00
1.492500000000000071e+01 -2.431469999999999948e-06 1.893673000000000072e-06 -2.431469999999999948e-06 1.929592023026999836e+00
1.494999999999999929e+01 -2.421449999999999915e-06 1.891734499999999819e-06 -2.421449999999999915e-06 1.926362018905499962e+00
1.497499999999999964e+01 -2.410589999999999988e-06 1.888252000000000145e-06 -2.410589999999999988e-06 1.923152013167999996e+00
1.500000000000000000e+01 -2.398909999999999873e-06 1.883258000000000147e-06 -2.398909999999999873e-06 1.919942005862000034e+00
1.502500000000000036e+01 -2.386449999999999826e-06 1.876784499999999861e-06 -2.386449999999999826e-06 1.916751997035500032e+00
1.505000000000000071e+01 -2.373239999999999829e-06 1.868894499999999967e-06 -2.373239999999999829e-06 1.913561986765499823e+00
1.507499999999999929e+01 -2.359329999999999991e-06 1.859651000000000298e-06 -2.359329999999999991e-06 1.910391975128999942e+00
1.509999999999999964e+01 -2.344760000000000146e-06 1.849137999999999998e-06 -2.344760000000000146e-06 1.907231962221999977e+00
1.512500000000000000e+01 -2.329600000000000108e-06 1.837440500000000141e-06 -2.329600000000000108e-06 1.904081948139499936e+00
1.515000000000000036e+01 -2.313899999999999987e-06 1.824652500000000145e-06 -2.313899999999999987e-06 1.900931932987500073e+00
1.517500000000000071e+01 -2.297720000000000169e-06 1.810881000000000001e-06 -2.297720000000000169e-06 1.897801916878999906e+00
1.519999999999999929e+01 -2.281139999999999898e-06 1.796232000000000093e-06 -2.281139999999999898e-06 1.894681899927999957e+00
1.522499999999999964e+01 -2.264210000000000129e-06 1.780812999999999894e-06 -2.264210000000000129e-06 1.891571882247000014e+00
1.525000000000000000e+01 -2.246999999999999832e-06 1.764741950000000150e-06 -2.246999999999999832e-06 1.888471863958050001e+00
1.527500000000000036e+01 -2.229589999999999942e-06 1.748137850000000124e-06 -2.229589999999999942e-06 1.885381845182150018e+00
1.530000000000000071e+01 -2.212019999999999872e-06 1.731110249999999948e-06 -2.212019999999999872e-06 1.882301826029750158e+00
1.532499999999999929e+01 -2.194379999999999986e-06 1.713779550000000152e-06 -2.194379999999999986e-06 1.879231806620449863e+00
1.534999999999999964e+01 -2.176699999999999844e-06 1.696246649999999983e-06 -2.176699999999999844e-06 1.876171787053349860e+00
1.537500000000000000e+01 -2.159059999999999959e-06 1.678623150000000024e-06 -2.159059999999999959e-06 1.873121767436849883e+00
1.540000000000000036e+01 -2.141489999999999888e-06 1.661011250000000004e-06 -2.141489999999999888e-06 1.870071747868749856e+00
1.542500000000000071e+01 -2.124029999999999889e-06 1.643483599999999821e-06 -2.124029999999999889e-06 1.867041728416400037e+00
1.544999999999999929e+01 -2.106739999999999924e-06 1.626143350000000110e-06 -2.106739999999999924e-06 1.864021709176649999e+00
1.547499999999999964e+01 -2.089640000000000122e-06 1.609043949999999943e-06 -2.089640000000000122e-06 1.861011690196050061e+00
1.550000000000000000e+01 -2.072750000000000187e-06 1.592249249999999907e-06 -2.072750000000000187e-06 1.858011671530749975e+00
1.552500000000000036e+01 -2.056100000000000101e-06 1.575813150000000071e-06 -2.056100000000000101e-06 1.855021653226849976e+00
1.555000000000000071e+01 -2.039700000000000139e-06 1.559779850000000046e-06 -2.039700000000000139e-06 1.852041635320149870e+00
1.557499999999999929e+01 -2.023540000000000026e-06 1.544153450000000094e-06 -2.023540000000000026e-06 1.849061617806549984e+00
1.559999999999999964e+01 -2.007639999999999891e-06 1.528978200000000006e-06 -2.007639999999999891e-06 1.846101600721800073e+00
1.562500000000000000e+01 -1.991989999999999879e-06 1.514227999999999972e-06 -1.991989999999999879e-06 1.843151584032000079e+00
1.565000000000000036e+01 -1.976560000000000012e-06 1.499906650000000013e-06 -1.976560000000000012e-06 1.840201567733350085e+00
1.567500000000000071e+01 -1.961360000000000141e-06 1.485997699999999960e-06 -1.961360000000000141e-06 1.837271551802299951e+00
1.569999999999999929e+01 -1.946350000000000008e-06 1.472464299999999972e-06 -1.946350000000000008e-06 1.834341536195700062e+00
1.572499999999999964e+01 -1.931539999999999891e-06 1.459269399999999905e-06 -1.931539999999999891e-06 1.831421520870599950e+00
1.575000000000000000e+01 -1.916859999999999974e-06 1.446365249999999975e-06 -1.916859999999999974e-06 1.828521505774749922e+00
1.577500000000000036e+01 -1.902310000000000045e-06 1.433693500000000066e-06 -1.902310000000000045e-06 1.825621490846500050e+00
1.580000000000000071e+01 -1.887859999999999913e-06 1.421195350000000120e-06 -1.887859999999999913e-06 1.822731476024650021e+00
1.582499999999999929e+01 -1.873490000000000082e-06 1.408811300000000084e-06 -1.873490000000000082e-06 1.819851461248700009e+00
1.584999999999999964e+01 -1.859160000000000086e-06 1.396471249999999992e-06 -1.859160000000000086e-06 1.816981446448750148e+00
1.587500000000000000e+01 -1.844869999999999923e-06 1.384104100000000062e-06 -1.844869999999999923e-06 1.814121431555899999e+00
1.590000000000000036e+01 -1.830590000000000036e-06 1.371648650000000004e-06 -1.830590000000000036e-06 1.811271416511349930e+00
1.592500000000000071e+01 -1.816330000000000065e-06 1.359032499999999977e-06 -1.816330000000000065e-06 1.808421401247499949e+00
1.594999999999999929e+01 -1.802060000000000031e-06 1.346202550000000063e-06 -1.802060000000000031e-06 1.805591385717449926e+00
1.597499999999999964e+01 -1.787800000000000061e-06 1.333085049999999972e-06 -1.787800000000000061e-06 1.802761369854949836e+00
1.600000000000000000e+01 -1.773570000000000072e-06 1.319655450000000011e-06 -1.773570000000000072e-06 1.799951353644549945e+00
1.602499999999999858e+01 -1.759370000000000064e-06 1.305858649999999995e-06 -1.759370000000000064e-06 1.797141337041350040e+00
1.605000000000000071e+01 -1.745259999999999999e-06 1.291668749999999990e-06 -1.745259999999999999e-06 1.794341320031250131e+00
1.607499999999999929e+01 -1.731260000000000006e-06 1.277079249999999924e-06 -1.731260000000000006e-06 1.791551302620749908e+00
1.610000000000000142e+01 -1.717449999999999964e-06 1.262062999999999990e-06 -1.717449999999999964e-06 1.788771284796999872e+00
1.612500000000000000e+01 -1.703869999999999917e-06 1.246642350000000158e-06 -1.703869999999999917e-06 1.785991266597650062e+00
1.614999999999999858e+01 -1.690629999999999939e-06 1.230849149999999921e-06 -1.690629999999999939e-06 1.783231248070850095e+00
1.617500000000000071e+01 -1.677800000000000055e-06 1.214714800000000103e-06 -1.677800000000000055e-06 1.780471229265200073e+00
1.619999999999999929e+01 -1.665499999999999978e-06 1.198290350000000176e-06 -1.665499999999999978e-06 1.777731210249650085e+00
1.622500000000000142e+01 -1.653839999999999991e-06 1.181676505000000058e-06 -1.653839999999999991e-06 1.774991191143495017e+00
1.625000000000000000e+01 -1.642950000000000084e-06 1.164933715000000072e-06 -1.642950000000000084e-06 1.772261172026284859e+00
1.627499999999999858e+01 -1.632990000000000013e-06 1.148192309999999922e-06 -1.632990000000000013e-06 1.769531153047690042e+00
1.630000000000000071e+01 -1.624109999999999897e-06 1.131562505000000143e-06 -1.624109999999999897e-06 1.766821134337495103e+00
1.632499999999999929e+01 -1.616469999999999916e-06 1.115194499499999933e-06 -1.616469999999999916e-06 1.764111116065500529e+00
1.635000000000000142e+01 -1.610260000000000021e-06 1.099258564999999941e-06 -1.610260000000000021e-06 1.761421098421434905e+00
1.637500000000000000e+01 -1.605660000000000099e-06 1.083915104999999959e-06 -1.605660000000000099e-06 1.758731081584894884e+00
1.639999999999999858e+01 -1.602880000000000017e-06 1.069354739999999807e-06 -1.602880000000000017e-06 1.756051065765260155e+00
1.642500000000000071e+01 -1.602100000000000085e-06 1.055788375000000200e-06 -1.602100000000000085e-06 1.753371051191625174e+00
1.644999999999999929e+01 -1.603550000000000088e-06 1.043437275000000046e-06 -1.603550000000000088e-06 1.750711038102724881e+00
1.647500000000000142e+01 -1.607440000000000105e-06 1.032503149999999847e-06 -1.607440000000000105e-06 1.748051026716850087e+00
1.650000000000000000e+01 -1.613990000000000068e-06 1.023248180000000076e-06 -1.613990000000000068e-06 1.745401017311819958e+00
1.652499999999999858e+01 -1.623429999999999973e-06 1.015915130000000129e-06 -1.623429999999999973e-06 1.742761010144870060e+00
1.655000000000000071e+01 -1.635960000000000046e-06 1.010727395000000078e-06 -1.635960000000000046e-06 1.740131005452604906e+00
1.657499999999999929e+01 -1.651819999999999924e-06 1.007968925000000169e-06 -1.651819999999999924e-06 1.737511003531075016e+00
1.660000000000000142e+01 -1.671219999999999900e-06 1.007874569999999992e-06 -1.671219999999999900e-06 1.734891004625430000e+00
1.662500000000000000e+01 -1.694370000000000051e-06 1.010719845000000007e-06 -1.694370000000000051e-06 1.732281009020155027e+00
1.664999999999999858e+01 -1.721480000000000033e-06 1.016741077500000134e-06 -1.721480000000000033e-06 1.729681016958922513e+00
1.667500000000000071e+01 -1.752750000000000074e-06 1.026185394999999871e-06 -1.752750000000000074e-06 1.727091028694605068e+00
1.669999999999999929e+01 -1.788369999999999913e-06 1.039310824999999929e-06 -1.788369999999999913e-06 1.724501044489174850e+00
1.672500000000000142e+01 -1.828510000000000006e-06 1.056346260000000045e-06 -1.828510000000000006e-06 1.721921064573739946e+00
1.675000000000000000e+01 -1.873339999999999965e-06 1.077511499999999848e-06 -1.873339999999999965e-06 1.719351089168499991e+00
1.677499999999999858e+01 -1.923009999999999906e-06 1.103027200000000058e-06 -1.923009999999999906e-06 1.716791118492799972e+00
1.680000000000000071e+01 -1.977640000000000178e-06 1.133084950000000042e-06 -1.977640000000000178e-06 1.714241152735050067e+00
1.682499999999999929e+01 -2.037380000000000050e-06 1.167857250000000007e-06 -2.037380000000000050e-06 1.711691192062750000e+00
1.685000000000000142e+01 -2.102300000000000184e-06 1.207527450000000134e-06 -2.102300000000000184e-06 1.709151236652549866e+00
1.687500000000000000e+01 -2.172490000000000099e-06 1.252229800000000158e-06 -2.172490000000000099e-06 1.706621286630199963e+00
1.689999999999999858e+01 -2.247999999999999907e-06 1.302079449999999987e-06 -2.247999999999999907e-06 1.704091342100550133e+00
1.692500000000000071e+01 -2.328880000000000139e-06 1.357182199999999914e-06 -2.328880000000000139e-06 1.701571403157799978e+00
1.694999999999999929e+01 -2.415129999999999948e-06 1.417624849999999923e-06 -2.415129999999999948e-06 1.699061469875150054e+00
1.697500000000000142e+01 -2.506750000000000182e-06 1.483444799999999943e-06 -2.506750000000000182e-06 1.696561542275200063e+00
1.700000000000000000e+01 -2.603710000000000013e-06 1.554690300000000089e-06 -2.603710000000000013e-06 1.694071620389699939e+00
1.702499999999999858e+01 -2.705940000000000049e-06 1.631350099999999999e-06 -2.705940000000000049e-06 1.691581704189900170e+00
1.705000000000000071e+01 -2.813370000000000052e-06 1.713393699999999994e-06 -2.813370000000000052e-06 1.689101793626299974e+00
1.707499999999999929e+01 -2.925889999999999950e-06 1.800771200000000115e-06 -2.925889999999999950e-06 1.686631888628800091e+00
1.710000000000000142e+01 -3.043379999999999820e-06 1.893413150000000215e-06 -3.043379999999999820e-06 1.684161989106849999e+00
1.712500000000000000e+01 -3.165679999999999903e-06 1.991210500000000068e-06 -3.165679999999999903e-06 1.681702094929500069e+00
1.714999999999999858e+01 -3.292620000000000164e-06 2.094034999999999679e-06 -3.292620000000000164e-06 1.679252205944999909e+00
1.717500000000000071e+01 -3.423989999999999891e-06 2.201717499999999982e-06 -3.423989999999999891e-06 1.676812321962499963e+00
1.719999999999999929e+01 -3.559580000000000061e-06 2.314071499999999957e-06 -3.559580000000000061e-06 1.674372442768499836e+00
1.722500000000000142e+01 -3.699140000000000128e-06 2.430898000000000252e-06 -3.699140000000000128e-06 1.671942568141999930e+00
1.725000000000000000e+01 -3.842409999999999690e-06 2.551970500000000015e-06 -3.842409999999999690e-06 1.669522697829499913e+00
1.727499999999999858e+01 -3.989110000000000335e-06 2.677010499999999922e-06 -3.989110000000000335e-06 1.667102831529500007e+00
1.730000000000000071e+01 -4.138929999999999859e-06 2.805761499999999987e-06 -4.138929999999999859e-06 1.664692968958499941e+00
1.732499999999999929e+01 -4.291570000000000146e-06 2.937915499999999756e-06 -4.291570000000000146e-06 1.662293109784499956e+00
1.735000000000000142e+01 -4.446679999999999581e-06 3.073155500000000006e-06 -4.446679999999999581e-06 1.659893253664500135e+00
1.737500000000000000e+01 -4.603919999999999790e-06 3.211153500000000154e-06 -4.603919999999999790e-06 1.657513400246499957e+00
1.739999999999999858e+01 -4.762930000000000153e-06 3.351552499999999875e-06 -4.762930000000000153e-06 1.655123549147499817e+00
1.742500000000000071e+01 -4.923330000000000345e-06 3.493983499999999782e-06 -4.923330000000000345e-06 1.652753699976500013e+00
1.744999999999999929e+01 -5.084759999999999747e-06 3.638079000000000002e-06 -5.084759999999999747e-06 1.650383852340999935e+00
1.747500000000000142e+01 -5.246800000000000316e-06 3.783450000000000173e-06 -5.246800000000000316e-06 1.648024005829999972e+00
1.750000000000000000e+01 -5.409079999999999887e-06 3.929696999999999960e-06 -5.409079999999999887e-06 1.645674160023000043e+00
1.752499999999999858e+01 -5.571200000000000124e-06 4.076431499999999970e-06 -5.571200000000000124e-06 1.643324314508499917e+00
1.755000000000000071e+01 -5.732739999999999597e-06 4.223223000000000070e-06 -5.732739999999999597e-06 1.640984468837000110e+00
1.757499999999999929e+01 -5.893309999999999823e-06 4.369681500000000084e-06 -5.893309999999999823e-06 1.638644622598500078e+00
1.760000000000000142e+01 -6.052509999999999925e-06 4.515386000000000038e-06 -6.052509999999999925e-06 1.636324775354000005e+00
1.762500000000000000e+01 -6.209930000000000021e-06 4.659922499999999937e-06 -6.209930000000000021e-06 1.633994926677500015e+00
1.764999999999999858e+01 -6.365189999999999784e-06 4.802906500000000498e-06 -6.365189999999999784e-06 1.631685076153500003e+00
1.767500000000000071e+01 -6.517880000000000181e-06 4.943928000000000144e-06 -6.517880000000000181e-06 1.629375223372000026e+00
1.769999999999999929e+01 -6.667629999999999891e-06 5.082586499999999995e-06 -6.667629999999999891e-06 1.627075367913499937e+00
1.772500000000000142e+01 -6.814070000000000135e-06 5.218487500000000068e-06 -6.814070000000000135e-06 1.624785509372499881e+00
1.775000000000000000e+01 -6.956819999999999743e-06 5.351276500000000636e-06 -6.956819999999999743e-06 1.622495647383499939e+00
1.777499999999999858e+01 -7.095540000000000339e-06 5.480579499999999422e-06 -7.095540000000000339e-06 1.620215781560499835e+00
1.780000000000000071e+01 -7.229890000000000162e-06 5.606039999999999607e-06 -7.229890000000000162e-06 1.617935911540000049e+00
1.782499999999999929e+01 -7.359539999999999844e-06 5.727332000000000241e-06 -7.359539999999999844e-06 1.615666036988000043e+00
1.785000000000000142e+01 -7.484179999999999721e-06 5.844117999999999736e-06 -7.484179999999999721e-06 1.613406157562000010e+00
1.787500000000000000e+01 -7.603519999999999836e-06 5.956110000000000306e-06 -7.603519999999999836e-06 1.611146272970000126e+00
1.789999999999999858e+01 -7.717280000000000082e-06 6.063040999999999876e-06 -7.717280000000000082e-06 1.608896382938999947e+00
1.792500000000000071e+01 -7.825209999999999910e-06 6.164590500000000080e-06 -7.825209999999999910e-06 1.606656487149499934e+00
1.794999999999999929e+01 -7.927059999999999621e-06 6.260539999999999863e-06 -7.927059999999999621e-06 1.604416585379999871e+00
1.797500000000000142e+01 -8.022610000000000765e-06 6.350659500000000077e-06 -8.022610000000000765e-06 1.602186677400500026e+00
1.800000000000000000e+01 -8.111670000000000214e-06 6.434747499999999499e-06 -8.111670000000000214e-06 1.599956763012500005e+00
1.802499999999999858e+01 -8.194049999999999923e-06 6.512622999999999699e-06 -8.194049999999999923e-06 1.597736842037000171e+00
1.805000000000000071e+01 -8.269590000000000558e-06 6.584103999999999464e-06 -8.269590000000000558e-06 1.595526914296000021e+00
1.807499999999999929e+01 -8.338159999999999802e-06 6.649138999999999596e-06 -8.338159999999999802e-06 1.593316979741000061e+00
1.810000000000000142e+01 -8.399630000000000418e-06 6.707454500000000275e-06 -8.399630000000000418e-06 1.591117038105499981e+00
1.812500000000000000e+01 -8.453889999999999793e-06 6.758958000000000111e-06 -8.453889999999999793e-06 1.588927089302000217e+00
1.814999999999999858e+01 -8.500909999999999218e-06 6.803724999999999813e-06 -8.500909999999999218e-06 1.586737133415000001e+00
1.817500000000000071e+01 -8.540679999999999686e-06 6.841631500000000193e-06 -8.540679999999999686e-06 1.584557170328499964e+00
1.819999999999999929e+01 -8.573029999999999469e-06 6.872643499999999889e-06 -8.573029999999999469e-06 1.582377200016499952e+00
1.822500000000000142e+01 -8.598010000000000372e-06 6.896756499999999941e-06 -8.598010000000000372e-06 1.580207222483499985e+00
1.825000000000000000e+01 -8.615640000000000405e-06 6.913964499999999760e-06 -8.615640000000000405e-06 1.578047237735500152e+00
1.827499999999999858e+01 -8.625930000000000267e-06 6.924321499999999566e-06 -8.625930000000000267e-06 1.575887245838500039e+00
1.830000000000000071e+01 -8.628930000000000069e-06 6.927864000000000049e-06 -8.628930000000000069e-06 1.573727246835999960e+00
1.832499999999999929e+01 -8.624709999999999625e-06 6.924665000000000048e-06 -8.624709999999999625e-06 1.571587240815000008e+00
1.835000000000000142e+01 -8.613340000000000444e-06 6.914817999999999497e-06 -8.613340000000000444e-06 1.569447227881999973e+00
1.837500000000000000e+01 -8.594930000000000056e-06 6.898427500000000115e-06 -8.594930000000000056e-06 1.567307208152499909e+00
1.839999999999999858e+01 -8.569580000000000375e-06 6.875606499999999305e-06 -8.569580000000000375e-06 1.565177181753499847e+00
1.842500000000000071e+01 -8.537440000000000035e-06 6.846509000000000046e-06 -8.537440000000000035e-06 1.563057148851000111e+00
1.844999999999999929e+01 -8.498630000000000656e-06 6.811278000000000146e-06 -8.498630000000000656e-06 1.560937109601999939e+00
1.847500000000000142e+01 -8.453320000000000576e-06 6.770077000000000199e-06 -8.453320000000000576e-06 1.558827064182999989e+00
1.850000000000000000e+01 -8.401679999999999831e-06 6.723090499999999900e-06 -8.401679999999999831e-06 1.556717012789500032e+00
1.852499999999999858e+01 -8.343899999999999852e-06 6.670469499999999815e-06 -8.343899999999999852e-06 1.554616955590500060e+00
1.855000000000000071e+01 -8.280150000000000674e-06 6.612488000000000309e-06 -8.280150000000000674e-06 1.552516892872000120e+00
1.857499999999999929e+01 -8.210659999999999752e-06 6.549320500000000376e-06 -8.210659999999999752e-06 1.550436824819499959e+00
1.860000000000000142e+01 -8.135620000000000213e-06 6.481189500000000333e-06 -8.135620000000000213e-06 1.548346751670500066e+00
1.862500000000000000e+01 -8.055250000000000507e-06 6.408308500000000039e-06 -8.055250000000000507e-06 1.546266673651500057e+00
1.864999999999999858e+01 -7.969790000000000481e-06 6.330921500000000301e-06 -7.969790000000000481e-06 1.544196591018500042e+00
1.867500000000000071e+01 -7.879469999999999286e-06 6.249261500000000137e-06 -7.879469999999999286e-06 1.542126504018499933e+00
1.869999999999999929e+01 -7.784519999999999458e-06 6.163572999999999204e-06 -7.784519999999999458e-06 1.540066412907000082e+00
1.872500000000000142e+01 -7.685189999999999852e-06 6.074089500000000453e-06 -7.685189999999999852e-06 1.538016317930500199e+00
1.875000000000000000e+01 -7.581720000000000316e-06 5.981075499999999856e-06 -7.581720000000000316e-06 1.535956219364499997e+00
1.877499999999999858e+01 -7.474359999999999704e-06 5.884765000000000060e-06 -7.474359999999999704e-06 1.533916117455000006e+00
1.880000000000000071e+01 -7.363350000000000406e-06 5.785412000000000031e-06 -7.363350000000000406e-06 1.531876012467999981e+00
1.882499999999999929e+01 -7.248960000000000134e-06 5.683272500000000058e-06 -7.248960000000000134e-06 1.529845904667500145e+00
1.885000000000000142e+01 -7.131409999999999879e-06 5.578569500000000156e-06 -7.131409999999999879e-06 1.527815794290499962e+00
1.887500000000000000e+01 -7.010969999999999893e-06 5.471569500000000164e-06 -7.010969999999999893e-06 1.525785681610499989e+00
1.889999999999999858e+01 -6.887870000000000174e-06 5.362517500000000280e-06 -6.887870000000000174e-06 1.523765566882500089e+00
1.892500000000000071e+01 -6.762380000000000127e-06 5.251628500000000299e-06 -6.762380000000000127e-06 1.521755450331499837e+00
1.894999999999999929e+01 -6.634710000000000043e-06 5.139148499999999810e-06 -6.634710000000000043e-06 1.519745332211499989e+00
1.897500000000000142e+01 -6.505120000000000323e-06 5.025313500000000247e-06 -6.505120000000000323e-06 1.517745212766500096e+00
1.900000000000000000e+01 -6.373830000000000264e-06 4.910329500000000096e-06 -6.373830000000000264e-06 1.515745092210500022e+00
1.902499999999999858e+01 -6.241069999999999862e-06 4.794433000000000485e-06 -6.241069999999999862e-06 1.513754970786999943e+00
1.905000000000000071e+01 -6.107060000000000106e-06 4.677810499999999892e-06 -6.107060000000000106e-06 1.511774848689499962e+00
1.907499999999999929e+01 -5.972020000000000295e-06 4.560688499999999592e-06 -5.972020000000000295e-06 1.509794726151499900e+00
1.910000000000000142e+01 -5.836159999999999871e-06 4.443244500000000146e-06 -5.836159999999999871e-06 1.507814603355499994e+00
1.912500000000000000e+01 -5.699680000000000120e-06 4.325676000000000121e-06 -5.699680000000000120e-06 1.505844480504000105e+00
1.914999999999999858e+01 -5.562769999999999935e-06 4.208150500000000224e-06 -5.562769999999999935e-06 1.503874357769499959e+00
1.917500000000000071e+01 -5.425629999999999754e-06 4.090845000000000471e-06 -5.425629999999999754e-06 1.501914235335000125e+00
1.919999999999999929e+01 -5.288440000000000310e-06 3.973908500000000104e-06 -5.288440000000000310e-06 1.499964113351500039e+00
1.922500000000000142e+01 -5.151369999999999944e-06 3.857568499999999792e-06 -5.151369999999999944e-06 1.498013992051500098e+00
1.925000000000000000e+01 -5.014569999999999831e-06 3.741843499999999727e-06 -5.014569999999999831e-06 1.496063871456499994e+00
1.927499999999999858e+01 -4.878210000000000005e-06 3.626931999999999989e-06 -4.878210000000000005e-06 1.494123751767999941e+00
1.930000000000000071e+01 -4.742439999999999948e-06 3.512922999999999857e-06 -4.742439999999999948e-06 1.492183633076999971e+00
1.932499999999999929e+01 -4.607379999999999584e-06 3.399986000000000095e-06 -4.607379999999999584e-06 1.490253515553999986e+00
1.935000000000000142e+01 -4.473180000000000090e-06 3.288179499999999881e-06 -4.473180000000000090e-06 1.488333399260499901e+00
1.937500000000000000e+01 -4.339939999999999990e-06 3.177603000000000161e-06 -4.339939999999999990e-06 1.486413284296999926e+00
1.939999999999999858e+01 -4.207789999999999908e-06 3.068345999999999913e-06 -4.207789999999999908e-06 1.484493170754000113e+00
1.942500000000000071e+01 -4.076810000000000359e-06 2.960469100000000004e-06 -4.076810000000000359e-06 1.482583058690899902e+00
1.944999999999999929e+01 -3.947120000000000420e-06 2.854031450000000066e-06 -3.947120000000000420e-06 1.480682948168549951e+00
1.947500000000000142e+01 -3.818780000000000053e-06 2.749083449999999965e-06 -3.818780000000000053e-06 1.478782839236550073e+00
1.950000000000000000e+01 -3.691870000000000196e-06 2.645665399999999777e-06 -3.691870000000000196e-06 1.476882731934600068e+00
1.952499999999999858e+01 -3.566459999999999816e-06 2.543807750000000056e-06 -3.566459999999999816e-06 1.474992626292249920e+00
1.955000000000000071e+01 -3.442610000000000146e-06 2.443511199999999953e-06 -3.442610000000000146e-06 1.473102522308800122e+00
1.957499999999999929e+01 -3.320349999999999897e-06 2.344786500000000136e-06 -3.320349999999999897e-06 1.471222419993500008e+00
1.960000000000000142e+01 -3.199739999999999878e-06 2.247624600000000175e-06 -3.199739999999999878e-06 1.469342319335400049e+00
1.962500000000000000e+01 -3.080799999999999794e-06 2.151996699999999782e-06 -3.080799999999999794e-06 1.467472220303300157e+00
1.964999999999999858e+01 -2.963560000000000049e-06 2.057883999999999794e-06 -2.963560000000000049e-06 1.465612122876000178e+00
1.967500000000000071e+01 -2.848009999999999944e-06 1.965238050000000008e-06 -2.848009999999999944e-06 1.463742027001950108e+00
1.969999999999999929e+01 -2.734179999999999883e-06 1.873990400000000089e-06 -2.734179999999999883e-06 1.461891932609599820e+00
1.972500000000000142e+01 -2.622060000000000015e-06 1.784072800000000006e-06 -2.622060000000000015e-06 1.460031839627199846e+00
1.975000000000000000e+01 -2.511630000000000210e-06 1.695407249999999936e-06 -2.511630000000000210e-06 1.458181747972750131e+00
1.977499999999999858e+01 -2.402880000000000192e-06 1.607875799999999980e-06 -2.402880000000000192e-06 1.456341657524199862e+00
1.980000000000000071e+01 -2.295770000000000129e-06 1.521380750000000003e-06 -2.295770000000000129e-06 1.454501568179249915e+00
1.982499999999999929e+01 -2.190270000000000038e-06 1.435774649999999820e-06 -2.190270000000000038e-06 1.452671479785349939e+00
1.985000000000000142e+01 -2.086340000000000086e-06 1.350920000000000188e-06 -2.086340000000000086e-06 1.450841392199999857e+00
1.987500000000000000e+01 -1.983930000000000163e-06 1.266639800000000034e-06 -1.983930000000000163e-06 1.449011305240199832e+00
1.989999999999999858e+01 -1.882970000000000032e-06 1.182757000000000008e-06 -1.882970000000000032e-06 1.447191218723000050e+00
1.992500000000000071e+01 -1.783399999999999942e-06 1.099054950000000047e-06 -1.783399999999999942e-06 1.445381132425050064e+00
1.994999999999999929e+01 -1.685150000000000078e-06 1.015297349999999962e-06 -1.685150000000000078e-06 1.443571046102650079e+00
1.997500000000000142e+01 -1.588149999999999990e-06 9.312951499999999641e-07 -1.588149999999999990e-06 1.441760959560849820e+00
2.000000000000000000e+01 -1.492220000000000004e-06 8.465789500000000568e-07 -1.492220000000000004e-06 1.439960872317049834e+00
