# raxis[fm], SN, VN, SP, VP [MeV]
0.000000000000000000e+00 -4.861909999999999741e+02 4.005775850000000560e+02 -4.861909999999999741e+02 4.096692150000000083e+02
2.500000000000000139e-02 -4.861909999999999741e+02 4.005775850000000560e+02 -4.861909999999999741e+02 4.096692150000000083e+02
5.000000000000000278e-02 -4.858090000000000259e+02 3.999962099999999623e+02 -4.858090000000000259e+02 4.090898900000000253e+02
7.499999999999999722e-02 -4.855880000000000223e+02 3.997924950000000308e+02 -4.855880000000000223e+02 4.088866049999999746e+02
1.000000000000000056e-01 -4.852869999999999777e+02 3.995215049999999906e+02 -4.852869999999999777e+02 4.086161949999999479e+02
1.250000000000000000e-01 -4.849159999999999968e+02 3.992022949999999923e+02 -4.849159999999999968e+02 4.082977050000000077e+02
1.499999999999999944e-01 -4.844700000000000273e+02 3.988218350000000214e+02 -4.844700000000000273e+02 4.079179650000000379e+02
1.749999999999999889e-01 -4.839479999999999791e+02 3.983811200000000099e+02 -4.839479999999999791e+02 4.074781800000000089e+02
2.000000000000000111e-01 -4.833530000000000086e+02 3.978771550000000161e+02 -4.833530000000000086e+02 4.069752449999999726e+02
2.250000000000000056e-01 -4.826829999999999927e+02 3.973119450000000370e+02 -4.826829999999999927e+02 4.064111550000000079e+02
2.500000000000000000e-01 -4.819420000000000073e+02 3.966874849999999810e+02 -4.819420000000000073e+02 4.057879149999999981e+02
2.750000000000000222e-01 -4.811279999999999859e+02 3.960037900000000377e+02 -4.811279999999999859e+02 4.051055099999999811e+02
2.999999999999999889e-01 -4.802509999999999764e+02 3.952628500000000145e+02 -4.802509999999999764e+02 4.043660500000000297e+02
3.250000000000000111e-01 -4.793079999999999927e+02 3.944656899999999951e+02 -4.793079999999999927e+02 4.035704099999999244e+02
3.499999999999999778e-01 -4.783020000000000209e+02 3.936122900000000300e+02 -4.783020000000000209e+02 4.027186100000000124e+02
3.750000000000000000e-01 -4.772370000000000232e+02 3.927126849999999649e+02 -4.772370000000000232e+02 4.018206150000000321e+02
4.000000000000000222e-01 -4.761139999999999759e+02 3.917638650000000098e+02 -4.761139999999999759e+02 4.008735350000000039e+02
4.249999999999999889e-01 -4.749370000000000118e+02 3.907678499999999531e+02 -4.749370000000000118e+02 3.998792500000000132e+02
4.500000000000000111e-01 -4.737099999999999795e+02 3.897286349999999970e+02 -4.737099999999999795e+02 3.988417650000000094e+02
4.749999999999999778e-01 -4.724340000000000259e+02 3.886472300000000359e+02 -4.724340000000000259e+02 3.977621699999999691e+02
5.000000000000000000e-01 -4.711150000000000091e+02 3.875286449999999832e+02 -4.711150000000000091e+02 3.966453549999999950e+02
5.250000000000000222e-01 -4.697540000000000191e+02 3.863738900000000172e+02 -4.697540000000000191e+02 3.954923099999999749e+02
5.500000000000000444e-01 -4.683570000000000277e+02 3.851859800000000291e+02 -4.683570000000000277e+02 3.943061199999999644e+02
5.749999999999999556e-01 -4.669250000000000114e+02 3.839699249999999893e+02 -4.669250000000000114e+02 3.930917749999999842e+02
5.999999999999999778e-01 -4.654639999999999986e+02 3.827267200000000003e+02 -4.654639999999999986e+02 3.918501800000000230e+02
6.250000000000000000e-01 -4.639769999999999754e+02 3.814593849999999975e+02 -4.639769999999999754e+02 3.905844149999999786e+02
6.500000000000000222e-01 -4.624669999999999845e+02 3.801719350000000190e+02 -4.624669999999999845e+02 3.892983649999999898e+02
6.750000000000000444e-01 -4.609379999999999882e+02 3.788683849999999893e+02 -4.609379999999999882e+02 3.879961150000000316e+02
6.999999999999999556e-01 -4.593949999999999818e+02 3.775497349999999983e+02 -4.593949999999999818e+02 3.866785650000000487e+02
7.249999999999999778e-01 -4.578399999999999750e+02 3.762210000000000036e+02 -4.578399999999999750e+02 3.853507999999999925e+02
7.500000000000000000e-01 -4.562780000000000200e+02 3.748811849999999595e+02 -4.562780000000000200e+02 3.840118150000000128e+02
7.750000000000000222e-01 -4.547110000000000127e+02 3.735393149999999878e+02 -4.547110000000000127e+02 3.826705849999999600e+02
8.000000000000000444e-01 -4.531449999999999818e+02 3.721963900000000081e+02 -4.531449999999999818e+02 3.813280099999999493e+02
8.249999999999999556e-01 -4.515819999999999936e+02 3.708554300000000126e+02 -4.515819999999999936e+02 3.799871699999999919e+02
8.499999999999999778e-01 -4.500249999999999773e+02 3.695194450000000188e+02 -4.500249999999999773e+02 3.786510550000000421e+02
8.750000000000000000e-01 -4.484789999999999850e+02 3.681904399999999669e+02 -4.484789999999999850e+02 3.773216600000000085e+02
9.000000000000000222e-01 -4.469449999999999932e+02 3.668714350000000195e+02 -4.469449999999999932e+02 3.760019649999999842e+02
9.250000000000000444e-01 -4.454289999999999736e+02 3.655654349999999795e+02 -4.454289999999999736e+02 3.746949649999999679e+02
9.499999999999999556e-01 -4.439309999999999832e+02 3.642754499999999780e+02 -4.439309999999999832e+02 3.734036500000000274e+02
9.749999999999999778e-01 -4.424560000000000173e+02 3.630044950000000199e+02 -4.424560000000000173e+02 3.721310050000000160e+02
1.000000000000000000e+00 -4.410049999999999955e+02 3.617525800000000231e+02 -4.410049999999999955e+02 3.708769200000000410e+02
1.024999999999999911e+00 -4.395819999999999936e+02 3.605247099999999705e+02 -4.395819999999999936e+02 3.696465900000000033e+02
1.050000000000000044e+00 -4.381890000000000214e+02 3.593218949999999836e+02 -4.381890000000000214e+02 3.684409049999999866e+02
1.074999999999999956e+00 -4.368279999999999745e+02 3.581451500000000010e+02 -4.368279999999999745e+02 3.672608500000000049e+02
1.100000000000000089e+00 -4.355000000000000000e+02 3.569974750000000085e+02 -4.355000000000000000e+02 3.661094249999999874e+02
1.125000000000000000e+00 -4.342080000000000268e+02 3.558808850000000348e+02 -4.342080000000000268e+02 3.649886149999999816e+02
1.149999999999999911e+00 -4.329540000000000077e+02 3.547963849999999866e+02 -4.329540000000000077e+02 3.638995150000000081e+02
1.175000000000000044e+00 -4.317370000000000232e+02 3.537439799999999650e+02 -4.317370000000000232e+02 3.628419199999999591e+02
1.199999999999999956e+00 -4.305609999999999786e+02 3.527266750000000002e+02 -4.305609999999999786e+02 3.618190249999999537e+02
1.225000000000000089e+00 -4.294250000000000114e+02 3.517444750000000226e+02 -4.294250000000000114e+02 3.608307249999999726e+02
1.250000000000000000e+00 -4.283299999999999841e+02 3.507983850000000530e+02 -4.283299999999999841e+02 3.598780150000000049e+02
1.274999999999999911e+00 -4.272769999999999868e+02 3.498894099999999980e+02 -4.272769999999999868e+02 3.589618899999999257e+02
1.300000000000000044e+00 -4.262669999999999959e+02 3.490175550000000158e+02 -4.262669999999999959e+02 3.580824450000000070e+02
1.324999999999999956e+00 -4.252980000000000018e+02 3.481818149999999719e+02 -4.252980000000000018e+02 3.572385850000000005e+02
1.350000000000000089e+00 -4.243720000000000141e+02 3.473841999999999643e+02 -4.243720000000000141e+02 3.564322999999999979e+02
1.375000000000000000e+00 -4.234870000000000232e+02 3.466227049999999963e+02 -4.234870000000000232e+02 3.556615949999999771e+02
1.399999999999999911e+00 -4.226429999999999723e+02 3.458983249999999998e+02 -4.226429999999999723e+02 3.549275750000000471e+02
1.425000000000000044e+00 -4.218389999999999986e+02 3.452100699999999733e+02 -4.218389999999999986e+02 3.542291299999999978e+02
1.449999999999999956e+00 -4.210729999999999791e+02 3.445559350000000336e+02 -4.210729999999999791e+02 3.535642649999999776e+02
1.475000000000000089e+00 -4.203450000000000273e+02 3.439369149999999991e+02 -4.203450000000000273e+02 3.529339850000000069e+02
1.500000000000000000e+00 -4.196539999999999964e+02 3.433500149999999849e+02 -4.196539999999999964e+02 3.523353849999999738e+02
1.524999999999999911e+00 -4.189970000000000141e+02 3.427982150000000274e+02 -4.189970000000000141e+02 3.517713850000000093e+02
1.550000000000000044e+00 -4.183709999999999809e+02 3.422755200000000286e+02 -4.183709999999999809e+02 3.512360800000000154e+02
1.574999999999999956e+00 -4.177769999999999868e+02 3.417789300000000026e+02 -4.177769999999999868e+02 3.507262700000000564e+02
1.600000000000000089e+00 -4.172099999999999795e+02 3.413094350000000077e+02 -4.172099999999999795e+02 3.502431650000000332e+02
1.625000000000000000e+00 -4.166680000000000064e+02 3.408610250000000406e+02 -4.166680000000000064e+02 3.497806750000000306e+02
1.649999999999999911e+00 -4.161499999999999773e+02 3.404386999999999830e+02 -4.161499999999999773e+02 3.493437999999999874e+02
1.675000000000000044e+00 -4.156519999999999868e+02 3.400354500000000257e+02 -4.156519999999999868e+02 3.489256599999999935e+02
1.699999999999999956e+00 -4.151709999999999923e+02 3.396502699999999777e+02 -4.151709999999999923e+02 3.485251300000000469e+02
1.725000000000000089e+00 -4.147040000000000077e+02 3.392791500000000156e+02 -4.147040000000000077e+02 3.481382699999999772e+02
1.750000000000000000e+00 -4.142479999999999905e+02 3.389210800000000177e+02 -4.142479999999999905e+02 3.477640799999999786e+02
1.774999999999999911e+00 -4.137989999999999782e+02 3.385730550000000108e+02 -4.137989999999999782e+02 3.473995650000000524e+02
1.800000000000000044e+00 -4.133550000000000182e+02 3.382320649999999773e+02 -4.133550000000000182e+02 3.470417350000000170e+02
1.824999999999999956e+00 -4.129119999999999777e+02 3.378951050000000009e+02 -4.129119999999999777e+02 3.466876049999999623e+02
1.850000000000000089e+00 -4.124660000000000082e+02 3.375581599999999867e+02 -4.124660000000000082e+02 3.463331799999999703e+02
1.875000000000000000e+00 -4.120129999999999768e+02 3.372202200000000403e+02 -4.120129999999999768e+02 3.459774699999999825e+02
1.899999999999999911e+00 -4.115500000000000114e+02 3.368752850000000194e+02 -4.115500000000000114e+02 3.456144650000000524e+02
1.925000000000000044e+00 -4.110729999999999791e+02 3.365233399999999619e+02 -4.110729999999999791e+02 3.452441999999999780e+02
1.949999999999999956e+00 -4.105790000000000077e+02 3.361583699999999908e+02 -4.105790000000000077e+02 3.448606700000000274e+02
1.975000000000000089e+00 -4.100620000000000118e+02 3.357783749999999827e+02 -4.100620000000000118e+02 3.444618850000000521e+02
2.000000000000000000e+00 -4.095210000000000150e+02 3.353803450000000339e+02 -4.095210000000000150e+02 3.440448549999999841e+02
2.024999999999999911e+00 -4.089510000000000218e+02 3.349602649999999926e+02 -4.089510000000000218e+02 3.436055949999999939e+02
2.049999999999999822e+00 -4.083469999999999800e+02 3.345151299999999992e+02 -4.083469999999999800e+02 3.431410999999999945e+02
2.075000000000000178e+00 -4.077069999999999936e+02 3.340419320000000312e+02 -4.077069999999999936e+02 3.426483779999999797e+02
2.100000000000000089e+00 -4.070260000000000105e+02 3.335376594999999611e+02 -4.070260000000000105e+02 3.421244604999999979e+02
2.125000000000000000e+00 -4.063009999999999877e+02 3.329983039999999619e+02 -4.063009999999999877e+02 3.415653360000000021e+02
2.149999999999999911e+00 -4.055280000000000200e+02 3.324208590000000072e+02 -4.055280000000000200e+02 3.409680110000000468e+02
2.174999999999999822e+00 -4.047049999999999841e+02 3.318033149999999978e+02 -4.047049999999999841e+02 3.403305050000000165e+02
2.200000000000000178e+00 -4.038260000000000218e+02 3.311406640000000152e+02 -4.038260000000000218e+02 3.396478260000000091e+02
2.225000000000000089e+00 -4.028890000000000100e+02 3.304308990000000108e+02 -4.028890000000000100e+02 3.389179709999999659e+02
2.250000000000000000e+00 -4.018910000000000196e+02 3.296720114999999964e+02 -4.018910000000000196e+02 3.381389585000000011e+02
2.274999999999999911e+00 -4.008290000000000077e+02 3.288599949999999694e+02 -4.008290000000000077e+02 3.373067950000000224e+02
2.299999999999999822e+00 -3.996990000000000123e+02 3.279918420000000197e+02 -3.996990000000000123e+02 3.364184779999999932e+02
2.325000000000000178e+00 -3.984990000000000236e+02 3.270655494999999746e+02 -3.984990000000000236e+02 3.354720305000000167e+02
2.350000000000000089e+00 -3.972259999999999991e+02 3.260791040000000294e+02 -3.972259999999999991e+02 3.344654560000000174e+02
2.375000000000000000e+00 -3.958770000000000095e+02 3.250284974999999577e+02 -3.958770000000000095e+02 3.333947625000000130e+02
2.399999999999999911e+00 -3.944490000000000123e+02 3.239127330000000029e+02 -3.944490000000000123e+02 3.322589569999999526e+02
2.424999999999999822e+00 -3.929420000000000073e+02 3.227298010000000090e+02 -3.929420000000000073e+02 3.310560489999999731e+02
2.450000000000000178e+00 -3.913519999999999754e+02 3.214766955000000053e+02 -3.913519999999999754e+02 3.297830344999999852e+02
2.475000000000000089e+00 -3.896770000000000209e+02 3.201514114999999947e+02 -3.896770000000000209e+02 3.284379284999999982e+02
2.500000000000000000e+00 -3.879159999999999968e+02 3.187529439999999568e+02 -3.879159999999999968e+02 3.270197459999999978e+02
2.524999999999999911e+00 -3.860679999999999836e+02 3.172782884999999737e+02 -3.860679999999999836e+02 3.255254914999999869e+02
2.549999999999999822e+00 -3.841299999999999955e+02 3.157274405000000002e+02 -3.841299999999999955e+02 3.239551595000000361e+02
2.575000000000000178e+00 -3.821019999999999754e+02 3.140993965000000117e+02 -3.821019999999999754e+02 3.223077734999999961e+02
2.600000000000000089e+00 -3.799820000000000277e+02 3.123911520000000337e+02 -3.799820000000000277e+02 3.205803379999999834e+02
2.625000000000000000e+00 -3.777699999999999818e+02 3.106017049999999813e+02 -3.777699999999999818e+02 3.187718449999999848e+02
2.649999999999999911e+00 -3.754649999999999750e+02 3.087320505000000139e+02 -3.754649999999999750e+02 3.168833194999999705e+02
2.674999999999999822e+00 -3.730670000000000073e+02 3.067801875000000109e+02 -3.730670000000000073e+02 3.149127624999999853e+02
2.700000000000000178e+00 -3.705749999999999886e+02 3.047461125000000379e+02 -3.705749999999999886e+02 3.128601774999999634e+02
2.725000000000000089e+00 -3.679889999999999759e+02 3.026278245000000311e+02 -3.679889999999999759e+02 3.107235755000000381e+02
2.750000000000000000e+00 -3.653100000000000023e+02 3.004273220000000038e+02 -3.653100000000000023e+02 3.085049579999999878e+02
2.774999999999999911e+00 -3.625380000000000109e+02 2.981426040000000057e+02 -3.625380000000000109e+02 3.062023360000000025e+02
2.799999999999999822e+00 -3.596720000000000255e+02 2.957756735000000390e+02 -3.596720000000000255e+02 3.038177064999999857e+02
2.825000000000000178e+00 -3.567160000000000082e+02 2.933255154999999945e+02 -3.567160000000000082e+02 3.013500945000000115e+02
2.850000000000000089e+00 -3.536680000000000064e+02 2.907931460000000357e+02 -3.536680000000000064e+02 2.988004939999999579e+02
2.875000000000000000e+00 -3.505299999999999727e+02 2.881785610000000020e+02 -3.505299999999999727e+02 2.961688990000000103e+02
2.899999999999999911e+00 -3.473029999999999973e+02 2.854827604999999835e+02 -3.473029999999999973e+02 2.934563295000000380e+02
2.924999999999999822e+00 -3.439900000000000091e+02 2.827077479999999809e+02 -3.439900000000000091e+02 2.906647820000000024e+02
2.950000000000000178e+00 -3.405910000000000082e+02 2.798535239999999931e+02 -3.405910000000000082e+02 2.877942660000000501e+02
2.975000000000000089e+00 -3.371080000000000041e+02 2.769210929999999848e+02 -3.371080000000000041e+02 2.848457870000000298e+02
3.000000000000000000e+00 -3.335419999999999732e+02 2.739124585000000138e+02 -3.335419999999999732e+02 2.818213314999999852e+02
3.024999999999999911e+00 -3.298980000000000246e+02 2.708286239999999907e+02 -3.298980000000000246e+02 2.787219259999999394e+02
3.049999999999999822e+00 -3.261759999999999877e+02 2.676725945000000024e+02 -3.261759999999999877e+02 2.755505555000000300e+02
3.075000000000000178e+00 -3.223790000000000191e+02 2.644453764999999521e+02 -3.223790000000000191e+02 2.723082334999999716e+02
3.100000000000000089e+00 -3.185099999999999909e+02 2.611499764999999798e+02 -3.185099999999999909e+02 2.689979435000000194e+02
3.125000000000000000e+00 -3.145710000000000264e+02 2.577874004999999897e+02 -3.145710000000000264e+02 2.656207094999999754e+02
3.149999999999999911e+00 -3.105629999999999882e+02 2.543606570000000033e+02 -3.105629999999999882e+02 2.621795129999999858e+02
3.174999999999999822e+00 -3.064929999999999950e+02 2.508717550000000074e+02 -3.064929999999999950e+02 2.586763550000000009e+02
3.200000000000000178e+00 -3.023620000000000232e+02 2.473247034999999983e+02 -3.023620000000000232e+02 2.551152464999999836e+02
3.225000000000000089e+00 -2.981730000000000018e+02 2.437205125000000123e+02 -2.981730000000000018e+02 2.514971674999999891e+02
3.250000000000000000e+00 -2.939289999999999736e+02 2.400631929999999841e+02 -2.939289999999999736e+02 2.478261269999999854e+02
3.274999999999999911e+00 -2.896340000000000146e+02 2.363547569999999780e+02 -2.896340000000000146e+02 2.441041229999999871e+02
3.299999999999999822e+00 -2.852909999999999968e+02 2.325992174999999804e+02 -2.852909999999999968e+02 2.403351424999999892e+02
3.325000000000000178e+00 -2.809030000000000200e+02 2.287995875000000012e+02 -2.809030000000000200e+02 2.365221925000000169e+02
3.350000000000000089e+00 -2.764750000000000227e+02 2.249588804999999923e+02 -2.764750000000000227e+02 2.326682495000000017e+02
3.375000000000000000e+00 -2.720090000000000146e+02 2.210811115000000200e+02 -2.720090000000000146e+02 2.287773185000000069e+02
3.399999999999999911e+00 -2.675090000000000146e+02 2.171692955000000040e+02 -2.675090000000000146e+02 2.248523945000000026e+02
3.424999999999999822e+00 -2.629789999999999850e+02 2.132264495000000011e+02 -2.629789999999999850e+02 2.208964604999999892e+02
3.450000000000000178e+00 -2.584230000000000018e+02 2.092565889999999911e+02 -2.584230000000000018e+02 2.169135109999999997e+02
3.475000000000000089e+00 -2.538439999999999941e+02 2.052627324999999985e+02 -2.538439999999999941e+02 2.129065474999999878e+02
3.500000000000000000e+00 -2.492460000000000093e+02 2.012488956499999802e+02 -2.492460000000000093e+02 2.088795443500000033e+02
3.524999999999999911e+00 -2.446320000000000050e+02 1.972200972499999807e+02 -2.446320000000000050e+02 2.048375027499999987e+02
3.549999999999999822e+00 -2.400070000000000050e+02 1.931773555999999985e+02 -2.400070000000000050e+02 2.007814143999999885e+02
3.575000000000000178e+00 -2.353729999999999905e+02 1.891266890999999930e+02 -2.353729999999999905e+02 1.967172609000000136e+02
3.600000000000000089e+00 -2.307359999999999900e+02 1.850711165299999834e+02 -2.307359999999999900e+02 1.926480334700000014e+02
3.625000000000000000e+00 -2.260970000000000084e+02 1.810126566499999967e+02 -2.260970000000000084e+02 1.885757233499999757e+02
3.649999999999999911e+00 -2.214619999999999891e+02 1.769573282000000063e+02 -2.214619999999999891e+02 1.845063118000000202e+02
3.674999999999999822e+00 -2.168329999999999984e+02 1.729081499499999950e+02 -2.168329999999999984e+02 1.804428000499999882e+02
3.700000000000000178e+00 -2.122139999999999986e+02 1.688681403500000044e+02 -2.122139999999999986e+02 1.763881796499999837e+02
3.725000000000000089e+00 -2.076090000000000089e+02 1.648403174999999976e+02 -2.076090000000000089e+02 1.723454225000000122e+02
3.750000000000000000e+00 -2.030200000000000102e+02 1.608297000000000025e+02 -2.030200000000000102e+02 1.683195300000000145e+02
3.774999999999999911e+00 -1.984519999999999982e+02 1.568383045000000209e+02 -1.984519999999999982e+02 1.643124855000000082e+02
3.799999999999999822e+00 -1.939070000000000107e+02 1.528701484999999991e+02 -1.939070000000000107e+02 1.603282915000000344e+02
3.825000000000000178e+00 -1.893890000000000100e+02 1.489292480000000012e+02 -1.893890000000000100e+02 1.563709220000000073e+02
3.850000000000000089e+00 -1.849000000000000057e+02 1.450166185000000212e+02 -1.849000000000000057e+02 1.524413815000000056e+02
3.875000000000000000e+00 -1.804439999999999884e+02 1.411372760000000142e+02 -1.804439999999999884e+02 1.485446540000000084e+02
3.899999999999999911e+00 -1.760240000000000009e+02 1.372942329999999913e+02 -1.760240000000000009e+02 1.446837270000000046e+02
3.924999999999999822e+00 -1.716419999999999959e+02 1.334885035000000073e+02 -1.716419999999999959e+02 1.408596065000000124e+02
3.950000000000000178e+00 -1.673000000000000114e+02 1.297240999999999929e+02 -1.673000000000000114e+02 1.370762800000000254e+02
3.975000000000000089e+00 -1.630029999999999859e+02 1.260040330000000068e+02 -1.630029999999999859e+02 1.333367470000000026e+02
4.000000000000000000e+00 -1.587520000000000095e+02 1.223303145000000001e+02 -1.587520000000000095e+02 1.296429955000000120e+02
4.025000000000000355e+00 -1.545490000000000066e+02 1.187049499999999966e+02 -1.545490000000000066e+02 1.259970299999999952e+02
4.049999999999999822e+00 -1.503969999999999914e+02 1.151309494999999998e+02 -1.503969999999999914e+02 1.224018405000000058e+02
4.075000000000000178e+00 -1.462969999999999970e+02 1.116093194999999980e+02 -1.462969999999999970e+02 1.188584304999999972e+02
4.099999999999999645e+00 -1.422529999999999859e+02 1.081430659999999904e+02 -1.422529999999999859e+02 1.153697939999999988e+02
4.125000000000000000e+00 -1.382649999999999864e+02 1.047341925000000060e+02 -1.382649999999999864e+02 1.119379375000000039e+02
4.150000000000000355e+00 -1.343350000000000080e+02 1.013827024999999935e+02 -1.343350000000000080e+02 1.085628575000000069e+02
4.174999999999999822e+00 -1.304660000000000082e+02 9.809199799999998959e+01 -1.304660000000000082e+02 1.052479620000000011e+02
4.200000000000000178e+00 -1.266590000000000060e+02 9.486267999999999745e+01 -1.266590000000000060e+02 1.019938500000000090e+02
4.224999999999999645e+00 -1.229140000000000015e+02 9.169684850000000154e+01 -1.229140000000000015e+02 9.880263149999998973e+01
4.250000000000000000e+00 -1.192339999999999947e+02 8.859410099999999488e+01 -1.192339999999999947e+02 9.567389900000000580e+01
4.275000000000000355e+00 -1.156189999999999998e+02 8.555623799999999335e+01 -1.156189999999999998e+02 9.260947199999999668e+01
4.299999999999999822e+00 -1.120709999999999980e+02 8.258405199999999979e+01 -1.120709999999999980e+02 8.961015800000001263e+01
4.325000000000000178e+00 -1.085900000000000034e+02 7.967834000000000572e+01 -1.085900000000000034e+02 8.667676000000000158e+01
4.349999999999999645e+00 -1.051770000000000067e+02 7.683959699999999771e+01 -1.051770000000000067e+02 8.380977299999999275e+01
4.375000000000000000e+00 -1.018340000000000032e+02 7.406831549999999709e+01 -1.018340000000000032e+02 8.100973449999999332e+01
4.400000000000000355e+00 -9.855939999999999657e+01 7.136478950000000054e+01 -9.855939999999999657e+01 7.827693050000000596e+01
4.424999999999999822e+00 -9.535509999999999309e+01 6.872921049999999354e+01 -9.535509999999999309e+01 7.561158949999999379e+01
4.450000000000000178e+00 -9.222100000000000364e+01 6.616176999999998998e+01 -9.222100000000000364e+01 7.301390999999999565e+01
4.474999999999999645e+00 -8.915739999999999554e+01 6.366235800000000467e+01 -8.915739999999999554e+01 7.048380200000001139e+01
4.500000000000000000e+00 -8.616450000000000387e+01 6.123086500000000143e+01 -8.616450000000000387e+01 6.802118500000000267e+01
4.525000000000000355e+00 -8.324219999999999686e+01 5.886698049999999682e+01 -8.324219999999999686e+01 6.562577949999999305e+01
4.549999999999999822e+00 -8.039060000000000628e+01 5.657039300000000281e+01 -8.039060000000000628e+01 6.329727699999999402e+01
4.575000000000000178e+00 -7.760939999999999372e+01 5.434079150000000169e+01 -7.760939999999999372e+01 6.103540849999999551e+01
4.599999999999999645e+00 -7.489849999999999852e+01 5.217736399999999719e+01 -7.489849999999999852e+01 5.883937600000000145e+01
4.625000000000000000e+00 -7.225740000000000407e+01 5.007979800000000381e+01 -7.225740000000000407e+01 5.670889199999999875e+01
4.650000000000000355e+00 -6.968580000000000041e+01 4.804708200000000318e+01 -6.968580000000000041e+01 5.464298800000000256e+01
4.674999999999999822e+00 -6.718319999999999936e+01 4.607870349999999604e+01 -6.718319999999999936e+01 5.264115650000000102e+01
4.700000000000000178e+00 -6.474899999999999523e+01 4.417364900000000461e+01 -6.474899999999999523e+01 5.070242100000000107e+01
4.724999999999999645e+00 -6.238269999999999982e+01 4.233110699999999582e+01 -6.238269999999999982e+01 4.882599300000000397e+01
4.750000000000000000e+00 -6.008339999999999748e+01 4.055016400000000232e+01 -6.008339999999999748e+01 4.701097599999999943e+01
4.775000000000000355e+00 -5.785040000000000049e+01 3.882950750000000539e+01 -5.785040000000000049e+01 4.525610249999999724e+01
4.799999999999999822e+00 -5.568289999999999651e+01 3.716842499999999916e+01 -5.568289999999999651e+01 4.356067500000000337e+01
4.825000000000000178e+00 -5.358010000000000161e+01 3.556550449999999586e+01 -5.358010000000000161e+01 4.192330549999999789e+01
4.849999999999999645e+00 -5.154099999999999682e+01 3.401973299999999512e+01 -5.154099999999999682e+01 4.034299699999999689e+01
4.875000000000000000e+00 -4.956450000000000244e+01 3.252979899999999702e+01 -4.956450000000000244e+01 3.881848099999999846e+01
4.900000000000000355e+00 -4.764979999999999905e+01 3.109468999999999994e+01 -4.764979999999999905e+01 3.734875999999999863e+01
4.924999999999999822e+00 -4.579579999999999984e+01 2.971289550000000190e+01 -4.579579999999999984e+01 3.593234449999999924e+01
4.950000000000000178e+00 -4.400119999999999720e+01 2.838330299999999795e+01 -4.400119999999999720e+01 3.456813700000000011e+01
4.974999999999999645e+00 -4.226520000000000010e+01 2.710460249999999860e+01 -4.226520000000000010e+01 3.325486750000000313e+01
5.000000000000000000e+00 -4.058639999999999759e+01 2.587538249999999707e+01 -4.058639999999999759e+01 3.199112750000000105e+01
5.025000000000000355e+00 -3.896370000000000289e+01 2.469433349999999905e+01 -3.896370000000000289e+01 3.077563649999999740e+01
5.049999999999999822e+00 -3.739600000000000080e+01 2.356034499999999809e+01 -3.739600000000000080e+01 2.960730500000000021e+01
5.075000000000000178e+00 -3.588190000000000168e+01 2.247180800000000289e+01 -3.588190000000000168e+01 2.848453200000000152e+01
5.099999999999999645e+00 -3.442040000000000077e+01 2.142750849999999829e+01 -3.442040000000000077e+01 2.740614150000000038e+01
5.125000000000000000e+00 -3.301010000000000133e+01 2.042614650000000154e+01 -3.301010000000000133e+01 2.637082350000000019e+01
5.150000000000000355e+00 -3.164969999999999928e+01 1.946640950000000103e+01 -3.164969999999999928e+01 2.537729050000000086e+01
5.174999999999999822e+00 -3.033820000000000050e+01 1.854688949999999892e+01 -3.033820000000000050e+01 2.442415050000000321e+01
5.200000000000000178e+00 -2.907410000000000139e+01 1.766638250000000099e+01 -2.907410000000000139e+01 2.351021749999999955e+01
5.224999999999999645e+00 -2.785630000000000095e+01 1.682357350000000196e+01 -2.785630000000000095e+01 2.263419650000000161e+01
5.250000000000000000e+00 -2.668339999999999890e+01 1.601716049999999925e+01 -2.668339999999999890e+01 2.179477950000000064e+01
5.275000000000000355e+00 -2.555430000000000135e+01 1.524583649999999935e+01 -2.555430000000000135e+01 2.099068349999999938e+01
5.299999999999999822e+00 -2.446780000000000044e+01 1.450849600000000095e+01 -2.446780000000000044e+01 2.022080400000000111e+01
5.325000000000000178e+00 -2.342239999999999966e+01 1.380383299999999913e+01 -2.342239999999999966e+01 1.948385700000000043e+01
5.349999999999999645e+00 -2.241720000000000113e+01 1.313074249999999843e+01 -2.241720000000000113e+01 1.877873749999999831e+01
5.375000000000000000e+00 -2.145080000000000098e+01 1.248791999999999902e+01 -2.145080000000000098e+01 1.810415000000000063e+01
5.400000000000000355e+00 -2.052199999999999847e+01 1.187426099999999884e+01 -2.052199999999999847e+01 1.745899899999999860e+01
5.424999999999999822e+00 -1.962969999999999970e+01 1.128876099999999916e+01 -1.962969999999999970e+01 1.684228900000000095e+01
5.450000000000000178e+00 -1.877270000000000039e+01 1.073011699999999990e+01 -1.877270000000000039e+01 1.625272299999999959e+01
5.474999999999999645e+00 -1.794989999999999952e+01 1.019752499999999884e+01 -1.794989999999999952e+01 1.568949499999999908e+01
5.500000000000000000e+00 -1.716009999999999991e+01 9.689682000000001239e+00 -1.716009999999999991e+01 1.515130800000000022e+01
5.525000000000000355e+00 -1.640220000000000056e+01 9.205726000000000298e+00 -1.640220000000000056e+01 1.463730400000000031e+01
5.549999999999999822e+00 -1.567520000000000024e+01 8.744643999999999195e+00 -1.567520000000000024e+01 1.414648599999999945e+01
5.575000000000000178e+00 -1.497799999999999976e+01 8.305473499999999731e+00 -1.497799999999999976e+01 1.367787649999999999e+01
5.599999999999999645e+00 -1.430949999999999989e+01 7.887293000000000553e+00 -1.430949999999999989e+01 1.323056700000000063e+01
5.625000000000000000e+00 -1.366879999999999917e+01 7.489211500000000576e+00 -1.366879999999999917e+01 1.280366850000000056e+01
5.650000000000000355e+00 -1.305480000000000018e+01 7.110346500000000347e+00 -1.305480000000000018e+01 1.239628349999999912e+01
5.674999999999999822e+00 -1.246659999999999968e+01 6.749857500000000066e+00 -1.246659999999999968e+01 1.200759250000000122e+01
5.700000000000000178e+00 -1.190310000000000024e+01 6.406953500000000190e+00 -1.190310000000000024e+01 1.163679649999999910e+01
5.724999999999999645e+00 -1.136359999999999992e+01 6.080833499999999781e+00 -1.136359999999999992e+01 1.128309649999999920e+01
5.750000000000000000e+00 -1.084709999999999930e+01 5.770736999999999561e+00 -1.084709999999999930e+01 1.094572300000000098e+01
5.775000000000000355e+00 -1.035270000000000046e+01 5.475954499999999392e+00 -1.035270000000000046e+01 1.062397550000000024e+01
5.799999999999999822e+00 -9.879640000000000200e+00 5.195774499999999740e+00 -9.879640000000000200e+00 1.031713549999999913e+01
5.825000000000000178e+00 -9.427009999999999224e+00 4.929527499999999840e+00 -9.427009999999999224e+00 1.002453249999999940e+01
5.849999999999999645e+00 -8.994040000000000035e+00 4.676563999999999943e+00 -8.994040000000000035e+00 9.745516000000000290e+00
5.875000000000000000e+00 -8.579969999999999430e+00 4.436253999999999920e+00 -8.579969999999999430e+00 9.479466000000000392e+00
5.900000000000000355e+00 -8.184029999999999916e+00 4.208007999999999527e+00 -8.184029999999999916e+00 9.225761999999999574e+00
5.924999999999999822e+00 -7.805519999999999570e+00 3.991255999999999915e+00 -7.805519999999999570e+00 8.983854000000000894e+00
5.950000000000000178e+00 -7.443710000000000271e+00 3.785438999999999776e+00 -7.443710000000000271e+00 8.753180999999999656e+00
5.974999999999999645e+00 -7.097949999999999982e+00 3.590027999999999775e+00 -7.097949999999999982e+00 8.533191999999999666e+00
6.000000000000000000e+00 -6.767559999999999576e+00 3.404533000000000253e+00 -6.767559999999999576e+00 8.323416999999999177e+00
6.025000000000000355e+00 -6.451909999999999812e+00 3.228464999999999918e+00 -6.451909999999999812e+00 8.123345000000000482e+00
6.049999999999999822e+00 -6.150400000000000311e+00 3.061365499999999962e+00 -6.150400000000000311e+00 7.932524500000000423e+00
6.075000000000000178e+00 -5.862440000000000317e+00 2.902785000000000171e+00 -5.862440000000000317e+00 7.750505000000000422e+00
6.099999999999999645e+00 -5.587449999999999584e+00 2.752314499999999775e+00 -5.587449999999999584e+00 7.576865500000000253e+00
6.125000000000000000e+00 -5.324889999999999901e+00 2.609545499999999851e+00 -5.324889999999999901e+00 7.411194500000000573e+00
6.150000000000000355e+00 -5.074230000000000018e+00 2.474098500000000200e+00 -5.074230000000000018e+00 7.253111500000000156e+00
6.174999999999999822e+00 -4.834959999999999702e+00 2.345605050000000080e+00 -4.834959999999999702e+00 7.102234949999999714e+00
6.200000000000000178e+00 -4.606600000000000250e+00 2.223706200000000077e+00 -4.606600000000000250e+00 6.958223800000000736e+00
6.224999999999999645e+00 -4.388670000000000293e+00 2.108093150000000193e+00 -4.388670000000000293e+00 6.820746849999999917e+00
6.250000000000000000e+00 -4.180729999999999613e+00 1.998427149999999708e+00 -4.180729999999999613e+00 6.689462849999999960e+00
6.275000000000000355e+00 -3.982330000000000148e+00 1.894429350000000012e+00 -3.982330000000000148e+00 6.564100650000000314e+00
6.299999999999999822e+00 -3.793070000000000164e+00 1.795791050000000055e+00 -3.793070000000000164e+00 6.444338949999999677e+00
6.325000000000000178e+00 -3.612530000000000019e+00 1.702243399999999962e+00 -3.612530000000000019e+00 6.329906599999999273e+00
6.349999999999999645e+00 -3.440339999999999954e+00 1.613547700000000029e+00 -3.440339999999999954e+00 6.220552299999999590e+00
6.375000000000000000e+00 -3.276130000000000209e+00 1.529425200000000151e+00 -3.276130000000000209e+00 6.116004799999999797e+00
6.400000000000000355e+00 -3.119549999999999823e+00 1.449667049999999957e+00 -3.119549999999999823e+00 6.016052950000000621e+00
6.424999999999999822e+00 -2.970250000000000057e+00 1.374044550000000031e+00 -2.970250000000000057e+00 5.920455449999999509e+00
6.450000000000000178e+00 -2.827900000000000080e+00 1.302338900000000077e+00 -2.827900000000000080e+00 5.828991099999999648e+00
6.474999999999999645e+00 -2.692210000000000214e+00 1.234351250000000011e+00 -2.692210000000000214e+00 5.741468749999999233e+00
6.500000000000000000e+00 -2.562870000000000203e+00 1.169902800000000020e+00 -2.562870000000000203e+00 5.657687199999999805e+00
6.525000000000000355e+00 -2.439589999999999925e+00 1.108794749999999940e+00 -2.439589999999999925e+00 5.577455249999999864e+00
6.549999999999999822e+00 -2.322099999999999831e+00 1.050858249999999883e+00 -2.322099999999999831e+00 5.500601750000000401e+00
6.575000000000000178e+00 -2.210139999999999993e+00 9.959344500000000266e-01 -2.210139999999999993e+00 5.426955549999999739e+00
6.599999999999999645e+00 -2.103460000000000107e+00 9.438714500000000562e-01 -2.103460000000000107e+00 5.356372549999999677e+00
6.625000000000000000e+00 -2.001809999999999867e+00 8.945172999999999597e-01 -2.001809999999999867e+00 5.288688699999999798e+00
6.650000000000000355e+00 -1.904970000000000052e+00 8.477329499999999296e-01 -1.904970000000000052e+00 5.223763050000000518e+00
6.674999999999999822e+00 -1.812720000000000109e+00 8.033857500000000096e-01 -1.812720000000000109e+00 5.161460250000000194e+00
6.700000000000000178e+00 -1.724849999999999994e+00 7.613515999999999062e-01 -1.724849999999999994e+00 5.101664399999999766e+00
6.724999999999999645e+00 -1.641150000000000109e+00 7.215094999999999148e-01 -1.641150000000000109e+00 5.044222500000000053e+00
6.750000000000000000e+00 -1.561439999999999939e+00 6.837464500000000056e-01 -1.561439999999999939e+00 4.989049549999999833e+00
6.775000000000000355e+00 -1.485530000000000017e+00 6.479563500000000698e-01 -1.485530000000000017e+00 4.936017650000000145e+00
6.799999999999999822e+00 -1.413240000000000052e+00 6.140411999999999537e-01 -1.413240000000000052e+00 4.885026800000000335e+00
6.825000000000000178e+00 -1.344410000000000105e+00 5.818948999999999927e-01 -1.344410000000000105e+00 4.835979099999999420e+00
6.849999999999999645e+00 -1.278880000000000017e+00 5.514303499999999580e-01 -1.278880000000000017e+00 4.788775649999999828e+00
6.875000000000000000e+00 -1.216490000000000071e+00 5.225623999999999825e-01 -1.216490000000000071e+00 4.743329600000000035e+00
6.900000000000000355e+00 -1.157110000000000083e+00 4.952059000000000322e-01 -1.157110000000000083e+00 4.699554100000000290e+00
6.924999999999999822e+00 -1.100570000000000048e+00 4.692856000000000249e-01 -1.100570000000000048e+00 4.657372399999999857e+00
6.950000000000000178e+00 -1.046769999999999978e+00 4.447244499999999934e-01 -1.046769999999999978e+00 4.616695550000000203e+00
6.974999999999999645e+00 -9.955570000000000253e-01 4.214541500000000274e-01 -9.955570000000000253e-01 4.577463850000000001e+00
7.000000000000000000e+00 -9.468220000000000525e-01 3.994064500000000240e-01 -9.468220000000000525e-01 4.539607550000000380e+00
7.025000000000000355e+00 -9.004459999999999686e-01 3.785181000000000240e-01 -9.004459999999999686e-01 4.503051899999999996e+00
7.049999999999999822e+00 -8.563169999999999948e-01 3.587298500000000168e-01 -8.563169999999999948e-01 4.467736150000000350e+00
7.075000000000000178e+00 -8.143299999999999983e-01 3.399843000000000171e-01 -8.143299999999999983e-01 4.433601700000000534e+00
7.099999999999999645e+00 -7.743830000000000435e-01 3.222272499999999651e-01 -7.743830000000000435e-01 4.400602750000000007e+00
7.125000000000000000e+00 -7.363800000000000345e-01 3.054072000000000453e-01 -7.363800000000000345e-01 4.368666799999999739e+00
7.150000000000000355e+00 -7.002289999999999903e-01 2.894749000000000350e-01 -7.002289999999999903e-01 4.337753099999999584e+00
7.174999999999999822e+00 -6.658410000000000162e-01 2.743839500000000431e-01 -6.658410000000000162e-01 4.307824049999999794e+00
7.200000000000000178e+00 -6.331329999999999458e-01 2.600918999999999870e-01 -6.331329999999999458e-01 4.278806099999999724e+00
7.224999999999999645e+00 -6.020240000000000036e-01 2.465554000000000356e-01 -6.020240000000000036e-01 4.250684599999999591e+00
7.250000000000000000e+00 -5.724369999999999736e-01 2.337349499999999969e-01 -5.724369999999999736e-01 4.223399050000000265e+00
7.275000000000000355e+00 -5.443010000000000348e-01 2.215941000000000161e-01 -5.443010000000000348e-01 4.196911899999999918e+00
7.299999999999999822e+00 -5.175450000000000328e-01 2.100963499999999873e-01 -5.175450000000000328e-01 4.171185649999999967e+00
7.325000000000000178e+00 -4.921030000000000126e-01 1.992083000000000048e-01 -4.921030000000000126e-01 4.146195699999999817e+00
7.349999999999999645e+00 -4.679110000000000213e-01 1.888973499999999917e-01 -4.679110000000000213e-01 4.121898650000000330e+00
7.375000000000000000e+00 -4.449089999999999989e-01 1.791330500000000159e-01 -4.449089999999999989e-01 4.098262949999999627e+00
7.400000000000000355e+00 -4.230400000000000271e-01 1.698868500000000059e-01 -4.230400000000000271e-01 4.075249150000000320e+00
7.424999999999999822e+00 -4.022490000000000232e-01 1.611311500000000008e-01 -4.022490000000000232e-01 4.052848850000000169e+00
7.450000000000000178e+00 -3.824819999999999887e-01 1.528394000000000141e-01 -3.824819999999999887e-01 4.031014599999999781e+00
7.474999999999999645e+00 -3.636909999999999865e-01 1.449870500000000062e-01 -3.636909999999999865e-01 4.009730949999999794e+00
7.500000000000000000e+00 -3.458280000000000243e-01 1.375514499999999918e-01 -3.458280000000000243e-01 3.988974550000000008e+00
7.525000000000000355e+00 -3.288470000000000004e-01 1.305090499999999876e-01 -3.288470000000000004e-01 3.968710950000000182e+00
7.549999999999999822e+00 -3.127059999999999840e-01 1.238392500000000118e-01 -3.127059999999999840e-01 3.948918749999999811e+00
7.575000000000000178e+00 -2.973620000000000152e-01 1.175232999999999972e-01 -2.973620000000000152e-01 3.929588700000000046e+00
7.599999999999999645e+00 -2.827779999999999738e-01 1.115406850000000005e-01 -2.827779999999999738e-01 3.910689314999999944e+00
7.625000000000000000e+00 -2.689139999999999864e-01 1.058746650000000067e-01 -2.689139999999999864e-01 3.892203335000000042e+00
7.650000000000000355e+00 -2.557369999999999921e-01 1.005066350000000108e-01 -2.557369999999999921e-01 3.874121365000000150e+00
7.674999999999999822e+00 -2.432120000000000115e-01 9.542251999999999679e-02 -2.432120000000000115e-01 3.856408880000000039e+00
7.700000000000000178e+00 -2.313070000000000126e-01 9.060547499999999088e-02 -2.313070000000000126e-01 3.839058324999999883e+00
7.724999999999999645e+00 -2.199899999999999911e-01 8.604128999999999250e-02 -2.199899999999999911e-01 3.822054910000000305e+00
7.750000000000000000e+00 -2.092340000000000033e-01 8.171655999999999365e-02 -2.092340000000000033e-01 3.805384640000000207e+00
7.775000000000000355e+00 -1.990099999999999925e-01 7.761805499999999136e-02 -1.990099999999999925e-01 3.789033744999999787e+00
7.799999999999999822e+00 -1.892909999999999870e-01 7.373354000000000019e-02 -1.892909999999999870e-01 3.772979459999999730e+00
7.825000000000000178e+00 -1.800529999999999908e-01 7.005136500000000432e-02 -1.800529999999999908e-01 3.757219634999999780e+00
7.849999999999999645e+00 -1.712710000000000066e-01 6.656058000000000807e-02 -1.712710000000000066e-01 3.741732820000000181e+00
7.875000000000000000e+00 -1.629230000000000123e-01 6.325081999999999927e-02 -1.629230000000000123e-01 3.726518180000000235e+00
7.900000000000000355e+00 -1.549870000000000136e-01 6.011220999999999925e-02 -1.549870000000000136e-01 3.711555390000000010e+00
7.924999999999999822e+00 -1.474419999999999897e-01 5.713527000000000189e-02 -1.474419999999999897e-01 3.696844529999999907e+00
7.950000000000000178e+00 -1.402700000000000058e-01 5.431151000000000034e-02 -1.402700000000000058e-01 3.682356689999999766e+00
7.974999999999999645e+00 -1.334509999999999863e-01 5.163242999999999999e-02 -1.334509999999999863e-01 3.668102970000000074e+00
8.000000000000000000e+00 -1.269669999999999965e-01 4.909012500000000528e-02 -1.269669999999999965e-01 3.654065074999999663e+00
8.025000000000000355e+00 -1.208020000000000066e-01 4.667727999999999461e-02 -1.208020000000000066e-01 3.640235319999999941e+00
8.050000000000000711e+00 -1.149400000000000005e-01 4.438687499999999925e-02 -1.149400000000000005e-01 3.626596324999999954e+00
8.074999999999999289e+00 -1.093660000000000049e-01 4.221227999999999786e-02 -1.093660000000000049e-01 3.613161120000000004e+00
8.099999999999999645e+00 -1.040650000000000047e-01 4.014725499999999975e-02 -1.040650000000000047e-01 3.599913144999999925e+00
8.125000000000000000e+00 -9.902350000000000041e-02 3.818586499999999939e-02 -9.902350000000000041e-02 3.586836134999999981e+00
8.150000000000000355e+00 -9.422890000000000432e-02 3.632265500000000230e-02 -9.422890000000000432e-02 3.573934344999999624e+00
8.175000000000000711e+00 -8.966849999999999821e-02 3.455227500000000035e-02 -8.966849999999999821e-02 3.561192124999999820e+00
8.199999999999999289e+00 -8.533079999999999832e-02 3.286995499999999931e-02 -8.533079999999999832e-02 3.548624444999999739e+00
8.224999999999999645e+00 -8.120470000000000466e-02 3.127073999999999826e-02 -8.120470000000000466e-02 3.536196059999999974e+00
8.250000000000000000e+00 -7.727950000000000097e-02 2.975054499999999977e-02 -7.727950000000000097e-02 3.523922654999999793e+00
8.275000000000000355e+00 -7.354520000000000501e-02 2.830500000000000030e-02 -7.354520000000000501e-02 3.511799600000000243e+00
8.300000000000000711e+00 -6.999239999999999629e-02 2.693031499999999981e-02 -6.999239999999999629e-02 3.499812884999999874e+00
8.324999999999999289e+00 -6.661209999999999354e-02 2.562280999999999934e-02 -6.661209999999999354e-02 3.487958589999999859e+00
8.349999999999999645e+00 -6.339580000000000215e-02 2.437888499999999944e-02 -6.339580000000000215e-02 3.476232915000000201e+00
8.375000000000000000e+00 -6.033519999999999855e-02 2.319544000000000120e-02 -6.033519999999999855e-02 3.464642560000000149e+00
8.400000000000000355e+00 -5.742270000000000013e-02 2.206918000000000074e-02 -5.742270000000000013e-02 3.453174020000000066e+00
8.425000000000000711e+00 -5.465099999999999819e-02 2.099739500000000203e-02 -5.465099999999999819e-02 3.441824405000000198e+00
8.449999999999999289e+00 -5.201320000000000249e-02 1.997727499999999920e-02 -5.201320000000000249e-02 3.430580724999999997e+00
8.474999999999999645e+00 -4.950269999999999671e-02 1.900619999999999740e-02 -4.950269999999999671e-02 3.419460200000000061e+00
8.500000000000000000e+00 -4.711329999999999685e-02 1.808165999999999940e-02 -4.711329999999999685e-02 3.408450140000000239e+00
8.525000000000000355e+00 -4.483899999999999691e-02 1.720152999999999960e-02 -4.483899999999999691e-02 3.397538270000000082e+00
8.550000000000000711e+00 -4.267429999999999835e-02 1.636348500000000053e-02 -4.267429999999999835e-02 3.386742115000000108e+00
8.574999999999999289e+00 -4.061379999999999851e-02 1.556559000000000068e-02 -4.061379999999999851e-02 3.376039610000000302e+00
8.599999999999999645e+00 -3.865240000000000342e-02 1.480572500000000048e-02 -3.865240000000000342e-02 3.365438474999999929e+00
8.625000000000000000e+00 -3.678529999999999994e-02 1.408224999999999928e-02 -3.678529999999999994e-02 3.354926949999999852e+00
8.650000000000000355e+00 -3.500799999999999745e-02 1.339332499999999933e-02 -3.500799999999999745e-02 3.344513075000000057e+00
8.675000000000000711e+00 -3.331619999999999721e-02 1.273730999999999995e-02 -3.331619999999999721e-02 3.334195090000000139e+00
8.699999999999999289e+00 -3.170570000000000332e-02 1.211266999999999899e-02 -3.170570000000000332e-02 3.323961329999999936e+00
8.724999999999999645e+00 -3.017260000000000081e-02 1.151795499999999986e-02 -3.017260000000000081e-02 3.313810244999999988e+00
8.750000000000000000e+00 -2.871330000000000063e-02 1.095171999999999986e-02 -2.871330000000000063e-02 3.303750280000000039e+00
8.775000000000000355e+00 -2.732410000000000047e-02 1.041261000000000096e-02 -2.732410000000000047e-02 3.293779989999999991e+00
8.800000000000000711e+00 -2.600179999999999853e-02 9.899475000000001329e-03 -2.600179999999999853e-02 3.283878124999999759e+00
8.824999999999999289e+00 -2.474319999999999992e-02 9.411070000000000546e-03 -2.474319999999999992e-02 3.274063329999999716e+00
8.849999999999999645e+00 -2.354509999999999936e-02 8.946199999999999639e-03 -2.354509999999999936e-02 3.264334340000000001e+00
8.875000000000000000e+00 -2.240479999999999902e-02 8.503865000000001076e-03 -2.240479999999999902e-02 3.254670055000000062e+00
8.900000000000000355e+00 -2.131960000000000105e-02 8.082999999999999907e-03 -2.131960000000000105e-02 3.245089340000000266e+00
8.925000000000000711e+00 -2.028670000000000126e-02 7.682645000000000099e-03 -2.028670000000000126e-02 3.235571155000000143e+00
8.949999999999999289e+00 -1.930370000000000003e-02 7.301825000000000503e-03 -1.930370000000000003e-02 3.226134434999999634e+00
8.974999999999999645e+00 -1.836830000000000060e-02 6.939680000000000154e-03 -1.836830000000000060e-02 3.216768260000000268e+00
9.000000000000000000e+00 -1.747809999999999989e-02 6.595337500000000332e-03 -1.747809999999999989e-02 3.207461682499999966e+00
9.025000000000000355e+00 -1.663109999999999936e-02 6.267982000000000067e-03 -1.663109999999999936e-02 3.198233817999999840e+00
9.050000000000000711e+00 -1.582520000000000107e-02 5.956846000000000016e-03 -1.582520000000000107e-02 3.189073834000000218e+00
9.074999999999999289e+00 -1.505850000000000070e-02 5.661180999999999505e-03 -1.505850000000000070e-02 3.179970919000000062e+00
9.099999999999999645e+00 -1.432910000000000086e-02 5.380267499999999946e-03 -1.432910000000000086e-02 3.170934292500000140e+00
9.125000000000000000e+00 -1.363520000000000010e-02 5.113434499999999772e-03 -1.363520000000000010e-02 3.161963225500000085e+00
9.150000000000000355e+00 -1.297509999999999983e-02 4.860010500000000282e-03 -1.297509999999999983e-02 3.153056989500000018e+00
9.175000000000000711e+00 -1.234730000000000029e-02 4.619373000000000402e-03 -1.234730000000000029e-02 3.144204907000000215e+00
9.199999999999999289e+00 -1.175020000000000057e-02 4.390926999999999331e-03 -1.175020000000000057e-02 3.135416332999999778e+00
9.224999999999999645e+00 -1.118229999999999918e-02 4.174100499999999769e-03 -1.118229999999999918e-02 3.126690639499999591e+00
9.250000000000000000e+00 -1.064230000000000037e-02 3.968326999999999792e-03 -1.064230000000000037e-02 3.118017212999999899e+00
9.275000000000000355e+00 -1.012869999999999916e-02 3.773080500000000441e-03 -1.012869999999999916e-02 3.109405479499999903e+00
9.300000000000000711e+00 -9.640430000000000180e-03 3.587863499999999900e-03 -9.640430000000000180e-03 3.100854896500000013e+00
9.324999999999999289e+00 -9.176149999999999238e-03 3.412188999999999934e-03 -9.176149999999999238e-03 3.092344930999999963e+00
9.349999999999999645e+00 -8.734749999999999459e-03 3.245578000000000265e-03 -8.734749999999999459e-03 3.083905061999999919e+00
9.375000000000000000e+00 -8.315110000000000556e-03 3.087591000000000207e-03 -8.315110000000000556e-03 3.075504808999999895e+00
9.400000000000000355e+00 -7.916170000000000151e-03 2.937799000000000053e-03 -7.916170000000000151e-03 3.067163701000000131e+00
9.425000000000000711e+00 -7.536929999999999845e-03 2.795800999999999668e-03 -7.536929999999999845e-03 3.058881299000000276e+00
9.449999999999999289e+00 -7.176430000000000135e-03 2.661185500000000110e-03 -7.176430000000000135e-03 3.050637154499999948e+00
9.474999999999999645e+00 -6.833750000000000414e-03 2.533590500000000231e-03 -6.833750000000000414e-03 3.042450869500000099e+00
9.500000000000000000e+00 -6.508019999999999777e-03 2.412664499999999865e-03 -6.508019999999999777e-03 3.034312055500000049e+00
9.525000000000000355e+00 -6.198409999999999684e-03 2.298033500000000277e-03 -6.198409999999999684e-03 3.026230306500000022e+00
9.550000000000000711e+00 -5.904119999999999681e-03 2.189394500000000059e-03 -5.904119999999999681e-03 3.018185285499999981e+00
9.574999999999999289e+00 -5.624389999999999945e-03 2.086432499999999780e-03 -5.624389999999999945e-03 3.010196647499999933e+00
9.599999999999999645e+00 -5.358500000000000416e-03 1.988833499999999917e-03 -5.358500000000000416e-03 3.002254046500000051e+00
9.625000000000000000e+00 -5.105750000000000045e-03 1.896321999999999982e-03 -5.105750000000000045e-03 2.994357178000000008e+00
9.650000000000000355e+00 -4.865500000000000033e-03 1.808601500000000129e-03 -4.865500000000000033e-03 2.986495718500000063e+00
9.675000000000000711e+00 -4.637109999999999843e-03 1.725446500000000008e-03 -4.637109999999999843e-03 2.978689413499999716e+00
9.699999999999999289e+00 -4.419990000000000377e-03 1.646599500000000063e-03 -4.419990000000000377e-03 2.970927980499999954e+00
9.724999999999999645e+00 -4.213559999999999875e-03 1.571813499999999983e-03 -4.213559999999999875e-03 2.963211146499999948e+00
9.750000000000000000e+00 -4.017299999999999691e-03 1.500860500000000082e-03 -4.017299999999999691e-03 2.955538659499999721e+00
9.775000000000000355e+00 -3.830669999999999995e-03 1.433531999999999949e-03 -3.830669999999999995e-03 2.947900288000000035e+00
9.800000000000000711e+00 -3.653200000000000110e-03 1.369629499999999982e-03 -3.653200000000000110e-03 2.940315810500000016e+00
9.824999999999999289e+00 -3.484399999999999911e-03 1.308943500000000083e-03 -3.484399999999999911e-03 2.932764996499999999e+00
9.849999999999999645e+00 -3.323850000000000155e-03 1.251294000000000017e-03 -3.323850000000000155e-03 2.925257646000000378e+00
9.875000000000000000e+00 -3.171109999999999988e-03 1.196521500000000040e-03 -3.171109999999999988e-03 2.917793578499999985e+00
9.900000000000000355e+00 -3.025780000000000049e-03 1.144465500000000063e-03 -3.025780000000000049e-03 2.910362614499999889e+00
9.925000000000000711e+00 -2.887489999999999935e-03 1.094944000000000039e-03 -2.887489999999999935e-03 2.902974556000000206e+00
9.949999999999999289e+00 -2.755860000000000167e-03 1.047826499999999919e-03 -2.755860000000000167e-03 2.895629253500000111e+00
9.974999999999999645e+00 -2.630560000000000103e-03 1.002971500000000024e-03 -2.630560000000000103e-03 2.888326548499999813e+00
1.000000000000000000e+01 -2.511250000000000027e-03 9.602459999999999945e-04 -2.511250000000000027e-03 2.881056294000000406e+00
1.002500000000000036e+01 -2.397629999999999987e-03 9.195179999999999196e-04 -2.397629999999999987e-03 2.873828341999999925e+00
1.005000000000000071e+01 -2.289400000000000029e-03 8.806800000000000045e-04 -2.289400000000000029e-03 2.866632570000000158e+00
1.007499999999999929e+01 -2.186280000000000081e-03 8.436169999999999563e-04 -2.186280000000000081e-03 2.859478850999999988e+00
1.009999999999999964e+01 -2.088009999999999953e-03 8.082270000000000123e-04 -2.088009999999999953e-03 2.852367069000000033e+00
1.012500000000000000e+01 -1.994339999999999828e-03 7.744129999999999460e-04 -1.994339999999999828e-03 2.845287116999999810e+00
1.015000000000000036e+01 -1.905030000000000048e-03 7.420804999999999502e-04 -1.905030000000000048e-03 2.838238885500000031e+00
1.017500000000000071e+01 -1.819850000000000027e-03 7.111425000000000645e-04 -1.819850000000000027e-03 2.831232277499999839e+00
1.019999999999999929e+01 -1.738589999999999927e-03 6.815249999999999911e-04 -1.738589999999999927e-03 2.824257209000000213e+00
1.022499999999999964e+01 -1.661050000000000070e-03 6.531510000000000354e-04 -1.661050000000000070e-03 2.817323592999999793e+00
1.025000000000000000e+01 -1.587040000000000065e-03 6.259574999999999645e-04 -1.587040000000000065e-03 2.810421356500000023e+00
1.027500000000000036e+01 -1.516390000000000056e-03 5.998660000000000060e-04 -1.516390000000000056e-03 2.803560412000000390e+00
1.030000000000000071e+01 -1.448910000000000085e-03 5.748220000000000066e-04 -1.448910000000000085e-03 2.796720698000000116e+00
1.032499999999999929e+01 -1.384459999999999901e-03 5.507710000000000296e-04 -1.384459999999999901e-03 2.789922151000000294e+00
1.034999999999999964e+01 -1.322880000000000019e-03 5.276620000000000312e-04 -1.322880000000000019e-03 2.783164712000000041e+00
1.037500000000000000e+01 -1.264029999999999971e-03 5.054449999999999828e-04 -1.264029999999999971e-03 2.776428324999999919e+00
1.040000000000000036e+01 -1.207769999999999937e-03 4.840769000000000408e-04 -1.207769999999999937e-03 2.769732939099999847e+00
1.042500000000000071e+01 -1.153979999999999980e-03 4.635174500000000322e-04 -1.153979999999999980e-03 2.763068508549999969e+00
1.044999999999999929e+01 -1.102539999999999944e-03 4.437278499999999532e-04 -1.102539999999999944e-03 2.756434988150000098e+00
1.047499999999999964e+01 -1.053330000000000108e-03 4.246747999999999951e-04 -1.053330000000000108e-03 2.749832339200000142e+00
1.050000000000000000e+01 -1.006259999999999924e-03 4.063250499999999867e-04 -1.006259999999999924e-03 2.743270522950000068e+00
1.052500000000000036e+01 -9.612159999999999802e-04 3.886510500000000200e-04 -9.612159999999999802e-04 2.736729506950000168e+00
1.055000000000000071e+01 -9.181120000000000080e-04 3.716241499999999747e-04 -9.181120000000000080e-04 2.730229257850000035e+00
1.057499999999999929e+01 -8.768579999999999994e-04 3.552216499999999704e-04 -8.768579999999999994e-04 2.723749748350000388e+00
1.059999999999999964e+01 -8.373690000000000256e-04 3.394195500000000087e-04 -8.373690000000000256e-04 2.717310950449999929e+00
1.062500000000000000e+01 -7.995689999999999742e-04 3.241968999999999927e-04 -7.995689999999999742e-04 2.710902839100000072e+00
1.065000000000000036e+01 -7.633819999999999495e-04 3.095355999999999845e-04 -7.633819999999999495e-04 2.704515392400000273e+00
1.067500000000000071e+01 -7.287399999999999651e-04 2.954173500000000321e-04 -7.287399999999999651e-04 2.698168588650000199e+00
1.069999999999999929e+01 -6.955750000000000344e-04 2.818248499999999822e-04 -6.955750000000000344e-04 2.691852407149999848e+00
1.072499999999999964e+01 -6.638259999999999560e-04 2.687446999999999818e-04 -6.638259999999999560e-04 2.685556831300000002e+00
1.075000000000000000e+01 -6.334339999999999936e-04 2.561603999999999878e-04 -6.334339999999999936e-04 2.679301841600000067e+00
1.077500000000000036e+01 -6.043440000000000400e-04 2.440594000000000032e-04 -6.043440000000000400e-04 2.673067422599999965e+00
1.080000000000000071e+01 -5.765009999999999883e-04 2.324279999999999912e-04 -5.765009999999999883e-04 2.666873557999999811e+00
1.082499999999999929e+01 -5.498569999999999500e-04 2.212556000000000234e-04 -5.498569999999999500e-04 2.660700234399999697e+00
1.084999999999999964e+01 -5.243630000000000209e-04 2.105302999999999992e-04 -5.243630000000000209e-04 2.654557437700000300e+00
1.087500000000000000e+01 -4.999730000000000190e-04 2.002403999999999946e-04 -4.999730000000000190e-04 2.648445153599999990e+00
1.090000000000000036e+01 -4.766460000000000033e-04 1.903739999999999903e-04 -4.766460000000000033e-04 2.642353367999999758e+00
1.092500000000000071e+01 -4.543379999999999858e-04 1.809211999999999984e-04 -4.543379999999999858e-04 2.636302068800000065e+00
1.094999999999999929e+01 -4.330110000000000187e-04 1.718719999999999970e-04 -4.330110000000000187e-04 2.630271243999999786e+00
1.097499999999999964e+01 -4.126269999999999916e-04 1.632154499999999926e-04 -4.126269999999999916e-04 2.624270880550000129e+00
1.100000000000000000e+01 -3.931499999999999882e-04 1.549405500000000018e-04 -3.931499999999999882e-04 2.618290965449999952e+00
1.102500000000000036e+01 -3.745439999999999837e-04 1.470382500000000012e-04 -3.745439999999999837e-04 2.612351487749999812e+00
1.105000000000000071e+01 -3.567760000000000007e-04 1.394974500000000005e-04 -3.567760000000000007e-04 2.606432434549999844e+00
1.107499999999999929e+01 -3.398130000000000074e-04 1.323081000000000148e-04 -3.398130000000000074e-04 2.600533793899999946e+00
1.109999999999999964e+01 -3.236240000000000037e-04 1.254590500000000097e-04 -3.236240000000000037e-04 2.594675552950000075e+00
1.112500000000000000e+01 -3.081800000000000208e-04 1.189410999999999919e-04 -3.081800000000000208e-04 2.588837700900000094e+00
1.115000000000000036e+01 -2.934500000000000042e-04 1.127422499999999894e-04 -2.934500000000000042e-04 2.583020223749999733e+00
1.117500000000000071e+01 -2.794070000000000169e-04 1.068532000000000021e-04 -2.794070000000000169e-04 2.577233110799999949e+00
1.119999999999999929e+01 -2.660240000000000131e-04 1.012628499999999990e-04 -2.660240000000000131e-04 2.571476349149999674e+00
1.122499999999999964e+01 -2.532729999999999856e-04 9.595995000000000609e-05 -2.532729999999999856e-04 2.565749926050000074e+00
1.125000000000000000e+01 -2.411299999999999902e-04 9.093530000000000330e-05 -2.411299999999999902e-04 2.560033830700000124e+00
1.127500000000000036e+01 -2.295689999999999970e-04 8.617785000000000365e-05 -2.295689999999999970e-04 2.554358050350000298e+00
1.130000000000000071e+01 -2.185660000000000077e-04 8.167694999999999394e-05 -2.185660000000000077e-04 2.548702572849999903e+00
1.132499999999999929e+01 -2.080990000000000010e-04 7.742224999999999552e-05 -2.080990000000000010e-04 2.543067386349999737e+00
1.134999999999999964e+01 -1.981429999999999899e-04 7.340365000000000659e-05 -1.981429999999999899e-04 2.537462479150000227e+00
1.137500000000000000e+01 -1.886790000000000006e-04 6.961074999999999078e-05 -1.886790000000000006e-04 2.531877839449999890e+00
1.140000000000000036e+01 -1.796830000000000074e-04 6.603365000000000092e-05 -1.796830000000000074e-04 2.526323455750000058e+00
1.142500000000000071e+01 -1.711369999999999981e-04 6.266269999999999891e-05 -1.711369999999999981e-04 2.520789316899999744e+00
1.144999999999999929e+01 -1.630190000000000057e-04 5.948795000000000021e-05 -1.630190000000000057e-04 2.515285411650000302e+00
1.147499999999999964e+01 -1.553109999999999907e-04 5.650025000000000847e-05 -1.553109999999999907e-04 2.509801729349999899e+00
1.150000000000000000e+01 -1.479929999999999907e-04 5.369035000000000002e-05 -1.479929999999999907e-04 2.504338259249999865e+00
1.152500000000000036e+01 -1.410489999999999975e-04 5.104934999999999600e-05 -1.410489999999999975e-04 2.498904991049999857e+00
1.155000000000000071e+01 -1.344609999999999989e-04 4.856899999999999526e-05 -1.344609999999999989e-04 2.493491915199999909e+00
1.157499999999999929e+01 -1.282119999999999983e-04 4.624019999999999818e-05 -1.282119999999999983e-04 2.488109021199999660e+00
1.159999999999999964e+01 -1.222870000000000033e-04 4.405529999999999814e-05 -1.222870000000000033e-04 2.482736299899999999e+00
1.162500000000000000e+01 -1.166680000000000017e-04 4.200615000000000100e-05 -1.166680000000000017e-04 2.477403742049999913e+00
1.165000000000000036e+01 -1.113429999999999943e-04 4.008594999999999861e-05 -1.113429999999999943e-04 2.472081339450000304e+00
1.167500000000000071e+01 -1.062960000000000001e-04 3.828710000000000143e-05 -1.062960000000000001e-04 2.466789083300000129e+00
1.169999999999999929e+01 -1.015140000000000042e-04 3.660290000000000153e-05 -1.015140000000000042e-04 2.461516965499999987e+00
1.172499999999999964e+01 -9.698300000000000302e-05 3.502665000000000455e-05 -9.698300000000000302e-05 2.456264978350000128e+00
1.175000000000000000e+01 -9.269099999999999735e-05 3.355199499999999961e-05 -9.269099999999999735e-05 2.451033114204999919e+00
1.177500000000000036e+01 -8.862560000000000067e-05 3.217299499999999807e-05 -8.862560000000000067e-05 2.445831366005000174e+00
1.180000000000000071e+01 -8.477520000000000108e-05 3.088370500000000419e-05 -8.477520000000000108e-05 2.440649726694999799e+00
1.182499999999999929e+01 -8.112860000000000113e-05 2.967885999999999861e-05 -8.112860000000000113e-05 2.435488189940000048e+00
1.184999999999999964e+01 -7.767500000000000424e-05 2.855298000000000119e-05 -7.767500000000000424e-05 2.430346749219999936e+00
1.187500000000000000e+01 -7.440420000000000161e-05 2.750116499999999777e-05 -7.440420000000000161e-05 2.425225398635000307e+00
1.190000000000000036e+01 -7.130630000000000540e-05 2.651850000000000030e-05 -7.130630000000000540e-05 2.420134132300000296e+00
1.192500000000000071e+01 -6.837180000000000156e-05 2.560034000000000230e-05 -6.837180000000000156e-05 2.415052944660000200e+00
1.194999999999999929e+01 -6.559189999999999791e-05 2.474233500000000101e-05 -6.559189999999999791e-05 2.410001830465000161e+00
1.197499999999999964e+01 -6.295769999999999524e-05 2.394020500000000197e-05 -6.295769999999999524e-05 2.404970784594999689e+00
1.200000000000000000e+01 -6.046110000000000292e-05 2.318994999999999978e-05 -6.046110000000000292e-05 2.399959802249999719e+00
1.202500000000000036e+01 -5.809410000000000339e-05 2.248766499999999910e-05 -5.809410000000000339e-05 2.394968878734999862e+00
1.205000000000000071e+01 -5.584910000000000032e-05 2.182950999999999896e-05 -5.584910000000000032e-05 2.389998009489999742e+00
1.207499999999999929e+01 -5.371879999999999803e-05 2.121192500000000105e-05 -5.371879999999999803e-05 2.385047190274999895e+00
1.209999999999999964e+01 -5.169640000000000194e-05 2.063165000000000092e-05 -5.169640000000000194e-05 2.380116417149999997e+00
1.212500000000000000e+01 -4.977519999999999737e-05 2.008525999999999953e-05 -4.977519999999999737e-05 2.375215686139999782e+00
1.215000000000000036e+01 -4.794879999999999737e-05 1.956919499999999857e-05 -4.794879999999999737e-05 2.370324993004999659e+00
1.217500000000000071e+01 -4.621120000000000235e-05 1.908099499999999873e-05 -4.621120000000000235e-05 2.365454334804999892e+00
1.219999999999999929e+01 -4.455680000000000003e-05 1.861752500000000095e-05 -4.455680000000000003e-05 2.360613707875000244e+00
1.222499999999999964e+01 -4.297989999999999824e-05 1.817602000000000153e-05 -4.297989999999999824e-05 2.355783108979999874e+00
1.225000000000000000e+01 -4.147539999999999934e-05 1.775379999999999932e-05 -4.147539999999999934e-05 2.350972534999999919e+00
1.227500000000000036e+01 -4.003819999999999894e-05 1.734846499999999925e-05 -4.003819999999999894e-05 2.346181983134999705e+00
1.230000000000000071e+01 -3.866380000000000072e-05 1.695751500000000259e-05 -3.866380000000000072e-05 2.341411450484999879e+00
1.232499999999999929e+01 -3.734780000000000180e-05 1.657881499999999892e-05 -3.734780000000000180e-05 2.336660934585000238e+00
1.234999999999999964e+01 -3.608569999999999909e-05 1.621023500000000185e-05 -3.608569999999999909e-05 2.331930432965000133e+00
1.237500000000000000e+01 -3.487379999999999804e-05 1.584992000000000020e-05 -3.487379999999999804e-05 2.327219943479999831e+00
1.240000000000000036e+01 -3.370839999999999731e-05 1.549600999999999938e-05 -3.370839999999999731e-05 2.322529463990000043e+00
1.242500000000000071e+01 -3.258600000000000277e-05 1.514692000000000032e-05 -3.258600000000000277e-05 2.317858992679999730e+00
1.244999999999999929e+01 -3.150340000000000063e-05 1.480116499999999909e-05 -3.150340000000000063e-05 2.313198527835000018e+00
1.247499999999999964e+01 -3.045760000000000126e-05 1.445744999999999996e-05 -3.045760000000000126e-05 2.308568067950000025e+00
1.250000000000000000e+01 -2.944589999999999873e-05 1.411467000000000017e-05 -2.944589999999999873e-05 2.303947611729999956e+00
1.252500000000000036e+01 -2.846570000000000090e-05 1.377170000000000233e-05 -2.846570000000000090e-05 2.299347157899999772e+00
1.255000000000000071e+01 -2.751469999999999933e-05 1.342793499999999970e-05 -2.751469999999999933e-05 2.294766705664999851e+00
1.257499999999999929e+01 -2.659089999999999981e-05 1.308248499999999948e-05 -2.659089999999999981e-05 2.290206254115000117e+00
1.259999999999999964e+01 -2.569230000000000133e-05 1.273496500000000014e-05 -2.569230000000000133e-05 2.285665802635000077e+00
1.262500000000000000e+01 -2.481730000000000039e-05 1.238500499999999951e-05 -2.481730000000000039e-05 2.281135350795000072e+00
1.265000000000000036e+01 -2.396440000000000047e-05 1.203245999999999931e-05 -2.396440000000000047e-05 2.276624898339999703e+00
1.267500000000000071e+01 -2.313219999999999852e-05 1.167724999999999903e-05 -2.313219999999999852e-05 2.272134445150000293e+00
1.269999999999999929e+01 -2.231979999999999931e-05 1.131942000000000012e-05 -2.231979999999999931e-05 2.267663991180000060e+00
1.272499999999999964e+01 -2.152600000000000024e-05 1.095919000000000103e-05 -2.152600000000000024e-05 2.263203536609999844e+00
1.275000000000000000e+01 -2.075009999999999976e-05 1.059688500000000078e-05 -2.075009999999999976e-05 2.258773081715000242e+00
1.277500000000000036e+01 -1.999160000000000016e-05 1.023302500000000017e-05 -1.999160000000000016e-05 2.254352626974999829e+00
1.280000000000000071e+01 -1.924969999999999969e-05 9.868029999999999776e-06 -1.924969999999999969e-05 2.249942172769999971e+00
1.282499999999999929e+01 -1.852430000000000152e-05 9.502699999999999667e-06 -1.852430000000000152e-05 2.245561719899999975e+00
1.284999999999999964e+01 -1.781500000000000138e-05 9.137844999999998906e-06 -1.781500000000000138e-05 2.241191269154999777e+00
1.287500000000000000e+01 -1.712159999999999884e-05 8.773419999999999426e-06 -1.712159999999999884e-05 2.236840820479999881e+00
1.290000000000000036e+01 -1.644410000000000067e-05 8.411149999999999928e-06 -1.644410000000000067e-05 2.232500375589999919e+00
1.292500000000000071e+01 -1.578239999999999987e-05 8.051579999999999574e-06 -1.578239999999999987e-05 2.228179935040000004e+00
1.294999999999999929e+01 -1.513670000000000027e-05 7.695574999999999584e-06 -1.513670000000000027e-05 2.223879499704999763e+00
1.297499999999999964e+01 -1.450689999999999997e-05 7.344030000000000733e-06 -1.450689999999999997e-05 2.219599070490000159e+00
1.300000000000000000e+01 -1.389339999999999983e-05 6.997819999999999858e-06 -1.389339999999999983e-05 2.215328648280000312e+00
1.302500000000000036e+01 -1.329619999999999985e-05 6.657830000000000425e-06 -1.329619999999999985e-05 2.211078233969999918e+00
1.305000000000000071e+01 -1.271569999999999923e-05 6.324880000000000504e-06 -1.271569999999999923e-05 2.206837828419999870e+00
1.307499999999999929e+01 -1.215179999999999943e-05 5.999810000000000413e-06 -1.215179999999999943e-05 2.202617432469999859e+00
1.309999999999999964e+01 -1.160499999999999985e-05 5.683359999999999402e-06 -1.160499999999999985e-05 2.198417046899999949e+00
1.312500000000000000e+01 -1.107540000000000072e-05 5.376250000000000407e-06 -1.107540000000000072e-05 2.194226672450000137e+00
1.315000000000000036e+01 -1.056320000000000078e-05 5.079115000000000413e-06 -1.056320000000000078e-05 2.190056309784999655e+00
1.317500000000000071e+01 -1.006850000000000025e-05 4.792560000000000240e-06 -1.006850000000000025e-05 2.185895959520000265e+00
1.319999999999999929e+01 -9.591490000000000557e-06 4.517065000000000433e-06 -9.591490000000000557e-06 2.181755622175000298e+00
1.322499999999999964e+01 -9.132200000000000419e-06 4.253059999999999731e-06 -9.132200000000000419e-06 2.177635298200000236e+00
1.325000000000000000e+01 -8.690710000000000348e-06 4.000901999999999730e-06 -8.690710000000000348e-06 2.173524987977999867e+00
1.327500000000000036e+01 -8.267020000000000344e-06 3.760843000000000188e-06 -8.267020000000000344e-06 2.169434691776999991e+00
1.330000000000000071e+01 -7.861069999999999598e-06 3.533068000000000069e-06 -7.861069999999999598e-06 2.165354409812000114e+00
1.332499999999999929e+01 -7.472759999999999583e-06 3.317657500000000007e-06 -7.472759999999999583e-06 2.161294142182500266e+00
1.334999999999999964e+01 -7.101959999999999678e-06 3.114637499999999874e-06 -7.101959999999999678e-06 2.157243888922499853e+00
1.337500000000000000e+01 -6.748449999999999737e-06 2.923939500000000214e-06 -6.748449999999999737e-06 2.153213649980500133e+00
1.340000000000000036e+01 -6.411999999999999765e-06 2.745408500000000347e-06 -6.411999999999999765e-06 2.149193425211500141e+00
1.342500000000000071e+01 -6.092319999999999803e-06 2.578860500000000277e-06 -6.092319999999999803e-06 2.145193214439499840e+00
1.344999999999999929e+01 -5.789030000000000375e-06 2.423993999999999835e-06 -5.789030000000000375e-06 2.141203017366000161e+00
1.347499999999999964e+01 -5.501779999999999864e-06 2.280509999999999872e-06 -5.501779999999999864e-06 2.137232833690000167e+00
1.350000000000000000e+01 -5.230119999999999825e-06 2.147931000000000018e-06 -5.230119999999999825e-06 2.133272662928999974e+00
1.352500000000000036e+01 -4.973609999999999972e-06 2.025888500000000161e-06 -4.973609999999999972e-06 2.129332504711499929e+00
1.355000000000000071e+01 -4.731750000000000055e-06 1.913885499999999923e-06 -4.731750000000000055e-06 2.125402358514500101e+00
1.357499999999999929e+01 -4.504020000000000120e-06 1.811407999999999725e-06 -4.504020000000000120e-06 2.121482223811999912e+00
1.359999999999999964e+01 -4.289869999999999807e-06 1.717927499999999909e-06 -4.289869999999999807e-06 2.117582100052499694e+00
1.362500000000000000e+01 -4.088770000000000157e-06 1.632898000000000015e-06 -4.088770000000000157e-06 2.113701986661999932e+00
1.365000000000000036e+01 -3.900129999999999706e-06 1.555737500000000070e-06 -3.900129999999999706e-06 2.109831883022500243e+00
1.367500000000000071e+01 -3.723350000000000105e-06 1.485891000000000001e-06 -3.723350000000000105e-06 2.105971788549000134e+00
1.369999999999999929e+01 -3.557880000000000145e-06 1.422790500000000011e-06 -3.557880000000000145e-06 2.102131702629499888e+00
1.372499999999999964e+01 -3.403130000000000060e-06 1.365879499999999879e-06 -3.403130000000000060e-06 2.098301624660499964e+00
1.375000000000000000e+01 -3.258519999999999932e-06 1.314623000000000085e-06 -3.258519999999999932e-06 2.094481554056999872e+00
1.377500000000000036e+01 -3.123499999999999825e-06 1.268497500000000047e-06 -3.123499999999999825e-06 2.090681490242499940e+00
1.380000000000000071e+01 -2.997500000000000100e-06 1.227022000000000040e-06 -2.997500000000000100e-06 2.086891432677999703e+00
1.382499999999999929e+01 -2.879990000000000102e-06 1.189717000000000065e-06 -2.879990000000000102e-06 2.083121380823000024e+00
1.384999999999999964e+01 -2.770460000000000153e-06 1.156154499999999952e-06 -2.770460000000000153e-06 2.079361334185499732e+00
1.387500000000000000e+01 -2.668410000000000003e-06 1.125928500000000142e-06 -2.668410000000000003e-06 2.075611292291500209e+00
1.390000000000000036e+01 -2.573380000000000085e-06 1.098683000000000124e-06 -2.573380000000000085e-06 2.071881254717000242e+00
1.392500000000000071e+01 -2.484919999999999834e-06 1.074093999999999850e-06 -2.484919999999999834e-06 2.068161221066000088e+00
1.394999999999999929e+01 -2.402619999999999792e-06 1.051868000000000006e-06 -2.402619999999999792e-06 2.064451190972000028e+00
1.397499999999999964e+01 -2.326079999999999928e-06 1.031762499999999932e-06 -2.326079999999999928e-06 2.060761164117500321e+00
1.400000000000000000e+01 -2.254949999999999899e-06 1.013554000000000130e-06 -2.254949999999999899e-06 2.057081140205999858e+00
1.402500000000000036e+01 -2.188890000000000061e-06 9.970715000000001148e-07 -2.188890000000000061e-06 2.053421118988500105e+00
1.405000000000000071e+01 -2.127600000000000179e-06 9.821719999999999621e-07 -2.127600000000000179e-06 2.049761100247999845e+00
1.407499999999999929e+01 -2.070789999999999870e-06 9.687534999999998212e-07 -2.070789999999999870e-06 2.046121083806500263e+00
1.409999999999999964e+01 -2.018209999999999859e-06 9.567125000000001172e-07 -2.018209999999999859e-06 2.042491069487499811e+00
1.412500000000000000e+01 -1.969630000000000148e-06 9.460160000000000452e-07 -1.969630000000000148e-06 2.038881057183999701e+00
1.415000000000000036e+01 -1.924840000000000023e-06 9.366225000000000478e-07 -1.924840000000000023e-06 2.035281046783500081e+00
1.417500000000000071e+01 -1.883649999999999956e-06 9.285215000000000469e-07 -1.883649999999999956e-06 2.031691038204500366e+00
1.419999999999999929e+01 -1.845880000000000062e-06 9.217139999999999643e-07 -1.845880000000000062e-06 2.028111031383999840e+00
1.422499999999999964e+01 -1.811390000000000075e-06 9.162184999999998871e-07 -1.811390000000000075e-06 2.024541026273499966e+00
1.425000000000000000e+01 -1.780030000000000091e-06 9.120580000000000266e-07 -1.780030000000000091e-06 2.020991022834000006e+00
1.427500000000000036e+01 -1.751660000000000056e-06 9.092640000000000878e-07 -1.751660000000000056e-06 2.017451021040000292e+00
1.430000000000000071e+01 -1.726160000000000046e-06 9.078710000000000699e-07 -1.726160000000000046e-06 2.013931020869000221e+00
1.432499999999999929e+01 -1.703430000000000054e-06 9.079074999999999128e-07 -1.703430000000000054e-06 2.010411022298499883e+00
1.434999999999999964e+01 -1.683340000000000090e-06 9.094030000000001130e-07 -1.683340000000000090e-06 2.006911025308999896e+00
1.437500000000000000e+01 -1.665800000000000001e-06 9.123775000000000580e-07 -1.665800000000000001e-06 2.003421029876500281e+00
1.440000000000000036e+01 -1.650690000000000072e-06 9.168580000000000696e-07 -1.650690000000000072e-06 1.999941035988000104e+00
1.442500000000000071e+01 -1.637910000000000086e-06 9.227944999999999322e-07 -1.637910000000000086e-06 1.996471043555499980e+00
1.444999999999999929e+01 -1.627349999999999971e-06 9.302250000000000595e-07 -1.627349999999999971e-06 1.993021052585000064e+00
1.447499999999999964e+01 -1.618900000000000077e-06 9.391014999999999736e-07 -1.618900000000000077e-06 1.989581062998499794e+00
1.450000000000000000e+01 -1.612440000000000058e-06 9.493860000000000019e-07 -1.612440000000000058e-06 1.986151074734000099e+00
1.452500000000000036e+01 -1.607849999999999988e-06 9.610249999999998324e-07 -1.607849999999999988e-06 1.982731087715000173e+00
1.455000000000000071e+01 -1.605000000000000091e-06 9.739270000000000097e-07 -1.605000000000000091e-06 1.979321101832999918e+00
1.457499999999999929e+01 -1.603770000000000020e-06 9.880095000000000566e-07 -1.603770000000000020e-06 1.975931116990500058e+00
1.459999999999999964e+01 -1.604010000000000081e-06 1.003158500000000003e-06 -1.604010000000000081e-06 1.972541133061499918e+00
1.462500000000000000e+01 -1.605580000000000008e-06 1.019258000000000034e-06 -1.605580000000000008e-06 1.969171149922000152e+00
1.465000000000000036e+01 -1.608329999999999897e-06 1.036181000000000032e-06 -1.608329999999999897e-06 1.965811167438999973e+00
1.467500000000000071e+01 -1.612110000000000054e-06 1.053758499999999992e-06 -1.612110000000000054e-06 1.962461185441500167e+00
1.469999999999999929e+01 -1.616760000000000086e-06 1.071840999999999916e-06 -1.616760000000000086e-06 1.959131203779000074e+00
1.472499999999999964e+01 -1.622120000000000022e-06 1.090257500000000166e-06 -1.622120000000000022e-06 1.955801222282500085e+00
1.475000000000000000e+01 -1.628020000000000042e-06 1.108825999999999953e-06 -1.628020000000000042e-06 1.952481240773999982e+00
1.477500000000000036e+01 -1.634299999999999963e-06 1.127375999999999970e-06 -1.634299999999999963e-06 1.949181259083999862e+00
1.480000000000000071e+01 -1.640800000000000028e-06 1.145722000000000073e-06 -1.640800000000000028e-06 1.945891277037999911e+00
1.482499999999999929e+01 -1.647349999999999991e-06 1.163671000000000018e-06 -1.647349999999999991e-06 1.942611294448999937e+00
1.484999999999999964e+01 -1.653799999999999946e-06 1.181048499999999963e-06 -1.653799999999999946e-06 1.939341311151500102e+00
1.487500000000000000e+01 -1.659980000000000072e-06 1.197671000000000031e-06 -1.659980000000000072e-06 1.936081326969000038e+00
1.490000000000000036e+01 -1.665759999999999955e-06 1.213362999999999931e-06 -1.665759999999999955e-06 1.932831341736999997e+00
1.492500000000000071e+01 -1.670969999999999987e-06 1.227969500000000043e-06 -1.670969999999999987e-06 1.929591355310499967e+00
1.494999999999999929e+01 -1.675490000000000030e-06 1.241316500000000010e-06 -1.675490000000000030e-06 1.926361367523500068e+00
1.497499999999999964e+01 -1.679190000000000096e-06 1.253289499999999954e-06 -1.679190000000000096e-06 1.923151378270499867e+00
1.500000000000000000e+01 -1.681950000000000049e-06 1.263733000000000137e-06 -1.681950000000000049e-06 1.919941387406999933e+00
1.502500000000000036e+01 -1.683660000000000030e-06 1.272533499999999859e-06 -1.683660000000000030e-06 1.916751394826500032e+00
1.505000000000000071e+01 -1.684239999999999946e-06 1.279597500000000034e-06 -1.684239999999999946e-06 1.913561400442499894e+00
1.507499999999999929e+01 -1.683590000000000003e-06 1.284820999999999908e-06 -1.683590000000000003e-06 1.910391404158999995e+00
1.509999999999999964e+01 -1.681650000000000027e-06 1.288180999999999907e-06 -1.681650000000000027e-06 1.907231405958999870e+00
1.512500000000000000e+01 -1.678360000000000055e-06 1.289615000000000103e-06 -1.678360000000000055e-06 1.904081405784999959e+00
1.515000000000000036e+01 -1.673680000000000042e-06 1.289101500000000011e-06 -1.673680000000000042e-06 1.900931403618500104e+00
1.517500000000000071e+01 -1.667569999999999943e-06 1.286608000000000108e-06 -1.667569999999999943e-06 1.897801399431999991e+00
1.519999999999999929e+01 -1.660040000000000034e-06 1.282163499999999926e-06 -1.660040000000000034e-06 1.894681393256499868e+00
1.522499999999999964e+01 -1.651059999999999910e-06 1.275797999999999868e-06 -1.651059999999999910e-06 1.891571385121999960e+00
1.525000000000000000e+01 -1.640659999999999975e-06 1.267541499999999916e-06 -1.640659999999999975e-06 1.888471375058500046e+00
1.527500000000000036e+01 -1.628859999999999936e-06 1.257463499999999976e-06 -1.628859999999999936e-06 1.885381363136499955e+00
1.530000000000000071e+01 -1.615689999999999984e-06 1.245635000000000103e-06 -1.615689999999999984e-06 1.882301349425000048e+00
1.532499999999999929e+01 -1.601200000000000018e-06 1.232147499999999963e-06 -1.601200000000000018e-06 1.879231334012499977e+00
1.534999999999999964e+01 -1.585460000000000063e-06 1.217111700000000050e-06 -1.585460000000000063e-06 1.876171317008299866e+00
1.537500000000000000e+01 -1.568530000000000083e-06 1.200639899999999885e-06 -1.568530000000000083e-06 1.873121298520099787e+00
1.540000000000000036e+01 -1.550480000000000104e-06 1.182843849999999959e-06 -1.550480000000000104e-06 1.870071278656149971e+00
1.542500000000000071e+01 -1.531409999999999920e-06 1.163875450000000082e-06 -1.531409999999999920e-06 1.867041257564550083e+00
1.544999999999999929e+01 -1.511379999999999919e-06 1.143846950000000016e-06 -1.511379999999999919e-06 1.864021235353050088e+00
1.547499999999999964e+01 -1.490529999999999941e-06 1.122930499999999971e-06 -1.490529999999999941e-06 1.861011212189500164e+00
1.550000000000000000e+01 -1.468949999999999929e-06 1.101248250000000049e-06 -1.468949999999999929e-06 1.858011188191750040e+00
1.552500000000000036e+01 -1.446730000000000038e-06 1.078962200000000061e-06 -1.446730000000000038e-06 1.855021163517799998e+00
1.555000000000000071e+01 -1.423979999999999917e-06 1.056214100000000056e-06 -1.423979999999999917e-06 1.852041138305899892e+00
1.557499999999999929e+01 -1.400829999999999978e-06 1.033155999999999964e-06 -1.400829999999999978e-06 1.849061112703999976e+00
1.559999999999999964e+01 -1.377360000000000099e-06 1.009919050000000134e-06 -1.377360000000000099e-06 1.846101086840949979e+00
1.562500000000000000e+01 -1.353700000000000058e-06 9.866542500000000749e-07 -1.353700000000000058e-06 1.843151060865749979e+00
1.565000000000000036e+01 -1.329950000000000074e-06 9.634723000000000690e-07 -1.329950000000000074e-06 1.840201034887700038e+00
1.567500000000000071e+01 -1.306209999999999942e-06 9.405183999999999735e-07 -1.306209999999999942e-06 1.837271009051600013e+00
1.569999999999999929e+01 -1.282589999999999946e-06 9.179032499999999644e-07 -1.282589999999999946e-06 1.834340983468750075e+00
1.572499999999999964e+01 -1.259190000000000094e-06 8.957341500000000601e-07 -1.259190000000000094e-06 1.831420958247850006e+00
1.575000000000000000e+01 -1.236099999999999905e-06 8.741087999999999716e-07 -1.236099999999999905e-06 1.828520933489199862e+00
1.577500000000000036e+01 -1.213400000000000105e-06 8.531151000000000713e-07 -1.213400000000000105e-06 1.825620909284900062e+00
1.580000000000000071e+01 -1.191180000000000003e-06 8.328340499999999480e-07 -1.191180000000000003e-06 1.822730885719950011e+00
1.582499999999999929e+01 -1.169529999999999965e-06 8.133305000000000050e-07 -1.169529999999999965e-06 1.819850862865499908e+00
1.584999999999999964e+01 -1.148509999999999952e-06 7.946627999999999364e-07 -1.148509999999999952e-06 1.816980840787200124e+00
1.587500000000000000e+01 -1.128189999999999993e-06 7.768788499999999633e-07 -1.128189999999999993e-06 1.814120819541150009e+00
1.590000000000000036e+01 -1.108630000000000048e-06 7.600148500000000049e-07 -1.108630000000000048e-06 1.811270799173150037e+00
1.592500000000000071e+01 -1.089899999999999933e-06 7.440965999999999478e-07 -1.089899999999999933e-06 1.808420779719399851e+00
1.594999999999999929e+01 -1.072030000000000051e-06 7.291413500000000031e-07 -1.072030000000000051e-06 1.805590761208649919e+00
1.597499999999999964e+01 -1.055079999999999942e-06 7.151607999999999435e-07 -1.055079999999999942e-06 1.802760743665200005e+00
1.600000000000000000e+01 -1.039080000000000011e-06 7.021551499999999650e-07 -1.039080000000000011e-06 1.799950727102849868e+00
1.602499999999999858e+01 -1.024090000000000007e-06 6.901193999999999295e-07 -1.024090000000000007e-06 1.797140711530599955e+00
1.605000000000000071e+01 -1.010119999999999995e-06 6.790409000000000067e-07 -1.010119999999999995e-06 1.794340696951099989e+00
1.607499999999999929e+01 -9.972020000000000114e-07 6.689049500000000237e-07 -9.972020000000000114e-07 1.791550683365050078e+00
1.610000000000000142e+01 -9.853730000000000184e-07 6.596904499999999910e-07 -9.853730000000000184e-07 1.788770670767549920e+00
1.612500000000000000e+01 -9.746529999999999330e-07 6.513741050000000037e-07 -9.746529999999999330e-07 1.785990659151895033e+00
1.614999999999999858e+01 -9.650639999999999389e-07 6.439294750000000771e-07 -9.650639999999999389e-07 1.783230648508525196e+00
1.617500000000000071e+01 -9.566280000000000082e-07 6.373310649999999491e-07 -9.566280000000000082e-07 1.780470638828935082e+00
1.619999999999999929e+01 -9.493659999999999793e-07 6.315513349999999861e-07 -9.493659999999999793e-07 1.777730630102664966e+00
1.622500000000000142e+01 -9.432969999999999532e-07 6.265648049999999802e-07 -9.432969999999999532e-07 1.774990622321195088e+00
1.625000000000000000e+01 -9.384419999999999802e-07 6.223490899999999391e-07 -9.384419999999999802e-07 1.772260615478910006e+00
1.627499999999999858e+01 -9.348220000000000047e-07 6.188829800000000039e-07 -9.348220000000000047e-07 1.769530609571020152e+00
1.630000000000000071e+01 -9.324589999999999987e-07 6.161505000000000353e-07 -9.324589999999999987e-07 1.766820604597500122e+00
1.632499999999999929e+01 -9.313769999999999894e-07 6.141368999999999967e-07 -9.313769999999999894e-07 1.764110600559100073e+00
1.635000000000000142e+01 -9.316019999999999533e-07 6.128369000000000049e-07 -9.316019999999999533e-07 1.761420597465100046e+00
1.637500000000000000e+01 -9.331610000000000006e-07 6.122475500000000526e-07 -9.331610000000000006e-07 1.758730595326449819e+00
1.639999999999999858e+01 -9.360829999999999787e-07 6.123723500000000247e-07 -9.360829999999999787e-07 1.756050594159650036e+00
1.642500000000000071e+01 -9.404009999999999516e-07 6.132223499999999827e-07 -9.404009999999999516e-07 1.753370593987650050e+00
1.644999999999999929e+01 -9.461490000000000107e-07 6.148140499999999585e-07 -9.461490000000000107e-07 1.750710594837949996e+00
1.647500000000000142e+01 -9.533640000000000128e-07 6.171726499999999913e-07 -9.533640000000000128e-07 1.748050596745350127e+00
1.650000000000000000e+01 -9.620840000000000538e-07 6.203270000000000198e-07 -9.620840000000000538e-07 1.745400599747000125e+00
1.652499999999999858e+01 -9.723519999999999443e-07 6.243124500000000563e-07 -9.723519999999999443e-07 1.742760603885550097e+00
1.655000000000000071e+01 -9.842100000000001025e-07 6.291752499999999482e-07 -9.842100000000001025e-07 1.740130609212749979e+00
1.657499999999999929e+01 -9.976989999999999661e-07 6.349621000000000103e-07 -9.976989999999999661e-07 1.737510615779900069e+00
1.660000000000000142e+01 -1.012879999999999948e-06 6.417297499999999565e-07 -1.012879999999999948e-06 1.734890623646250019e+00
1.662500000000000000e+01 -1.029779999999999947e-06 6.495383499999999752e-07 -1.029779999999999947e-06 1.732280632873649973e+00
1.664999999999999858e+01 -1.048459999999999953e-06 6.584509999999999448e-07 -1.048459999999999953e-06 1.729680643525000061e+00
1.667500000000000071e+01 -1.068970000000000075e-06 6.685375499999999829e-07 -1.068970000000000075e-06 1.727090655668449992e+00
1.669999999999999929e+01 -1.091349999999999936e-06 6.798695999999999908e-07 -1.091349999999999936e-06 1.724500669372399875e+00
1.672500000000000142e+01 -1.115640000000000003e-06 6.925212400000000081e-07 -1.115640000000000003e-06 1.721920684706759852e+00
1.675000000000000000e+01 -1.141910000000000092e-06 7.065685600000000241e-07 -1.141910000000000092e-06 1.719350701741440002e+00
1.677499999999999858e+01 -1.170170000000000055e-06 7.220862499999999256e-07 -1.170170000000000055e-06 1.716790720543750037e+00
1.680000000000000071e+01 -1.200489999999999919e-06 7.391526949999999802e-07 -1.200489999999999919e-06 1.714240741183304939e+00
1.682499999999999929e+01 -1.232890000000000024e-06 7.578409249999999824e-07 -1.232890000000000024e-06 1.711690763723074937e+00
1.685000000000000142e+01 -1.267409999999999991e-06 7.782255999999999220e-07 -1.267409999999999991e-06 1.709150788226399875e+00
1.687500000000000000e+01 -1.304069999999999950e-06 8.003749499999999694e-07 -1.304069999999999950e-06 1.706620814749050030e+00
1.689999999999999858e+01 -1.342890000000000029e-06 8.243558499999999324e-07 -1.342890000000000029e-06 1.704090843344150175e+00
1.692500000000000071e+01 -1.383899999999999998e-06 8.502285500000000447e-07 -1.383899999999999998e-06 1.701570874057450000e+00
1.694999999999999929e+01 -1.427109999999999919e-06 8.780488500000000678e-07 -1.427109999999999919e-06 1.699060906929150017e+00
1.697500000000000142e+01 -1.472509999999999942e-06 9.078649999999999043e-07 -1.472509999999999942e-06 1.696560941991000160e+00
1.700000000000000000e+01 -1.520100000000000066e-06 9.397195999999999254e-07 -1.520100000000000066e-06 1.694070979268399890e+00
1.702499999999999858e+01 -1.569880000000000079e-06 9.736445499999999105e-07 -1.569880000000000079e-06 1.691581018775450085e+00
1.705000000000000071e+01 -1.621820000000000000e-06 1.009663149999999995e-06 -1.621820000000000000e-06 1.689101060516849939e+00
1.707499999999999929e+01 -1.675890000000000060e-06 1.047790850000000000e-06 -1.675890000000000060e-06 1.686631104489149990e+00
1.710000000000000142e+01 -1.732060000000000066e-06 1.088037299999999994e-06 -1.732060000000000066e-06 1.684161150682700114e+00
1.712500000000000000e+01 -1.790270000000000056e-06 1.130402250000000126e-06 -1.790270000000000056e-06 1.681701199077749953e+00
1.714999999999999858e+01 -1.850490000000000048e-06 1.174855650000000023e-06 -1.850490000000000048e-06 1.679251249624349906e+00
1.717500000000000071e+01 -1.912630000000000101e-06 1.221377399999999828e-06 -1.912630000000000101e-06 1.676811302282599891e+00
1.719999999999999929e+01 -1.976629999999999827e-06 1.269937400000000046e-06 -1.976629999999999827e-06 1.674371357002599980e+00
1.722500000000000142e+01 -2.042400000000000130e-06 1.320475549999999928e-06 -2.042400000000000130e-06 1.671941413704449930e+00
1.725000000000000000e+01 -2.109849999999999798e-06 1.372941549999999969e-06 -2.109849999999999798e-06 1.669521472318449939e+00
1.727499999999999858e+01 -2.178870000000000028e-06 1.427255000000000110e-06 -2.178870000000000028e-06 1.667101532745000059e+00
1.730000000000000071e+01 -2.249370000000000031e-06 1.483335500000000081e-06 -2.249370000000000031e-06 1.664691594884500025e+00
1.732499999999999929e+01 -2.321210000000000177e-06 1.541102000000000005e-06 -2.321210000000000177e-06 1.662291658638000102e+00
1.735000000000000142e+01 -2.394279999999999970e-06 1.600433500000000141e-06 -2.394279999999999970e-06 1.659891723866500080e+00
1.737500000000000000e+01 -2.468429999999999929e-06 1.661218999999999968e-06 -2.468429999999999929e-06 1.657511790440999944e+00
1.739999999999999858e+01 -2.543520000000000001e-06 1.723346499999999993e-06 -2.543520000000000001e-06 1.655121858233499887e+00
1.742500000000000071e+01 -2.619410000000000134e-06 1.786684000000000172e-06 -2.619410000000000134e-06 1.652751927096000051e+00
1.744999999999999929e+01 -2.695940000000000145e-06 1.851079000000000213e-06 -2.695940000000000145e-06 1.650381996861000067e+00
1.747500000000000142e+01 -2.772949999999999853e-06 1.916388499999999770e-06 -2.772949999999999853e-06 1.648022067371500032e+00
1.750000000000000000e+01 -2.850270000000000071e-06 1.982459500000000124e-06 -2.850270000000000071e-06 1.645672138460499978e+00
1.752499999999999858e+01 -2.927740000000000195e-06 2.049118500000000191e-06 -2.927740000000000195e-06 1.643322209941499912e+00
1.755000000000000071e+01 -3.005170000000000062e-06 2.116210499999999718e-06 -3.005170000000000062e-06 1.640982281649500107e+00
1.757499999999999929e+01 -3.082399999999999914e-06 2.183561499999999829e-06 -3.082399999999999914e-06 1.638642353398500173e+00
1.760000000000000142e+01 -3.159240000000000012e-06 2.250996499999999718e-06 -3.159240000000000012e-06 1.636322425003500003e+00
1.762500000000000000e+01 -3.235510000000000045e-06 2.318328999999999636e-06 -3.235510000000000045e-06 1.633992496270999961e+00
1.764999999999999858e+01 -3.311039999999999981e-06 2.385372999999999955e-06 -3.311039999999999981e-06 1.631682567007000095e+00
1.767500000000000071e+01 -3.385640000000000080e-06 2.451961999999999785e-06 -3.385640000000000080e-06 1.629372637037999949e+00
1.769999999999999929e+01 -3.459130000000000032e-06 2.517899499999999947e-06 -3.459130000000000032e-06 1.627072706160499926e+00
1.772500000000000142e+01 -3.531339999999999803e-06 2.583016499999999802e-06 -3.531339999999999803e-06 1.624782774203499924e+00
1.775000000000000000e+01 -3.602089999999999931e-06 2.647116000000000051e-06 -3.602089999999999931e-06 1.622492840964000038e+00
1.777499999999999858e+01 -3.671189999999999828e-06 2.710038499999999786e-06 -3.671189999999999828e-06 1.620212906281499832e+00
1.780000000000000071e+01 -3.738499999999999866e-06 2.771585500000000198e-06 -3.738499999999999866e-06 1.617932969954500200e+00
1.782499999999999929e+01 -3.803840000000000159e-06 2.831597000000000259e-06 -3.803840000000000159e-06 1.615663031823000084e+00
1.785000000000000142e+01 -3.867049999999999677e-06 2.889912999999999786e-06 -3.867049999999999677e-06 1.613403091726999916e+00
1.787500000000000000e+01 -3.927979999999999787e-06 2.946362999999999898e-06 -3.927979999999999787e-06 1.611143149497000104e+00
1.789999999999999858e+01 -3.986480000000000159e-06 3.000796000000000026e-06 -3.986480000000000159e-06 1.608893204983999903e+00
1.792500000000000071e+01 -4.042410000000000316e-06 3.053060999999999601e-06 -4.042410000000000316e-06 1.606653258038999832e+00
1.794999999999999929e+01 -4.095629999999999783e-06 3.103015999999999786e-06 -4.095629999999999783e-06 1.604413308523999993e+00
1.797500000000000142e+01 -4.146030000000000181e-06 3.150529000000000325e-06 -4.146030000000000181e-06 1.602183356310999951e+00
1.800000000000000000e+01 -4.193489999999999893e-06 3.195467499999999996e-06 -4.193489999999999893e-06 1.599953401272500075e+00
1.802499999999999858e+01 -4.237889999999999840e-06 3.237729000000000100e-06 -4.237889999999999840e-06 1.597733443311000201e+00
1.805000000000000071e+01 -4.279139999999999657e-06 3.277200000000000149e-06 -4.279139999999999657e-06 1.595523482319999964e+00
1.807499999999999929e+01 -4.317149999999999823e-06 3.313778000000000174e-06 -4.317149999999999823e-06 1.593313518201999957e+00
1.810000000000000142e+01 -4.351829999999999972e-06 3.347378999999999973e-06 -4.351829999999999972e-06 1.591113550880999927e+00
1.812500000000000000e+01 -4.383129999999999995e-06 3.377938999999999898e-06 -4.383129999999999995e-06 1.588923580301000005e+00
1.814999999999999858e+01 -4.410960000000000370e-06 3.405374000000000169e-06 -4.410960000000000370e-06 1.586733606386000028e+00
1.817500000000000071e+01 -4.435279999999999995e-06 3.429670500000000098e-06 -4.435279999999999995e-06 1.584553629129499930e+00
1.819999999999999929e+01 -4.456060000000000159e-06 3.450713499999999687e-06 -4.456060000000000159e-06 1.582373648426500079e+00
1.822500000000000142e+01 -4.473300000000000014e-06 3.468468499999999994e-06 -4.473300000000000014e-06 1.580203664251500051e+00
1.825000000000000000e+01 -4.486900000000000189e-06 3.482971499999999895e-06 -4.486900000000000189e-06 1.578043676648500204e+00
1.827499999999999858e+01 -4.496890000000000240e-06 3.494177500000000055e-06 -4.496890000000000240e-06 1.575883685582500027e+00
1.830000000000000071e+01 -4.503260000000000317e-06 3.502081500000000124e-06 -4.503260000000000317e-06 1.573723691058499963e+00
1.832499999999999929e+01 -4.506030000000000122e-06 3.506689000000000147e-06 -4.506030000000000122e-06 1.571583693090999878e+00
1.835000000000000142e+01 -4.505210000000000357e-06 3.508025499999999876e-06 -4.505210000000000357e-06 1.569443691714500044e+00
1.837500000000000000e+01 -4.500819999999999879e-06 3.506096000000000084e-06 -4.500819999999999879e-06 1.567303686944000018e+00
1.839999999999999858e+01 -4.492909999999999645e-06 3.500944999999999987e-06 -4.492909999999999645e-06 1.565173678834999915e+00
1.842500000000000071e+01 -4.481500000000000206e-06 3.492608500000000156e-06 -4.481500000000000206e-06 1.563053667431500093e+00
1.844999999999999929e+01 -4.466659999999999684e-06 3.481151500000000055e-06 -4.466659999999999684e-06 1.560933652808499827e+00
1.847500000000000142e+01 -4.448449999999999735e-06 3.466608999999999592e-06 -4.448449999999999735e-06 1.558823635011000075e+00
1.850000000000000000e+01 -4.426919999999999621e-06 3.449077000000000147e-06 -4.426919999999999621e-06 1.556713614143000024e+00
1.852499999999999858e+01 -4.402149999999999857e-06 3.428579999999999960e-06 -4.402149999999999857e-06 1.554613590240000010e+00
1.855000000000000071e+01 -4.374229999999999961e-06 3.405253999999999822e-06 -4.374229999999999961e-06 1.552513563446000111e+00
1.857499999999999929e+01 -4.343239999999999602e-06 3.379164499999999739e-06 -4.343239999999999602e-06 1.550433533835499977e+00
1.860000000000000142e+01 -4.309260000000000141e-06 3.350397500000000392e-06 -4.309260000000000141e-06 1.548343501502499997e+00
1.862500000000000000e+01 -4.272399999999999955e-06 3.319048500000000076e-06 -4.272399999999999955e-06 1.546263466551500043e+00
1.864999999999999858e+01 -4.232760000000000111e-06 3.285223500000000023e-06 -4.232760000000000111e-06 1.544193429096500036e+00
1.867500000000000071e+01 -4.190439999999999981e-06 3.249039499999999862e-06 -4.190439999999999981e-06 1.542123389260499966e+00
1.869999999999999929e+01 -4.145549999999999637e-06 3.210581499999999611e-06 -4.145549999999999637e-06 1.540063347138499905e+00
1.872500000000000142e+01 -4.098209999999999849e-06 3.169977000000000143e-06 -4.098209999999999849e-06 1.538013302863000087e+00
1.875000000000000000e+01 -4.048529999999999844e-06 3.127342000000000000e-06 -4.048529999999999844e-06 1.535953256557999858e+00
1.877499999999999858e+01 -3.996630000000000392e-06 3.082783000000000110e-06 -3.996630000000000392e-06 1.533913208337000178e+00
1.880000000000000071e+01 -3.942629999999999723e-06 3.036428000000000195e-06 -3.942629999999999723e-06 1.531873158331999996e+00
1.882499999999999929e+01 -3.886650000000000303e-06 2.988393000000000070e-06 -3.886650000000000303e-06 1.529843106667000185e+00
1.885000000000000142e+01 -3.828810000000000362e-06 2.938795499999999907e-06 -3.828810000000000362e-06 1.527813053464499804e+00
1.887500000000000000e+01 -3.769240000000000101e-06 2.887763500000000274e-06 -3.769240000000000101e-06 1.525782998856499928e+00
1.889999999999999858e+01 -3.708059999999999866e-06 2.835413499999999835e-06 -3.708059999999999866e-06 1.523762942966500056e+00
1.892500000000000071e+01 -3.645390000000000007e-06 2.781853999999999997e-06 -3.645390000000000007e-06 1.521752885905999886e+00
1.894999999999999929e+01 -3.581350000000000024e-06 2.727222999999999909e-06 -3.581350000000000024e-06 1.519742827816999986e+00
1.897500000000000142e+01 -3.516070000000000117e-06 2.671627899999999954e-06 -3.516070000000000117e-06 1.517742768812100129e+00
1.900000000000000000e+01 -3.449670000000000211e-06 2.615177400000000146e-06 -3.449670000000000211e-06 1.515742709002600108e+00
1.902499999999999858e+01 -3.382259999999999953e-06 2.557989800000000172e-06 -3.382259999999999953e-06 1.513752648510199972e+00
1.905000000000000071e+01 -3.313960000000000116e-06 2.500183600000000021e-06 -3.313960000000000116e-06 1.511772587456400085e+00
1.907499999999999929e+01 -3.244879999999999924e-06 2.441847450000000032e-06 -3.244879999999999924e-06 1.509792525932549978e+00
1.910000000000000142e+01 -3.175140000000000147e-06 2.383100249999999952e-06 -3.175140000000000147e-06 1.507812464059750113e+00
1.912500000000000000e+01 -3.104850000000000012e-06 2.324040899999999821e-06 -3.104850000000000012e-06 1.505842401939100128e+00
1.914999999999999858e+01 -3.034099999999999885e-06 2.264758550000000099e-06 -3.034099999999999885e-06 1.503872339661449953e+00
1.917500000000000071e+01 -2.962999999999999837e-06 2.205352399999999797e-06 -2.962999999999999837e-06 1.501912277327600131e+00
1.919999999999999929e+01 -2.891659999999999941e-06 2.145911900000000040e-06 -2.891659999999999941e-06 1.499962215028100010e+00
1.922500000000000142e+01 -2.820150000000000011e-06 2.086516499999999981e-06 -2.820150000000000011e-06 1.498012152843499978e+00
1.925000000000000000e+01 -2.748589999999999971e-06 2.027245799999999956e-06 -2.748589999999999971e-06 1.496062090854199944e+00
1.927499999999999858e+01 -2.677040000000000207e-06 1.968209600000000157e-06 -2.677040000000000207e-06 1.494122029170399824e+00
1.930000000000000071e+01 -2.605600000000000091e-06 1.909417649999999742e-06 -2.605600000000000091e-06 1.492181967802350018e+00
1.932499999999999929e+01 -2.534339999999999862e-06 1.850959949999999924e-06 -2.534339999999999862e-06 1.490251906840050156e+00
1.935000000000000142e+01 -2.463340000000000034e-06 1.792906600000000033e-06 -2.463340000000000034e-06 1.488331846353399879e+00
1.937500000000000000e+01 -2.392660000000000145e-06 1.735297650000000086e-06 -2.392660000000000145e-06 1.486411786382350053e+00
1.939999999999999858e+01 -2.322370000000000010e-06 1.678203399999999925e-06 -2.322370000000000010e-06 1.484491726996600036e+00
1.942500000000000071e+01 -2.252530000000000014e-06 1.621644150000000133e-06 -2.252530000000000014e-06 1.482581668215849913e+00
1.944999999999999929e+01 -2.183189999999999845e-06 1.565670299999999940e-06 -2.183189999999999845e-06 1.480681610089700007e+00
1.947500000000000142e+01 -2.114409999999999886e-06 1.510312349999999872e-06 -2.114409999999999886e-06 1.478781552647649988e+00
1.950000000000000000e+01 -2.046229999999999973e-06 1.455600849999999997e-06 -2.046229999999999973e-06 1.476881495919150078e+00
1.952499999999999858e+01 -1.978680000000000087e-06 1.401546449999999987e-06 -1.978680000000000087e-06 1.474991439913549973e+00
1.955000000000000071e+01 -1.911820000000000188e-06 1.348169849999999967e-06 -1.911820000000000188e-06 1.473101384650150170e+00
1.957499999999999929e+01 -1.845659999999999918e-06 1.295471849999999874e-06 -1.845659999999999918e-06 1.471221330128150040e+00
1.960000000000000142e+01 -1.780229999999999894e-06 1.243453200000000101e-06 -1.780229999999999894e-06 1.469341276346800118e+00
1.962500000000000000e+01 -1.715560000000000097e-06 1.192114799999999888e-06 -1.715560000000000097e-06 1.467471223305200079e+00
1.964999999999999858e+01 -1.651659999999999955e-06 1.141447650000000045e-06 -1.651659999999999955e-06 1.465611170992350054e+00
1.967500000000000071e+01 -1.588539999999999956e-06 1.091412749999999921e-06 -1.588539999999999956e-06 1.463741119367250043e+00
1.969999999999999929e+01 -1.526209999999999953e-06 1.041991150000000018e-06 -1.526209999999999953e-06 1.461891068408849970e+00
1.972500000000000142e+01 -1.464680000000000010e-06 9.931639499999999628e-07 -1.464680000000000010e-06 1.460031018096049849e+00
1.975000000000000000e+01 -1.403929999999999999e-06 9.448633499999999810e-07 -1.403929999999999999e-06 1.458180968358649965e+00
1.977499999999999858e+01 -1.343969999999999984e-06 8.970516000000000359e-07 -1.343969999999999984e-06 1.456340919156400071e+00
1.980000000000000071e+01 -1.284780000000000047e-06 8.496659500000000367e-07 -1.284780000000000047e-06 1.454500870424049852e+00
1.982499999999999929e+01 -1.226340000000000061e-06 8.026337499999999790e-07 -1.226340000000000061e-06 1.452670822086249869e+00
1.985000000000000142e+01 -1.168639999999999961e-06 7.558774499999999774e-07 -1.168639999999999961e-06 1.450840774062549965e+00
1.987500000000000000e+01 -1.111649999999999978e-06 7.093055499999999414e-07 -1.111649999999999978e-06 1.449010726258449955e+00
1.989999999999999858e+01 -1.055330000000000067e-06 6.628154999999999307e-07 -1.055330000000000067e-06 1.447190678568500033e+00
1.992500000000000071e+01 -9.996629999999999697e-07 6.162959500000000586e-07 -9.996629999999999697e-07 1.445380630878050132e+00
1.994999999999999929e+01 -9.445949999999999956e-07 5.696127499999999996e-07 -9.445949999999999956e-07 1.443570583049250011e+00
1.997500000000000142e+01 -8.901030000000000395e-07 5.226601999999999277e-07 -8.901030000000000395e-07 1.441760534973799857e+00
2.000000000000000000e+01 -8.360859999999999602e-07 4.751783000000000245e-07 -8.360859999999999602e-07 1.439960486385699845e+00
