# raxis[fm], SN, VN, SP, VP [MeV]
0.000000000000000000e+00 -4.464639999999999986e+02 3.683777200000000107e+02 -4.464639999999999986e+02 3.748494799999999714e+02
2.500000000000000139e-02 -4.464639999999999986e+02 3.683777200000000107e+02 -4.464639999999999986e+02 3.748494799999999714e+02
5.000000000000000278e-02 -4.461190000000000282e+02 3.678430299999999988e+02 -4.461190000000000282e+02 3.743195699999999988e+02
7.499999999999999722e-02 -4.459239999999999782e+02 3.676552350000000047e+02 -4.459239999999999782e+02 3.741324649999999679e+02
1.000000000000000056e-01 -4.456569999999999823e+02 3.674062049999999999e+02 -4.456569999999999823e+02 3.738841950000000338e+02
1.250000000000000000e-01 -4.453299999999999841e+02 3.671130249999999933e+02 -4.453299999999999841e+02 3.735917749999999842e+02
1.499999999999999944e-01 -4.449359999999999786e+02 3.667636300000000347e+02 -4.449359999999999786e+02 3.732432699999999954e+02
1.749999999999999889e-01 -4.444759999999999991e+02 3.663580350000000294e+02 -4.444759999999999991e+02 3.728385650000000169e+02
2.000000000000000111e-01 -4.439499999999999886e+02 3.658962249999999585e+02 -4.439499999999999886e+02 3.723776750000000106e+02
2.250000000000000056e-01 -4.433609999999999900e+02 3.653782199999999989e+02 -4.433609999999999900e+02 3.718606800000000590e+02
2.500000000000000000e-01 -4.427040000000000077e+02 3.648050200000000132e+02 -4.427040000000000077e+02 3.712885799999999676e+02
2.750000000000000222e-01 -4.419909999999999854e+02 3.641786399999999730e+02 -4.419909999999999854e+02 3.706632599999999798e+02
2.999999999999999889e-01 -4.412189999999999941e+02 3.635000949999999875e+02 -4.412189999999999941e+02 3.699858049999999707e+02
3.250000000000000111e-01 -4.403899999999999864e+02 3.627713999999999714e+02 -4.403899999999999864e+02 3.692581000000000131e+02
3.499999999999999778e-01 -4.395070000000000050e+02 3.619915500000000179e+02 -4.395070000000000050e+02 3.684792499999999791e+02
3.750000000000000000e-01 -4.385749999999999886e+02 3.611686000000000263e+02 -4.385749999999999886e+02 3.676571999999999889e+02
4.000000000000000222e-01 -4.375910000000000082e+02 3.603025549999999839e+02 -4.375910000000000082e+02 3.667918450000000234e+02
4.249999999999999889e-01 -4.365590000000000259e+02 3.593954249999999888e+02 -4.365590000000000259e+02 3.658852750000000356e+02
4.500000000000000111e-01 -4.354859999999999900e+02 3.584492400000000316e+02 -4.354859999999999900e+02 3.649393600000000220e+02
4.749999999999999778e-01 -4.343720000000000141e+02 3.574670150000000035e+02 -4.343720000000000141e+02 3.639571849999999813e+02
5.000000000000000000e-01 -4.332230000000000132e+02 3.564517799999999852e+02 -4.332230000000000132e+02 3.629417199999999752e+02
5.250000000000000222e-01 -4.320389999999999873e+02 3.554055599999999799e+02 -4.320389999999999873e+02 3.618949399999999628e+02
5.500000000000000444e-01 -4.308260000000000218e+02 3.543323699999999690e+02 -4.308260000000000218e+02 3.608208300000000008e+02
5.749999999999999556e-01 -4.295869999999999891e+02 3.532352449999999635e+02 -4.295869999999999891e+02 3.597222550000000183e+02
5.999999999999999778e-01 -4.283249999999999886e+02 3.521162100000000237e+02 -4.283249999999999886e+02 3.586012900000000059e+02
6.250000000000000000e-01 -4.270430000000000064e+02 3.509792899999999918e+02 -4.270430000000000064e+02 3.574620099999999638e+02
6.500000000000000222e-01 -4.257470000000000141e+02 3.498275199999999927e+02 -4.257470000000000141e+02 3.563071799999999598e+02
6.750000000000000444e-01 -4.244379999999999882e+02 3.486639199999999619e+02 -4.244379999999999882e+02 3.551398800000000051e+02
6.999999999999999556e-01 -4.231220000000000141e+02 3.474915299999999547e+02 -4.231220000000000141e+02 3.539630700000000161e+02
7.249999999999999778e-01 -4.218020000000000209e+02 3.463143699999999967e+02 -4.218020000000000209e+02 3.527807300000000623e+02
7.500000000000000000e-01 -4.204809999999999945e+02 3.451324749999999995e+02 -4.204809999999999945e+02 3.515928250000000048e+02
7.750000000000000222e-01 -4.191630000000000109e+02 3.439558799999999792e+02 -4.191630000000000109e+02 3.504093200000000365e+02
8.000000000000000444e-01 -4.178530000000000086e+02 3.427825849999999832e+02 -4.178530000000000086e+02 3.492282149999999774e+02
8.249999999999999556e-01 -4.165529999999999973e+02 3.416186800000000403e+02 -4.165529999999999973e+02 3.480555200000000013e+02
8.499999999999999778e-01 -4.152669999999999959e+02 3.404651600000000258e+02 -4.152669999999999959e+02 3.468920399999999518e+02
8.750000000000000000e-01 -4.140000000000000000e+02 3.393270600000000172e+02 -4.140000000000000000e+02 3.457429400000000328e+02
9.000000000000000222e-01 -4.127529999999999859e+02 3.382064100000000053e+02 -4.127529999999999859e+02 3.446100899999999569e+02
9.250000000000000444e-01 -4.115310000000000059e+02 3.371052500000000123e+02 -4.115310000000000059e+02 3.434954500000000053e+02
9.499999999999999556e-01 -4.103369999999999891e+02 3.360285999999999831e+02 -4.103369999999999891e+02 3.424040999999999713e+02
9.749999999999999778e-01 -4.091739999999999782e+02 3.349774949999999762e+02 -4.091739999999999782e+02 3.413368049999999698e+02
1.000000000000000000e+00 -4.080450000000000159e+02 3.339559699999999793e+02 -4.080450000000000159e+02 3.402977300000000014e+02
1.024999999999999911e+00 -4.069519999999999982e+02 3.329670500000000288e+02 -4.069519999999999982e+02 3.392898500000000013e+02
1.050000000000000044e+00 -4.058990000000000009e+02 3.320107600000000048e+02 -4.058990000000000009e+02 3.383130399999999440e+02
1.074999999999999956e+00 -4.048879999999999768e+02 3.310921349999999848e+02 -4.048879999999999768e+02 3.373722649999999703e+02
1.100000000000000089e+00 -4.039220000000000255e+02 3.302122049999999831e+02 -4.039220000000000255e+02 3.364684950000000185e+02
1.125000000000000000e+00 -4.030009999999999764e+02 3.293719849999999951e+02 -4.030009999999999764e+02 3.356028149999999641e+02
1.149999999999999911e+00 -4.021299999999999955e+02 3.285755149999999958e+02 -4.021299999999999955e+02 3.347791849999999840e+02
1.175000000000000044e+00 -4.013079999999999927e+02 3.278228100000000040e+02 -4.013079999999999927e+02 3.339974899999999707e+02
1.199999999999999956e+00 -4.005380000000000109e+02 3.271168949999999995e+02 -4.005380000000000109e+02 3.332607049999999731e+02
1.225000000000000089e+00 -3.998220000000000027e+02 3.264567949999999996e+02 -3.998220000000000027e+02 3.325679050000000530e+02
1.250000000000000000e+00 -3.991600000000000250e+02 3.258465300000000298e+02 -3.991600000000000250e+02 3.319229699999999639e+02
1.274999999999999911e+00 -3.985529999999999973e+02 3.252851200000000063e+02 -3.985529999999999973e+02 3.313249799999999823e+02
1.300000000000000044e+00 -3.980029999999999859e+02 3.247745850000000019e+02 -3.980029999999999859e+02 3.307758150000000228e+02
1.324999999999999956e+00 -3.975079999999999814e+02 3.243139449999999897e+02 -3.975079999999999814e+02 3.302745550000000208e+02
1.350000000000000089e+00 -3.970710000000000264e+02 3.239052049999999667e+02 -3.970710000000000264e+02 3.298230949999999666e+02
1.375000000000000000e+00 -3.966899999999999977e+02 3.235473949999999945e+02 -3.966899999999999977e+02 3.294205050000000483e+02
1.399999999999999911e+00 -3.963670000000000186e+02 3.232405150000000162e+02 -3.963670000000000186e+02 3.290667850000000385e+02
1.425000000000000044e+00 -3.960989999999999895e+02 3.229845800000000509e+02 -3.960989999999999895e+02 3.287617200000000253e+02
1.449999999999999956e+00 -3.958860000000000241e+02 3.227796000000000163e+02 -3.958860000000000241e+02 3.285055999999999585e+02
1.475000000000000089e+00 -3.957280000000000086e+02 3.226245900000000120e+02 -3.957280000000000086e+02 3.282972099999999500e+02
1.500000000000000000e+00 -3.956240000000000236e+02 3.225185449999999605e+02 -3.956240000000000236e+02 3.281355550000000108e+02
1.524999999999999911e+00 -3.955720000000000027e+02 3.224634800000000041e+02 -3.955720000000000027e+02 3.280227100000000178e+02
1.550000000000000044e+00 -3.955690000000000168e+02 3.224514149999999972e+02 -3.955690000000000168e+02 3.279506149999999707e+02
1.574999999999999956e+00 -3.956150000000000091e+02 3.224873049999999921e+02 -3.956150000000000091e+02 3.279243149999999787e+02
1.600000000000000089e+00 -3.957080000000000268e+02 3.225651700000000233e+02 -3.957080000000000268e+02 3.279377799999999752e+02
1.625000000000000000e+00 -3.958450000000000273e+02 3.226830199999999991e+02 -3.958450000000000273e+02 3.279890100000000075e+02
1.649999999999999911e+00 -3.960240000000000009e+02 3.228418450000000348e+02 -3.960240000000000009e+02 3.280790049999999951e+02
1.675000000000000044e+00 -3.962420000000000186e+02 3.230386399999999867e+02 -3.962420000000000186e+02 3.282047800000000279e+02
1.699999999999999956e+00 -3.964959999999999809e+02 3.232703849999999761e+02 -3.964959999999999809e+02 3.283633350000000064e+02
1.725000000000000089e+00 -3.967839999999999918e+02 3.235330950000000030e+02 -3.967839999999999918e+02 3.285506750000000125e+02
1.750000000000000000e+00 -3.971019999999999754e+02 3.238287550000000010e+02 -3.971019999999999754e+02 3.287688049999999862e+02
1.774999999999999911e+00 -3.974470000000000027e+02 3.241503400000000283e+02 -3.974470000000000027e+02 3.290107399999999984e+02
1.800000000000000044e+00 -3.978149999999999977e+02 3.244968499999999949e+02 -3.978149999999999977e+02 3.292754899999999907e+02
1.824999999999999956e+00 -3.982040000000000077e+02 3.248652649999999653e+02 -3.982040000000000077e+02 3.295600750000000403e+02
1.850000000000000089e+00 -3.986080000000000041e+02 3.252515649999999710e+02 -3.986080000000000041e+02 3.298604949999999576e+02
1.875000000000000000e+00 -3.990240000000000009e+02 3.256527300000000196e+02 -3.990240000000000009e+02 3.301737900000000536e+02
1.899999999999999911e+00 -3.994490000000000123e+02 3.260657499999999800e+02 -3.994490000000000123e+02 3.304969499999999698e+02
1.925000000000000044e+00 -3.998779999999999859e+02 3.264865950000000225e+02 -3.998779999999999859e+02 3.308260149999999840e+02
1.949999999999999956e+00 -4.003070000000000164e+02 3.269122399999999971e+02 -4.003070000000000164e+02 3.311580000000000155e+02
1.975000000000000089e+00 -4.007320000000000277e+02 3.273396700000000124e+02 -4.007320000000000277e+02 3.314899300000000153e+02
2.000000000000000000e+00 -4.011490000000000009e+02 3.277638499999999908e+02 -4.011490000000000009e+02 3.318168300000000386e+02
2.024999999999999911e+00 -4.015520000000000209e+02 3.281827549999999860e+02 -4.015520000000000209e+02 3.321367250000000126e+02
2.049999999999999822e+00 -4.019390000000000214e+02 3.285913550000000214e+02 -4.019390000000000214e+02 3.324446449999999800e+02
2.075000000000000178e+00 -4.023050000000000068e+02 3.289866250000000036e+02 -4.023050000000000068e+02 3.327376049999999736e+02
2.100000000000000089e+00 -4.026440000000000055e+02 3.293655099999999720e+02 -4.026440000000000055e+02 3.330126700000000142e+02
2.125000000000000000e+00 -4.029540000000000077e+02 3.297230050000000006e+02 -4.029540000000000077e+02 3.332648350000000050e+02
2.149999999999999911e+00 -4.032300000000000182e+02 3.300560600000000022e+02 -4.032300000000000182e+02 3.334911500000000615e+02
2.174999999999999822e+00 -4.034660000000000082e+02 3.303606399999999894e+02 -4.034660000000000082e+02 3.336876599999999939e+02
2.200000000000000178e+00 -4.036600000000000250e+02 3.306327050000000440e+02 -4.036600000000000250e+02 3.338503850000000170e+02
2.225000000000000089e+00 -4.038059999999999832e+02 3.308702150000000302e+02 -4.038059999999999832e+02 3.339773849999999698e+02
2.250000000000000000e+00 -4.039019999999999868e+02 3.310691250000000423e+02 -4.039019999999999868e+02 3.340646849999999972e+02
2.274999999999999911e+00 -4.039409999999999741e+02 3.312244099999999776e+02 -4.039409999999999741e+02 3.341073200000000156e+02
2.299999999999999822e+00 -4.039220000000000255e+02 3.313339900000000284e+02 -4.039220000000000255e+02 3.341033699999999840e+02
2.325000000000000178e+00 -4.038389999999999986e+02 3.313948399999999879e+02 -4.038389999999999986e+02 3.340498600000000238e+02
2.350000000000000089e+00 -4.036890000000000214e+02 3.314019099999999867e+02 -4.036890000000000214e+02 3.339418299999999817e+02
2.375000000000000000e+00 -4.034680000000000177e+02 3.313531450000000405e+02 -4.034680000000000177e+02 3.337773449999999684e+02
2.399999999999999911e+00 -4.031739999999999782e+02 3.312455099999999675e+02 -4.031739999999999782e+02 3.335534399999999664e+02
2.424999999999999822e+00 -4.028009999999999877e+02 3.310759249999999838e+02 -4.028009999999999877e+02 3.332671949999999583e+02
2.450000000000000178e+00 -4.023480000000000132e+02 3.308413449999999898e+02 -4.023480000000000132e+02 3.329156549999999584e+02
2.475000000000000089e+00 -4.018100000000000023e+02 3.305377200000000357e+02 -4.018100000000000023e+02 3.324948699999999917e+02
2.500000000000000000e+00 -4.011850000000000023e+02 3.301639900000000125e+02 -4.011850000000000023e+02 3.320039100000000190e+02
2.524999999999999911e+00 -4.004710000000000036e+02 3.297170949999999721e+02 -4.004710000000000036e+02 3.314398149999999532e+02
2.549999999999999822e+00 -3.996639999999999873e+02 3.291949749999999995e+02 -3.996639999999999873e+02 3.308006649999999809e+02
2.575000000000000178e+00 -3.987629999999999768e+02 3.285935699999999997e+02 -3.987629999999999768e+02 3.300825200000000450e+02
2.600000000000000089e+00 -3.977640000000000100e+02 3.279118199999999774e+02 -3.977640000000000100e+02 3.292844400000000178e+02
2.625000000000000000e+00 -3.966659999999999968e+02 3.271486550000000193e+02 -3.966659999999999968e+02 3.284055050000000051e+02
2.649999999999999911e+00 -3.954669999999999845e+02 3.263000099999999861e+02 -3.954669999999999845e+02 3.274417599999999879e+02
2.674999999999999822e+00 -3.941639999999999873e+02 3.253658199999999852e+02 -3.941639999999999873e+02 3.263933000000000106e+02
2.700000000000000178e+00 -3.927579999999999814e+02 3.243430249999999546e+02 -3.927579999999999814e+02 3.252571749999999611e+02
2.725000000000000089e+00 -3.912459999999999809e+02 3.232315499999999702e+02 -3.912459999999999809e+02 3.240334599999999909e+02
2.750000000000000000e+00 -3.896270000000000095e+02 3.220293000000000347e+02 -3.896270000000000095e+02 3.227202599999999961e+02
2.774999999999999911e+00 -3.878999999999999773e+02 3.207342649999999935e+02 -3.878999999999999773e+02 3.213155950000000303e+02
2.799999999999999822e+00 -3.860649999999999977e+02 3.193463449999999852e+02 -3.860649999999999977e+02 3.198195549999999798e+02
2.825000000000000178e+00 -3.841209999999999809e+02 3.178654700000000162e+02 -3.841209999999999809e+02 3.182322300000000155e+02
2.850000000000000089e+00 -3.820670000000000073e+02 3.162895699999999692e+02 -3.820670000000000073e+02 3.165516900000000078e+02
2.875000000000000000e+00 -3.799049999999999727e+02 3.146175799999999754e+02 -3.799049999999999727e+02 3.147769900000000121e+02
2.899999999999999911e+00 -3.776329999999999814e+02 3.128504300000000171e+02 -3.776329999999999814e+02 3.129092299999999796e+02
2.924999999999999822e+00 -3.752520000000000095e+02 3.109880449999999996e+02 -3.752520000000000095e+02 3.109484750000000304e+02
2.950000000000000178e+00 -3.727629999999999768e+02 3.090303649999999607e+02 -3.727629999999999768e+02 3.088947949999999878e+02
2.975000000000000089e+00 -3.701659999999999968e+02 3.069763149999999996e+02 -3.701659999999999968e+02 3.067472749999999451e+02
3.000000000000000000e+00 -3.674630000000000223e+02 3.048258299999999963e+02 -3.674630000000000223e+02 3.045059800000000223e+02
3.024999999999999911e+00 -3.646539999999999964e+02 3.025808749999999918e+02 -3.646539999999999964e+02 3.021729450000000270e+02
3.049999999999999822e+00 -3.617400000000000091e+02 3.002413300000000049e+02 -3.617400000000000091e+02 2.997483200000000352e+02
3.075000000000000178e+00 -3.587239999999999895e+02 2.978081599999999867e+02 -3.587239999999999895e+02 2.972331200000000422e+02
3.100000000000000089e+00 -3.556059999999999945e+02 2.952812999999999874e+02 -3.556059999999999945e+02 2.946274399999999787e+02
3.125000000000000000e+00 -3.523890000000000100e+02 2.926636950000000184e+02 -3.523890000000000100e+02 2.919343250000000012e+02
3.149999999999999911e+00 -3.490740000000000123e+02 2.899562849999999798e+02 -3.490740000000000123e+02 2.891548549999999977e+02
3.174999999999999822e+00 -3.456639999999999873e+02 2.871590199999999982e+02 -3.456639999999999873e+02 2.862890799999999558e+02
3.200000000000000178e+00 -3.421610000000000014e+02 2.842738449999999943e+02 -3.421610000000000014e+02 2.833390650000000051e+02
3.225000000000000089e+00 -3.385679999999999836e+02 2.813037100000000237e+02 -3.385679999999999836e+02 2.803078699999999799e+02
3.250000000000000000e+00 -3.348870000000000005e+02 2.782505749999999694e+02 -3.348870000000000005e+02 2.771975449999999910e+02
3.274999999999999911e+00 -3.311200000000000045e+02 2.751153849999999466e+02 -3.311200000000000045e+02 2.740091449999999895e+02
3.299999999999999822e+00 -3.272719999999999914e+02 2.719001099999999838e+02 -3.272719999999999914e+02 2.707447099999999978e+02
3.325000000000000178e+00 -3.233419999999999845e+02 2.686087099999999737e+02 -3.233419999999999845e+02 2.674083000000000538e+02
3.350000000000000089e+00 -3.193389999999999986e+02 2.652421549999999684e+02 -3.193389999999999986e+02 2.640009349999999699e+02
3.375000000000000000e+00 -3.152629999999999768e+02 2.618044150000000059e+02 -3.152629999999999768e+02 2.605266750000000116e+02
3.399999999999999911e+00 -3.111170000000000186e+02 2.582974600000000009e+02 -3.111170000000000186e+02 2.569875399999999672e+02
3.424999999999999822e+00 -3.069049999999999727e+02 2.547242750000000058e+02 -3.069049999999999727e+02 2.533865649999999903e+02
3.450000000000000178e+00 -3.026309999999999718e+02 2.510878450000000157e+02 -3.026309999999999718e+02 2.497267650000000003e+02
3.475000000000000089e+00 -2.982989999999999782e+02 2.473911499999999819e+02 -2.982989999999999782e+02 2.460111799999999960e+02
3.500000000000000000e+00 -2.939110000000000014e+02 2.436381849999999929e+02 -2.939110000000000014e+02 2.422438150000000121e+02
3.524999999999999911e+00 -2.894719999999999800e+02 2.398319400000000030e+02 -2.894719999999999800e+02 2.384276899999999841e+02
3.549999999999999822e+00 -2.849850000000000136e+02 2.359764349999999808e+02 -2.849850000000000136e+02 2.345667949999999848e+02
3.575000000000000178e+00 -2.804560000000000173e+02 2.320736650000000054e+02 -2.804560000000000173e+02 2.306631449999999859e+02
3.600000000000000089e+00 -2.758860000000000241e+02 2.281286349999999743e+02 -2.758860000000000241e+02 2.267217349999999954e+02
3.625000000000000000e+00 -2.712810000000000059e+02 2.241443649999999934e+02 -2.712810000000000059e+02 2.227455750000000023e+02
3.649999999999999911e+00 -2.666440000000000055e+02 2.201258699999999919e+02 -2.666440000000000055e+02 2.187396300000000053e+02
3.674999999999999822e+00 -2.619789999999999850e+02 2.160751750000000015e+02 -2.619789999999999850e+02 2.147059050000000013e+02
3.700000000000000178e+00 -2.572909999999999968e+02 2.119963100000000225e+02 -2.572909999999999968e+02 2.106483800000000031e+02
3.725000000000000089e+00 -2.525829999999999984e+02 2.078952999999999918e+02 -2.525829999999999984e+02 2.065730199999999854e+02
3.750000000000000000e+00 -2.478590000000000089e+02 2.037731949999999870e+02 -2.478590000000000089e+02 2.024807950000000005e+02
3.774999999999999911e+00 -2.431229999999999905e+02 1.996360249999999894e+02 -2.431229999999999905e+02 1.983776849999999854e+02
3.799999999999999822e+00 -2.383789999999999907e+02 1.954868349999999850e+02 -2.383789999999999907e+02 1.942666450000000111e+02
3.825000000000000178e+00 -2.336310000000000002e+02 1.913296799999999962e+02 -2.336310000000000002e+02 1.901516300000000115e+02
3.850000000000000089e+00 -2.288830000000000098e+02 1.871686100000000010e+02 -2.288830000000000098e+02 1.860366099999999960e+02
3.875000000000000000e+00 -2.241390000000000100e+02 1.830066799999999887e+02 -2.241390000000000100e+02 1.819245200000000011e+02
3.899999999999999911e+00 -2.194029999999999916e+02 1.788499500000000069e+02 -2.194029999999999916e+02 1.778213199999999858e+02
3.924999999999999822e+00 -2.146769999999999925e+02 1.746994849999999815e+02 -2.146769999999999925e+02 1.737279450000000054e+02
3.950000000000000178e+00 -2.099660000000000082e+02 1.705613500000000045e+02 -2.099660000000000082e+02 1.696503400000000283e+02
3.975000000000000089e+00 -2.052740000000000009e+02 1.664376149999999939e+02 -2.052740000000000009e+02 1.655904350000000136e+02
4.000000000000000000e+00 -2.006030000000000086e+02 1.623323550000000068e+02 -2.006030000000000086e+02 1.615521749999999770e+02
4.025000000000000355e+00 -1.959579999999999984e+02 1.582496349999999836e+02 -1.959579999999999984e+02 1.575394950000000165e+02
4.049999999999999822e+00 -1.913410000000000082e+02 1.541935450000000003e+02 -1.913410000000000082e+02 1.535563049999999805e+02
4.075000000000000178e+00 -1.867560000000000002e+02 1.501651500000000112e+02 -1.867560000000000002e+02 1.496035599999999874e+02
4.099999999999999645e+00 -1.822050000000000125e+02 1.461695400000000120e+02 -1.822050000000000125e+02 1.456861600000000010e+02
4.125000000000000000e+00 -1.776930000000000121e+02 1.422097899999999981e+02 -1.776930000000000121e+02 1.418070500000000038e+02
4.150000000000000355e+00 -1.732210000000000036e+02 1.382879900000000077e+02 -1.732210000000000036e+02 1.379681399999999769e+02
4.174999999999999822e+00 -1.687889999999999873e+02 1.344082200000000000e+02 -1.687889999999999873e+02 1.341733499999999992e+02
4.200000000000000178e+00 -1.644099999999999966e+02 1.305715600000000052e+02 -1.644099999999999966e+02 1.304236099999999965e+02
4.224999999999999645e+00 -1.600759999999999934e+02 1.267831050000000062e+02 -1.600759999999999934e+02 1.267238349999999940e+02
4.250000000000000000e+00 -1.557930000000000064e+02 1.230429349999999999e+02 -1.557930000000000064e+02 1.230739450000000090e+02
4.275000000000000355e+00 -1.515629999999999882e+02 1.193551350000000042e+02 -1.515629999999999882e+02 1.194778550000000052e+02
4.299999999999999822e+00 -1.473890000000000100e+02 1.157217899999999986e+02 -1.473890000000000100e+02 1.159374899999999968e+02
4.325000000000000178e+00 -1.432729999999999961e+02 1.121439850000000007e+02 -1.432729999999999961e+02 1.124537650000000042e+02
4.349999999999999645e+00 -1.392160000000000082e+02 1.086248050000000092e+02 -1.392160000000000082e+02 1.090296049999999894e+02
4.375000000000000000e+00 -1.352199999999999989e+02 1.051653350000000131e+02 -1.352199999999999989e+02 1.056659250000000014e+02
4.400000000000000355e+00 -1.312860000000000014e+02 1.017673499999999933e+02 -1.312860000000000014e+02 1.023643500000000017e+02
4.424999999999999822e+00 -1.274180000000000064e+02 9.843344000000000449e+01 -1.274180000000000064e+02 9.912730000000000530e+01
4.450000000000000178e+00 -1.236140000000000043e+02 9.516287499999999966e+01 -1.236140000000000043e+02 9.595390499999999179e+01
4.474999999999999645e+00 -1.198780000000000001e+02 9.195793500000000620e+01 -1.198780000000000001e+02 9.284628500000000884e+01
4.500000000000000000e+00 -1.162099999999999937e+02 8.881959499999999252e+01 -1.162099999999999937e+02 8.980526499999999146e+01
4.525000000000000355e+00 -1.126110000000000042e+02 8.574893000000000143e+01 -1.126110000000000042e+02 8.683179000000001224e+01
4.549999999999999822e+00 -1.090819999999999936e+02 8.274651000000000067e+01 -1.090819999999999936e+02 8.392626999999998816e+01
4.575000000000000178e+00 -1.056239999999999952e+02 7.981310499999999308e+01 -1.056239999999999952e+02 8.108934500000000867e+01
4.599999999999999645e+00 -1.022369999999999948e+02 7.694918000000001257e+01 -1.022369999999999948e+02 7.832135999999999854e+01
4.625000000000000000e+00 -9.892220000000000368e+01 7.415509500000000287e+01 -9.892220000000000368e+01 7.562255500000000552e+01
4.650000000000000355e+00 -9.567950000000000443e+01 7.143111500000000547e+01 -9.567950000000000443e+01 7.299305499999999824e+01
4.674999999999999822e+00 -9.250939999999999941e+01 6.877719999999999345e+01 -9.250939999999999941e+01 7.043271000000000015e+01
4.700000000000000178e+00 -8.941200000000000614e+01 6.619349499999999864e+01 -8.941200000000000614e+01 6.794157500000000027e+01
4.724999999999999645e+00 -8.638739999999999952e+01 6.367986500000000660e+01 -8.638739999999999952e+01 6.551937499999999659e+01
4.750000000000000000e+00 -8.343569999999999709e+01 6.123585500000000081e+01 -8.343569999999999709e+01 6.316558500000000009e+01
4.775000000000000355e+00 -8.055660000000000309e+01 5.886140499999999776e+01 -8.055660000000000309e+01 6.088006500000000187e+01
4.799999999999999822e+00 -7.774989999999999668e+01 5.655586499999999717e+01 -7.774989999999999668e+01 5.866204499999999911e+01
4.825000000000000178e+00 -7.501539999999999964e+01 5.431877499999999515e+01 -7.501539999999999964e+01 5.651100499999999727e+01
4.849999999999999645e+00 -7.235250000000000625e+01 5.214947000000000088e+01 -7.235250000000000625e+01 5.442620000000000147e+01
4.875000000000000000e+00 -6.976099999999999568e+01 5.004719000000000051e+01 -6.976099999999999568e+01 5.240679000000000087e+01
4.900000000000000355e+00 -6.724009999999999820e+01 4.801116000000000383e+01 -6.724009999999999820e+01 5.045195000000000363e+01
4.924999999999999822e+00 -6.478919999999999391e+01 4.604061000000000092e+01 -6.478919999999999391e+01 4.856087000000000131e+01
4.950000000000000178e+00 -6.240760000000000218e+01 4.413446499999999872e+01 -6.240760000000000218e+01 4.673239500000000390e+01
4.974999999999999645e+00 -6.009459999999999980e+01 4.229175000000000040e+01 -6.009459999999999980e+01 4.496551000000000187e+01
5.000000000000000000e+00 -5.784920000000000329e+01 4.051137500000000102e+01 -5.784920000000000329e+01 4.325911500000000132e+01
5.025000000000000355e+00 -5.567069999999999652e+01 3.879238999999999749e+01 -5.567069999999999652e+01 4.161214999999999975e+01
5.049999999999999822e+00 -5.355810000000000315e+01 3.713336999999999932e+01 -5.355810000000000315e+01 4.002324000000000126e+01
5.075000000000000178e+00 -5.151019999999999754e+01 3.553333999999999548e+01 -5.151019999999999754e+01 3.849134999999999707e+01
5.099999999999999645e+00 -4.952620000000000289e+01 3.399091500000000110e+01 -4.952620000000000289e+01 3.701508499999999913e+01
5.125000000000000000e+00 -4.760499999999999687e+01 3.250499500000000097e+01 -4.760499999999999687e+01 3.559333500000000328e+01
5.150000000000000355e+00 -4.574530000000000030e+01 3.107408999999999821e+01 -4.574530000000000030e+01 3.422458000000000311e+01
5.174999999999999822e+00 -4.394599999999999795e+01 2.969689999999999941e+01 -4.394599999999999795e+01 3.290753000000000128e+01
5.200000000000000178e+00 -4.220609999999999928e+01 2.837222500000000025e+01 -4.220609999999999928e+01 3.164097500000000451e+01
5.224999999999999645e+00 -4.052409999999999712e+01 2.709856500000000068e+01 -4.052409999999999712e+01 3.042342500000000172e+01
5.250000000000000000e+00 -3.889900000000000091e+01 2.587462000000000018e+01 -3.889900000000000091e+01 2.925356999999999630e+01
5.275000000000000355e+00 -3.732950000000000301e+01 2.469907499999999700e+01 -3.732950000000000301e+01 2.813012499999999960e+01
5.299999999999999822e+00 -3.581419999999999959e+01 2.357043000000000177e+01 -3.581419999999999959e+01 2.705159000000000091e+01
5.325000000000000178e+00 -3.435199999999999676e+01 2.248737500000000011e+01 -3.435199999999999676e+01 2.601667499999999933e+01
5.349999999999999645e+00 -3.294149999999999778e+01 2.144859999999999900e+01 -3.294149999999999778e+01 2.502409000000000106e+01
5.375000000000000000e+00 -3.158149999999999835e+01 2.045269000000000048e+01 -3.158149999999999835e+01 2.407243999999999673e+01
5.400000000000000355e+00 -3.027049999999999841e+01 1.949823500000000109e+01 -3.027049999999999841e+01 2.316033499999999634e+01
5.424999999999999822e+00 -2.900750000000000028e+01 1.858392000000000266e+01 -2.900750000000000028e+01 2.228650000000000020e+01
5.450000000000000178e+00 -2.779100000000000037e+01 1.770842999999999989e+01 -2.779100000000000037e+01 2.144964000000000226e+01
5.474999999999999645e+00 -2.661970000000000169e+01 1.687055000000000149e+01 -2.661970000000000169e+01 2.064855999999999980e+01
5.500000000000000000e+00 -2.549239999999999995e+01 1.606886000000000081e+01 -2.549239999999999995e+01 1.988189999999999813e+01
5.525000000000000355e+00 -2.440790000000000148e+01 1.530204500000000145e+01 -2.440790000000000148e+01 1.914835500000000224e+01
5.549999999999999822e+00 -2.336469999999999914e+01 1.456908500000000117e+01 -2.336469999999999914e+01 1.844694499999999948e+01
5.575000000000000178e+00 -2.236179999999999879e+01 1.386845999999999890e+01 -2.236179999999999879e+01 1.777619999999999933e+01
5.599999999999999645e+00 -2.139780000000000015e+01 1.319915000000000127e+01 -2.139780000000000015e+01 1.713512000000000057e+01
5.625000000000000000e+00 -2.047159999999999869e+01 1.255993499999999941e+01 -2.047159999999999869e+01 1.652254500000000093e+01
5.650000000000000355e+00 -1.958190000000000097e+01 1.194969500000000018e+01 -1.958190000000000097e+01 1.593737500000000118e+01
5.674999999999999822e+00 -1.872759999999999891e+01 1.136721000000000004e+01 -1.872759999999999891e+01 1.537843000000000160e+01
5.700000000000000178e+00 -1.790749999999999886e+01 1.081146000000000029e+01 -1.790749999999999886e+01 1.484473999999999805e+01
5.724999999999999645e+00 -1.712040000000000006e+01 1.028142599999999973e+01 -1.712040000000000006e+01 1.433533399999999958e+01
5.750000000000000000e+00 -1.636520000000000152e+01 9.775953499999999963e+00 -1.636520000000000152e+01 1.384909649999999814e+01
5.775000000000000355e+00 -1.564090000000000025e+01 9.294078999999999979e+00 -1.564090000000000025e+01 1.338508099999999956e+01
5.799999999999999822e+00 -1.494630000000000081e+01 8.834830499999998921e+00 -1.494630000000000081e+01 1.294238950000000088e+01
5.825000000000000178e+00 -1.428040000000000020e+01 8.397256999999999749e+00 -1.428040000000000020e+01 1.252009299999999925e+01
5.849999999999999645e+00 -1.364220000000000077e+01 7.980446500000000221e+00 -1.364220000000000077e+01 1.211732350000000125e+01
5.875000000000000000e+00 -1.303069999999999951e+01 7.583488499999999632e+00 -1.303069999999999951e+01 1.173321149999999946e+01
5.900000000000000355e+00 -1.244490000000000052e+01 7.205541000000000196e+00 -1.244490000000000052e+01 1.136696900000000099e+01
5.924999999999999822e+00 -1.188390000000000057e+01 6.845753499999999825e+00 -1.188390000000000057e+01 1.101776650000000046e+01
5.950000000000000178e+00 -1.134660000000000046e+01 6.503345500000000001e+00 -1.134660000000000046e+01 1.068486449999999977e+01
5.974999999999999645e+00 -1.083230000000000004e+01 6.177527000000000434e+00 -1.083230000000000004e+01 1.036752300000000027e+01
6.000000000000000000e+00 -1.033999999999999986e+01 5.867557000000000578e+00 -1.033999999999999986e+01 1.006503299999999967e+01
6.025000000000000355e+00 -9.868969999999999132e+00 5.572715999999999781e+00 -9.868969999999999132e+00 9.776724000000001524e+00
6.049999999999999822e+00 -9.418279999999999319e+00 5.292315499999999950e+00 -9.418279999999999319e+00 9.501924499999999441e+00
6.075000000000000178e+00 -8.987159999999999371e+00 5.025686000000000320e+00 -8.987159999999999371e+00 9.240003999999998996e+00
6.099999999999999645e+00 -8.574840000000000018e+00 4.772199000000000524e+00 -8.574840000000000018e+00 8.990390999999998911e+00
6.125000000000000000e+00 -8.180569999999999453e+00 4.531236499999999445e+00 -8.180569999999999453e+00 8.752473500000000683e+00
6.150000000000000355e+00 -7.803630000000000067e+00 4.302200499999999650e+00 -7.803630000000000067e+00 8.525709499999999608e+00
6.174999999999999822e+00 -7.443319999999999936e+00 4.084553999999999796e+00 -7.443319999999999936e+00 8.309585999999999473e+00
6.200000000000000178e+00 -7.098959999999999937e+00 3.877730000000000121e+00 -7.098959999999999937e+00 8.103569999999999496e+00
6.224999999999999645e+00 -6.769890000000000185e+00 3.681221999999999994e+00 -6.769890000000000185e+00 7.907188000000000550e+00
6.250000000000000000e+00 -6.455479999999999663e+00 3.494544499999999942e+00 -6.455479999999999663e+00 7.719975499999999435e+00
6.275000000000000355e+00 -6.155129999999999768e+00 3.317212000000000049e+00 -6.155129999999999768e+00 7.541487999999999303e+00
6.299999999999999822e+00 -5.868249999999999744e+00 3.148769000000000151e+00 -5.868249999999999744e+00 7.371280999999999750e+00
6.325000000000000178e+00 -5.594269999999999854e+00 2.988801500000000111e+00 -5.594269999999999854e+00 7.208988500000000244e+00
6.349999999999999645e+00 -5.332639999999999603e+00 2.836874499999999966e+00 -5.332639999999999603e+00 7.054195500000000507e+00
6.375000000000000000e+00 -5.082840000000000025e+00 2.692605499999999985e+00 -5.082840000000000025e+00 6.906544499999999864e+00
6.400000000000000355e+00 -4.844369999999999621e+00 2.555620499999999851e+00 -4.844369999999999621e+00 6.765679500000000068e+00
6.424999999999999822e+00 -4.616740000000000066e+00 2.425546999999999898e+00 -4.616740000000000066e+00 6.631262999999999685e+00
6.450000000000000178e+00 -4.399479999999999613e+00 2.302062499999999901e+00 -4.399479999999999613e+00 6.502987499999999699e+00
6.474999999999999645e+00 -4.192149999999999821e+00 2.184815500000000021e+00 -4.192149999999999821e+00 6.380534500000000442e+00
6.500000000000000000e+00 -3.994310000000000027e+00 2.073523500000000297e+00 -3.994310000000000027e+00 6.263626499999999986e+00
6.525000000000000355e+00 -3.805550000000000210e+00 1.967876500000000028e+00 -3.805550000000000210e+00 6.151983500000000049e+00
6.549999999999999822e+00 -3.625469999999999970e+00 1.867583500000000063e+00 -3.625469999999999970e+00 6.045336499999999447e+00
6.575000000000000178e+00 -3.453689999999999927e+00 1.772394000000000025e+00 -3.453689999999999927e+00 5.943456000000000294e+00
6.599999999999999645e+00 -3.289849999999999941e+00 1.682038000000000144e+00 -3.289849999999999941e+00 5.846091999999999622e+00
6.625000000000000000e+00 -3.133589999999999876e+00 1.596286499999999942e+00 -3.133589999999999876e+00 5.753013499999999780e+00
6.650000000000000355e+00 -2.984570000000000167e+00 1.514889500000000000e+00 -2.984570000000000167e+00 5.664010499999999837e+00
6.674999999999999822e+00 -2.842480000000000118e+00 1.437648999999999955e+00 -2.842480000000000118e+00 5.578891000000000489e+00
6.700000000000000178e+00 -2.706999999999999851e+00 1.364335999999999993e+00 -2.706999999999999851e+00 5.497444000000000663e+00
6.724999999999999645e+00 -2.577840000000000131e+00 1.294763499999999956e+00 -2.577840000000000131e+00 5.419496500000000161e+00
6.750000000000000000e+00 -2.454709999999999948e+00 1.228742000000000001e+00 -2.454709999999999948e+00 5.344877999999999574e+00
6.775000000000000355e+00 -2.337349999999999817e+00 1.166094500000000034e+00 -2.337349999999999817e+00 5.273415500000000478e+00
6.799999999999999822e+00 -2.225480000000000125e+00 1.106643999999999961e+00 -2.225480000000000125e+00 5.204956000000000138e+00
6.825000000000000178e+00 -2.118869999999999809e+00 1.050227999999999939e+00 -2.118869999999999809e+00 5.139340000000000686e+00
6.849999999999999645e+00 -2.017279999999999962e+00 9.966955000000000675e-01 -2.017279999999999962e+00 5.076430500000000734e+00
6.875000000000000000e+00 -1.920469999999999899e+00 9.458995000000000042e-01 -1.920469999999999899e+00 5.016102500000000575e+00
6.900000000000000355e+00 -1.828230000000000022e+00 8.977010000000000822e-01 -1.828230000000000022e+00 4.958211000000000368e+00
6.924999999999999822e+00 -1.740339999999999998e+00 8.519704999999999639e-01 -1.740339999999999998e+00 4.902645500000000212e+00
6.950000000000000178e+00 -1.656619999999999981e+00 8.085789999999999367e-01 -1.656619999999999981e+00 4.849300999999999640e+00
6.974999999999999645e+00 -1.576859999999999928e+00 7.674115000000000242e-01 -1.576859999999999928e+00 4.798040499999999930e+00
7.000000000000000000e+00 -1.500890000000000057e+00 7.283520500000000286e-01 -1.500890000000000057e+00 4.748789950000000815e+00
7.025000000000000355e+00 -1.428539999999999921e+00 6.912949499999999636e-01 -1.428539999999999921e+00 4.701423050000000714e+00
7.049999999999999822e+00 -1.359620000000000051e+00 6.561375999999999875e-01 -1.359620000000000051e+00 4.655866399999999850e+00
7.075000000000000178e+00 -1.294000000000000039e+00 6.227834500000000162e-01 -1.294000000000000039e+00 4.612032550000000342e+00
7.099999999999999645e+00 -1.231500000000000039e+00 5.911412000000000333e-01 -1.231500000000000039e+00 4.569818800000000181e+00
7.125000000000000000e+00 -1.171990000000000087e+00 5.611217499999999747e-01 -1.171990000000000087e+00 4.529164250000000003e+00
7.150000000000000355e+00 -1.115329999999999933e+00 5.326452000000000409e-01 -1.115329999999999933e+00 4.489976799999999990e+00
7.174999999999999822e+00 -1.061390000000000056e+00 5.056308000000000469e-01 -1.061390000000000056e+00 4.452193199999999962e+00
7.200000000000000178e+00 -1.010029999999999983e+00 4.800039000000000389e-01 -1.010029999999999983e+00 4.415746099999999785e+00
7.224999999999999645e+00 -9.611420000000000519e-01 4.556940999999999908e-01 -9.611420000000000519e-01 4.380571899999999630e+00
7.250000000000000000e+00 -9.146039999999999726e-01 4.326340999999999659e-01 -9.146039999999999726e-01 4.346599900000000183e+00
7.275000000000000355e+00 -8.703070000000000528e-01 4.107608000000000370e-01 -8.703070000000000528e-01 4.313773199999999974e+00
7.299999999999999822e+00 -8.281460000000000488e-01 3.900111499999999731e-01 -8.281460000000000488e-01 4.282044850000000125e+00
7.325000000000000178e+00 -7.880190000000000250e-01 3.703293000000000279e-01 -7.880190000000000250e-01 4.251354700000000264e+00
7.349999999999999645e+00 -7.498299999999999965e-01 3.516595000000000137e-01 -7.498299999999999965e-01 4.221652500000000252e+00
7.375000000000000000e+00 -7.134880000000000111e-01 3.339511500000000299e-01 -7.134880000000000111e-01 4.192892849999999783e+00
7.400000000000000355e+00 -6.789039999999999520e-01 3.171527000000000096e-01 -6.789039999999999520e-01 4.165029299999999601e+00
7.424999999999999822e+00 -6.459960000000000147e-01 3.012198000000000375e-01 -6.459960000000000147e-01 4.138022199999999984e+00
7.450000000000000178e+00 -6.146840000000000082e-01 2.861051499999999748e-01 -6.146840000000000082e-01 4.111828850000000202e+00
7.474999999999999645e+00 -5.848910000000000498e-01 2.717695499999999709e-01 -5.848910000000000498e-01 4.086404449999999855e+00
7.500000000000000000e+00 -5.565440000000000387e-01 2.581699499999999814e-01 -5.565440000000000387e-01 4.061730050000000425e+00
7.525000000000000355e+00 -5.295750000000000179e-01 2.452692999999999957e-01 -5.295750000000000179e-01 4.037742699999999907e+00
7.549999999999999822e+00 -5.039179999999999771e-01 2.330307500000000087e-01 -5.039179999999999771e-01 4.014429250000000060e+00
7.575000000000000178e+00 -4.795090000000000185e-01 2.214224499999999929e-01 -4.795090000000000185e-01 3.991751550000000037e+00
7.599999999999999645e+00 -4.562880000000000269e-01 2.104095500000000007e-01 -4.562880000000000269e-01 3.969688450000000035e+00
7.625000000000000000e+00 -4.341990000000000016e-01 1.999616499999999908e-01 -4.341990000000000016e-01 3.948202349999999861e+00
7.650000000000000355e+00 -4.131850000000000245e-01 1.900499999999999967e-01 -4.131850000000000245e-01 3.927267999999999759e+00
7.674999999999999822e+00 -3.931959999999999900e-01 1.806451500000000043e-01 -3.931959999999999900e-01 3.906858849999999883e+00
7.700000000000000178e+00 -3.741820000000000146e-01 1.717226000000000030e-01 -3.741820000000000146e-01 3.886953400000000336e+00
7.724999999999999645e+00 -3.560949999999999949e-01 1.632560499999999859e-01 -3.560949999999999949e-01 3.867517949999999871e+00
7.750000000000000000e+00 -3.388900000000000245e-01 1.552221000000000017e-01 -3.388900000000000245e-01 3.848551899999999915e+00
7.775000000000000355e+00 -3.225250000000000061e-01 1.475975499999999940e-01 -3.225250000000000061e-01 3.830014450000000181e+00
7.799999999999999822e+00 -3.069589999999999819e-01 1.403621999999999925e-01 -3.069589999999999819e-01 3.811897800000000114e+00
7.825000000000000178e+00 -2.921520000000000228e-01 1.334938999999999987e-01 -2.921520000000000228e-01 3.794182100000000002e+00
7.849999999999999645e+00 -2.780670000000000086e-01 1.269755999999999940e-01 -2.780670000000000086e-01 3.776842400000000044e+00
7.875000000000000000e+00 -2.646700000000000164e-01 1.207871499999999959e-01 -2.646700000000000164e-01 3.759860849999999921e+00
7.900000000000000355e+00 -2.519250000000000100e-01 1.149117000000000055e-01 -2.519250000000000100e-01 3.743232299999999846e+00
7.924999999999999822e+00 -2.398029999999999884e-01 1.093342000000000064e-01 -2.398029999999999884e-01 3.726933799999999852e+00
7.950000000000000178e+00 -2.282710000000000017e-01 1.040369499999999892e-01 -2.282710000000000017e-01 3.710949250000000088e+00
7.974999999999999645e+00 -2.173009999999999942e-01 9.900660000000000016e-02 -2.173009999999999942e-01 3.695277200000000040e+00
8.000000000000000000e+00 -2.068659999999999943e-01 9.422880000000000145e-02 -2.068659999999999943e-01 3.679894800000000021e+00
8.025000000000000355e+00 -1.969390000000000029e-01 8.969039999999998958e-02 -1.969390000000000029e-01 3.664780599999999833e+00
8.050000000000000711e+00 -1.874939999999999940e-01 8.537895000000000900e-02 -1.874939999999999940e-01 3.649943449999999867e+00
8.074999999999999289e+00 -1.785090000000000010e-01 8.128240000000000465e-02 -1.785090000000000010e-01 3.635352800000000162e+00
8.099999999999999645e+00 -1.699610000000000010e-01 7.738965000000000427e-02 -1.699610000000000010e-01 3.621018949999999847e+00
8.125000000000000000e+00 -1.618269999999999986e-01 7.369000000000000550e-02 -1.618269999999999986e-01 3.606912400000000130e+00
8.150000000000000355e+00 -1.540890000000000037e-01 7.017339999999999689e-02 -1.540890000000000037e-01 3.593034400000000073e+00
8.175000000000000711e+00 -1.467249999999999943e-01 6.683034999999999670e-02 -1.467249999999999943e-01 3.579366449999999755e+00
8.199999999999999289e+00 -1.397190000000000099e-01 6.365190499999999474e-02 -1.397190000000000099e-01 3.565910895000000025e+00
8.224999999999999645e+00 -1.330510000000000026e-01 6.062928499999999804e-02 -1.330510000000000026e-01 3.552659915000000002e+00
8.250000000000000000e+00 -1.267060000000000131e-01 5.775467500000000531e-02 -1.267060000000000131e-01 3.539596724999999999e+00
8.275000000000000355e+00 -1.206679999999999975e-01 5.502040500000000139e-02 -1.206679999999999975e-01 3.526714595000000063e+00
8.300000000000000711e+00 -1.149209999999999954e-01 5.241912499999999697e-02 -1.149209999999999954e-01 3.514017074999999934e+00
8.324999999999999289e+00 -1.094510000000000066e-01 4.994408999999999654e-02 -1.094510000000000066e-01 3.501488310000000048e+00
8.349999999999999645e+00 -1.042450000000000043e-01 4.758880000000000055e-02 -1.042450000000000043e-01 3.489122599999999963e+00
8.375000000000000000e+00 -9.928919999999999413e-02 4.534715999999999747e-02 -9.928919999999999413e-02 3.476924640000000011e+00
8.400000000000000355e+00 -9.457169999999999466e-02 4.321339999999999903e-02 -9.457169999999999466e-02 3.464869399999999988e+00
8.425000000000000711e+00 -9.008090000000000541e-02 4.118206000000000644e-02 -9.008090000000000541e-02 3.452972139999999968e+00
8.449999999999999289e+00 -8.580559999999999576e-02 3.924800999999999984e-02 -8.580559999999999576e-02 3.441218390000000404e+00
8.474999999999999645e+00 -8.173519999999999397e-02 3.740622500000000128e-02 -8.173519999999999397e-02 3.429593774999999845e+00
8.500000000000000000e+00 -7.785970000000000391e-02 3.565220499999999931e-02 -7.785970000000000391e-02 3.418114394999999917e+00
8.525000000000000355e+00 -7.416970000000000507e-02 3.398155500000000356e-02 -7.416970000000000507e-02 3.406756445000000078e+00
8.550000000000000711e+00 -7.065599999999999659e-02 3.239009999999999806e-02 -7.065599999999999659e-02 3.395536300000000285e+00
8.574999999999999289e+00 -6.731020000000000059e-02 3.087397499999999795e-02 -6.731020000000000059e-02 3.384430624999999804e+00
8.599999999999999645e+00 -6.412400000000000044e-02 2.942944000000000115e-02 -6.412400000000000044e-02 3.373436160000000239e+00
8.625000000000000000e+00 -6.108979999999999966e-02 2.805294499999999927e-02 -6.108979999999999966e-02 3.362569855000000274e+00
8.650000000000000355e+00 -5.820009999999999767e-02 2.674126500000000017e-02 -5.820009999999999767e-02 3.351808935000000211e+00
8.675000000000000711e+00 -5.544790000000000135e-02 2.549119500000000121e-02 -5.544790000000000135e-02 3.341150605000000162e+00
8.699999999999999289e+00 -5.282669999999999727e-02 2.429981499999999892e-02 -5.282669999999999727e-02 3.330602384999999721e+00
8.724999999999999645e+00 -5.033019999999999855e-02 2.316433999999999854e-02 -5.033019999999999855e-02 3.320161859999999798e+00
8.750000000000000000e+00 -4.795220000000000038e-02 2.208198000000000105e-02 -4.795220000000000038e-02 3.309816619999999876e+00
8.775000000000000355e+00 -4.568719999999999726e-02 2.105026000000000119e-02 -4.568719999999999726e-02 3.299564539999999990e+00
8.800000000000000711e+00 -4.352969999999999756e-02 2.006680999999999743e-02 -4.352969999999999756e-02 3.289413590000000109e+00
8.824999999999999289e+00 -4.147460000000000035e-02 1.912936499999999887e-02 -4.147460000000000035e-02 3.279351834999999937e+00
8.849999999999999645e+00 -3.951699999999999657e-02 1.823567499999999980e-02 -3.951699999999999657e-02 3.269377325000000223e+00
8.875000000000000000e+00 -3.765229999999999966e-02 1.738379500000000050e-02 -3.765229999999999966e-02 3.259488404999999922e+00
8.900000000000000355e+00 -3.587599999999999817e-02 1.657178000000000123e-02 -3.587599999999999817e-02 3.249693420000000277e+00
8.925000000000000711e+00 -3.418390000000000317e-02 1.579770500000000216e-02 -3.418390000000000317e-02 3.239970694999999790e+00
8.949999999999999289e+00 -3.257199999999999679e-02 1.505974000000000028e-02 -3.257199999999999679e-02 3.230338659999999695e+00
8.974999999999999645e+00 -3.103650000000000159e-02 1.435646000000000144e-02 -3.103650000000000159e-02 3.220786139999999964e+00
9.000000000000000000e+00 -2.957380000000000078e-02 1.368596000000000049e-02 -2.957380000000000078e-02 3.211301440000000174e+00
9.025000000000000355e+00 -2.818050000000000069e-02 1.304701500000000035e-02 -2.818050000000000069e-02 3.201903585000000163e+00
9.050000000000000711e+00 -2.685330000000000009e-02 1.243803500000000006e-02 -2.685330000000000009e-02 3.192571164999999933e+00
9.074999999999999289e+00 -2.558900000000000063e-02 1.185770499999999963e-02 -2.558900000000000063e-02 3.183323094999999991e+00
9.099999999999999645e+00 -2.438469999999999874e-02 1.130454500000000091e-02 -2.438469999999999874e-02 3.174138055000000236e+00
9.125000000000000000e+00 -2.323760000000000062e-02 1.077755000000000032e-02 -2.323760000000000062e-02 3.165025250000000234e+00
9.150000000000000355e+00 -2.214489999999999861e-02 1.027538499999999973e-02 -2.214489999999999861e-02 3.155983514999999962e+00
9.175000000000000711e+00 -2.110410000000000064e-02 9.796904999999999850e-03 -2.110410000000000064e-02 3.147001854999999626e+00
9.199999999999999289e+00 -2.011280000000000012e-02 9.341050000000000048e-03 -2.011280000000000012e-02 3.138089389999999756e+00
9.224999999999999645e+00 -1.916850000000000151e-02 8.906770000000001353e-03 -1.916850000000000151e-02 3.129245209999999666e+00
9.250000000000000000e+00 -1.826919999999999933e-02 8.493080000000000074e-03 -1.826919999999999933e-02 3.120458479999999923e+00
9.275000000000000355e+00 -1.741260000000000030e-02 8.099030000000000118e-03 -1.741260000000000030e-02 3.111738390000000187e+00
9.300000000000000711e+00 -1.659679999999999836e-02 7.723714999999999921e-03 -1.659679999999999836e-02 3.103074165000000217e+00
9.324999999999999289e+00 -1.581990000000000132e-02 7.366245000000000431e-03 -1.581990000000000132e-02 3.094475054999999752e+00
9.349999999999999645e+00 -1.507990000000000025e-02 7.025815000000000358e-03 -1.507990000000000025e-02 3.085930364999999842e+00
9.375000000000000000e+00 -1.437510000000000003e-02 6.701625000000000117e-03 -1.437510000000000003e-02 3.077449414999999799e+00
9.400000000000000355e+00 -1.370399999999999917e-02 6.392899999999999971e-03 -1.370399999999999917e-02 3.069021540000000048e+00
9.425000000000000711e+00 -1.306479999999999968e-02 6.098934999999999773e-03 -1.306479999999999968e-02 3.060646145000000207e+00
9.449999999999999289e+00 -1.245609999999999946e-02 5.819030000000000209e-03 -1.245609999999999946e-02 3.052332629999999991e+00
9.474999999999999645e+00 -1.187640000000000050e-02 5.552508999999999743e-03 -1.187640000000000050e-02 3.044070410999999865e+00
9.500000000000000000e+00 -1.132430000000000068e-02 5.298749999999999641e-03 -1.132430000000000068e-02 3.035858969999999601e+00
9.525000000000000355e+00 -1.079860000000000021e-02 5.057139999999999899e-03 -1.079860000000000021e-02 3.027697780000000005e+00
9.550000000000000711e+00 -1.029790000000000046e-02 4.827106500000000015e-03 -1.029790000000000046e-02 3.019596353500000330e+00
9.574999999999999289e+00 -9.821150000000000713e-03 4.608079000000000168e-03 -9.821150000000000713e-03 3.011534200999999911e+00
9.599999999999999645e+00 -9.367089999999999791e-03 4.399537999999999713e-03 -9.367089999999999791e-03 3.003530881999999735e+00
9.625000000000000000e+00 -8.934670000000000459e-03 4.200975499999999759e-03 -8.934670000000000459e-03 2.995575964499999966e+00
9.650000000000000355e+00 -8.522850000000000217e-03 4.011905999999999979e-03 -8.522850000000000217e-03 2.987669034000000057e+00
9.675000000000000711e+00 -8.130639999999999742e-03 3.831875499999999948e-03 -8.130639999999999742e-03 2.979809704500000045e+00
9.699999999999999289e+00 -7.757110000000000220e-03 3.660440999999999955e-03 -7.757110000000000220e-03 2.971987599000000202e+00
9.724999999999999645e+00 -7.401340000000000176e-03 3.497170999999999873e-03 -7.401340000000000176e-03 2.964222348999999923e+00
9.750000000000000000e+00 -7.062490000000000261e-03 3.341665500000000344e-03 -7.062490000000000261e-03 2.956503614499999877e+00
9.775000000000000355e+00 -6.739720000000000259e-03 3.193546000000000232e-03 -6.739720000000000259e-03 2.948821074000000042e+00
9.800000000000000711e+00 -6.432280000000000289e-03 3.052454999999999925e-03 -6.432280000000000289e-03 2.941194424999999946e+00
9.824999999999999289e+00 -6.139409999999999659e-03 2.918056000000000035e-03 -6.139409999999999659e-03 2.933603383999999981e+00
9.849999999999999645e+00 -5.860409999999999925e-03 2.789985000000000034e-03 -5.860409999999999925e-03 2.926057635000000268e+00
9.875000000000000000e+00 -5.594599999999999920e-03 2.667947500000000111e-03 -5.594599999999999920e-03 2.918556932500000034e+00
9.900000000000000355e+00 -5.341349999999999917e-03 2.551630000000000044e-03 -5.341349999999999917e-03 2.911091009999999812e+00
9.925000000000000711e+00 -5.100030000000000188e-03 2.440761999999999966e-03 -5.100030000000000188e-03 2.903679637999999841e+00
9.949999999999999289e+00 -4.870079999999999722e-03 2.335061999999999728e-03 -4.870079999999999722e-03 2.896302578000000238e+00
9.974999999999999645e+00 -4.650940000000000109e-03 2.234260499999999802e-03 -4.650940000000000109e-03 2.888959599500000142e+00
1.000000000000000000e+01 -4.442070000000000220e-03 2.138137999999999931e-03 -4.442070000000000220e-03 2.881660522000000224e+00
1.002500000000000036e+01 -4.242980000000000362e-03 2.046426999999999968e-03 -4.242980000000000362e-03 2.874405112999999901e+00
1.005000000000000071e+01 -4.053189999999999918e-03 1.958930000000000220e-03 -4.053189999999999918e-03 2.867193209999999937e+00
1.007499999999999929e+01 -3.872239999999999883e-03 1.875430999999999886e-03 -3.872239999999999883e-03 2.860014629000000141e+00
1.009999999999999964e+01 -3.699710000000000151e-03 1.795703500000000010e-03 -3.699710000000000151e-03 2.852869176500000048e+00
1.012500000000000000e+01 -3.535180000000000180e-03 1.719594000000000070e-03 -3.535180000000000180e-03 2.845766725999999913e+00
1.015000000000000036e+01 -3.378260000000000117e-03 1.646906999999999972e-03 -3.378260000000000117e-03 2.838697112999999828e+00
1.017500000000000071e+01 -3.228579999999999992e-03 1.577459999999999930e-03 -3.228579999999999992e-03 2.831670179999999704e+00
1.019999999999999929e+01 -3.085790000000000147e-03 1.511100000000000030e-03 -3.085790000000000147e-03 2.824685799999999691e+00
1.022499999999999964e+01 -2.949540000000000061e-03 1.447673999999999923e-03 -2.949540000000000061e-03 2.817723845999999810e+00
1.025000000000000000e+01 -2.819519999999999839e-03 1.387021499999999954e-03 -2.819519999999999839e-03 2.810804178500000194e+00
1.027500000000000036e+01 -2.695429999999999961e-03 1.329020500000000155e-03 -2.695429999999999961e-03 2.803926699500000286e+00
1.030000000000000071e+01 -2.576970000000000042e-03 1.273531000000000055e-03 -2.576970000000000042e-03 2.797071288999999794e+00
1.032499999999999929e+01 -2.463879999999999890e-03 1.220423500000000164e-03 -2.463879999999999890e-03 2.790257836499999922e+00
1.034999999999999964e+01 -2.355889999999999807e-03 1.169587499999999881e-03 -2.355889999999999807e-03 2.783486252499999924e+00
1.037500000000000000e+01 -2.252749999999999978e-03 1.120894500000000054e-03 -2.252749999999999978e-03 2.776736425499999772e+00
1.040000000000000036e+01 -2.154239999999999974e-03 1.074265999999999936e-03 -2.154239999999999974e-03 2.770028293999999836e+00
1.042500000000000071e+01 -2.060129999999999861e-03 1.029585500000000133e-03 -2.060129999999999861e-03 2.763351758499999811e+00
1.044999999999999929e+01 -1.970200000000000076e-03 9.867615000000000153e-04 -1.970200000000000076e-03 2.756706742500000029e+00
1.047499999999999964e+01 -1.884269999999999955e-03 9.457070000000000580e-04 -1.884269999999999955e-03 2.750093172999999780e+00
1.050000000000000000e+01 -1.802130000000000095e-03 9.063445000000000702e-04 -1.802130000000000095e-03 2.743520987500000174e+00
1.052500000000000036e+01 -1.723609999999999986e-03 8.685804999999999351e-04 -1.723609999999999986e-03 2.736970105500000194e+00
1.055000000000000071e+01 -1.648530000000000047e-03 8.323490000000000229e-04 -1.648530000000000047e-03 2.730460472999999944e+00
1.057499999999999929e+01 -1.576740000000000086e-03 7.975799999999999904e-04 -1.576740000000000086e-03 2.723972032000000265e+00
1.059999999999999964e+01 -1.508089999999999908e-03 7.642065000000000836e-04 -1.508089999999999908e-03 2.717524727499999848e+00
1.062500000000000000e+01 -1.442420000000000030e-03 7.321680000000000549e-04 -1.442420000000000030e-03 2.711108510000000305e+00
1.065000000000000036e+01 -1.379599999999999924e-03 7.014070000000000287e-04 -1.379599999999999924e-03 2.704713331000000220e+00
1.067500000000000071e+01 -1.319510000000000084e-03 6.718665000000000834e-04 -1.319510000000000084e-03 2.698359145500000000e+00
1.069999999999999929e+01 -1.262000000000000101e-03 6.434980000000000517e-04 -1.262000000000000101e-03 2.692035912000000142e+00
1.072499999999999964e+01 -1.206980000000000075e-03 6.162525000000000294e-04 -1.206980000000000075e-03 2.685733591499999573e+00
1.075000000000000000e+01 -1.154319999999999912e-03 5.900824999999999734e-04 -1.154319999999999912e-03 2.679472145500000124e+00
1.077500000000000036e+01 -1.103929999999999929e-03 5.649480000000000127e-04 -1.103929999999999929e-03 2.673231541999999905e+00
1.080000000000000071e+01 -1.055699999999999911e-03 5.408048499999999455e-04 -1.055699999999999911e-03 2.667031743149999912e+00
1.082499999999999929e+01 -1.009539999999999960e-03 5.176236000000000292e-04 -1.009539999999999960e-03 2.660852728399999645e+00
1.084999999999999964e+01 -9.653660000000000539e-04 4.953589499999999949e-04 -9.653660000000000539e-04 2.654704459049999965e+00
1.087500000000000000e+01 -9.230759999999999963e-04 4.739824500000000074e-04 -9.230759999999999963e-04 2.648586913549999977e+00
1.090000000000000036e+01 -8.826030000000000333e-04 4.534599000000000052e-04 -8.826030000000000333e-04 2.642490064099999980e+00
1.092500000000000071e+01 -8.438659999999999738e-04 4.337611999999999696e-04 -8.438659999999999738e-04 2.636433886800000348e+00
1.094999999999999929e+01 -8.067919999999999692e-04 4.148583500000000562e-04 -8.067919999999999692e-04 2.630398359650000017e+00
1.097499999999999964e+01 -7.713120000000000176e-04 3.967234500000000209e-04 -7.713120000000000176e-04 2.624393460550000334e+00
1.100000000000000000e+01 -7.373599999999999469e-04 3.793295999999999604e-04 -7.373599999999999469e-04 2.618409168399999931e+00
1.102500000000000036e+01 -7.048729999999999579e-04 3.626515499999999922e-04 -7.048729999999999579e-04 2.612465462449999887e+00
1.105000000000000071e+01 -6.737890000000000502e-04 3.466666000000000192e-04 -6.737890000000000502e-04 2.606542325399999971e+00
1.107499999999999929e+01 -6.440530000000000083e-04 3.313492500000000192e-04 -6.440530000000000083e-04 2.600639736749999820e+00
1.109999999999999964e+01 -6.156080000000000189e-04 3.166781999999999930e-04 -6.156080000000000189e-04 2.594777679799999959e+00
1.112500000000000000e+01 -5.884020000000000222e-04 3.026301999999999812e-04 -5.884020000000000222e-04 2.588936135800000038e+00
1.115000000000000036e+01 -5.623839999999999742e-04 2.891859999999999787e-04 -5.623839999999999742e-04 2.583115089999999725e+00
1.117500000000000071e+01 -5.375070000000000021e-04 2.763236000000000186e-04 -5.375070000000000021e-04 2.577324524400000261e+00
1.119999999999999929e+01 -5.137230000000000008e-04 2.640219000000000073e-04 -5.137230000000000008e-04 2.571564422099999803e+00
1.122499999999999964e+01 -4.909880000000000364e-04 2.522609999999999891e-04 -4.909880000000000364e-04 2.565834767000000127e+00
1.125000000000000000e+01 -4.692599999999999896e-04 2.410240000000000017e-04 -4.692599999999999896e-04 2.560115546000000020e+00
1.127500000000000036e+01 -4.484959999999999967e-04 2.302911999999999950e-04 -4.484959999999999967e-04 2.554436742800000104e+00
1.130000000000000071e+01 -4.286569999999999855e-04 2.200427500000000033e-04 -4.286569999999999855e-04 2.548778341249999801e+00
1.132499999999999929e+01 -4.097039999999999927e-04 2.102599999999999825e-04 -4.097039999999999927e-04 2.543140326000000062e+00
1.134999999999999964e+01 -3.916020000000000091e-04 2.009264999999999879e-04 -3.916020000000000091e-04 2.537532683500000275e+00
1.137500000000000000e+01 -3.743129999999999786e-04 1.920224499999999897e-04 -3.743129999999999786e-04 2.531945397549999921e+00
1.140000000000000036e+01 -3.578039999999999780e-04 1.835324500000000219e-04 -3.578039999999999780e-04 2.526388455550000245e+00
1.142500000000000071e+01 -3.420410000000000139e-04 1.754391000000000056e-04 -3.420410000000000139e-04 2.520851842899999973e+00
1.144999999999999929e+01 -3.269920000000000162e-04 1.677249500000000076e-04 -3.269920000000000162e-04 2.515345545050000187e+00
1.147499999999999964e+01 -3.126289999999999777e-04 1.603737500000000161e-04 -3.126289999999999777e-04 2.509859548249999683e+00
1.150000000000000000e+01 -2.989169999999999978e-04 1.533701500000000007e-04 -2.989169999999999978e-04 2.504393839850000081e+00
1.152500000000000036e+01 -2.858310000000000082e-04 1.466989499999999823e-04 -2.858310000000000082e-04 2.498958407049999941e+00
1.155000000000000071e+01 -2.733419999999999860e-04 1.403439499999999931e-04 -2.733419999999999860e-04 2.493543236049999834e+00
1.157499999999999929e+01 -2.614240000000000097e-04 1.342899999999999899e-04 -2.614240000000000097e-04 2.488158314000000093e+00
1.159999999999999964e+01 -2.500520000000000108e-04 1.285250499999999834e-04 -2.500520000000000108e-04 2.482783630950000209e+00
1.162500000000000000e+01 -2.391999999999999866e-04 1.230329499999999957e-04 -2.391999999999999866e-04 2.477449173050000120e+00
1.165000000000000036e+01 -2.288439999999999930e-04 1.178017500000000042e-04 -2.288439999999999930e-04 2.472124930250000130e+00
1.167500000000000071e+01 -2.189629999999999973e-04 1.128184000000000039e-04 -2.189629999999999973e-04 2.466830891600000353e+00
1.169999999999999929e+01 -2.095330000000000012e-04 1.080706500000000052e-04 -2.095330000000000012e-04 2.461557046549999850e+00
1.172499999999999964e+01 -2.005350000000000036e-04 1.035463999999999883e-04 -2.005350000000000036e-04 2.456303385000000006e+00
1.175000000000000000e+01 -1.919489999999999879e-04 9.923459999999999345e-05 -1.919489999999999879e-04 2.451069897600000047e+00
1.177500000000000036e+01 -1.837540000000000028e-04 9.512455000000000389e-05 -1.837540000000000028e-04 2.445866575250000174e+00
1.180000000000000071e+01 -1.759329999999999976e-04 9.120600000000000734e-05 -1.759329999999999976e-04 2.440683409400000059e+00
1.182499999999999929e+01 -1.684690000000000026e-04 8.746914999999999584e-05 -1.684690000000000026e-04 2.435520391849999911e+00
1.184999999999999964e+01 -1.613440000000000056e-04 8.390529999999999777e-05 -1.613440000000000056e-04 2.430377515300000013e+00
1.187500000000000000e+01 -1.545419999999999986e-04 8.050504999999999250e-05 -1.545419999999999986e-04 2.425254771950000166e+00
1.190000000000000036e+01 -1.480499999999999937e-04 7.726059999999999005e-05 -1.480499999999999937e-04 2.420162155200000331e+00
1.192500000000000071e+01 -1.418509999999999942e-04 7.416389999999999647e-05 -1.418509999999999942e-04 2.415079658500000281e+00
1.194999999999999929e+01 -1.359330000000000011e-04 7.120820000000000036e-05 -1.359330000000000011e-04 2.410027276400000140e+00
1.197499999999999964e+01 -1.302820000000000106e-04 6.838660000000000691e-05 -1.302820000000000106e-04 2.404995003199999815e+00
1.200000000000000000e+01 -1.248859999999999966e-04 6.569250000000000165e-05 -1.248859999999999966e-04 2.399982833499999746e+00
1.202500000000000036e+01 -1.197340000000000025e-04 6.312005000000000903e-05 -1.197340000000000025e-04 2.394990762549999985e+00
1.205000000000000071e+01 -1.148130000000000000e-04 6.066345000000000277e-05 -1.148130000000000000e-04 2.390018785749999708e+00
1.207499999999999929e+01 -1.101139999999999964e-04 5.831740000000000513e-05 -1.101139999999999964e-04 2.385066898799999890e+00
1.209999999999999964e+01 -1.056259999999999946e-04 5.607700000000000537e-05 -1.056259999999999946e-04 2.380135097800000210e+00
1.212500000000000000e+01 -1.013400000000000021e-04 5.393730000000000280e-05 -1.013400000000000021e-04 2.375233378899999970e+00
1.215000000000000036e+01 -9.724539999999999562e-05 5.189400000000000154e-05 -9.724539999999999562e-05 2.370341738599999637e+00
1.217500000000000071e+01 -9.333490000000000655e-05 4.994276500000000327e-05 -9.333490000000000655e-05 2.365470173634999895e+00
1.219999999999999929e+01 -8.959959999999999507e-05 4.807953500000000180e-05 -8.959959999999999507e-05 2.360628680665000090e+00
1.222499999999999964e+01 -8.603160000000000484e-05 4.630038000000000003e-05 -8.603160000000000484e-05 2.355797256620000280e+00
1.225000000000000000e+01 -8.262319999999999864e-05 4.460160500000000375e-05 -8.262319999999999864e-05 2.350985898595000290e+00
1.227500000000000036e+01 -7.936709999999999436e-05 4.297973999999999382e-05 -7.936709999999999436e-05 2.346194603859999894e+00
1.230000000000000071e+01 -7.625630000000000375e-05 4.143102999999999895e-05 -7.625630000000000375e-05 2.341423369370000174e+00
1.232499999999999929e+01 -7.328399999999999834e-05 3.995243999999999656e-05 -7.328399999999999834e-05 2.336672192760000044e+00
1.234999999999999964e+01 -7.044389999999999821e-05 3.854044999999999791e-05 -7.044389999999999821e-05 2.331941071150000155e+00
1.237500000000000000e+01 -6.772960000000000287e-05 3.719186499999999632e-05 -6.772960000000000287e-05 2.327230001934999848e+00
1.240000000000000036e+01 -6.513509999999999916e-05 3.590359499999999925e-05 -6.513509999999999916e-05 2.322538982604999802e+00
1.242500000000000071e+01 -6.265469999999999492e-05 3.467248499999999606e-05 -6.265469999999999492e-05 2.317868010514999799e+00
1.244999999999999929e+01 -6.028289999999999842e-05 3.349587999999999752e-05 -6.028289999999999842e-05 2.313207083520000040e+00
1.247499999999999964e+01 -5.801409999999999738e-05 3.237005000000000020e-05 -5.801409999999999738e-05 2.308576198349999942e+00
1.250000000000000000e+01 -5.584330000000000115e-05 3.129267999999999801e-05 -5.584330000000000115e-05 2.303955353119999661e+00
1.252500000000000036e+01 -5.376549999999999879e-05 3.026065500000000005e-05 -5.376549999999999879e-05 2.299354545144999928e+00
1.255000000000000071e+01 -5.177579999999999986e-05 2.927130999999999944e-05 -5.177579999999999986e-05 2.294773772090000108e+00
1.257499999999999929e+01 -4.986950000000000085e-05 2.832186500000000162e-05 -4.986950000000000085e-05 2.290213031534999999e+00
1.259999999999999964e+01 -4.804219999999999888e-05 2.740955499999999951e-05 -4.804219999999999888e-05 2.285672321044999844e+00
1.262500000000000000e+01 -4.628979999999999851e-05 2.653183500000000141e-05 -4.628979999999999851e-05 2.281141638364999835e+00
1.265000000000000036e+01 -4.460770000000000322e-05 2.568626999999999963e-05 -4.460770000000000322e-05 2.276630981329999859e+00
1.267500000000000071e+01 -4.299239999999999854e-05 2.487045000000000174e-05 -4.299239999999999854e-05 2.272140347750000178e+00
1.269999999999999929e+01 -4.144000000000000304e-05 2.408193499999999968e-05 -4.144000000000000304e-05 2.267669735465000169e+00
1.272499999999999964e+01 -3.994690000000000204e-05 2.331864000000000007e-05 -3.994690000000000204e-05 2.263209142559999609e+00
1.275000000000000000e+01 -3.850960000000000141e-05 2.257855500000000121e-05 -3.850960000000000141e-05 2.258778567245000257e+00
1.277500000000000036e+01 -3.712510000000000137e-05 2.185961499999999755e-05 -3.712510000000000137e-05 2.254358007585000045e+00
1.280000000000000071e+01 -3.579020000000000167e-05 2.116022999999999984e-05 -3.579020000000000167e-05 2.249947462170000190e+00
1.282499999999999929e+01 -3.450220000000000316e-05 2.047862499999999911e-05 -3.450220000000000316e-05 2.245566929375000242e+00
1.284999999999999964e+01 -3.325839999999999992e-05 1.981323499999999767e-05 -3.325839999999999992e-05 2.241196407764999954e+00
1.287500000000000000e+01 -3.205619999999999981e-05 1.916289999999999910e-05 -3.205619999999999981e-05 2.236845896299999747e+00
1.290000000000000036e+01 -3.089359999999999844e-05 1.852635999999999994e-05 -3.089359999999999844e-05 2.232505393839999908e+00
1.292500000000000071e+01 -2.976830000000000093e-05 1.790265500000000080e-05 -2.976830000000000093e-05 2.228184899544999986e+00
1.294999999999999929e+01 -2.867849999999999994e-05 1.729094000000000017e-05 -2.867849999999999994e-05 2.223884412659999921e+00
1.297499999999999964e+01 -2.762249999999999854e-05 1.669046499999999979e-05 -2.762249999999999854e-05 2.219603932535000101e+00
1.300000000000000000e+01 -2.659869999999999997e-05 1.610077999999999867e-05 -2.659869999999999997e-05 2.215333458819999990e+00
1.302500000000000036e+01 -2.560570000000000118e-05 1.552142999999999888e-05 -2.560570000000000118e-05 2.211082991170000067e+00
1.305000000000000071e+01 -2.464239999999999974e-05 1.495231999999999883e-05 -2.464239999999999974e-05 2.206842529480000259e+00
1.307499999999999929e+01 -2.370770000000000004e-05 1.439311499999999882e-05 -2.370770000000000004e-05 2.202622073684999737e+00
1.309999999999999964e+01 -2.280059999999999986e-05 1.384411500000000120e-05 -2.280059999999999986e-05 2.198421624084999859e+00
1.312500000000000000e+01 -2.192050000000000129e-05 1.330526999999999907e-05 -2.192050000000000129e-05 2.194231180730000119e+00
1.315000000000000036e+01 -2.106669999999999940e-05 1.277693500000000035e-05 -2.106669999999999940e-05 2.190060744064999732e+00
1.317500000000000071e+01 -2.023859999999999966e-05 1.225945500000000035e-05 -2.023859999999999966e-05 2.185900314545000001e+00
1.319999999999999929e+01 -1.943580000000000118e-05 1.175318500000000019e-05 -1.943580000000000118e-05 2.181759892615000140e+00
1.322499999999999964e+01 -1.865810000000000014e-05 1.125874999999999957e-05 -1.865810000000000014e-05 2.177639479050000215e+00
1.325000000000000000e+01 -1.790499999999999882e-05 1.077658500000000009e-05 -1.790499999999999882e-05 2.173529074294999752e+00
1.327500000000000036e+01 -1.717650000000000063e-05 1.030732000000000011e-05 -1.717650000000000063e-05 2.169438679140000215e+00
1.330000000000000071e+01 -1.647249999999999856e-05 9.851545000000000221e-06 -1.647249999999999856e-05 2.165358294275000262e+00
1.332499999999999929e+01 -1.579269999999999874e-05 9.410194999999999779e-06 -1.579269999999999874e-05 2.161297920745000045e+00
1.334999999999999964e+01 -1.513709999999999946e-05 8.982925000000000057e-06 -1.513709999999999946e-05 2.157247558334999926e+00
1.337500000000000000e+01 -1.450579999999999925e-05 8.571259999999999315e-06 -1.450579999999999925e-05 2.153217208660000104e+00
1.340000000000000036e+01 -1.389859999999999937e-05 8.175439999999999097e-06 -1.389859999999999937e-05 2.149196872080000098e+00
1.342500000000000071e+01 -1.331539999999999960e-05 7.795949999999999449e-06 -1.331539999999999960e-05 2.145196549210000025e+00
1.344999999999999929e+01 -1.275619999999999994e-05 7.433324999999999681e-06 -1.275619999999999994e-05 2.141206240674999872e+00
1.347499999999999964e+01 -1.222090000000000017e-05 7.087790000000000286e-06 -1.222090000000000017e-05 2.137235946830000177e+00
1.350000000000000000e+01 -1.170940000000000007e-05 6.759734999999999748e-06 -1.170940000000000007e-05 2.133275668165000027e+00
1.352500000000000036e+01 -1.122140000000000068e-05 6.449354999999999850e-06 -1.122140000000000068e-05 2.129335404984999958e+00
1.355000000000000071e+01 -1.075669999999999986e-05 6.156791999999999853e-06 -1.075669999999999986e-05 2.125405157547999746e+00
1.357499999999999929e+01 -1.031510000000000056e-05 5.882088999999999885e-06 -1.031510000000000056e-05 2.121484925991000026e+00
1.359999999999999964e+01 -9.896089999999999301e-06 5.625173999999999652e-06 -9.896089999999999301e-06 2.117584710345999710e+00
1.362500000000000000e+01 -9.499399999999999207e-06 5.385878499999999903e-06 -9.499399999999999207e-06 2.113704510541499992e+00
1.365000000000000036e+01 -9.124500000000000476e-06 5.163957500000000440e-06 -9.124500000000000476e-06 2.109834326422499906e+00
1.367500000000000071e+01 -8.770849999999999212e-06 4.959045999999999446e-06 -8.770849999999999212e-06 2.105974157714000317e+00
1.369999999999999929e+01 -8.437859999999999881e-06 4.770683500000000620e-06 -8.437859999999999881e-06 2.102134004036499970e+00
1.372499999999999964e+01 -8.124859999999999659e-06 4.598330499999999765e-06 -8.124859999999999659e-06 2.098303864929500051e+00
1.375000000000000000e+01 -7.831119999999999995e-06 4.441372000000000444e-06 -7.831119999999999995e-06 2.094483739848000070e+00
1.377500000000000036e+01 -7.555880000000000238e-06 4.299072999999999522e-06 -7.555880000000000238e-06 2.090683628127000038e+00
1.380000000000000071e+01 -7.298280000000000366e-06 4.170651500000000399e-06 -7.298280000000000366e-06 2.086893529048500007e+00
1.382499999999999929e+01 -7.057470000000000210e-06 4.055283499999999812e-06 -7.057470000000000210e-06 2.083123441836499889e+00
1.384999999999999964e+01 -6.832529999999999786e-06 3.952041499999999794e-06 -6.832529999999999786e-06 2.079363365618499770e+00
1.387500000000000000e+01 -6.622510000000000397e-06 3.859982499999999935e-06 -6.622510000000000397e-06 2.075613299497500286e+00
1.390000000000000036e+01 -6.426440000000000257e-06 3.778115499999999775e-06 -6.426440000000000257e-06 2.071883242524500179e+00
1.392500000000000071e+01 -6.243340000000000265e-06 3.705453000000000113e-06 -6.243340000000000265e-06 2.068163193747000417e+00
1.394999999999999929e+01 -6.072169999999999666e-06 3.640938499999999632e-06 -6.072169999999999666e-06 2.064453152141499714e+00
1.397499999999999964e+01 -5.911969999999999912e-06 3.583568499999999959e-06 -5.911969999999999912e-06 2.060763116731500144e+00
1.400000000000000000e+01 -5.761729999999999806e-06 3.532300000000000045e-06 -5.761729999999999806e-06 2.057083086500000046e+00
1.402500000000000036e+01 -5.620509999999999657e-06 3.486153500000000062e-06 -5.620509999999999657e-06 2.053423060486499807e+00
1.405000000000000071e+01 -5.487239999999999999e-06 3.444078000000000011e-06 -5.487239999999999999e-06 2.049763037662000187e+00
1.407499999999999929e+01 -5.361090000000000369e-06 3.405196500000000034e-06 -5.361090000000000369e-06 2.046123017163500091e+00
1.409999999999999964e+01 -5.241120000000000228e-06 3.368582000000000167e-06 -5.241120000000000228e-06 2.042492998077999999e+00
1.412500000000000000e+01 -5.126499999999999960e-06 3.333377000000000137e-06 -5.126499999999999960e-06 2.038882979562999687e+00
1.415000000000000036e+01 -5.016409999999999800e-06 3.298795999999999968e-06 -5.016409999999999800e-06 2.035282960844000399e+00
1.417500000000000071e+01 -4.910109999999999648e-06 3.264122999999999800e-06 -4.910109999999999648e-06 2.031692941217000392e+00
1.419999999999999929e+01 -4.806899999999999666e-06 3.228691999999999885e-06 -4.806899999999999666e-06 2.028112920027999699e+00
1.422499999999999964e+01 -4.706149999999999826e-06 3.191937000000000268e-06 -4.706149999999999826e-06 2.024542896723000140e+00
1.425000000000000000e+01 -4.607319999999999622e-06 3.153351999999999688e-06 -4.607319999999999622e-06 2.020992870808000053e+00
1.427500000000000036e+01 -4.509899999999999799e-06 3.112519000000000159e-06 -4.509899999999999799e-06 2.017452841881000047e+00
1.430000000000000071e+01 -4.413469999999999775e-06 3.069111000000000065e-06 -4.413469999999999775e-06 2.013932809629000342e+00
1.432499999999999929e+01 -4.317679999999999630e-06 3.022879500000000066e-06 -4.317679999999999630e-06 2.010412773820499766e+00
1.434999999999999964e+01 -4.222250000000000105e-06 2.973665499999999795e-06 -4.222250000000000105e-06 2.006912734314500124e+00
1.437500000000000000e+01 -4.126970000000000062e-06 2.921388000000000192e-06 -4.126970000000000062e-06 2.003422691052000104e+00
1.440000000000000036e+01 -4.031709999999999724e-06 2.866035500000000200e-06 -4.031709999999999724e-06 1.999942644044500062e+00
1.442500000000000071e+01 -3.936390000000000270e-06 2.807686000000000277e-06 -3.936390000000000270e-06 1.996472593393999961e+00
1.444999999999999929e+01 -3.840990000000000303e-06 2.746487999999999970e-06 -3.840990000000000303e-06 1.993022539272000015e+00
1.447499999999999964e+01 -3.745559999999999931e-06 2.682642000000000259e-06 -3.745559999999999931e-06 1.989582481917999912e+00
1.450000000000000000e+01 -3.650219999999999925e-06 2.616421999999999816e-06 -3.650219999999999925e-06 1.986152421637999987e+00
1.452500000000000036e+01 -3.555120000000000192e-06 2.548176000000000199e-06 -3.555120000000000192e-06 1.982732358804000006e+00
1.455000000000000071e+01 -3.460459999999999899e-06 2.478264500000000029e-06 -3.460459999999999899e-06 1.979322293815499956e+00
1.457499999999999929e+01 -3.366480000000000165e-06 2.407118500000000406e-06 -3.366480000000000165e-06 1.975932227141500075e+00
1.459999999999999964e+01 -3.273459999999999826e-06 2.335179000000000161e-06 -3.273459999999999826e-06 1.972542159260999961e+00
1.462500000000000000e+01 -3.181709999999999815e-06 2.262945999999999967e-06 -3.181709999999999815e-06 1.969172090714000012e+00
1.465000000000000036e+01 -3.091589999999999906e-06 2.190899499999999944e-06 -3.091589999999999906e-06 1.965812022020499983e+00
1.467500000000000071e+01 -3.003380000000000203e-06 2.119558499999999808e-06 -3.003380000000000203e-06 1.962461953741500009e+00
1.469999999999999929e+01 -2.917399999999999800e-06 2.049443500000000057e-06 -2.917399999999999800e-06 1.959131886436499936e+00
1.472499999999999964e+01 -2.834119999999999811e-06 1.981062499999999890e-06 -2.834119999999999811e-06 1.955801820657500079e+00
1.475000000000000000e+01 -2.753830000000000195e-06 1.914916000000000099e-06 -2.753830000000000195e-06 1.952481756944000058e+00
1.477500000000000036e+01 -2.676889999999999878e-06 1.851483999999999958e-06 -2.676889999999999878e-06 1.949181695815999982e+00
1.480000000000000071e+01 -2.603620000000000070e-06 1.791236999999999855e-06 -2.603620000000000070e-06 1.945891637783000006e+00
1.482499999999999929e+01 -2.534330000000000010e-06 1.734596500000000097e-06 -2.534330000000000010e-06 1.942611583303500034e+00
1.484999999999999964e+01 -2.469310000000000080e-06 1.681974000000000077e-06 -2.469310000000000080e-06 1.939341532825999970e+00
1.487500000000000000e+01 -2.408830000000000110e-06 1.633703000000000001e-06 -2.408830000000000110e-06 1.936081486716999978e+00
1.490000000000000036e+01 -2.353090000000000115e-06 1.590097999999999976e-06 -2.353090000000000115e-06 1.932831445322000130e+00
1.492500000000000071e+01 -2.302290000000000110e-06 1.551425499999999839e-06 -2.302290000000000110e-06 1.929591408934499874e+00
1.494999999999999929e+01 -2.256580000000000001e-06 1.517900500000000020e-06 -2.256580000000000001e-06 1.926361377799500119e+00
1.497499999999999964e+01 -2.216069999999999858e-06 1.489682499999999946e-06 -2.216069999999999858e-06 1.923151352097499878e+00
1.500000000000000000e+01 -2.180820000000000069e-06 1.466870999999999927e-06 -2.180820000000000069e-06 1.919941331948999963e+00
1.502500000000000036e+01 -2.150860000000000190e-06 1.449498500000000120e-06 -2.150860000000000190e-06 1.916751317401499843e+00
1.505000000000000071e+01 -2.126159999999999816e-06 1.437588500000000009e-06 -2.126159999999999816e-06 1.913561308491499968e+00
1.507499999999999929e+01 -2.106640000000000129e-06 1.431045999999999936e-06 -2.106640000000000129e-06 1.910391305134000017e+00
1.509999999999999964e+01 -2.092200000000000060e-06 1.429766499999999874e-06 -2.092200000000000060e-06 1.907231307233499873e+00
1.512500000000000000e+01 -2.082679999999999853e-06 1.433600000000000132e-06 -2.082679999999999853e-06 1.904081314639999967e+00
1.515000000000000036e+01 -2.077870000000000063e-06 1.442275500000000003e-06 -2.077870000000000063e-06 1.900931327084500078e+00
1.517500000000000071e+01 -2.077539999999999848e-06 1.455535500000000110e-06 -2.077539999999999848e-06 1.897801344304499871e+00
1.519999999999999929e+01 -2.081419999999999801e-06 1.473072999999999813e-06 -2.081419999999999801e-06 1.894681365986999877e+00
1.522499999999999964e+01 -2.089199999999999835e-06 1.494553000000000029e-06 -2.089199999999999835e-06 1.891571391787000067e+00
1.525000000000000000e+01 -2.100520000000000177e-06 1.519571399999999832e-06 -2.100520000000000177e-06 1.888471421288600016e+00
1.527500000000000036e+01 -2.115030000000000060e-06 1.547705749999999916e-06 -2.115030000000000060e-06 1.885381454054249950e+00
1.530000000000000071e+01 -2.132320000000000025e-06 1.578504700000000115e-06 -2.132320000000000025e-06 1.882301489615300083e+00
1.532499999999999929e+01 -2.151999999999999894e-06 1.611487950000000067e-06 -2.151999999999999894e-06 1.879231527472049912e+00
1.534999999999999964e+01 -2.173629999999999804e-06 1.646176149999999892e-06 -2.173629999999999804e-06 1.876171567123849915e+00
1.537500000000000000e+01 -2.196769999999999891e-06 1.682060649999999938e-06 -2.196769999999999891e-06 1.873121608039349795e+00
1.540000000000000036e+01 -2.220979999999999867e-06 1.718643450000000011e-06 -2.220979999999999867e-06 1.870071649696549931e+00
1.542500000000000071e+01 -2.245819999999999870e-06 1.755406899999999998e-06 -2.245819999999999870e-06 1.867041691553100069e+00
1.544999999999999929e+01 -2.270840000000000183e-06 1.791843899999999943e-06 -2.270840000000000183e-06 1.864021733076099974e+00
1.547499999999999964e+01 -2.295609999999999947e-06 1.827467250000000075e-06 -2.295609999999999947e-06 1.861011773752750065e+00
1.550000000000000000e+01 -2.319709999999999852e-06 1.861799899999999964e-06 -2.319709999999999852e-06 1.858011813080099994e+00
1.552500000000000036e+01 -2.342720000000000162e-06 1.894364650000000116e-06 -2.342720000000000162e-06 1.855021850555349960e+00
1.555000000000000071e+01 -2.364260000000000129e-06 1.924734000000000061e-06 -2.364260000000000129e-06 1.852041885725999926e+00
1.557499999999999929e+01 -2.383960000000000126e-06 1.952499999999999941e-06 -2.383960000000000126e-06 1.849061918159999873e+00
1.559999999999999964e+01 -2.401480000000000087e-06 1.977264099999999902e-06 -2.401480000000000087e-06 1.846101947435900170e+00
1.562500000000000000e+01 -2.416530000000000053e-06 1.998697200000000031e-06 -2.416530000000000053e-06 1.843151973202800109e+00
1.565000000000000036e+01 -2.428820000000000066e-06 2.016489350000000209e-06 -2.428820000000000066e-06 1.840201995130650081e+00
1.567500000000000071e+01 -2.438109999999999853e-06 2.030369549999999945e-06 -2.438109999999999853e-06 1.837272012930450060e+00
1.569999999999999929e+01 -2.444199999999999824e-06 2.040106099999999851e-06 -2.444199999999999824e-06 1.834342026353900090e+00
1.572499999999999964e+01 -2.446919999999999944e-06 2.045506049999999863e-06 -2.446919999999999944e-06 1.831422035193950082e+00
1.575000000000000000e+01 -2.446160000000000141e-06 2.046475304999999902e-06 -2.446160000000000141e-06 1.828522039344694816e+00
1.577500000000000036e+01 -2.441830000000000048e-06 2.042898705000000235e-06 -2.441830000000000048e-06 1.825622038681294912e+00
1.580000000000000071e+01 -2.433889999999999833e-06 2.034739799999999719e-06 -2.433889999999999833e-06 1.822732033160199938e+00
1.582499999999999929e+01 -2.422350000000000194e-06 2.022010913499999699e-06 -2.422350000000000194e-06 1.819852022789086421e+00
1.584999999999999964e+01 -2.407250000000000118e-06 2.004753109999999795e-06 -2.407250000000000118e-06 1.816982007606890104e+00
1.587500000000000000e+01 -2.388679999999999973e-06 1.983076170000000288e-06 -2.388679999999999973e-06 1.814121987723829932e+00
1.590000000000000036e+01 -2.366769999999999957e-06 1.957138775000000017e-06 -2.366769999999999957e-06 1.811271963301224863e+00
1.592500000000000071e+01 -2.341669999999999977e-06 1.927088134999999991e-06 -2.341669999999999977e-06 1.808421934491864835e+00
1.594999999999999929e+01 -2.313610000000000029e-06 1.893170525000000056e-06 -2.313610000000000029e-06 1.805591901549475020e+00
1.597499999999999964e+01 -2.282809999999999833e-06 1.855650979999999925e-06 -2.282809999999999833e-06 1.802761864749020004e+00
1.600000000000000000e+01 -2.249560000000000193e-06 1.814853474999999875e-06 -2.249560000000000193e-06 1.799951824426524905e+00
1.602499999999999858e+01 -2.214160000000000075e-06 1.771091020000000113e-06 -2.214160000000000075e-06 1.797141780908980024e+00
1.605000000000000071e+01 -2.176919999999999988e-06 1.724735675000000111e-06 -2.176919999999999988e-06 1.794341734584325110e+00
1.607499999999999929e+01 -2.138219999999999833e-06 1.676188675000000041e-06 -2.138219999999999833e-06 1.791551685871324961e+00
1.610000000000000142e+01 -2.098439999999999936e-06 1.625870499999999894e-06 -2.098439999999999936e-06 1.788771635209499999e+00
1.612500000000000000e+01 -2.057970000000000051e-06 1.574210995000000075e-06 -2.057970000000000051e-06 1.785991583049004960e+00
1.614999999999999858e+01 -2.017229999999999912e-06 1.521679439999999932e-06 -2.017229999999999912e-06 1.783231529880560107e+00
1.617500000000000071e+01 -1.976649999999999955e-06 1.468744689999999922e-06 -1.976649999999999955e-06 1.780471476195309988e+00
1.619999999999999929e+01 -1.936660000000000191e-06 1.415855235000000000e-06 -1.936660000000000191e-06 1.777731422464765121e+00
1.622500000000000142e+01 -1.897689999999999995e-06 1.363519359999999872e-06 -1.897689999999999995e-06 1.774991369220640047e+00
1.625000000000000000e+01 -1.860219999999999911e-06 1.312225214999999998e-06 -1.860219999999999911e-06 1.772261316974784950e+00
1.627499999999999858e+01 -1.824660000000000035e-06 1.262440920000000181e-06 -1.824660000000000035e-06 1.769531266219080079e+00
1.630000000000000071e+01 -1.791460000000000082e-06 1.214644695000000014e-06 -1.791460000000000082e-06 1.766821217455305071e+00
1.632499999999999929e+01 -1.761050000000000063e-06 1.169314939999999953e-06 -1.761050000000000063e-06 1.764111171185060112e+00
1.635000000000000142e+01 -1.733849999999999925e-06 1.126890335500000106e-06 -1.733849999999999925e-06 1.761421127869664538e+00
1.637500000000000000e+01 -1.710239999999999994e-06 1.087829942500000130e-06 -1.710239999999999994e-06 1.758731087990057507e+00
1.639999999999999858e+01 -1.690629999999999939e-06 1.052543280500000121e-06 -1.690629999999999939e-06 1.756051051976719624e+00
1.642500000000000071e+01 -1.675379999999999958e-06 1.021440414999999831e-06 -1.675379999999999958e-06 1.753371020259585134e+00
1.644999999999999929e+01 -1.664829999999999907e-06 9.948790250000000355e-07 -1.664829999999999907e-06 1.750710993214974920e+00
1.647500000000000142e+01 -1.659290000000000083e-06 9.732194849999999075e-07 -1.659290000000000083e-06 1.748050971220515004e+00
1.650000000000000000e+01 -1.659060000000000087e-06 9.567699050000000893e-07 -1.659060000000000087e-06 1.745400954600095034e+00
1.652499999999999858e+01 -1.664390000000000043e-06 9.458351949999999915e-07 -1.664390000000000043e-06 1.742760943672805096e+00
1.655000000000000071e+01 -1.675530000000000075e-06 9.406621149999999500e-07 -1.675530000000000075e-06 1.740130938697884933e+00
1.657499999999999929e+01 -1.692669999999999923e-06 9.414763050000000270e-07 -1.692669999999999923e-06 1.737510939911695029e+00
1.660000000000000142e+01 -1.715969999999999979e-06 9.484723075000000810e-07 -1.715969999999999979e-06 1.734890947517692572e+00
1.662500000000000000e+01 -1.745560000000000021e-06 9.617915644999998900e-07 -1.745560000000000021e-06 1.732280961664435459e+00
1.664999999999999858e+01 -1.781549999999999909e-06 9.815585460000000289e-07 -1.781549999999999909e-06 1.729680982481454077e+00
1.667500000000000071e+01 -1.824000000000000028e-06 1.007850570000000177e-06 -1.824000000000000028e-06 1.727091010049430109e+00
1.669999999999999929e+01 -1.872920000000000018e-06 1.040718939999999931e-06 -1.872920000000000018e-06 1.724501044421060003e+00
1.672500000000000142e+01 -1.928310000000000093e-06 1.080163859999999820e-06 -1.928310000000000093e-06 1.721921085596139989e+00
1.675000000000000000e+01 -1.990140000000000058e-06 1.126146469999999909e-06 -1.990140000000000058e-06 1.719351133533529863e+00
1.677499999999999858e+01 -2.058319999999999971e-06 1.178628784999999947e-06 -2.058319999999999971e-06 1.716791188191215012e+00
1.680000000000000071e+01 -2.132740000000000184e-06 1.237503649999999910e-06 -2.132740000000000184e-06 1.714241249456349925e+00
1.682499999999999929e+01 -2.213249999999999943e-06 1.302624799999999995e-06 -2.213249999999999943e-06 1.711691317175199956e+00
1.685000000000000142e+01 -2.299680000000000062e-06 1.373846650000000114e-06 -2.299680000000000062e-06 1.709151391193350022e+00
1.687500000000000000e+01 -2.391819999999999827e-06 1.450964399999999990e-06 -2.391819999999999827e-06 1.706621471295600045e+00
1.689999999999999858e+01 -2.489440000000000089e-06 1.533743900000000034e-06 -2.489440000000000089e-06 1.704091557236100174e+00
1.692500000000000071e+01 -2.592280000000000022e-06 1.621951600000000075e-06 -2.592280000000000022e-06 1.701571648768400058e+00
1.694999999999999929e+01 -2.700029999999999965e-06 1.715304550000000108e-06 -2.700029999999999965e-06 1.699061745595449979e+00
1.697500000000000142e+01 -2.812409999999999810e-06 1.813490249999999870e-06 -2.812409999999999810e-06 1.696561847389750133e+00
1.700000000000000000e+01 -2.929060000000000210e-06 1.916196749999999824e-06 -2.929060000000000210e-06 1.694071953823250043e+00
1.702499999999999858e+01 -3.049629999999999972e-06 2.023082299999999907e-06 -3.049629999999999972e-06 1.691582064537699992e+00
1.705000000000000071e+01 -3.173760000000000171e-06 2.133775600000000225e-06 -3.173760000000000171e-06 1.689102179144400084e+00
1.707499999999999929e+01 -3.301060000000000206e-06 2.247895499999999881e-06 -3.301060000000000206e-06 1.686632297244500034e+00
1.710000000000000142e+01 -3.431130000000000046e-06 2.365071049999999827e-06 -3.431130000000000046e-06 1.684162418448950094e+00
1.712500000000000000e+01 -3.563549999999999957e-06 2.484891449999999819e-06 -3.563549999999999957e-06 1.681702542328549876e+00
1.714999999999999858e+01 -3.697900000000000204e-06 2.606935899999999761e-06 -3.697900000000000204e-06 1.679252668444099816e+00
1.717500000000000071e+01 -3.833760000000000204e-06 2.730803549999999717e-06 -3.833760000000000204e-06 1.676812796376449866e+00
1.719999999999999929e+01 -3.970709999999999800e-06 2.856063550000000191e-06 -3.970709999999999800e-06 1.674372925676449908e+00
1.722500000000000142e+01 -4.108290000000000268e-06 2.982294949999999909e-06 -4.108290000000000268e-06 1.671943055905049880e+00
1.725000000000000000e+01 -4.246080000000000180e-06 3.109066450000000073e-06 -4.246080000000000180e-06 1.669523186613549814e+00
1.727499999999999858e+01 -4.383649999999999949e-06 3.235976650000000232e-06 -4.383649999999999949e-06 1.667103317383350047e+00
1.730000000000000071e+01 -4.520560000000000134e-06 3.362583799999999893e-06 -4.520560000000000134e-06 1.664693447756200095e+00
1.732499999999999929e+01 -4.656400000000000006e-06 3.488495699999999791e-06 -4.656400000000000006e-06 1.662293577324299942e+00
1.735000000000000142e+01 -4.790749999999999829e-06 3.613300300000000019e-06 -4.790749999999999829e-06 1.659893705659700069e+00
1.737500000000000000e+01 -4.923189999999999869e-06 3.736604549999999712e-06 -4.923189999999999869e-06 1.657513832355450134e+00
1.739999999999999858e+01 -5.053349999999999653e-06 3.858025100000000156e-06 -5.053349999999999653e-06 1.655123957014899894e+00
1.742500000000000071e+01 -5.180829999999999997e-06 3.977188500000000012e-06 -5.180829999999999997e-06 1.652754079251499864e+00
1.744999999999999929e+01 -5.305259999999999584e-06 4.093729500000000155e-06 -5.305259999999999584e-06 1.650384198690499904e+00
1.747500000000000142e+01 -5.426300000000000037e-06 4.207314999999999714e-06 -5.426300000000000037e-06 1.648024314985000016e+00
1.750000000000000000e+01 -5.543599999999999744e-06 4.317607999999999337e-06 -5.543599999999999744e-06 1.645674427791999905e+00
1.752499999999999858e+01 -5.656840000000000036e-06 4.424403499999999931e-06 -5.656840000000000036e-06 1.643324536896499932e+00
1.755000000000000071e+01 -5.765720000000000254e-06 4.527135000000000152e-06 -5.765720000000000254e-06 1.640984641725000026e+00
1.757499999999999929e+01 -5.869960000000000293e-06 4.625805499999999870e-06 -5.869960000000000293e-06 1.638644742274500077e+00
1.760000000000000142e+01 -5.969299999999999751e-06 4.720047500000000483e-06 -5.969299999999999751e-06 1.636324838172499962e+00
1.762500000000000000e+01 -6.063489999999999776e-06 4.809642500000000089e-06 -6.063489999999999776e-06 1.633994929197500001e+00
1.764999999999999858e+01 -6.152310000000000223e-06 4.894382500000000569e-06 -6.152310000000000223e-06 1.631685015137499972e+00
1.767500000000000071e+01 -6.235559999999999808e-06 4.974068000000000333e-06 -6.235559999999999808e-06 1.629375095791999906e+00
1.769999999999999929e+01 -6.313070000000000189e-06 5.048519500000000038e-06 -6.313070000000000189e-06 1.627075170980500030e+00
1.772500000000000142e+01 -6.384669999999999639e-06 5.117606000000000516e-06 -6.384669999999999639e-06 1.624785240573999978e+00
1.775000000000000000e+01 -6.450239999999999927e-06 5.181187499999999595e-06 -6.450239999999999927e-06 1.622495304432499896e+00
1.777499999999999858e+01 -6.509649999999999584e-06 5.239152499999999810e-06 -6.509649999999999584e-06 1.620215362447499974e+00
1.780000000000000071e+01 -6.562800000000000083e-06 5.291419499999999864e-06 -6.562800000000000083e-06 1.617935414540500050e+00
1.782499999999999929e+01 -6.609660000000000173e-06 5.337916500000000310e-06 -6.609660000000000173e-06 1.615665460643500140e+00
1.785000000000000142e+01 -6.650200000000000296e-06 5.378590499999999474e-06 -6.650200000000000296e-06 1.613405500709499840e+00
1.787500000000000000e+01 -6.684289999999999829e-06 5.413428500000000173e-06 -6.684289999999999829e-06 1.611145534731500018e+00
1.789999999999999858e+01 -6.711979999999999729e-06 5.442417999999999838e-06 -6.711979999999999729e-06 1.608895562701999848e+00
1.792500000000000071e+01 -6.733279999999999847e-06 5.465564500000000210e-06 -6.733279999999999847e-06 1.606655584635499956e+00
1.794999999999999929e+01 -6.748209999999999888e-06 5.482895000000000128e-06 -6.748209999999999888e-06 1.604415600564999878e+00
1.797500000000000142e+01 -6.756819999999999963e-06 5.494454999999999896e-06 -6.756819999999999963e-06 1.602185610544999861e+00
1.800000000000000000e+01 -6.759179999999999887e-06 5.500300000000000515e-06 -6.759179999999999887e-06 1.599955614640000023e+00
1.802499999999999858e+01 -6.755360000000000320e-06 5.500525499999999857e-06 -6.755360000000000320e-06 1.597735612954500173e+00
1.805000000000000071e+01 -6.745449999999999935e-06 5.495196499999999929e-06 -6.745449999999999935e-06 1.595525605563500093e+00
1.807499999999999929e+01 -6.729580000000000204e-06 5.484438000000000157e-06 -6.729580000000000204e-06 1.593315592601999953e+00
1.810000000000000142e+01 -6.707870000000000203e-06 5.468356000000000504e-06 -6.707870000000000203e-06 1.591115574183999959e+00
1.812500000000000000e+01 -6.680439999999999858e-06 5.447084500000000008e-06 -6.680439999999999858e-06 1.588925550455500213e+00
1.814999999999999858e+01 -6.647450000000000196e-06 5.420778499999999348e-06 -6.647450000000000196e-06 1.586735521581499997e+00
1.817500000000000071e+01 -6.609059999999999704e-06 5.389562650000000707e-06 -6.609059999999999704e-06 1.584555487697349996e+00
1.819999999999999929e+01 -6.565449999999999964e-06 5.353622000000000053e-06 -6.565449999999999964e-06 1.582375448997999978e+00
1.822500000000000142e+01 -6.516769999999999611e-06 5.313111249999999943e-06 -6.516769999999999611e-06 1.580205405648750006e+00
1.825000000000000000e+01 -6.463239999999999633e-06 5.268215199999999887e-06 -6.463239999999999633e-06 1.578045357844800156e+00
1.827499999999999858e+01 -6.405039999999999920e-06 5.219108800000000299e-06 -6.405039999999999920e-06 1.575885305771199896e+00
1.830000000000000071e+01 -6.342370000000000061e-06 5.166017049999999979e-06 -6.342370000000000061e-06 1.573725249662949910e+00
1.832499999999999929e+01 -6.275440000000000347e-06 5.109074949999999899e-06 -6.275440000000000347e-06 1.571585189665049898e+00
1.835000000000000142e+01 -6.204460000000000224e-06 5.048507449999999737e-06 -6.204460000000000224e-06 1.569445126012549929e+00
1.837500000000000000e+01 -6.129639999999999981e-06 4.984520500000000552e-06 -6.129639999999999981e-06 1.567305058919499894e+00
1.839999999999999858e+01 -6.051189999999999911e-06 4.917309349999999737e-06 -6.051189999999999911e-06 1.565174988590649852e+00
1.842500000000000071e+01 -5.969349999999999861e-06 4.847089550000000142e-06 -5.969349999999999861e-06 1.563054915250450039e+00
1.844999999999999929e+01 -5.884330000000000123e-06 4.774047300000000427e-06 -5.884330000000000123e-06 1.560934839092700033e+00
1.847500000000000142e+01 -5.796349999999999993e-06 4.698407999999999994e-06 -5.796349999999999993e-06 1.558824760352000016e+00
1.850000000000000000e+01 -5.705619999999999762e-06 4.620328099999999488e-06 -5.705619999999999762e-06 1.556714679191899986e+00
1.852499999999999858e+01 -5.612380000000000126e-06 4.540084050000000325e-06 -5.612380000000000126e-06 1.554614595895950080e+00
1.855000000000000071e+01 -5.516829999999999830e-06 4.457852450000000223e-06 -5.516829999999999830e-06 1.552514510647549972e+00
1.857499999999999929e+01 -5.419189999999999863e-06 4.373820149999999988e-06 -5.419189999999999863e-06 1.550434423639849957e+00
1.860000000000000142e+01 -5.319669999999999671e-06 4.288194150000000039e-06 -5.319669999999999671e-06 1.548344335085850121e+00
1.862500000000000000e+01 -5.218490000000000243e-06 4.201151750000000209e-06 -5.218490000000000243e-06 1.546264245168250007e+00
1.864999999999999858e+01 -5.115850000000000325e-06 4.112900350000000677e-06 -5.115850000000000325e-06 1.544194154099649996e+00
1.867500000000000071e+01 -5.011950000000000354e-06 4.023607450000000453e-06 -5.011950000000000354e-06 1.542124062052550038e+00
1.869999999999999929e+01 -4.906980000000000070e-06 3.933461500000000219e-06 -4.906980000000000070e-06 1.540063969218500084e+00
1.872500000000000142e+01 -4.801139999999999911e-06 3.842630250000000528e-06 -4.801139999999999911e-06 1.538013875769750127e+00
1.875000000000000000e+01 -4.694609999999999764e-06 3.751291999999999760e-06 -4.694609999999999764e-06 1.535953781888000025e+00
1.877499999999999858e+01 -4.587559999999999662e-06 3.659605400000000186e-06 -4.587559999999999662e-06 1.533913687734600018e+00
1.880000000000000071e+01 -4.480180000000000192e-06 3.567719049999999599e-06 -4.480180000000000192e-06 1.531873593460949978e+00
1.882499999999999929e+01 -4.372629999999999841e-06 3.475802000000000302e-06 -4.372629999999999841e-06 1.529843499238000115e+00
1.885000000000000142e+01 -4.265069999999999638e-06 3.383983249999999717e-06 -4.265069999999999638e-06 1.527813405196749796e+00
1.887500000000000000e+01 -4.157649999999999910e-06 3.292402100000000015e-06 -4.157649999999999910e-06 1.525783311477899806e+00
1.889999999999999858e+01 -4.050520000000000142e-06 3.201188050000000007e-06 -4.050520000000000142e-06 1.523763218211950043e+00
1.892500000000000071e+01 -3.943819999999999960e-06 3.110500750000000087e-06 -3.943819999999999960e-06 1.521753125559250019e+00
1.894999999999999929e+01 -3.837670000000000138e-06 3.020399899999999975e-06 -3.837670000000000138e-06 1.519743033580100100e+00
1.897500000000000142e+01 -3.732220000000000157e-06 2.931035500000000001e-06 -3.732220000000000157e-06 1.517742942424500141e+00
1.900000000000000000e+01 -3.627569999999999812e-06 2.842497570000000181e-06 -3.627569999999999812e-06 1.515742852182430100e+00
1.902499999999999858e+01 -3.523830000000000023e-06 2.754876359999999881e-06 -3.523830000000000023e-06 1.513752762943640029e+00
1.905000000000000071e+01 -3.421110000000000013e-06 2.668272190000000060e-06 -3.421110000000000013e-06 1.511772674807809969e+00
1.907499999999999929e+01 -3.319510000000000004e-06 2.582775490000000313e-06 -3.319510000000000004e-06 1.509792587864509983e+00
1.910000000000000142e+01 -3.219119999999999936e-06 2.498446809999999845e-06 -3.219119999999999936e-06 1.507812502173190072e+00
1.912500000000000000e+01 -3.120010000000000050e-06 2.415366795000000135e-06 -3.120010000000000050e-06 1.505842417813205047e+00
1.914999999999999858e+01 -3.022269999999999864e-06 2.333596160000000032e-06 -3.022269999999999864e-06 1.503872334843840086e+00
1.917500000000000071e+01 -2.925960000000000189e-06 2.253185723500000020e-06 -2.925960000000000189e-06 1.501912253314276580e+00
1.919999999999999929e+01 -2.831149999999999990e-06 2.174196353999999983e-06 -2.831149999999999990e-06 1.499962173283645894e+00
1.922500000000000142e+01 -2.737889999999999802e-06 2.096668985000000229e-06 -2.737889999999999802e-06 1.498012094791015159e+00
1.925000000000000000e+01 -2.646240000000000011e-06 2.020634600000000337e-06 -2.646240000000000011e-06 1.496062017865400051e+00
1.927499999999999858e+01 -2.556230000000000173e-06 1.946124235000000234e-06 -2.556230000000000173e-06 1.494121942535764802e+00
1.930000000000000071e+01 -2.467900000000000122e-06 1.873178955000000122e-06 -2.467900000000000122e-06 1.492181868841045089e+00
1.932499999999999929e+01 -2.381299999999999969e-06 1.801809845000000085e-06 -2.381299999999999969e-06 1.490251796790155181e+00
1.935000000000000142e+01 -2.296430000000000136e-06 1.732028019999999890e-06 -2.296430000000000136e-06 1.488331726391979970e+00
1.937500000000000000e+01 -2.213330000000000034e-06 1.663844609999999890e-06 -2.213330000000000034e-06 1.486411657655390073e+00
1.939999999999999858e+01 -2.132009999999999938e-06 1.597260740000000034e-06 -2.132009999999999938e-06 1.484491590579260167e+00
1.942500000000000071e+01 -2.052480000000000125e-06 1.532287540000000041e-06 -2.052480000000000125e-06 1.482581525172460113e+00
1.944999999999999929e+01 -1.974750000000000024e-06 1.468906129999999821e-06 -1.974750000000000024e-06 1.480681461413869915e+00
1.947500000000000142e+01 -1.898809999999999994e-06 1.407097614999999971e-06 -1.898809999999999994e-06 1.478781399282385056e+00
1.950000000000000000e+01 -1.824670000000000099e-06 1.346873105000000136e-06 -1.824670000000000099e-06 1.476881338786894871e+00
1.952499999999999858e+01 -1.752320000000000063e-06 1.288183600000000021e-06 -1.752320000000000063e-06 1.474991279876399997e+00
1.955000000000000071e+01 -1.681739999999999970e-06 1.231010180000000027e-06 -1.681739999999999970e-06 1.473101222529820120e+00
1.957499999999999929e+01 -1.612919999999999967e-06 1.175333815000000157e-06 -1.612919999999999967e-06 1.471221166726184970e+00
1.960000000000000142e+01 -1.545839999999999924e-06 1.121105444999999900e-06 -1.545839999999999924e-06 1.469341112414555006e+00
1.962500000000000000e+01 -1.480489999999999991e-06 1.068285969999999932e-06 -1.480489999999999991e-06 1.467471059554030122e+00
1.964999999999999858e+01 -1.416820000000000057e-06 1.016826230000000016e-06 -1.416820000000000057e-06 1.465611008093770096e+00
1.967500000000000071e+01 -1.354820000000000058e-06 9.666889999999999022e-07 -1.354820000000000058e-06 1.463740957995000036e+00
1.969999999999999929e+01 -1.294449999999999948e-06 9.178059950000000676e-07 -1.294449999999999948e-06 1.461890909188005017e+00
1.972500000000000142e+01 -1.235670000000000106e-06 8.701198549999999625e-07 -1.235670000000000106e-06 1.460030861614144859e+00
1.975000000000000000e+01 -1.178459999999999979e-06 8.235651549999999565e-07 -1.178459999999999979e-06 1.458180815206844949e+00
1.977499999999999858e+01 -1.122760000000000030e-06 7.780693749999999877e-07 -1.122760000000000030e-06 1.456340769892624953e+00
1.980000000000000071e+01 -1.068530000000000000e-06 7.335549149999999892e-07 -1.068530000000000000e-06 1.454500725593084853e+00
1.982499999999999929e+01 -1.015730000000000057e-06 6.899380800000000193e-07 -1.015730000000000057e-06 1.452670682223919929e+00
1.985000000000000142e+01 -9.643100000000000898e-07 6.471300700000000407e-07 -9.643100000000000898e-07 1.450840639695929912e+00
1.987500000000000000e+01 -9.142199999999999900e-07 6.050319900000000309e-07 -9.142199999999999900e-07 1.449010597910009857e+00
1.989999999999999858e+01 -8.654080000000000159e-07 5.635408200000000388e-07 -8.654080000000000159e-07 1.447190556763179980e+00
1.992500000000000071e+01 -8.178190000000000256e-07 5.225454350000000410e-07 -8.178190000000000256e-07 1.445380516144565197e+00
1.994999999999999929e+01 -7.713929999999999512e-07 4.819185549999999630e-07 -7.713929999999999512e-07 1.443570475927445029e+00
1.997500000000000142e+01 -7.260859999999999545e-07 4.415589199999999912e-07 -7.260859999999999545e-07 1.441760436011079838e+00
2.000000000000000000e+01 -6.817989999999999498e-07 4.012434249999999949e-07 -6.817989999999999498e-07 1.439960396174574830e+00
