# raxis[fm], SN, VN, SP, VP [MeV]
0.000000000000000000e+00 -4.255670000000000073e+02 3.494976750000000152e+02 -4.255670000000000073e+02 3.562617250000000126e+02
2.500000000000000139e-02 -4.255670000000000073e+02 3.494976750000000152e+02 -4.255670000000000073e+02 3.562617250000000126e+02
5.000000000000000278e-02 -4.252509999999999764e+02 3.489992750000000115e+02 -4.252509999999999764e+02 3.557674250000000598e+02
7.499999999999999722e-02 -4.250749999999999886e+02 3.488316149999999993e+02 -4.250749999999999886e+02 3.556001850000000104e+02
1.000000000000000056e-01 -4.248340000000000032e+02 3.486107300000000464e+02 -4.248340000000000032e+02 3.553798699999999826e+02
1.250000000000000000e-01 -4.245400000000000205e+02 3.483517099999999687e+02 -4.245400000000000205e+02 3.551212899999999877e+02
1.499999999999999944e-01 -4.241850000000000023e+02 3.480425000000000182e+02 -4.241850000000000023e+02 3.548125999999999749e+02
1.749999999999999889e-01 -4.237719999999999914e+02 3.476841000000000008e+02 -4.237719999999999914e+02 3.544548000000000343e+02
2.000000000000000111e-01 -4.232989999999999782e+02 3.472745150000000081e+02 -4.232989999999999782e+02 3.540456849999999918e+02
2.250000000000000056e-01 -4.227679999999999723e+02 3.468157449999999926e+02 -4.227679999999999723e+02 3.535875550000000089e+02
2.500000000000000000e-01 -4.221759999999999877e+02 3.463077549999999860e+02 -4.221759999999999877e+02 3.530802449999999908e+02
2.750000000000000222e-01 -4.215330000000000155e+02 3.457526799999999980e+02 -4.215330000000000155e+02 3.525257199999999784e+02
2.999999999999999889e-01 -4.208369999999999891e+02 3.451504100000000221e+02 -4.208369999999999891e+02 3.519239900000000034e+02
3.250000000000000111e-01 -4.200889999999999986e+02 3.445039899999999875e+02 -4.200889999999999986e+02 3.512781100000000265e+02
3.499999999999999778e-01 -4.192919999999999732e+02 3.438104199999999651e+02 -4.192919999999999732e+02 3.505850800000000049e+02
3.750000000000000000e-01 -4.184470000000000027e+02 3.430797499999999900e+02 -4.184470000000000027e+02 3.498547499999999673e+02
4.000000000000000222e-01 -4.175579999999999927e+02 3.423089800000000196e+02 -4.175579999999999927e+02 3.490842199999999593e+02
4.249999999999999889e-01 -4.166259999999999764e+02 3.415011250000000018e+02 -4.166259999999999764e+02 3.482764750000000049e+02
4.500000000000000111e-01 -4.156549999999999727e+02 3.406581900000000473e+02 -4.156549999999999727e+02 3.474334099999999808e+02
4.749999999999999778e-01 -4.146469999999999914e+02 3.397812149999999747e+02 -4.146469999999999914e+02 3.465561850000000277e+02
5.000000000000000000e-01 -4.136039999999999850e+02 3.388741999999999734e+02 -4.136039999999999850e+02 3.456486000000000445e+02
5.250000000000000222e-01 -4.125299999999999727e+02 3.379391749999999774e+02 -4.125299999999999727e+02 3.447127249999999776e+02
5.500000000000000444e-01 -4.114279999999999973e+02 3.369791599999999789e+02 -4.114279999999999973e+02 3.437515399999999772e+02
5.749999999999999556e-01 -4.103020000000000209e+02 3.359961899999999559e+02 -4.103020000000000209e+02 3.427669099999999958e+02
5.999999999999999778e-01 -4.091539999999999964e+02 3.349932749999999828e+02 -4.091539999999999964e+02 3.417620249999999373e+02
6.250000000000000000e-01 -4.079870000000000232e+02 3.339724449999999933e+02 -4.079870000000000232e+02 3.407386549999999943e+02
6.500000000000000222e-01 -4.068059999999999832e+02 3.329377049999999940e+02 -4.068059999999999832e+02 3.397009950000000345e+02
6.750000000000000444e-01 -4.056129999999999995e+02 3.318921200000000340e+02 -4.056129999999999995e+02 3.386518800000000056e+02
6.999999999999999556e-01 -4.044119999999999777e+02 3.308377049999999713e+02 -4.044119999999999777e+02 3.375931950000000370e+02
7.249999999999999778e-01 -4.032069999999999936e+02 3.297764750000000049e+02 -4.032069999999999936e+02 3.365271250000000123e+02
7.500000000000000000e-01 -4.020000000000000000e+02 3.287114749999999503e+02 -4.020000000000000000e+02 3.354565249999999992e+02
7.750000000000000222e-01 -4.007959999999999923e+02 3.276487200000000257e+02 -4.007959999999999923e+02 3.343873799999999505e+02
8.000000000000000444e-01 -3.995969999999999800e+02 3.265902299999999627e+02 -3.995969999999999800e+02 3.333216699999999832e+02
8.249999999999999556e-01 -3.984080000000000155e+02 3.255370800000000031e+02 -3.984080000000000155e+02 3.322603200000000356e+02
8.499999999999999778e-01 -3.972309999999999945e+02 3.244942649999999844e+02 -3.972309999999999945e+02 3.312084350000000086e+02
8.750000000000000000e-01 -3.960699999999999932e+02 3.234638400000000047e+02 -3.960699999999999932e+02 3.301677600000000439e+02
9.000000000000000222e-01 -3.949279999999999973e+02 3.224488149999999678e+02 -3.949279999999999973e+02 3.291415849999999637e+02
9.250000000000000444e-01 -3.938079999999999927e+02 3.214522100000000364e+02 -3.938079999999999927e+02 3.281325899999999933e+02
9.499999999999999556e-01 -3.927139999999999986e+02 3.204760899999999992e+02 -3.927139999999999986e+02 3.271429099999999721e+02
9.749999999999999778e-01 -3.916490000000000009e+02 3.195234749999999622e+02 -3.916490000000000009e+02 3.261754249999999615e+02
1.000000000000000000e+00 -3.906150000000000091e+02 3.185984100000000012e+02 -3.906150000000000091e+02 3.252340900000000374e+02
1.024999999999999911e+00 -3.896159999999999854e+02 3.177008899999999585e+02 -3.896159999999999854e+02 3.243190099999999916e+02
1.050000000000000044e+00 -3.886530000000000200e+02 3.168359600000000000e+02 -3.886530000000000200e+02 3.234351399999999899e+02
1.074999999999999956e+00 -3.877300000000000182e+02 3.160046350000000075e+02 -3.877300000000000182e+02 3.225832649999999830e+02
1.100000000000000089e+00 -3.868489999999999895e+02 3.152089750000000095e+02 -3.868489999999999895e+02 3.217656250000000000e+02
1.125000000000000000e+00 -3.860120000000000005e+02 3.144509899999999902e+02 -3.860120000000000005e+02 3.209840100000000120e+02
1.149999999999999911e+00 -3.852219999999999800e+02 3.137337049999999863e+02 -3.852219999999999800e+02 3.202413950000000114e+02
1.175000000000000044e+00 -3.844800000000000182e+02 3.130581449999999677e+02 -3.844800000000000182e+02 3.195388550000000123e+02
1.199999999999999956e+00 -3.837869999999999777e+02 3.124253350000000182e+02 -3.837869999999999777e+02 3.188772649999999658e+02
1.225000000000000089e+00 -3.831460000000000150e+02 3.118372899999999959e+02 -3.831460000000000150e+02 3.182587100000000078e+02
1.250000000000000000e+00 -3.825579999999999927e+02 3.112960349999999607e+02 -3.825579999999999927e+02 3.176851649999999836e+02
1.274999999999999911e+00 -3.820230000000000246e+02 3.108015800000000013e+02 -3.820230000000000246e+02 3.171565200000000573e+02
1.300000000000000044e+00 -3.815430000000000064e+02 3.103559549999999945e+02 -3.815430000000000064e+02 3.166747450000000299e+02
1.324999999999999956e+00 -3.811190000000000282e+02 3.099591449999999782e+02 -3.811190000000000282e+02 3.162400549999999839e+02
1.350000000000000089e+00 -3.807500000000000000e+02 3.096111949999999524e+02 -3.807500000000000000e+02 3.158522049999999695e+02
1.375000000000000000e+00 -3.804379999999999882e+02 3.093131099999999947e+02 -3.804379999999999882e+02 3.155121899999999755e+02
1.399999999999999911e+00 -3.801820000000000164e+02 3.090649000000000228e+02 -3.801820000000000164e+02 3.152200999999999453e+02
1.425000000000000044e+00 -3.799830000000000041e+02 3.088675400000000195e+02 -3.799830000000000041e+02 3.149769600000000196e+02
1.449999999999999956e+00 -3.798380000000000223e+02 3.087190449999999942e+02 -3.798380000000000223e+02 3.147806450000000495e+02
1.475000000000000089e+00 -3.797490000000000236e+02 3.086194249999999784e+02 -3.797490000000000236e+02 3.146312549999999533e+02
1.500000000000000000e+00 -3.797130000000000223e+02 3.085686850000000163e+02 -3.797130000000000223e+02 3.145287349999999833e+02
1.524999999999999911e+00 -3.797309999999999945e+02 3.085678100000000086e+02 -3.797309999999999945e+02 3.144741099999999960e+02
1.550000000000000044e+00 -3.798000000000000114e+02 3.086108100000000150e+02 -3.798000000000000114e+02 3.144613699999999881e+02
1.574999999999999956e+00 -3.799189999999999827e+02 3.087016450000000418e+02 -3.799189999999999827e+02 3.144945450000000164e+02
1.600000000000000089e+00 -3.800869999999999891e+02 3.088353549999999927e+02 -3.800869999999999891e+02 3.145686050000000478e+02
1.625000000000000000e+00 -3.803009999999999877e+02 3.090099050000000034e+02 -3.803009999999999877e+02 3.146815749999999525e+02
1.649999999999999911e+00 -3.805600000000000023e+02 3.092242899999999963e+02 -3.805600000000000023e+02 3.148324599999999691e+02
1.675000000000000044e+00 -3.808600000000000136e+02 3.094784549999999967e+02 -3.808600000000000136e+02 3.150213149999999587e+02
1.699999999999999956e+00 -3.811999999999999886e+02 3.097684300000000235e+02 -3.811999999999999886e+02 3.152441199999999526e+02
1.725000000000000089e+00 -3.815769999999999982e+02 3.100941950000000134e+02 -3.815769999999999982e+02 3.155008749999999509e+02
1.750000000000000000e+00 -3.819879999999999995e+02 3.104517099999999914e+02 -3.819879999999999995e+02 3.157876199999999471e+02
1.774999999999999911e+00 -3.824300000000000068e+02 3.108379850000000033e+02 -3.824300000000000068e+02 3.161013550000000123e+02
1.800000000000000044e+00 -3.828990000000000009e+02 3.112519899999999780e+02 -3.828990000000000009e+02 3.164411100000000374e+02
1.824999999999999956e+00 -3.833929999999999723e+02 3.116887049999999704e+02 -3.833929999999999723e+02 3.168018850000000270e+02
1.850000000000000089e+00 -3.839080000000000155e+02 3.121470800000000168e+02 -3.839080000000000155e+02 3.171827399999999670e+02
1.875000000000000000e+00 -3.844399999999999977e+02 3.126231000000000222e+02 -3.844399999999999977e+02 3.175796899999999710e+02
1.899999999999999911e+00 -3.849850000000000136e+02 3.131147750000000087e+02 -3.849850000000000136e+02 3.179907149999999660e+02
1.925000000000000044e+00 -3.855409999999999968e+02 3.136170450000000187e+02 -3.855409999999999968e+02 3.184108750000000327e+02
1.949999999999999956e+00 -3.861030000000000086e+02 3.141279199999999605e+02 -3.861030000000000086e+02 3.188381600000000162e+02
1.975000000000000089e+00 -3.866669999999999732e+02 3.146443699999999808e+02 -3.866669999999999732e+02 3.192696000000000254e+02
2.000000000000000000e+00 -3.872289999999999850e+02 3.151623649999999657e+02 -3.872289999999999850e+02 3.197012250000000222e+02
2.024999999999999911e+00 -3.877850000000000250e+02 3.156788500000000113e+02 -3.877850000000000250e+02 3.201300800000000208e+02
2.049999999999999822e+00 -3.883310000000000173e+02 3.161897649999999658e+02 -3.883310000000000173e+02 3.205522249999999644e+02
2.075000000000000178e+00 -3.888620000000000232e+02 3.166922600000000330e+02 -3.888620000000000232e+02 3.209645100000000184e+02
2.100000000000000089e+00 -3.893750000000000000e+02 3.171831549999999993e+02 -3.893750000000000000e+02 3.213641150000000266e+02
2.125000000000000000e+00 -3.898659999999999854e+02 3.176584599999999909e+02 -3.898659999999999854e+02 3.217470299999999952e+02
2.149999999999999911e+00 -3.903299999999999841e+02 3.181141900000000078e+02 -3.903299999999999841e+02 3.221092299999999682e+02
2.174999999999999822e+00 -3.907629999999999768e+02 3.185483049999999707e+02 -3.907629999999999768e+02 3.224487649999999803e+02
2.200000000000000178e+00 -3.911619999999999777e+02 3.189557500000000232e+02 -3.911619999999999777e+02 3.227606700000000046e+02
2.225000000000000089e+00 -3.915210000000000150e+02 3.193344900000000166e+02 -3.915210000000000150e+02 3.230430000000000064e+02
2.250000000000000000e+00 -3.918369999999999891e+02 3.196805400000000077e+02 -3.918369999999999891e+02 3.232917300000000296e+02
2.274999999999999911e+00 -3.921070000000000277e+02 3.199909700000000043e+02 -3.921070000000000277e+02 3.235037900000000377e+02
2.299999999999999822e+00 -3.923249999999999886e+02 3.202626249999999573e+02 -3.923249999999999886e+02 3.236763349999999946e+02
2.325000000000000178e+00 -3.924889999999999759e+02 3.204915300000000116e+02 -3.924889999999999759e+02 3.238053299999999695e+02
2.350000000000000089e+00 -3.925939999999999941e+02 3.206746749999999793e+02 -3.925939999999999941e+02 3.238877950000000396e+02
2.375000000000000000e+00 -3.926370000000000005e+02 3.208100350000000276e+02 -3.926370000000000005e+02 3.239217550000000188e+02
2.399999999999999911e+00 -3.926150000000000091e+02 3.208935850000000300e+02 -3.926150000000000091e+02 3.239032349999999951e+02
2.424999999999999822e+00 -3.925230000000000246e+02 3.209233350000000087e+02 -3.925230000000000246e+02 3.238302150000000665e+02
2.450000000000000178e+00 -3.923580000000000041e+02 3.208952400000000011e+02 -3.923580000000000041e+02 3.236987499999999613e+02
2.475000000000000089e+00 -3.921190000000000282e+02 3.208072950000000105e+02 -3.921190000000000282e+02 3.235068449999999984e+02
2.500000000000000000e+00 -3.918000000000000114e+02 3.206574849999999515e+02 -3.918000000000000114e+02 3.232525150000000167e+02
2.524999999999999911e+00 -3.913999999999999773e+02 3.204417900000000259e+02 -3.913999999999999773e+02 3.229317899999999781e+02
2.549999999999999822e+00 -3.909150000000000205e+02 3.201601850000000127e+02 -3.909150000000000205e+02 3.225446750000000407e+02
2.575000000000000178e+00 -3.903439999999999941e+02 3.198076849999999922e+02 -3.903439999999999941e+02 3.220861750000000256e+02
2.600000000000000089e+00 -3.896820000000000164e+02 3.193842349999999897e+02 -3.896820000000000164e+02 3.215563350000000469e+02
2.625000000000000000e+00 -3.889289999999999736e+02 3.188868600000000129e+02 -3.889289999999999736e+02 3.209521500000000174e+02
2.649999999999999911e+00 -3.880810000000000173e+02 3.183125049999999874e+02 -3.880810000000000173e+02 3.202706550000000334e+02
2.674999999999999822e+00 -3.871379999999999768e+02 3.176611750000000143e+02 -3.871379999999999768e+02 3.195118650000000002e+02
2.700000000000000178e+00 -3.860960000000000036e+02 3.169308399999999892e+02 -3.860960000000000036e+02 3.186738100000000031e+02
2.725000000000000089e+00 -3.849549999999999841e+02 3.161184949999999958e+02 -3.849549999999999841e+02 3.177534850000000120e+02
2.750000000000000000e+00 -3.837119999999999891e+02 3.152250899999999660e+02 -3.837119999999999891e+02 3.167519599999999969e+02
2.774999999999999911e+00 -3.823670000000000186e+02 3.142466749999999820e+02 -3.823670000000000186e+02 3.156651850000000081e+02
2.799999999999999822e+00 -3.809169999999999732e+02 3.131831600000000435e+02 -3.809169999999999732e+02 3.144932499999999891e+02
2.825000000000000178e+00 -3.793629999999999995e+02 3.120335499999999911e+02 -3.793629999999999995e+02 3.132351599999999507e+02
2.850000000000000089e+00 -3.777040000000000077e+02 3.107968149999999810e+02 -3.777040000000000077e+02 3.118899450000000115e+02
2.875000000000000000e+00 -3.759350000000000023e+02 3.094729399999999941e+02 -3.759350000000000023e+02 3.104576199999999631e+02
2.899999999999999911e+00 -3.740659999999999741e+02 3.080588750000000005e+02 -3.740659999999999741e+02 3.089352549999999269e+02
2.924999999999999822e+00 -3.720869999999999891e+02 3.065566450000000032e+02 -3.720869999999999891e+02 3.073248150000000010e+02
2.950000000000000178e+00 -3.700000000000000000e+02 3.049641700000000242e+02 -3.700000000000000000e+02 3.056244000000000369e+02
2.975000000000000089e+00 -3.678070000000000164e+02 3.032834649999999783e+02 -3.678070000000000164e+02 3.038359849999999938e+02
3.000000000000000000e+00 -3.655059999999999718e+02 3.015104450000000043e+02 -3.655059999999999718e+02 3.019556749999999852e+02
3.024999999999999911e+00 -3.630989999999999895e+02 2.996470649999999978e+02 -3.630989999999999895e+02 2.999855150000000208e+02
3.049999999999999822e+00 -3.605869999999999891e+02 2.976933450000000221e+02 -3.605869999999999891e+02 2.979254950000000122e+02
3.075000000000000178e+00 -3.579700000000000273e+02 2.956502550000000156e+02 -3.579700000000000273e+02 2.957766550000000052e+02
3.100000000000000089e+00 -3.552490000000000236e+02 2.935166849999999954e+02 -3.552490000000000236e+02 2.935381050000000300e+02
3.125000000000000000e+00 -3.524250000000000114e+02 2.912946249999999964e+02 -3.524250000000000114e+02 2.912118550000000141e+02
3.149999999999999911e+00 -3.494990000000000236e+02 2.889840249999999742e+02 -3.494990000000000236e+02 2.887979849999999828e+02
3.174999999999999822e+00 -3.464739999999999895e+02 2.865858350000000314e+02 -3.464739999999999895e+02 2.862975350000000390e+02
3.200000000000000178e+00 -3.433500000000000227e+02 2.841000099999999975e+02 -3.433500000000000227e+02 2.837105600000000436e+02
3.225000000000000089e+00 -3.401299999999999955e+02 2.815284800000000018e+02 -3.401299999999999955e+02 2.810391399999999749e+02
3.250000000000000000e+00 -3.368140000000000214e+02 2.788721899999999891e+02 -3.368140000000000214e+02 2.782843399999999860e+02
3.274999999999999911e+00 -3.334060000000000059e+02 2.761330900000000383e+02 -3.334060000000000059e+02 2.754482199999999921e+02
3.299999999999999822e+00 -3.299080000000000155e+02 2.733121100000000183e+02 -3.299080000000000155e+02 2.725318500000000199e+02
3.325000000000000178e+00 -3.263229999999999791e+02 2.704101800000000253e+02 -3.263229999999999791e+02 2.695363200000000461e+02
3.350000000000000089e+00 -3.226519999999999868e+02 2.674302349999999819e+02 -3.226519999999999868e+02 2.664646950000000061e+02
3.375000000000000000e+00 -3.188990000000000009e+02 2.643742050000000177e+02 -3.188990000000000009e+02 2.633190450000000169e+02
3.399999999999999911e+00 -3.150659999999999741e+02 2.612420149999999808e+02 -3.150659999999999741e+02 2.600994749999999840e+02
3.424999999999999822e+00 -3.111560000000000059e+02 2.580385949999999866e+02 -3.111560000000000059e+02 2.568110550000000103e+02
3.450000000000000178e+00 -3.071730000000000018e+02 2.547638399999999876e+02 -3.071730000000000018e+02 2.534539000000000044e+02
3.475000000000000089e+00 -3.031190000000000282e+02 2.514217149999999776e+02 -3.031190000000000282e+02 2.500320450000000108e+02
3.500000000000000000e+00 -2.989959999999999809e+02 2.480141199999999913e+02 -2.989959999999999809e+02 2.465475999999999885e+02
3.524999999999999911e+00 -2.948120000000000118e+02 2.445439749999999890e+02 -2.948120000000000118e+02 2.430036649999999838e+02
3.549999999999999822e+00 -2.905670000000000073e+02 2.410132499999999993e+02 -2.905670000000000073e+02 2.394022699999999588e+02
3.575000000000000178e+00 -2.862660000000000196e+02 2.374257149999999967e+02 -2.862660000000000196e+02 2.357476650000000120e+02
3.600000000000000089e+00 -2.819110000000000014e+02 2.337844350000000020e+02 -2.819110000000000014e+02 2.320427750000000060e+02
3.625000000000000000e+00 -2.775079999999999814e+02 2.300912799999999834e+02 -2.775079999999999814e+02 2.282897499999999980e+02
3.649999999999999911e+00 -2.730590000000000259e+02 2.263511749999999836e+02 -2.730590000000000259e+02 2.244936749999999961e+02
3.674999999999999822e+00 -2.685690000000000168e+02 2.225650400000000104e+02 -2.685690000000000168e+02 2.206556400000000053e+02
3.700000000000000178e+00 -2.640409999999999968e+02 2.187387999999999977e+02 -2.640409999999999968e+02 2.167817199999999787e+02
3.725000000000000089e+00 -2.594800000000000182e+02 2.148743800000000022e+02 -2.594800000000000182e+02 2.128740099999999700e+02
3.750000000000000000e+00 -2.548890000000000100e+02 2.109757149999999797e+02 -2.548890000000000100e+02 2.089365650000000016e+02
3.774999999999999911e+00 -2.502729999999999961e+02 2.070467349999999840e+02 -2.502729999999999961e+02 2.049734849999999824e+02
3.799999999999999822e+00 -2.456349999999999909e+02 2.030903849999999977e+02 -2.456349999999999909e+02 2.009878149999999835e+02
3.825000000000000178e+00 -2.409799999999999898e+02 1.991116049999999973e+02 -2.409799999999999898e+02 1.969846450000000004e+02
3.850000000000000089e+00 -2.363110000000000070e+02 1.951123499999999922e+02 -2.363110000000000070e+02 1.929659999999999798e+02
3.875000000000000000e+00 -2.316330000000000098e+02 1.910975650000000030e+02 -2.316330000000000098e+02 1.889369649999999865e+02
3.899999999999999911e+00 -2.269499999999999886e+02 1.870702199999999777e+02 -2.269499999999999886e+02 1.849005599999999845e+02
3.924999999999999822e+00 -2.222649999999999864e+02 1.830352800000000002e+02 -2.222649999999999864e+02 1.808618400000000292e+02
3.950000000000000178e+00 -2.175829999999999984e+02 1.789967200000000105e+02 -2.175829999999999984e+02 1.768248399999999947e+02
3.975000000000000089e+00 -2.129079999999999870e+02 1.749565249999999992e+02 -2.129079999999999870e+02 1.727915649999999914e+02
4.000000000000000000e+00 -2.082419999999999902e+02 1.709206900000000076e+02 -2.082419999999999902e+02 1.687680499999999881e+02
4.025000000000000355e+00 -2.035910000000000082e+02 1.668912050000000136e+02 -2.035910000000000082e+02 1.647562849999999912e+02
4.049999999999999822e+00 -1.989579999999999984e+02 1.628730800000000158e+02 -1.989579999999999984e+02 1.607612900000000025e+02
4.075000000000000178e+00 -1.943460000000000036e+02 1.588683350000000019e+02 -1.943460000000000036e+02 1.567850449999999682e+02
4.099999999999999645e+00 -1.897589999999999861e+02 1.548829900000000066e+02 -1.897589999999999861e+02 1.528335299999999961e+02
4.125000000000000000e+00 -1.852009999999999934e+02 1.509190800000000081e+02 -1.852009999999999934e+02 1.489087199999999882e+02
4.150000000000000355e+00 -1.806750000000000114e+02 1.469806450000000098e+02 -1.806750000000000114e+02 1.450145750000000078e+02
4.174999999999999822e+00 -1.761829999999999927e+02 1.430697350000000085e+02 -1.761829999999999927e+02 1.411530549999999948e+02
4.200000000000000178e+00 -1.717299999999999898e+02 1.391914099999999905e+02 -1.717299999999999898e+02 1.373291100000000142e+02
4.224999999999999645e+00 -1.673180000000000121e+02 1.353477300000000128e+02 -1.673180000000000121e+02 1.335446799999999996e+02
4.250000000000000000e+00 -1.629499999999999886e+02 1.315427699999999902e+02 -1.629499999999999886e+02 1.298036899999999889e+02
4.275000000000000355e+00 -1.586270000000000095e+02 1.277796100000000052e+02 -1.586270000000000095e+02 1.261090699999999885e+02
4.299999999999999822e+00 -1.543580000000000041e+02 1.240603399999999965e+02 -1.543580000000000041e+02 1.224627400000000108e+02
4.325000000000000178e+00 -1.501390000000000100e+02 1.203870499999999879e+02 -1.501390000000000100e+02 1.188666099999999943e+02
4.349999999999999645e+00 -1.459739999999999895e+02 1.167638350000000003e+02 -1.459739999999999895e+02 1.153245850000000132e+02
4.375000000000000000e+00 -1.418660000000000139e+02 1.131918799999999976e+02 -1.418660000000000139e+02 1.118374799999999993e+02
4.400000000000000355e+00 -1.378170000000000073e+02 1.096741450000000100e+02 -1.378170000000000073e+02 1.084083550000000002e+02
4.424999999999999822e+00 -1.338290000000000077e+02 1.062128100000000046e+02 -1.338290000000000077e+02 1.050390100000000047e+02
4.450000000000000178e+00 -1.299029999999999916e+02 1.028091249999999945e+02 -1.299029999999999916e+02 1.017306249999999892e+02
4.474999999999999645e+00 -1.260409999999999968e+02 9.946675500000000625e+01 -1.260409999999999968e+02 9.848631499999999050e+01
4.500000000000000000e+00 -1.222450000000000045e+02 9.618504000000000076e+01 -1.222450000000000045e+02 9.530535000000000423e+01
4.525000000000000355e+00 -1.185169999999999959e+02 9.296641499999999780e+01 -1.185169999999999959e+02 9.218990500000001020e+01
4.549999999999999822e+00 -1.148569999999999993e+02 8.981229500000000598e+01 -1.148569999999999993e+02 8.914116500000000087e+01
4.575000000000000178e+00 -1.112660000000000053e+02 8.672381000000000029e+01 -1.112660000000000053e+02 8.615998999999999342e+01
4.599999999999999645e+00 -1.077459999999999951e+02 8.370217999999999847e+01 -1.077459999999999951e+02 8.324737999999999261e+01
4.625000000000000000e+00 -1.042969999999999970e+02 8.074802999999999997e+01 -1.042969999999999970e+02 8.040370000000001482e+01
4.650000000000000355e+00 -1.009200000000000017e+02 7.786227999999999838e+01 -1.009200000000000017e+02 7.762962999999999170e+01
4.674999999999999822e+00 -9.761629999999999541e+01 7.504545000000000243e+01 -9.761629999999999541e+01 7.492544999999999789e+01
4.700000000000000178e+00 -9.438530000000000086e+01 7.229795999999998912e+01 -9.438530000000000086e+01 7.229135999999999740e+01
4.724999999999999645e+00 -9.122759999999999536e+01 6.962002499999999827e+01 -9.122759999999999536e+01 6.972732500000000755e+01
4.750000000000000000e+00 -8.814350000000000307e+01 6.701195500000000038e+01 -8.814350000000000307e+01 6.723344500000000323e+01
4.775000000000000355e+00 -8.513309999999999889e+01 6.447382500000000505e+01 -8.513309999999999889e+01 6.480944499999999664e+01
4.799999999999999822e+00 -8.219629999999999370e+01 6.200520500000000368e+01 -8.219629999999999370e+01 6.245495499999999822e+01
4.825000000000000178e+00 -7.933299999999999841e+01 5.960616500000000428e+01 -7.933299999999999841e+01 6.016970500000000044e+01
4.849999999999999645e+00 -7.654290000000000305e+01 5.727613999999999805e+01 -7.654290000000000305e+01 5.795306000000000779e+01
4.875000000000000000e+00 -7.382580000000000098e+01 5.501494500000000443e+01 -7.382580000000000098e+01 5.580440499999999560e+01
4.900000000000000355e+00 -7.118120000000000402e+01 5.282179999999999609e+01 -7.118120000000000402e+01 5.372292999999999807e+01
4.924999999999999822e+00 -6.860850000000000648e+01 5.069619500000000301e+01 -6.860850000000000648e+01 5.170792500000000302e+01
4.950000000000000178e+00 -6.610710000000000264e+01 4.863740500000000111e+01 -6.610710000000000264e+01 4.975852499999999878e+01
4.974999999999999645e+00 -6.367649999999999721e+01 4.664450000000000074e+01 -6.367649999999999721e+01 4.787366999999999706e+01
5.000000000000000000e+00 -6.131580000000000297e+01 4.471665000000000134e+01 -6.131580000000000297e+01 4.605237999999999943e+01
5.025000000000000355e+00 -5.902409999999999712e+01 4.285281000000000518e+01 -5.902409999999999712e+01 4.429350000000000165e+01
5.049999999999999822e+00 -5.680060000000000286e+01 4.105194999999999794e+01 -5.680060000000000286e+01 4.259584999999999866e+01
5.075000000000000178e+00 -5.464439999999999742e+01 3.931311000000000178e+01 -5.464439999999999742e+01 4.095841000000000065e+01
5.099999999999999645e+00 -5.255449999999999733e+01 3.763495499999999794e+01 -5.255449999999999733e+01 3.937969499999999812e+01
5.125000000000000000e+00 -5.052960000000000207e+01 3.601640499999999889e+01 -5.052960000000000207e+01 3.785859499999999400e+01
5.150000000000000355e+00 -4.856889999999999930e+01 3.445620499999999709e+01 -4.856889999999999930e+01 3.639375499999999874e+01
5.174999999999999822e+00 -4.667110000000000269e+01 3.295299500000000137e+01 -4.667110000000000269e+01 3.498374499999999898e+01
5.200000000000000178e+00 -4.483509999999999707e+01 3.150550000000000139e+01 -4.483509999999999707e+01 3.362722999999999729e+01
5.224999999999999645e+00 -4.305960000000000321e+01 3.011244500000000102e+01 -4.305960000000000321e+01 3.232289500000000260e+01
5.250000000000000000e+00 -4.134340000000000259e+01 2.877244999999999919e+01 -4.134340000000000259e+01 3.106929999999999836e+01
5.275000000000000355e+00 -3.968529999999999802e+01 2.748413499999999843e+01 -3.968529999999999802e+01 2.986504500000000206e+01
5.299999999999999822e+00 -3.808389999999999986e+01 2.624611499999999964e+01 -3.808389999999999986e+01 2.870870500000000192e+01
5.325000000000000178e+00 -3.653799999999999670e+01 2.505689500000000081e+01 -3.653799999999999670e+01 2.759876500000000021e+01
5.349999999999999645e+00 -3.504630000000000223e+01 2.391528499999999724e+01 -3.504630000000000223e+01 2.653402499999999975e+01
5.375000000000000000e+00 -3.360739999999999839e+01 2.281968499999999977e+01 -3.360739999999999839e+01 2.551287499999999753e+01
5.400000000000000355e+00 -3.221999999999999886e+01 2.176890000000000214e+01 -3.221999999999999886e+01 2.453412000000000148e+01
5.424999999999999822e+00 -3.088279999999999959e+01 2.076131999999999778e+01 -3.088279999999999959e+01 2.359615000000000151e+01
5.450000000000000178e+00 -2.959450000000000003e+01 1.979575000000000173e+01 -2.959450000000000003e+01 2.269778000000000162e+01
5.474999999999999645e+00 -2.835369999999999990e+01 1.887077000000000027e+01 -2.835369999999999990e+01 2.183762000000000114e+01
5.500000000000000000e+00 -2.715909999999999869e+01 1.798508499999999799e+01 -2.715909999999999869e+01 2.101435499999999834e+01
5.525000000000000355e+00 -2.600929999999999964e+01 1.713716999999999757e+01 -2.600929999999999964e+01 2.022651999999999717e+01
5.549999999999999822e+00 -2.490319999999999823e+01 1.632591999999999999e+01 -2.490319999999999823e+01 1.947300999999999860e+01
5.575000000000000178e+00 -2.383930000000000149e+01 1.555001999999999995e+01 -2.383930000000000149e+01 1.875253999999999976e+01
5.599999999999999645e+00 -2.281650000000000134e+01 1.480804499999999990e+01 -2.281650000000000134e+01 1.806373500000000121e+01
5.625000000000000000e+00 -2.183340000000000103e+01 1.409897999999999918e+01 -2.183340000000000103e+01 1.740560999999999936e+01
5.650000000000000355e+00 -2.088879999999999981e+01 1.342140999999999984e+01 -2.088879999999999981e+01 1.677678000000000225e+01
5.674999999999999822e+00 -1.998150000000000048e+01 1.277421000000000006e+01 -1.998150000000000048e+01 1.617615999999999943e+01
5.700000000000000178e+00 -1.911029999999999873e+01 1.215625999999999962e+01 -1.911029999999999873e+01 1.560268000000000121e+01
5.724999999999999645e+00 -1.827390000000000114e+01 1.156633500000000048e+01 -1.827390000000000114e+01 1.505514499999999956e+01
5.750000000000000000e+00 -1.747119999999999962e+01 1.100341000000000058e+01 -1.747119999999999962e+01 1.453259999999999863e+01
5.775000000000000355e+00 -1.670110000000000028e+01 1.046636000000000166e+01 -1.670110000000000028e+01 1.403392999999999979e+01
5.799999999999999822e+00 -1.596240000000000059e+01 9.954164999999999708e+00 -1.596240000000000059e+01 1.355818499999999815e+01
5.825000000000000178e+00 -1.525409999999999933e+01 9.465799999999999770e+00 -1.525409999999999933e+01 1.310438000000000081e+01
5.849999999999999645e+00 -1.457499999999999929e+01 9.000254999999999228e+00 -1.457499999999999929e+01 1.267157499999999892e+01
5.875000000000000000e+00 -1.392420000000000080e+01 8.556599999999999540e+00 -1.392420000000000080e+01 1.225886000000000031e+01
5.900000000000000355e+00 -1.330049999999999955e+01 8.133900000000000574e+00 -1.330049999999999955e+01 1.186537000000000042e+01
5.924999999999999822e+00 -1.270309999999999917e+01 7.731259999999999799e+00 -1.270309999999999917e+01 1.149024000000000001e+01
5.950000000000000178e+00 -1.213090000000000046e+01 7.347809999999999953e+00 -1.213090000000000046e+01 1.113267000000000095e+01
5.974999999999999645e+00 -1.158300000000000018e+01 6.982714999999999783e+00 -1.158300000000000018e+01 1.079186500000000137e+01
6.000000000000000000e+00 -1.105850000000000044e+01 6.635167499999999663e+00 -1.105850000000000044e+01 1.046708250000000007e+01
6.025000000000000355e+00 -1.055640000000000001e+01 6.304387000000000185e+00 -1.055640000000000001e+01 1.015756299999999968e+01
6.049999999999999822e+00 -1.007600000000000051e+01 5.989616500000000343e+00 -1.007600000000000051e+01 9.862613500000000144e+00
6.075000000000000178e+00 -9.616329999999999600e+00 5.690159999999999663e+00 -9.616329999999999600e+00 9.581589999999998497e+00
6.099999999999999645e+00 -9.176640000000000796e+00 5.405293499999999973e+00 -9.176640000000000796e+00 9.313816500000001497e+00
6.125000000000000000e+00 -8.756119999999999237e+00 5.134362499999999940e+00 -8.756119999999999237e+00 9.058667500000000317e+00
6.150000000000000355e+00 -8.354010000000000602e+00 4.876723499999999767e+00 -8.354010000000000602e+00 8.815576500000000593e+00
6.174999999999999822e+00 -7.969570000000000043e+00 4.631762000000000157e+00 -7.969570000000000043e+00 8.583947999999999467e+00
6.200000000000000178e+00 -7.602089999999999570e+00 4.398885499999999560e+00 -7.602089999999999570e+00 8.363244500000000414e+00
6.224999999999999645e+00 -7.250880000000000436e+00 4.177531000000000105e+00 -7.250880000000000436e+00 8.152938999999999936e+00
6.250000000000000000e+00 -6.915269999999999584e+00 3.967146500000000131e+00 -6.915269999999999584e+00 7.952543499999999987e+00
6.275000000000000355e+00 -6.594630000000000436e+00 3.767220000000000013e+00 -6.594630000000000436e+00 7.761559999999999349e+00
6.299999999999999822e+00 -6.288310000000000066e+00 3.577250999999999959e+00 -6.288310000000000066e+00 7.579549000000000092e+00
6.325000000000000178e+00 -5.995730000000000004e+00 3.396757999999999722e+00 -5.995730000000000004e+00 7.406062000000000367e+00
6.349999999999999645e+00 -5.716310000000000002e+00 3.225290499999999838e+00 -5.716310000000000002e+00 7.240689500000000223e+00
6.375000000000000000e+00 -5.449489999999999945e+00 3.062399999999999789e+00 -5.449489999999999945e+00 7.083019999999999428e+00
6.400000000000000355e+00 -5.194749999999999979e+00 2.907687500000000203e+00 -5.194749999999999979e+00 6.932682500000000303e+00
6.424999999999999822e+00 -4.951559999999999739e+00 2.760752500000000165e+00 -4.951559999999999739e+00 6.789327500000000626e+00
6.450000000000000178e+00 -4.719420000000000393e+00 2.621208000000000204e+00 -4.719420000000000393e+00 6.652592000000000283e+00
6.474999999999999645e+00 -4.497869999999999813e+00 2.488686500000000024e+00 -4.497869999999999813e+00 6.522153499999999937e+00
6.500000000000000000e+00 -4.286439999999999806e+00 2.362851000000000035e+00 -4.286439999999999806e+00 6.397688999999999737e+00
6.525000000000000355e+00 -4.084699999999999775e+00 2.243364499999999762e+00 -4.084699999999999775e+00 6.278915500000000094e+00
6.549999999999999822e+00 -3.892220000000000013e+00 2.129922000000000093e+00 -3.892220000000000013e+00 6.165537999999999741e+00
6.575000000000000178e+00 -3.708590000000000053e+00 2.022216999999999931e+00 -3.708590000000000053e+00 6.057292999999999594e+00
6.599999999999999645e+00 -3.533430000000000071e+00 1.919965499999999992e+00 -3.533430000000000071e+00 5.953914499999999776e+00
6.625000000000000000e+00 -3.366359999999999797e+00 1.822902000000000022e+00 -3.366359999999999797e+00 5.855178000000000438e+00
6.650000000000000355e+00 -3.207019999999999982e+00 1.730753499999999834e+00 -3.207019999999999982e+00 5.760826499999999406e+00
6.674999999999999822e+00 -3.055060000000000109e+00 1.643276500000000029e+00 -3.055060000000000109e+00 5.670643499999999726e+00
6.700000000000000178e+00 -2.910169999999999924e+00 1.560247500000000009e+00 -2.910169999999999924e+00 5.584432500000000132e+00
6.724999999999999645e+00 -2.772019999999999929e+00 1.481435000000000057e+00 -2.772019999999999929e+00 5.501984999999999459e+00
6.750000000000000000e+00 -2.640309999999999935e+00 1.406625000000000014e+00 -2.640309999999999935e+00 5.423105000000000508e+00
6.775000000000000355e+00 -2.514749999999999819e+00 1.335617500000000124e+00 -2.514749999999999819e+00 5.347632500000000455e+00
6.799999999999999822e+00 -2.395059999999999967e+00 1.268220499999999973e+00 -2.395059999999999967e+00 5.275369500000000045e+00
6.825000000000000178e+00 -2.280980000000000008e+00 1.204253999999999936e+00 -2.280980000000000008e+00 5.206176000000000137e+00
6.849999999999999645e+00 -2.172250000000000014e+00 1.143537000000000026e+00 -2.172250000000000014e+00 5.139893000000000711e+00
6.875000000000000000e+00 -2.068620000000000125e+00 1.085911499999999918e+00 -2.068620000000000125e+00 5.076362500000000111e+00
6.900000000000000355e+00 -1.969880000000000075e+00 1.031216499999999980e+00 -1.969880000000000075e+00 5.015461499999999795e+00
6.924999999999999822e+00 -1.875780000000000003e+00 9.793050000000000921e-01 -1.875780000000000003e+00 4.957041000000000253e+00
6.950000000000000178e+00 -1.786119999999999930e+00 9.300340000000000273e-01 -1.786119999999999930e+00 4.900987999999999900e+00
6.974999999999999645e+00 -1.700690000000000035e+00 8.832714999999999872e-01 -1.700690000000000035e+00 4.847184499999999119e+00
7.000000000000000000e+00 -1.619310000000000027e+00 8.388875000000000082e-01 -1.619310000000000027e+00 4.795508500000000396e+00
7.025000000000000355e+00 -1.541779999999999928e+00 7.967624999999999291e-01 -1.541779999999999928e+00 4.745865500000000736e+00
7.049999999999999822e+00 -1.467919999999999892e+00 7.567800000000000082e-01 -1.467919999999999892e+00 4.698144000000000098e+00
7.075000000000000178e+00 -1.397569999999999979e+00 7.188320000000000265e-01 -1.397569999999999979e+00 4.652260000000000062e+00
7.099999999999999645e+00 -1.330559999999999965e+00 6.828134999999999621e-01 -1.330559999999999965e+00 4.608102500000000212e+00
7.125000000000000000e+00 -1.266729999999999912e+00 6.486269999999999536e-01 -1.266729999999999912e+00 4.565596999999999461e+00
7.150000000000000355e+00 -1.205950000000000077e+00 6.161780000000000035e-01 -1.205950000000000077e+00 4.524671999999999805e+00
7.174999999999999822e+00 -1.148060000000000080e+00 5.853779999999999539e-01 -1.148060000000000080e+00 4.485229999999999606e+00
7.200000000000000178e+00 -1.092929999999999957e+00 5.561435000000000128e-01 -1.092929999999999957e+00 4.447210499999999733e+00
7.224999999999999645e+00 -1.040429999999999966e+00 5.283930000000000016e-01 -1.040429999999999966e+00 4.410530999999999757e+00
7.250000000000000000e+00 -9.904460000000000486e-01 5.020517999999999370e-01 -9.904460000000000486e-01 4.375138200000000310e+00
7.275000000000000355e+00 -9.428490000000000482e-01 4.770486500000000185e-01 -9.428490000000000482e-01 4.340971350000000228e+00
7.299999999999999822e+00 -8.975300000000000500e-01 4.533129500000000478e-01 -8.975300000000000500e-01 4.307959050000000012e+00
7.325000000000000178e+00 -8.543819999999999748e-01 4.307811000000000279e-01 -8.543819999999999748e-01 4.276046899999999873e+00
7.349999999999999645e+00 -8.133029999999999982e-01 4.093906999999999963e-01 -8.133029999999999982e-01 4.245181300000000491e+00
7.375000000000000000e+00 -7.741949999999999665e-01 3.890846000000000027e-01 -7.741949999999999665e-01 4.215313400000000321e+00
7.400000000000000355e+00 -7.369639999999999525e-01 3.698066999999999882e-01 -7.369639999999999525e-01 4.186395300000000042e+00
7.424999999999999822e+00 -7.015219999999999789e-01 3.515042499999999626e-01 -7.015219999999999789e-01 4.158381750000000210e+00
7.450000000000000178e+00 -6.677840000000000442e-01 3.341276000000000246e-01 -6.677840000000000442e-01 4.131230399999999747e+00
7.474999999999999645e+00 -6.356690000000000396e-01 3.176292499999999741e-01 -6.356690000000000396e-01 4.104890750000000033e+00
7.500000000000000000e+00 -6.050990000000000535e-01 3.019648500000000069e-01 -6.050990000000000535e-01 4.079335150000000354e+00
7.525000000000000355e+00 -5.760020000000000140e-01 2.870902499999999913e-01 -5.760020000000000140e-01 4.054525749999999817e+00
7.549999999999999822e+00 -5.483069999999999888e-01 2.729644500000000251e-01 -5.483069999999999888e-01 4.030417550000000126e+00
7.575000000000000178e+00 -5.219470000000000498e-01 2.595524499999999901e-01 -5.219470000000000498e-01 4.006981549999999892e+00
7.599999999999999645e+00 -4.968580000000000219e-01 2.468153500000000167e-01 -4.968580000000000219e-01 3.984194650000000060e+00
7.625000000000000000e+00 -4.729800000000000115e-01 2.347199499999999828e-01 -4.729800000000000115e-01 3.962018049999999736e+00
7.650000000000000355e+00 -4.502539999999999876e-01 2.232324499999999989e-01 -4.502539999999999876e-01 3.940423549999999775e+00
7.674999999999999822e+00 -4.286260000000000070e-01 2.123225000000000251e-01 -4.286260000000000070e-01 3.919385499999999745e+00
7.700000000000000178e+00 -4.080420000000000158e-01 2.019597499999999934e-01 -4.080420000000000158e-01 3.898868250000000035e+00
7.724999999999999645e+00 -3.884520000000000195e-01 1.921161000000000119e-01 -3.884520000000000195e-01 3.878867899999999924e+00
7.750000000000000000e+00 -3.698089999999999988e-01 1.827663999999999955e-01 -3.698089999999999988e-01 3.859353599999999940e+00
7.775000000000000355e+00 -3.520670000000000188e-01 1.738836500000000007e-01 -3.520670000000000188e-01 3.840292349999999910e+00
7.799999999999999822e+00 -3.351830000000000087e-01 1.654449499999999795e-01 -3.351830000000000087e-01 3.821675050000000073e+00
7.825000000000000178e+00 -3.191149999999999820e-01 1.574274999999999980e-01 -3.191149999999999820e-01 3.803482499999999877e+00
7.849999999999999645e+00 -3.038239999999999830e-01 1.498106000000000160e-01 -3.038239999999999830e-01 3.785687400000000036e+00
7.875000000000000000e+00 -2.892719999999999736e-01 1.425725499999999923e-01 -2.892719999999999736e-01 3.768271450000000300e+00
7.900000000000000355e+00 -2.754240000000000022e-01 1.356947500000000029e-01 -2.754240000000000022e-01 3.751229249999999737e+00
7.924999999999999822e+00 -2.622450000000000059e-01 1.291578000000000170e-01 -2.622450000000000059e-01 3.734534200000000137e+00
7.950000000000000178e+00 -2.497040000000000093e-01 1.229461000000000026e-01 -2.497040000000000093e-01 3.718173900000000032e+00
7.974999999999999645e+00 -2.377680000000000071e-01 1.170424499999999923e-01 -2.377680000000000071e-01 3.702143549999999728e+00
8.000000000000000000e+00 -2.264100000000000001e-01 1.114305000000000018e-01 -2.264100000000000001e-01 3.686409700000000011e+00
8.025000000000000355e+00 -2.156009999999999871e-01 1.060960999999999987e-01 -2.156009999999999871e-01 3.670980499999999758e+00
8.050000000000000711e+00 -2.053129999999999955e-01 1.010249000000000008e-01 -2.053129999999999955e-01 3.655834099999999864e+00
8.074999999999999289e+00 -1.955230000000000024e-01 9.620365000000000166e-02 -1.955230000000000024e-01 3.640949550000000201e+00
8.099999999999999645e+00 -1.862050000000000094e-01 9.161974999999999980e-02 -1.862050000000000094e-01 3.626326249999999973e+00
8.125000000000000000e+00 -1.773379999999999956e-01 8.726095000000000379e-02 -1.773379999999999956e-01 3.611964250000000209e+00
8.150000000000000355e+00 -1.688979999999999926e-01 8.311595000000000788e-02 -1.688979999999999926e-01 3.597824049999999829e+00
8.175000000000000711e+00 -1.608650000000000080e-01 7.917414999999999869e-02 -1.608650000000000080e-01 3.583927049999999781e+00
8.199999999999999289e+00 -1.532199999999999951e-01 7.542495000000000449e-02 -1.532199999999999951e-01 3.570244450000000125e+00
8.224999999999999645e+00 -1.459429999999999894e-01 7.185899999999999233e-02 -1.459429999999999894e-01 3.556768599999999836e+00
8.250000000000000000e+00 -1.390160000000000007e-01 6.846680000000000821e-02 -1.390160000000000007e-01 3.543501599999999918e+00
8.275000000000000355e+00 -1.324230000000000129e-01 6.523969999999999769e-02 -1.324230000000000129e-01 3.530436499999999977e+00
8.300000000000000711e+00 -1.261480000000000101e-01 6.216939999999999966e-02 -1.261480000000000101e-01 3.517556400000000139e+00
8.324999999999999289e+00 -1.201740000000000030e-01 5.924794999999999368e-02 -1.201740000000000030e-01 3.504854850000000077e+00
8.349999999999999645e+00 -1.144870000000000054e-01 5.646810000000000024e-02 -1.144870000000000054e-01 3.492325899999999983e+00
8.375000000000000000e+00 -1.090730000000000033e-01 5.382255000000000372e-02 -1.090730000000000033e-01 3.479963649999999742e+00
8.400000000000000355e+00 -1.039199999999999985e-01 5.130475000000000313e-02 -1.039199999999999985e-01 3.467772649999999679e+00
8.425000000000000711e+00 -9.901300000000000379e-02 4.890809999999999602e-02 -9.901300000000000379e-02 3.455737699999999801e+00
8.449999999999999289e+00 -9.434159999999999768e-02 4.662679999999999603e-02 -9.434159999999999768e-02 3.443844000000000349e+00
8.474999999999999645e+00 -8.989400000000000168e-02 4.445495000000000002e-02 -8.989400000000000168e-02 3.432106849999999820e+00
8.500000000000000000e+00 -8.565920000000000478e-02 4.238729999999999581e-02 -8.565920000000000478e-02 3.420511899999999716e+00
8.525000000000000355e+00 -8.162690000000000223e-02 4.041840499999999753e-02 -8.162690000000000223e-02 3.409044795000000239e+00
8.550000000000000711e+00 -7.778730000000000366e-02 3.854368999999999851e-02 -7.778730000000000366e-02 3.397711909999999946e+00
8.574999999999999289e+00 -7.413110000000000532e-02 3.675820999999999950e-02 -7.413110000000000532e-02 3.386509190000000391e+00
8.599999999999999645e+00 -7.064929999999999821e-02 3.505772499999999792e-02 -7.064929999999999821e-02 3.375433275000000233e+00
8.625000000000000000e+00 -6.733350000000000446e-02 3.343802499999999622e-02 -6.733350000000000446e-02 3.364480775000000090e+00
8.650000000000000355e+00 -6.417570000000000219e-02 3.189521000000000023e-02 -6.417570000000000219e-02 3.353638590000000086e+00
8.675000000000000711e+00 -6.116810000000000302e-02 3.042539999999999828e-02 -6.116810000000000302e-02 3.342903600000000086e+00
8.699999999999999289e+00 -5.830359999999999709e-02 2.902504000000000195e-02 -5.830359999999999709e-02 3.332282959999999683e+00
8.724999999999999645e+00 -5.557530000000000109e-02 2.769077500000000081e-02 -5.557530000000000109e-02 3.321774024999999853e+00
8.750000000000000000e+00 -5.297639999999999988e-02 2.641928500000000068e-02 -5.297639999999999988e-02 3.311364114999999941e+00
8.775000000000000355e+00 -5.050090000000000134e-02 2.520774500000000015e-02 -5.050090000000000134e-02 3.301051055000000289e+00
8.800000000000000711e+00 -4.814269999999999661e-02 2.405306500000000194e-02 -4.814269999999999661e-02 3.290842334999999785e+00
8.824999999999999289e+00 -4.589619999999999811e-02 2.295254999999999865e-02 -4.589619999999999811e-02 3.280715849999999989e+00
8.849999999999999645e+00 -4.375609999999999916e-02 2.190352500000000008e-02 -4.375609999999999916e-02 3.270699475000000245e+00
8.875000000000000000e+00 -4.171720000000000289e-02 2.090362999999999943e-02 -4.171720000000000289e-02 3.260761369999999992e+00
8.900000000000000355e+00 -3.977460000000000023e-02 1.995041999999999996e-02 -3.977460000000000023e-02 3.250919580000000142e+00
8.925000000000000711e+00 -3.792380000000000057e-02 1.904165000000000024e-02 -3.792380000000000057e-02 3.241152349999999682e+00
8.949999999999999289e+00 -3.616029999999999939e-02 1.817519499999999816e-02 -3.616029999999999939e-02 3.231478005000000042e+00
8.974999999999999645e+00 -3.447999999999999676e-02 1.734903999999999960e-02 -3.447999999999999676e-02 3.221874960000000065e+00
9.000000000000000000e+00 -3.287890000000000257e-02 1.656137499999999971e-02 -3.287890000000000257e-02 3.212361824999999893e+00
9.025000000000000355e+00 -3.135310000000000180e-02 1.581019999999999995e-02 -3.135310000000000180e-02 3.202927000000000302e+00
9.050000000000000711e+00 -2.989920000000000078e-02 1.509383000000000079e-02 -2.989920000000000078e-02 3.193559169999999892e+00
9.074999999999999289e+00 -2.851369999999999946e-02 1.441068500000000120e-02 -2.851369999999999946e-02 3.184277114999999991e+00
9.099999999999999645e+00 -2.719330000000000011e-02 1.375919500000000011e-02 -2.719330000000000011e-02 3.175059604999999952e+00
9.125000000000000000e+00 -2.593490000000000031e-02 1.313769499999999958e-02 -2.593490000000000031e-02 3.165915304999999957e+00
9.150000000000000355e+00 -2.473559999999999995e-02 1.254503000000000042e-02 -2.473559999999999995e-02 3.156833370000000194e+00
9.175000000000000711e+00 -2.359259999999999829e-02 1.197965000000000141e-02 -2.359259999999999829e-02 3.147832549999999951e+00
9.199999999999999289e+00 -2.250310000000000157e-02 1.144031500000000125e-02 -2.250310000000000157e-02 3.138891885000000048e+00
9.224999999999999645e+00 -2.146479999999999916e-02 1.092581500000000018e-02 -2.146479999999999916e-02 3.130020444999999985e+00
9.250000000000000000e+00 -2.047500000000000014e-02 1.043499999999999983e-02 -2.047500000000000014e-02 3.121207319999999896e+00
9.275000000000000355e+00 -1.953159999999999966e-02 9.966714999999999255e-03 -1.953159999999999966e-02 3.112461605000000020e+00
9.300000000000000711e+00 -1.863240000000000035e-02 9.519949999999999246e-03 -1.863240000000000035e-02 3.103772530000000085e+00
9.324999999999999289e+00 -1.777520000000000142e-02 9.093674999999998981e-03 -1.777520000000000142e-02 3.095149284999999750e+00
9.349999999999999645e+00 -1.695800000000000085e-02 8.686934999999999796e-03 -1.695800000000000085e-02 3.086581124999999926e+00
9.375000000000000000e+00 -1.617909999999999834e-02 8.298840000000000036e-03 -1.617909999999999834e-02 3.078077359999999985e+00
9.400000000000000355e+00 -1.543650000000000057e-02 7.928475000000000800e-03 -1.543650000000000057e-02 3.069627265000000271e+00
9.425000000000000711e+00 -1.472859999999999968e-02 7.575015000000000047e-03 -1.472859999999999968e-02 3.061230205000000204e+00
9.449999999999999289e+00 -1.405370000000000057e-02 7.237694999999999719e-03 -1.405370000000000057e-02 3.052895584999999912e+00
9.474999999999999645e+00 -1.341020000000000059e-02 6.915745000000000052e-03 -1.341020000000000059e-02 3.044612794999999927e+00
9.500000000000000000e+00 -1.279680000000000054e-02 6.608460000000000029e-03 -1.279680000000000054e-02 3.036381299999999950e+00
9.525000000000000355e+00 -1.221180000000000009e-02 6.315144999999999439e-03 -1.221180000000000009e-02 3.028200534999999860e+00
9.550000000000000711e+00 -1.165419999999999998e-02 6.035155000000000380e-03 -1.165419999999999998e-02 3.020080025000000390e+00
9.574999999999999289e+00 -1.112239999999999930e-02 5.767865000000000492e-03 -1.112239999999999930e-02 3.011999255000000097e+00
9.599999999999999645e+00 -1.061540000000000053e-02 5.512690000000000645e-03 -1.061540000000000053e-02 3.003977789999999981e+00
9.625000000000000000e+00 -1.013189999999999924e-02 5.269064999999999860e-03 -1.013189999999999924e-02 2.996005175000000076e+00
9.650000000000000355e+00 -9.670919999999999517e-03 5.036445000000000505e-03 -9.670919999999999517e-03 2.988080995000000240e+00
9.675000000000000711e+00 -9.231289999999999635e-03 4.814330000000000345e-03 -9.231289999999999635e-03 2.980194849999999729e+00
9.699999999999999289e+00 -8.812060000000000032e-03 4.602234999999999659e-03 -8.812060000000000032e-03 2.972366365000000066e+00
9.724999999999999645e+00 -8.412249999999999589e-03 4.399700000000000312e-03 -8.412249999999999589e-03 2.964585179999999820e+00
9.750000000000000000e+00 -8.030960000000000182e-03 4.206269999999999801e-03 -8.030960000000000182e-03 2.956850949999999756e+00
9.775000000000000355e+00 -7.667320000000000038e-03 4.021534999999999693e-03 -7.667320000000000038e-03 2.949153345000000037e+00
9.800000000000000711e+00 -7.320509999999999691e-03 3.845090000000000226e-03 -7.320509999999999691e-03 2.941512049999999601e+00
9.824999999999999289e+00 -6.989719999999999614e-03 3.676564999999999694e-03 -6.989719999999999614e-03 2.933906775000000078e+00
9.849999999999999645e+00 -6.674229999999999746e-03 3.515575999999999857e-03 -6.674229999999999746e-03 2.926347224000000136e+00
9.875000000000000000e+00 -6.373290000000000205e-03 3.361805999999999735e-03 -6.373290000000000205e-03 2.918833154000000096e+00
9.900000000000000355e+00 -6.086249999999999646e-03 3.214928499999999880e-03 -6.086249999999999646e-03 2.911354311499999792e+00
9.925000000000000711e+00 -5.812440000000000315e-03 3.074609499999999586e-03 -5.812440000000000315e-03 2.903930430499999993e+00
9.949999999999999289e+00 -5.551249999999999761e-03 2.940555000000000078e-03 -5.551249999999999761e-03 2.896531285000000011e+00
9.974999999999999645e+00 -5.302089999999999755e-03 2.812484000000000078e-03 -5.302089999999999755e-03 2.889186656000000131e+00
1.000000000000000000e+01 -5.064400000000000152e-03 2.690135499999999919e-03 -5.064400000000000152e-03 2.881876344500000187e+00
1.002500000000000036e+01 -4.837639999999999822e-03 2.573240499999999813e-03 -4.837639999999999822e-03 2.874610139499999661e+00
1.005000000000000071e+01 -4.621300000000000061e-03 2.461561499999999868e-03 -4.621300000000000061e-03 2.867387858499999886e+00
1.007499999999999929e+01 -4.414900000000000248e-03 2.354862000000000101e-03 -4.414900000000000248e-03 2.860189318000000203e+00
1.009999999999999964e+01 -4.217979999999999646e-03 2.252926499999999884e-03 -4.217979999999999646e-03 2.853044353500000074e+00
1.012500000000000000e+01 -4.030080000000000121e-03 2.155521000000000086e-03 -4.030080000000000121e-03 2.845932778999999968e+00
1.015000000000000036e+01 -3.850800000000000143e-03 2.062461499999999979e-03 -3.850800000000000143e-03 2.838854458499999733e+00
1.017500000000000071e+01 -3.679729999999999980e-03 1.973546499999999804e-03 -3.679729999999999980e-03 2.831819233500000088e+00
1.019999999999999929e+01 -3.516490000000000154e-03 1.888594499999999904e-03 -3.516490000000000154e-03 2.824816965500000165e+00
1.022499999999999964e+01 -3.360709999999999826e-03 1.807424499999999920e-03 -3.360709999999999826e-03 2.817857515499999632e+00
1.025000000000000000e+01 -3.212050000000000148e-03 1.729866999999999950e-03 -3.212050000000000148e-03 2.810930753000000060e+00
1.027500000000000036e+01 -3.070170000000000104e-03 1.655753499999999996e-03 -3.070170000000000104e-03 2.804046546500000403e+00
1.030000000000000071e+01 -2.934770000000000174e-03 1.584945500000000101e-03 -2.934770000000000174e-03 2.797184794500000127e+00
1.032499999999999929e+01 -2.805520000000000149e-03 1.517286000000000069e-03 -2.805520000000000149e-03 2.790365374000000287e+00
1.034999999999999964e+01 -2.682159999999999839e-03 1.452628000000000079e-03 -2.682159999999999839e-03 2.783578171999999906e+00
1.037500000000000000e+01 -2.564410000000000040e-03 1.390845499999999882e-03 -2.564410000000000040e-03 2.776833094500000154e+00
1.040000000000000036e+01 -2.452000000000000186e-03 1.331801999999999986e-03 -2.452000000000000186e-03 2.770120037999999951e+00
1.042500000000000071e+01 -2.344680000000000028e-03 1.275364499999999922e-03 -2.344680000000000028e-03 2.763438895499999770e+00
1.044999999999999929e+01 -2.242220000000000064e-03 1.221427999999999880e-03 -2.242220000000000064e-03 2.756789592000000066e+00
1.047499999999999964e+01 -2.144379999999999984e-03 1.169878999999999971e-03 -2.144379999999999984e-03 2.750172040999999901e+00
1.050000000000000000e+01 -2.050960000000000109e-03 1.120592000000000116e-03 -2.050960000000000109e-03 2.743586144000000004e+00
1.052500000000000036e+01 -1.961749999999999952e-03 1.073474000000000043e-03 -1.961749999999999952e-03 2.737041834000000229e+00
1.055000000000000071e+01 -1.876550000000000050e-03 1.028424000000000005e-03 -1.876550000000000050e-03 2.730529031999999745e+00
1.057499999999999929e+01 -1.795160000000000072e-03 9.853435000000000232e-04 -1.795160000000000072e-03 2.724037666500000121e+00
1.059999999999999964e+01 -1.717430000000000042e-03 9.441430000000000438e-04 -1.717430000000000042e-03 2.717587668999999817e+00
1.062500000000000000e+01 -1.643160000000000063e-03 9.047340000000000286e-04 -1.643160000000000063e-03 2.711168974000000009e+00
1.065000000000000036e+01 -1.572210000000000100e-03 8.670350000000000496e-04 -1.572210000000000100e-03 2.704771519000000346e+00
1.067500000000000071e+01 -1.504410000000000079e-03 8.309640000000000082e-04 -1.504410000000000079e-03 2.698415243999999991e+00
1.069999999999999929e+01 -1.439619999999999962e-03 7.964479999999999477e-04 -1.439619999999999962e-03 2.692090094000000100e+00
1.072499999999999964e+01 -1.377710000000000089e-03 7.634130000000000039e-04 -1.377710000000000089e-03 2.685786014999999693e+00
1.075000000000000000e+01 -1.318519999999999892e-03 7.317965000000000060e-04 -1.318519999999999892e-03 2.679522961500000022e+00
1.077500000000000036e+01 -1.261949999999999964e-03 7.015224999999999499e-04 -1.261949999999999964e-03 2.673280875499999709e+00
1.080000000000000071e+01 -1.207869999999999994e-03 6.725349999999999297e-04 -1.207869999999999994e-03 2.667079716999999572e+00
1.082499999999999929e+01 -1.156160000000000044e-03 6.447744999999999302e-04 -1.156160000000000044e-03 2.660899443499999961e+00
1.084999999999999964e+01 -1.106709999999999899e-03 6.181870000000000767e-04 -1.106709999999999899e-03 2.654750015000000296e+00
1.087500000000000000e+01 -1.059430000000000094e-03 5.927174999999999371e-04 -1.059430000000000094e-03 2.648631392500000015e+00
1.090000000000000036e+01 -1.014209999999999981e-03 5.683164999999999788e-04 -1.014209999999999981e-03 2.642533541499999750e+00
1.092500000000000071e+01 -9.709550000000000168e-04 5.449384999999999733e-04 -9.709550000000000168e-04 2.636476427500000330e+00
1.094999999999999929e+01 -9.295829999999999935e-04 5.225364999999999394e-04 -9.295829999999999935e-04 2.630440017499999783e+00
1.097499999999999964e+01 -8.900050000000000279e-04 5.010690000000000369e-04 -8.900050000000000279e-04 2.624434283000000256e+00
1.100000000000000000e+01 -8.521419999999999603e-04 4.804960000000000155e-04 -8.521419999999999603e-04 2.618449196000000256e+00
1.102500000000000036e+01 -8.159159999999999720e-04 4.607794999999999816e-04 -8.159159999999999720e-04 2.612504728499999818e+00
1.105000000000000071e+01 -7.812570000000000452e-04 4.418830000000000110e-04 -7.812570000000000452e-04 2.606580856999999973e+00
1.107499999999999929e+01 -7.480930000000000218e-04 4.237714999999999863e-04 -7.480930000000000218e-04 2.600677556499999987e+00
1.109999999999999964e+01 -7.163589999999999628e-04 4.064135000000000078e-04 -7.163589999999999628e-04 2.594814804500000349e+00
1.112500000000000000e+01 -6.859919999999999603e-04 3.897774999999999591e-04 -6.859919999999999603e-04 2.588972580500000120e+00
1.115000000000000036e+01 -6.569339999999999685e-04 3.738344999999999797e-04 -6.569339999999999685e-04 2.583150863499999783e+00
1.117500000000000071e+01 -6.291260000000000342e-04 3.585556499999999897e-04 -6.291260000000000342e-04 2.577359634350000039e+00
1.119999999999999929e+01 -6.025149999999999733e-04 3.439143000000000083e-04 -6.025149999999999733e-04 2.571598873699999732e+00
1.122499999999999964e+01 -5.770490000000000515e-04 3.298863500000000031e-04 -5.770490000000000515e-04 2.565858565650000145e+00
1.125000000000000000e+01 -5.526780000000000234e-04 3.164459499999999954e-04 -5.526780000000000234e-04 2.560148692049999841e+00
1.127500000000000036e+01 -5.293560000000000322e-04 3.035695500000000317e-04 -5.293560000000000322e-04 2.554469236450000125e+00
1.130000000000000071e+01 -5.070370000000000042e-04 2.912337499999999931e-04 -5.070370000000000042e-04 2.548810182250000000e+00
1.132499999999999929e+01 -4.856789999999999827e-04 2.794182999999999671e-04 -4.856789999999999827e-04 2.543171515700000107e+00
1.134999999999999964e+01 -4.652389999999999954e-04 2.681011500000000242e-04 -4.652389999999999954e-04 2.537563220850000079e+00
1.137500000000000000e+01 -4.456780000000000247e-04 2.572613500000000132e-04 -4.456780000000000247e-04 2.531975282649999937e+00
1.140000000000000036e+01 -4.269589999999999757e-04 2.468791499999999756e-04 -4.269589999999999757e-04 2.526417686849999900e+00
1.142500000000000071e+01 -4.090450000000000249e-04 2.369369000000000184e-04 -4.090450000000000249e-04 2.520880421099999769e+00
1.144999999999999929e+01 -3.919020000000000164e-04 2.274140499999999915e-04 -3.919020000000000164e-04 2.515373469950000107e+00
1.147499999999999964e+01 -3.754949999999999954e-04 2.182940499999999975e-04 -3.754949999999999954e-04 2.509886821949999902e+00
1.150000000000000000e+01 -3.597930000000000160e-04 2.095584500000000061e-04 -3.597930000000000160e-04 2.504420461550000088e+00
1.152500000000000036e+01 -3.447640000000000080e-04 2.011902999999999836e-04 -3.447640000000000080e-04 2.498984377699999815e+00
1.155000000000000071e+01 -3.303800000000000183e-04 1.931728000000000015e-04 -3.303800000000000183e-04 2.493568557200000146e+00
1.157499999999999929e+01 -3.166110000000000083e-04 1.854901500000000116e-04 -3.166110000000000083e-04 2.488182987849999694e+00
1.159999999999999964e+01 -3.034310000000000024e-04 1.781264500000000130e-04 -3.034310000000000024e-04 2.482807657550000435e+00
1.162500000000000000e+01 -2.908130000000000090e-04 1.710677999999999819e-04 -2.908130000000000090e-04 2.477472556199999953e+00
1.165000000000000036e+01 -2.787320000000000140e-04 1.642980499999999947e-04 -2.787320000000000140e-04 2.472147669950000015e+00
1.167500000000000071e+01 -2.671640000000000191e-04 1.578043999999999964e-04 -2.671640000000000191e-04 2.466852989599999990e+00
1.169999999999999929e+01 -2.560859999999999873e-04 1.515734000000000081e-04 -2.560859999999999873e-04 2.461568504600000207e+00
1.172499999999999964e+01 -2.454760000000000058e-04 1.455926500000000027e-04 -2.454760000000000058e-04 2.456324205350000067e+00
1.175000000000000000e+01 -2.353119999999999995e-04 1.398479500000000169e-04 -2.353119999999999995e-04 2.451090080050000175e+00
1.177500000000000036e+01 -2.255749999999999943e-04 1.343289499999999906e-04 -2.255749999999999943e-04 2.445886121050000028e+00
1.180000000000000071e+01 -2.162450000000000006e-04 1.290255500000000034e-04 -2.162450000000000006e-04 2.440692320449999730e+00
1.182499999999999929e+01 -2.073040000000000061e-04 1.239256000000000049e-04 -2.073040000000000061e-04 2.435528668399999930e+00
1.184999999999999964e+01 -1.987349999999999870e-04 1.190190500000000103e-04 -1.987349999999999870e-04 2.430395156949999969e+00
1.187500000000000000e+01 -1.905200000000000123e-04 1.142984500000000000e-04 -1.905200000000000123e-04 2.425271780550000145e+00
1.190000000000000036e+01 -1.826449999999999970e-04 1.097540000000000066e-04 -1.826449999999999970e-04 2.420178531399999944e+00
1.192500000000000071e+01 -1.750939999999999875e-04 1.053774999999999986e-04 -1.750939999999999875e-04 2.415095403100000038e+00
1.194999999999999929e+01 -1.678519999999999914e-04 1.011624999999999992e-04 -1.678519999999999914e-04 2.410042390700000148e+00
1.197499999999999964e+01 -1.609079999999999983e-04 9.710155000000000208e-05 -1.609079999999999983e-04 2.405009488649999749e+00
1.200000000000000000e+01 -1.542480000000000045e-04 9.318860000000000424e-05 -1.542480000000000045e-04 2.399996692199999782e+00
1.202500000000000036e+01 -1.478600000000000107e-04 8.941774999999999951e-05 -1.478600000000000107e-04 2.395003997049999889e+00
1.205000000000000071e+01 -1.417330000000000065e-04 8.578455000000000184e-05 -1.417330000000000065e-04 2.390031400049999810e+00
1.207499999999999929e+01 -1.358560000000000084e-04 8.228310000000000506e-05 -1.358560000000000084e-04 2.385078896700000062e+00
1.209999999999999964e+01 -1.302200000000000102e-04 7.890960000000000086e-05 -1.302200000000000102e-04 2.380146484399999984e+00
1.212500000000000000e+01 -1.248149999999999900e-04 7.566060000000000537e-05 -1.248149999999999900e-04 2.375244160999999909e+00
1.215000000000000036e+01 -1.196319999999999957e-04 7.253259999999999059e-05 -1.196319999999999957e-04 2.370351923999999944e+00
1.217500000000000071e+01 -1.146629999999999964e-04 6.952240000000000373e-05 -1.146629999999999964e-04 2.365479771399999986e+00
1.219999999999999929e+01 -1.099010000000000037e-04 6.662709999999999098e-05 -1.099010000000000037e-04 2.360637701300000391e+00
1.222499999999999964e+01 -1.053359999999999957e-04 6.384434999999999123e-05 -1.053359999999999957e-04 2.355805712250000017e+00
1.225000000000000000e+01 -1.009630000000000022e-04 6.117160000000000230e-05 -1.009630000000000022e-04 2.350993802800000143e+00
1.227500000000000036e+01 -9.677530000000000160e-05 5.860674999999999923e-05 -9.677530000000000160e-05 2.346201971849999790e+00
1.230000000000000071e+01 -9.276559999999999830e-05 5.614770000000000454e-05 -9.276559999999999830e-05 2.341430218100000182e+00
1.232499999999999929e+01 -8.892810000000000666e-05 5.379249999999999700e-05 -8.892810000000000666e-05 2.336678540499999901e+00
1.234999999999999964e+01 -8.525700000000000043e-05 5.153930000000000306e-05 -8.525700000000000043e-05 2.331946937900000183e+00
1.237500000000000000e+01 -8.174649999999999397e-05 4.938605000000000127e-05 -8.174649999999999397e-05 2.327235409150000045e+00
1.240000000000000036e+01 -7.839120000000000257e-05 4.733075000000000081e-05 -7.839120000000000257e-05 2.322543953049999832e+00
1.242500000000000071e+01 -7.518559999999999382e-05 4.537165000000000122e-05 -7.518559999999999382e-05 2.317872568549999901e+00
1.244999999999999929e+01 -7.212460000000000399e-05 4.350614999999999680e-05 -7.212460000000000399e-05 2.313211253850000038e+00
1.247499999999999964e+01 -6.920299999999999455e-05 4.173245000000000394e-05 -6.920299999999999455e-05 2.308580007749999830e+00
1.250000000000000000e+01 -6.641579999999999522e-05 4.004800000000000010e-05 -6.641579999999999522e-05 2.303958828599999897e+00
1.252500000000000036e+01 -6.375799999999999502e-05 3.845030000000000014e-05 -6.375799999999999502e-05 2.299357714499999705e+00
1.255000000000000071e+01 -6.122470000000000353e-05 3.693684999999999856e-05 -6.122470000000000353e-05 2.294776663549999984e+00
1.257499999999999929e+01 -5.881100000000000325e-05 3.550463000000000094e-05 -5.881100000000000325e-05 2.290215673570000110e+00
1.259999999999999964e+01 -5.651199999999999697e-05 3.415089499999999823e-05 -5.651199999999999697e-05 2.285674742304999896e+00
1.262500000000000000e+01 -5.432300000000000149e-05 3.287238499999999952e-05 -5.432300000000000149e-05 2.281143867214999954e+00
1.265000000000000036e+01 -5.223909999999999930e-05 3.166658499999999829e-05 -5.223909999999999930e-05 2.276633046414999750e+00
1.267500000000000071e+01 -5.025550000000000020e-05 3.052797000000000106e-05 -5.025550000000000020e-05 2.272142275030000214e+00
1.269999999999999929e+01 -4.836760000000000088e-05 2.945523000000000089e-05 -4.836760000000000088e-05 2.267671552369999954e+00
1.272499999999999964e+01 -4.657069999999999781e-05 2.844395500000000099e-05 -4.657069999999999781e-05 2.263210874644999926e+00
1.275000000000000000e+01 -4.486010000000000101e-05 2.749053499999999954e-05 -4.486010000000000101e-05 2.258780238865000012e+00
1.277500000000000036e+01 -4.323120000000000039e-05 2.659119000000000315e-05 -4.323120000000000039e-05 2.254359641809999815e+00
1.280000000000000071e+01 -4.167959999999999986e-05 2.574207500000000036e-05 -4.167959999999999986e-05 2.249949080324999962e+00
1.282499999999999929e+01 -4.020080000000000311e-05 2.493951500000000173e-05 -4.020080000000000311e-05 2.245568551285000325e+00
1.284999999999999964e+01 -3.879060000000000093e-05 2.417971000000000231e-05 -3.879060000000000093e-05 2.241198051490000065e+00
1.287500000000000000e+01 -3.744449999999999699e-05 2.345906999999999832e-05 -3.744449999999999699e-05 2.236847577929999886e+00
1.290000000000000036e+01 -3.615870000000000331e-05 2.277381499999999974e-05 -3.615870000000000331e-05 2.232507127384999901e+00
1.292500000000000071e+01 -3.492919999999999754e-05 2.212053999999999879e-05 -3.492919999999999754e-05 2.228186697059999943e+00
1.294999999999999929e+01 -3.375219999999999848e-05 2.149589999999999861e-05 -3.375219999999999848e-05 2.223886284099999777e+00
1.297499999999999964e+01 -3.262419999999999844e-05 2.089670000000000272e-05 -3.262419999999999844e-05 2.219605885900000075e+00
1.300000000000000000e+01 -3.154160000000000308e-05 2.031978500000000047e-05 -3.154160000000000308e-05 2.215335499815000109e+00
1.302500000000000036e+01 -3.050119999999999860e-05 1.976247999999999785e-05 -3.050119999999999860e-05 2.211085123719999768e+00
1.305000000000000071e+01 -2.950009999999999899e-05 1.922223499999999944e-05 -2.950009999999999899e-05 2.206844755565000149e+00
1.307499999999999929e+01 -2.853540000000000126e-05 1.869649999999999963e-05 -2.853540000000000126e-05 2.202624393299999817e+00
1.309999999999999964e+01 -2.760459999999999994e-05 1.818332999999999790e-05 -2.760459999999999994e-05 2.198424035469999982e+00
1.312500000000000000e+01 -2.670519999999999971e-05 1.768089500000000176e-05 -2.670519999999999971e-05 2.194233680705000022e+00
1.315000000000000036e+01 -2.583519999999999957e-05 1.718756499999999881e-05 -2.583519999999999957e-05 2.190063327834999907e+00
1.317500000000000071e+01 -2.499250000000000169e-05 1.670201999999999836e-05 -2.499250000000000169e-05 2.185902975979999940e+00
1.319999999999999929e+01 -2.417559999999999940e-05 1.622325499999999787e-05 -2.417559999999999940e-05 2.181762624545000140e+00
1.322499999999999964e+01 -2.338299999999999957e-05 1.575046500000000201e-05 -2.338299999999999957e-05 2.177642273135000028e+00
1.325000000000000000e+01 -2.261339999999999935e-05 1.528317000000000092e-05 -2.261339999999999935e-05 2.173531921629999974e+00
1.327500000000000036e+01 -2.186579999999999993e-05 1.482126500000000081e-05 -2.186579999999999993e-05 2.169441570335000069e+00
1.330000000000000071e+01 -2.113929999999999935e-05 1.436439500000000056e-05 -2.113929999999999935e-05 2.165361219205000243e+00
1.332499999999999929e+01 -2.043319999999999945e-05 1.391288999999999953e-05 -2.043319999999999945e-05 2.161300868910000172e+00
1.334999999999999964e+01 -1.974719999999999958e-05 1.346719500000000007e-05 -1.974719999999999958e-05 2.157250520204999855e+00
1.337500000000000000e+01 -1.908069999999999843e-05 1.302777500000000081e-05 -1.908069999999999843e-05 2.153220173824999861e+00
1.340000000000000036e+01 -1.843369999999999937e-05 1.259528999999999880e-05 -1.843369999999999937e-05 2.149199830709999759e+00
1.342500000000000071e+01 -1.780609999999999881e-05 1.217061500000000104e-05 -1.780609999999999881e-05 2.145199491985000151e+00
1.344999999999999929e+01 -1.719779999999999990e-05 1.175463999999999864e-05 -1.719779999999999990e-05 2.141209158760000175e+00
1.347499999999999964e+01 -1.660909999999999993e-05 1.134846000000000044e-05 -1.660909999999999993e-05 2.137238832340000005e+00
1.350000000000000000e+01 -1.603989999999999867e-05 1.095314000000000132e-05 -1.603989999999999867e-05 2.133278514000000126e+00
1.352500000000000036e+01 -1.549070000000000061e-05 1.056969000000000078e-05 -1.549070000000000061e-05 2.129338204909999810e+00
1.355000000000000071e+01 -1.496159999999999919e-05 1.019946500000000044e-05 -1.496159999999999919e-05 2.125407906595000007e+00
1.357499999999999929e+01 -1.445290000000000015e-05 9.842825000000000074e-06 -1.445290000000000015e-05 2.121487619554999871e+00
1.359999999999999964e+01 -1.396480000000000053e-05 9.501480000000000719e-06 -1.396480000000000053e-05 2.117587345619999617e+00
1.362500000000000000e+01 -1.349759999999999931e-05 9.176135000000000872e-06 -1.349759999999999931e-05 2.113707085625000204e+00
1.365000000000000036e+01 -1.305150000000000032e-05 8.867634999999998659e-06 -1.305150000000000032e-05 2.109836840505000310e+00
1.367500000000000071e+01 -1.262660000000000037e-05 8.576714999999999757e-06 -1.262660000000000037e-05 2.105976611105000007e+00
1.369999999999999929e+01 -1.222289999999999947e-05 8.303989999999999755e-06 -1.222289999999999947e-05 2.102136398109999860e+00
1.372499999999999964e+01 -1.184039999999999932e-05 8.049920000000000339e-06 -1.184039999999999932e-05 2.098306202039999846e+00
1.375000000000000000e+01 -1.147909999999999992e-05 7.814834999999999184e-06 -1.147909999999999992e-05 2.094486023305000000e+00
1.377500000000000036e+01 -1.113880000000000082e-05 7.598874999999999307e-06 -1.113880000000000082e-05 2.090685862084999957e+00
1.380000000000000071e+01 -1.081909999999999946e-05 7.402030000000000008e-06 -1.081909999999999946e-05 2.086895718430000102e+00
1.382499999999999929e+01 -1.051970000000000026e-05 7.224124999999999210e-06 -1.051970000000000026e-05 2.083125592195000042e+00
1.384999999999999964e+01 -1.024000000000000021e-05 7.064784999999999479e-06 -1.024000000000000021e-05 2.079365483054999686e+00
1.387500000000000000e+01 -9.979440000000000798e-06 6.923509999999999718e-06 -9.979440000000000798e-06 2.075615390550000328e+00
1.390000000000000036e+01 -9.737340000000000185e-06 6.799584999999999883e-06 -9.737340000000000185e-06 2.071885313975000198e+00
1.392500000000000071e+01 -9.512869999999999605e-06 6.692200000000000064e-06 -9.512869999999999605e-06 2.068165252560000056e+00
1.394999999999999929e+01 -9.305119999999999773e-06 6.600354999999999760e-06 -9.305119999999999773e-06 2.064455205344999822e+00
1.397499999999999964e+01 -9.113099999999999196e-06 6.522905000000000188e-06 -9.113099999999999196e-06 2.060765171195000356e+00
1.400000000000000000e+01 -8.935739999999999254e-06 6.458614999999999657e-06 -8.935739999999999254e-06 2.057085148925000162e+00
1.402500000000000036e+01 -8.771910000000000520e-06 6.406129999999999938e-06 -8.771910000000000520e-06 2.053415137190000017e+00
1.405000000000000071e+01 -8.620390000000000656e-06 6.364010000000000246e-06 -8.620390000000000656e-06 2.049765134589999871e+00
1.407499999999999929e+01 -8.479989999999999425e-06 6.330719999999999926e-06 -8.479989999999999425e-06 2.046125139619999977e+00
1.409999999999999964e+01 -8.349400000000000054e-06 6.304699999999999962e-06 -8.349400000000000054e-06 2.042495150759999767e+00
1.412500000000000000e+01 -8.227350000000000096e-06 6.284369999999999938e-06 -8.227350000000000096e-06 2.038885166449999620e+00
1.415000000000000036e+01 -8.112529999999999389e-06 6.268084999999999975e-06 -8.112529999999999389e-06 2.035275185095000161e+00
1.417500000000000071e+01 -8.003659999999999871e-06 6.254260000000000154e-06 -8.003659999999999871e-06 2.031695205140000127e+00
1.419999999999999929e+01 -7.899470000000000789e-06 6.241305000000000207e-06 -7.899470000000000789e-06 2.028115225034999636e+00
1.422499999999999964e+01 -7.798709999999999402e-06 6.227698500000000594e-06 -7.798709999999999402e-06 2.024545243301500097e+00
1.425000000000000000e+01 -7.700260000000000370e-06 6.211968499999999646e-06 -7.700260000000000370e-06 2.020995258511499859e+00
1.427500000000000036e+01 -7.602930000000000067e-06 6.192724000000000681e-06 -7.602930000000000067e-06 2.017455269316000166e+00
1.430000000000000071e+01 -7.505709999999999835e-06 6.168723500000000028e-06 -7.505709999999999835e-06 2.013935274516500229e+00
1.432499999999999929e+01 -7.407619999999999729e-06 6.138694500000000150e-06 -7.407619999999999729e-06 2.010415272885499594e+00
1.434999999999999964e+01 -7.307789999999999874e-06 6.101684999999999332e-06 -7.307789999999999874e-06 2.006915263514999825e+00
1.437500000000000000e+01 -7.205449999999999766e-06 6.056753500000000489e-06 -7.205449999999999766e-06 2.003425245506500030e+00
1.440000000000000036e+01 -7.099939999999999822e-06 6.003168500000000052e-06 -7.099939999999999822e-06 1.999945218171500061e+00
1.442500000000000071e+01 -6.990709999999999684e-06 5.940289500000000142e-06 -6.990709999999999684e-06 1.996475180910499914e+00
1.444999999999999929e+01 -6.877329999999999763e-06 5.867716500000000726e-06 -6.877329999999999763e-06 1.993025133363500068e+00
1.447499999999999964e+01 -6.759490000000000397e-06 5.785161499999999786e-06 -6.759490000000000397e-06 1.989585075278499815e+00
1.450000000000000000e+01 -6.637010000000000004e-06 5.692526999999999818e-06 -6.637010000000000004e-06 1.986155006593000039e+00
1.452500000000000036e+01 -6.509830000000000317e-06 5.589877000000000047e-06 -6.509830000000000317e-06 1.982734927403000169e+00
1.455000000000000071e+01 -6.378009999999999604e-06 5.477417000000000111e-06 -6.378009999999999604e-06 1.979324837942999959e+00
1.457499999999999929e+01 -6.241719999999999593e-06 5.355554500000000564e-06 -6.241719999999999593e-06 1.975934738645499955e+00
1.459999999999999964e+01 -6.101250000000000241e-06 5.224810000000000210e-06 -6.101250000000000241e-06 1.972544630050000025e+00
1.462500000000000000e+01 -5.956980000000000181e-06 5.085863999999999728e-06 -5.956980000000000181e-06 1.969174512856000092e+00
1.465000000000000036e+01 -5.809440000000000066e-06 4.939540499999999840e-06 -5.809440000000000066e-06 1.965814387899500026e+00
1.467500000000000071e+01 -5.659199999999999959e-06 4.786764999999999731e-06 -5.659199999999999959e-06 1.962464256115000083e+00
1.469999999999999929e+01 -5.506939999999999997e-06 4.628605999999999777e-06 -5.506939999999999997e-06 1.959134118574000105e+00
1.472499999999999964e+01 -5.353410000000000131e-06 4.466162500000000457e-06 -5.353410000000000131e-06 1.955803976377499920e+00
1.475000000000000000e+01 -5.199410000000000419e-06 4.300666999999999900e-06 -5.199410000000000419e-06 1.952483830752999916e+00
1.477500000000000036e+01 -5.045809999999999891e-06 4.133413500000000367e-06 -5.045809999999999891e-06 1.949183682986499910e+00
1.480000000000000071e+01 -4.893489999999999967e-06 3.965708499999999912e-06 -4.893489999999999967e-06 1.945893534371499811e+00
1.482499999999999929e+01 -4.743379999999999637e-06 3.798918999999999635e-06 -4.743379999999999637e-06 1.942613386260999997e+00
1.484999999999999964e+01 -4.596430000000000138e-06 3.634424999999999935e-06 -4.596430000000000138e-06 1.939343240015000136e+00
1.487500000000000000e+01 -4.453640000000000273e-06 3.473566999999999806e-06 -4.453640000000000273e-06 1.936083096953000071e+00
1.490000000000000036e+01 -4.315790000000000399e-06 3.317707999999999813e-06 -4.315790000000000399e-06 1.932832958412000091e+00
1.492500000000000071e+01 -4.183770000000000094e-06 3.168140000000000045e-06 -4.183770000000000094e-06 1.929592825659999900e+00
1.494999999999999929e+01 -4.058629999999999967e-06 3.026118499999999901e-06 -4.058629999999999967e-06 1.926362699921499999e+00
1.497499999999999964e+01 -3.941100000000000264e-06 2.892827499999999875e-06 -3.941100000000000264e-06 1.923152582352499973e+00
1.500000000000000000e+01 -3.831949999999999793e-06 2.769382000000000042e-06 -3.831949999999999793e-06 1.919942474038000002e+00
1.502500000000000036e+01 -3.731880000000000089e-06 2.656777499999999823e-06 -3.731880000000000089e-06 1.916752375942500031e+00
1.505000000000000071e+01 -3.641500000000000202e-06 2.555908999999999994e-06 -3.641500000000000202e-06 1.913562288930999999e+00
1.507499999999999929e+01 -3.561369999999999921e-06 2.467551500000000137e-06 -3.561369999999999921e-06 1.910392213748500101e+00
1.509999999999999964e+01 -3.491929999999999955e-06 2.392378500000000103e-06 -3.491929999999999955e-06 1.907232151041500012e+00
1.512500000000000000e+01 -3.433549999999999931e-06 2.330913500000000261e-06 -3.433549999999999931e-06 1.904082101306499908e+00
1.515000000000000036e+01 -3.386479999999999974e-06 2.283528500000000290e-06 -3.386479999999999974e-06 1.900932064891500017e+00
1.517500000000000071e+01 -3.350879999999999840e-06 2.250474000000000012e-06 -3.350879999999999840e-06 1.897802042026000002e+00
1.519999999999999929e+01 -3.326790000000000212e-06 2.231858999999999683e-06 -3.326790000000000212e-06 1.894682032800999893e+00
1.522499999999999964e+01 -3.314169999999999984e-06 2.227620499999999893e-06 -3.314169999999999984e-06 1.891572037139499951e+00
1.525000000000000000e+01 -3.312849999999999969e-06 2.237574500000000221e-06 -3.312849999999999969e-06 1.888472054845500070e+00
1.527500000000000036e+01 -3.322559999999999915e-06 2.261393000000000085e-06 -3.322559999999999915e-06 1.885382085587000045e+00
1.530000000000000071e+01 -3.342949999999999901e-06 2.298628499999999942e-06 -3.342949999999999901e-06 1.882302128911500061e+00
1.532499999999999929e+01 -3.373539999999999806e-06 2.348608999999999878e-06 -3.373539999999999806e-06 1.879232184151000018e+00
1.534999999999999964e+01 -3.413810000000000100e-06 2.410661000000000042e-06 -3.413810000000000100e-06 1.876172250638999950e+00
1.537500000000000000e+01 -3.463079999999999800e-06 2.483927999999999980e-06 -3.463079999999999800e-06 1.873122327531999920e+00
1.540000000000000036e+01 -3.520649999999999911e-06 2.567472000000000056e-06 -3.520649999999999911e-06 1.870072413907999831e+00
1.542500000000000071e+01 -3.585719999999999950e-06 2.660241500000000151e-06 -3.585719999999999950e-06 1.867042508738500084e+00
1.544999999999999929e+01 -3.657459999999999876e-06 2.761093000000000146e-06 -3.657459999999999876e-06 1.864022610906999944e+00
1.547499999999999964e+01 -3.734959999999999982e-06 2.868811500000000172e-06 -3.734959999999999982e-06 1.861012719228499979e+00
1.550000000000000000e+01 -3.817259999999999600e-06 2.982158500000000240e-06 -3.817259999999999600e-06 1.858012832501499956e+00
1.552500000000000036e+01 -3.903380000000000056e-06 3.099813500000000217e-06 -3.903380000000000056e-06 1.855022949446499814e+00
1.555000000000000071e+01 -3.992319999999999581e-06 3.220435000000000025e-06 -3.992319999999999581e-06 1.852043068764999800e+00
1.557499999999999929e+01 -4.083059999999999664e-06 3.342649499999999971e-06 -4.083059999999999664e-06 1.849063189130499829e+00
1.559999999999999964e+01 -4.174570000000000250e-06 3.465090000000000226e-06 -4.174570000000000250e-06 1.846103309230000100e+00
1.562500000000000000e+01 -4.265849999999999993e-06 3.586410500000000058e-06 -4.265849999999999993e-06 1.843153427769500086e+00
1.565000000000000036e+01 -4.355890000000000235e-06 3.705282999999999656e-06 -4.355890000000000235e-06 1.840203543477000103e+00
1.567500000000000071e+01 -4.443789999999999851e-06 3.820388000000000394e-06 -4.443789999999999851e-06 1.837273655091999913e+00
1.569999999999999929e+01 -4.528509999999999778e-06 3.930475500000000380e-06 -4.528509999999999778e-06 1.834343761424500174e+00
1.572499999999999964e+01 -4.609230000000000252e-06 4.034376000000000047e-06 -4.609230000000000252e-06 1.831423861364000150e+00
1.575000000000000000e+01 -4.685119999999999961e-06 4.130958499999999727e-06 -4.685119999999999961e-06 1.828523953841499905e+00
1.577500000000000036e+01 -4.755379999999999692e-06 4.219201999999999825e-06 -4.755379999999999692e-06 1.825624037897999985e+00
1.580000000000000071e+01 -4.819430000000000374e-06 4.298198000000000144e-06 -4.819430000000000374e-06 1.822734112682000029e+00
1.582499999999999929e+01 -4.876619999999999737e-06 4.367085499999999576e-06 -4.876619999999999737e-06 1.819854177394500061e+00
1.584999999999999964e+01 -4.926440000000000219e-06 4.425157000000000295e-06 -4.926440000000000219e-06 1.816984231383000026e+00
1.587500000000000000e+01 -4.968439999999999986e-06 4.471794500000000067e-06 -4.968439999999999986e-06 1.814124274085499922e+00
1.590000000000000036e+01 -5.002300000000000370e-06 4.506532000000000003e-06 -5.002300000000000370e-06 1.811274305088000025e+00
1.592500000000000071e+01 -5.027800000000000380e-06 4.528975499999999817e-06 -5.027800000000000380e-06 1.808424324044499931e+00
1.594999999999999929e+01 -5.044800000000000387e-06 4.538961999999999454e-06 -5.044800000000000387e-06 1.805594330838000028e+00
1.597499999999999964e+01 -5.053279999999999838e-06 4.536371499999999839e-06 -5.053279999999999838e-06 1.802764325388499955e+00
1.600000000000000000e+01 -5.053320000000000095e-06 4.521255500000000168e-06 -5.053320000000000095e-06 1.799954307784499941e+00
1.602499999999999858e+01 -5.045100000000000197e-06 4.493777500000000192e-06 -5.045100000000000197e-06 1.797144278222500002e+00
1.605000000000000071e+01 -5.028900000000000251e-06 4.454274500000000106e-06 -5.028900000000000251e-06 1.794344237065500058e+00
1.607499999999999929e+01 -5.005109999999999586e-06 4.403135000000000153e-06 -5.005109999999999586e-06 1.791554184725000054e+00
1.610000000000000142e+01 -4.974220000000000293e-06 4.340932999999999660e-06 -4.974220000000000293e-06 1.788774121786999904e+00
1.612500000000000000e+01 -4.936739999999999934e-06 4.268352000000000024e-06 -4.936739999999999934e-06 1.785994048947999957e+00
1.614999999999999858e+01 -4.893389999999999748e-06 4.186179500000000431e-06 -4.893389999999999748e-06 1.783233967000500186e+00
1.617500000000000071e+01 -4.844899999999999980e-06 4.095307000000000396e-06 -4.844899999999999980e-06 1.780473876832999958e+00
1.619999999999999929e+01 -4.792079999999999696e-06 3.996727000000000740e-06 -4.792079999999999696e-06 1.777733779432999928e+00
1.622500000000000142e+01 -4.735820000000000170e-06 3.891538000000000551e-06 -4.735820000000000170e-06 1.774993675881999966e+00
1.625000000000000000e+01 -4.677070000000000097e-06 3.780916999999999921e-06 -4.677070000000000097e-06 1.772263567343000057e+00
1.627499999999999858e+01 -4.616829999999999976e-06 3.666056500000000108e-06 -4.616829999999999976e-06 1.769533454983500009e+00
1.630000000000000071e+01 -4.556170000000000120e-06 3.548262000000000198e-06 -4.556170000000000120e-06 1.766823340078000015e+00
1.632499999999999929e+01 -4.496159999999999995e-06 3.428879999999999771e-06 -4.496159999999999995e-06 1.764113223940000141e+00
1.635000000000000142e+01 -4.437929999999999876e-06 3.309320500000000056e-06 -4.437929999999999876e-06 1.761423107939499966e+00
1.637500000000000000e+01 -4.382610000000000040e-06 3.190974999999999971e-06 -4.382610000000000040e-06 1.758732993425000002e+00
1.639999999999999858e+01 -4.331370000000000172e-06 3.075288500000000228e-06 -4.331370000000000172e-06 1.756052881791500209e+00
1.642500000000000071e+01 -4.285360000000000251e-06 2.963695499999999872e-06 -4.285360000000000251e-06 1.753372774424500014e+00
1.644999999999999929e+01 -4.245690000000000003e-06 2.857633999999999634e-06 -4.245690000000000003e-06 1.750712672706000061e+00
1.647500000000000142e+01 -4.213570000000000215e-06 2.758503499999999923e-06 -4.213570000000000215e-06 1.748052577976500155e+00
1.650000000000000000e+01 -4.190059999999999656e-06 2.667723500000000006e-06 -4.190059999999999656e-06 1.745402491596500072e+00
1.652499999999999858e+01 -4.176259999999999890e-06 2.586625500000000109e-06 -4.176259999999999890e-06 1.742762414834500007e+00
1.655000000000000071e+01 -4.173209999999999978e-06 2.516511000000000054e-06 -4.173209999999999978e-06 1.740132348928999928e+00
1.657499999999999929e+01 -4.181889999999999868e-06 2.458673000000000168e-06 -4.181889999999999868e-06 1.737512295107000115e+00
1.660000000000000142e+01 -4.203240000000000096e-06 2.414283499999999769e-06 -4.203240000000000096e-06 1.734892254476499973e+00
1.662500000000000000e+01 -4.238140000000000388e-06 2.384455499999999722e-06 -4.238140000000000388e-06 1.732282228084500053e+00
1.664999999999999858e+01 -4.287370000000000254e-06 2.370201999999999825e-06 -4.287370000000000254e-06 1.729682216878000167e+00
1.667500000000000071e+01 -4.351719999999999901e-06 2.372523999999999970e-06 -4.351719999999999901e-06 1.727092221796000082e+00
1.669999999999999929e+01 -4.431820000000000201e-06 2.392243499999999977e-06 -4.431820000000000201e-06 1.724502243596499840e+00
1.672500000000000142e+01 -4.528250000000000225e-06 2.430109499999999980e-06 -4.528250000000000225e-06 1.721922282970499873e+00
1.675000000000000000e+01 -4.641489999999999669e-06 2.486801999999999692e-06 -4.641489999999999669e-06 1.719352340538000012e+00
1.677499999999999858e+01 -4.771950000000000111e-06 2.562868000000000023e-06 -4.771950000000000111e-06 1.716792416792000120e+00
1.680000000000000071e+01 -4.919929999999999666e-06 2.658734000000000149e-06 -4.919929999999999666e-06 1.714232512106000028e+00
1.682499999999999929e+01 -5.085640000000000321e-06 2.774733999999999970e-06 -5.085640000000000321e-06 1.711692626765999981e+00
1.685000000000000142e+01 -5.269189999999999605e-06 2.911079999999999833e-06 -5.269189999999999605e-06 1.709152760939999904e+00
1.687500000000000000e+01 -5.470620000000000318e-06 3.067862999999999921e-06 -5.470620000000000318e-06 1.706622914677000002e+00
1.689999999999999858e+01 -5.689850000000000250e-06 3.245089999999999791e-06 -5.689850000000000250e-06 1.704093087950000029e+00
1.692500000000000071e+01 -5.926700000000000363e-06 3.442617500000000247e-06 -5.926700000000000363e-06 1.701573280582500125e+00
1.694999999999999929e+01 -6.180900000000000402e-06 3.660217500000000078e-06 -6.180900000000000402e-06 1.699063492322500091e+00
1.697500000000000142e+01 -6.452099999999999601e-06 3.897520999999999474e-06 -6.452099999999999601e-06 1.696563722779000027e+00
1.700000000000000000e+01 -6.739839999999999662e-06 4.154085499999999244e-06 -6.739839999999999662e-06 1.694073971494499897e+00
1.702499999999999858e+01 -7.043589999999999930e-06 4.429326000000000391e-06 -7.043589999999999930e-06 1.691584237874000030e+00
1.705000000000000071e+01 -7.362740000000000085e-06 4.722635500000000771e-06 -7.362740000000000085e-06 1.689104521304499951e+00
1.707499999999999929e+01 -7.696569999999999733e-06 5.033233000000000638e-06 -7.696569999999999733e-06 1.686634821007000129e+00
1.710000000000000142e+01 -8.044309999999999219e-06 5.360285999999999351e-06 -8.044309999999999219e-06 1.684165136154000209e+00
1.712500000000000000e+01 -8.405119999999999920e-06 5.702868500000000573e-06 -8.405119999999999920e-06 1.681705465831500046e+00
1.714999999999999858e+01 -8.778069999999999458e-06 6.059991499999999661e-06 -8.778069999999999458e-06 1.679255809068499916e+00
1.717500000000000071e+01 -9.162200000000000132e-06 6.430574500000000141e-06 -9.162200000000000132e-06 1.676816164805499998e+00
1.719999999999999929e+01 -9.556479999999999345e-06 6.813493500000000633e-06 -9.556479999999999345e-06 1.674376531946499824e+00
1.722500000000000142e+01 -9.959820000000000468e-06 7.207542499999999611e-06 -9.959820000000000468e-06 1.671946909317499896e+00
1.725000000000000000e+01 -1.037109999999999969e-05 7.611502500000000060e-06 -1.037109999999999969e-05 1.669527295737499806e+00
1.727499999999999858e+01 -1.078919999999999997e-05 8.024063500000000123e-06 -1.078919999999999997e-05 1.667107689936500048e+00
1.730000000000000071e+01 -1.121280000000000045e-05 8.443962499999999879e-06 -1.121280000000000045e-05 1.664698090697499966e+00
1.732499999999999929e+01 -1.164080000000000042e-05 8.869764000000000887e-06 -1.164080000000000042e-05 1.662298496636000156e+00
1.735000000000000142e+01 -1.207200000000000063e-05 9.300151999999999857e-06 -1.207200000000000063e-05 1.659898906488000092e+00
1.737500000000000000e+01 -1.250499999999999970e-05 9.733717499999999188e-06 -1.250499999999999970e-05 1.657509318902500084e+00
1.739999999999999858e+01 -1.293860000000000009e-05 1.016909150000000069e-05 -1.293860000000000009e-05 1.655129732568499934e+00
1.742500000000000071e+01 -1.337169999999999939e-05 1.060486149999999872e-05 -1.337169999999999939e-05 1.652760146138499975e+00
1.744999999999999929e+01 -1.380279999999999937e-05 1.103967599999999970e-05 -1.380279999999999937e-05 1.650390558323999946e+00
1.747500000000000142e+01 -1.423079999999999934e-05 1.147217149999999872e-05 -1.423079999999999934e-05 1.648030967828500115e+00
1.750000000000000000e+01 -1.465439999999999983e-05 1.190091300000000042e-05 -1.465439999999999983e-05 1.645681373286999927e+00
1.752499999999999858e+01 -1.507250000000000011e-05 1.232466599999999941e-05 -1.507250000000000011e-05 1.643331773533999840e+00
1.755000000000000071e+01 -1.548379999999999903e-05 1.274209499999999917e-05 -1.548379999999999903e-05 1.640992167305000082e+00
1.757499999999999929e+01 -1.588719999999999927e-05 1.315196450000000000e-05 -1.588719999999999927e-05 1.638652553435500092e+00
1.760000000000000142e+01 -1.628170000000000032e-05 1.355293849999999892e-05 -1.628170000000000032e-05 1.636332930661499985e+00
1.762500000000000000e+01 -1.666599999999999934e-05 1.394408100000000057e-05 -1.666599999999999934e-05 1.634003298119000025e+00
1.764999999999999858e+01 -1.703920000000000112e-05 1.432405649999999996e-05 -1.703920000000000112e-05 1.631693654543500127e+00
1.767500000000000071e+01 -1.740040000000000030e-05 1.469192999999999945e-05 -1.740040000000000030e-05 1.629383999070000089e+00
1.769999999999999929e+01 -1.774850000000000125e-05 1.504666650000000116e-05 -1.774850000000000125e-05 1.627084330733500117e+00
1.772500000000000142e+01 -1.808279999999999905e-05 1.538733199999999839e-05 -1.808279999999999905e-05 1.624794648667999830e+00
1.775000000000000000e+01 -1.840230000000000167e-05 1.571299400000000042e-05 -1.840230000000000167e-05 1.622504952005999979e+00
1.777499999999999858e+01 -1.870630000000000079e-05 1.602322000000000072e-05 -1.870630000000000079e-05 1.620225240379999931e+00
1.780000000000000071e+01 -1.899419999999999849e-05 1.631627900000000086e-05 -1.899419999999999849e-05 1.617945512121000018e+00
1.782499999999999929e+01 -1.926519999999999979e-05 1.659244099999999939e-05 -1.926519999999999979e-05 1.615675767559000109e+00
1.785000000000000142e+01 -1.951880000000000021e-05 1.685067749999999957e-05 -1.951880000000000021e-05 1.613416005722499991e+00
1.787500000000000000e+01 -1.975439999999999843e-05 1.709066099999999883e-05 -1.975439999999999843e-05 1.611156226339000019e+00
1.789999999999999858e+01 -1.997170000000000057e-05 1.731176699999999888e-05 -1.997170000000000057e-05 1.608906428832999946e+00
1.792500000000000071e+01 -2.017019999999999875e-05 1.751367099999999870e-05 -2.017019999999999875e-05 1.606666612928999927e+00
1.794999999999999929e+01 -2.034959999999999910e-05 1.769595050000000261e-05 -2.034959999999999910e-05 1.604426778249499863e+00
1.797500000000000142e+01 -2.050960000000000096e-05 1.785849150000000198e-05 -2.050960000000000096e-05 1.602196924708499948e+00
1.800000000000000000e+01 -2.065010000000000071e-05 1.800105599999999911e-05 -2.065010000000000071e-05 1.599967052143999924e+00
1.802499999999999858e+01 -2.077100000000000154e-05 1.812354650000000075e-05 -2.077100000000000154e-05 1.597747160453500070e+00
1.805000000000000071e+01 -2.087199999999999939e-05 1.822594099999999992e-05 -2.087199999999999939e-05 1.595537249659000123e+00
1.807499999999999929e+01 -2.095320000000000125e-05 1.830812599999999955e-05 -2.095320000000000125e-05 1.593327319674000098e+00
1.810000000000000142e+01 -2.101470000000000058e-05 1.837029000000000195e-05 -2.101470000000000058e-05 1.591127370709999989e+00
1.812500000000000000e+01 -2.105650000000000075e-05 1.841252500000000207e-05 -2.105650000000000075e-05 1.588937402875000071e+00
1.814999999999999858e+01 -2.107879999999999883e-05 1.843512000000000045e-05 -2.107879999999999883e-05 1.586747416479999950e+00
1.817500000000000071e+01 -2.108169999999999841e-05 1.843817499999999732e-05 -2.108169999999999841e-05 1.584567411624999922e+00
1.819999999999999929e+01 -2.106560000000000038e-05 1.842207499999999929e-05 -2.106560000000000038e-05 1.582387388724999955e+00
1.822500000000000142e+01 -2.103079999999999861e-05 1.838722999999999776e-05 -2.103079999999999861e-05 1.580217348170000147e+00
1.825000000000000000e+01 -2.097750000000000032e-05 1.833403500000000005e-05 -2.097750000000000032e-05 1.578057290365000087e+00
1.827499999999999858e+01 -2.090619999999999984e-05 1.826279000000000002e-05 -2.090619999999999984e-05 1.575897215609999957e+00
1.830000000000000071e+01 -2.081730000000000142e-05 1.817409499999999900e-05 -2.081730000000000142e-05 1.573737124505000029e+00
1.832499999999999929e+01 -2.071119999999999916e-05 1.806846000000000217e-05 -2.071119999999999916e-05 1.571597017540000030e+00
1.835000000000000142e+01 -2.058850000000000117e-05 1.794649000000000103e-05 -2.058850000000000117e-05 1.569456895309999878e+00
1.837500000000000000e+01 -2.044960000000000153e-05 1.780859000000000020e-05 -2.044960000000000153e-05 1.567316758209999827e+00
1.839999999999999858e+01 -2.029510000000000157e-05 1.765556499999999839e-05 -2.029510000000000157e-05 1.565186607035000010e+00
1.842500000000000071e+01 -2.012559999999999921e-05 1.748793500000000149e-05 -2.012559999999999921e-05 1.563066442265000022e+00
1.844999999999999929e+01 -1.994169999999999916e-05 1.730640500000000121e-05 -1.994169999999999916e-05 1.560946264594999855e+00
1.847500000000000142e+01 -1.974399999999999934e-05 1.711168499999999980e-05 -1.974399999999999934e-05 1.558836074715000075e+00
1.850000000000000000e+01 -1.953310000000000107e-05 1.690419499999999952e-05 -1.953310000000000107e-05 1.556725873004999983e+00
1.852499999999999858e+01 -1.930969999999999911e-05 1.668513999999999997e-05 -1.930969999999999911e-05 1.554625660659999964e+00
1.855000000000000071e+01 -1.907449999999999838e-05 1.645484500000000017e-05 -1.907449999999999838e-05 1.552525437954999976e+00
1.857499999999999929e+01 -1.882799999999999998e-05 1.621412499999999953e-05 -1.882799999999999998e-05 1.550445205674999993e+00
1.860000000000000142e+01 -1.857099999999999889e-05 1.596379049999999852e-05 -1.857099999999999889e-05 1.548354964609500062e+00
1.862500000000000000e+01 -1.830420000000000002e-05 1.570436450000000118e-05 -1.830420000000000002e-05 1.546274715235499864e+00
1.864999999999999858e+01 -1.802820000000000130e-05 1.543676350000000117e-05 -1.802820000000000130e-05 1.544204458436500005e+00
1.867500000000000071e+01 -1.774370000000000089e-05 1.516160549999999901e-05 -1.774370000000000089e-05 1.542134194794499980e+00
1.869999999999999929e+01 -1.745150000000000054e-05 1.487960949999999996e-05 -1.745150000000000054e-05 1.540073924990499998e+00
1.872500000000000142e+01 -1.715200000000000112e-05 1.459139450000000055e-05 -1.715200000000000112e-05 1.538023649605500198e+00
1.875000000000000000e+01 -1.684610000000000122e-05 1.429778000000000086e-05 -1.684610000000000122e-05 1.535963369419999891e+00
1.877499999999999858e+01 -1.653429999999999855e-05 1.399938550000000051e-05 -1.653429999999999855e-05 1.533923085014500032e+00
1.880000000000000071e+01 -1.621740000000000163e-05 1.369683050000000083e-05 -1.621740000000000163e-05 1.531882796969500138e+00
1.882499999999999929e+01 -1.589590000000000141e-05 1.339083449999999997e-05 -1.589590000000000141e-05 1.529852505965500153e+00
1.885000000000000142e+01 -1.557049999999999941e-05 1.308201649999999957e-05 -1.557049999999999941e-05 1.527822212583499928e+00
1.887500000000000000e+01 -1.524170000000000012e-05 1.277089699999999842e-05 -1.524170000000000012e-05 1.525791917302999900e+00
1.889999999999999858e+01 -1.491009999999999977e-05 1.245819400000000068e-05 -1.491009999999999977e-05 1.523771620805999927e+00
1.892500000000000071e+01 -1.457639999999999990e-05 1.214432699999999876e-05 -1.457639999999999990e-05 1.521761323472999861e+00
1.894999999999999929e+01 -1.424109999999999990e-05 1.182991399999999998e-05 -1.424109999999999990e-05 1.519751025886000084e+00
1.897500000000000142e+01 -1.390460000000000067e-05 1.151557399999999919e-05 -1.390460000000000067e-05 1.517750728626000134e+00
1.900000000000000000e+01 -1.356760000000000034e-05 1.120162400000000028e-05 -1.356760000000000034e-05 1.515750431976000012e+00
1.902499999999999858e+01 -1.323039999999999957e-05 1.088858150000000047e-05 -1.323039999999999957e-05 1.513760136418499824e+00
1.905000000000000071e+01 -1.289369999999999990e-05 1.057706350000000092e-05 -1.289369999999999990e-05 1.511779842536500107e+00
1.907499999999999929e+01 -1.255770000000000006e-05 1.026729599999999983e-05 -1.255770000000000006e-05 1.509799550524000056e+00
1.910000000000000142e+01 -1.222299999999999969e-05 9.959764500000000312e-06 -1.222299999999999969e-05 1.507819260835500108e+00
1.912500000000000000e+01 -1.188999999999999966e-05 9.654832999999999723e-06 -1.188999999999999966e-05 1.505848973807000002e+00
1.914999999999999858e+01 -1.155890000000000041e-05 9.352858499999999655e-06 -1.155890000000000041e-05 1.503878689761499965e+00
1.917500000000000071e+01 -1.123029999999999986e-05 9.054157000000001207e-06 -1.123029999999999986e-05 1.501918408982999997e+00
1.919999999999999929e+01 -1.090440000000000015e-05 8.759022500000000213e-06 -1.090440000000000015e-05 1.499968131757499989e+00
1.922500000000000142e+01 -1.058150000000000025e-05 8.467734499999999623e-06 -1.058150000000000025e-05 1.498017858325500162e+00
1.925000000000000000e+01 -1.026199999999999933e-05 8.180542500000000290e-06 -1.026199999999999933e-05 1.496067588917499913e+00
1.927499999999999858e+01 -9.946040000000000406e-06 7.897657499999999355e-06 -9.946040000000000406e-06 1.494127323722499900e+00
1.930000000000000071e+01 -9.633949999999999469e-06 7.619289499999999652e-06 -9.633949999999999469e-06 1.492187062930500074e+00
1.932499999999999929e+01 -9.325930000000000341e-06 7.345607500000000126e-06 -9.325930000000000341e-06 1.490256806692500158e+00
1.935000000000000142e+01 -9.022190000000000773e-06 7.076740499999999470e-06 -9.022190000000000773e-06 1.488336555119500026e+00
1.937500000000000000e+01 -8.722900000000000797e-06 6.812865999999999935e-06 -8.722900000000000797e-06 1.486416308374000073e+00
1.939999999999999858e+01 -8.428230000000000449e-06 6.554010000000000121e-06 -8.428230000000000449e-06 1.484496066469999986e+00
1.942500000000000071e+01 -8.138310000000000352e-06 6.300280500000000470e-06 -8.138310000000000352e-06 1.482585829499500019e+00
1.944999999999999929e+01 -7.853269999999999435e-06 6.051719999999999718e-06 -7.853269999999999435e-06 1.480685597499999950e+00
1.947500000000000142e+01 -7.573209999999999613e-06 5.808373499999999319e-06 -7.573209999999999613e-06 1.478785370506499941e+00
1.950000000000000000e+01 -7.298209999999999705e-06 5.570235000000000380e-06 -7.298209999999999705e-06 1.476885148505000078e+00
1.952499999999999858e+01 -7.028329999999999673e-06 5.337296999999999833e-06 -7.028329999999999673e-06 1.474994931482999982e+00
1.955000000000000071e+01 -6.763609999999999775e-06 5.109511000000000045e-06 -6.763609999999999775e-06 1.473104719389000117e+00
1.957499999999999929e+01 -6.504090000000000267e-06 4.886807500000000052e-06 -6.504090000000000267e-06 1.471224512152500052e+00
1.960000000000000142e+01 -6.249770000000000303e-06 4.669106499999999339e-06 -6.249770000000000303e-06 1.469344309693500161e+00
1.962500000000000000e+01 -6.000640000000000031e-06 4.456296500000000440e-06 -6.000640000000000031e-06 1.467474111903499967e+00
1.964999999999999858e+01 -5.756689999999999597e-06 4.248246499999999950e-06 -5.756689999999999597e-06 1.465613918653499992e+00
1.967500000000000071e+01 -5.517869999999999738e-06 4.044802000000000275e-06 -5.517869999999999738e-06 1.463743729798000048e+00
1.969999999999999929e+01 -5.284130000000000347e-06 3.845770000000000111e-06 -5.284130000000000347e-06 1.461893545149999918e+00
1.972500000000000142e+01 -5.055409999999999765e-06 3.650964999999999950e-06 -5.055409999999999765e-06 1.460033364534999878e+00
1.975000000000000000e+01 -4.831610000000000315e-06 3.460140500000000080e-06 -4.831610000000000315e-06 1.458183187719499951e+00
1.977499999999999858e+01 -4.612649999999999789e-06 3.273039500000000395e-06 -4.612649999999999789e-06 1.456343014460500074e+00
1.980000000000000071e+01 -4.398419999999999809e-06 3.089383500000000302e-06 -4.398419999999999809e-06 1.454502844496499803e+00
1.982499999999999929e+01 -4.188779999999999899e-06 2.908863000000000257e-06 -4.188779999999999899e-06 1.452672677536999801e+00
1.985000000000000142e+01 -3.983619999999999986e-06 2.731116000000000009e-06 -3.983619999999999986e-06 1.450842513243999932e+00
1.987500000000000000e+01 -3.782770000000000037e-06 2.555780999999999849e-06 -3.782770000000000037e-06 1.449012351278999855e+00
1.989999999999999858e+01 -3.586089999999999999e-06 2.382453999999999636e-06 -3.586089999999999999e-06 1.447192191265999961e+00
1.992500000000000071e+01 -3.393399999999999986e-06 2.210679500000000033e-06 -3.393399999999999986e-06 1.445382032780500037e+00
1.994999999999999929e+01 -3.204509999999999834e-06 2.039939499999999868e-06 -3.204509999999999834e-06 1.443571875340500021e+00
1.997500000000000142e+01 -3.019270000000000063e-06 1.869849500000000070e-06 -3.019270000000000063e-06 1.441761718590499841e+00
2.000000000000000000e+01 -2.837340000000000180e-06 1.699465499999999992e-06 -2.837340000000000180e-06 1.439961561654499844e+00
