# raxis[fm], SN, VN, SP, VP [MeV]
0.000000000000000000e+00 -4.733589999999999804e+02 3.923938449999999989e+02 -4.733589999999999804e+02 3.983177549999999769e+02
2.500000000000000139e-02 -4.733589999999999804e+02 3.923938449999999989e+02 -4.733589999999999804e+02 3.983177549999999769e+02
5.000000000000000278e-02 -4.730040000000000191e+02 3.918358799999999746e+02 -4.730040000000000191e+02 3.977651200000000244e+02
7.499999999999999722e-02 -4.728070000000000164e+02 3.916511000000000422e+02 -4.728070000000000164e+02 3.975810000000000173e+02
1.000000000000000056e-01 -4.725389999999999873e+02 3.914060999999999808e+02 -4.725389999999999873e+02 3.973367999999999824e+02
1.250000000000000000e-01 -4.722110000000000127e+02 3.911209699999999998e+02 -4.722110000000000127e+02 3.970523299999999836e+02
1.499999999999999944e-01 -4.718170000000000073e+02 3.907806550000000243e+02 -4.718170000000000073e+02 3.967128449999999589e+02
1.749999999999999889e-01 -4.713570000000000277e+02 3.903871500000000196e+02 -4.713570000000000277e+02 3.963200499999999806e+02
2.000000000000000111e-01 -4.708310000000000173e+02 3.899384499999999889e+02 -4.708310000000000173e+02 3.958721500000000333e+02
2.250000000000000056e-01 -4.702420000000000186e+02 3.894355700000000411e+02 -4.702420000000000186e+02 3.953701300000000174e+02
2.500000000000000000e-01 -4.695910000000000082e+02 3.888795149999999694e+02 -4.695910000000000082e+02 3.948149850000000356e+02
2.750000000000000222e-01 -4.688750000000000000e+02 3.882722999999999729e+02 -4.688750000000000000e+02 3.942085999999999899e+02
2.999999999999999889e-01 -4.681050000000000182e+02 3.876149350000000027e+02 -4.681050000000000182e+02 3.935519649999999956e+02
3.250000000000000111e-01 -4.672799999999999727e+02 3.869104399999999941e+02 -4.672799999999999727e+02 3.928482600000000389e+02
3.499999999999999778e-01 -4.664010000000000105e+02 3.861558150000000182e+02 -4.664010000000000105e+02 3.920942849999999567e+02
3.750000000000000000e-01 -4.654719999999999800e+02 3.853621100000000297e+02 -4.654719999999999800e+02 3.913010899999999879e+02
4.000000000000000222e-01 -4.644970000000000141e+02 3.845273349999999937e+02 -4.644970000000000141e+02 3.904665650000000028e+02
4.249999999999999889e-01 -4.634750000000000227e+02 3.836535000000000082e+02 -4.634750000000000227e+02 3.895928000000000679e+02
4.500000000000000111e-01 -4.624110000000000014e+02 3.827436349999999834e+02 -4.624110000000000014e+02 3.886828649999999925e+02
4.749999999999999778e-01 -4.613100000000000023e+02 3.817997599999999920e+02 -4.613100000000000023e+02 3.877384400000000255e+02
5.000000000000000000e-01 -4.601750000000000114e+02 3.808258999999999901e+02 -4.601750000000000114e+02 3.867638000000000602e+02
5.250000000000000222e-01 -4.590099999999999909e+02 3.798240799999999808e+02 -4.590099999999999909e+02 3.857608199999999670e+02
5.500000000000000444e-01 -4.578170000000000073e+02 3.787983250000000339e+02 -4.578170000000000073e+02 3.847333750000000236e+02
5.749999999999999556e-01 -4.566009999999999991e+02 3.777506700000000137e+02 -4.566009999999999991e+02 3.836835300000000188e+02
5.999999999999999778e-01 -4.553650000000000091e+02 3.766861349999999788e+02 -4.553650000000000091e+02 3.826162649999999985e+02
6.250000000000000000e-01 -4.541129999999999995e+02 3.756057500000000005e+02 -4.541129999999999995e+02 3.815326500000000465e+02
6.500000000000000222e-01 -4.528500000000000227e+02 3.745145550000000298e+02 -4.528500000000000227e+02 3.804374450000000252e+02
6.750000000000000444e-01 -4.515790000000000077e+02 3.734145649999999819e+02 -4.515790000000000077e+02 3.793327350000000138e+02
6.999999999999999556e-01 -4.503050000000000068e+02 3.723108199999999783e+02 -4.503050000000000068e+02 3.782234799999999950e+02
7.249999999999999778e-01 -4.490299999999999727e+02 3.712043550000000209e+02 -4.490299999999999727e+02 3.771106449999999768e+02
7.500000000000000000e-01 -4.477599999999999909e+02 3.700981949999999756e+02 -4.477599999999999909e+02 3.759973049999999830e+02
7.750000000000000222e-01 -4.464990000000000236e+02 3.690003700000000322e+02 -4.464990000000000236e+02 3.748912300000000073e+02
8.000000000000000444e-01 -4.452490000000000236e+02 3.679109250000000202e+02 -4.452490000000000236e+02 3.737925749999999994e+02
8.249999999999999556e-01 -4.440149999999999864e+02 3.668338650000000030e+02 -4.440149999999999864e+02 3.727052350000000160e+02
8.499999999999999778e-01 -4.428009999999999877e+02 3.657722600000000170e+02 -4.428009999999999877e+02 3.716321399999999926e+02
8.750000000000000000e-01 -4.416100000000000136e+02 3.647301249999999868e+02 -4.416100000000000136e+02 3.705772749999999860e+02
9.000000000000000222e-01 -4.404470000000000027e+02 3.637084949999999708e+02 -4.404470000000000027e+02 3.695416050000000041e+02
9.250000000000000444e-01 -4.393140000000000214e+02 3.627124049999999897e+02 -4.393140000000000214e+02 3.685301949999999920e+02
9.499999999999999556e-01 -4.382149999999999750e+02 3.617448800000000233e+02 -4.382149999999999750e+02 3.675459200000000237e+02
9.749999999999999778e-01 -4.371530000000000200e+02 3.608069600000000037e+02 -4.371530000000000200e+02 3.665898399999999810e+02
1.000000000000000000e+00 -4.361309999999999718e+02 3.599026700000000005e+02 -4.361309999999999718e+02 3.656657300000000532e+02
1.024999999999999911e+00 -4.351530000000000200e+02 3.590350450000000251e+02 -4.351530000000000200e+02 3.647767549999999801e+02
1.050000000000000044e+00 -4.342200000000000273e+02 3.582051149999999780e+02 -4.342200000000000273e+02 3.639238849999999843e+02
1.074999999999999956e+00 -4.333360000000000127e+02 3.574169099999999730e+02 -4.333360000000000127e+02 3.631109900000000152e+02
1.100000000000000089e+00 -4.325029999999999859e+02 3.566714549999999804e+02 -4.325029999999999859e+02 3.623390449999999987e+02
1.125000000000000000e+00 -4.317230000000000132e+02 3.559707850000000349e+02 -4.317230000000000132e+02 3.616101150000000075e+02
1.149999999999999911e+00 -4.309970000000000141e+02 3.553169199999999819e+02 -4.309970000000000141e+02 3.609260799999999563e+02
1.175000000000000044e+00 -4.303279999999999745e+02 3.547108900000000062e+02 -4.303279999999999745e+02 3.602879100000000676e+02
1.199999999999999956e+00 -4.297180000000000177e+02 3.541547199999999975e+02 -4.297180000000000177e+02 3.596976799999999912e+02
1.225000000000000089e+00 -4.291669999999999732e+02 3.536504300000000285e+02 -4.291669999999999732e+02 3.591573700000000144e+02
1.250000000000000000e+00 -4.286770000000000209e+02 3.531970499999999902e+02 -4.286770000000000209e+02 3.586658499999999776e+02
1.274999999999999911e+00 -4.282470000000000141e+02 3.527965950000000248e+02 -4.282470000000000141e+02 3.582251050000000419e+02
1.300000000000000044e+00 -4.278770000000000095e+02 3.524500850000000014e+02 -4.278770000000000095e+02 3.578362150000000383e+02
1.324999999999999956e+00 -4.275740000000000123e+02 3.521575399999999831e+02 -4.275740000000000123e+02 3.574990599999999858e+02
1.350000000000000089e+00 -4.273299999999999841e+02 3.519179800000000000e+02 -4.273299999999999841e+02 3.572127199999999903e+02
1.375000000000000000e+00 -4.271490000000000009e+02 3.517324150000000031e+02 -4.271490000000000009e+02 3.569780849999999646e+02
1.399999999999999911e+00 -4.270289999999999964e+02 3.515998600000000351e+02 -4.270289999999999964e+02 3.567942400000000021e+02
1.425000000000000044e+00 -4.269689999999999941e+02 3.515203300000000013e+02 -4.269689999999999941e+02 3.566610699999999952e+02
1.449999999999999956e+00 -4.269689999999999941e+02 3.514938349999999900e+02 -4.269689999999999941e+02 3.565786650000000577e+02
1.475000000000000089e+00 -4.270269999999999868e+02 3.515173849999999902e+02 -4.270269999999999868e+02 3.565439150000000268e+02
1.500000000000000000e+00 -4.271410000000000196e+02 3.515919850000000224e+02 -4.271410000000000196e+02 3.565579149999999800e+02
1.524999999999999911e+00 -4.273109999999999786e+02 3.517166399999999840e+02 -4.273109999999999786e+02 3.566195599999999786e+02
1.550000000000000044e+00 -4.275330000000000155e+02 3.518883849999999711e+02 -4.275330000000000155e+02 3.567258450000000494e+02
1.574999999999999956e+00 -4.278050000000000068e+02 3.521031649999999900e+02 -4.278050000000000068e+02 3.568728550000000155e+02
1.600000000000000089e+00 -4.281250000000000000e+02 3.523619949999999790e+02 -4.281250000000000000e+02 3.570615450000000237e+02
1.625000000000000000e+00 -4.284909999999999854e+02 3.526578999999999837e+02 -4.284909999999999854e+02 3.572849100000000249e+02
1.649999999999999911e+00 -4.288990000000000009e+02 3.529958649999999807e+02 -4.288990000000000009e+02 3.575479450000000270e+02
1.675000000000000044e+00 -4.293460000000000036e+02 3.533688799999999901e+02 -4.293460000000000036e+02 3.578436599999999999e+02
1.699999999999999956e+00 -4.298290000000000077e+02 3.537749299999999835e+02 -4.298290000000000077e+02 3.581700799999999845e+02
1.725000000000000089e+00 -4.303439999999999941e+02 3.542120349999999576e+02 -4.303439999999999941e+02 3.585251749999999902e+02
1.750000000000000000e+00 -4.308870000000000005e+02 3.546771650000000022e+02 -4.308870000000000005e+02 3.589059749999999553e+02
1.774999999999999911e+00 -4.314549999999999841e+02 3.551663149999999973e+02 -4.314549999999999841e+02 3.593084749999999872e+02
1.800000000000000044e+00 -4.320439999999999827e+02 3.556764699999999948e+02 -4.320439999999999827e+02 3.597296999999999798e+02
1.824999999999999956e+00 -4.326499999999999773e+02 3.562046100000000024e+02 -4.326499999999999773e+02 3.601666699999999537e+02
1.850000000000000089e+00 -4.332669999999999959e+02 3.567467200000000389e+02 -4.332669999999999959e+02 3.606153800000000160e+02
1.875000000000000000e+00 -4.338919999999999959e+02 3.572987850000000094e+02 -4.338919999999999959e+02 3.610718650000000025e+02
1.899999999999999911e+00 -4.345199999999999818e+02 3.578587799999999675e+02 -4.345199999999999818e+02 3.615341300000000047e+02
1.925000000000000044e+00 -4.351469999999999914e+02 3.584206849999999918e+02 -4.351469999999999914e+02 3.619962050000000318e+02
1.949999999999999956e+00 -4.357679999999999723e+02 3.589824700000000348e+02 -4.357679999999999723e+02 3.624561099999999669e+02
1.975000000000000089e+00 -4.363779999999999859e+02 3.595401150000000143e+02 -4.363779999999999859e+02 3.629098650000000248e+02
2.000000000000000000e+00 -4.369730000000000132e+02 3.600895949999999743e+02 -4.369730000000000132e+02 3.633534950000000094e+02
2.024999999999999911e+00 -4.375470000000000255e+02 3.606258700000000204e+02 -4.375470000000000255e+02 3.637820399999999950e+02
2.049999999999999822e+00 -4.380960000000000036e+02 3.611469150000000354e+02 -4.380960000000000036e+02 3.641935250000000224e+02
2.075000000000000178e+00 -4.386139999999999759e+02 3.616467000000000098e+02 -4.386139999999999759e+02 3.645819699999999557e+02
2.100000000000000089e+00 -4.390969999999999800e+02 3.621231849999999781e+02 -4.390969999999999800e+02 3.649454150000000254e+02
2.125000000000000000e+00 -4.395409999999999968e+02 3.625713350000000332e+02 -4.395409999999999968e+02 3.652788950000000341e+02
2.149999999999999911e+00 -4.399409999999999741e+02 3.629871100000000297e+02 -4.399409999999999741e+02 3.655784600000000069e+02
2.174999999999999822e+00 -4.402909999999999968e+02 3.633684700000000021e+02 -4.402909999999999968e+02 3.658421299999999974e+02
2.200000000000000178e+00 -4.405880000000000223e+02 3.637093749999999659e+02 -4.405880000000000223e+02 3.660639550000000213e+02
2.225000000000000089e+00 -4.408260000000000218e+02 3.640067799999999920e+02 -4.408260000000000218e+02 3.662409799999999791e+02
2.250000000000000000e+00 -4.410009999999999764e+02 3.642576400000000376e+02 -4.410009999999999764e+02 3.663702499999999986e+02
2.274999999999999911e+00 -4.411080000000000041e+02 3.644569049999999493e+02 -4.411080000000000041e+02 3.664468150000000151e+02
2.299999999999999822e+00 -4.411449999999999818e+02 3.646025250000000142e+02 -4.411449999999999818e+02 3.664687150000000315e+02
2.325000000000000178e+00 -4.411050000000000182e+02 3.646904549999999858e+02 -4.411050000000000182e+02 3.664319950000000290e+02
2.350000000000000089e+00 -4.409859999999999900e+02 3.647176350000000298e+02 -4.409859999999999900e+02 3.663337249999999585e+02
2.375000000000000000e+00 -4.407839999999999918e+02 3.646800150000000258e+02 -4.407839999999999918e+02 3.661699550000000158e+02
2.399999999999999911e+00 -4.404940000000000282e+02 3.645755599999999959e+02 -4.404940000000000282e+02 3.659387200000000462e+02
2.424999999999999822e+00 -4.401139999999999759e+02 3.644001650000000154e+02 -4.401139999999999759e+02 3.656361149999999611e+02
2.450000000000000178e+00 -4.396390000000000100e+02 3.641507950000000164e+02 -4.396390000000000100e+02 3.652591950000000338e+02
2.475000000000000089e+00 -4.390670000000000073e+02 3.638253850000000398e+02 -4.390670000000000073e+02 3.648060050000000274e+02
2.500000000000000000e+00 -4.383940000000000055e+02 3.634208750000000236e+02 -4.383940000000000055e+02 3.642736249999999814e+02
2.524999999999999911e+00 -4.376179999999999950e+02 3.629351949999999647e+02 -4.376179999999999950e+02 3.636601249999999936e+02
2.549999999999999822e+00 -4.367370000000000232e+02 3.623642899999999827e+02 -4.367370000000000232e+02 3.629615399999999568e+02
2.575000000000000178e+00 -4.357470000000000141e+02 3.617080799999999954e+02 -4.357470000000000141e+02 3.621779799999999909e+02
2.600000000000000089e+00 -4.346469999999999914e+02 3.609625000000000341e+02 -4.346469999999999914e+02 3.613054999999999950e+02
2.625000000000000000e+00 -4.334340000000000259e+02 3.601264800000000150e+02 -4.334340000000000259e+02 3.603431799999999612e+02
2.649999999999999911e+00 -4.321070000000000277e+02 3.591979499999999916e+02 -4.321070000000000277e+02 3.592890800000000127e+02
2.674999999999999822e+00 -4.306639999999999873e+02 3.581748049999999921e+02 -4.306639999999999873e+02 3.581413150000000201e+02
2.700000000000000178e+00 -4.291039999999999850e+02 3.570560299999999643e+02 -4.291039999999999850e+02 3.568989100000000008e+02
2.725000000000000089e+00 -4.274259999999999877e+02 3.558405200000000264e+02 -4.274259999999999877e+02 3.555609699999999975e+02
2.750000000000000000e+00 -4.256279999999999859e+02 3.545252050000000281e+02 -4.256279999999999859e+02 3.541245649999999614e+02
2.774999999999999911e+00 -4.237099999999999795e+02 3.531109149999999772e+02 -4.237099999999999795e+02 3.525908749999999827e+02
2.799999999999999822e+00 -4.216720000000000255e+02 3.515958400000000097e+02 -4.216720000000000255e+02 3.509577099999999632e+02
2.825000000000000178e+00 -4.195129999999999768e+02 3.499796399999999608e+02 -4.195129999999999768e+02 3.492254199999999855e+02
2.850000000000000089e+00 -4.172339999999999804e+02 3.482603199999999788e+02 -4.172339999999999804e+02 3.473920099999999707e+02
2.875000000000000000e+00 -4.148340000000000032e+02 3.464388149999999769e+02 -4.148340000000000032e+02 3.454585349999999835e+02
2.899999999999999911e+00 -4.123140000000000214e+02 3.445150399999999991e+02 -4.123140000000000214e+02 3.434250999999999863e+02
2.924999999999999822e+00 -4.096739999999999782e+02 3.424879149999999868e+02 -4.096739999999999782e+02 3.412907849999999712e+02
2.950000000000000178e+00 -4.069159999999999968e+02 3.403593750000000000e+02 -4.069159999999999968e+02 3.390576649999999859e+02
2.975000000000000089e+00 -4.040400000000000205e+02 3.381253399999999942e+02 -4.040400000000000205e+02 3.367218200000000365e+02
3.000000000000000000e+00 -4.010480000000000018e+02 3.357897300000000200e+02 -4.010480000000000018e+02 3.342873500000000604e+02
3.024999999999999911e+00 -3.979409999999999741e+02 3.333525000000000205e+02 -3.979409999999999741e+02 3.317542899999999690e+02
3.049999999999999822e+00 -3.947210000000000036e+02 3.308135500000000206e+02 -3.947210000000000036e+02 3.291227600000000280e+02
3.075000000000000178e+00 -3.913899999999999864e+02 3.281737999999999715e+02 -3.913899999999999864e+02 3.263938400000000115e+02
3.100000000000000089e+00 -3.879490000000000123e+02 3.254352000000000089e+02 -3.879490000000000123e+02 3.235695899999999483e+02
3.125000000000000000e+00 -3.844010000000000105e+02 3.225987000000000080e+02 -3.844010000000000105e+02 3.206510700000000611e+02
3.149999999999999911e+00 -3.807470000000000141e+02 3.196642500000000382e+02 -3.807470000000000141e+02 3.176383299999999963e+02
3.174999999999999822e+00 -3.769920000000000186e+02 3.166356999999999857e+02 -3.769920000000000186e+02 3.145355400000000259e+02
3.200000000000000178e+00 -3.731379999999999768e+02 3.135120999999999754e+02 -3.731379999999999768e+02 3.113416500000000156e+02
3.225000000000000089e+00 -3.691870000000000118e+02 3.102973000000000070e+02 -3.691870000000000118e+02 3.080608300000000668e+02
3.250000000000000000e+00 -3.651419999999999959e+02 3.069923499999999876e+02 -3.651419999999999959e+02 3.046940199999999663e+02
3.274999999999999911e+00 -3.610070000000000050e+02 3.036000999999999976e+02 -3.610070000000000050e+02 3.012443900000000667e+02
3.299999999999999822e+00 -3.567850000000000250e+02 3.001225999999999772e+02 -3.567850000000000250e+02 2.977138999999999669e+02
3.325000000000000178e+00 -3.524769999999999754e+02 2.965617000000000303e+02 -3.524769999999999754e+02 2.941047000000000367e+02
3.350000000000000089e+00 -3.480899999999999750e+02 2.929205000000000041e+02 -3.480899999999999750e+02 2.904197099999999523e+02
3.375000000000000000e+00 -3.436270000000000095e+02 2.892018500000000358e+02 -3.436270000000000095e+02 2.866620800000000031e+02
3.399999999999999911e+00 -3.390919999999999845e+02 2.854087499999999977e+02 -3.390919999999999845e+02 2.828348299999999540e+02
3.424999999999999822e+00 -3.344870000000000232e+02 2.815432500000000005e+02 -3.344870000000000232e+02 2.789399000000000228e+02
3.450000000000000178e+00 -3.298170000000000073e+02 2.776102000000000203e+02 -3.298170000000000073e+02 2.749824699999999780e+02
3.475000000000000089e+00 -3.250860000000000127e+02 2.736107000000000085e+02 -3.250860000000000127e+02 2.709634300000000167e+02
3.500000000000000000e+00 -3.202970000000000255e+02 2.695496499999999855e+02 -3.202970000000000255e+02 2.668879000000000019e+02
3.524999999999999911e+00 -3.154560000000000173e+02 2.654311500000000024e+02 -3.154560000000000173e+02 2.627597900000000095e+02
3.549999999999999822e+00 -3.105659999999999741e+02 2.612571000000000367e+02 -3.105659999999999741e+02 2.585812099999999987e+02
3.575000000000000178e+00 -3.056309999999999718e+02 2.570315499999999815e+02 -3.056309999999999718e+02 2.543561100000000010e+02
3.600000000000000089e+00 -3.006560000000000059e+02 2.527584499999999821e+02 -3.006560000000000059e+02 2.500885499999999979e+02
3.625000000000000000e+00 -2.956440000000000055e+02 2.484429499999999962e+02 -2.956440000000000055e+02 2.457834000000000003e+02
3.649999999999999911e+00 -2.906009999999999991e+02 2.440869000000000142e+02 -2.906009999999999991e+02 2.414428000000000054e+02
3.674999999999999822e+00 -2.855299999999999727e+02 2.396964499999999987e+02 -2.855299999999999727e+02 2.370726299999999753e+02
3.700000000000000178e+00 -2.804359999999999786e+02 2.352735999999999876e+02 -2.804359999999999786e+02 2.326748900000000049e+02
3.725000000000000089e+00 -2.753220000000000027e+02 2.308233199999999954e+02 -2.753220000000000027e+02 2.282546099999999853e+02
3.750000000000000000e+00 -2.701940000000000168e+02 2.263497099999999875e+02 -2.701940000000000168e+02 2.238157000000000210e+02
3.774999999999999911e+00 -2.650550000000000068e+02 2.218567999999999927e+02 -2.650550000000000068e+02 2.193621499999999855e+02
3.799999999999999822e+00 -2.599089999999999918e+02 2.173496250000000032e+02 -2.599089999999999918e+02 2.148989249999999913e+02
3.825000000000000178e+00 -2.547609999999999957e+02 2.128312449999999956e+02 -2.547609999999999957e+02 2.104289750000000083e+02
3.850000000000000089e+00 -2.496140000000000043e+02 2.083067099999999812e+02 -2.496140000000000043e+02 2.059572599999999909e+02
3.875000000000000000e+00 -2.444730000000000132e+02 2.037790799999999933e+02 -2.444730000000000132e+02 2.014867199999999912e+02
3.899999999999999911e+00 -2.393420000000000130e+02 1.992534199999999771e+02 -2.393420000000000130e+02 1.970223000000000013e+02
3.924999999999999822e+00 -2.342239999999999895e+02 1.947327899999999943e+02 -2.342239999999999895e+02 1.925669499999999914e+02
3.950000000000000178e+00 -2.291229999999999905e+02 1.902222699999999804e+02 -2.291229999999999905e+02 1.881255999999999915e+02
3.975000000000000089e+00 -2.240440000000000111e+02 1.857259250000000179e+02 -2.240440000000000111e+02 1.837021750000000111e+02
4.000000000000000000e+00 -2.189890000000000043e+02 1.812468350000000044e+02 -2.189890000000000043e+02 1.792996250000000202e+02
4.025000000000000355e+00 -2.139629999999999939e+02 1.767890800000000127e+02 -2.139629999999999939e+02 1.749218600000000094e+02
4.049999999999999822e+00 -2.089679999999999893e+02 1.723567350000000147e+02 -2.089679999999999893e+02 1.705728250000000230e+02
4.075000000000000178e+00 -2.040080000000000098e+02 1.679528899999999965e+02 -2.040080000000000098e+02 1.662554199999999867e+02
4.099999999999999645e+00 -1.990860000000000127e+02 1.635826250000000073e+02 -1.990860000000000127e+02 1.619745749999999873e+02
4.125000000000000000e+00 -1.942050000000000125e+02 1.592470300000000236e+02 -1.942050000000000125e+02 1.577312200000000075e+02
4.150000000000000355e+00 -1.893689999999999998e+02 1.549522000000000048e+02 -1.893689999999999998e+02 1.535312399999999684e+02
4.174999999999999822e+00 -1.845800000000000125e+02 1.506982150000000047e+02 -1.845800000000000125e+02 1.493745849999999962e+02
4.200000000000000178e+00 -1.798410000000000082e+02 1.464911699999999826e+02 -1.798410000000000082e+02 1.452671599999999899e+02
4.224999999999999645e+00 -1.751550000000000011e+02 1.423321600000000160e+02 -1.751550000000000011e+02 1.412098599999999919e+02
4.250000000000000000e+00 -1.705240000000000009e+02 1.382242750000000058e+02 -1.705240000000000009e+02 1.372056049999999914e+02
4.275000000000000355e+00 -1.659499999999999886e+02 1.341706049999999948e+02 -1.659499999999999886e+02 1.332573249999999803e+02
4.299999999999999822e+00 -1.614350000000000023e+02 1.301732449999999801e+02 -1.614350000000000023e+02 1.293669050000000027e+02
4.325000000000000178e+00 -1.569830000000000041e+02 1.262342849999999999e+02 -1.569830000000000041e+02 1.255362849999999924e+02
4.349999999999999645e+00 -1.525939999999999941e+02 1.223568199999999990e+02 -1.525939999999999941e+02 1.217683499999999981e+02
4.375000000000000000e+00 -1.482709999999999866e+02 1.185419400000000110e+02 -1.482709999999999866e+02 1.180640300000000025e+02
4.400000000000000355e+00 -1.440149999999999864e+02 1.147927300000000059e+02 -1.440149999999999864e+02 1.144262299999999897e+02
4.424999999999999822e+00 -1.398269999999999982e+02 1.111102850000000046e+02 -1.398269999999999982e+02 1.108558649999999943e+02
4.450000000000000178e+00 -1.357110000000000127e+02 1.074956899999999962e+02 -1.357110000000000127e+02 1.073538599999999974e+02
4.474999999999999645e+00 -1.316649999999999920e+02 1.039520299999999935e+02 -1.316649999999999920e+02 1.039231199999999973e+02
4.500000000000000000e+00 -1.276929999999999978e+02 1.004783850000000029e+02 -1.276929999999999978e+02 1.005625749999999954e+02
4.525000000000000355e+00 -1.237939999999999969e+02 9.707654499999999587e+01 -1.237939999999999969e+02 9.727383499999999117e+01
4.549999999999999822e+00 -1.199699999999999989e+02 9.374777999999999167e+01 -1.199699999999999989e+02 9.405803000000000225e+01
4.575000000000000178e+00 -1.162210000000000036e+02 9.049277000000000726e+01 -1.162210000000000036e+02 9.091569000000001211e+01
4.599999999999999645e+00 -1.125480000000000018e+02 8.731219500000000266e+01 -1.125480000000000018e+02 8.784732500000001210e+01
4.625000000000000000e+00 -1.089519999999999982e+02 8.420651999999999759e+01 -1.089519999999999982e+02 8.485328000000001225e+01
4.650000000000000355e+00 -1.054330000000000069e+02 8.117621499999999912e+01 -1.054330000000000069e+02 8.193387500000000045e+01
4.674999999999999822e+00 -1.019920000000000044e+02 7.822135000000000105e+01 -1.019920000000000044e+02 7.908905999999998926e+01
4.700000000000000178e+00 -9.862789999999999679e+01 7.534208499999999731e+01 -9.862789999999999679e+01 7.631886500000000240e+01
4.724999999999999645e+00 -9.534159999999999968e+01 7.253838499999999101e+01 -9.534159999999999968e+01 7.362312500000000171e+01
4.750000000000000000e+00 -9.213290000000000646e+01 6.981010500000000718e+01 -9.213290000000000646e+01 7.100158500000000572e+01
4.775000000000000355e+00 -8.900169999999999959e+01 6.715690000000000737e+01 -8.900169999999999959e+01 6.845380000000000109e+01
4.799999999999999822e+00 -8.594780000000000086e+01 6.457841500000000678e+01 -8.594780000000000086e+01 6.597931499999999971e+01
4.825000000000000178e+00 -8.297079999999999700e+01 6.207421000000000078e+01 -8.297079999999999700e+01 6.357757000000000147e+01
4.849999999999999645e+00 -8.007040000000000646e+01 5.964361999999999853e+01 -8.007040000000000646e+01 6.124784000000000361e+01
4.875000000000000000e+00 -7.724599999999999511e+01 5.728598999999999819e+01 -7.724599999999999511e+01 5.898936999999999387e+01
4.900000000000000355e+00 -7.449710000000000321e+01 5.500055500000000563e+01 -7.449710000000000321e+01 5.680133500000000168e+01
4.924999999999999822e+00 -7.182309999999999661e+01 5.278635500000000036e+01 -7.182309999999999661e+01 5.468268500000000643e+01
4.950000000000000178e+00 -6.922310000000000230e+01 5.064262499999999534e+01 -6.922310000000000230e+01 5.263258499999999884e+01
4.974999999999999645e+00 -6.669639999999999702e+01 4.856819000000000131e+01 -6.669639999999999702e+01 5.064981000000000222e+01
5.000000000000000000e+00 -6.424219999999999686e+01 4.656196999999999520e+01 -6.424219999999999686e+01 4.873324999999999818e+01
5.025000000000000355e+00 -6.185940000000000083e+01 4.462299999999999756e+01 -6.185940000000000083e+01 4.688186999999999927e+01
5.049999999999999822e+00 -5.954729999999999990e+01 4.274998999999999683e+01 -5.954729999999999990e+01 4.509433999999999543e+01
5.075000000000000178e+00 -5.730460000000000065e+01 4.094166500000000042e+01 -5.730460000000000065e+01 4.336934500000000270e+01
5.099999999999999645e+00 -5.513040000000000163e+01 3.919673500000000388e+01 -5.513040000000000163e+01 4.170557499999999607e+01
5.125000000000000000e+00 -5.302349999999999852e+01 3.751390500000000117e+01 -5.302349999999999852e+01 4.010172499999999474e+01
5.150000000000000355e+00 -5.098279999999999745e+01 3.589191499999999735e+01 -5.098279999999999745e+01 3.855645499999999970e+01
5.174999999999999822e+00 -4.900710000000000122e+01 3.432923500000000416e+01 -4.900710000000000122e+01 3.706828500000000304e+01
5.200000000000000178e+00 -4.709499999999999886e+01 3.282448000000000121e+01 -4.709499999999999886e+01 3.563580999999999932e+01
5.224999999999999645e+00 -4.524549999999999983e+01 3.137635500000000022e+01 -4.524549999999999983e+01 3.425772500000000065e+01
5.250000000000000000e+00 -4.345720000000000027e+01 2.998336000000000112e+01 -4.345720000000000027e+01 3.293251000000000062e+01
5.275000000000000355e+00 -4.172879999999999967e+01 2.864389000000000252e+01 -4.172879999999999967e+01 3.165859000000000023e+01
5.299999999999999822e+00 -4.005890000000000128e+01 2.735674500000000009e+01 -4.005890000000000128e+01 3.043475499999999556e+01
5.325000000000000178e+00 -3.844639999999999702e+01 2.612021999999999977e+01 -3.844639999999999702e+01 2.925929999999999609e+01
5.349999999999999645e+00 -3.688969999999999771e+01 2.493309999999999960e+01 -3.688969999999999771e+01 2.813105999999999796e+01
5.375000000000000000e+00 -3.538759999999999906e+01 2.379367500000000035e+01 -3.538759999999999906e+01 2.704831499999999878e+01
5.400000000000000355e+00 -3.393880000000000052e+01 2.270064500000000152e+01 -3.393880000000000052e+01 2.600979499999999689e+01
5.424999999999999822e+00 -3.254180000000000206e+01 2.165258500000000197e+01 -3.254180000000000206e+01 2.501409500000000108e+01
5.450000000000000178e+00 -3.119529999999999959e+01 2.064798499999999848e+01 -3.119529999999999959e+01 2.405974499999999949e+01
5.474999999999999645e+00 -2.989789999999999992e+01 1.968552999999999997e+01 -2.989789999999999992e+01 2.314544000000000068e+01
5.500000000000000000e+00 -2.864829999999999899e+01 1.876370000000000005e+01 -2.864829999999999899e+01 2.226970999999999634e+01
5.525000000000000355e+00 -2.744519999999999982e+01 1.788118500000000211e+01 -2.744519999999999982e+01 2.143126500000000334e+01
5.549999999999999822e+00 -2.628729999999999833e+01 1.703666000000000125e+01 -2.628729999999999833e+01 2.062881999999999749e+01
5.575000000000000178e+00 -2.517310000000000159e+01 1.622880999999999929e+01 -2.517310000000000159e+01 1.986109000000000080e+01
5.599999999999999645e+00 -2.410150000000000148e+01 1.545621000000000045e+01 -2.410150000000000148e+01 1.912671000000000276e+01
5.625000000000000000e+00 -2.307100000000000151e+01 1.471763999999999939e+01 -2.307100000000000151e+01 1.842447999999999908e+01
5.650000000000000355e+00 -2.208050000000000068e+01 1.401178500000000149e+01 -2.208050000000000068e+01 1.775312500000000071e+01
5.674999999999999822e+00 -2.112869999999999848e+01 1.333750999999999998e+01 -2.112869999999999848e+01 1.711157000000000039e+01
5.700000000000000178e+00 -2.021440000000000126e+01 1.269360499999999981e+01 -2.021440000000000126e+01 1.649863500000000016e+01
5.724999999999999645e+00 -1.933620000000000161e+01 1.207884499999999939e+01 -1.933620000000000161e+01 1.591313500000000047e+01
5.750000000000000000e+00 -1.849309999999999832e+01 1.149209999999999887e+01 -1.849309999999999832e+01 1.535399999999999920e+01
5.775000000000000355e+00 -1.768390000000000128e+01 1.093225499999999961e+01 -1.768390000000000128e+01 1.482014500000000012e+01
5.799999999999999822e+00 -1.690739999999999910e+01 1.039817000000000036e+01 -1.690739999999999910e+01 1.431047999999999831e+01
5.825000000000000178e+00 -1.616250000000000142e+01 9.888904999999999390e+00 -1.616250000000000142e+01 1.382411499999999904e+01
5.849999999999999645e+00 -1.544810000000000016e+01 9.403388000000001412e+00 -1.544810000000000016e+01 1.336001200000000111e+01
5.875000000000000000e+00 -1.476309999999999967e+01 8.940623000000000431e+00 -1.476309999999999967e+01 1.291722700000000046e+01
5.900000000000000355e+00 -1.410640000000000072e+01 8.499667999999999779e+00 -1.410640000000000072e+01 1.249486199999999947e+01
5.924999999999999822e+00 -1.347710000000000008e+01 8.079568999999999335e+00 -1.347710000000000008e+01 1.209201099999999940e+01
5.950000000000000178e+00 -1.287420000000000009e+01 7.679453500000000155e+00 -1.287420000000000009e+01 1.170783649999999909e+01
5.974999999999999645e+00 -1.229659999999999975e+01 7.298448500000000116e+00 -1.229659999999999975e+01 1.134152149999999892e+01
6.000000000000000000e+00 -1.174339999999999939e+01 6.935701999999999146e+00 -1.174339999999999939e+01 1.099224800000000002e+01
6.025000000000000355e+00 -1.121369999999999933e+01 6.590421000000000085e+00 -1.121369999999999933e+01 1.065926900000000010e+01
6.049999999999999822e+00 -1.070669999999999966e+01 6.261824500000000349e+00 -1.070669999999999966e+01 1.034184549999999980e+01
6.075000000000000178e+00 -1.022139999999999915e+01 5.949160499999999629e+00 -1.022139999999999915e+01 1.003926949999999962e+01
6.099999999999999645e+00 -9.756949999999999790e+00 5.651708000000000176e+00 -9.756949999999999790e+00 9.750852000000000075e+00
6.125000000000000000e+00 -9.312620000000000786e+00 5.368786000000000058e+00 -9.312620000000000786e+00 9.475964000000001164e+00
6.150000000000000355e+00 -8.887579999999999814e+00 5.099704500000000529e+00 -8.887579999999999814e+00 9.213945500000001232e+00
6.174999999999999822e+00 -8.481059999999999377e+00 4.843833500000000569e+00 -8.481059999999999377e+00 8.964206499999999522e+00
6.200000000000000178e+00 -8.092330000000000467e+00 4.600563500000000694e+00 -8.092330000000000467e+00 8.726176500000001113e+00
6.224999999999999645e+00 -7.720659999999999634e+00 4.369305500000000286e+00 -7.720659999999999634e+00 8.499294499999999530e+00
6.250000000000000000e+00 -7.365380000000000038e+00 4.149480999999999753e+00 -7.365380000000000038e+00 8.283029000000000863e+00
6.275000000000000355e+00 -7.025809999999999889e+00 3.940561499999999828e+00 -7.025809999999999889e+00 8.076888500000000803e+00
6.299999999999999822e+00 -6.701290000000000191e+00 3.742020499999999750e+00 -6.701290000000000191e+00 7.880359499999999962e+00
6.325000000000000178e+00 -6.391210000000000058e+00 3.553359500000000004e+00 -6.391210000000000058e+00 7.693000500000000130e+00
6.349999999999999645e+00 -6.094969999999999999e+00 3.374122999999999983e+00 -6.094969999999999999e+00 7.514376999999999640e+00
6.375000000000000000e+00 -5.812000000000000277e+00 3.203824500000000075e+00 -5.812000000000000277e+00 7.344035500000000383e+00
6.400000000000000355e+00 -5.541719999999999757e+00 3.042058499999999999e+00 -5.541719999999999757e+00 7.181591499999999684e+00
6.424999999999999822e+00 -5.283610000000000362e+00 2.888399500000000231e+00 -5.283610000000000362e+00 7.026660500000000198e+00
6.450000000000000178e+00 -5.037139999999999951e+00 2.742453000000000252e+00 -5.037139999999999951e+00 6.878866999999999621e+00
6.474999999999999645e+00 -4.801829999999999821e+00 2.603834999999999678e+00 -4.801829999999999821e+00 6.737854999999999706e+00
6.500000000000000000e+00 -4.577189999999999870e+00 2.472191500000000097e+00 -4.577189999999999870e+00 6.603308499999999803e+00
6.525000000000000355e+00 -4.362759999999999749e+00 2.347179499999999752e+00 -4.362759999999999749e+00 6.474890500000000770e+00
6.549999999999999822e+00 -4.158100000000000129e+00 2.228476000000000123e+00 -4.158100000000000129e+00 6.352313999999999794e+00
6.575000000000000178e+00 -3.962790000000000035e+00 2.115748500000000032e+00 -3.962790000000000035e+00 6.235271499999999634e+00
6.599999999999999645e+00 -3.776419999999999888e+00 2.008715000000000028e+00 -3.776419999999999888e+00 6.123495000000000132e+00
6.625000000000000000e+00 -3.598590000000000177e+00 1.907094500000000137e+00 -3.598590000000000177e+00 6.016735499999999348e+00
6.650000000000000355e+00 -3.428939999999999877e+00 1.810615499999999933e+00 -3.428939999999999877e+00 5.914734499999999784e+00
6.674999999999999822e+00 -3.267100000000000115e+00 1.719008000000000091e+00 -3.267100000000000115e+00 5.817242000000000246e+00
6.700000000000000178e+00 -3.112729999999999997e+00 1.632050500000000071e+00 -3.112729999999999997e+00 5.724059500000000078e+00
6.724999999999999645e+00 -2.965489999999999959e+00 1.549485000000000001e+00 -2.965489999999999959e+00 5.634945000000000093e+00
6.750000000000000000e+00 -2.825060000000000127e+00 1.471110000000000140e+00 -2.825060000000000127e+00 5.549710000000000143e+00
6.775000000000000355e+00 -2.691159999999999997e+00 1.396707499999999991e+00 -2.691159999999999997e+00 5.468162500000000037e+00
6.799999999999999822e+00 -2.563470000000000137e+00 1.326087999999999933e+00 -2.563470000000000137e+00 5.390131999999999479e+00
6.825000000000000178e+00 -2.441720000000000113e+00 1.259033999999999986e+00 -2.441720000000000113e+00 5.315406000000000297e+00
6.849999999999999645e+00 -2.325649999999999995e+00 1.195386999999999977e+00 -2.325649999999999995e+00 5.243843000000000032e+00
6.875000000000000000e+00 -2.215009999999999923e+00 1.134978999999999960e+00 -2.215009999999999923e+00 5.175301000000000151e+00
6.900000000000000355e+00 -2.109529999999999905e+00 1.077633000000000063e+00 -2.109529999999999905e+00 5.109596999999999944e+00
6.924999999999999822e+00 -2.008989999999999831e+00 1.023193500000000089e+00 -2.008989999999999831e+00 5.046610499999999888e+00
6.950000000000000178e+00 -1.913170000000000037e+00 9.715230000000000254e-01 -1.913170000000000037e+00 4.986196999999999768e+00
6.974999999999999645e+00 -1.821849999999999969e+00 9.224780000000000202e-01 -1.821849999999999969e+00 4.928225999999999551e+00
7.000000000000000000e+00 -1.734830000000000094e+00 8.759244999999999948e-01 -1.734830000000000094e+00 4.872597500000000359e+00
7.025000000000000355e+00 -1.651899999999999924e+00 8.317375000000000185e-01 -1.651899999999999924e+00 4.819166500000000575e+00
7.049999999999999822e+00 -1.572889999999999899e+00 7.897955000000000947e-01 -1.572889999999999899e+00 4.767854500000000328e+00
7.075000000000000178e+00 -1.497610000000000108e+00 7.499865000000000004e-01 -1.497610000000000108e+00 4.718529500000000709e+00
7.099999999999999645e+00 -1.425890000000000102e+00 7.122019499999999725e-01 -1.425890000000000102e+00 4.671104050000000285e+00
7.125000000000000000e+00 -1.357560000000000100e+00 6.763387000000000704e-01 -1.357560000000000100e+00 4.625495300000000753e+00
7.150000000000000355e+00 -1.292470000000000008e+00 6.422991000000000117e-01 -1.292470000000000008e+00 4.581594899999999804e+00
7.174999999999999822e+00 -1.230480000000000018e+00 6.099915000000000198e-01 -1.230480000000000018e+00 4.539330500000000157e+00
7.200000000000000178e+00 -1.171419999999999906e+00 5.793264500000000483e-01 -1.171419999999999906e+00 4.498621550000000191e+00
7.224999999999999645e+00 -1.115180000000000060e+00 5.502217499999999539e-01 -1.115180000000000060e+00 4.459394249999999893e+00
7.250000000000000000e+00 -1.061620000000000008e+00 5.225983000000000711e-01 -1.061620000000000008e+00 4.421567699999999768e+00
7.275000000000000355e+00 -1.010610000000000008e+00 4.963802999999999965e-01 -1.010610000000000008e+00 4.385073699999999519e+00
7.299999999999999822e+00 -9.620379999999999487e-01 4.714960499999999999e-01 -9.620379999999999487e-01 4.349857949999999640e+00
7.325000000000000178e+00 -9.157849999999999602e-01 4.478779999999999983e-01 -9.157849999999999602e-01 4.315850000000000186e+00
7.349999999999999645e+00 -8.717460000000000209e-01 4.254618000000000011e-01 -8.717460000000000209e-01 4.282992199999999805e+00
7.375000000000000000e+00 -8.298140000000000516e-01 4.041861999999999955e-01 -8.298140000000000516e-01 4.251229799999999948e+00
7.400000000000000355e+00 -7.898929999999999563e-01 3.839931000000000316e-01 -7.898929999999999563e-01 4.220510899999999843e+00
7.424999999999999822e+00 -7.518860000000000543e-01 3.648275500000000005e-01 -7.518860000000000543e-01 4.190786450000000052e+00
7.450000000000000178e+00 -7.157050000000000356e-01 3.466367499999999935e-01 -7.157050000000000356e-01 4.162009250000000549e+00
7.474999999999999645e+00 -6.812620000000000342e-01 3.293710499999999985e-01 -6.812620000000000342e-01 4.134124949999999465e+00
7.500000000000000000e+00 -6.484750000000000236e-01 3.129838500000000079e-01 -6.484750000000000236e-01 4.107102150000000229e+00
7.525000000000000355e+00 -6.172670000000000101e-01 2.974297000000000191e-01 -6.172670000000000101e-01 4.080900299999999703e+00
7.549999999999999822e+00 -5.875620000000000287e-01 2.826632000000000033e-01 -5.875620000000000287e-01 4.055468799999999874e+00
7.575000000000000178e+00 -5.592880000000000074e-01 2.686502000000000057e-01 -5.592880000000000074e-01 4.030777800000000077e+00
7.599999999999999645e+00 -5.323780000000000179e-01 2.553483500000000017e-01 -5.323780000000000179e-01 4.006799649999999602e+00
7.625000000000000000e+00 -5.067669999999999675e-01 2.427228999999999914e-01 -5.067669999999999675e-01 3.983493100000000009e+00
7.650000000000000355e+00 -4.823919999999999875e-01 2.307377999999999929e-01 -4.823919999999999875e-01 3.960826200000000075e+00
7.674999999999999822e+00 -4.591950000000000198e-01 2.193602000000000052e-01 -4.591950000000000198e-01 3.938769800000000210e+00
7.700000000000000178e+00 -4.371189999999999798e-01 2.085592500000000016e-01 -4.371189999999999798e-01 3.917296750000000216e+00
7.724999999999999645e+00 -4.161099999999999799e-01 1.983062499999999895e-01 -4.161099999999999799e-01 3.896371749999999690e+00
7.750000000000000000e+00 -3.961180000000000256e-01 1.885716500000000073e-01 -3.961180000000000256e-01 3.875988350000000082e+00
7.775000000000000355e+00 -3.770919999999999828e-01 1.793288500000000119e-01 -3.770919999999999828e-01 3.856103150000000035e+00
7.799999999999999822e+00 -3.589879999999999738e-01 1.705543999999999949e-01 -3.589879999999999738e-01 3.836705600000000160e+00
7.825000000000000178e+00 -3.417600000000000082e-01 1.622229000000000032e-01 -3.417600000000000082e-01 3.817773100000000142e+00
7.849999999999999645e+00 -3.253659999999999886e-01 1.543109500000000023e-01 -3.253659999999999886e-01 3.799275049999999876e+00
7.875000000000000000e+00 -3.097650000000000126e-01 1.467982999999999927e-01 -3.097650000000000126e-01 3.781193700000000213e+00
7.900000000000000355e+00 -2.949200000000000155e-01 1.396627500000000022e-01 -2.949200000000000155e-01 3.763519249999999872e+00
7.924999999999999822e+00 -2.807939999999999880e-01 1.328860500000000056e-01 -2.807939999999999880e-01 3.746225949999999916e+00
7.950000000000000178e+00 -2.673519999999999786e-01 1.264501500000000112e-01 -2.673519999999999786e-01 3.729297850000000025e+00
7.974999999999999645e+00 -2.545609999999999817e-01 1.203369999999999995e-01 -2.545609999999999817e-01 3.712728999999999946e+00
8.000000000000000000e+00 -2.423879999999999924e-01 1.145285499999999929e-01 -2.423879999999999924e-01 3.696483450000000115e+00
8.025000000000000355e+00 -2.308050000000000102e-01 1.090108499999999925e-01 -2.308050000000000102e-01 3.680569150000000178e+00
8.050000000000000711e+00 -2.197820000000000051e-01 1.037688999999999973e-01 -2.197820000000000051e-01 3.664963099999999585e+00
8.074999999999999289e+00 -2.092920000000000058e-01 9.878755000000000175e-02 -2.092920000000000058e-01 3.649641649999999959e+00
8.099999999999999645e+00 -1.993089999999999862e-01 9.405375000000000540e-02 -1.993089999999999862e-01 3.634613649999999918e+00
8.125000000000000000e+00 -1.898090000000000055e-01 8.955475000000000241e-02 -1.898090000000000055e-01 3.619847850000000200e+00
8.150000000000000355e+00 -1.807670000000000110e-01 8.527849999999999320e-02 -1.807670000000000110e-01 3.605333700000000086e+00
8.175000000000000711e+00 -1.721620000000000095e-01 8.121349999999999403e-02 -1.721620000000000095e-01 3.591081299999999921e+00
8.199999999999999289e+00 -1.639720000000000066e-01 7.734894999999999965e-02 -1.639720000000000066e-01 3.577061050000000186e+00
8.224999999999999645e+00 -1.561770000000000103e-01 7.367440000000000100e-02 -1.561770000000000103e-01 3.563263999999999765e+00
8.250000000000000000e+00 -1.487580000000000013e-01 7.018030000000000102e-02 -1.487580000000000013e-01 3.549691699999999894e+00
8.275000000000000355e+00 -1.416959999999999886e-01 6.685720000000000551e-02 -1.416959999999999886e-01 3.536335999999999924e+00
8.300000000000000711e+00 -1.349730000000000096e-01 6.369645000000000168e-02 -1.349730000000000096e-01 3.523179349999999932e+00
8.324999999999999289e+00 -1.285739999999999938e-01 6.068975999999999538e-02 -1.285739999999999938e-01 3.510214640000000053e+00
8.349999999999999645e+00 -1.224819999999999937e-01 5.782926000000000039e-02 -1.224819999999999937e-01 3.497434939999999770e+00
8.375000000000000000e+00 -1.166829999999999951e-01 5.510753499999999916e-02 -1.166829999999999951e-01 3.484833864999999697e+00
8.400000000000000355e+00 -1.111619999999999969e-01 5.251742000000000216e-02 -1.111619999999999969e-01 3.472415180000000046e+00
8.425000000000000711e+00 -1.059049999999999991e-01 5.005235999999999713e-02 -1.059049999999999991e-01 3.460163239999999973e+00
8.449999999999999289e+00 -1.009000000000000036e-01 4.770592500000000319e-02 -1.009000000000000036e-01 3.448072475000000026e+00
8.474999999999999645e+00 -9.613449999999999773e-02 4.547221499999999639e-02 -9.613449999999999773e-02 3.436127785000000046e+00
8.500000000000000000e+00 -9.159670000000000312e-02 4.334554000000000185e-02 -9.159670000000000312e-02 3.424344259999999807e+00
8.525000000000000355e+00 -8.727550000000000585e-02 4.132052499999999684e-02 -8.727550000000000585e-02 3.412697275000000197e+00
8.550000000000000711e+00 -8.316049999999999831e-02 3.939212500000000006e-02 -8.316049999999999831e-02 3.401192475000000215e+00
8.574999999999999289e+00 -7.924159999999999537e-02 3.755539499999999836e-02 -7.924159999999999537e-02 3.389825605000000408e+00
8.599999999999999645e+00 -7.550930000000000142e-02 3.580592500000000233e-02 -7.550930000000000142e-02 3.378592875000000273e+00
8.625000000000000000e+00 -7.195459999999999356e-02 3.413930999999999910e-02 -7.195459999999999356e-02 3.367490490000000225e+00
8.650000000000000355e+00 -6.856890000000000207e-02 3.255155500000000285e-02 -6.856890000000000207e-02 3.356505045000000020e+00
8.675000000000000711e+00 -6.534399999999999931e-02 3.103869000000000072e-02 -6.534399999999999931e-02 3.345633110000000077e+00
8.699999999999999289e+00 -6.227209999999999690e-02 2.959704999999999975e-02 -6.227209999999999690e-02 3.334881549999999972e+00
8.724999999999999645e+00 -5.934590000000000004e-02 2.822319000000000216e-02 -5.934590000000000004e-02 3.324247409999999903e+00
8.750000000000000000e+00 -5.655840000000000173e-02 2.691376000000000185e-02 -5.655840000000000173e-02 3.313717839999999804e+00
8.775000000000000355e+00 -5.390289999999999665e-02 2.566584499999999963e-02 -5.390289999999999665e-02 3.303290355000000122e+00
8.800000000000000711e+00 -5.137309999999999793e-02 2.447622500000000076e-02 -5.137309999999999793e-02 3.292972175000000057e+00
8.824999999999999289e+00 -4.896289999999999670e-02 2.334228999999999818e-02 -4.896289999999999670e-02 3.282741109999999907e+00
8.849999999999999645e+00 -4.666660000000000252e-02 2.226135000000000266e-02 -4.666660000000000252e-02 3.272624850000000141e+00
8.875000000000000000e+00 -4.447890000000000177e-02 2.123071999999999807e-02 -4.447890000000000177e-02 3.262591079999999977e+00
8.900000000000000355e+00 -4.239439999999999875e-02 2.024831499999999937e-02 -4.239439999999999875e-02 3.252658085000000199e+00
8.925000000000000711e+00 -4.040830000000000116e-02 1.931157000000000012e-02 -4.040830000000000116e-02 3.242803630000000048e+00
8.949999999999999289e+00 -3.851589999999999875e-02 1.841842000000000132e-02 -3.851589999999999875e-02 3.233045979999999986e+00
8.974999999999999645e+00 -3.671279999999999683e-02 1.756691999999999976e-02 -3.671279999999999683e-02 3.223363480000000170e+00
9.000000000000000000e+00 -3.499469999999999664e-02 1.675501000000000074e-02 -3.499469999999999664e-02 3.213774389999999759e+00
9.025000000000000355e+00 -3.335749999999999826e-02 1.598085999999999951e-02 -3.335749999999999826e-02 3.204267140000000236e+00
9.050000000000000711e+00 -3.179760000000000225e-02 1.524273500000000031e-02 -3.179760000000000225e-02 3.194830265000000225e+00
9.074999999999999289e+00 -3.031110000000000054e-02 1.453900499999999894e-02 -3.031110000000000054e-02 3.185482394999999745e+00
9.099999999999999645e+00 -2.889469999999999886e-02 1.386795499999999952e-02 -2.889469999999999886e-02 3.176202045000000140e+00
9.125000000000000000e+00 -2.754500000000000004e-02 1.322815999999999922e-02 -2.754500000000000004e-02 3.166998040000000181e+00
9.150000000000000355e+00 -2.625890000000000168e-02 1.261821500000000033e-02 -2.625890000000000168e-02 3.157859184999999957e+00
9.175000000000000711e+00 -2.503340000000000079e-02 1.203661999999999961e-02 -2.503340000000000079e-02 3.148804179999999953e+00
9.199999999999999289e+00 -2.386570000000000011e-02 1.148216499999999904e-02 -2.386570000000000011e-02 3.139812034999999835e+00
9.224999999999999645e+00 -2.275299999999999892e-02 1.095365000000000054e-02 -2.275299999999999892e-02 3.130891729999999651e+00
9.250000000000000000e+00 -2.169269999999999879e-02 1.044973499999999993e-02 -2.169269999999999879e-02 3.122032105000000168e+00
9.275000000000000355e+00 -2.068230000000000068e-02 9.969344999999999249e-03 -2.068230000000000068e-02 3.113242275000000170e+00
9.300000000000000711e+00 -1.971960000000000032e-02 9.511404999999998819e-03 -1.971960000000000032e-02 3.104511314999999883e+00
9.324999999999999289e+00 -1.880230000000000096e-02 9.074874999999999609e-03 -1.880230000000000096e-02 3.095848344999999835e+00
9.349999999999999645e+00 -1.792819999999999830e-02 8.658775000000000499e-03 -1.792819999999999830e-02 3.087242545000000060e+00
9.375000000000000000e+00 -1.709530000000000077e-02 8.262139999999999415e-03 -1.709530000000000077e-02 3.078703099999999804e+00
9.400000000000000355e+00 -1.630169999999999883e-02 7.884079999999999908e-03 -1.630169999999999883e-02 3.070219240000000127e+00
9.425000000000000711e+00 -1.554550000000000029e-02 7.523744999999999218e-03 -1.554550000000000029e-02 3.061790255000000016e+00
9.449999999999999289e+00 -1.482499999999999964e-02 7.180295000000000601e-03 -1.482499999999999964e-02 3.053425445000000238e+00
9.474999999999999645e+00 -1.413850000000000003e-02 6.852959999999999954e-03 -1.413850000000000003e-02 3.045114139999999914e+00
9.500000000000000000e+00 -1.348429999999999941e-02 6.540980000000000058e-03 -1.348429999999999941e-02 3.036855699999999825e+00
9.525000000000000355e+00 -1.286110000000000031e-02 6.243639999999999954e-03 -1.286110000000000031e-02 3.028649539999999973e+00
9.550000000000000711e+00 -1.226720000000000067e-02 5.960250000000000270e-03 -1.226720000000000067e-02 3.020505050000000136e+00
9.574999999999999289e+00 -1.170129999999999955e-02 5.690175000000000441e-03 -1.170129999999999955e-02 3.012401705000000263e+00
9.599999999999999645e+00 -1.116209999999999945e-02 5.432776999999999745e-03 -1.116209999999999945e-02 3.004358963000000049e+00
9.625000000000000000e+00 -1.064829999999999943e-02 5.187468500000000371e-03 -1.064829999999999943e-02 2.996366331499999980e+00
9.650000000000000355e+00 -1.015880000000000082e-02 4.953665999999999799e-03 -1.015880000000000082e-02 2.988423314000000275e+00
9.675000000000000711e+00 -9.692310000000000855e-03 4.730838000000000231e-03 -9.692310000000000855e-03 2.980519461999999731e+00
9.699999999999999289e+00 -9.247820000000000346e-03 4.518463500000000077e-03 -9.247820000000000346e-03 2.972674336500000347e+00
9.724999999999999645e+00 -8.824270000000000377e-03 4.316054999999999198e-03 -8.824270000000000377e-03 2.964877524999999903e+00
9.750000000000000000e+00 -8.420669999999999891e-03 4.123125000000000054e-03 -8.420669999999999891e-03 2.957128614999999794e+00
9.775000000000000355e+00 -8.036059999999999384e-03 3.939228500000000084e-03 -8.036059999999999384e-03 2.949417231500000014e+00
9.800000000000000711e+00 -7.669539999999999864e-03 3.763951000000000189e-03 -7.669539999999999864e-03 2.941763028999999641e+00
9.824999999999999289e+00 -7.320260000000000308e-03 3.596841500000000098e-03 -7.320260000000000308e-03 2.934145618500000108e+00
9.849999999999999645e+00 -6.987389999999999574e-03 3.437578499999999898e-03 -6.987389999999999574e-03 2.926574741500000076e+00
9.875000000000000000e+00 -6.670139999999999750e-03 3.285732499999999712e-03 -6.670139999999999750e-03 2.919050027499999977e+00
9.900000000000000355e+00 -6.367779999999999968e-03 3.140954999999999962e-03 -6.367779999999999968e-03 2.911561184999999607e+00
9.925000000000000711e+00 -6.079590000000000168e-03 3.002919499999999898e-03 -6.079590000000000168e-03 2.904127940500000005e+00
9.949999999999999289e+00 -5.804899999999999990e-03 2.871301500000000319e-03 -5.804899999999999990e-03 2.896720018499999938e+00
9.974999999999999645e+00 -5.543049999999999887e-03 2.745793500000000015e-03 -5.543049999999999887e-03 2.889367166500000028e+00
1.000000000000000000e+01 -5.293439999999999951e-03 2.626083499999999713e-03 -5.293439999999999951e-03 2.882049116500000174e+00
1.002500000000000036e+01 -5.055480000000000217e-03 2.511918500000000307e-03 -5.055480000000000217e-03 2.874775661499999746e+00
1.005000000000000071e+01 -4.828619999999999614e-03 2.403017500000000084e-03 -4.828619999999999614e-03 2.867546562500000285e+00
1.007499999999999929e+01 -4.612309999999999674e-03 2.299119500000000246e-03 -4.612309999999999674e-03 2.860341600499999970e+00
1.009999999999999964e+01 -4.406049999999999897e-03 2.199985499999999958e-03 -4.406049999999999897e-03 2.853190574500000132e+00
1.012500000000000000e+01 -4.209369999999999605e-03 2.105395500000000093e-03 -4.209369999999999605e-03 2.846073304499999956e+00
1.015000000000000036e+01 -4.021789999999999914e-03 2.015102999999999860e-03 -4.021789999999999914e-03 2.838989576999999986e+00
1.017500000000000071e+01 -3.842889999999999848e-03 1.928920000000000200e-03 -3.842889999999999848e-03 2.831949239999999701e+00
1.019999999999999929e+01 -3.672239999999999793e-03 1.846650499999999981e-03 -3.672239999999999793e-03 2.824942129500000121e+00
1.022499999999999964e+01 -3.509449999999999896e-03 1.768098500000000019e-03 -3.509449999999999896e-03 2.817978081499999732e+00
1.025000000000000000e+01 -3.354150000000000187e-03 1.693069999999999862e-03 -3.354150000000000187e-03 2.811046930000000277e+00
1.027500000000000036e+01 -3.205959999999999886e-03 1.621399999999999838e-03 -3.205959999999999886e-03 2.804158540000000421e+00
1.030000000000000071e+01 -3.064560000000000027e-03 1.552915499999999935e-03 -3.064560000000000027e-03 2.797292764499999862e+00
1.032499999999999929e+01 -2.929600000000000086e-03 1.487473499999999961e-03 -2.929600000000000086e-03 2.790469486500000151e+00
1.034999999999999964e+01 -2.800790000000000050e-03 1.424921499999999954e-03 -2.800790000000000050e-03 2.783678578500000000e+00
1.037500000000000000e+01 -2.677820000000000027e-03 1.365108500000000030e-03 -2.677820000000000027e-03 2.776929911499999903e+00
1.040000000000000036e+01 -2.560419999999999884e-03 1.307901499999999939e-03 -2.560419999999999884e-03 2.770213378499999823e+00
1.042500000000000071e+01 -2.448319999999999923e-03 1.253182499999999991e-03 -2.448319999999999923e-03 2.763528877499999759e+00
1.044999999999999929e+01 -2.341269999999999896e-03 1.200820000000000012e-03 -2.341269999999999896e-03 2.756876300000000057e+00
1.047499999999999964e+01 -2.239019999999999986e-03 1.150705499999999867e-03 -2.239019999999999986e-03 2.750255554499999811e+00
1.050000000000000000e+01 -2.141339999999999823e-03 1.102723000000000115e-03 -2.141339999999999823e-03 2.743666547000000122e+00
1.052500000000000036e+01 -2.048019999999999789e-03 1.056772500000000047e-03 -2.048019999999999789e-03 2.737119193500000325e+00
1.055000000000000071e+01 -1.958849999999999827e-03 1.012756000000000073e-03 -1.958849999999999827e-03 2.730603411999999786e+00
1.057499999999999929e+01 -1.873620000000000103e-03 9.705815000000000449e-04 -1.873620000000000103e-03 2.724109126500000144e+00
1.059999999999999964e+01 -1.792170000000000048e-03 9.301679999999999887e-04 -1.792170000000000048e-03 2.717656271999999706e+00
1.062500000000000000e+01 -1.714299999999999982e-03 8.914180000000000497e-04 -1.714299999999999982e-03 2.711234764000000297e+00
1.065000000000000036e+01 -1.639859999999999929e-03 8.542614999999999931e-04 -1.639859999999999929e-03 2.704834546500000325e+00
1.067500000000000071e+01 -1.568670000000000090e-03 8.186249999999999083e-04 -1.568670000000000090e-03 2.698475559000000246e+00
1.069999999999999929e+01 -1.500589999999999997e-03 7.844409999999999794e-04 -1.500589999999999997e-03 2.692147746999999924e+00
1.072499999999999964e+01 -1.435480000000000046e-03 7.516415000000000032e-04 -1.435480000000000046e-03 2.685841054499999991e+00
1.075000000000000000e+01 -1.373199999999999985e-03 7.201680000000000885e-04 -1.373199999999999985e-03 2.679575434000000200e+00
1.077500000000000036e+01 -1.313619999999999935e-03 6.899625000000000809e-04 -1.313619999999999935e-03 2.673330837500000001e+00
1.080000000000000071e+01 -1.256619999999999959e-03 6.609695000000000284e-04 -1.256619999999999959e-03 2.667127220499999840e+00
1.082499999999999929e+01 -1.202079999999999902e-03 6.331394999999999645e-04 -1.202079999999999902e-03 2.660944544499999953e+00
1.084999999999999964e+01 -1.149889999999999983e-03 6.064249999999999545e-04 -1.149889999999999983e-03 2.654792769000000163e+00
1.087500000000000000e+01 -1.099949999999999930e-03 5.807810000000000489e-04 -1.099949999999999930e-03 2.648671859000000239e+00
1.090000000000000036e+01 -1.052159999999999901e-03 5.561610000000000035e-04 -1.052159999999999901e-03 2.642571776999999678e+00
1.092500000000000071e+01 -1.006420000000000058e-03 5.325344999999999341e-04 -1.006420000000000058e-03 2.636512501500000383e+00
1.094999999999999929e+01 -9.626520000000000389e-04 5.098555500000000011e-04 -9.626520000000000389e-04 2.630473992449999798e+00
1.097499999999999964e+01 -9.207630000000000068e-04 4.880910499999999760e-04 -9.207630000000000068e-04 2.624466224949999926e+00
1.100000000000000000e+01 -8.806750000000000342e-04 4.672083500000000006e-04 -8.806750000000000342e-04 2.618479173649999936e+00
1.102500000000000036e+01 -8.423120000000000086e-04 4.471739999999999981e-04 -8.423120000000000086e-04 2.612532811999999982e+00
1.105000000000000071e+01 -8.056009999999999734e-04 4.279577500000000074e-04 -8.056009999999999734e-04 2.606607116249999745e+00
1.107499999999999929e+01 -7.704720000000000188e-04 4.095314499999999701e-04 -7.704720000000000188e-04 2.600702064549999637e+00
1.109999999999999964e+01 -7.368599999999999890e-04 3.918670499999999703e-04 -7.368599999999999890e-04 2.594837634950000194e+00
1.112500000000000000e+01 -7.047009999999999602e-04 3.749366999999999978e-04 -7.047009999999999602e-04 2.588993805300000339e+00
1.115000000000000036e+01 -6.739359999999999795e-04 3.587166500000000310e-04 -6.739359999999999795e-04 2.583170557349999896e+00
1.117500000000000071e+01 -6.445059999999999852e-04 3.431812499999999967e-04 -6.445059999999999852e-04 2.577377870750000355e+00
1.119999999999999929e+01 -6.163569999999999943e-04 3.283059499999999801e-04 -6.163569999999999943e-04 2.571615726049999662e+00
1.122499999999999964e+01 -5.894360000000000398e-04 3.140682999999999691e-04 -5.894360000000000398e-04 2.565874105699999852e+00
1.125000000000000000e+01 -5.636929999999999849e-04 3.004440499999999886e-04 -5.636929999999999849e-04 2.560162989949999801e+00
1.127500000000000036e+01 -5.390780000000000181e-04 2.874109000000000234e-04 -5.390780000000000181e-04 2.554482361100000265e+00
1.130000000000000071e+01 -5.155449999999999573e-04 2.749507500000000272e-04 -5.155449999999999573e-04 2.548822205250000028e+00
1.132499999999999929e+01 -4.930499999999999770e-04 2.630397499999999984e-04 -4.930499999999999770e-04 2.543182502250000088e+00
1.134999999999999964e+01 -4.715499999999999965e-04 2.516576000000000078e-04 -4.715499999999999965e-04 2.537573236400000098e+00
1.137500000000000000e+01 -4.510019999999999893e-04 2.407835499999999996e-04 -4.510019999999999893e-04 2.531984390449999900e+00
1.140000000000000036e+01 -4.313659999999999760e-04 2.303978499999999882e-04 -4.313659999999999760e-04 2.526425948149999989e+00
1.142500000000000071e+01 -4.126040000000000089e-04 2.204797999999999892e-04 -4.126040000000000089e-04 2.520887892199999758e+00
1.144999999999999929e+01 -3.946789999999999934e-04 2.110126999999999999e-04 -3.946789999999999934e-04 2.515380209299999947e+00
1.147499999999999964e+01 -3.775539999999999972e-04 2.019750500000000069e-04 -3.775539999999999972e-04 2.509892880949999849e+00
1.150000000000000000e+01 -3.611949999999999731e-04 1.933483000000000001e-04 -3.611949999999999731e-04 2.504425891699999962e+00
1.152500000000000036e+01 -3.455689999999999977e-04 1.851149999999999920e-04 -3.455689999999999977e-04 2.498989227000000035e+00
1.155000000000000071e+01 -3.306440000000000008e-04 1.772587999999999909e-04 -3.306440000000000008e-04 2.493572873200000206e+00
1.157499999999999929e+01 -3.163880000000000208e-04 1.697603499999999848e-04 -3.163880000000000208e-04 2.488186813650000051e+00
1.159999999999999964e+01 -3.027710000000000188e-04 1.626033999999999889e-04 -3.027710000000000188e-04 2.482811034600000077e+00
1.162500000000000000e+01 -2.897649999999999879e-04 1.557726499999999899e-04 -2.897649999999999879e-04 2.477475523349999875e+00
1.165000000000000036e+01 -2.773419999999999748e-04 1.492520499999999901e-04 -2.773419999999999748e-04 2.472150265950000314e+00
1.167500000000000071e+01 -2.654749999999999883e-04 1.430263000000000031e-04 -2.654749999999999883e-04 2.466855249700000030e+00
1.169999999999999929e+01 -2.541399999999999757e-04 1.370806500000000137e-04 -2.541399999999999757e-04 2.461570461350000016e+00
1.172499999999999964e+01 -2.433109999999999884e-04 1.314006999999999903e-04 -2.433109999999999884e-04 2.456325889299999954e+00
1.175000000000000000e+01 -2.329649999999999896e-04 1.259745999999999848e-04 -2.329649999999999896e-04 2.451091523400000138e+00
1.177500000000000036e+01 -2.230800000000000122e-04 1.207883999999999971e-04 -2.230800000000000122e-04 2.445887351600000148e+00
1.180000000000000071e+01 -2.136340000000000081e-04 1.158301500000000043e-04 -2.136340000000000081e-04 2.440693363849999908e+00
1.182499999999999929e+01 -2.046069999999999877e-04 1.110889500000000030e-04 -2.046069999999999877e-04 2.435529551049999686e+00
1.184999999999999964e+01 -1.959800000000000040e-04 1.065536499999999992e-04 -1.959800000000000040e-04 2.430395903750000031e+00
1.187500000000000000e+01 -1.877330000000000134e-04 1.022144499999999985e-04 -1.877330000000000134e-04 2.425272413950000150e+00
1.190000000000000036e+01 -1.798500000000000077e-04 9.806194999999999376e-05 -1.798500000000000077e-04 2.420179073649999957e+00
1.192500000000000071e+01 -1.723139999999999904e-04 9.408735000000000644e-05 -1.723139999999999904e-04 2.415095875850000073e+00
1.194999999999999929e+01 -1.651090000000000077e-04 9.028200000000000060e-05 -1.651090000000000077e-04 2.410042813200000023e+00
1.197499999999999964e+01 -1.582200000000000132e-04 8.663789999999999935e-05 -1.582200000000000132e-04 2.405009879299999653e+00
1.200000000000000000e+01 -1.516319999999999875e-04 8.314914999999999654e-05 -1.516319999999999875e-04 2.399997069649999926e+00
1.202500000000000036e+01 -1.453330000000000127e-04 7.980870000000000043e-05 -1.453330000000000127e-04 2.395004378499999920e+00
1.205000000000000071e+01 -1.393099999999999926e-04 7.661025000000000397e-05 -1.393099999999999926e-04 2.390031800950000118e+00
1.207499999999999929e+01 -1.335499999999999936e-04 7.354824999999999839e-05 -1.335499999999999936e-04 2.385079332749999725e+00
1.209999999999999964e+01 -1.280429999999999936e-04 7.061755000000000289e-05 -1.280429999999999936e-04 2.380146969850000183e+00
1.212500000000000000e+01 -1.227769999999999936e-04 6.781319999999999644e-05 -1.227769999999999936e-04 2.375244708599999921e+00
1.215000000000000036e+01 -1.177419999999999986e-04 6.513090000000000350e-05 -1.177419999999999986e-04 2.370352545899999885e+00
1.217500000000000071e+01 -1.129300000000000047e-04 6.256594999999999344e-05 -1.129300000000000047e-04 2.365480478049999835e+00
1.219999999999999929e+01 -1.083289999999999991e-04 6.011464999999999880e-05 -1.083289999999999991e-04 2.360638502550000073e+00
1.222499999999999964e+01 -1.039319999999999936e-04 5.777299999999999726e-05 -1.039319999999999936e-04 2.355806616400000220e+00
1.225000000000000000e+01 -9.973110000000000471e-05 5.553764999999999841e-05 -9.973110000000000471e-05 2.350994817150000138e+00
1.227500000000000036e+01 -9.571709999999999875e-05 5.340475000000000398e-05 -9.571709999999999875e-05 2.346203102049999600e+00
1.230000000000000071e+01 -9.188280000000000058e-05 5.137107499999999841e-05 -9.188280000000000058e-05 2.341431468725000187e+00
1.232499999999999929e+01 -8.822079999999999397e-05 4.943328999999999914e-05 -8.822079999999999397e-05 2.336679914709999917e+00
1.234999999999999964e+01 -8.472410000000000422e-05 4.758797000000000374e-05 -8.472410000000000422e-05 2.331948437430000354e+00
1.237500000000000000e+01 -8.138579999999999588e-05 4.583171999999999832e-05 -8.138579999999999588e-05 2.327237034279999950e+00
1.240000000000000036e+01 -7.819929999999999514e-05 4.416136499999999795e-05 -7.819929999999999514e-05 2.322545702834999837e+00
1.242500000000000071e+01 -7.515800000000000106e-05 4.257354000000000439e-05 -7.515800000000000106e-05 2.317874440459999796e+00
1.244999999999999929e+01 -7.225560000000000663e-05 4.106471000000000074e-05 -7.225560000000000663e-05 2.313213244289999970e+00
1.247499999999999964e+01 -6.948620000000000566e-05 3.963155499999999870e-05 -6.948620000000000566e-05 2.308582111644999824e+00
1.250000000000000000e+01 -6.684359999999999814e-05 3.827046999999999681e-05 -6.684359999999999814e-05 2.303961039529999866e+00
1.252500000000000036e+01 -6.432190000000000498e-05 3.697797999999999591e-05 -6.432190000000000498e-05 2.299360025019999920e+00
1.255000000000000071e+01 -6.191550000000000038e-05 3.575049999999999593e-05 -6.191550000000000038e-05 2.294779065100000182e+00
1.257499999999999929e+01 -5.961869999999999892e-05 3.458421500000000105e-05 -5.961869999999999892e-05 2.290218156384999926e+00
1.259999999999999964e+01 -5.742600000000000211e-05 3.347567500000000031e-05 -5.742600000000000211e-05 2.285677295924999797e+00
1.262500000000000000e+01 -5.533209999999999832e-05 3.242106999999999823e-05 -5.533209999999999832e-05 2.281146480329999893e+00
1.265000000000000036e+01 -5.333150000000000260e-05 3.141670500000000061e-05 -5.333150000000000260e-05 2.276635706295000006e+00
1.267500000000000071e+01 -5.141929999999999743e-05 3.045900500000000129e-05 -5.141929999999999743e-05 2.272144970595000313e+00
1.269999999999999929e+01 -4.959039999999999873e-05 2.954416999999999872e-05 -4.959039999999999873e-05 2.267674269830000089e+00
1.272499999999999964e+01 -4.784000000000000275e-05 2.866876499999999994e-05 -4.784000000000000275e-05 2.263213600834999895e+00
1.275000000000000000e+01 -4.616329999999999896e-05 2.782922499999999951e-05 -4.616329999999999896e-05 2.258782960375000037e+00
1.277500000000000036e+01 -4.455579999999999784e-05 2.702214499999999977e-05 -4.455579999999999784e-05 2.254362345255000122e+00
1.280000000000000071e+01 -4.301319999999999672e-05 2.624439000000000166e-05 -4.301319999999999672e-05 2.249951752609999911e+00
1.282499999999999929e+01 -4.153119999999999972e-05 2.549274499999999710e-05 -4.153119999999999972e-05 2.245571179455000177e+00
1.284999999999999964e+01 -4.010589999999999831e-05 2.476429999999999937e-05 -4.010589999999999831e-05 2.241200623100000122e+00
1.287500000000000000e+01 -3.873359999999999791e-05 2.405626499999999964e-05 -3.873359999999999791e-05 2.236850080935000040e+00
1.290000000000000036e+01 -3.741069999999999742e-05 2.336624000000000280e-05 -3.741069999999999742e-05 2.232509550759999684e+00
1.292500000000000071e+01 -3.613380000000000292e-05 2.269163999999999743e-05 -3.613380000000000292e-05 2.228189030159999806e+00
1.294999999999999929e+01 -3.490000000000000128e-05 2.203068499999999793e-05 -3.490000000000000128e-05 2.223888517514999830e+00
1.297499999999999964e+01 -3.370619999999999926e-05 2.138129499999999770e-05 -3.370619999999999926e-05 2.219608010905000040e+00
1.300000000000000000e+01 -3.255009999999999859e-05 2.074199999999999894e-05 -3.255009999999999859e-05 2.215337509000000260e+00
1.302500000000000036e+01 -3.142910000000000034e-05 2.011141999999999997e-05 -3.142910000000000034e-05 2.211087010580000012e+00
1.305000000000000071e+01 -3.034109999999999992e-05 1.948852499999999990e-05 -3.034109999999999992e-05 2.206846514675000037e+00
1.307499999999999929e+01 -2.928440000000000036e-05 1.887243000000000118e-05 -2.928440000000000036e-05 2.202626020769999915e+00
1.309999999999999964e+01 -2.825730000000000133e-05 1.826268500000000284e-05 -2.825730000000000133e-05 2.198425528315000044e+00
1.312500000000000000e+01 -2.725829999999999955e-05 1.765887999999999990e-05 -2.725829999999999955e-05 2.194235037119999898e+00
1.315000000000000036e+01 -2.628639999999999959e-05 1.706115000000000181e-05 -2.628639999999999959e-05 2.190064547450000010e+00
1.317500000000000071e+01 -2.534049999999999904e-05 1.646941999999999994e-05 -2.534049999999999904e-05 2.185904059380000319e+00
1.319999999999999929e+01 -2.441999999999999997e-05 1.588412000000000065e-05 -2.441999999999999997e-05 2.181763573480000051e+00
1.322499999999999964e+01 -2.352430000000000108e-05 1.530581999999999977e-05 -2.352430000000000108e-05 2.177643090380000146e+00
1.325000000000000000e+01 -2.265290000000000126e-05 1.473527499999999929e-05 -2.265290000000000126e-05 2.173532611124999736e+00
1.327500000000000036e+01 -2.180570000000000029e-05 1.417323000000000050e-05 -2.180570000000000029e-05 2.169442136570000290e+00
1.330000000000000071e+01 -2.098260000000000134e-05 1.362085500000000056e-05 -2.098260000000000134e-05 2.165361667945000068e+00
1.332499999999999929e+01 -2.018360000000000103e-05 1.307916999999999966e-05 -2.018360000000000103e-05 2.161301206430000121e+00
1.334999999999999964e+01 -1.940889999999999979e-05 1.254937500000000044e-05 -1.940889999999999979e-05 2.157250753424999612e+00
1.337500000000000000e+01 -1.865860000000000123e-05 1.203261499999999999e-05 -1.865860000000000123e-05 2.153220310185000042e+00
1.340000000000000036e+01 -1.793309999999999945e-05 1.153020999999999917e-05 -1.793309999999999945e-05 2.149199878190000135e+00
1.342500000000000071e+01 -1.723269999999999850e-05 1.104349499999999988e-05 -1.723269999999999850e-05 2.145199458905000078e+00
1.344999999999999929e+01 -1.655779999999999925e-05 1.057349500000000099e-05 -1.655779999999999925e-05 2.141209053524999906e+00
1.347499999999999964e+01 -1.590859999999999876e-05 1.012150000000000126e-05 -1.590859999999999876e-05 2.137238663460000243e+00
1.350000000000000000e+01 -1.528550000000000129e-05 9.688600000000000716e-06 -1.528550000000000129e-05 2.133278289939999794e+00
1.352500000000000036e+01 -1.468889999999999924e-05 9.275825000000000251e-06 -1.468889999999999924e-05 2.129337934135000054e+00
1.355000000000000071e+01 -1.411889999999999962e-05 8.884089999999999503e-06 -1.411889999999999962e-05 2.125407597090000156e+00
1.357499999999999929e+01 -1.357579999999999968e-05 8.514170000000000172e-06 -1.357579999999999968e-05 2.121487279710000173e+00
1.359999999999999964e+01 -1.305959999999999944e-05 8.166695000000000589e-06 -1.305959999999999944e-05 2.117586982744999791e+00
1.362500000000000000e+01 -1.257040000000000081e-05 7.842175000000000857e-06 -1.257040000000000081e-05 2.113706706824999948e+00
1.365000000000000036e+01 -1.210810000000000017e-05 7.540914999999999442e-06 -1.210810000000000017e-05 2.109836452345000168e+00
1.367500000000000071e+01 -1.167250000000000048e-05 7.263069999999999563e-06 -1.167250000000000048e-05 2.105976219590000031e+00
1.369999999999999929e+01 -1.126329999999999938e-05 7.008614999999999473e-06 -1.126329999999999938e-05 2.102136008605000050e+00
1.372499999999999964e+01 -1.088019999999999961e-05 6.777346999999999708e-06 -1.088019999999999961e-05 2.098305819292999974e+00
1.375000000000000000e+01 -1.052249999999999963e-05 6.568889499999999510e-06 -1.052249999999999963e-05 2.094485651350499911e+00
1.377500000000000036e+01 -1.018949999999999960e-05 6.382685999999999930e-06 -1.018949999999999960e-05 2.090685504294000019e+00
1.380000000000000071e+01 -9.880669999999999709e-06 6.218013000000000160e-06 -9.880669999999999709e-06 2.086895377467000046e+00
1.382499999999999929e+01 -9.594959999999999356e-06 6.073988499999999994e-06 -9.594959999999999356e-06 2.083125270051500166e+00
1.384999999999999964e+01 -9.331410000000000838e-06 5.949553500000000058e-06 -9.331410000000000838e-06 2.079365181026499698e+00
1.387500000000000000e+01 -9.088930000000000747e-06 5.843573999999999966e-06 -9.088930000000000747e-06 2.075615109306000239e+00
1.390000000000000036e+01 -8.866350000000000246e-06 5.754740999999999795e-06 -8.866350000000000246e-06 2.071885053619000328e+00
1.392500000000000071e+01 -8.662409999999999281e-06 5.681639499999999662e-06 -8.662409999999999281e-06 2.068165012580500228e+00
1.394999999999999929e+01 -8.475770000000000675e-06 5.622757500000000180e-06 -8.475770000000000675e-06 2.064454984702499996e+00
1.397499999999999964e+01 -8.305029999999999663e-06 5.576536499999999730e-06 -8.305029999999999663e-06 2.060764968443500322e+00
1.400000000000000000e+01 -8.148800000000000653e-06 5.541318500000000400e-06 -8.148800000000000653e-06 2.057084962161499941e+00
1.402500000000000036e+01 -8.005589999999999359e-06 5.515449999999999853e-06 -8.005589999999999359e-06 2.053414964209999916e+00
1.405000000000000071e+01 -7.873929999999999674e-06 5.497237999999999425e-06 -7.873929999999999674e-06 2.049764972901999993e+00
1.407499999999999929e+01 -7.752320000000000004e-06 5.484980499999999992e-06 -7.752320000000000004e-06 2.046124986539500146e+00
1.409999999999999964e+01 -7.639339999999999266e-06 5.476997999999999768e-06 -7.639339999999999266e-06 2.042495003441999746e+00
1.412500000000000000e+01 -7.533509999999999806e-06 5.471691499999999720e-06 -7.533509999999999806e-06 2.038885022008499970e+00
1.415000000000000036e+01 -7.433449999999999955e-06 5.467471999999999819e-06 -7.433449999999999955e-06 2.035275040648000022e+00
1.417500000000000071e+01 -7.337810000000000139e-06 5.462870999999999657e-06 -7.337810000000000139e-06 2.031695057889000289e+00
1.419999999999999929e+01 -7.245309999999999754e-06 5.456389999999999270e-06 -7.245309999999999754e-06 2.028115072229999871e+00
1.422499999999999964e+01 -7.154760000000000256e-06 5.446789500000000547e-06 -7.154760000000000256e-06 2.024545082430500020e+00
1.425000000000000000e+01 -7.065050000000000229e-06 5.432850000000000000e-06 -7.065050000000000229e-06 2.020995087269999768e+00
1.427500000000000036e+01 -6.975160000000000316e-06 5.413531000000000567e-06 -6.975160000000000316e-06 2.017455085709000340e+00
1.430000000000000071e+01 -6.884190000000000236e-06 5.387899499999999997e-06 -6.884190000000000236e-06 2.013935076820500214e+00
1.432499999999999929e+01 -6.791339999999999931e-06 5.355173499999999999e-06 -6.791339999999999931e-06 2.010415059826499817e+00
1.434999999999999964e+01 -6.695949999999999816e-06 5.314716499999999414e-06 -6.695949999999999816e-06 2.006915034103499806e+00
1.437500000000000000e+01 -6.597470000000000379e-06 5.266062500000000202e-06 -6.597470000000000379e-06 2.003424999197500167e+00
1.440000000000000036e+01 -6.495459999999999640e-06 5.208903000000000093e-06 -6.495459999999999640e-06 1.999944954817000076e+00
1.442500000000000071e+01 -6.389640000000000033e-06 5.143067000000000508e-06 -6.389640000000000033e-06 1.996474900813000053e+00
1.444999999999999929e+01 -6.279820000000000126e-06 5.068571999999999284e-06 -6.279820000000000126e-06 1.993024837227999946e+00
1.447499999999999964e+01 -6.165970000000000360e-06 4.985567499999999595e-06 -6.165970000000000360e-06 1.989584764232499969e+00
1.450000000000000000e+01 -6.048149999999999852e-06 4.894325999999999327e-06 -6.048149999999999852e-06 1.986154682154000151e+00
1.452500000000000036e+01 -5.926550000000000034e-06 4.795300000000000488e-06 -5.926550000000000034e-06 1.982734591460000084e+00
1.455000000000000071e+01 -5.801450000000000164e-06 4.689054999999999950e-06 -5.801450000000000164e-06 1.979324492764999999e+00
1.457499999999999929e+01 -5.673260000000000126e-06 4.576270499999999844e-06 -5.673260000000000126e-06 1.975934386789500063e+00
1.459999999999999964e+01 -5.542459999999999616e-06 4.457752000000000277e-06 -5.542459999999999616e-06 1.972544274387999952e+00
1.462500000000000000e+01 -5.409640000000000099e-06 4.334385000000000176e-06 -5.409640000000000099e-06 1.969174156495000050e+00
1.465000000000000036e+01 -5.275439999999999757e-06 4.207144000000000287e-06 -5.275439999999999757e-06 1.965814034135999977e+00
1.467500000000000071e+01 -5.140569999999999980e-06 4.077081000000000005e-06 -5.140569999999999980e-06 1.962463908419000091e+00
1.469999999999999929e+01 -5.005800000000000421e-06 3.945279499999999908e-06 -5.005800000000000421e-06 1.959133780480500020e+00
1.472499999999999964e+01 -4.871930000000000295e-06 3.812890499999999794e-06 -4.871930000000000295e-06 1.955803651529500087e+00
1.475000000000000000e+01 -4.739799999999999919e-06 3.681075500000000277e-06 -4.739799999999999919e-06 1.952483522784500103e+00
1.477500000000000036e+01 -4.610320000000000271e-06 3.550996499999999977e-06 -4.610320000000000271e-06 1.949183395463499835e+00
1.480000000000000071e+01 -4.484219999999999903e-06 3.423844000000000096e-06 -4.484219999999999903e-06 1.945893270815999943e+00
1.482499999999999929e+01 -4.362320000000000273e-06 3.300721499999999650e-06 -4.362320000000000273e-06 1.942613149998499988e+00
1.484999999999999964e+01 -4.245610000000000335e-06 3.182771000000000092e-06 -4.245610000000000335e-06 1.939343034209000116e+00
1.487500000000000000e+01 -4.134809999999999634e-06 3.071036500000000171e-06 -4.134809999999999634e-06 1.936082924543500061e+00
1.490000000000000036e+01 -4.030679999999999668e-06 2.966512499999999916e-06 -4.030679999999999668e-06 1.932832822047499954e+00
1.492500000000000071e+01 -3.933899999999999723e-06 2.870135999999999993e-06 -3.933899999999999723e-06 1.929592727703999921e+00
1.494999999999999929e+01 -3.845140000000000085e-06 2.782744000000000000e-06 -3.845140000000000085e-06 1.926362642396000080e+00
1.497499999999999964e+01 -3.764969999999999970e-06 2.705067000000000303e-06 -3.764969999999999970e-06 1.923152566892999848e+00
1.500000000000000000e+01 -3.693880000000000199e-06 2.637776000000000154e-06 -3.693880000000000199e-06 1.919942501903999954e+00
1.502500000000000036e+01 -3.632269999999999953e-06 2.581405500000000013e-06 -3.632269999999999953e-06 1.916752447994499953e+00
1.505000000000000071e+01 -3.580510000000000130e-06 2.536358999999999902e-06 -3.580510000000000130e-06 1.913562405600999883e+00
1.507499999999999929e+01 -3.538820000000000026e-06 2.502946499999999906e-06 -3.538820000000000026e-06 1.910392375053500125e+00
1.509999999999999964e+01 -3.507340000000000118e-06 2.481355999999999710e-06 -3.507340000000000118e-06 1.907232356563999920e+00
1.512500000000000000e+01 -3.486129999999999943e-06 2.471642000000000077e-06 -3.486129999999999943e-06 1.904082350197999984e+00
1.515000000000000036e+01 -3.475129999999999964e-06 2.473738999999999729e-06 -3.475129999999999964e-06 1.900932355901000070e+00
1.517500000000000071e+01 -3.474189999999999851e-06 2.487453999999999901e-06 -3.474189999999999851e-06 1.897802373485999894e+00
1.519999999999999929e+01 -3.483080000000000032e-06 2.512486000000000122e-06 -3.483080000000000032e-06 1.894682402653999898e+00
1.522499999999999964e+01 -3.501469999999999867e-06 2.548457499999999816e-06 -3.501469999999999867e-06 1.891572443022500050e+00
1.525000000000000000e+01 -3.528919999999999918e-06 2.594741500000000100e-06 -3.528919999999999918e-06 1.888472493958500031e+00
1.527500000000000036e+01 -3.564950000000000063e-06 2.650764550000000042e-06 -3.564950000000000063e-06 1.885382554875450145e+00
1.530000000000000071e+01 -3.608970000000000109e-06 2.715774049999999999e-06 -3.608970000000000109e-06 1.882302625005950025e+00
1.532499999999999929e+01 -3.660310000000000196e-06 2.788989849999999709e-06 -3.660310000000000196e-06 1.879232703550149930e+00
1.534999999999999964e+01 -3.718249999999999933e-06 2.869503050000000065e-06 -3.718249999999999933e-06 1.876172789576949995e+00
1.537500000000000000e+01 -3.782029999999999939e-06 2.956326300000000081e-06 -3.782029999999999939e-06 1.873122882073699813e+00
1.540000000000000036e+01 -3.850810000000000321e-06 3.048453599999999940e-06 -3.850810000000000321e-06 1.870072980006399987e+00
1.542500000000000071e+01 -3.923729999999999785e-06 3.144809850000000310e-06 -3.923729999999999785e-06 1.867043082270150034e+00
1.544999999999999929e+01 -3.999889999999999747e-06 3.244281050000000087e-06 -3.999889999999999747e-06 1.864023187718949925e+00
1.547499999999999964e+01 -4.078370000000000222e-06 3.345753699999999981e-06 -4.078370000000000222e-06 1.861013295206300100e+00
1.550000000000000000e+01 -4.158239999999999680e-06 3.448074900000000078e-06 -4.158239999999999680e-06 1.858013403545099917e+00
1.552500000000000036e+01 -4.238560000000000123e-06 3.550101850000000258e-06 -4.238560000000000123e-06 1.855023511558149929e+00
1.555000000000000071e+01 -4.318409999999999876e-06 3.650711900000000015e-06 -4.318409999999999876e-06 1.852043618088099919e+00
1.557499999999999929e+01 -4.396879999999999651e-06 3.748782300000000173e-06 -4.396879999999999651e-06 1.849063721977699970e+00
1.559999999999999964e+01 -4.473089999999999723e-06 3.843239950000000185e-06 -4.473089999999999723e-06 1.846103822120050086e+00
1.562500000000000000e+01 -4.546170000000000216e-06 3.933051100000000579e-06 -4.546170000000000216e-06 1.843153917448900003e+00
1.565000000000000036e+01 -4.615330000000000075e-06 4.017221399999999966e-06 -4.615330000000000075e-06 1.840204006938600090e+00
1.567500000000000071e+01 -4.679810000000000346e-06 4.094875649999999934e-06 -4.679810000000000346e-06 1.837274089684350020e+00
1.569999999999999929e+01 -4.738910000000000339e-06 4.165127515000000119e-06 -4.738910000000000339e-06 1.834344164772485186e+00
1.572499999999999964e+01 -4.791990000000000176e-06 4.227239570000000127e-06 -4.791990000000000176e-06 1.831424231440430095e+00
1.575000000000000000e+01 -4.838500000000000346e-06 4.280503075000000178e-06 -4.838500000000000346e-06 1.828524288956924870e+00
1.577500000000000036e+01 -4.877960000000000304e-06 4.324337900000000094e-06 -4.877960000000000304e-06 1.825624336722100116e+00
1.580000000000000071e+01 -4.909939999999999614e-06 4.358262350000000277e-06 -4.909939999999999614e-06 1.822734374237650057e+00
1.582499999999999929e+01 -4.934119999999999610e-06 4.381843250000000104e-06 -4.934119999999999610e-06 1.819854401056749893e+00
1.584999999999999964e+01 -4.950280000000000146e-06 4.394855699999999868e-06 -4.950280000000000146e-06 1.816984416944300129e+00
1.587500000000000000e+01 -4.958279999999999900e-06 4.397093249999999661e-06 -4.958279999999999900e-06 1.814124421686750033e+00
1.590000000000000036e+01 -4.958049999999999904e-06 4.388497600000000184e-06 -4.958049999999999904e-06 1.811274415222399847e+00
1.592500000000000071e+01 -4.949650000000000120e-06 4.369088849999999385e-06 -4.949650000000000120e-06 1.808424397571149811e+00
1.594999999999999929e+01 -4.933210000000000325e-06 4.339015300000000320e-06 -4.933210000000000325e-06 1.805594368884700041e+00
1.597499999999999964e+01 -4.908930000000000110e-06 4.298533950000000132e-06 -4.908930000000000110e-06 1.802764329426050027e+00
1.600000000000000000e+01 -4.877129999999999839e-06 4.248029299999999799e-06 -4.877129999999999839e-06 1.799954279590699979e+00
1.602499999999999858e+01 -4.838210000000000388e-06 4.187895499999999518e-06 -4.838210000000000388e-06 1.797144219784500008e+00
1.605000000000000071e+01 -4.792620000000000202e-06 4.118714199999999896e-06 -4.792620000000000202e-06 1.794344150605799992e+00
1.607499999999999929e+01 -4.740980000000000304e-06 4.041116049999999718e-06 -4.740980000000000304e-06 1.791554072703950062e+00
1.610000000000000142e+01 -4.683850000000000056e-06 3.955840349999999507e-06 -4.683850000000000056e-06 1.788773986839649943e+00
1.612500000000000000e+01 -4.621940000000000000e-06 3.863675199999999779e-06 -4.621940000000000000e-06 1.785993893824799894e+00
1.614999999999999858e+01 -4.556000000000000086e-06 3.765507550000000271e-06 -4.556000000000000086e-06 1.783233794572450126e+00
1.617500000000000071e+01 -4.486859999999999931e-06 3.662263399999999865e-06 -4.486859999999999931e-06 1.780473690036600054e+00
1.619999999999999929e+01 -4.415380000000000406e-06 3.554937949999999857e-06 -4.415380000000000406e-06 1.777733581242050054e+00
1.622500000000000142e+01 -4.342450000000000242e-06 3.444585699999999816e-06 -4.342450000000000242e-06 1.774993469274300129e+00
1.625000000000000000e+01 -4.269009999999999976e-06 3.332310399999999875e-06 -4.269009999999999976e-06 1.772263355269599883e+00
1.627499999999999858e+01 -4.196019999999999850e-06 3.219175650000000001e-06 -4.196019999999999850e-06 1.769533240324349999e+00
1.630000000000000071e+01 -4.124480000000000362e-06 3.106324549999999708e-06 -4.124480000000000362e-06 1.766823125615450074e+00
1.632499999999999929e+01 -4.055369999999999765e-06 2.994920199999999912e-06 -4.055369999999999765e-06 1.764113012339800113e+00
1.635000000000000142e+01 -3.989669999999999699e-06 2.886115600000000039e-06 -3.989669999999999699e-06 1.761422901684400077e+00
1.637500000000000000e+01 -3.928429999999999927e-06 2.781043950000000114e-06 -3.928429999999999927e-06 1.758732794816049827e+00
1.639999999999999858e+01 -3.872609999999999841e-06 2.680858700000000140e-06 -3.872609999999999841e-06 1.756052692921300062e+00
1.642500000000000071e+01 -3.823180000000000384e-06 2.586663650000000220e-06 -3.823180000000000384e-06 1.753372597136350075e+00
1.644999999999999929e+01 -3.781070000000000121e-06 2.499523194999999921e-06 -3.781070000000000121e-06 1.750712508556804936e+00
1.647500000000000142e+01 -3.747210000000000161e-06 2.420542375000000034e-06 -3.747210000000000161e-06 1.748052428317625084e+00
1.650000000000000000e+01 -3.722439999999999973e-06 2.350686930000000022e-06 -3.722439999999999973e-06 1.745402357413070149e+00
1.652499999999999858e+01 -3.707620000000000003e-06 2.290913470000000323e-06 -3.707620000000000003e-06 1.742762296826530166e+00
1.655000000000000071e+01 -3.703510000000000054e-06 2.242129554999999842e-06 -3.703510000000000054e-06 1.740132247490445039e+00
1.657499999999999929e+01 -3.710819999999999820e-06 2.205163750000000085e-06 -3.710819999999999820e-06 1.737512210256250134e+00
1.660000000000000142e+01 -3.730190000000000025e-06 2.180755720000000251e-06 -3.730190000000000025e-06 1.734892185884280069e+00
1.662500000000000000e+01 -3.762269999999999979e-06 2.169636304999999823e-06 -3.762269999999999979e-06 1.732282175123694978e+00
1.664999999999999858e+01 -3.807550000000000078e-06 2.172417450000000140e-06 -3.807550000000000078e-06 1.729682178602550024e+00
1.667500000000000071e+01 -3.866479999999999613e-06 2.189612625000000129e-06 -3.866479999999999613e-06 1.727092196847374916e+00
1.669999999999999929e+01 -3.939450000000000034e-06 2.221686299999999691e-06 -3.939450000000000034e-06 1.724502230333699870e+00
1.672500000000000142e+01 -4.026759999999999881e-06 2.269004349999999688e-06 -4.026759999999999881e-06 1.721922279435649905e+00
1.675000000000000000e+01 -4.128630000000000144e-06 2.331853949999999677e-06 -4.128630000000000144e-06 1.719352344446049896e+00
1.677499999999999858e+01 -4.245189999999999753e-06 2.410413549999999639e-06 -4.245189999999999753e-06 1.716792425546449952e+00
1.680000000000000071e+01 -4.376510000000000217e-06 2.504793050000000130e-06 -4.376510000000000217e-06 1.714232522846949935e+00
1.682499999999999929e+01 -4.522579999999999989e-06 2.615013449999999824e-06 -4.522579999999999989e-06 1.711692636366549891e+00
1.685000000000000142e+01 -4.683299999999999697e-06 2.740987099999999892e-06 -4.683299999999999697e-06 1.709152766012900004e+00
1.687500000000000000e+01 -4.858479999999999602e-06 2.882577550000000239e-06 -4.858479999999999602e-06 1.706622911642450058e+00
1.689999999999999858e+01 -5.047879999999999856e-06 3.039519600000000239e-06 -5.047879999999999856e-06 1.704093072980400025e+00
1.692500000000000071e+01 -5.251160000000000390e-06 3.211508999999999697e-06 -5.251160000000000390e-06 1.701573249711000102e+00
1.694999999999999929e+01 -5.467930000000000179e-06 3.398122699999999885e-06 -5.467930000000000179e-06 1.699063441397300034e+00
1.697500000000000142e+01 -5.697699999999999675e-06 3.598898699999999909e-06 -5.697699999999999675e-06 1.696563647561299959e+00
1.700000000000000000e+01 -5.939939999999999917e-06 3.813265800000000010e-06 -5.939939999999999917e-06 1.694073867614199980e+00
1.702499999999999858e+01 -6.194039999999999738e-06 4.040593750000000314e-06 -6.194039999999999738e-06 1.691584100906249999e+00
1.705000000000000071e+01 -6.459350000000000252e-06 4.280243100000000185e-06 -6.459350000000000252e-06 1.689104346776900023e+00
1.707499999999999929e+01 -6.735140000000000367e-06 4.531435000000000263e-06 -6.735140000000000367e-06 1.686634604425000017e+00
1.710000000000000142e+01 -7.020639999999999582e-06 4.793371299999999363e-06 -7.020639999999999582e-06 1.684164873028699994e+00
1.712500000000000000e+01 -7.315039999999999677e-06 5.065224399999999798e-06 -7.315039999999999677e-06 1.681705151735599868e+00
1.714999999999999858e+01 -7.617479999999999783e-06 5.346087150000000550e-06 -7.617479999999999783e-06 1.679255439612849843e+00
1.717500000000000071e+01 -7.927059999999999621e-06 5.635042499999999843e-06 -7.927059999999999621e-06 1.676815735717499978e+00
1.719999999999999929e+01 -8.242859999999999207e-06 5.931134500000000057e-06 -8.242859999999999207e-06 1.674376039065499810e+00
1.722500000000000142e+01 -8.563920000000000839e-06 6.233326500000000094e-06 -8.563920000000000839e-06 1.671946348593499998e+00
1.725000000000000000e+01 -8.889280000000000041e-06 6.540642000000000421e-06 -8.889280000000000041e-06 1.669526663297999924e+00
1.727499999999999858e+01 -9.217919999999999998e-06 6.852034999999999695e-06 -9.217919999999999998e-06 1.667106982104999968e+00
1.730000000000000071e+01 -9.548859999999999916e-06 7.166468999999999266e-06 -9.548859999999999916e-06 1.664697303951000018e+00
1.732499999999999929e+01 -9.881070000000000586e-06 7.482898500000000029e-06 -9.881070000000000586e-06 1.662297627761500030e+00
1.735000000000000142e+01 -1.021359999999999992e-05 7.800275999999999854e-06 -1.021359999999999992e-05 1.659897952464000070e+00
1.737500000000000000e+01 -1.054530000000000049e-05 8.117555000000000243e-06 -1.054530000000000049e-05 1.657508276985000029e+00
1.739999999999999858e+01 -1.087530000000000072e-05 8.433708499999998469e-06 -1.087530000000000072e-05 1.655128600271499995e+00
1.742500000000000071e+01 -1.120249999999999989e-05 8.747698500000000184e-06 -1.120249999999999989e-05 1.652758921261499925e+00
1.744999999999999929e+01 -1.152609999999999964e-05 9.058545499999999209e-06 -1.152609999999999964e-05 1.650389238954499849e+00
1.747500000000000142e+01 -1.184499999999999925e-05 9.365256999999998957e-06 -1.184499999999999925e-05 1.648029552322999969e+00
1.750000000000000000e+01 -1.215830000000000013e-05 9.666887499999999694e-06 -1.215830000000000013e-05 1.645679860412500028e+00
1.752499999999999858e+01 -1.246510000000000031e-05 9.962519000000000219e-06 -1.246510000000000031e-05 1.643330162280999929e+00
1.755000000000000071e+01 -1.276449999999999951e-05 1.025122199999999955e-05 -1.276449999999999951e-05 1.640990456978000056e+00
1.757499999999999929e+01 -1.305569999999999936e-05 1.053225449999999964e-05 -1.305569999999999936e-05 1.638650743745500016e+00
1.760000000000000142e+01 -1.333800000000000003e-05 1.080472600000000122e-05 -1.333800000000000003e-05 1.636331021673999908e+00
1.762500000000000000e+01 -1.361049999999999954e-05 1.106784349999999997e-05 -1.361049999999999954e-05 1.634001289956499958e+00
1.764999999999999858e+01 -1.387249999999999974e-05 1.132091350000000058e-05 -1.387249999999999974e-05 1.631691547886499949e+00
1.767500000000000071e+01 -1.412339999999999932e-05 1.156354249999999992e-05 -1.412339999999999932e-05 1.629381795057500026e+00
1.769999999999999929e+01 -1.436250000000000013e-05 1.179463549999999930e-05 -1.436250000000000013e-05 1.627082030364499943e+00
1.772500000000000142e+01 -1.458929999999999938e-05 1.201359799999999915e-05 -1.458929999999999938e-05 1.624792253201999825e+00
1.775000000000000000e+01 -1.480320000000000084e-05 1.222033299999999913e-05 -1.480320000000000084e-05 1.622502463467000000e+00
1.777499999999999858e+01 -1.500370000000000002e-05 1.241424399999999918e-05 -1.500370000000000002e-05 1.620222660555999949e+00
1.780000000000000071e+01 -1.519049999999999966e-05 1.259473300000000015e-05 -1.519049999999999966e-05 1.617942843867000047e+00
1.782499999999999929e+01 -1.536319999999999887e-05 1.276160200000000040e-05 -1.536319999999999887e-05 1.615673013198000163e+00
1.785000000000000142e+01 -1.552129999999999995e-05 1.291445150000000044e-05 -1.552129999999999995e-05 1.613413168148499999e+00
1.787500000000000000e+01 -1.566469999999999928e-05 1.305308199999999952e-05 -1.566469999999999928e-05 1.611153308518000093e+00
1.789999999999999858e+01 -1.579309999999999961e-05 1.317729300000000089e-05 -1.579309999999999961e-05 1.608903434106999875e+00
1.792500000000000071e+01 -1.590640000000000071e-05 1.328688349999999965e-05 -1.590640000000000071e-05 1.606663544716499858e+00
1.794999999999999929e+01 -1.600449999999999898e-05 1.338175150000000018e-05 -1.600449999999999898e-05 1.604423640248499927e+00
1.797500000000000142e+01 -1.608720000000000075e-05 1.346179500000000009e-05 -1.608720000000000075e-05 1.602193720604999871e+00
1.800000000000000000e+01 -1.615449999999999924e-05 1.352721050000000024e-05 -1.615449999999999924e-05 1.599963785989499954e+00
1.802499999999999858e+01 -1.620640000000000123e-05 1.357779499999999864e-05 -1.620640000000000123e-05 1.597743836205000045e+00
1.805000000000000071e+01 -1.624300000000000017e-05 1.361374449999999984e-05 -1.624300000000000017e-05 1.595533871455500075e+00
1.807499999999999929e+01 -1.626449999999999988e-05 1.363525499999999995e-05 -1.626449999999999988e-05 1.593323891944999904e+00
1.810000000000000142e+01 -1.627080000000000014e-05 1.364242150000000052e-05 -1.627080000000000014e-05 1.591123897778500051e+00
1.812500000000000000e+01 -1.626239999999999866e-05 1.363533850000000003e-05 -1.626239999999999866e-05 1.588933889061500127e+00
1.814999999999999858e+01 -1.623929999999999883e-05 1.361450049999999953e-05 -1.623929999999999883e-05 1.586743866299499928e+00
1.817500000000000071e+01 -1.620180000000000131e-05 1.358000199999999921e-05 -1.620180000000000131e-05 1.584563829597999796e+00
1.819999999999999929e+01 -1.615019999999999997e-05 1.353223700000000018e-05 -1.615019999999999997e-05 1.582383779363000009e+00
1.822500000000000142e+01 -1.608489999999999909e-05 1.347159900000000051e-05 -1.608489999999999909e-05 1.580213716001000135e+00
1.825000000000000000e+01 -1.600609999999999910e-05 1.339828150000000119e-05 -1.600609999999999910e-05 1.578053639718500101e+00
1.827499999999999858e+01 -1.591430000000000110e-05 1.331287749999999932e-05 -1.591430000000000110e-05 1.575893551122499847e+00
1.830000000000000071e+01 -1.580989999999999918e-05 1.321567999999999982e-05 -1.580989999999999918e-05 1.573733450520000021e+00
1.832499999999999929e+01 -1.569330000000000101e-05 1.310718249999999925e-05 -1.569330000000000101e-05 1.571593338417500041e+00
1.835000000000000142e+01 -1.556490000000000068e-05 1.298787849999999929e-05 -1.556490000000000068e-05 1.569453215321499950e+00
1.837500000000000000e+01 -1.542529999999999951e-05 1.285816049999999857e-05 -1.542529999999999951e-05 1.567313081639500005e+00
1.839999999999999858e+01 -1.527480000000000154e-05 1.271852100000000108e-05 -1.527480000000000154e-05 1.565182937878999869e+00
1.842500000000000071e+01 -1.511399999999999963e-05 1.256955349999999851e-05 -1.511399999999999963e-05 1.563062784646499948e+00
1.844999999999999929e+01 -1.494339999999999994e-05 1.241165100000000108e-05 -1.494339999999999994e-05 1.560942622348999942e+00
1.847500000000000142e+01 -1.476350000000000019e-05 1.224540750000000021e-05 -1.476350000000000019e-05 1.558832451592500057e+00
1.850000000000000000e+01 -1.457479999999999978e-05 1.207121450000000023e-05 -1.457479999999999978e-05 1.556722272785500127e+00
1.852499999999999858e+01 -1.437790000000000002e-05 1.188986450000000069e-05 -1.437790000000000002e-05 1.554622086735500064e+00
1.855000000000000071e+01 -1.417320000000000010e-05 1.170175400000000119e-05 -1.417320000000000010e-05 1.552521893846000145e+00
1.857499999999999929e+01 -1.396129999999999964e-05 1.150727499999999902e-05 -1.396129999999999964e-05 1.550441694524999914e+00
1.860000000000000142e+01 -1.374279999999999995e-05 1.130712200000000074e-05 -1.374279999999999995e-05 1.548351489477999943e+00
1.862500000000000000e+01 -1.351810000000000022e-05 1.110178800000000153e-05 -1.351810000000000022e-05 1.546271279211999916e+00
1.864999999999999858e+01 -1.328769999999999985e-05 1.089166750000000053e-05 -1.328769999999999985e-05 1.544201064132499912e+00
1.867500000000000071e+01 -1.305230000000000038e-05 1.067735499999999901e-05 -1.305230000000000038e-05 1.542130844844999960e+00
1.869999999999999929e+01 -1.281229999999999929e-05 1.045944550000000133e-05 -1.281229999999999929e-05 1.540070621954499952e+00
1.872500000000000142e+01 -1.256819999999999937e-05 1.023823349999999963e-05 -1.256819999999999937e-05 1.538020395766500181e+00
1.875000000000000000e+01 -1.232060000000000025e-05 1.001431399999999995e-05 -1.232060000000000025e-05 1.535960166885999900e+00
1.877499999999999858e+01 -1.206979999999999920e-05 9.788082999999998829e-06 -1.206979999999999920e-05 1.533919935717000138e+00
1.880000000000000071e+01 -1.181630000000000069e-05 9.560045499999999405e-06 -1.181630000000000069e-05 1.531879702774500140e+00
1.882499999999999929e+01 -1.156069999999999928e-05 9.330617500000001302e-06 -1.156069999999999928e-05 1.529849468482500141e+00
1.885000000000000142e+01 -1.130339999999999921e-05 9.100214999999999064e-06 -1.130339999999999921e-05 1.527819233264999799e+00
1.887500000000000000e+01 -1.104469999999999947e-05 8.869254500000000482e-06 -1.104469999999999947e-05 1.525788997545499903e+00
1.889999999999999858e+01 -1.078519999999999967e-05 8.638132999999999784e-06 -1.078519999999999967e-05 1.523768761726999932e+00
1.892500000000000071e+01 -1.052520000000000047e-05 8.407196999999999866e-06 -1.052520000000000047e-05 1.521758526163000003e+00
1.894999999999999929e+01 -1.026509999999999935e-05 8.176793999999999626e-06 -1.026509999999999935e-05 1.519748291206000079e+00
1.897500000000000142e+01 -1.000530000000000058e-05 7.947310999999999370e-06 -1.000530000000000058e-05 1.517748057249000082e+00
1.900000000000000000e+01 -9.746160000000000551e-06 7.719106000000000087e-06 -9.746160000000000551e-06 1.515747824654000153e+00
1.902499999999999858e+01 -9.487949999999999512e-06 7.492366499999999647e-06 -9.487949999999999512e-06 1.513757593613499930e+00
1.905000000000000071e+01 -9.231030000000000623e-06 7.267420500000000327e-06 -9.231030000000000623e-06 1.511777364459500061e+00
1.907499999999999929e+01 -8.975699999999999461e-06 7.044556850000000244e-06 -8.975699999999999461e-06 1.509797137483150031e+00
1.910000000000000142e+01 -8.722249999999999372e-06 6.824003900000000396e-06 -8.722249999999999372e-06 1.507816912916100094e+00
1.912500000000000000e+01 -8.470929999999999210e-06 6.606000399999999697e-06 -8.470929999999999210e-06 1.505846690999600002e+00
1.914999999999999858e+01 -8.222009999999999228e-06 6.390765299999999777e-06 -8.222009999999999228e-06 1.503876471954699978e+00
1.917500000000000071e+01 -7.975709999999999571e-06 6.178477800000000160e-06 -7.975709999999999571e-06 1.501916255962200131e+00
1.919999999999999929e+01 -7.732250000000000380e-06 5.969327300000000103e-06 -7.732250000000000380e-06 1.499966043212699995e+00
1.922500000000000142e+01 -7.491830000000000402e-06 5.763463249999999422e-06 -7.491830000000000402e-06 1.498015833856749968e+00
1.925000000000000000e+01 -7.254619999999999670e-06 5.561025449999999563e-06 -7.254619999999999670e-06 1.496065628034549899e+00
1.927499999999999858e+01 -7.020799999999999764e-06 5.362153650000000306e-06 -7.020799999999999764e-06 1.494125425886349889e+00
1.930000000000000071e+01 -6.790499999999999614e-06 5.166937999999999386e-06 -6.790499999999999614e-06 1.492185227502000000e+00
1.932499999999999929e+01 -6.563870000000000396e-06 4.975468599999999650e-06 -6.563870000000000396e-06 1.490255032971400162e+00
1.935000000000000142e+01 -6.341019999999999642e-06 4.787825749999999736e-06 -6.341019999999999642e-06 1.488334842374249956e+00
1.937500000000000000e+01 -6.122050000000000110e-06 4.604069900000000180e-06 -6.122050000000000110e-06 1.486414655770099902e+00
1.939999999999999858e+01 -5.907049999999999627e-06 4.424261549999999792e-06 -5.907049999999999627e-06 1.484494473218450183e+00
1.942500000000000071e+01 -5.696079999999999850e-06 4.248371400000000285e-06 -5.696079999999999850e-06 1.482584294688600091e+00
1.944999999999999929e+01 -5.489209999999999745e-06 4.076450149999999648e-06 -5.489209999999999745e-06 1.480684120229849965e+00
1.947500000000000142e+01 -5.286480000000000417e-06 3.908488700000000023e-06 -5.286480000000000417e-06 1.478783949831300015e+00
1.950000000000000000e+01 -5.087919999999999730e-06 3.744457950000000035e-06 -5.087919999999999730e-06 1.476883783462050070e+00
1.952499999999999858e+01 -4.893559999999999781e-06 3.584338899999999795e-06 -4.893559999999999781e-06 1.474993621101100105e+00
1.955000000000000071e+01 -4.703389999999999873e-06 3.428072699999999912e-06 -4.703389999999999873e-06 1.473103462687300080e+00
1.957499999999999929e+01 -4.517410000000000003e-06 3.275590349999999964e-06 -4.517410000000000003e-06 1.471223308149649966e+00
1.960000000000000142e+01 -4.335599999999999621e-06 3.126823200000000163e-06 -4.335599999999999621e-06 1.469343157416800105e+00
1.962500000000000000e+01 -4.157939999999999869e-06 2.981682399999999867e-06 -4.157939999999999869e-06 1.467473010397600142e+00
1.964999999999999858e+01 -3.984379999999999789e-06 2.840049300000000025e-06 -3.984379999999999789e-06 1.465612866970700034e+00
1.967500000000000071e+01 -3.814879999999999972e-06 2.701805149999999954e-06 -3.814879999999999972e-06 1.463742727014849976e+00
1.969999999999999929e+01 -3.649370000000000179e-06 2.566821399999999842e-06 -3.649370000000000179e-06 1.461892590398599978e+00
1.972500000000000142e+01 -3.487790000000000025e-06 2.434929500000000045e-06 -3.487790000000000025e-06 1.460032456950499880e+00
1.975000000000000000e+01 -3.330059999999999843e-06 2.305970750000000016e-06 -3.330059999999999843e-06 1.458182326509249949e+00
1.977499999999999858e+01 -3.176099999999999965e-06 2.179756649999999950e-06 -3.176099999999999965e-06 1.456342198883350036e+00
1.980000000000000071e+01 -3.025799999999999897e-06 2.056078750000000308e-06 -3.025799999999999897e-06 1.454502073861249967e+00
1.982499999999999929e+01 -2.879070000000000117e-06 1.934728449999999950e-06 -2.879070000000000117e-06 1.452671951231549796e+00
1.985000000000000142e+01 -2.735789999999999856e-06 1.815457249999999956e-06 -2.735789999999999856e-06 1.450841830742749972e+00
1.987500000000000000e+01 -2.595840000000000036e-06 1.697996749999999948e-06 -2.595840000000000036e-06 1.449011712123249973e+00
1.989999999999999858e+01 -2.459110000000000161e-06 1.582068399999999998e-06 -2.459110000000000161e-06 1.447191595091599892e+00
1.992500000000000071e+01 -2.325449999999999902e-06 1.467383750000000052e-06 -2.325449999999999902e-06 1.445381479356250054e+00
1.994999999999999929e+01 -2.194720000000000054e-06 1.353574449999999906e-06 -2.194720000000000054e-06 1.443571364545550129e+00
1.997500000000000142e+01 -2.066810000000000122e-06 1.240381749999999883e-06 -2.066810000000000122e-06 1.441761250398249983e+00
2.000000000000000000e+01 -1.941449999999999852e-06 1.127158119999999893e-06 -1.941449999999999852e-06 1.439961136261879826e+00
