# raxis[fm], SN, VN, SP, VP [MeV]
0.000000000000000000e+00 -4.434929999999999950e+02 3.665624900000000252e+02 -4.434929999999999950e+02 3.732768100000000118e+02
2.500000000000000139e-02 -4.434929999999999950e+02 3.665624900000000252e+02 -4.434929999999999950e+02 3.732768100000000118e+02
5.000000000000000278e-02 -4.431429999999999723e+02 3.660251250000000027e+02 -4.431429999999999723e+02 3.727434749999999894e+02
7.499999999999999722e-02 -4.429429999999999836e+02 3.658325550000000135e+02 -4.429429999999999836e+02 3.725512449999999944e+02
1.000000000000000056e-01 -4.426700000000000159e+02 3.655758200000000215e+02 -4.426700000000000159e+02 3.722946800000000280e+02
1.250000000000000000e-01 -4.423349999999999795e+02 3.652730050000000119e+02 -4.423349999999999795e+02 3.719919949999999744e+02
1.499999999999999944e-01 -4.419329999999999927e+02 3.649120499999999652e+02 -4.419329999999999927e+02 3.716309499999999844e+02
1.749999999999999889e-01 -4.414619999999999891e+02 3.644939550000000281e+02 -4.414619999999999891e+02 3.712128450000000157e+02
2.000000000000000111e-01 -4.409250000000000114e+02 3.640157199999999875e+02 -4.409250000000000114e+02 3.707344799999999623e+02
2.250000000000000056e-01 -4.403220000000000027e+02 3.634803549999999746e+02 -4.403220000000000027e+02 3.701988450000000057e+02
2.500000000000000000e-01 -4.396539999999999964e+02 3.628878599999999892e+02 -4.396539999999999964e+02 3.696060399999999504e+02
2.750000000000000222e-01 -4.389209999999999923e+02 3.622392449999999826e+02 -4.389209999999999923e+02 3.689570549999999685e+02
2.999999999999999889e-01 -4.381309999999999718e+02 3.615375200000000291e+02 -4.381309999999999718e+02 3.682547799999999825e+02
3.250000000000000111e-01 -4.372850000000000250e+02 3.607837000000000103e+02 -4.372850000000000250e+02 3.675002999999999815e+02
3.499999999999999778e-01 -4.363809999999999718e+02 3.599777799999999957e+02 -4.363809999999999718e+02 3.666936200000000667e+02
3.750000000000000000e-01 -4.354220000000000255e+02 3.591268000000000029e+02 -4.354220000000000255e+02 3.658416000000000281e+02
4.000000000000000222e-01 -4.344150000000000205e+02 3.582307700000000068e+02 -4.344150000000000205e+02 3.649443300000000363e+02
4.249999999999999889e-01 -4.333600000000000136e+02 3.572926949999999806e+02 -4.333600000000000136e+02 3.640048049999999762e+02
4.500000000000000111e-01 -4.322610000000000241e+02 3.563135950000000207e+02 -4.322610000000000241e+02 3.630239050000000134e+02
4.749999999999999778e-01 -4.311209999999999809e+02 3.552974899999999820e+02 -4.311209999999999809e+02 3.620057100000000219e+02
5.000000000000000000e-01 -4.299429999999999836e+02 3.542453949999999736e+02 -4.299429999999999836e+02 3.609512050000000158e+02
5.250000000000000222e-01 -4.287300000000000182e+02 3.531633300000000304e+02 -4.287300000000000182e+02 3.598663699999999608e+02
5.500000000000000444e-01 -4.274870000000000232e+02 3.520513199999999756e+02 -4.274870000000000232e+02 3.587510800000000017e+02
5.749999999999999556e-01 -4.262160000000000082e+02 3.509153849999999579e+02 -4.262160000000000082e+02 3.576115149999999971e+02
5.999999999999999778e-01 -4.249209999999999923e+02 3.497555450000000405e+02 -4.249209999999999923e+02 3.564474549999999908e+02
6.250000000000000000e-01 -4.236059999999999945e+02 3.485768249999999853e+02 -4.236059999999999945e+02 3.552640749999999912e+02
6.500000000000000222e-01 -4.222749999999999773e+02 3.473832499999999754e+02 -4.222749999999999773e+02 3.540651500000000169e+02
6.750000000000000444e-01 -4.209320000000000164e+02 3.461768450000000144e+02 -4.209320000000000164e+02 3.528527550000000019e+02
6.999999999999999556e-01 -4.195799999999999841e+02 3.449616350000000011e+02 -4.195799999999999841e+02 3.516309650000000033e+02
7.249999999999999778e-01 -4.182219999999999800e+02 3.437396499999999833e+02 -4.182219999999999800e+02 3.504015500000000429e+02
7.500000000000000000e-01 -4.168639999999999759e+02 3.425129100000000335e+02 -4.168639999999999759e+02 3.491666899999999600e+02
7.750000000000000222e-01 -4.155090000000000146e+02 3.412904450000000338e+02 -4.155090000000000146e+02 3.479351550000000088e+02
8.000000000000000444e-01 -4.141600000000000250e+02 3.400722650000000158e+02 -4.141600000000000250e+02 3.467071349999999939e+02
8.249999999999999556e-01 -4.128210000000000264e+02 3.388624349999999481e+02 -4.128210000000000264e+02 3.454864650000000097e+02
8.499999999999999778e-01 -4.114959999999999809e+02 3.376629699999999730e+02 -4.114959999999999809e+02 3.442751299999999901e+02
8.750000000000000000e-01 -4.101879999999999882e+02 3.364778900000000021e+02 -4.101879999999999882e+02 3.430772099999999796e+02
9.000000000000000222e-01 -4.089019999999999868e+02 3.353102250000000026e+02 -4.089019999999999868e+02 3.418954750000000331e+02
9.250000000000000444e-01 -4.076390000000000100e+02 3.341630049999999983e+02 -4.076390000000000100e+02 3.407330950000000485e+02
9.499999999999999556e-01 -4.064039999999999964e+02 3.330392549999999687e+02 -4.064039999999999964e+02 3.395929449999999861e+02
9.749999999999999778e-01 -4.051999999999999886e+02 3.319420100000000389e+02 -4.051999999999999886e+02 3.384780900000000088e+02
1.000000000000000000e+00 -4.040299999999999727e+02 3.308742899999999736e+02 -4.040299999999999727e+02 3.373914100000000076e+02
1.024999999999999911e+00 -4.028969999999999914e+02 3.298391300000000115e+02 -4.028969999999999914e+02 3.363358699999999999e+02
1.050000000000000044e+00 -4.018029999999999973e+02 3.288375499999999647e+02 -4.018029999999999973e+02 3.353125499999999874e+02
1.074999999999999956e+00 -4.007509999999999764e+02 3.278735800000000040e+02 -4.007509999999999764e+02 3.343253199999999765e+02
1.100000000000000089e+00 -3.997440000000000282e+02 3.269482449999999858e+02 -3.997440000000000282e+02 3.333752550000000383e+02
1.125000000000000000e+00 -3.987839999999999918e+02 3.260655699999999797e+02 -3.987839999999999918e+02 3.324662299999999959e+02
1.149999999999999911e+00 -3.978720000000000141e+02 3.252255700000000047e+02 -3.978720000000000141e+02 3.315983300000000327e+02
1.175000000000000044e+00 -3.970110000000000241e+02 3.244302800000000389e+02 -3.970110000000000241e+02 3.307734199999999873e+02
1.199999999999999956e+00 -3.962029999999999745e+02 3.236817100000000096e+02 -3.962029999999999745e+02 3.299934900000000084e+02
1.225000000000000089e+00 -3.954490000000000123e+02 3.229818850000000339e+02 -3.954490000000000123e+02 3.292606149999999730e+02
1.250000000000000000e+00 -3.947490000000000236e+02 3.223318249999999807e+02 -3.947490000000000236e+02 3.285757749999999646e+02
1.274999999999999911e+00 -3.941059999999999945e+02 3.217325450000000160e+02 -3.941059999999999945e+02 3.279398550000000228e+02
1.300000000000000044e+00 -3.935199999999999818e+02 3.211840600000000450e+02 -3.935199999999999818e+02 3.273529399999999896e+02
1.324999999999999956e+00 -3.929909999999999854e+02 3.206873899999999935e+02 -3.929909999999999854e+02 3.268160100000000057e+02
1.350000000000000089e+00 -3.925199999999999818e+02 3.202435399999999959e+02 -3.925199999999999818e+02 3.263298600000000533e+02
1.375000000000000000e+00 -3.921080000000000041e+02 3.198525249999999573e+02 -3.921080000000000041e+02 3.258947750000000383e+02
1.399999999999999911e+00 -3.917529999999999859e+02 3.195143599999999537e+02 -3.917529999999999859e+02 3.255105399999999918e+02
1.425000000000000044e+00 -3.914560000000000173e+02 3.192290399999999977e+02 -3.914560000000000173e+02 3.251772599999999898e+02
1.449999999999999956e+00 -3.912160000000000082e+02 3.189955850000000055e+02 -3.912160000000000082e+02 3.248938049999999862e+02
1.475000000000000089e+00 -3.910319999999999823e+02 3.188139949999999772e+02 -3.910319999999999823e+02 3.246602749999999560e+02
1.500000000000000000e+00 -3.909030000000000200e+02 3.186832749999999805e+02 -3.909030000000000200e+02 3.244756249999999795e+02
1.524999999999999911e+00 -3.908279999999999745e+02 3.186044200000000046e+02 -3.908279999999999745e+02 3.243408700000000522e+02
1.550000000000000044e+00 -3.908059999999999832e+02 3.185724500000000035e+02 -3.908059999999999832e+02 3.242509900000000016e+02
1.574999999999999956e+00 -3.908330000000000268e+02 3.185893399999999929e+02 -3.908330000000000268e+02 3.242079999999999700e+02
1.600000000000000089e+00 -3.909100000000000250e+02 3.186501000000000090e+02 -3.909100000000000250e+02 3.242069000000000187e+02
1.625000000000000000e+00 -3.910330000000000155e+02 3.187547150000000329e+02 -3.910330000000000155e+02 3.242476950000000215e+02
1.649999999999999911e+00 -3.911999999999999886e+02 3.189001749999999902e+02 -3.911999999999999886e+02 3.243273949999999672e+02
1.675000000000000044e+00 -3.914089999999999918e+02 3.190864950000000135e+02 -3.914089999999999918e+02 3.244459850000000074e+02
1.699999999999999956e+00 -3.916560000000000059e+02 3.193106400000000349e+02 -3.916560000000000059e+02 3.246005000000000109e+02
1.725000000000000089e+00 -3.919399999999999977e+02 3.195686349999999720e+02 -3.919399999999999977e+02 3.247869049999999902e+02
1.750000000000000000e+00 -3.922559999999999718e+02 3.198614450000000033e+02 -3.922559999999999718e+02 3.250062550000000101e+02
1.774999999999999911e+00 -3.926019999999999754e+02 3.201830649999999991e+02 -3.926019999999999754e+02 3.252525249999999915e+02
1.800000000000000044e+00 -3.929750000000000227e+02 3.205324750000000336e+02 -3.929750000000000227e+02 3.255247550000000274e+02
1.824999999999999956e+00 -3.933700000000000045e+02 3.209046699999999532e+02 -3.933700000000000045e+02 3.258179499999999962e+02
1.850000000000000089e+00 -3.937830000000000155e+02 3.212986300000000028e+02 -3.937830000000000155e+02 3.261311100000000351e+02
1.875000000000000000e+00 -3.942130000000000223e+02 3.217103399999999738e+02 -3.942130000000000223e+02 3.264602600000000052e+02
1.899999999999999911e+00 -3.946530000000000200e+02 3.221357800000000111e+02 -3.946530000000000200e+02 3.268014099999999758e+02
1.925000000000000044e+00 -3.951000000000000227e+02 3.225709400000000073e+02 -3.951000000000000227e+02 3.271505799999999908e+02
1.949999999999999956e+00 -3.955509999999999877e+02 3.230147949999999923e+02 -3.955509999999999877e+02 3.275067850000000362e+02
1.975000000000000089e+00 -3.960009999999999764e+02 3.234623300000000086e+02 -3.960009999999999764e+02 3.278650399999999649e+02
2.000000000000000000e+00 -3.964449999999999932e+02 3.239095199999999863e+02 -3.964449999999999932e+02 3.282213700000000358e+02
2.024999999999999911e+00 -3.968790000000000191e+02 3.243523500000000013e+02 -3.968790000000000191e+02 3.285717900000000782e+02
2.049999999999999822e+00 -3.973000000000000114e+02 3.247887999999999806e+02 -3.973000000000000114e+02 3.289143100000000004e+02
2.075000000000000178e+00 -3.977019999999999982e+02 3.252138449999999921e+02 -3.977019999999999982e+02 3.292439650000000029e+02
2.100000000000000089e+00 -3.980810000000000173e+02 3.256234649999999533e+02 -3.980810000000000173e+02 3.295567649999999844e+02
2.125000000000000000e+00 -3.984329999999999927e+02 3.260156250000000000e+02 -3.984329999999999927e+02 3.298507450000000176e+02
2.149999999999999911e+00 -3.987529999999999859e+02 3.263843300000000340e+02 -3.987529999999999859e+02 3.301198999999999728e+02
2.174999999999999822e+00 -3.990380000000000109e+02 3.267275400000000332e+02 -3.990380000000000109e+02 3.303622700000000236e+02
2.200000000000000178e+00 -3.992819999999999823e+02 3.270402450000000272e+02 -3.992819999999999823e+02 3.305728550000000041e+02
2.225000000000000089e+00 -3.994820000000000277e+02 3.273193949999999859e+02 -3.994820000000000277e+02 3.307487249999999790e+02
2.250000000000000000e+00 -3.996320000000000050e+02 3.275609799999999723e+02 -3.996320000000000050e+02 3.308858599999999797e+02
2.274999999999999911e+00 -3.997300000000000182e+02 3.277619749999999499e+02 -3.997300000000000182e+02 3.309813149999999951e+02
2.299999999999999822e+00 -3.997699999999999818e+02 3.279183500000000322e+02 -3.997699999999999818e+02 3.310310900000000061e+02
2.325000000000000178e+00 -3.997500000000000000e+02 3.280270800000000122e+02 -3.997500000000000000e+02 3.310322299999999700e+02
2.350000000000000089e+00 -3.996639999999999873e+02 3.280831349999999702e+02 -3.996639999999999873e+02 3.309797550000000115e+02
2.375000000000000000e+00 -3.995090000000000146e+02 3.280854949999999803e+02 -3.995090000000000146e+02 3.308726950000000215e+02
2.399999999999999911e+00 -3.992819999999999823e+02 3.280291199999999776e+02 -3.992819999999999823e+02 3.307060799999999858e+02
2.424999999999999822e+00 -3.989789999999999850e+02 3.279109900000000266e+02 -3.989789999999999850e+02 3.304769300000000385e+02
2.450000000000000178e+00 -3.985960000000000036e+02 3.277290649999999914e+02 -3.985960000000000036e+02 3.301832949999999300e+02
2.475000000000000089e+00 -3.981299999999999955e+02 3.274793199999999729e+02 -3.981299999999999955e+02 3.298212000000000330e+02
2.500000000000000000e+00 -3.975790000000000077e+02 3.271587149999999724e+02 -3.975790000000000077e+02 3.293876750000000015e+02
2.524999999999999911e+00 -3.969379999999999882e+02 3.267662199999999757e+02 -3.969379999999999882e+02 3.288817500000000109e+02
2.549999999999999822e+00 -3.962060000000000173e+02 3.262977949999999510e+02 -3.962060000000000173e+02 3.282994850000000042e+02
2.575000000000000178e+00 -3.953799999999999955e+02 3.257504050000000007e+02 -3.953799999999999955e+02 3.276379049999999893e+02
2.600000000000000089e+00 -3.944569999999999936e+02 3.251230400000000031e+02 -3.944569999999999936e+02 3.268960199999999645e+02
2.625000000000000000e+00 -3.934340000000000259e+02 3.244136049999999614e+02 -3.934340000000000259e+02 3.260719249999999647e+02
2.649999999999999911e+00 -3.923109999999999786e+02 3.236180850000000078e+02 -3.923109999999999786e+02 3.251616549999999961e+02
2.674999999999999822e+00 -3.910849999999999795e+02 3.227364349999999718e+02 -3.910849999999999795e+02 3.241652349999999956e+02
2.700000000000000178e+00 -3.897540000000000191e+02 3.217665899999999510e+02 -3.897540000000000191e+02 3.230807499999999663e+02
2.725000000000000089e+00 -3.883159999999999741e+02 3.207065450000000055e+02 -3.883159999999999741e+02 3.219061949999999683e+02
2.750000000000000000e+00 -3.867719999999999914e+02 3.195542299999999614e+02 -3.867719999999999914e+02 3.206396500000000174e+02
2.774999999999999911e+00 -3.851190000000000282e+02 3.183095899999999574e+02 -3.851190000000000282e+02 3.192811699999999746e+02
2.799999999999999822e+00 -3.833559999999999945e+02 3.169695849999999950e+02 -3.833559999999999945e+02 3.178278150000000437e+02
2.825000000000000178e+00 -3.814839999999999804e+02 3.155361450000000332e+02 -3.814839999999999804e+02 3.162816349999999943e+02
2.850000000000000089e+00 -3.795009999999999764e+02 3.140062250000000290e+02 -3.795009999999999764e+02 3.146396950000000174e+02
2.875000000000000000e+00 -3.774069999999999823e+02 3.123797600000000330e+02 -3.774069999999999823e+02 3.129020600000000059e+02
2.899999999999999911e+00 -3.752029999999999745e+02 3.106556949999999802e+02 -3.752029999999999745e+02 3.110677949999999896e+02
2.924999999999999822e+00 -3.728879999999999768e+02 3.088349650000000111e+02 -3.728879999999999768e+02 3.091379650000000083e+02
2.950000000000000178e+00 -3.704630000000000223e+02 3.069185049999999819e+02 -3.704630000000000223e+02 3.071136450000000195e+02
2.975000000000000089e+00 -3.679289999999999736e+02 3.049032550000000015e+02 -3.679289999999999736e+02 3.049918849999999679e+02
3.000000000000000000e+00 -3.652860000000000014e+02 3.027901449999999954e+02 -3.652860000000000014e+02 3.027737849999999753e+02
3.024999999999999911e+00 -3.625350000000000250e+02 3.005811100000000238e+02 -3.625350000000000250e+02 3.004614000000000260e+02
3.049999999999999822e+00 -3.596779999999999973e+02 2.982761050000000296e+02 -3.596779999999999973e+02 2.980547849999999812e+02
3.075000000000000178e+00 -3.567149999999999750e+02 2.958760100000000079e+02 -3.567149999999999750e+02 2.955550700000000575e+02
3.100000000000000089e+00 -3.536499999999999773e+02 2.933807699999999841e+02 -3.536499999999999773e+02 2.929623199999999770e+02
3.125000000000000000e+00 -3.504820000000000277e+02 2.907923250000000053e+02 -3.504820000000000277e+02 2.902785850000000210e+02
3.149999999999999911e+00 -3.472149999999999750e+02 2.881116300000000479e+02 -3.472149999999999750e+02 2.875049400000000333e+02
3.174999999999999822e+00 -3.438500000000000227e+02 2.853415400000000091e+02 -3.438500000000000227e+02 2.846445100000000252e+02
3.200000000000000178e+00 -3.403879999999999768e+02 2.824820250000000215e+02 -3.403879999999999768e+02 2.816973649999999907e+02
3.225000000000000089e+00 -3.368349999999999795e+02 2.795349600000000123e+02 -3.368349999999999795e+02 2.786656100000000151e+02
3.250000000000000000e+00 -3.331920000000000073e+02 2.765033599999999865e+02 -3.331920000000000073e+02 2.755522500000000150e+02
3.274999999999999911e+00 -3.294610000000000127e+02 2.733881100000000401e+02 -3.294610000000000127e+02 2.723584099999999921e+02
3.299999999999999822e+00 -3.256429999999999723e+02 2.701931399999999712e+02 -3.256429999999999723e+02 2.690881699999999910e+02
3.325000000000000178e+00 -3.217459999999999809e+02 2.669183799999999565e+02 -3.217459999999999809e+02 2.657415899999999738e+02
3.350000000000000089e+00 -3.177699999999999818e+02 2.635687599999999975e+02 -3.177699999999999818e+02 2.623237699999999677e+02
3.375000000000000000e+00 -3.137189999999999941e+02 2.601462149999999838e+02 -3.137189999999999941e+02 2.588367749999999887e+02
3.399999999999999911e+00 -3.095969999999999800e+02 2.566536800000000085e+02 -3.095969999999999800e+02 2.552836800000000039e+02
3.424999999999999822e+00 -3.054060000000000059e+02 2.530940949999999816e+02 -3.054060000000000059e+02 2.516675449999999898e+02
3.450000000000000178e+00 -3.011510000000000105e+02 2.494693950000000200e+02 -3.011510000000000105e+02 2.479904549999999972e+02
3.475000000000000089e+00 -2.968349999999999795e+02 2.457845200000000148e+02 -2.968349999999999795e+02 2.442574699999999837e+02
3.500000000000000000e+00 -2.924619999999999891e+02 2.420424349999999833e+02 -2.924619999999999891e+02 2.404716350000000205e+02
3.524999999999999911e+00 -2.880360000000000014e+02 2.382460899999999810e+02 -2.880360000000000014e+02 2.366360200000000020e+02
3.549999999999999822e+00 -2.835600000000000023e+02 2.343994349999999827e+02 -2.835600000000000023e+02 2.327546749999999918e+02
3.575000000000000178e+00 -2.790389999999999873e+02 2.305054250000000025e+02 -2.790389999999999873e+02 2.288306450000000041e+02
3.600000000000000089e+00 -2.744769999999999754e+02 2.265680350000000089e+02 -2.744769999999999754e+02 2.248679750000000013e+02
3.625000000000000000e+00 -2.698770000000000095e+02 2.225912299999999959e+02 -2.698770000000000095e+02 2.208707099999999741e+02
3.649999999999999911e+00 -2.652440000000000282e+02 2.185799850000000220e+02 -2.652440000000000282e+02 2.168438749999999970e+02
3.674999999999999822e+00 -2.605819999999999936e+02 2.145362800000000050e+02 -2.605819999999999936e+02 2.127895000000000039e+02
3.700000000000000178e+00 -2.558950000000000102e+02 2.104641099999999767e+02 -2.558950000000000102e+02 2.087116100000000074e+02
3.725000000000000089e+00 -2.511870000000000118e+02 2.063694600000000037e+02 -2.511870000000000118e+02 2.046162099999999668e+02
3.750000000000000000e+00 -2.464619999999999891e+02 2.022543299999999817e+02 -2.464619999999999891e+02 2.005053300000000149e+02
3.774999999999999911e+00 -2.417239999999999895e+02 1.981227250000000026e+02 -2.417239999999999895e+02 1.963829450000000350e+02
3.799999999999999822e+00 -2.369770000000000039e+02 1.939806600000000003e+02 -2.369770000000000039e+02 1.922550799999999924e+02
3.825000000000000178e+00 -2.322249999999999943e+02 1.898301450000000159e+02 -2.322249999999999943e+02 1.881237050000000011e+02
3.850000000000000089e+00 -2.274730000000000132e+02 1.856752150000000086e+02 -2.274730000000000132e+02 1.839928150000000073e+02
3.875000000000000000e+00 -2.227239999999999895e+02 1.815208849999999927e+02 -2.227239999999999895e+02 1.798673849999999845e+02
3.899999999999999911e+00 -2.179809999999999945e+02 1.773702049999999986e+02 -2.179809999999999945e+02 1.757503850000000227e+02
3.924999999999999822e+00 -2.132500000000000000e+02 1.732282049999999742e+02 -2.132500000000000000e+02 1.716467849999999942e+02
3.950000000000000178e+00 -2.085329999999999870e+02 1.690969399999999894e+02 -2.085329999999999870e+02 1.675585400000000220e+02
3.975000000000000089e+00 -2.038340000000000032e+02 1.649814649999999858e+02 -2.038340000000000032e+02 1.634906049999999880e+02
4.000000000000000000e+00 -1.991570000000000107e+02 1.608848349999999812e+02 -1.991570000000000107e+02 1.594459249999999884e+02
4.025000000000000355e+00 -1.945049999999999955e+02 1.568111150000000009e+02 -1.945049999999999955e+02 1.554284549999999854e+02
4.049999999999999822e+00 -1.898810000000000002e+02 1.527643750000000011e+02 -1.898810000000000002e+02 1.514421150000000011e+02
4.075000000000000178e+00 -1.852899999999999920e+02 1.487456950000000120e+02 -1.852899999999999920e+02 1.474878350000000182e+02
4.099999999999999645e+00 -1.807330000000000041e+02 1.447601450000000227e+02 -1.807330000000000041e+02 1.435705550000000130e+02
4.125000000000000000e+00 -1.762150000000000034e+02 1.408108149999999910e+02 -1.762150000000000034e+02 1.396931950000000029e+02
4.150000000000000355e+00 -1.717369999999999948e+02 1.369007900000000006e+02 -1.717369999999999948e+02 1.358586700000000178e+02
4.174999999999999822e+00 -1.673040000000000020e+02 1.330321600000000046e+02 -1.673040000000000020e+02 1.320689000000000135e+02
4.200000000000000178e+00 -1.629170000000000016e+02 1.292090200000000095e+02 -1.629170000000000016e+02 1.283277899999999931e+02
4.224999999999999645e+00 -1.585790000000000077e+02 1.254334649999999982e+02 -1.585790000000000077e+02 1.246372550000000103e+02
4.250000000000000000e+00 -1.542930000000000064e+02 1.217066599999999994e+02 -1.542930000000000064e+02 1.209981300000000175e+02
4.275000000000000355e+00 -1.500620000000000118e+02 1.180335749999999990e+02 -1.500620000000000118e+02 1.174154550000000086e+02
4.299999999999999822e+00 -1.458859999999999957e+02 1.144143750000000068e+02 -1.458859999999999957e+02 1.138890650000000022e+02
4.325000000000000178e+00 -1.417680000000000007e+02 1.108511599999999930e+02 -1.417680000000000007e+02 1.104208699999999936e+02
4.349999999999999645e+00 -1.377110000000000127e+02 1.073470450000000085e+02 -1.377110000000000127e+02 1.070137450000000001e+02
4.375000000000000000e+00 -1.337160000000000082e+02 1.039041250000000076e+02 -1.337160000000000082e+02 1.036696150000000074e+02
4.400000000000000355e+00 -1.297849999999999966e+02 1.005234049999999968e+02 -1.297849999999999966e+02 1.003892749999999978e+02
4.424999999999999822e+00 -1.259189999999999969e+02 9.720538999999999419e+01 -1.259189999999999969e+02 9.717302000000000817e+01
4.450000000000000178e+00 -1.221189999999999998e+02 9.395218500000001427e+01 -1.221189999999999998e+02 9.402275500000000363e+01
4.474999999999999645e+00 -1.183880000000000052e+02 9.076508499999999913e+01 -1.183880000000000052e+02 9.093957499999999072e+01
4.500000000000000000e+00 -1.147249999999999943e+02 8.764509999999999934e+01 -1.147249999999999943e+02 8.792427999999999599e+01
4.525000000000000355e+00 -1.111329999999999956e+02 8.459311999999999898e+01 -1.111329999999999956e+02 8.497758999999999219e+01
4.549999999999999822e+00 -1.076110000000000042e+02 8.160977499999999907e+01 -1.076110000000000042e+02 8.210006500000000074e+01
4.575000000000000178e+00 -1.041610000000000014e+02 7.869579999999999131e+01 -1.041610000000000014e+02 7.929196999999999207e+01
4.599999999999999645e+00 -1.007840000000000060e+02 7.585170999999999708e+01 -1.007840000000000060e+02 7.655380999999999858e+01
4.625000000000000000e+00 -9.747910000000000252e+01 7.307769999999999300e+01 -9.747910000000000252e+01 7.388558000000000447e+01
4.650000000000000355e+00 -9.424760000000000559e+01 7.037404999999999688e+01 -9.424760000000000559e+01 7.128741000000000838e+01
4.674999999999999822e+00 -9.108960000000000434e+01 6.774075000000000557e+01 -9.108960000000000434e+01 6.875909000000000049e+01
4.700000000000000178e+00 -8.800530000000000541e+01 6.517797000000000196e+01 -8.800530000000000541e+01 6.630067999999999984e+01
4.724999999999999645e+00 -8.499460000000000548e+01 6.268528500000000037e+01 -8.499460000000000548e+01 6.391158499999999520e+01
4.750000000000000000e+00 -8.205750000000000455e+01 6.026267500000000155e+01 -8.205750000000000455e+01 6.159163499999999658e+01
4.775000000000000355e+00 -7.919400000000000261e+01 5.790960499999999911e+01 -7.919400000000000261e+01 5.934016500000000605e+01
4.799999999999999822e+00 -7.640359999999999729e+01 5.562563000000000102e+01 -7.640359999999999729e+01 5.715662000000000376e+01
4.825000000000000178e+00 -7.368600000000000705e+01 5.341011999999999915e+01 -7.368600000000000705e+01 5.504023000000000110e+01
4.849999999999999645e+00 -7.104089999999999350e+01 5.126252999999999815e+01 -7.104089999999999350e+01 5.299034000000000333e+01
4.875000000000000000e+00 -6.846769999999999357e+01 4.918200999999999823e+01 -6.846769999999999357e+01 5.100600000000000023e+01
4.900000000000000355e+00 -6.596580000000000155e+01 4.716781000000000290e+01 -6.596580000000000155e+01 4.908635999999999910e+01
4.924999999999999822e+00 -6.353450000000000131e+01 4.521887000000000256e+01 -6.353450000000000131e+01 4.723028999999999655e+01
4.950000000000000178e+00 -6.117300000000000182e+01 4.333443499999999915e+01 -6.117300000000000182e+01 4.543692499999999512e+01
4.974999999999999645e+00 -5.888060000000000116e+01 4.151345500000000044e+01 -5.888060000000000116e+01 4.370513499999999851e+01
5.000000000000000000e+00 -5.665630000000000166e+01 3.975464000000000198e+01 -5.665630000000000166e+01 4.203359999999999985e+01
5.025000000000000355e+00 -5.449929999999999808e+01 3.805702499999999588e+01 -5.449929999999999808e+01 4.042127499999999429e+01
5.049999999999999822e+00 -5.240849999999999653e+01 3.641933999999999827e+01 -5.240849999999999653e+01 3.886684999999999235e+01
5.075000000000000178e+00 -5.038280000000000314e+01 3.484040499999999696e+01 -5.038280000000000314e+01 3.736908499999999833e+01
5.099999999999999645e+00 -4.842130000000000223e+01 3.331893999999999778e+01 -4.842130000000000223e+01 3.592667000000000144e+01
5.125000000000000000e+00 -4.652270000000000039e+01 3.185356499999999969e+01 -4.652270000000000039e+01 3.453818499999999858e+01
5.150000000000000355e+00 -4.468599999999999994e+01 3.044319000000000131e+01 -4.468599999999999994e+01 3.320251999999999981e+01
5.174999999999999822e+00 -4.290979999999999706e+01 2.908622499999999889e+01 -4.290979999999999706e+01 3.191805499999999896e+01
5.200000000000000178e+00 -4.119299999999999784e+01 2.778147500000000036e+01 -4.119299999999999784e+01 3.068358500000000078e+01
5.224999999999999645e+00 -3.953430000000000177e+01 2.652744500000000016e+01 -3.953430000000000177e+01 2.949761499999999970e+01
5.250000000000000000e+00 -3.793260000000000076e+01 2.532283500000000132e+01 -3.793260000000000076e+01 2.835883499999999913e+01
5.275000000000000355e+00 -3.638629999999999853e+01 2.416634999999999778e+01 -3.638629999999999853e+01 2.726594000000000051e+01
5.299999999999999822e+00 -3.489439999999999742e+01 2.305638000000000076e+01 -3.489439999999999742e+01 2.621734000000000364e+01
5.325000000000000178e+00 -3.345539999999999736e+01 2.199162000000000106e+01 -3.345539999999999736e+01 2.521174000000000248e+01
5.349999999999999645e+00 -3.206799999999999784e+01 2.097076500000000010e+01 -3.206799999999999784e+01 2.424783500000000203e+01
5.375000000000000000e+00 -3.073100000000000165e+01 1.999239999999999995e+01 -3.073100000000000165e+01 2.332424999999999926e+01
5.400000000000000355e+00 -2.944290000000000163e+01 1.905512500000000031e+01 -2.944290000000000163e+01 2.243957499999999783e+01
5.424999999999999822e+00 -2.820250000000000057e+01 1.815761499999999984e+01 -2.820250000000000057e+01 2.159253499999999804e+01
5.450000000000000178e+00 -2.700850000000000151e+01 1.729856499999999997e+01 -2.700850000000000151e+01 2.078183499999999739e+01
5.474999999999999645e+00 -2.585940000000000083e+01 1.647664999999999935e+01 -2.585940000000000083e+01 2.000619999999999976e+01
5.500000000000000000e+00 -2.475410000000000110e+01 1.569055999999999962e+01 -2.475410000000000110e+01 1.926434000000000069e+01
5.525000000000000355e+00 -2.369129999999999825e+01 1.493897499999999923e+01 -2.369129999999999825e+01 1.855496499999999926e+01
5.549999999999999822e+00 -2.266949999999999932e+01 1.422057000000000038e+01 -2.266949999999999932e+01 1.787680999999999898e+01
5.575000000000000178e+00 -2.168769999999999953e+01 1.353433500000000045e+01 -2.168769999999999953e+01 1.722887499999999861e+01
5.599999999999999645e+00 -2.074449999999999861e+01 1.287894000000000005e+01 -2.074449999999999861e+01 1.660989000000000004e+01
5.625000000000000000e+00 -1.983859999999999957e+01 1.225316999999999901e+01 -1.983859999999999957e+01 1.601867000000000019e+01
5.650000000000000355e+00 -1.896900000000000119e+01 1.165599999999999881e+01 -1.896900000000000119e+01 1.545423000000000080e+01
5.674999999999999822e+00 -1.813429999999999964e+01 1.108610499999999988e+01 -1.813429999999999964e+01 1.491530500000000004e+01
5.700000000000000178e+00 -1.733340000000000103e+01 1.054259499999999861e+01 -1.733340000000000103e+01 1.440103500000000025e+01
5.724999999999999645e+00 -1.656520000000000081e+01 1.002430500000000002e+01 -1.656520000000000081e+01 1.391031499999999888e+01
5.750000000000000000e+00 -1.582850000000000001e+01 9.530219999999999914e+00 -1.582850000000000001e+01 1.344216000000000122e+01
5.775000000000000355e+00 -1.512229999999999919e+01 9.059340000000000614e+00 -1.512229999999999919e+01 1.299561999999999884e+01
5.799999999999999822e+00 -1.444529999999999959e+01 8.610675000000000523e+00 -1.444529999999999959e+01 1.256976500000000030e+01
5.825000000000000178e+00 -1.379669999999999952e+01 8.183305999999999969e+00 -1.379669999999999952e+01 1.216370399999999918e+01
5.849999999999999645e+00 -1.317530000000000001e+01 7.776298500000000224e+00 -1.317530000000000001e+01 1.177655150000000006e+01
5.875000000000000000e+00 -1.258019999999999960e+01 7.388786999999999772e+00 -1.258019999999999960e+01 1.140750299999999839e+01
5.900000000000000355e+00 -1.201030000000000086e+01 7.019898999999999667e+00 -1.201030000000000086e+01 1.105571100000000051e+01
5.924999999999999822e+00 -1.146480000000000032e+01 6.668829999999999814e+00 -1.146480000000000032e+01 1.072043000000000035e+01
5.950000000000000178e+00 -1.094270000000000032e+01 6.334777499999999506e+00 -1.094270000000000032e+01 1.040090250000000083e+01
5.974999999999999645e+00 -1.044309999999999938e+01 6.016968000000000316e+00 -1.044309999999999938e+01 1.009639199999999981e+01
6.000000000000000000e+00 -9.965070000000000761e+00 5.714678499999999772e+00 -9.965070000000000761e+00 9.806221499999999480e+00
6.025000000000000355e+00 -9.507860000000000866e+00 5.427197500000000119e+00 -9.507860000000000866e+00 9.529722500000000096e+00
6.049999999999999822e+00 -9.070610000000000284e+00 5.153842499999999660e+00 -9.070610000000000284e+00 9.266267499999999657e+00
6.075000000000000178e+00 -8.652530000000000499e+00 4.893951500000000010e+00 -8.652530000000000499e+00 9.015208499999999958e+00
6.099999999999999645e+00 -8.252860000000000085e+00 4.646893999999999636e+00 -8.252860000000000085e+00 8.775985999999999621e+00
6.125000000000000000e+00 -7.870829999999999771e+00 4.412089499999999553e+00 -7.870829999999999771e+00 8.548040500000000819e+00
6.150000000000000355e+00 -7.505749999999999922e+00 4.188937000000000133e+00 -7.505749999999999922e+00 8.330812999999999136e+00
6.174999999999999822e+00 -7.156909999999999883e+00 3.976887000000000061e+00 -7.156909999999999883e+00 8.123793000000000930e+00
6.200000000000000178e+00 -6.823640000000000150e+00 3.775419999999999998e+00 -6.823640000000000150e+00 7.926500000000000767e+00
6.224999999999999645e+00 -6.505300000000000082e+00 3.584017999999999926e+00 -6.505300000000000082e+00 7.738441999999999155e+00
6.250000000000000000e+00 -6.201260000000000439e+00 3.402202000000000393e+00 -6.201260000000000439e+00 7.559198000000000306e+00
6.275000000000000355e+00 -5.910929999999999573e+00 3.229503999999999930e+00 -5.910929999999999573e+00 7.388306000000000040e+00
6.299999999999999822e+00 -5.633709999999999773e+00 3.065476999999999563e+00 -5.633709999999999773e+00 7.225373000000000268e+00
6.325000000000000178e+00 -5.369069999999999787e+00 2.909704500000000138e+00 -5.369069999999999787e+00 7.070005500000000609e+00
6.349999999999999645e+00 -5.116439999999999877e+00 2.761780000000000346e+00 -5.116439999999999877e+00 6.921829999999999927e+00
6.375000000000000000e+00 -4.875329999999999941e+00 2.621317499999999967e+00 -4.875329999999999941e+00 6.780492499999999367e+00
6.400000000000000355e+00 -4.645229999999999748e+00 2.487942499999999946e+00 -4.645229999999999748e+00 6.645637500000000308e+00
6.424999999999999822e+00 -4.425670000000000215e+00 2.361318999999999946e+00 -4.425670000000000215e+00 6.516970999999999847e+00
6.450000000000000178e+00 -4.216190000000000104e+00 2.241093499999999850e+00 -4.216190000000000104e+00 6.394156500000000243e+00
6.474999999999999645e+00 -4.016339999999999577e+00 2.126961999999999797e+00 -4.016339999999999577e+00 6.276917999999999331e+00
6.500000000000000000e+00 -3.825709999999999944e+00 2.018621500000000069e+00 -3.825709999999999944e+00 6.164988499999999760e+00
6.525000000000000355e+00 -3.643899999999999917e+00 1.915778500000000051e+00 -3.643899999999999917e+00 6.058081500000000119e+00
6.549999999999999822e+00 -3.470499999999999918e+00 1.818151000000000073e+00 -3.470499999999999918e+00 5.955948999999999494e+00
6.575000000000000178e+00 -3.305140000000000189e+00 1.725497000000000059e+00 -3.305140000000000189e+00 5.858373000000000275e+00
6.599999999999999645e+00 -3.147479999999999833e+00 1.637545500000000098e+00 -3.147479999999999833e+00 5.765104499999999632e+00
6.625000000000000000e+00 -2.997160000000000046e+00 1.554063999999999890e+00 -2.997160000000000046e+00 5.675915999999999961e+00
6.650000000000000355e+00 -2.853860000000000063e+00 1.474843499999999974e+00 -2.853860000000000063e+00 5.590636499999999565e+00
6.674999999999999822e+00 -2.717260000000000009e+00 1.399652499999999966e+00 -2.717260000000000009e+00 5.509047500000000319e+00
6.700000000000000178e+00 -2.587060000000000137e+00 1.328301999999999872e+00 -2.587060000000000137e+00 5.430978000000000527e+00
6.724999999999999645e+00 -2.462969999999999882e+00 1.260582499999999939e+00 -2.462969999999999882e+00 5.356237499999999763e+00
6.750000000000000000e+00 -2.344720000000000137e+00 1.196323499999999873e+00 -2.344720000000000137e+00 5.284676499999999777e+00
6.775000000000000355e+00 -2.232029999999999959e+00 1.135337999999999958e+00 -2.232029999999999959e+00 5.216112000000000748e+00
6.799999999999999822e+00 -2.124659999999999993e+00 1.077477500000000088e+00 -2.124659999999999993e+00 5.150424499999999739e+00
6.825000000000000178e+00 -2.022370000000000001e+00 1.022567000000000004e+00 -2.022370000000000001e+00 5.087445000000000661e+00
6.849999999999999645e+00 -1.924909999999999899e+00 9.704625000000000057e-01 -1.924909999999999899e+00 5.027043500000000442e+00
6.875000000000000000e+00 -1.832079999999999931e+00 9.210240000000000649e-01 -1.832079999999999931e+00 4.969106000000000023e+00
6.900000000000000355e+00 -1.743649999999999922e+00 8.741134999999999877e-01 -1.743649999999999922e+00 4.913488499999999704e+00
6.924999999999999822e+00 -1.659429999999999961e+00 8.296054999999999957e-01 -1.659429999999999961e+00 4.860088499999999812e+00
6.950000000000000178e+00 -1.579210000000000003e+00 7.873769999999999936e-01 -1.579210000000000003e+00 4.808806999999999832e+00
6.974999999999999645e+00 -1.502830000000000110e+00 7.473109999999999475e-01 -1.502830000000000110e+00 4.759508999999999546e+00
7.000000000000000000e+00 -1.430090000000000083e+00 7.092994999999999717e-01 -1.430090000000000083e+00 4.712128500000000386e+00
7.025000000000000355e+00 -1.360829999999999984e+00 6.732369999999999743e-01 -1.360829999999999984e+00 4.666541000000000494e+00
7.049999999999999822e+00 -1.294880000000000031e+00 6.390239999999999254e-01 -1.294880000000000031e+00 4.622679999999999900e+00
7.075000000000000178e+00 -1.232099999999999973e+00 6.065676500000000138e-01 -1.232099999999999973e+00 4.580460350000000069e+00
7.099999999999999645e+00 -1.172339999999999938e+00 5.757770499999999014e-01 -1.172339999999999938e+00 4.539782950000000206e+00
7.125000000000000000e+00 -1.115439999999999987e+00 5.465676000000000423e-01 -1.115439999999999987e+00 4.500592400000000382e+00
7.150000000000000355e+00 -1.061290000000000067e+00 5.188596500000000056e-01 -1.061290000000000067e+00 4.462798349999999914e+00
7.174999999999999822e+00 -1.009749999999999925e+00 4.925747999999999793e-01 -1.009749999999999925e+00 4.426341199999999532e+00
7.200000000000000178e+00 -9.606930000000000192e-01 4.676418999999999992e-01 -9.606930000000000192e-01 4.391158100000000175e+00
7.224999999999999645e+00 -9.140080000000000426e-01 4.439918500000000212e-01 -9.140080000000000426e-01 4.357188149999999816e+00
7.250000000000000000e+00 -8.695810000000000484e-01 4.215577999999999825e-01 -8.695810000000000484e-01 4.324362200000000378e+00
7.275000000000000355e+00 -8.273059999999999858e-01 4.002770500000000231e-01 -8.273059999999999858e-01 4.292624949999999551e+00
7.299999999999999822e+00 -7.870800000000000018e-01 3.800921500000000175e-01 -7.870800000000000018e-01 4.261935849999999526e+00
7.325000000000000178e+00 -7.488059999999999716e-01 3.609466499999999800e-01 -7.488059999999999716e-01 4.232235349999999841e+00
7.349999999999999645e+00 -7.123909999999999965e-01 3.427853499999999887e-01 -7.123909999999999965e-01 4.203474650000000423e+00
7.375000000000000000e+00 -6.777469999999999883e-01 3.255602000000000218e-01 -6.777469999999999883e-01 4.175611800000000429e+00
7.400000000000000355e+00 -6.447889999999999455e-01 3.092202499999999743e-01 -6.447889999999999455e-01 4.148601750000000088e+00
7.424999999999999822e+00 -6.134349999999999525e-01 2.937216500000000008e-01 -6.134349999999999525e-01 4.122406350000000330e+00
7.450000000000000178e+00 -5.836099999999999621e-01 2.790207499999999841e-01 -5.836099999999999621e-01 4.096987249999999747e+00
7.474999999999999645e+00 -5.552399999999999558e-01 2.650759500000000046e-01 -5.552399999999999558e-01 4.072298049999999670e+00
7.500000000000000000e+00 -5.282540000000000013e-01 2.518478499999999842e-01 -5.282540000000000013e-01 4.048324150000000010e+00
7.525000000000000355e+00 -5.025859999999999772e-01 2.393001000000000156e-01 -5.025859999999999772e-01 4.025003899999999746e+00
7.549999999999999822e+00 -4.781730000000000147e-01 2.273954499999999990e-01 -4.781730000000000147e-01 4.002324549999999981e+00
7.575000000000000178e+00 -4.549529999999999963e-01 2.161027500000000101e-01 -4.549529999999999963e-01 3.980249249999999961e+00
7.599999999999999645e+00 -4.328690000000000038e-01 2.053898000000000112e-01 -4.328690000000000038e-01 3.958760199999999951e+00
7.625000000000000000e+00 -4.118660000000000099e-01 1.952260000000000106e-01 -4.118660000000000099e-01 3.937819999999999876e+00
7.650000000000000355e+00 -3.918900000000000161e-01 1.855833500000000080e-01 -3.918900000000000161e-01 3.917404649999999933e+00
7.674999999999999822e+00 -3.728929999999999745e-01 1.764330000000000065e-01 -3.728929999999999745e-01 3.897489000000000203e+00
7.700000000000000178e+00 -3.548259999999999748e-01 1.677512999999999921e-01 -3.548259999999999748e-01 3.878052700000000019e+00
7.724999999999999645e+00 -3.376430000000000264e-01 1.595126500000000058e-01 -3.376430000000000264e-01 3.859063350000000003e+00
7.750000000000000000e+00 -3.213030000000000053e-01 1.516935000000000089e-01 -3.213030000000000053e-01 3.840520500000000226e+00
7.775000000000000355e+00 -3.057619999999999783e-01 1.442723500000000214e-01 -3.057619999999999783e-01 3.822385650000000190e+00
7.799999999999999822e+00 -2.909829999999999917e-01 1.372288499999999856e-01 -2.909829999999999917e-01 3.804651149999999760e+00
7.825000000000000178e+00 -2.769269999999999787e-01 1.305426000000000086e-01 -2.769269999999999787e-01 3.787299400000000205e+00
7.849999999999999645e+00 -2.635589999999999877e-01 1.241953500000000099e-01 -2.635589999999999877e-01 3.770304649999999924e+00
7.875000000000000000e+00 -2.508460000000000134e-01 1.181678999999999924e-01 -2.508460000000000134e-01 3.753650100000000212e+00
7.900000000000000355e+00 -2.387539999999999940e-01 1.124450999999999923e-01 -2.387539999999999940e-01 3.737332899999999736e+00
7.924999999999999822e+00 -2.272540000000000115e-01 1.070110499999999965e-01 -2.272540000000000115e-01 3.721329550000000097e+00
7.950000000000000178e+00 -2.163160000000000083e-01 1.018494999999999956e-01 -2.163160000000000083e-01 3.705635700000000199e+00
7.974999999999999645e+00 -2.059130000000000127e-01 9.694669999999999677e-02 -2.059130000000000127e-01 3.690219700000000103e+00
8.000000000000000000e+00 -1.960169999999999968e-01 9.228909999999999891e-02 -1.960169999999999968e-01 3.675089900000000132e+00
8.025000000000000355e+00 -1.866039999999999921e-01 8.786380000000000579e-02 -1.866039999999999921e-01 3.660215200000000113e+00
8.050000000000000711e+00 -1.776500000000000024e-01 8.365875000000000394e-02 -1.776500000000000024e-01 3.645605449999999692e+00
8.074999999999999289e+00 -1.691320000000000046e-01 7.966219999999998858e-02 -1.691320000000000046e-01 3.631230400000000191e+00
8.099999999999999645e+00 -1.610300000000000065e-01 7.586355000000000182e-02 -1.610300000000000065e-01 3.617101050000000040e+00
8.125000000000000000e+00 -1.533210000000000128e-01 7.225234999999999297e-02 -1.533210000000000128e-01 3.603188450000000209e+00
8.150000000000000355e+00 -1.459870000000000057e-01 6.881885000000000085e-02 -1.459870000000000057e-01 3.589494349999999834e+00
8.175000000000000711e+00 -1.390089999999999937e-01 6.555384999999999684e-02 -1.390089999999999937e-01 3.576000950000000067e+00
8.199999999999999289e+00 -1.323689999999999867e-01 6.244864999999999444e-02 -1.323689999999999867e-01 3.562710749999999926e+00
8.224999999999999645e+00 -1.260509999999999964e-01 5.949499999999999927e-02 -1.260509999999999964e-01 3.549616799999999905e+00
8.250000000000000000e+00 -1.200390000000000068e-01 5.668505000000000071e-02 -1.200390000000000068e-01 3.536702350000000106e+00
8.275000000000000355e+00 -1.143180000000000029e-01 5.401134999999999964e-02 -1.143180000000000029e-01 3.523961249999999712e+00
8.300000000000000711e+00 -1.088729999999999976e-01 5.146706000000000197e-02 -1.088729999999999976e-01 3.511397539999999928e+00
8.324999999999999289e+00 -1.036900000000000044e-01 4.904551999999999523e-02 -1.036900000000000044e-01 3.498995680000000164e+00
8.349999999999999645e+00 -9.875789999999999569e-02 4.674045000000000283e-02 -9.875789999999999569e-02 3.486750349999999887e+00
8.375000000000000000e+00 -9.406290000000000484e-02 4.454598500000000322e-02 -9.406290000000000484e-02 3.474666614999999847e+00
8.400000000000000355e+00 -8.959369999999999834e-02 4.245649499999999688e-02 -8.959369999999999834e-02 3.462719705000000037e+00
8.425000000000000711e+00 -8.533920000000000394e-02 4.046675000000000272e-02 -8.533920000000000394e-02 3.450925249999999611e+00
8.449999999999999289e+00 -8.128879999999999439e-02 3.857165500000000330e-02 -8.128879999999999439e-02 3.439268945000000244e+00
8.474999999999999645e+00 -7.743269999999999320e-02 3.676652999999999866e-02 -7.743269999999999320e-02 3.427736869999999936e+00
8.500000000000000000e+00 -7.376119999999999899e-02 3.504700999999999650e-02 -7.376119999999999899e-02 3.416345390000000037e+00
8.525000000000000355e+00 -7.026540000000000563e-02 3.340875000000000095e-02 -7.026540000000000563e-02 3.405070849999999982e+00
8.550000000000000711e+00 -6.693670000000000175e-02 3.184781999999999891e-02 -6.693670000000000175e-02 3.393929980000000235e+00
8.574999999999999289e+00 -6.376690000000000136e-02 3.036041500000000171e-02 -6.376690000000000136e-02 3.382899584999999654e+00
8.599999999999999645e+00 -6.074840000000000101e-02 2.894293000000000213e-02 -6.074840000000000101e-02 3.371976670000000009e+00
8.625000000000000000e+00 -5.787380000000000302e-02 2.759197999999999859e-02 -5.787380000000000302e-02 3.361178420000000333e+00
8.650000000000000355e+00 -5.513620000000000326e-02 2.630429999999999921e-02 -5.513620000000000326e-02 3.350482099999999797e+00
8.675000000000000711e+00 -5.252880000000000049e-02 2.507693000000000075e-02 -5.252880000000000049e-02 3.339885270000000350e+00
8.699999999999999289e+00 -5.004560000000000258e-02 2.390702000000000105e-02 -5.004560000000000258e-02 3.329395579999999910e+00
8.724999999999999645e+00 -4.768039999999999778e-02 2.279184000000000071e-02 -4.768039999999999778e-02 3.319010759999999838e+00
8.750000000000000000e+00 -4.542759999999999854e-02 2.172866499999999770e-02 -4.542759999999999854e-02 3.308718534999999683e+00
8.775000000000000355e+00 -4.328180000000000222e-02 2.071508500000000114e-02 -4.328180000000000222e-02 3.298516914999999994e+00
8.800000000000000711e+00 -4.123790000000000094e-02 1.974889500000000242e-02 -4.123790000000000094e-02 3.288414104999999754e+00
8.824999999999999289e+00 -3.929099999999999954e-02 1.882780499999999954e-02 -3.929099999999999954e-02 3.278398194999999848e+00
8.849999999999999645e+00 -3.743649999999999756e-02 1.794962500000000030e-02 -3.743649999999999756e-02 3.268467375000000175e+00
8.875000000000000000e+00 -3.567000000000000032e-02 1.711247999999999936e-02 -3.567000000000000032e-02 3.258620119999999787e+00
8.900000000000000355e+00 -3.398729999999999807e-02 1.631451000000000082e-02 -3.398729999999999807e-02 3.248864890000000116e+00
8.925000000000000711e+00 -3.238449999999999662e-02 1.555374500000000076e-02 -3.238449999999999662e-02 3.239180054999999836e+00
8.949999999999999289e+00 -3.085769999999999832e-02 1.482853500000000033e-02 -3.085769999999999832e-02 3.229584264999999732e+00
8.974999999999999645e+00 -2.940330000000000027e-02 1.413733999999999998e-02 -2.940330000000000027e-02 3.220066259999999847e+00
9.000000000000000000e+00 -2.801800000000000124e-02 1.347851499999999994e-02 -2.801800000000000124e-02 3.210614684999999913e+00
9.025000000000000355e+00 -2.669840000000000060e-02 1.285063000000000004e-02 -2.669840000000000060e-02 3.201248370000000065e+00
9.050000000000000711e+00 -2.544139999999999943e-02 1.225215999999999979e-02 -2.544139999999999943e-02 3.191946039999999929e+00
9.074999999999999289e+00 -2.424410000000000107e-02 1.168187500000000129e-02 -2.424410000000000107e-02 3.182726724999999757e+00
9.099999999999999645e+00 -2.310370000000000132e-02 1.113840000000000142e-02 -2.310370000000000132e-02 3.173569260000000281e+00
9.125000000000000000e+00 -2.201749999999999888e-02 1.062055999999999938e-02 -2.201749999999999888e-02 3.164482700000000204e+00
9.150000000000000355e+00 -2.098289999999999877e-02 1.012715500000000053e-02 -2.098289999999999877e-02 3.155466065000000153e+00
9.175000000000000711e+00 -1.999750000000000139e-02 9.657074999999999340e-03 -1.999750000000000139e-02 3.146508424999999942e+00
9.199999999999999289e+00 -1.905899999999999955e-02 9.209245000000001319e-03 -1.905899999999999955e-02 3.137618915000000008e+00
9.224999999999999645e+00 -1.816519999999999940e-02 8.782629999999999604e-03 -1.816519999999999940e-02 3.128796689999999714e+00
9.250000000000000000e+00 -1.731390000000000012e-02 8.376275000000000734e-03 -1.731390000000000012e-02 3.120030944999999889e+00
9.275000000000000355e+00 -1.650309999999999971e-02 7.989224999999999105e-03 -1.650309999999999971e-02 3.111330915000000363e+00
9.300000000000000711e+00 -1.573099999999999846e-02 7.620580000000000062e-03 -1.573099999999999846e-02 3.102685860000000240e+00
9.324999999999999289e+00 -1.499570000000000070e-02 7.269489999999999980e-03 -1.499570000000000070e-02 3.094105069999999902e+00
9.349999999999999645e+00 -1.429539999999999977e-02 6.935134999999999390e-03 -1.429539999999999977e-02 3.085577885000000187e+00
9.375000000000000000e+00 -1.362849999999999999e-02 6.616740000000000295e-03 -1.362849999999999999e-02 3.077113659999999751e+00
9.400000000000000355e+00 -1.299340000000000044e-02 6.313540000000000298e-03 -1.299340000000000044e-02 3.068701780000000046e+00
9.425000000000000711e+00 -1.238859999999999961e-02 6.024820000000000175e-03 -1.238859999999999961e-02 3.060341640000000307e+00
9.449999999999999289e+00 -1.181270000000000063e-02 5.749900000000000497e-03 -1.181270000000000063e-02 3.052042699999999886e+00
9.474999999999999645e+00 -1.126429999999999966e-02 5.488130000000000785e-03 -1.126429999999999966e-02 3.043794409999999839e+00
9.500000000000000000e+00 -1.074199999999999981e-02 5.238865000000000535e-03 -1.074199999999999981e-02 3.035596254999999744e+00
9.525000000000000355e+00 -1.024470000000000068e-02 5.001519999999999751e-03 -1.024470000000000068e-02 3.027447739999999943e+00
9.550000000000000711e+00 -9.771020000000000053e-03 4.775504999999999334e-03 -9.771020000000000053e-03 3.019358395000000250e+00
9.574999999999999289e+00 -9.319980000000000278e-03 4.560298999999999429e-03 -9.319980000000000278e-03 3.011307781000000183e+00
9.599999999999999645e+00 -8.890449999999999395e-03 4.355359999999999961e-03 -8.890449999999999395e-03 3.003315460000000048e+00
9.625000000000000000e+00 -8.481390000000000109e-03 4.160194499999999608e-03 -8.481390000000000109e-03 2.995371025499999895e+00
9.650000000000000355e+00 -8.091809999999999628e-03 3.974319500000000199e-03 -8.091809999999999628e-03 2.987474080500000184e+00
9.675000000000000711e+00 -7.720780000000000004e-03 3.797285000000000070e-03 -7.720780000000000004e-03 2.979624255000000055e+00
9.699999999999999289e+00 -7.367399999999999644e-03 3.628670999999999980e-03 -7.367399999999999644e-03 2.971811209000000176e+00
9.724999999999999645e+00 -7.030810000000000184e-03 3.468039999999999925e-03 -7.030810000000000184e-03 2.964054579999999994e+00
9.750000000000000000e+00 -6.710210000000000306e-03 3.314987499999999879e-03 -6.710210000000000306e-03 2.956344032500000107e+00
9.775000000000000355e+00 -6.404810000000000364e-03 3.169198000000000241e-03 -6.404810000000000364e-03 2.948669322000000204e+00
9.800000000000000711e+00 -6.113890000000000297e-03 3.030250000000000391e-03 -6.113890000000000297e-03 2.941050089999999617e+00
9.824999999999999289e+00 -5.836730000000000043e-03 2.897831999999999925e-03 -5.836730000000000043e-03 2.933466088000000305e+00
9.849999999999999645e+00 -5.572660000000000113e-03 2.771614499999999672e-03 -5.572660000000000113e-03 2.925927045500000379e+00
9.875000000000000000e+00 -5.321059999999999852e-03 2.651289499999999986e-03 -5.321059999999999852e-03 2.918432710500000304e+00
9.900000000000000355e+00 -5.081310000000000340e-03 2.536549500000000092e-03 -5.081310000000000340e-03 2.910972830499999997e+00
9.925000000000000711e+00 -4.852829999999999817e-03 2.427129000000000092e-03 -4.852829999999999817e-03 2.903567190999999603e+00
9.949999999999999289e+00 -4.635069999999999815e-03 2.322763499999999995e-03 -4.635069999999999815e-03 2.896195576499999813e+00
9.974999999999999645e+00 -4.427519999999999893e-03 2.223189999999999888e-03 -4.427519999999999893e-03 2.888857769999999991e+00
1.000000000000000000e+01 -4.229659999999999670e-03 2.128174999999999945e-03 -4.229659999999999670e-03 2.881563585000000316e+00
1.002500000000000036e+01 -4.041030000000000143e-03 2.037489499999999704e-03 -4.041030000000000143e-03 2.874312830499999638e+00
1.005000000000000071e+01 -3.861170000000000140e-03 1.950910500000000098e-03 -3.861170000000000140e-03 2.867105329500000188e+00
1.007499999999999929e+01 -3.689650000000000048e-03 1.868219500000000127e-03 -3.689650000000000048e-03 2.859930900500000206e+00
1.009999999999999964e+01 -3.526080000000000013e-03 1.789259000000000075e-03 -3.526080000000000013e-03 2.852789420999999770e+00
1.012500000000000000e+01 -3.370049999999999869e-03 1.713820499999999967e-03 -3.370049999999999869e-03 2.845690719499999854e+00
1.015000000000000036e+01 -3.221200000000000018e-03 1.641728000000000067e-03 -3.221200000000000018e-03 2.838624652000000026e+00
1.017500000000000071e+01 -3.079179999999999938e-03 1.572815000000000194e-03 -3.079179999999999938e-03 2.831601084999999962e+00
1.019999999999999929e+01 -2.943659999999999853e-03 1.506926999999999919e-03 -2.943659999999999853e-03 2.824619892999999937e+00
1.022499999999999964e+01 -2.814309999999999989e-03 1.443908999999999948e-03 -2.814309999999999989e-03 2.817660950999999692e+00
1.025000000000000000e+01 -2.690839999999999899e-03 1.383617999999999871e-03 -2.690839999999999899e-03 2.810744141999999890e+00
1.027500000000000036e+01 -2.572969999999999945e-03 1.325919999999999963e-03 -2.572969999999999945e-03 2.803869360000000199e+00
1.030000000000000071e+01 -2.460410000000000114e-03 1.270693000000000039e-03 -2.460410000000000114e-03 2.797016506999999930e+00
1.032499999999999929e+01 -2.352920000000000098e-03 1.217814999999999913e-03 -2.352920000000000098e-03 2.790205484999999985e+00
1.034999999999999964e+01 -2.250240000000000139e-03 1.167164999999999956e-03 -2.250240000000000139e-03 2.783436195000000168e+00
1.037500000000000000e+01 -2.152149999999999810e-03 1.118641999999999987e-03 -2.152149999999999810e-03 2.776688558000000029e+00
1.040000000000000036e+01 -2.058429999999999982e-03 1.072140999999999979e-03 -2.058429999999999982e-03 2.769982488999999770e+00
1.042500000000000071e+01 -1.968859999999999794e-03 1.027567999999999971e-03 -1.968859999999999794e-03 2.763307913999999865e+00
1.044999999999999929e+01 -1.883249999999999941e-03 9.848294999999999532e-04 -1.883249999999999941e-03 2.756664758499999923e+00
1.047499999999999964e+01 -1.801410000000000034e-03 9.438504999999999378e-04 -1.801410000000000034e-03 2.750052963499999947e+00
1.050000000000000000e+01 -1.723160000000000056e-03 9.045325000000000544e-04 -1.723160000000000056e-03 2.743482449500000087e+00
1.052500000000000036e+01 -1.648340000000000092e-03 8.668089999999999606e-04 -1.648340000000000092e-03 2.736933164999999946e+00
1.055000000000000071e+01 -1.576780000000000065e-03 8.306064999999999629e-04 -1.576780000000000065e-03 2.730425051499999700e+00
1.057499999999999929e+01 -1.508339999999999941e-03 7.958594999999999515e-04 -1.508339999999999941e-03 2.723938058500000370e+00
1.059999999999999964e+01 -1.442860000000000019e-03 7.625029999999999872e-04 -1.442860000000000019e-03 2.717492135000000086e+00
1.062500000000000000e+01 -1.380209999999999987e-03 7.304780000000000084e-04 -1.380209999999999987e-03 2.711077236000000390e+00
1.065000000000000036e+01 -1.320269999999999907e-03 6.997274999999999849e-04 -1.320269999999999907e-03 2.704693316499999778e+00
1.067500000000000071e+01 -1.262909999999999901e-03 6.701985000000000581e-04 -1.262909999999999901e-03 2.698330335500000121e+00
1.069999999999999929e+01 -1.208010000000000030e-03 6.418419999999999985e-04 -1.208010000000000030e-03 2.692008256000000266e+00
1.072499999999999964e+01 -1.155470000000000021e-03 6.146094999999999640e-04 -1.155470000000000021e-03 2.685707040499999643e+00
1.075000000000000000e+01 -1.105180000000000095e-03 5.884590000000000523e-04 -1.105180000000000095e-03 2.679446657000000176e+00
1.077500000000000036e+01 -1.057039999999999976e-03 5.633430000000000035e-04 -1.057039999999999976e-03 2.673207069000000047e+00
1.080000000000000071e+01 -1.010969999999999924e-03 5.392320000000000576e-04 -1.010969999999999924e-03 2.667008255999999911e+00
1.082499999999999929e+01 -9.668590000000000344e-04 5.160800000000000326e-04 -9.668590000000000344e-04 2.660830181999999766e+00
1.084999999999999964e+01 -9.246389999999999948e-04 4.938545000000000131e-04 -9.246389999999999948e-04 2.654682823499999955e+00
1.087500000000000000e+01 -8.842239999999999692e-04 4.725204999999999900e-04 -8.842239999999999692e-04 2.648566153500000020e+00
1.090000000000000036e+01 -8.455399999999999852e-04 4.520489999999999947e-04 -8.455399999999999852e-04 2.642470150999999934e+00
1.092500000000000071e+01 -8.085129999999999617e-04 4.324068999999999613e-04 -8.085129999999999617e-04 2.636414791099999988e+00
1.094999999999999929e+01 -7.730750000000000208e-04 4.135674499999999836e-04 -7.730750000000000208e-04 2.630380054549999791e+00
1.097499999999999964e+01 -7.391589999999999749e-04 3.955010499999999968e-04 -7.391589999999999749e-04 2.624375918950000219e+00
1.100000000000000000e+01 -7.067039999999999477e-04 3.781812499999999801e-04 -7.067039999999999477e-04 2.618392364750000034e+00
1.102500000000000036e+01 -6.756489999999999545e-04 3.615837499999999954e-04 -6.756489999999999545e-04 2.612449374249999678e+00
1.105000000000000071e+01 -6.459369999999999652e-04 3.456819999999999880e-04 -6.459369999999999652e-04 2.606526927999999632e+00
1.107499999999999929e+01 -6.175129999999999812e-04 3.304535500000000000e-04 -6.175129999999999812e-04 2.600625008449999775e+00
1.109999999999999964e+01 -5.903250000000000511e-04 3.158744499999999959e-04 -5.903250000000000511e-04 2.594763597550000078e+00
1.112500000000000000e+01 -5.643230000000000381e-04 3.019222500000000179e-04 -5.643230000000000381e-04 2.588922679750000011e+00
1.115000000000000036e+01 -5.394580000000000382e-04 2.885755499999999784e-04 -5.394580000000000382e-04 2.583102238449999977e+00
1.117500000000000071e+01 -5.156849999999999932e-04 2.758126999999999758e-04 -5.156849999999999932e-04 2.577312257300000020e+00
1.119999999999999929e+01 -4.929580000000000463e-04 2.636102000000000193e-04 -4.929580000000000463e-04 2.571552717799999943e+00
1.122499999999999964e+01 -4.712350000000000241e-04 2.519525999999999905e-04 -4.712350000000000241e-04 2.565823609400000205e+00
1.125000000000000000e+01 -4.504749999999999857e-04 2.408165499999999771e-04 -4.504749999999999857e-04 2.560104913450000019e+00
1.127500000000000036e+01 -4.306369999999999903e-04 2.301828499999999912e-04 -4.306369999999999903e-04 2.554426615150000135e+00
1.130000000000000071e+01 -4.116839999999999974e-04 2.200323499999999805e-04 -4.116839999999999974e-04 2.548768699650000080e+00
1.132499999999999929e+01 -3.935790000000000208e-04 2.103468500000000001e-04 -3.935790000000000208e-04 2.543131153150000046e+00
1.134999999999999964e+01 -3.762859999999999816e-04 2.011064500000000132e-04 -3.762859999999999816e-04 2.537523959550000097e+00
1.137500000000000000e+01 -3.597709999999999949e-04 1.922931999999999972e-04 -3.597709999999999949e-04 2.531937104799999894e+00
1.140000000000000036e+01 -3.440000000000000132e-04 1.838902499999999797e-04 -3.440000000000000132e-04 2.526380575750000190e+00
1.142500000000000071e+01 -3.289440000000000137e-04 1.758787999999999736e-04 -3.289440000000000137e-04 2.520844357199999664e+00
1.144999999999999929e+01 -3.145660000000000101e-04 1.682431000000000020e-04 -3.145660000000000101e-04 2.515338436900000030e+00
1.147499999999999964e+01 -3.008420000000000039e-04 1.609665499999999878e-04 -3.008420000000000039e-04 2.509852801449999671e+00
1.150000000000000000e+01 -2.877409999999999950e-04 1.540304999999999951e-04 -2.877409999999999950e-04 2.504387435499999981e+00
1.152500000000000036e+01 -2.752359999999999919e-04 1.474224499999999898e-04 -2.752359999999999919e-04 2.498952329549999796e+00
1.155000000000000071e+01 -2.632989999999999875e-04 1.411249499999999845e-04 -2.632989999999999875e-04 2.493537469050000066e+00
1.157499999999999929e+01 -2.519059999999999832e-04 1.351235499999999846e-04 -2.519059999999999832e-04 2.488152842449999902e+00
1.159999999999999964e+01 -2.410319999999999921e-04 1.294049500000000086e-04 -2.410319999999999921e-04 2.482788439049999685e+00
1.162500000000000000e+01 -2.306529999999999887e-04 1.239547499999999977e-04 -2.306529999999999887e-04 2.477444247249999787e+00
1.165000000000000036e+01 -2.207470000000000059e-04 1.187586999999999985e-04 -2.207470000000000059e-04 2.472120255300000125e+00
1.167500000000000071e+01 -2.112910000000000070e-04 1.138057000000000071e-04 -2.112910000000000070e-04 2.466826454300000027e+00
1.169999999999999929e+01 -2.022650000000000023e-04 1.090821999999999972e-04 -2.022650000000000023e-04 2.461552833399999862e+00
1.172499999999999964e+01 -1.936490000000000021e-04 1.045775999999999997e-04 -1.936490000000000021e-04 2.456299383800000236e+00
1.175000000000000000e+01 -1.854229999999999897e-04 1.002803000000000028e-04 -1.854229999999999897e-04 2.451066096299999941e+00
1.177500000000000036e+01 -1.775699999999999956e-04 9.617984999999999360e-05 -1.775699999999999956e-04 2.445862962350000114e+00
1.180000000000000071e+01 -1.700720000000000075e-04 9.226640000000000145e-05 -1.700720000000000075e-04 2.440679974200000046e+00
1.182499999999999929e+01 -1.629120000000000015e-04 8.853075000000000614e-05 -1.629120000000000015e-04 2.435517124450000015e+00
1.184999999999999964e+01 -1.560750000000000126e-04 8.496315000000000323e-05 -1.560750000000000126e-04 2.430374405249999814e+00
1.187500000000000000e+01 -1.495459999999999943e-04 8.155589999999999617e-05 -1.495459999999999943e-04 2.425251810500000271e+00
1.190000000000000036e+01 -1.433100000000000086e-04 7.830039999999999320e-05 -1.433100000000000086e-04 2.420159333400000001e+00
1.192500000000000071e+01 -1.373540000000000134e-04 7.519020000000000391e-05 -1.373540000000000134e-04 2.415076969000000240e+00
1.194999999999999929e+01 -1.316649999999999938e-04 7.221779999999999151e-05 -1.316649999999999938e-04 2.410024711199999725e+00
1.197499999999999964e+01 -1.262299999999999891e-04 6.937664999999999923e-05 -1.262299999999999891e-04 2.404992555149999767e+00
1.200000000000000000e+01 -1.210370000000000001e-04 6.666069999999999689e-05 -1.210370000000000001e-04 2.399980495899999955e+00
1.202500000000000036e+01 -1.160769999999999933e-04 6.406420000000000235e-05 -1.160769999999999933e-04 2.394988529199999938e+00
1.205000000000000071e+01 -1.113369999999999947e-04 6.158160000000000684e-05 -1.113369999999999947e-04 2.390016650799999809e+00
1.207499999999999929e+01 -1.068090000000000001e-04 5.920799999999999962e-05 -1.068090000000000001e-04 2.385064856800000133e+00
1.209999999999999964e+01 -1.024819999999999990e-04 5.693975000000000316e-05 -1.024819999999999990e-04 2.380133144849999827e+00
1.212500000000000000e+01 -9.834769999999999352e-05 5.476844999999999907e-05 -9.834769999999999352e-05 2.375231507550000121e+00
1.215000000000000036e+01 -9.439710000000000462e-05 5.269365000000000328e-05 -9.439710000000000462e-05 2.370339945550000049e+00
1.217500000000000071e+01 -9.062189999999999373e-05 5.071010000000000090e-05 -9.062189999999999373e-05 2.365468454499999762e+00
1.219999999999999929e+01 -8.701429999999999798e-05 4.881385000000000021e-05 -8.701429999999999798e-05 2.360627031350000404e+00
1.222499999999999964e+01 -8.356679999999999415e-05 4.700099999999999943e-05 -8.356679999999999415e-05 2.355795673200000273e+00
1.225000000000000000e+01 -8.027200000000000665e-05 4.526814999999999789e-05 -8.027200000000000665e-05 2.350984377450000107e+00
1.227500000000000036e+01 -7.712309999999999348e-05 4.361170000000000124e-05 -7.712309999999999348e-05 2.346193141299999674e+00
1.230000000000000071e+01 -7.411329999999999394e-05 4.202935000000000443e-05 -7.411329999999999394e-05 2.341421963050000166e+00
1.232499999999999929e+01 -7.123639999999999443e-05 4.051484000000000324e-05 -7.123639999999999443e-05 2.336670837360000252e+00
1.234999999999999964e+01 -6.848599999999999447e-05 3.906787999999999770e-05 -6.848599999999999447e-05 2.331939764519999958e+00
1.237500000000000000e+01 -6.585629999999999490e-05 3.768427499999999928e-05 -6.585629999999999490e-05 2.327228740924999872e+00
1.240000000000000036e+01 -6.334160000000000354e-05 3.636120000000000010e-05 -6.334160000000000354e-05 2.322537764399999816e+00
1.242500000000000071e+01 -6.093620000000000113e-05 3.509558499999999544e-05 -6.093620000000000113e-05 2.317866832415000022e+00
1.244999999999999929e+01 -5.863499999999999680e-05 3.388394999999999938e-05 -5.863499999999999680e-05 2.313205942050000186e+00
1.247499999999999964e+01 -5.643259999999999905e-05 3.272407499999999890e-05 -5.643259999999999905e-05 2.308575091524999845e+00
1.250000000000000000e+01 -5.432419999999999735e-05 3.161267500000000138e-05 -5.432419999999999735e-05 2.303954278124999977e+00
1.252500000000000036e+01 -5.230500000000000150e-05 3.054714500000000075e-05 -5.230500000000000150e-05 2.299353499655000022e+00
1.255000000000000071e+01 -5.037030000000000121e-05 2.952467499999999697e-05 -5.037030000000000121e-05 2.294772753725000225e+00
1.257499999999999929e+01 -4.851570000000000036e-05 2.854256500000000105e-05 -4.851570000000000036e-05 2.290212038034999953e+00
1.259999999999999964e+01 -4.673700000000000331e-05 2.759819499999999911e-05 -4.673700000000000331e-05 2.285671350404999913e+00
1.262500000000000000e+01 -4.502980000000000041e-05 2.668918000000000050e-05 -4.502980000000000041e-05 2.281140688619999857e+00
1.265000000000000036e+01 -4.339049999999999732e-05 2.581304999999999844e-05 -4.339049999999999732e-05 2.276630050749999690e+00
1.267500000000000071e+01 -4.181519999999999904e-05 2.496728499999999960e-05 -4.181519999999999904e-05 2.272139434515000112e+00
1.269999999999999929e+01 -4.030039999999999789e-05 2.414993000000000275e-05 -4.030039999999999789e-05 2.267668838270000098e+00
1.272499999999999964e+01 -3.884269999999999997e-05 2.335863499999999934e-05 -3.884269999999999997e-05 2.263208259964999858e+00
1.275000000000000000e+01 -3.743879999999999805e-05 2.259166500000000014e-05 -3.743879999999999805e-05 2.258777698135000289e+00
1.277500000000000036e+01 -3.608579999999999931e-05 2.184708500000000193e-05 -3.608579999999999931e-05 2.254357151114999791e+00
1.280000000000000071e+01 -3.478069999999999719e-05 2.112317499999999957e-05 -3.478069999999999719e-05 2.249946617425000017e+00
1.282499999999999929e+01 -3.352099999999999974e-05 2.041840999999999819e-05 -3.352099999999999974e-05 2.245566095790000105e+00
1.284999999999999964e+01 -3.230420000000000150e-05 1.973138000000000081e-05 -3.230420000000000150e-05 2.241195585019999825e+00
1.287500000000000000e+01 -3.112789999999999719e-05 1.906086500000000000e-05 -3.112789999999999719e-05 2.236845084135000050e+00
1.290000000000000036e+01 -2.999009999999999938e-05 1.840566499999999990e-05 -2.999009999999999938e-05 2.232504592134999744e+00
1.292500000000000071e+01 -2.888890000000000051e-05 1.776507499999999864e-05 -2.888890000000000051e-05 2.228184108524999818e+00
1.294999999999999929e+01 -2.782270000000000045e-05 1.713809500000000079e-05 -2.782270000000000045e-05 2.223883632504999763e+00
1.297499999999999964e+01 -2.678940000000000138e-05 1.652413000000000200e-05 -2.678940000000000138e-05 2.219603163669999990e+00
1.300000000000000000e+01 -2.578810000000000133e-05 1.592288000000000161e-05 -2.578810000000000133e-05 2.215332701919999980e+00
1.302500000000000036e+01 -2.481750000000000083e-05 1.533376499999999972e-05 -2.481750000000000083e-05 2.211082246834999765e+00
1.305000000000000071e+01 -2.387640000000000064e-05 1.475678499999999969e-05 -2.387640000000000064e-05 2.206841798615000183e+00
1.307499999999999929e+01 -2.296379999999999857e-05 1.419165499999999855e-05 -2.296379999999999857e-05 2.202621357144999958e+00
1.309999999999999964e+01 -2.207910000000000008e-05 1.363859999999999847e-05 -2.207910000000000008e-05 2.198420922800000010e+00
1.312500000000000000e+01 -2.122139999999999980e-05 1.309762499999999981e-05 -2.122139999999999980e-05 2.194230495774999845e+00
1.315000000000000036e+01 -2.039020000000000003e-05 1.256895499999999967e-05 -2.039020000000000003e-05 2.190060076445000004e+00
1.317500000000000071e+01 -1.958499999999999968e-05 1.205301499999999898e-05 -1.958499999999999968e-05 2.185899665385000024e+00
1.319999999999999929e+01 -1.880540000000000125e-05 1.155002999999999993e-05 -1.880540000000000125e-05 2.181759262970000002e+00
1.322499999999999964e+01 -1.805110000000000070e-05 1.106057500000000040e-05 -1.805110000000000070e-05 2.177638869945000000e+00
1.325000000000000000e+01 -1.732190000000000097e-05 1.058497499999999940e-05 -1.732190000000000097e-05 2.173528486764999990e+00
1.327500000000000036e+01 -1.661760000000000163e-05 1.012376499999999878e-05 -1.661760000000000163e-05 2.169438114115000094e+00
1.330000000000000071e+01 -1.593789999999999863e-05 9.677424999999999930e-06 -1.593789999999999863e-05 2.165357752615000297e+00
1.332499999999999929e+01 -1.528279999999999876e-05 9.246435000000000859e-06 -1.528279999999999876e-05 2.161297402885000274e+00
1.334999999999999964e+01 -1.465209999999999987e-05 8.831274999999999569e-06 -1.465209999999999987e-05 2.157247065525000007e+00
1.337500000000000000e+01 -1.404559999999999983e-05 8.432359999999999679e-06 -1.404559999999999983e-05 2.153216741100000053e+00
1.340000000000000036e+01 -1.346340000000000056e-05 8.050115000000000428e-06 -1.346340000000000056e-05 2.149196430144999947e+00
1.342500000000000071e+01 -1.290519999999999970e-05 7.684919999999999599e-06 -1.290519999999999970e-05 2.145196133179999798e+00
1.344999999999999929e+01 -1.237080000000000021e-05 7.336934999999999914e-06 -1.237080000000000021e-05 2.141205850465000005e+00
1.347499999999999964e+01 -1.186010000000000017e-05 7.006435000000000283e-06 -1.186010000000000017e-05 2.137235582405000223e+00
1.350000000000000000e+01 -1.137270000000000040e-05 6.693554999999999986e-06 -1.137270000000000040e-05 2.133275329244999963e+00
1.352500000000000036e+01 -1.090850000000000067e-05 6.398355000000000677e-06 -1.090850000000000067e-05 2.129335091144999748e+00
1.355000000000000071e+01 -1.046699999999999990e-05 6.120774999999999855e-06 -1.046699999999999990e-05 2.125404868164999961e+00
1.357499999999999929e+01 -1.004790000000000082e-05 5.860699999999999639e-06 -1.004790000000000082e-05 2.121484660280000156e+00
1.359999999999999964e+01 -9.650620000000000108e-06 5.617915000000000235e-06 -9.650620000000000108e-06 2.117584467384999947e+00
1.362500000000000000e+01 -9.274760000000000288e-06 5.392099999999999586e-06 -9.274760000000000288e-06 2.113704289240000200e+00
1.365000000000000036e+01 -8.919689999999999637e-06 5.182870000000000405e-06 -8.919689999999999637e-06 2.109834125549999939e+00
1.367500000000000071e+01 -8.584790000000000522e-06 4.989720000000000399e-06 -8.584790000000000522e-06 2.105973975920000019e+00
1.369999999999999929e+01 -8.269359999999999715e-06 4.812098999999999817e-06 -8.269359999999999715e-06 2.102133839860999664e+00
1.372499999999999964e+01 -7.972659999999999659e-06 4.649341499999999877e-06 -7.972659999999999659e-06 2.098303716798500140e+00
1.375000000000000000e+01 -7.693890000000000294e-06 4.500729000000000120e-06 -7.693890000000000294e-06 2.094483606090999928e+00
1.377500000000000036e+01 -7.432230000000000160e-06 4.365484999999999760e-06 -7.432230000000000160e-06 2.090683507035000055e+00
1.380000000000000071e+01 -7.186779999999999824e-06 4.242762499999999343e-06 -7.186779999999999824e-06 2.086893418857500127e+00
1.382499999999999929e+01 -6.956639999999999856e-06 4.131666000000000093e-06 -6.956639999999999856e-06 2.083123340734000184e+00
1.384999999999999964e+01 -6.740890000000000270e-06 4.031265500000000477e-06 -6.740890000000000270e-06 2.079363271794500090e+00
1.387500000000000000e+01 -6.538519999999999868e-06 3.940605500000000061e-06 -6.538519999999999868e-06 2.075613211154500259e+00
1.390000000000000036e+01 -6.348610000000000360e-06 3.858688999999999911e-06 -6.348610000000000360e-06 2.071883157870999970e+00
1.392500000000000071e+01 -6.170180000000000105e-06 3.784544499999999998e-06 -6.170180000000000105e-06 2.068163111035500101e+00
1.394999999999999929e+01 -6.002259999999999856e-06 3.717183500000000034e-06 -6.002259999999999856e-06 2.064453069716500000e+00
1.397499999999999964e+01 -5.843869999999999666e-06 3.655638500000000101e-06 -5.843869999999999666e-06 2.060763033001500322e+00
1.400000000000000000e+01 -5.694090000000000399e-06 3.598883999999999948e-06 -5.694090000000000399e-06 2.057082999916000077e+00
1.402500000000000036e+01 -5.552000000000000376e-06 3.546062999999999849e-06 -5.552000000000000376e-06 2.053422969656999886e+00
1.405000000000000071e+01 -5.416710000000000016e-06 3.496241500000000278e-06 -5.416710000000000016e-06 2.049762941338499900e+00
1.407499999999999929e+01 -5.287379999999999850e-06 3.448585499999999815e-06 -5.287379999999999850e-06 2.046122914174500096e+00
1.409999999999999964e+01 -5.163199999999999965e-06 3.402302000000000074e-06 -5.163199999999999965e-06 2.042492887417999725e+00
1.412500000000000000e+01 -5.043430000000000263e-06 3.356657499999999973e-06 -5.043430000000000263e-06 2.038882860382499995e+00
1.415000000000000036e+01 -4.927360000000000203e-06 3.310961000000000130e-06 -4.927360000000000203e-06 2.035282832418999988e+00
1.417500000000000071e+01 -4.814359999999999760e-06 3.264630500000000151e-06 -4.814359999999999760e-06 2.031692802989500279e+00
1.419999999999999929e+01 -4.703859999999999717e-06 3.217146000000000080e-06 -4.703859999999999717e-06 2.028112771613999943e+00
1.422499999999999964e+01 -4.595349999999999972e-06 3.168046500000000111e-06 -4.595349999999999972e-06 2.024542737873499920e+00
1.425000000000000000e+01 -4.488380000000000385e-06 3.116962499999999890e-06 -4.488380000000000385e-06 2.020992701437499761e+00
1.427500000000000036e+01 -4.382590000000000335e-06 3.063614500000000278e-06 -4.382590000000000335e-06 2.017452662065500224e+00
1.430000000000000071e+01 -4.277649999999999609e-06 3.007804500000000045e-06 -4.277649999999999609e-06 2.013932619595500295e+00
1.432499999999999929e+01 -4.173339999999999755e-06 2.949384000000000068e-06 -4.173339999999999755e-06 2.010412573915999701e+00
1.434999999999999964e+01 -4.069489999999999894e-06 2.888325500000000117e-06 -4.069489999999999894e-06 2.006912525034500128e+00
1.437500000000000000e+01 -3.965980000000000101e-06 2.824621500000000091e-06 -3.965980000000000101e-06 2.003422472978500402e+00
1.440000000000000036e+01 -3.862770000000000118e-06 2.758386000000000173e-06 -3.862770000000000118e-06 1.999942417893999957e+00
1.442500000000000071e+01 -3.759869999999999799e-06 2.689782500000000111e-06 -3.759869999999999799e-06 1.996472359977500055e+00
1.444999999999999929e+01 -3.657360000000000081e-06 2.619015499999999726e-06 -3.657360000000000081e-06 1.993022299464499936e+00
1.447499999999999964e+01 -3.555350000000000188e-06 2.546379999999999750e-06 -3.555350000000000188e-06 1.989582236680000005e+00
1.450000000000000000e+01 -3.453999999999999880e-06 2.472192999999999829e-06 -3.453999999999999880e-06 1.986152171967000113e+00
1.452500000000000036e+01 -3.353530000000000145e-06 2.396837500000000157e-06 -3.353530000000000145e-06 1.982732105742500028e+00
1.455000000000000071e+01 -3.254179999999999987e-06 2.320714000000000038e-06 -3.254179999999999987e-06 1.979322038425999963e+00
1.457499999999999929e+01 -3.156199999999999953e-06 2.244258999999999768e-06 -3.156199999999999953e-06 1.975931970480999889e+00
1.459999999999999964e+01 -3.059949999999999815e-06 2.167930500000000131e-06 -3.059949999999999815e-06 1.972541902389499890e+00
1.462500000000000000e+01 -2.965650000000000142e-06 2.092218000000000133e-06 -2.965650000000000142e-06 1.969171834662000187e+00
1.465000000000000036e+01 -2.873610000000000173e-06 2.017590500000000228e-06 -2.873610000000000173e-06 1.965811767789499953e+00
1.467500000000000071e+01 -2.784259999999999919e-06 1.944530000000000168e-06 -2.784259999999999919e-06 1.962461702270000163e+00
1.469999999999999929e+01 -2.697870000000000057e-06 1.873516500000000073e-06 -2.697870000000000057e-06 1.959131638603500036e+00
1.472499999999999964e+01 -2.614779999999999807e-06 1.805002999999999953e-06 -2.614779999999999807e-06 1.955801577256999879e+00
1.475000000000000000e+01 -2.535279999999999975e-06 1.739451500000000070e-06 -2.535279999999999975e-06 1.952481518708500063e+00
1.477500000000000036e+01 -2.459679999999999801e-06 1.677266500000000046e-06 -2.459679999999999801e-06 1.949181463373499845e+00
1.480000000000000071e+01 -2.388240000000000109e-06 1.618831999999999894e-06 -2.388240000000000109e-06 1.945891411647999947e+00
1.482499999999999929e+01 -2.321220000000000029e-06 1.564512999999999949e-06 -2.321220000000000029e-06 1.942611363906999955e+00
1.484999999999999964e+01 -2.258829999999999852e-06 1.514605499999999910e-06 -2.258829999999999852e-06 1.939341320454500028e+00
1.487500000000000000e+01 -2.201249999999999888e-06 1.469386500000000013e-06 -2.201249999999999888e-06 1.936081281573500013e+00
1.490000000000000036e+01 -2.148630000000000043e-06 1.429062499999999923e-06 -2.148630000000000043e-06 1.932831247477500014e+00
1.492500000000000071e+01 -2.101089999999999817e-06 1.393822499999999986e-06 -2.101089999999999817e-06 1.929591218357499915e+00
1.494999999999999929e+01 -2.058690000000000020e-06 1.363784499999999860e-06 -2.058690000000000020e-06 1.926361194335500127e+00
1.497499999999999964e+01 -2.021460000000000209e-06 1.339007500000000114e-06 -2.021460000000000209e-06 1.923151175472499919e+00
1.500000000000000000e+01 -1.989399999999999960e-06 1.319501500000000177e-06 -1.989399999999999960e-06 1.919941161778500049e+00
1.502500000000000036e+01 -1.962439999999999883e-06 1.305247500000000161e-06 -1.962439999999999883e-06 1.916751153232499894e+00
1.505000000000000071e+01 -1.940499999999999886e-06 1.296144999999999937e-06 -1.940499999999999886e-06 1.913561149735000022e+00
1.507499999999999929e+01 -1.923419999999999789e-06 1.292075499999999942e-06 -1.923419999999999789e-06 1.910391151164499979e+00
1.509999999999999964e+01 -1.911050000000000109e-06 1.292811499999999929e-06 -1.911050000000000109e-06 1.907231157288499901e+00
1.512500000000000000e+01 -1.903149999999999939e-06 1.298123500000000024e-06 -1.903149999999999939e-06 1.904081167876499947e+00
1.515000000000000036e+01 -1.899480000000000066e-06 1.307764000000000063e-06 -1.899480000000000066e-06 1.900931182676000031e+00
1.517500000000000071e+01 -1.899759999999999960e-06 1.321414999999999951e-06 -1.899759999999999960e-06 1.897801201364999857e+00
1.519999999999999929e+01 -1.903679999999999958e-06 1.338709499999999935e-06 -1.903679999999999958e-06 1.894681223570499951e+00
1.522499999999999964e+01 -1.910900000000000204e-06 1.359279500000000019e-06 -1.910900000000000204e-06 1.891571248920499881e+00
1.525000000000000000e+01 -1.921050000000000013e-06 1.382717499999999861e-06 -1.921050000000000013e-06 1.888471277002500059e+00
1.527500000000000036e+01 -1.933760000000000185e-06 1.408575500000000012e-06 -1.933760000000000185e-06 1.885381307364500048e+00
1.530000000000000071e+01 -1.948619999999999988e-06 1.436416500000000056e-06 -1.948619999999999988e-06 1.882301339563499987e+00
1.532499999999999929e+01 -1.965229999999999817e-06 1.465762300000000049e-06 -1.965229999999999817e-06 1.879231373117699944e+00
1.534999999999999964e+01 -1.983179999999999789e-06 1.496165000000000057e-06 -1.983179999999999789e-06 1.876171407574999783e+00
1.537500000000000000e+01 -2.002060000000000022e-06 1.527146349999999955e-06 -2.002060000000000022e-06 1.873121442453649976e+00
1.540000000000000036e+01 -2.021440000000000080e-06 1.558227899999999950e-06 -2.021440000000000080e-06 1.870071477272099880e+00
1.542500000000000071e+01 -2.040910000000000082e-06 1.588950949999999897e-06 -2.040910000000000082e-06 1.867041511569049961e+00
1.544999999999999929e+01 -2.060090000000000125e-06 1.618866300000000015e-06 -2.060090000000000125e-06 1.864021544893700089e+00
1.547499999999999964e+01 -2.078580000000000180e-06 1.647524599999999982e-06 -2.078580000000000180e-06 1.861011576795400080e+00
1.550000000000000000e+01 -2.096010000000000198e-06 1.674536000000000166e-06 -2.096010000000000198e-06 1.858011606884000022e+00
1.552500000000000036e+01 -2.112040000000000111e-06 1.699490299999999957e-06 -2.112040000000000111e-06 1.855021634749699944e+00
1.555000000000000071e+01 -2.126340000000000126e-06 1.722026999999999886e-06 -2.126340000000000126e-06 1.852041660032999859e+00
1.557499999999999929e+01 -2.138619999999999863e-06 1.741815049999999953e-06 -2.138619999999999863e-06 1.849061682404949947e+00
1.559999999999999964e+01 -2.148609999999999915e-06 1.758562950000000052e-06 -2.148609999999999915e-06 1.846101701577050003e+00
1.562500000000000000e+01 -2.156090000000000138e-06 1.771989249999999900e-06 -2.156090000000000138e-06 1.843151717270750112e+00
1.565000000000000036e+01 -2.160830000000000113e-06 1.781891649999999821e-06 -2.160830000000000113e-06 1.840201729288350130e+00
1.567500000000000071e+01 -2.162670000000000082e-06 1.788057600000000014e-06 -2.162670000000000082e-06 1.837271737422399909e+00
1.569999999999999929e+01 -2.161499999999999973e-06 1.790384300000000056e-06 -2.161499999999999973e-06 1.834341741575700180e+00
1.572499999999999964e+01 -2.157210000000000137e-06 1.788748500000000091e-06 -2.157210000000000137e-06 1.831421741631499955e+00
1.575000000000000000e+01 -2.149770000000000171e-06 1.783096650000000049e-06 -2.149770000000000171e-06 1.828521737543350012e+00
1.577500000000000036e+01 -2.139139999999999817e-06 1.773415049999999998e-06 -2.139139999999999817e-06 1.825621729304949925e+00
1.580000000000000071e+01 -2.125360000000000180e-06 1.759729700000000019e-06 -2.125360000000000180e-06 1.822731716950299896e+00
1.582499999999999929e+01 -2.108489999999999950e-06 1.742126300000000127e-06 -2.108489999999999950e-06 1.819851700573700048e+00
1.584999999999999964e+01 -2.088619999999999918e-06 1.720710450000000104e-06 -2.088619999999999918e-06 1.816981680289549983e+00
1.587500000000000000e+01 -2.065890000000000138e-06 1.695617650000000196e-06 -2.065890000000000138e-06 1.814121656242349889e+00
1.590000000000000036e+01 -2.040469999999999795e-06 1.667053300000000101e-06 -2.040469999999999795e-06 1.811271628646699883e+00
1.592500000000000071e+01 -2.012570000000000028e-06 1.635222649999999820e-06 -2.012570000000000028e-06 1.808421597717349893e+00
1.594999999999999929e+01 -1.982399999999999858e-06 1.600410999999999838e-06 -1.982399999999999858e-06 1.805591563749000095e+00
1.597499999999999964e+01 -1.950250000000000089e-06 1.562883750000000027e-06 -1.950250000000000089e-06 1.802761527016249810e+00
1.600000000000000000e+01 -1.916379999999999853e-06 1.522966250000000040e-06 -1.916379999999999853e-06 1.799951487853749921e+00
1.602499999999999858e+01 -1.881090000000000018e-06 1.481003950000000022e-06 -1.881090000000000018e-06 1.797141446616050020e+00
1.605000000000000071e+01 -1.844730000000000082e-06 1.437342599999999934e-06 -1.844730000000000082e-06 1.794341403657400136e+00
1.607499999999999929e+01 -1.807639999999999900e-06 1.392377899999999878e-06 -1.807639999999999900e-06 1.791551359382099973e+00
1.610000000000000142e+01 -1.770180000000000092e-06 1.346495950000000072e-06 -1.770180000000000092e-06 1.788771314184049999e+00
1.612500000000000000e+01 -1.732710000000000009e-06 1.300103050000000107e-06 -1.732710000000000009e-06 1.785991268476949889e+00
1.614999999999999858e+01 -1.695620000000000039e-06 1.253635650000000097e-06 -1.695620000000000039e-06 1.783231222704350083e+00
1.617500000000000071e+01 -1.659290000000000083e-06 1.207490700000000020e-06 -1.659290000000000083e-06 1.780471177269300043e+00
1.619999999999999929e+01 -1.624100000000000044e-06 1.162095299999999954e-06 -1.624100000000000044e-06 1.777731132604700059e+00
1.622500000000000142e+01 -1.590449999999999951e-06 1.117866949999999885e-06 -1.590449999999999951e-06 1.774991089133050037e+00
1.625000000000000000e+01 -1.558710000000000065e-06 1.075223700000000096e-06 -1.558710000000000065e-06 1.772261047276299850e+00
1.627499999999999858e+01 -1.529250000000000012e-06 1.034563550000000140e-06 -1.529250000000000012e-06 1.769531007436450087e+00
1.630000000000000071e+01 -1.502440000000000052e-06 9.963022500000000036e-07 -1.502440000000000052e-06 1.766820970031750093e+00
1.632499999999999929e+01 -1.478609999999999977e-06 9.608077499999999235e-07 -1.478609999999999977e-06 1.764110935432250171e+00
1.635000000000000142e+01 -1.458109999999999919e-06 9.284465499999999580e-07 -1.458109999999999919e-06 1.761420904005450039e+00
1.637500000000000000e+01 -1.441249999999999965e-06 8.995623499999999381e-07 -1.441249999999999965e-06 1.758730876095649931e+00
1.639999999999999858e+01 -1.428320000000000074e-06 8.744804499999999708e-07 -1.428320000000000074e-06 1.756050852027550180e+00
1.642500000000000071e+01 -1.419609999999999991e-06 8.534984499999999488e-07 -1.419609999999999991e-06 1.753370832097550069e+00
1.644999999999999929e+01 -1.415340000000000073e-06 8.368861000000000654e-07 -1.415340000000000073e-06 1.750710816573900042e+00
1.647500000000000142e+01 -1.415749999999999955e-06 8.249017500000000299e-07 -1.415749999999999955e-06 1.748050805712250133e+00
1.650000000000000000e+01 -1.421040000000000077e-06 8.177571000000000534e-07 -1.421040000000000077e-06 1.745400799720900009e+00
1.652499999999999858e+01 -1.431369999999999985e-06 8.156430499999999630e-07 -1.431369999999999985e-06 1.742760798786950005e+00
1.655000000000000071e+01 -1.446879999999999944e-06 8.187188000000000030e-07 -1.446879999999999944e-06 1.740130803065199849e+00
1.657499999999999929e+01 -1.467680000000000024e-06 8.271139499999999814e-07 -1.467680000000000024e-06 1.737510812680050032e+00
1.660000000000000142e+01 -1.493850000000000105e-06 8.409182000000000238e-07 -1.493850000000000105e-06 1.734890827715799944e+00
1.662500000000000000e+01 -1.525430000000000022e-06 8.601995499999999955e-07 -1.525430000000000022e-06 1.732280848234450055e+00
1.664999999999999858e+01 -1.562439999999999901e-06 8.849891499999999199e-07 -1.562439999999999901e-06 1.729680874260850043e+00
1.667500000000000071e+01 -1.604870000000000103e-06 9.152894050000000508e-07 -1.604870000000000103e-06 1.727090905790594988e+00
1.669999999999999929e+01 -1.652679999999999947e-06 9.510687250000000393e-07 -1.652679999999999947e-06 1.724500942785274882e+00
1.672500000000000142e+01 -1.705779999999999913e-06 9.922646950000001625e-07 -1.705779999999999913e-06 1.721920985175304786e+00
1.675000000000000000e+01 -1.764080000000000057e-06 1.038792035000000129e-06 -1.764080000000000057e-06 1.719351032867964868e+00
1.677499999999999858e+01 -1.827449999999999969e-06 1.090527224999999951e-06 -1.827449999999999969e-06 1.716791085732775057e+00
1.680000000000000071e+01 -1.895730000000000101e-06 1.147324035000000058e-06 -1.895730000000000101e-06 1.714241143615965024e+00
1.682499999999999929e+01 -1.968729999999999868e-06 1.209006114999999828e-06 -1.968729999999999868e-06 1.711691206333884940e+00
1.685000000000000142e+01 -2.046250000000000102e-06 1.275387055000000051e-06 -2.046250000000000102e-06 1.709151273692944839e+00
1.687500000000000000e+01 -2.128049999999999895e-06 1.346230279999999856e-06 -2.128049999999999895e-06 1.706621345449720106e+00
1.689999999999999858e+01 -2.213889999999999822e-06 1.421299357800000118e-06 -2.213889999999999822e-06 1.704091421360642400e+00
1.692500000000000071e+01 -2.303490000000000200e-06 1.500347452000000033e-06 -2.303490000000000200e-06 1.701571501172548073e+00
1.694999999999999929e+01 -2.396559999999999802e-06 1.583067649999999893e-06 -2.396559999999999802e-06 1.699061584572350014e+00
1.697500000000000142e+01 -2.492800000000000087e-06 1.669192854999999855e-06 -2.492800000000000087e-06 1.696561671287144968e+00
1.700000000000000000e+01 -2.591889999999999845e-06 1.758385749999999947e-06 -2.591889999999999845e-06 1.694071760974249941e+00
1.702499999999999858e+01 -2.693480000000000002e-06 1.850338804999999937e-06 -2.693480000000000002e-06 1.691581853321195039e+00
1.705000000000000071e+01 -2.797250000000000196e-06 1.944724229999999793e-06 -2.797250000000000196e-06 1.689101947995770070e+00
1.707499999999999929e+01 -2.902839999999999807e-06 2.041183969999999701e-06 -2.902839999999999807e-06 1.686632044636030114e+00
1.710000000000000142e+01 -3.009889999999999908e-06 2.139379710000000096e-06 -3.009889999999999908e-06 1.684162142900290204e+00
1.712500000000000000e+01 -3.118039999999999881e-06 2.238952840000000106e-06 -3.118039999999999881e-06 1.681702242427159932e+00
1.714999999999999858e+01 -3.226920000000000099e-06 2.339554450000000163e-06 -3.226920000000000099e-06 1.679252342865549918e+00
1.717500000000000071e+01 -3.336179999999999795e-06 2.440835339999999862e-06 -3.336179999999999795e-06 1.676812443864659885e+00
1.719999999999999929e+01 -3.445439999999999914e-06 2.542435994999999813e-06 -3.445439999999999914e-06 1.674372545064005013e+00
1.722500000000000142e+01 -3.554339999999999837e-06 2.643996605000000296e-06 -3.554339999999999837e-06 1.671942646103395047e+00
1.725000000000000000e+01 -3.662530000000000067e-06 2.745187044999999902e-06 -3.662530000000000067e-06 1.669522746652954970e+00
1.727499999999999858e+01 -3.769649999999999983e-06 2.845656885499999640e-06 -3.769649999999999983e-06 1.667102846363114566e+00
1.730000000000000071e+01 -3.875369999999999794e-06 2.945075402999999794e-06 -3.875369999999999794e-06 1.664692944904597072e+00
1.732499999999999929e+01 -3.979339999999999580e-06 3.043111580000000216e-06 -3.979339999999999580e-06 1.662293041948420091e+00
1.735000000000000142e+01 -4.081240000000000247e-06 3.139454109999999945e-06 -4.081240000000000247e-06 1.659893137185890044e+00
1.737500000000000000e+01 -4.180770000000000292e-06 3.233801419999999922e-06 -4.180770000000000292e-06 1.657513230318580000e+00
1.739999999999999858e+01 -4.277610000000000199e-06 3.325941665000000047e-06 -4.277610000000000199e-06 1.655123321138334935e+00
1.742500000000000071e+01 -4.371489999999999713e-06 3.415382764999999999e-06 -4.371489999999999713e-06 1.652753409157234898e+00
1.744999999999999929e+01 -4.462140000000000277e-06 3.502062379999999800e-06 -4.462140000000000277e-06 1.650383494317619881e+00
1.747500000000000142e+01 -4.549289999999999942e-06 3.585677975000000076e-06 -4.549289999999999942e-06 1.648023576322025008e+00
1.750000000000000000e+01 -4.632710000000000407e-06 3.666006799999999816e-06 -4.632710000000000407e-06 1.645673654953200060e+00
1.752499999999999858e+01 -4.712179999999999834e-06 3.742805900000000204e-06 -4.712179999999999834e-06 1.643323729974099923e+00
1.755000000000000071e+01 -4.787500000000000326e-06 3.815892249999999803e-06 -4.787500000000000326e-06 1.640983801207750004e+00
1.757499999999999929e+01 -4.858469999999999750e-06 3.885082499999999915e-06 -4.858469999999999750e-06 1.638643868477499987e+00
1.760000000000000142e+01 -4.924929999999999618e-06 3.950213300000000278e-06 -4.924929999999999618e-06 1.636323931626699979e+00
1.762500000000000000e+01 -4.986729999999999603e-06 4.011141199999999969e-06 -4.986729999999999603e-06 1.633993990518800121e+00
1.764999999999999858e+01 -5.043739999999999926e-06 4.067742650000000376e-06 -5.043739999999999926e-06 1.631684045037349984e+00
1.767500000000000071e+01 -5.095839999999999817e-06 4.119903900000000316e-06 -5.095839999999999817e-06 1.629374095076099982e+00
1.769999999999999929e+01 -5.142939999999999755e-06 4.167531299999999947e-06 -5.142939999999999755e-06 1.627074140548699921e+00
1.772500000000000142e+01 -5.184940000000000370e-06 4.210541150000000157e-06 -5.184940000000000370e-06 1.624784181378849945e+00
1.775000000000000000e+01 -5.221830000000000113e-06 4.248889700000000425e-06 -5.221830000000000113e-06 1.622494217530300098e+00
1.777499999999999858e+01 -5.253540000000000018e-06 4.282523149999999564e-06 -5.253540000000000018e-06 1.620214248956849845e+00
1.780000000000000071e+01 -5.280089999999999789e-06 4.311427899999999907e-06 -5.280089999999999789e-06 1.617934275652100018e+00
1.782499999999999929e+01 -5.301399999999999759e-06 4.335590250000000464e-06 -5.301399999999999759e-06 1.615664297609750166e+00
1.785000000000000142e+01 -5.317500000000000334e-06 4.355016599999999885e-06 -5.317500000000000334e-06 1.613404314843399856e+00
1.787500000000000000e+01 -5.328439999999999927e-06 4.369733349999999917e-06 -5.328439999999999927e-06 1.611144327386649922e+00
1.789999999999999858e+01 -5.334249999999999792e-06 4.379767099999999641e-06 -5.334249999999999792e-06 1.608894335272899934e+00
1.792500000000000071e+01 -5.334980000000000038e-06 4.385174500000000209e-06 -5.334980000000000038e-06 1.606654338565499884e+00
1.794999999999999929e+01 -5.330710000000000331e-06 4.386012349999999291e-06 -5.330710000000000331e-06 1.604414337327649820e+00
1.797500000000000142e+01 -5.321520000000000339e-06 4.382357600000000103e-06 -5.321520000000000339e-06 1.602184331642400039e+00
1.800000000000000000e+01 -5.307489999999999730e-06 4.374297249999999753e-06 -5.307489999999999730e-06 1.599954321602750085e+00
1.802499999999999858e+01 -5.288740000000000121e-06 4.361928549999999283e-06 -5.288740000000000121e-06 1.597734307311450053e+00
1.805000000000000071e+01 -5.265379999999999891e-06 4.345358800000000406e-06 -5.265379999999999891e-06 1.595524288881200015e+00
1.807499999999999929e+01 -5.237539999999999663e-06 4.324695549999999601e-06 -5.237539999999999663e-06 1.593314266424449954e+00
1.810000000000000142e+01 -5.205359999999999913e-06 4.300066549999999705e-06 -5.205359999999999913e-06 1.591114240073449926e+00
1.812500000000000000e+01 -5.168970000000000419e-06 4.271609599999999991e-06 -5.168970000000000419e-06 1.588924209970400181e+00
1.814999999999999858e+01 -5.128529999999999668e-06 4.239462799999999548e-06 -5.128529999999999668e-06 1.586734176257200035e+00
1.817500000000000071e+01 -5.084200000000000382e-06 4.203764399999999917e-06 -5.084200000000000382e-06 1.584554139075599943e+00
1.819999999999999929e+01 -5.036140000000000202e-06 4.164672799999999710e-06 -5.036140000000000202e-06 1.582374098587200129e+00
1.822500000000000142e+01 -4.984510000000000156e-06 4.122326699999999347e-06 -4.984510000000000156e-06 1.580204054933300073e+00
1.825000000000000000e+01 -4.929499999999999983e-06 4.076904800000000350e-06 -4.929499999999999983e-06 1.578044008295200085e+00
1.827499999999999858e+01 -4.871269999999999864e-06 4.028556199999999361e-06 -4.871269999999999864e-06 1.575883958823800057e+00
1.830000000000000071e+01 -4.809999999999999687e-06 3.977470000000000053e-06 -4.809999999999999687e-06 1.573723906709999953e+00
1.832499999999999929e+01 -4.745880000000000037e-06 3.923765600000000175e-06 -4.745880000000000037e-06 1.571583852074399879e+00
1.835000000000000142e+01 -4.679089999999999953e-06 3.867642599999999561e-06 -4.679089999999999953e-06 1.569443795117399842e+00
1.837500000000000000e+01 -4.609810000000000169e-06 3.809260599999999905e-06 -4.609810000000000169e-06 1.567303735999399983e+00
1.839999999999999858e+01 -4.538219999999999724e-06 3.748779600000000119e-06 -4.538219999999999724e-06 1.565173674880399934e+00
1.842500000000000071e+01 -4.464500000000000200e-06 3.686369650000000207e-06 -4.464500000000000200e-06 1.563053611930349973e+00
1.844999999999999929e+01 -4.388839999999999640e-06 3.622210949999999933e-06 -4.388839999999999640e-06 1.560933547329049986e+00
1.847500000000000142e+01 -4.311409999999999773e-06 3.556443800000000015e-06 -4.311409999999999773e-06 1.558823481216200069e+00
1.850000000000000000e+01 -4.232400000000000338e-06 3.489218850000000387e-06 -4.232400000000000338e-06 1.556713413741150021e+00
1.852499999999999858e+01 -4.151969999999999823e-06 3.420746649999999735e-06 -4.151969999999999823e-06 1.554613345113350142e+00
1.855000000000000071e+01 -4.070289999999999954e-06 3.351148050000000008e-06 -4.070289999999999954e-06 1.552513275451949948e+00
1.857499999999999929e+01 -3.987539999999999772e-06 3.280593749999999968e-06 -3.987539999999999772e-06 1.550433204926249919e+00
1.860000000000000142e+01 -3.903859999999999754e-06 3.209215150000000234e-06 -3.903859999999999754e-06 1.548343133664850102e+00
1.862500000000000000e+01 -3.819439999999999637e-06 3.137153149999999890e-06 -3.819439999999999637e-06 1.546263061806850025e+00
1.864999999999999858e+01 -3.734419999999999899e-06 3.064569050000000020e-06 -3.734419999999999899e-06 1.544192989510949854e+00
1.867500000000000071e+01 -3.648959999999999873e-06 2.991584099999999790e-06 -3.648959999999999873e-06 1.542122916895899865e+00
1.869999999999999929e+01 -3.563179999999999908e-06 2.918339700000000095e-06 -3.563179999999999908e-06 1.540062844100299921e+00
1.872500000000000142e+01 -3.477240000000000186e-06 2.844947300000000126e-06 -3.477240000000000186e-06 1.538012771232700082e+00
1.875000000000000000e+01 -3.391270000000000058e-06 2.771548499999999812e-06 -3.391270000000000058e-06 1.535952698431499952e+00
1.877499999999999858e+01 -3.305400000000000150e-06 2.698244849999999699e-06 -3.305400000000000150e-06 1.533912625795150086e+00
1.880000000000000071e+01 -3.219740000000000110e-06 2.625137899999999913e-06 -3.219740000000000110e-06 1.531872553422100047e+00
1.882499999999999929e+01 -3.134429999999999990e-06 2.552359400000000014e-06 -3.134429999999999990e-06 1.529842481440600199e+00
1.885000000000000142e+01 -3.049549999999999881e-06 2.479990999999999936e-06 -3.049549999999999881e-06 1.527812409928999804e+00
1.887500000000000000e+01 -2.965229999999999984e-06 2.408124399999999861e-06 -2.965229999999999984e-06 1.525782338975600005e+00
1.889999999999999858e+01 -2.881570000000000094e-06 2.336861349999999791e-06 -2.881570000000000094e-06 1.523762268678650056e+00
1.892500000000000071e+01 -2.798640000000000025e-06 2.266273549999999779e-06 -2.798640000000000025e-06 1.521752199106449988e+00
1.894999999999999929e+01 -2.716549999999999851e-06 2.196442800000000091e-06 -2.716549999999999851e-06 1.519742130337200070e+00
1.897500000000000142e+01 -2.635369999999999808e-06 2.127450700000000271e-06 -2.635369999999999808e-06 1.517742062449300100e+00
1.900000000000000000e+01 -2.555179999999999988e-06 2.059349100000000151e-06 -2.555179999999999988e-06 1.515741995490900162e+00
1.902499999999999858e+01 -2.476039999999999929e-06 1.992209600000000266e-06 -2.476039999999999929e-06 1.513751929530399831e+00
1.905000000000000071e+01 -2.398030000000000146e-06 1.926083900000000118e-06 -2.398030000000000146e-06 1.511771864616100025e+00
1.907499999999999929e+01 -2.321190000000000048e-06 1.861023599999999901e-06 -2.321190000000000048e-06 1.509791800796399963e+00
1.910000000000000142e+01 -2.245589999999999874e-06 1.797080300000000025e-06 -2.245589999999999874e-06 1.507811738119700040e+00
1.912500000000000000e+01 -2.171269999999999881e-06 1.734285599999999921e-06 -2.171269999999999881e-06 1.505841676614400049e+00
1.914999999999999858e+01 -2.098269999999999902e-06 1.672680950000000025e-06 -2.098269999999999902e-06 1.503871616319049975e+00
1.917500000000000071e+01 -2.026640000000000047e-06 1.612287800000000007e-06 -2.026640000000000047e-06 1.501911557252200158e+00
1.919999999999999929e+01 -1.956390000000000169e-06 1.553147649999999848e-06 -1.956390000000000169e-06 1.499961499452350022e+00
1.922500000000000142e+01 -1.887569999999999954e-06 1.495271750000000123e-06 -1.887569999999999954e-06 1.498011442928250059e+00
1.925000000000000000e+01 -1.820190000000000101e-06 1.438691500000000174e-06 -1.820190000000000101e-06 1.496061387708499835e+00
1.927499999999999858e+01 -1.754270000000000104e-06 1.383397999999999905e-06 -1.754270000000000104e-06 1.494121333781999850e+00
1.930000000000000071e+01 -1.689830000000000091e-06 1.329422450000000049e-06 -1.689830000000000091e-06 1.492181281177550112e+00
1.932499999999999929e+01 -1.626879999999999914e-06 1.276765949999999937e-06 -1.626879999999999914e-06 1.490251229894050011e+00
1.935000000000000142e+01 -1.565430000000000062e-06 1.225409550000000074e-06 -1.565430000000000062e-06 1.488331179910449942e+00
1.937500000000000000e+01 -1.505470000000000047e-06 1.175374250000000193e-06 -1.505470000000000047e-06 1.486411131245749973e+00
1.939999999999999858e+01 -1.447009999999999932e-06 1.126650700000000045e-06 -1.447009999999999932e-06 1.484491083889300178e+00
1.942500000000000071e+01 -1.390040000000000078e-06 1.079219849999999984e-06 -1.390040000000000078e-06 1.482581037820150049e+00
1.944999999999999929e+01 -1.334549999999999996e-06 1.033072399999999943e-06 -1.334549999999999996e-06 1.480680993027599923e+00
1.947500000000000142e+01 -1.280549999999999962e-06 9.881989500000001298e-07 -1.280549999999999962e-06 1.478780949501049991e+00
1.950000000000000000e+01 -1.227999999999999932e-06 9.445731000000000687e-07 -1.227999999999999932e-06 1.476880907212899885e+00
1.952499999999999858e+01 -1.176899999999999904e-06 9.021733000000000440e-07 -1.176899999999999904e-06 1.474990866140700074e+00
1.955000000000000071e+01 -1.127229999999999963e-06 8.609738999999999722e-07 -1.127229999999999963e-06 1.473100826258100016e+00
1.957499999999999929e+01 -1.078969999999999980e-06 8.209471999999999570e-07 -1.078969999999999980e-06 1.471220787536799968e+00
1.960000000000000142e+01 -1.032100000000000037e-06 7.820604000000000246e-07 -1.032100000000000037e-06 1.469340749943600200e+00
1.962500000000000000e+01 -9.865800000000000900e-07 7.442776499999999373e-07 -9.865800000000000900e-07 1.467470713442350139e+00
1.964999999999999858e+01 -9.423959999999999638e-07 7.075629000000000023e-07 -9.423959999999999638e-07 1.465610677997100098e+00
1.967500000000000071e+01 -8.995160000000000457e-07 6.718731499999999854e-07 -8.995160000000000457e-07 1.463740643564850119e+00
1.969999999999999929e+01 -8.579079999999999818e-07 6.371651000000000467e-07 -8.579079999999999818e-07 1.461890610102899890e+00
1.972500000000000142e+01 -8.175409999999999751e-07 6.033905500000000415e-07 -8.175409999999999751e-07 1.460030577563449894e+00
1.975000000000000000e+01 -7.783810000000000400e-07 5.704990999999999975e-07 -7.783810000000000400e-07 1.458180545896899938e+00
1.977499999999999858e+01 -7.403920000000000298e-07 5.384362000000000288e-07 -7.403920000000000298e-07 1.456340515049799889e+00
1.980000000000000071e+01 -7.035369999999999821e-07 5.071431999999999880e-07 -7.035369999999999821e-07 1.454500484964800000e+00
1.982499999999999929e+01 -6.677790000000000400e-07 4.765584500000000159e-07 -6.677790000000000400e-07 1.452670455581549946e+00
1.985000000000000142e+01 -6.330789999999999741e-07 4.466160000000000070e-07 -6.330789999999999741e-07 1.450840426836000008e+00
1.987500000000000000e+01 -5.993960000000000291e-07 4.172458499999999881e-07 -5.993960000000000291e-07 1.449010398660149912e+00
1.989999999999999858e+01 -5.666879999999999985e-07 3.883718500000000168e-07 -5.666879999999999985e-07 1.447190370980149909e+00
1.992500000000000071e+01 -5.349140000000000212e-07 3.599167000000000031e-07 -5.349140000000000212e-07 1.445380343721300198e+00
1.994999999999999929e+01 -5.040290000000000196e-07 3.317897999999999976e-07 -5.040290000000000196e-07 1.443570316796199959e+00
1.997500000000000142e+01 -4.739959999999999783e-07 3.039179999999999822e-07 -4.739959999999999783e-07 1.441760290133999867e+00
2.000000000000000000e+01 -4.447469999999999789e-07 2.761482000000000296e-07 -4.447469999999999789e-07 1.439960263587799938e+00
