# raxis[fm], SN, VN, SP, VP [MeV]
0.000000000000000000e+00 -2.871070000000000277e+02 2.280871800000000178e+02 -2.871070000000000277e+02 2.402938200000000109e+02
2.500000000000000139e-02 -2.871070000000000277e+02 2.280871800000000178e+02 -2.871070000000000277e+02 2.402938200000000109e+02
5.000000000000000278e-02 -2.870950000000000273e+02 2.279450300000000027e+02 -2.870950000000000273e+02 2.401576699999999960e+02
7.499999999999999722e-02 -2.872520000000000095e+02 2.280849200000000110e+02 -2.872520000000000095e+02 2.402953800000000228e+02
1.000000000000000056e-01 -2.874759999999999991e+02 2.282882950000000051e+02 -2.874759999999999991e+02 2.404955050000000085e+02
1.250000000000000000e-01 -2.877690000000000055e+02 2.285633100000000013e+02 -2.877690000000000055e+02 2.407658900000000131e+02
1.499999999999999944e-01 -2.881259999999999764e+02 2.289028600000000040e+02 -2.881259999999999764e+02 2.410995399999999904e+02
1.749999999999999889e-01 -2.885520000000000209e+02 2.293059499999999957e+02 -2.885520000000000209e+02 2.414954500000000053e+02
2.000000000000000111e-01 -2.890419999999999732e+02 2.297695850000000064e+02 -2.890419999999999732e+02 2.419507150000000024e+02
2.250000000000000056e-01 -2.895950000000000273e+02 2.302947800000000029e+02 -2.895950000000000273e+02 2.424663199999999961e+02
2.500000000000000000e-01 -2.902119999999999891e+02 2.308795450000000073e+02 -2.902119999999999891e+02 2.430401549999999986e+02
2.750000000000000222e-01 -2.908890000000000100e+02 2.315219100000000196e+02 -2.908890000000000100e+02 2.436701899999999910e+02
2.999999999999999889e-01 -2.916279999999999859e+02 2.322228900000000067e+02 -2.916279999999999859e+02 2.443575099999999907e+02
3.250000000000000111e-01 -2.924259999999999877e+02 2.329795149999999921e+02 -2.924259999999999877e+02 2.450990850000000023e+02
3.499999999999999778e-01 -2.932819999999999823e+02 2.337897800000000075e+02 -2.932819999999999823e+02 2.458928199999999720e+02
3.750000000000000000e-01 -2.941949999999999932e+02 2.346557750000000055e+02 -2.941949999999999932e+02 2.467406249999999943e+02
4.000000000000000222e-01 -2.951639999999999873e+02 2.355745049999999878e+02 -2.951639999999999873e+02 2.476395950000000141e+02
4.249999999999999889e-01 -2.961859999999999786e+02 2.365439949999999953e+02 -2.961859999999999786e+02 2.485876050000000248e+02
4.500000000000000111e-01 -2.972620000000000005e+02 2.375632799999999918e+02 -2.972620000000000005e+02 2.495837199999999996e+02
4.749999999999999778e-01 -2.983890000000000100e+02 2.386313900000000103e+02 -2.983890000000000100e+02 2.506267100000000028e+02
5.000000000000000000e-01 -2.995649999999999977e+02 2.397443650000000162e+02 -2.995649999999999977e+02 2.517128349999999841e+02
5.250000000000000222e-01 -3.007889999999999873e+02 2.409032300000000077e+02 -3.007889999999999873e+02 2.528427699999999732e+02
5.500000000000000444e-01 -3.020590000000000259e+02 2.421050299999999993e+02 -3.020590000000000259e+02 2.540136700000000189e+02
5.749999999999999556e-01 -3.033729999999999905e+02 2.433477900000000034e+02 -3.033729999999999905e+02 2.552234099999999728e+02
5.999999999999999778e-01 -3.047289999999999850e+02 2.446305499999999995e+02 -3.047289999999999850e+02 2.564710499999999911e+02
6.250000000000000000e-01 -3.061259999999999764e+02 2.459503449999999987e+02 -3.061259999999999764e+02 2.577533550000000560e+02
6.500000000000000222e-01 -3.075600000000000023e+02 2.473062050000000056e+02 -3.075600000000000023e+02 2.590694950000000176e+02
6.750000000000000444e-01 -3.090310000000000059e+02 2.486951600000000155e+02 -3.090310000000000059e+02 2.604163399999999911e+02
6.999999999999999556e-01 -3.105360000000000014e+02 2.501162449999999922e+02 -3.105360000000000014e+02 2.617928549999999746e+02
7.249999999999999778e-01 -3.120729999999999791e+02 2.515654899999999827e+02 -3.120729999999999791e+02 2.631951099999999997e+02
7.500000000000000000e-01 -3.136399999999999864e+02 2.530439200000000142e+02 -3.136399999999999864e+02 2.646238799999999856e+02
7.750000000000000222e-01 -3.152339999999999804e+02 2.545465649999999869e+02 -3.152339999999999804e+02 2.660743350000000191e+02
8.000000000000000444e-01 -3.168539999999999850e+02 2.560734499999999798e+02 -3.168539999999999850e+02 2.675462499999999864e+02
8.249999999999999556e-01 -3.184970000000000141e+02 2.576205949999999802e+02 -3.184970000000000141e+02 2.690358049999999821e+02
8.499999999999999778e-01 -3.201610000000000014e+02 2.591870250000000055e+02 -3.201610000000000014e+02 2.705417750000000296e+02
8.750000000000000000e-01 -3.218430000000000177e+02 2.607697599999999625e+02 -3.218430000000000177e+02 2.720613399999999729e+02
9.000000000000000222e-01 -3.235409999999999968e+02 2.623678100000000200e+02 -3.235409999999999968e+02 2.735933899999999994e+02
9.250000000000000444e-01 -3.252540000000000191e+02 2.639781900000000405e+02 -3.252540000000000191e+02 2.751348100000000159e+02
9.499999999999999556e-01 -3.269780000000000086e+02 2.655989099999999894e+02 -3.269780000000000086e+02 2.766836900000000128e+02
9.749999999999999778e-01 -3.287110000000000127e+02 2.672269799999999691e+02 -3.287110000000000127e+02 2.782371200000000044e+02
1.000000000000000000e+00 -3.304510000000000218e+02 2.688624100000000112e+02 -3.304510000000000218e+02 2.797948900000000094e+02
1.024999999999999911e+00 -3.321960000000000264e+02 2.705001900000000319e+02 -3.321960000000000264e+02 2.813521099999999819e+02
1.050000000000000044e+00 -3.339440000000000168e+02 2.721403249999999616e+02 -3.339440000000000168e+02 2.829086750000000166e+02
1.074999999999999956e+00 -3.356909999999999741e+02 2.737768100000000118e+02 -3.356909999999999741e+02 2.844587900000000218e+02
1.100000000000000089e+00 -3.374370000000000118e+02 2.754156349999999520e+02 -3.374370000000000118e+02 2.860082649999999944e+02
1.125000000000000000e+00 -3.391779999999999973e+02 2.770487899999999968e+02 -3.391779999999999973e+02 2.875492099999999596e+02
1.149999999999999911e+00 -3.409130000000000109e+02 2.786742600000000039e+02 -3.409130000000000109e+02 2.890795399999999518e+02
1.175000000000000044e+00 -3.426399999999999864e+02 2.802930250000000001e+02 -3.426399999999999864e+02 2.906004749999999603e+02
1.199999999999999956e+00 -3.443559999999999945e+02 2.819000550000000089e+02 -3.443559999999999945e+02 2.921068450000000212e+02
1.225000000000000089e+00 -3.460590000000000259e+02 2.834953350000000114e+02 -3.460590000000000259e+02 2.935986650000000395e+02
1.250000000000000000e+00 -3.477470000000000141e+02 2.850778300000000058e+02 -3.477470000000000141e+02 2.950750700000000393e+02
1.274999999999999911e+00 -3.494189999999999827e+02 2.866425050000000283e+02 -3.494189999999999827e+02 2.965310949999999934e+02
1.300000000000000044e+00 -3.510720000000000027e+02 2.881903300000000172e+02 -3.510720000000000027e+02 2.979676699999999983e+02
1.324999999999999956e+00 -3.527049999999999841e+02 2.897192499999999882e+02 -3.527049999999999841e+02 2.993829499999999939e+02
1.350000000000000089e+00 -3.543159999999999741e+02 2.912272299999999632e+02 -3.543159999999999741e+02 3.007749699999999962e+02
1.375000000000000000e+00 -3.559030000000000200e+02 2.927122200000000021e+02 -3.559030000000000200e+02 3.021416800000000649e+02
1.399999999999999911e+00 -3.574639999999999986e+02 2.941741499999999974e+02 -3.574639999999999986e+02 3.034831500000000233e+02
1.425000000000000044e+00 -3.589990000000000236e+02 2.956100000000000136e+02 -3.589990000000000236e+02 3.047964999999999804e+02
1.449999999999999956e+00 -3.605049999999999955e+02 2.970197000000000003e+02 -3.605049999999999955e+02 3.060817000000000121e+02
1.475000000000000089e+00 -3.619809999999999945e+02 2.984011000000000422e+02 -3.619809999999999945e+02 3.073369999999999891e+02
1.500000000000000000e+00 -3.634259999999999877e+02 2.997533500000000117e+02 -3.634259999999999877e+02 3.085611499999999978e+02
1.524999999999999911e+00 -3.648380000000000223e+02 3.010781499999999937e+02 -3.648380000000000223e+02 3.097565500000000611e+02
1.550000000000000044e+00 -3.662160000000000082e+02 3.023695999999999913e+02 -3.662160000000000082e+02 3.109169999999999732e+02
1.574999999999999956e+00 -3.675600000000000023e+02 3.036285000000000309e+02 -3.675600000000000023e+02 3.120437000000000012e+02
1.600000000000000089e+00 -3.688679999999999950e+02 3.048538000000000352e+02 -3.688679999999999950e+02 3.131358000000000175e+02
1.625000000000000000e+00 -3.701390000000000100e+02 3.060454500000000166e+02 -3.701390000000000100e+02 3.141933499999999526e+02
1.649999999999999911e+00 -3.713740000000000236e+02 3.072023500000000240e+02 -3.713740000000000236e+02 3.152152499999999691e+02
1.675000000000000044e+00 -3.725699999999999932e+02 3.083243999999999687e+02 -3.725699999999999932e+02 3.162017999999999915e+02
1.699999999999999956e+00 -3.737269999999999754e+02 3.094094999999999800e+02 -3.737269999999999754e+02 3.171510999999999854e+02
1.725000000000000089e+00 -3.748460000000000036e+02 3.104585999999999899e+02 -3.748460000000000036e+02 3.180639999999999645e+02
1.750000000000000000e+00 -3.759250000000000114e+02 3.114726499999999874e+02 -3.759250000000000114e+02 3.189417500000000132e+02
1.774999999999999911e+00 -3.769639999999999986e+02 3.124484499999999798e+02 -3.769639999999999986e+02 3.197815499999999815e+02
1.800000000000000044e+00 -3.779630000000000223e+02 3.133879999999999768e+02 -3.779630000000000223e+02 3.205853000000000179e+02
1.824999999999999956e+00 -3.789220000000000255e+02 3.142901499999999828e+02 -3.789220000000000255e+02 3.213521499999999946e+02
1.850000000000000089e+00 -3.798410000000000082e+02 3.151547499999999786e+02 -3.798410000000000082e+02 3.220822499999999877e+02
1.875000000000000000e+00 -3.807210000000000036e+02 3.159818000000000211e+02 -3.807210000000000036e+02 3.227757000000000289e+02
1.899999999999999911e+00 -3.815609999999999786e+02 3.167732000000000312e+02 -3.815609999999999786e+02 3.234345000000000141e+02
1.925000000000000044e+00 -3.823609999999999900e+02 3.175267499999999927e+02 -3.823609999999999900e+02 3.240569499999999721e+02
1.949999999999999956e+00 -3.831229999999999905e+02 3.182443999999999846e+02 -3.831229999999999905e+02 3.246449999999999818e+02
1.975000000000000089e+00 -3.838460000000000036e+02 3.189250999999999863e+02 -3.838460000000000036e+02 3.251976999999999975e+02
2.000000000000000000e+00 -3.845319999999999823e+02 3.195716999999999643e+02 -3.845319999999999823e+02 3.257182999999999993e+02
2.024999999999999911e+00 -3.851809999999999832e+02 3.201820999999999913e+02 -3.851809999999999832e+02 3.262047999999999774e+02
2.049999999999999822e+00 -3.857930000000000064e+02 3.207592000000000212e+02 -3.857930000000000064e+02 3.266603000000000065e+02
2.075000000000000178e+00 -3.863700000000000045e+02 3.213018999999999892e+02 -3.863700000000000045e+02 3.270840000000000032e+02
2.100000000000000089e+00 -3.869130000000000109e+02 3.218121499999999742e+02 -3.869130000000000109e+02 3.274779500000000212e+02
2.125000000000000000e+00 -3.874220000000000255e+02 3.222907999999999902e+02 -3.874220000000000255e+02 3.278430999999999926e+02
2.149999999999999911e+00 -3.878999999999999773e+02 3.227388000000000261e+02 -3.878999999999999773e+02 3.281807000000000016e+02
2.174999999999999822e+00 -3.883460000000000036e+02 3.231560499999999934e+02 -3.883460000000000036e+02 3.284908500000000231e+02
2.200000000000000178e+00 -3.887629999999999768e+02 3.235453999999999724e+02 -3.887629999999999768e+02 3.287766000000000304e+02
2.225000000000000089e+00 -3.891519999999999868e+02 3.239069000000000074e+02 -3.891519999999999868e+02 3.290379000000000360e+02
2.250000000000000000e+00 -3.895140000000000100e+02 3.242413500000000113e+02 -3.895140000000000100e+02 3.292760499999999979e+02
2.274999999999999911e+00 -3.898500000000000227e+02 3.245517000000000394e+02 -3.898500000000000227e+02 3.294939999999999714e+02
2.299999999999999822e+00 -3.901630000000000109e+02 3.248379000000000474e+02 -3.901630000000000109e+02 3.296918999999999755e+02
2.325000000000000178e+00 -3.904540000000000077e+02 3.251018500000000131e+02 -3.904540000000000077e+02 3.298717499999999632e+02
2.350000000000000089e+00 -3.907239999999999895e+02 3.253415499999999838e+02 -3.907239999999999895e+02 3.300316499999999564e+02
2.375000000000000000e+00 -3.909750000000000227e+02 3.255648499999999785e+02 -3.909750000000000227e+02 3.301796500000000378e+02
2.399999999999999911e+00 -3.912090000000000032e+02 3.257707499999999641e+02 -3.912090000000000032e+02 3.303148499999999785e+02
2.424999999999999822e+00 -3.914279999999999973e+02 3.259592499999999973e+02 -3.914279999999999973e+02 3.304371499999999742e+02
2.450000000000000178e+00 -3.916329999999999814e+02 3.261331500000000005e+02 -3.916329999999999814e+02 3.305498499999999353e+02
2.475000000000000089e+00 -3.918269999999999982e+02 3.262936000000000263e+02 -3.918269999999999982e+02 3.306537999999999897e+02
2.500000000000000000e+00 -3.920099999999999909e+02 3.264413999999999874e+02 -3.920099999999999909e+02 3.307500999999999749e+02
2.524999999999999911e+00 -3.921850000000000023e+02 3.265796000000000276e+02 -3.921850000000000023e+02 3.308417000000000030e+02
2.549999999999999822e+00 -3.923539999999999850e+02 3.267092000000000098e+02 -3.923539999999999850e+02 3.309297000000000253e+02
2.575000000000000178e+00 -3.925179999999999723e+02 3.268321500000000128e+02 -3.925179999999999723e+02 3.310161499999999819e+02
2.600000000000000089e+00 -3.926789999999999736e+02 3.269494000000000256e+02 -3.926789999999999736e+02 3.311019999999999754e+02
2.625000000000000000e+00 -3.928380000000000223e+02 3.270620499999999993e+02 -3.928380000000000223e+02 3.311882499999999823e+02
2.649999999999999911e+00 -3.929990000000000236e+02 3.271730000000000018e+02 -3.929990000000000236e+02 3.312779000000000451e+02
2.674999999999999822e+00 -3.931610000000000014e+02 3.272823000000000206e+02 -3.931610000000000014e+02 3.313710000000000377e+02
2.700000000000000178e+00 -3.933269999999999982e+02 3.273929999999999723e+02 -3.933269999999999982e+02 3.314705000000000155e+02
2.725000000000000089e+00 -3.934979999999999905e+02 3.275050500000000397e+02 -3.934979999999999905e+02 3.315763499999999908e+02
2.750000000000000000e+00 -3.936759999999999877e+02 3.276205499999999802e+02 -3.936759999999999877e+02 3.316905499999999734e+02
2.774999999999999911e+00 -3.938629999999999995e+02 3.277404500000000098e+02 -3.938629999999999995e+02 3.318140499999999520e+02
2.799999999999999822e+00 -3.940590000000000259e+02 3.278669000000000437e+02 -3.940590000000000259e+02 3.319488000000000056e+02
2.825000000000000178e+00 -3.942649999999999864e+02 3.280008499999999572e+02 -3.942649999999999864e+02 3.320957500000000095e+02
2.850000000000000089e+00 -3.944850000000000136e+02 3.281424499999999966e+02 -3.944850000000000136e+02 3.322549500000000080e+02
2.875000000000000000e+00 -3.947169999999999845e+02 3.282936500000000137e+02 -3.947169999999999845e+02 3.324281500000000165e+02
2.899999999999999911e+00 -3.949639999999999986e+02 3.284566000000000372e+02 -3.949639999999999986e+02 3.326175000000000068e+02
2.924999999999999822e+00 -3.952259999999999991e+02 3.286293499999999881e+02 -3.952259999999999991e+02 3.328207499999999754e+02
2.950000000000000178e+00 -3.955040000000000191e+02 3.288159999999999741e+02 -3.955040000000000191e+02 3.330417999999999665e+02
2.975000000000000089e+00 -3.957980000000000018e+02 3.290145500000000425e+02 -3.957980000000000018e+02 3.332787500000000023e+02
3.000000000000000000e+00 -3.961109999999999900e+02 3.292291500000000042e+02 -3.961109999999999900e+02 3.335354499999999689e+02
3.024999999999999911e+00 -3.964409999999999741e+02 3.294558500000000549e+02 -3.964409999999999741e+02 3.338077499999999986e+02
3.049999999999999822e+00 -3.967889999999999873e+02 3.296978500000000167e+02 -3.967889999999999873e+02 3.340985499999999888e+02
3.075000000000000178e+00 -3.971560000000000059e+02 3.299551000000000158e+02 -3.971560000000000059e+02 3.344078000000000088e+02
3.100000000000000089e+00 -3.975419999999999732e+02 3.302279499999999643e+02 -3.975419999999999732e+02 3.347352500000000077e+02
3.125000000000000000e+00 -3.979460000000000264e+02 3.305162000000000262e+02 -3.979460000000000264e+02 3.350810999999999922e+02
3.149999999999999911e+00 -3.983690000000000282e+02 3.308191499999999792e+02 -3.983690000000000282e+02 3.354438499999999976e+02
3.174999999999999822e+00 -3.988100000000000023e+02 3.311388499999999908e+02 -3.988100000000000023e+02 3.358257499999999709e+02
3.200000000000000178e+00 -3.992690000000000055e+02 3.314734000000000265e+02 -3.992690000000000055e+02 3.362245000000000346e+02
3.225000000000000089e+00 -3.997459999999999809e+02 3.318230000000000359e+02 -3.997459999999999809e+02 3.366399000000000115e+02
3.250000000000000000e+00 -4.002389999999999759e+02 3.321877500000000509e+02 -4.002389999999999759e+02 3.370718499999999835e+02
3.274999999999999911e+00 -4.007479999999999905e+02 3.325667000000000257e+02 -4.007479999999999905e+02 3.375194999999999936e+02
3.299999999999999822e+00 -4.012719999999999914e+02 3.329590499999999906e+02 -4.012719999999999914e+02 3.379813499999999635e+02
3.325000000000000178e+00 -4.018100000000000023e+02 3.333639499999999884e+02 -4.018100000000000023e+02 3.384564500000000180e+02
3.350000000000000089e+00 -4.023600000000000136e+02 3.337813999999999623e+02 -4.023600000000000136e+02 3.389447000000000116e+02
3.375000000000000000e+00 -4.029220000000000255e+02 3.342096500000000106e+02 -4.029220000000000255e+02 3.394438499999999976e+02
3.399999999999999911e+00 -4.034929999999999950e+02 3.346468000000000416e+02 -4.034929999999999950e+02 3.399519000000000233e+02
3.424999999999999822e+00 -4.040729999999999791e+02 3.350939000000000192e+02 -4.040729999999999791e+02 3.404696999999999889e+02
3.450000000000000178e+00 -4.046600000000000250e+02 3.355481500000000210e+02 -4.046600000000000250e+02 3.409941499999999905e+02
3.475000000000000089e+00 -4.052509999999999764e+02 3.360076500000000124e+02 -4.052509999999999764e+02 3.415229499999999803e+02
3.500000000000000000e+00 -4.058450000000000273e+02 3.364724999999999682e+02 -4.058450000000000273e+02 3.420561999999999898e+02
3.524999999999999911e+00 -4.064399999999999977e+02 3.369408500000000117e+02 -4.064399999999999977e+02 3.425916500000000156e+02
3.549999999999999822e+00 -4.070330000000000155e+02 3.374107999999999947e+02 -4.070330000000000155e+02 3.431272000000000162e+02
3.575000000000000178e+00 -4.076229999999999905e+02 3.378804499999999962e+02 -4.076229999999999905e+02 3.436608499999999822e+02
3.600000000000000089e+00 -4.082069999999999936e+02 3.383468500000000176e+02 -4.082069999999999936e+02 3.441893499999999904e+02
3.625000000000000000e+00 -4.087819999999999823e+02 3.388102499999999964e+02 -4.087819999999999823e+02 3.447126499999999965e+02
3.649999999999999911e+00 -4.093469999999999800e+02 3.392676500000000033e+02 -4.093469999999999800e+02 3.452275499999999511e+02
3.674999999999999822e+00 -4.098980000000000246e+02 3.397162000000000148e+02 -4.098980000000000246e+02 3.457311000000000263e+02
3.700000000000000178e+00 -4.104329999999999927e+02 3.401549499999999853e+02 -4.104329999999999927e+02 3.462221499999999992e+02
3.725000000000000089e+00 -4.109490000000000123e+02 3.405819999999999936e+02 -4.109490000000000123e+02 3.466984999999999673e+02
3.750000000000000000e+00 -4.114429999999999836e+02 3.409934499999999957e+02 -4.114429999999999836e+02 3.471562500000000000e+02
3.774999999999999911e+00 -4.119130000000000109e+02 3.413893499999999790e+02 -4.119130000000000109e+02 3.475952500000000214e+02
3.799999999999999822e+00 -4.123550000000000182e+02 3.417657999999999561e+02 -4.123550000000000182e+02 3.480113000000000056e+02
3.825000000000000178e+00 -4.127679999999999723e+02 3.421197999999999979e+02 -4.127679999999999723e+02 3.484016000000000304e+02
3.850000000000000089e+00 -4.131460000000000150e+02 3.424504999999999768e+02 -4.131460000000000150e+02 3.487647999999999797e+02
3.875000000000000000e+00 -4.134889999999999759e+02 3.427559499999999844e+02 -4.134889999999999759e+02 3.490990500000000338e+02
3.899999999999999911e+00 -4.137930000000000064e+02 3.430321500000000015e+02 -4.137930000000000064e+02 3.494001500000000533e+02
3.924999999999999822e+00 -4.140550000000000068e+02 3.432771500000000060e+02 -4.140550000000000068e+02 3.496661500000000160e+02
3.950000000000000178e+00 -4.142710000000000150e+02 3.434889999999999759e+02 -4.142710000000000150e+02 3.498949999999999818e+02
3.975000000000000089e+00 -4.144399999999999977e+02 3.436647500000000264e+02 -4.144399999999999977e+02 3.500836499999999774e+02
4.000000000000000000e+00 -4.145579999999999927e+02 3.438024500000000216e+02 -4.145579999999999927e+02 3.502300500000000056e+02
4.025000000000000355e+00 -4.146209999999999809e+02 3.439000499999999647e+02 -4.146209999999999809e+02 3.503322499999999877e+02
4.049999999999999822e+00 -4.146290000000000191e+02 3.439535999999999945e+02 -4.146290000000000191e+02 3.503861000000000558e+02
4.075000000000000178e+00 -4.145760000000000218e+02 3.439621499999999514e+02 -4.145760000000000218e+02 3.503906499999999937e+02
4.099999999999999645e+00 -4.144619999999999891e+02 3.439236000000000217e+02 -4.144619999999999891e+02 3.503439999999999941e+02
4.125000000000000000e+00 -4.142819999999999823e+02 3.438340499999999906e+02 -4.142819999999999823e+02 3.502420499999999493e+02
4.150000000000000355e+00 -4.140350000000000250e+02 3.436924999999999955e+02 -4.140350000000000250e+02 3.500837999999999965e+02
4.174999999999999822e+00 -4.137180000000000177e+02 3.434958499999999617e+02 -4.137180000000000177e+02 3.498663500000000113e+02
4.200000000000000178e+00 -4.133279999999999745e+02 3.432430999999999699e+02 -4.133279999999999745e+02 3.495885999999999854e+02
4.224999999999999645e+00 -4.128629999999999995e+02 3.429312499999999773e+02 -4.128629999999999995e+02 3.492477499999999964e+02
4.250000000000000000e+00 -4.123199999999999932e+02 3.425582500000000437e+02 -4.123199999999999932e+02 3.488416500000000156e+02
4.275000000000000355e+00 -4.116979999999999791e+02 3.421220999999999890e+02 -4.116979999999999791e+02 3.483684000000000083e+02
4.299999999999999822e+00 -4.109929999999999950e+02 3.416207500000000437e+02 -4.109929999999999950e+02 3.478260500000000093e+02
4.325000000000000178e+00 -4.102060000000000173e+02 3.410531500000000165e+02 -4.102060000000000173e+02 3.472136499999999728e+02
4.349999999999999645e+00 -4.093319999999999936e+02 3.404162000000000035e+02 -4.093319999999999936e+02 3.465282000000000266e+02
4.375000000000000000e+00 -4.083740000000000236e+02 3.397089000000000283e+02 -4.083740000000000236e+02 3.457689000000000306e+02
4.400000000000000355e+00 -4.073229999999999791e+02 3.389291500000000497e+02 -4.073229999999999791e+02 3.449337499999999750e+02
4.424999999999999822e+00 -4.061820000000000164e+02 3.380758999999999901e+02 -4.061820000000000164e+02 3.440217999999999847e+02
4.450000000000000178e+00 -4.049490000000000123e+02 3.371481500000000437e+02 -4.049490000000000123e+02 3.430319499999999948e+02
4.474999999999999645e+00 -4.036220000000000141e+02 3.361426999999999907e+02 -4.036220000000000141e+02 3.419616000000000327e+02
4.500000000000000000e+00 -4.022010000000000218e+02 3.350595500000000015e+02 -4.022010000000000218e+02 3.408106499999999528e+02
4.525000000000000355e+00 -4.006840000000000259e+02 3.338976000000000113e+02 -4.006840000000000259e+02 3.395782000000000380e+02
4.549999999999999822e+00 -3.990699999999999932e+02 3.326557999999999993e+02 -3.990699999999999932e+02 3.382633999999999901e+02
4.575000000000000178e+00 -3.973600000000000136e+02 3.313319999999999936e+02 -3.973600000000000136e+02 3.368641999999999825e+02
4.599999999999999645e+00 -3.955520000000000209e+02 3.299261500000000069e+02 -3.955520000000000209e+02 3.353808500000000663e+02
4.625000000000000000e+00 -3.936460000000000150e+02 3.284382000000000517e+02 -3.936460000000000150e+02 3.338133000000000266e+02
4.650000000000000355e+00 -3.916419999999999959e+02 3.268659499999999980e+02 -3.916419999999999959e+02 3.321597499999999741e+02
4.674999999999999822e+00 -3.895389999999999873e+02 3.252103500000000054e+02 -3.895389999999999873e+02 3.304213500000000181e+02
4.700000000000000178e+00 -3.873369999999999891e+02 3.234693500000000199e+02 -3.873369999999999891e+02 3.285960500000000479e+02
4.724999999999999645e+00 -3.850339999999999918e+02 3.216437999999999988e+02 -3.850339999999999918e+02 3.266850999999999772e+02
4.750000000000000000e+00 -3.826410000000000196e+02 3.197335999999999672e+02 -3.826410000000000196e+02 3.246886000000000081e+02
4.775000000000000355e+00 -3.801460000000000150e+02 3.177386500000000069e+02 -3.801460000000000150e+02 3.226065500000000270e+02
4.799999999999999822e+00 -3.775539999999999736e+02 3.156588499999999726e+02 -3.775539999999999736e+02 3.204391499999999837e+02
4.825000000000000178e+00 -3.748670000000000186e+02 3.134931000000000267e+02 -3.748670000000000186e+02 3.181853999999999587e+02
4.849999999999999645e+00 -3.720840000000000032e+02 3.112443000000000097e+02 -3.720840000000000032e+02 3.158485000000000014e+02
4.875000000000000000e+00 -3.692069999999999936e+02 3.089103000000000065e+02 -3.692069999999999936e+02 3.134267000000000394e+02
4.900000000000000355e+00 -3.662389999999999759e+02 3.064940499999999588e+02 -3.662389999999999759e+02 3.109228499999999826e+02
4.924999999999999822e+00 -3.631779999999999973e+02 3.039943999999999846e+02 -3.631779999999999973e+02 3.083361999999999625e+02
4.950000000000000178e+00 -3.600280000000000200e+02 3.014132999999999925e+02 -3.600280000000000200e+02 3.056689000000000078e+02
4.974999999999999645e+00 -3.567909999999999968e+02 2.987506000000000199e+02 -3.567909999999999968e+02 3.029209000000000174e+02
5.000000000000000000e+00 -3.534660000000000082e+02 2.960092000000000212e+02 -3.534660000000000082e+02 3.000955000000000155e+02
5.025000000000000355e+00 -3.500579999999999927e+02 2.931890000000000214e+02 -3.500579999999999927e+02 2.971928000000000338e+02
5.049999999999999822e+00 -3.465670000000000073e+02 2.902908999999999651e+02 -3.465670000000000073e+02 2.942137000000000171e+02
5.075000000000000178e+00 -3.429959999999999809e+02 2.873188000000000102e+02 -3.429959999999999809e+02 2.911625000000000227e+02
5.099999999999999645e+00 -3.393480000000000132e+02 2.842716499999999655e+02 -3.393480000000000132e+02 2.880382500000000050e+02
5.125000000000000000e+00 -3.356240000000000236e+02 2.811523000000000252e+02 -3.356240000000000236e+02 2.848441000000000258e+02
5.150000000000000355e+00 -3.318269999999999982e+02 2.779636999999999603e+02 -3.318269999999999982e+02 2.815830000000000268e+02
5.174999999999999822e+00 -3.279590000000000032e+02 2.747057500000000232e+02 -3.279590000000000032e+02 2.782551500000000146e+02
5.200000000000000178e+00 -3.240240000000000009e+02 2.713823000000000434e+02 -3.240240000000000009e+02 2.748646999999999707e+02
5.224999999999999645e+00 -3.200249999999999773e+02 2.679943499999999972e+02 -3.200249999999999773e+02 2.714126499999999851e+02
5.250000000000000000e+00 -3.159630000000000223e+02 2.645458500000000299e+02 -3.159630000000000223e+02 2.679031500000000392e+02
5.275000000000000355e+00 -3.118430000000000177e+02 2.610375999999999976e+02 -3.118430000000000177e+02 2.643371999999999957e+02
5.299999999999999822e+00 -3.076669999999999732e+02 2.574726499999999874e+02 -3.076669999999999732e+02 2.607179499999999734e+02
5.325000000000000178e+00 -3.034379999999999882e+02 2.538548499999999990e+02 -3.034379999999999882e+02 2.570494499999999789e+02
5.349999999999999645e+00 -2.991600000000000250e+02 2.501851999999999805e+02 -2.991600000000000250e+02 2.533326999999999884e+02
5.375000000000000000e+00 -2.948349999999999795e+02 2.464675999999999760e+02 -2.948349999999999795e+02 2.495718999999999994e+02
5.400000000000000355e+00 -2.904669999999999845e+02 2.427040000000000077e+02 -2.904669999999999845e+02 2.457691000000000088e+02
5.424999999999999822e+00 -2.860600000000000023e+02 2.388993499999999983e+02 -2.860600000000000023e+02 2.419293500000000279e+02
5.450000000000000178e+00 -2.816170000000000186e+02 2.350546500000000094e+02 -2.816170000000000186e+02 2.380535500000000013e+02
5.474999999999999645e+00 -2.771399999999999864e+02 2.311748500000000206e+02 -2.771399999999999864e+02 2.341468500000000006e+02
5.500000000000000000e+00 -2.726340000000000146e+02 2.272618500000000097e+02 -2.726340000000000146e+02 2.302114500000000135e+02
5.525000000000000355e+00 -2.681030000000000086e+02 2.233196999999999832e+02 -2.681030000000000086e+02 2.262511000000000081e+02
5.549999999999999822e+00 -2.635480000000000018e+02 2.193513000000000090e+02 -2.635480000000000018e+02 2.222691000000000088e+02
5.575000000000000178e+00 -2.589750000000000227e+02 2.153597000000000037e+02 -2.589750000000000227e+02 2.182682000000000073e+02
5.599999999999999645e+00 -2.543859999999999957e+02 2.113488499999999988e+02 -2.543859999999999957e+02 2.142527499999999918e+02
5.625000000000000000e+00 -2.497849999999999966e+02 2.073217999999999961e+02 -2.497849999999999966e+02 2.102253999999999792e+02
5.650000000000000355e+00 -2.451750000000000114e+02 2.032824499999999830e+02 -2.451750000000000114e+02 2.061904499999999985e+02
5.674999999999999822e+00 -2.405600000000000023e+02 1.992338500000000181e+02 -2.405600000000000023e+02 2.021508500000000197e+02
5.700000000000000178e+00 -2.359439999999999884e+02 1.951790499999999895e+02 -2.359439999999999884e+02 1.981094499999999812e+02
5.724999999999999645e+00 -2.313280000000000030e+02 1.911219999999999857e+02 -2.313280000000000030e+02 1.940705000000000098e+02
5.750000000000000000e+00 -2.267179999999999893e+02 1.870657000000000210e+02 -2.267179999999999893e+02 1.900367999999999995e+02
5.775000000000000355e+00 -2.221150000000000091e+02 1.830142999999999915e+02 -2.221150000000000091e+02 1.860123000000000104e+02
5.799999999999999822e+00 -2.175250000000000057e+02 1.789697000000000173e+02 -2.175250000000000057e+02 1.819990999999999985e+02
5.825000000000000178e+00 -2.129480000000000075e+02 1.749369499999999960e+02 -2.129480000000000075e+02 1.780021500000000287e+02
5.849999999999999645e+00 -2.083890000000000100e+02 1.709181499999999971e+02 -2.083890000000000100e+02 1.740233499999999651e+02
5.875000000000000000e+00 -2.038509999999999991e+02 1.669163000000000068e+02 -2.038509999999999991e+02 1.700656999999999925e+02
5.900000000000000355e+00 -1.993369999999999891e+02 1.629354499999999746e+02 -1.993369999999999891e+02 1.661332500000000039e+02
5.924999999999999822e+00 -1.948489999999999895e+02 1.589776200000000017e+02 -1.948489999999999895e+02 1.622278799999999990e+02
5.950000000000000178e+00 -1.903899999999999864e+02 1.550469200000000001e+02 -1.903899999999999864e+02 1.583534799999999905e+02
5.974999999999999645e+00 -1.859639999999999986e+02 1.511453850000000045e+02 -1.859639999999999986e+02 1.545121150000000227e+02
6.000000000000000000e+00 -1.815720000000000027e+02 1.472760799999999790e+02 -1.815720000000000027e+02 1.507066200000000151e+02
6.025000000000000355e+00 -1.772179999999999893e+02 1.434410650000000089e+02 -1.772179999999999893e+02 1.469390349999999899e+02
6.049999999999999822e+00 -1.729039999999999964e+02 1.396444200000000251e+02 -1.729039999999999964e+02 1.432132799999999975e+02
6.075000000000000178e+00 -1.686310000000000002e+02 1.358872100000000103e+02 -1.686310000000000002e+02 1.395301900000000046e+02
6.099999999999999645e+00 -1.644039999999999964e+02 1.321725099999999884e+02 -1.644039999999999964e+02 1.358927899999999909e+02
6.125000000000000000e+00 -1.602220000000000084e+02 1.285023950000000070e+02 -1.602220000000000084e+02 1.323030050000000131e+02
6.150000000000000355e+00 -1.560900000000000034e+02 1.248789500000000032e+02 -1.560900000000000034e+02 1.287627499999999827e+02
6.174999999999999822e+00 -1.520080000000000098e+02 1.213052550000000025e+02 -1.520080000000000098e+02 1.252749450000000024e+02
6.200000000000000178e+00 -1.479790000000000134e+02 1.177813950000000034e+02 -1.479790000000000134e+02 1.218394049999999993e+02
6.224999999999999645e+00 -1.440020000000000095e+02 1.143114550000000094e+02 -1.440020000000000095e+02 1.184602450000000005e+02
6.250000000000000000e+00 -1.400850000000000080e+02 1.108945350000000047e+02 -1.400850000000000080e+02 1.151362649999999945e+02
6.275000000000000355e+00 -1.362239999999999895e+02 1.075336900000000071e+02 -1.362239999999999895e+02 1.118703100000000035e+02
6.299999999999999822e+00 -1.324209999999999923e+02 1.042310250000000025e+02 -1.324209999999999923e+02 1.086644749999999959e+02
6.325000000000000178e+00 -1.286790000000000020e+02 1.009860299999999995e+02 -1.286790000000000020e+02 1.055179699999999912e+02
6.349999999999999645e+00 -1.249980000000000047e+02 9.780109000000000208e+01 -1.249980000000000047e+02 1.024331099999999992e+02
6.375000000000000000e+00 -1.213790000000000049e+02 9.467700000000000671e+01 -1.213790000000000049e+02 9.941030000000000655e+01
6.400000000000000355e+00 -1.178239999999999981e+02 9.161473999999999762e+01 -1.178239999999999981e+02 9.645055999999999585e+01
6.424999999999999822e+00 -1.143329999999999984e+02 8.861500500000001068e+01 -1.143329999999999984e+02 9.355429499999999621e+01
6.450000000000000178e+00 -1.109069999999999965e+02 8.567857500000000925e+01 -1.109069999999999965e+02 9.072212500000000546e+01
6.474999999999999645e+00 -1.075469999999999970e+02 8.280604000000001008e+01 -1.075469999999999970e+02 8.795445999999999742e+01
6.500000000000000000e+00 -1.042540000000000049e+02 7.999778500000000747e+01 -1.042540000000000049e+02 8.525161500000000103e+01
6.525000000000000355e+00 -1.010270000000000010e+02 7.725418999999999414e+01 -1.010270000000000010e+02 8.261370999999999754e+01
6.549999999999999822e+00 -9.786750000000000682e+01 7.457544499999998777e+01 -9.786750000000000682e+01 8.004085499999999342e+01
6.575000000000000178e+00 -9.477530000000000143e+01 7.196171999999999969e+01 -9.477530000000000143e+01 7.753297999999999490e+01
6.599999999999999645e+00 -9.175079999999999814e+01 6.941299499999999512e+01 -9.175079999999999814e+01 7.509000499999999079e+01
6.625000000000000000e+00 -8.879389999999999361e+01 6.692924999999999613e+01 -8.879389999999999361e+01 7.271155000000000257e+01
6.650000000000000355e+00 -8.590470000000000539e+01 6.451035500000000411e+01 -8.590470000000000539e+01 7.039764499999999714e+01
6.674999999999999822e+00 -8.308320000000000505e+01 6.215628000000000242e+01 -8.308320000000000505e+01 6.814781999999999584e+01
6.700000000000000178e+00 -8.032899999999999352e+01 5.986599499999999807e+01 -8.032899999999999352e+01 6.596120500000000675e+01
6.724999999999999645e+00 -7.764209999999999923e+01 5.763946500000000128e+01 -7.764209999999999923e+01 6.383733499999999594e+01
6.750000000000000000e+00 -7.502200000000000557e+01 5.547615500000000566e+01 -7.502200000000000557e+01 6.177574500000000057e+01
6.775000000000000355e+00 -7.246829999999999927e+01 5.337552500000000322e+01 -7.246829999999999927e+01 5.977577500000000299e+01
6.799999999999999822e+00 -6.998059999999999548e+01 5.133682999999999907e+01 -6.998059999999999548e+01 5.783646999999999139e+01
6.825000000000000178e+00 -6.755840000000000600e+01 4.935942500000000166e+01 -6.755840000000000600e+01 5.595717499999999944e+01
6.849999999999999645e+00 -6.520099999999999341e+01 4.744256000000000029e+01 -6.520099999999999341e+01 5.413693999999999562e+01
6.875000000000000000e+00 -6.290780000000000172e+01 4.558528499999999894e+01 -6.290780000000000172e+01 5.237471499999999480e+01
6.900000000000000355e+00 -6.067810000000000059e+01 4.378673999999999467e+01 -6.067810000000000059e+01 5.066966000000000037e+01
6.924999999999999822e+00 -5.851109999999999900e+01 4.204597499999999854e+01 -5.851109999999999900e+01 4.902072499999999877e+01
6.950000000000000178e+00 -5.640590000000000259e+01 4.036212000000000444e+01 -5.640590000000000259e+01 4.742687999999999704e+01
6.974999999999999645e+00 -5.436189999999999856e+01 3.873401499999999942e+01 -5.436189999999999856e+01 4.588688500000000658e+01
7.000000000000000000e+00 -5.237800000000000011e+01 3.716059500000000071e+01 -5.237800000000000011e+01 4.439970499999999731e+01
7.025000000000000355e+00 -5.045329999999999870e+01 3.564088499999999726e+01 -5.045329999999999870e+01 4.296421500000000293e+01
7.049999999999999822e+00 -4.858679999999999666e+01 3.417370999999999981e+01 -4.858679999999999666e+01 4.157929000000000030e+01
7.075000000000000178e+00 -4.677759999999999962e+01 3.275789499999999776e+01 -4.677759999999999962e+01 4.024360500000000229e+01
7.099999999999999645e+00 -4.502459999999999951e+01 3.139236500000000163e+01 -4.502459999999999951e+01 3.895613500000000329e+01
7.125000000000000000e+00 -4.332670000000000243e+01 3.007582999999999984e+01 -4.332670000000000243e+01 3.771546999999999628e+01
7.150000000000000355e+00 -4.168289999999999651e+01 2.880721000000000132e+01 -4.168289999999999651e+01 3.652048999999999523e+01
7.174999999999999822e+00 -4.009210000000000207e+01 2.758521499999999804e+01 -4.009210000000000207e+01 3.536998499999999979e+01
7.200000000000000178e+00 -3.855319999999999681e+01 2.640875499999999931e+01 -3.855319999999999681e+01 3.426274500000000245e+01
7.224999999999999645e+00 -3.706499999999999773e+01 2.527643499999999932e+01 -3.706499999999999773e+01 3.319746500000000111e+01
7.250000000000000000e+00 -3.562639999999999674e+01 2.418716500000000025e+01 -3.562639999999999674e+01 3.217293499999999540e+01
7.275000000000000355e+00 -3.423629999999999995e+01 2.313973999999999975e+01 -3.423629999999999995e+01 3.118806000000000012e+01
7.299999999999999822e+00 -3.289350000000000307e+01 2.213296499999999867e+01 -3.289350000000000307e+01 3.024143500000000273e+01
7.325000000000000178e+00 -3.159680000000000177e+01 2.116553500000000199e+01 -3.159680000000000177e+01 2.933196500000000029e+01
7.349999999999999645e+00 -3.034519999999999840e+01 2.023634500000000003e+01 -3.034519999999999840e+01 2.845855499999999694e+01
7.375000000000000000e+00 -2.913739999999999952e+01 1.934418999999999755e+01 -2.913739999999999952e+01 2.761981000000000108e+01
7.400000000000000355e+00 -2.797230000000000061e+01 1.848786499999999933e+01 -2.797230000000000061e+01 2.681473499999999888e+01
7.424999999999999822e+00 -2.684880000000000067e+01 1.766635499999999936e+01 -2.684880000000000067e+01 2.604234499999999741e+01
7.450000000000000178e+00 -2.576569999999999894e+01 1.687835000000000107e+01 -2.576569999999999894e+01 2.530114999999999981e+01
7.474999999999999645e+00 -2.472180000000000177e+01 1.612284000000000006e+01 -2.472180000000000177e+01 2.459036000000000044e+01
7.500000000000000000e+00 -2.371620000000000061e+01 1.539871000000000123e+01 -2.371620000000000061e+01 2.390878999999999976e+01
7.525000000000000355e+00 -2.274759999999999849e+01 1.470484500000000061e+01 -2.274759999999999849e+01 2.325535500000000155e+01
7.549999999999999822e+00 -2.181500000000000128e+01 1.404002499999999998e+01 -2.181500000000000128e+01 2.262897500000000406e+01
7.575000000000000178e+00 -2.091720000000000113e+01 1.340353499999999976e+01 -2.091720000000000113e+01 2.202876499999999993e+01
7.599999999999999645e+00 -2.005330000000000013e+01 1.279415499999999994e+01 -2.005330000000000013e+01 2.145374499999999784e+01
7.625000000000000000e+00 -1.922210000000000107e+01 1.221096499999999985e+01 -1.922210000000000107e+01 2.090293499999999938e+01
7.650000000000000355e+00 -1.842269999999999897e+01 1.165294000000000096e+01 -1.842269999999999897e+01 2.037536000000000058e+01
7.674999999999999822e+00 -1.765399999999999991e+01 1.111907500000000049e+01 -1.765399999999999991e+01 1.987002499999999827e+01
7.700000000000000178e+00 -1.691509999999999891e+01 1.060860499999999895e+01 -1.691509999999999891e+01 1.938633500000000254e+01
7.724999999999999645e+00 -1.620479999999999876e+01 1.012049000000000021e+01 -1.620479999999999876e+01 1.892308999999999841e+01
7.750000000000000000e+00 -1.552239999999999931e+01 9.653904999999999959e+00 -1.552239999999999931e+01 1.847959499999999977e+01
7.775000000000000355e+00 -1.486679999999999957e+01 9.207995000000000374e+00 -1.486679999999999957e+01 1.805516499999999880e+01
7.799999999999999822e+00 -1.423719999999999963e+01 8.781924999999999315e+00 -1.423719999999999963e+01 1.764879499999999979e+01
7.825000000000000178e+00 -1.363260000000000005e+01 8.374890000000000612e+00 -1.363260000000000005e+01 1.725993000000000066e+01
7.849999999999999645e+00 -1.305209999999999937e+01 7.986134999999999984e+00 -1.305209999999999937e+01 1.688776500000000169e+01
7.875000000000000000e+00 -1.249499999999999922e+01 7.614900000000000446e+00 -1.249499999999999922e+01 1.653148000000000195e+01
7.900000000000000355e+00 -1.196039999999999992e+01 7.260444999999999816e+00 -1.196039999999999992e+01 1.619059499999999829e+01
7.924999999999999822e+00 -1.144740000000000002e+01 6.922074999999999534e+00 -1.144740000000000002e+01 1.586426499999999962e+01
7.950000000000000178e+00 -1.095529999999999937e+01 6.599119999999999209e+00 -1.095529999999999937e+01 1.555198999999999998e+01
7.974999999999999645e+00 -1.048339999999999961e+01 6.290911499999999990e+00 -1.048339999999999961e+01 1.525308850000000049e+01
8.000000000000000000e+00 -1.003079999999999927e+01 5.996833000000000524e+00 -1.003079999999999927e+01 1.496701700000000024e+01
8.025000000000000355e+00 -9.596869999999999123e+00 5.716252499999999515e+00 -9.596869999999999123e+00 1.469317750000000089e+01
8.050000000000000711e+00 -9.180910000000000792e+00 5.448597999999999608e+00 -9.180910000000000792e+00 1.443104200000000148e+01
8.074999999999999289e+00 -8.782220000000000582e+00 5.193307500000000410e+00 -8.782220000000000582e+00 1.418008250000000103e+01
8.099999999999999645e+00 -8.400150000000000006e+00 4.949819000000000635e+00 -8.400150000000000006e+00 1.393979099999999960e+01
8.125000000000000000e+00 -8.034050000000000580e+00 4.717630500000000282e+00 -8.034050000000000580e+00 1.370969949999999926e+01
8.150000000000000355e+00 -7.683320000000000149e+00 4.496230999999999867e+00 -7.683320000000000149e+00 1.348933899999999930e+01
8.175000000000000711e+00 -7.347339999999999982e+00 4.285129999999999661e+00 -7.347339999999999982e+00 1.327826000000000128e+01
8.199999999999999289e+00 -7.025549999999999962e+00 4.083877000000000201e+00 -7.025549999999999962e+00 1.307606299999999955e+01
8.224999999999999645e+00 -6.717380000000000351e+00 3.892021999999999871e+00 -6.717380000000000351e+00 1.288231799999999971e+01
8.250000000000000000e+00 -6.422290000000000276e+00 3.709135999999999989e+00 -6.422290000000000276e+00 1.269663399999999953e+01
8.275000000000000355e+00 -6.139759999999999884e+00 3.534819499999999781e+00 -6.139759999999999884e+00 1.251866050000000108e+01
8.300000000000000711e+00 -5.869290000000000340e+00 3.368674500000000016e+00 -5.869290000000000340e+00 1.234802550000000032e+01
8.324999999999999289e+00 -5.610400000000000276e+00 3.210322500000000190e+00 -5.610400000000000276e+00 1.218438749999999970e+01
8.349999999999999645e+00 -5.362599999999999589e+00 3.059406500000000140e+00 -5.362599999999999589e+00 1.202743349999999900e+01
8.375000000000000000e+00 -5.125460000000000349e+00 2.915579000000000143e+00 -5.125460000000000349e+00 1.187683099999999925e+01
8.400000000000000355e+00 -4.898539999999999672e+00 2.778533499999999989e+00 -4.898539999999999672e+00 1.173231649999999959e+01
8.425000000000000711e+00 -4.681409999999999627e+00 2.647923500000000097e+00 -4.681409999999999627e+00 1.159356649999999966e+01
8.449999999999999289e+00 -4.473679999999999879e+00 2.523474500000000287e+00 -4.473679999999999879e+00 1.146034550000000074e+01
8.474999999999999645e+00 -4.274949999999999584e+00 2.404890500000000042e+00 -4.274949999999999584e+00 1.133237950000000005e+01
8.500000000000000000e+00 -4.084859999999999935e+00 2.291897000000000073e+00 -4.084859999999999935e+00 1.120943300000000065e+01
8.525000000000000355e+00 -3.903039999999999843e+00 2.184229999999999894e+00 -3.903039999999999843e+00 1.109125000000000050e+01
8.550000000000000711e+00 -3.729140000000000121e+00 2.081645500000000037e+00 -3.729140000000000121e+00 1.097762449999999923e+01
8.574999999999999289e+00 -3.562840000000000007e+00 1.983900500000000067e+00 -3.562840000000000007e+00 1.086833949999999938e+01
8.599999999999999645e+00 -3.403810000000000002e+00 1.890772000000000119e+00 -3.403810000000000002e+00 1.076319799999999915e+01
8.625000000000000000e+00 -3.251749999999999918e+00 1.802027999999999963e+00 -3.251749999999999918e+00 1.066198200000000185e+01
8.650000000000000355e+00 -3.106360000000000010e+00 1.717486000000000068e+00 -3.106360000000000010e+00 1.056453400000000009e+01
8.675000000000000711e+00 -2.967369999999999841e+00 1.636924999999999963e+00 -2.967369999999999841e+00 1.047066500000000033e+01
8.699999999999999289e+00 -2.834490000000000176e+00 1.560173500000000102e+00 -2.834490000000000176e+00 1.038020649999999989e+01
8.724999999999999645e+00 -2.707469999999999821e+00 1.487041500000000127e+00 -2.707469999999999821e+00 1.029300850000000089e+01
8.750000000000000000e+00 -2.586059999999999803e+00 1.417367499999999891e+00 -2.586059999999999803e+00 1.020891250000000028e+01
8.775000000000000355e+00 -2.470009999999999817e+00 1.350982999999999823e+00 -2.470009999999999817e+00 1.012778700000000143e+01
8.800000000000000711e+00 -2.359100000000000197e+00 1.287727000000000066e+00 -2.359100000000000197e+00 1.004946299999999937e+01
8.824999999999999289e+00 -2.253099999999999881e+00 1.227451500000000140e+00 -2.253099999999999881e+00 9.973838499999999385e+00
8.849999999999999645e+00 -2.151809999999999778e+00 1.170036999999999994e+00 -2.151809999999999778e+00 9.900783000000000555e+00
8.875000000000000000e+00 -2.055019999999999847e+00 1.115315500000000126e+00 -2.055019999999999847e+00 9.830164500000000416e+00
8.900000000000000355e+00 -1.962539999999999951e+00 1.063188999999999940e+00 -1.962539999999999951e+00 9.761893000000000598e+00
8.925000000000000711e+00 -1.874169999999999892e+00 1.013518499999999989e+00 -1.874169999999999892e+00 9.695843500000000503e+00
8.949999999999999289e+00 -1.789749999999999952e+00 9.661919999999999398e-01 -1.789749999999999952e+00 9.631920000000000925e+00
8.974999999999999645e+00 -1.709089999999999998e+00 9.210984999999999312e-01 -1.709089999999999998e+00 9.570025499999999852e+00
9.000000000000000000e+00 -1.632039999999999935e+00 8.781329999999999414e-01 -1.632039999999999935e+00 9.510059000000000040e+00
9.025000000000000355e+00 -1.558429999999999982e+00 8.371944999999999526e-01 -1.558429999999999982e+00 9.451943500000000498e+00
9.050000000000000711e+00 -1.488120000000000109e+00 7.981874999999999387e-01 -1.488120000000000109e+00 9.395586500000000285e+00
9.074999999999999289e+00 -1.420960000000000001e+00 7.610215000000000174e-01 -1.420960000000000001e+00 9.340918500000000790e+00
9.099999999999999645e+00 -1.356819999999999915e+00 7.256074999999999608e-01 -1.356819999999999915e+00 9.287854499999999902e+00
9.125000000000000000e+00 -1.295560000000000045e+00 6.918659999999999810e-01 -1.295560000000000045e+00 9.236324000000001533e+00
9.150000000000000355e+00 -1.237049999999999983e+00 6.597154999999998992e-01 -1.237049999999999983e+00 9.186258499999999216e+00
9.175000000000000711e+00 -1.181179999999999897e+00 6.290810000000000013e-01 -1.181179999999999897e+00 9.137593000000000742e+00
9.199999999999999289e+00 -1.127820000000000045e+00 5.998929999999998985e-01 -1.127820000000000045e+00 9.090267000000000763e+00
9.224999999999999645e+00 -1.076869999999999994e+00 5.720809999999999507e-01 -1.076869999999999994e+00 9.044211000000000666e+00
9.250000000000000000e+00 -1.028219999999999912e+00 5.455820000000000114e-01 -1.028219999999999912e+00 8.999379999999998603e+00
9.275000000000000355e+00 -9.817620000000000235e-01 5.203324999999999756e-01 -9.817620000000000235e-01 8.955711499999999603e+00
9.300000000000000711e+00 -9.374069999999999903e-01 4.962753000000000303e-01 -9.374069999999999903e-01 8.913164699999999385e+00
9.324999999999999289e+00 -8.950590000000000490e-01 4.733525999999999567e-01 -8.950590000000000490e-01 8.871681399999999940e+00
9.349999999999999645e+00 -8.546280000000000543e-01 4.515106000000000397e-01 -8.546280000000000543e-01 8.831225399999999226e+00
9.375000000000000000e+00 -8.160279999999999756e-01 4.306995499999999866e-01 -8.160279999999999756e-01 8.791734449999999867e+00
9.400000000000000355e+00 -7.791789999999999550e-01 4.108697000000000044e-01 -7.791789999999999550e-01 8.753186299999999420e+00
9.425000000000000711e+00 -7.440020000000000522e-01 3.919756499999999533e-01 -7.440020000000000522e-01 8.715522350000000529e+00
9.449999999999999289e+00 -7.104209999999999692e-01 3.739729500000000262e-01 -7.104209999999999692e-01 8.678715050000000986e+00
9.474999999999999645e+00 -6.783660000000000245e-01 3.568183499999999508e-01 -6.783660000000000245e-01 8.642727650000001205e+00
9.500000000000000000e+00 -6.477669999999999817e-01 3.404728499999999936e-01 -6.477669999999999817e-01 8.607527149999999239e+00
9.525000000000000355e+00 -6.185599999999999987e-01 3.248983500000000024e-01 -6.185599999999999987e-01 8.573071650000001043e+00
9.550000000000000711e+00 -5.906820000000000404e-01 3.100570000000000270e-01 -5.906820000000000404e-01 8.539329000000000391e+00
9.574999999999999289e+00 -5.640730000000000466e-01 2.959150999999999865e-01 -5.640730000000000466e-01 8.506280900000000145e+00
9.599999999999999645e+00 -5.386750000000000149e-01 2.824389500000000219e-01 -5.386750000000000149e-01 8.473889050000000367e+00
9.625000000000000000e+00 -5.144339999999999469e-01 2.695971000000000339e-01 -5.144339999999999469e-01 8.442136900000001276e+00
9.650000000000000355e+00 -4.912969999999999837e-01 2.573599999999999777e-01 -4.912969999999999837e-01 8.410979999999998569e+00
9.675000000000000711e+00 -4.692149999999999932e-01 2.456973499999999810e-01 -4.692149999999999932e-01 8.380412650000000241e+00
9.699999999999999289e+00 -4.481390000000000096e-01 2.345839000000000119e-01 -4.481390000000000096e-01 8.350394100000000819e+00
9.724999999999999645e+00 -4.280240000000000156e-01 2.239915500000000115e-01 -4.280240000000000156e-01 8.320910450000001291e+00
9.750000000000000000e+00 -4.088260000000000227e-01 2.138962500000000100e-01 -4.088260000000000227e-01 8.291941750000001221e+00
9.775000000000000355e+00 -3.905029999999999890e-01 2.042738500000000068e-01 -3.905029999999999890e-01 8.263468149999999568e+00
9.800000000000000711e+00 -3.730149999999999855e-01 1.951025000000000120e-01 -3.730149999999999855e-01 8.235461499999999546e+00
9.824999999999999289e+00 -3.563239999999999741e-01 1.863594500000000098e-01 -3.563239999999999741e-01 8.207912549999999641e+00
9.849999999999999645e+00 -3.403939999999999744e-01 1.780259000000000147e-01 -3.403939999999999744e-01 8.180796100000000237e+00
9.875000000000000000e+00 -3.251899999999999791e-01 1.700811500000000143e-01 -3.251899999999999791e-01 8.154094849999999894e+00
9.900000000000000355e+00 -3.106780000000000097e-01 1.625056500000000015e-01 -3.106780000000000097e-01 8.127802349999999620e+00
9.925000000000000711e+00 -2.968270000000000075e-01 1.552837499999999982e-01 -2.968270000000000075e-01 8.101896249999999355e+00
9.949999999999999289e+00 -2.836069999999999980e-01 1.483970500000000026e-01 -2.836069999999999980e-01 8.076360949999999761e+00
9.974999999999999645e+00 -2.709880000000000067e-01 1.418290500000000121e-01 -2.709880000000000067e-01 8.051182950000001171e+00
1.000000000000000000e+01 -2.589420000000000055e-01 1.355664000000000036e-01 -2.589420000000000055e-01 8.026361599999999541e+00
1.002500000000000036e+01 -2.474439999999999973e-01 1.295919000000000099e-01 -2.474439999999999973e-01 8.001862100000000311e+00
1.005000000000000071e+01 -2.364680000000000115e-01 1.238941999999999960e-01 -2.364680000000000115e-01 7.977675800000000095e+00
1.007499999999999929e+01 -2.259899999999999964e-01 1.184571499999999972e-01 -2.259899999999999964e-01 7.953808850000000596e+00
1.009999999999999964e+01 -2.159870000000000123e-01 1.132705499999999976e-01 -2.159870000000000123e-01 7.930233449999999351e+00
1.012500000000000000e+01 -2.064370000000000094e-01 1.083217500000000083e-01 -2.064370000000000094e-01 7.906949049999999701e+00
1.015000000000000036e+01 -1.973189999999999944e-01 1.035988500000000062e-01 -1.973189999999999944e-01 7.883945950000000202e+00
1.017500000000000071e+01 -1.886140000000000039e-01 9.909120000000000428e-02 -1.886140000000000039e-01 7.861205400000000232e+00
1.019999999999999929e+01 -1.803009999999999891e-01 9.478839999999999488e-02 -1.803009999999999891e-01 7.838719000000000214e+00
1.022499999999999964e+01 -1.723639999999999894e-01 9.068075000000000441e-02 -1.723639999999999894e-01 7.816488849999999822e+00
1.025000000000000000e+01 -1.647840000000000138e-01 8.675860000000000516e-02 -1.647840000000000138e-01 7.794487199999999838e+00
1.027500000000000036e+01 -1.575449999999999906e-01 8.301329999999999820e-02 -1.575449999999999906e-01 7.772736899999999949e+00
1.030000000000000071e+01 -1.506319999999999881e-01 7.943634999999998891e-02 -1.506319999999999881e-01 7.751201050000000592e+00
1.032499999999999929e+01 -1.440279999999999894e-01 7.601959999999999273e-02 -1.440279999999999894e-01 7.729883199999999732e+00
1.034999999999999964e+01 -1.377210000000000101e-01 7.275550000000000073e-02 -1.377210000000000101e-01 7.708777099999999827e+00
1.037500000000000000e+01 -1.316960000000000075e-01 6.963669999999999582e-02 -1.316960000000000075e-01 7.687876900000000013e+00
1.040000000000000036e+01 -1.259399999999999964e-01 6.665635000000000310e-02 -1.259399999999999964e-01 7.667177050000000271e+00
1.042500000000000071e+01 -1.204419999999999935e-01 6.380769999999999498e-02 -1.204419999999999935e-01 7.646672099999999972e+00
1.044999999999999929e+01 -1.151879999999999987e-01 6.108480000000000160e-02 -1.151879999999999987e-01 7.626357199999999281e+00
1.047499999999999964e+01 -1.101680000000000020e-01 5.848149999999999876e-02 -1.101680000000000020e-01 7.606217499999999632e+00
1.050000000000000000e+01 -1.053710000000000063e-01 5.599215000000000442e-02 -1.053710000000000063e-01 7.586258449999999876e+00
1.052500000000000036e+01 -1.007870000000000016e-01 5.361155000000000087e-02 -1.007870000000000016e-01 7.566465850000000160e+00
1.055000000000000071e+01 -9.640529999999999933e-02 5.133495000000000419e-02 -9.640529999999999933e-02 7.546845849999999523e+00
1.057499999999999929e+01 -9.221769999999999967e-02 4.915670000000000456e-02 -9.221769999999999967e-02 7.527393899999999860e+00
1.059999999999999964e+01 -8.821510000000000462e-02 4.707265000000000060e-02 -8.821510000000000462e-02 7.508086750000000364e+00
1.062500000000000000e+01 -8.438879999999999992e-02 4.507844999999999908e-02 -8.438879999999999992e-02 7.488940949999999930e+00
1.065000000000000036e+01 -8.073099999999999721e-02 4.316996499999999765e-02 -8.073099999999999721e-02 7.469953034999999630e+00
1.067500000000000071e+01 -7.723380000000000523e-02 4.134333999999999926e-02 -7.723380000000000523e-02 7.451100059999999914e+00
1.069999999999999929e+01 -7.389010000000000022e-02 3.959471500000000255e-02 -7.389010000000000022e-02 7.432398885000000455e+00
1.072499999999999964e+01 -7.069290000000000296e-02 3.792063999999999852e-02 -7.069290000000000296e-02 7.413826760000000071e+00
1.075000000000000000e+01 -6.763560000000000405e-02 3.631776999999999922e-02 -6.763560000000000405e-02 7.395401029999999487e+00
1.077500000000000036e+01 -6.471190000000000275e-02 3.478278499999999662e-02 -6.471190000000000275e-02 7.377109015000000269e+00
1.080000000000000071e+01 -6.191560000000000119e-02 3.331278499999999754e-02 -6.191560000000000119e-02 7.358938414999999900e+00
1.082499999999999929e+01 -5.924129999999999674e-02 3.190476999999999896e-02 -5.924129999999999674e-02 7.340906829999999772e+00
1.084999999999999964e+01 -5.668329999999999896e-02 3.055616500000000318e-02 -5.668329999999999896e-02 7.322992235000000072e+00
1.087500000000000000e+01 -5.423649999999999999e-02 2.926431000000000171e-02 -5.423649999999999999e-02 7.305202490000000104e+00
1.090000000000000036e+01 -5.189590000000000175e-02 2.802665000000000017e-02 -5.189590000000000175e-02 7.287535549999999418e+00
1.092500000000000071e+01 -4.965680000000000094e-02 2.684084499999999859e-02 -4.965680000000000094e-02 7.269979554999999927e+00
1.094999999999999929e+01 -4.751480000000000287e-02 2.570466999999999891e-02 -4.751480000000000287e-02 7.252542730000000049e+00
1.097499999999999964e+01 -4.546549999999999897e-02 2.461610999999999660e-02 -4.546549999999999897e-02 7.235223490000000091e+00
1.100000000000000000e+01 -4.350480000000000319e-02 2.357295499999999960e-02 -4.350480000000000319e-02 7.218000044999999254e+00
1.102500000000000036e+01 -4.162890000000000340e-02 2.257350999999999802e-02 -4.162890000000000340e-02 7.200901090000000337e+00
1.105000000000000071e+01 -3.983409999999999729e-02 2.161568499999999907e-02 -3.983409999999999729e-02 7.183904915000000280e+00
1.107499999999999929e+01 -3.811670000000000336e-02 2.069780499999999968e-02 -3.811670000000000336e-02 7.167010195000000472e+00
1.109999999999999964e+01 -3.647340000000000304e-02 1.981829499999999966e-02 -3.647340000000000304e-02 7.150215704999999922e+00
1.112500000000000000e+01 -3.490100000000000147e-02 1.897549999999999931e-02 -3.490100000000000147e-02 7.133530100000000651e+00
1.115000000000000036e+01 -3.339650000000000257e-02 1.816795499999999952e-02 -3.339650000000000257e-02 7.116942244999999723e+00
1.117500000000000071e+01 -3.195680000000000048e-02 1.739412499999999986e-02 -3.195680000000000048e-02 7.100450874999999940e+00
1.119999999999999929e+01 -3.057920000000000083e-02 1.665265499999999885e-02 -3.057920000000000083e-02 7.084054945000000103e+00
1.122499999999999964e+01 -2.926089999999999941e-02 1.594231999999999941e-02 -2.926089999999999941e-02 7.067753479999999477e+00
1.125000000000000000e+01 -2.799959999999999949e-02 1.526168999999999963e-02 -2.799959999999999949e-02 7.051545309999999844e+00
1.127500000000000036e+01 -2.679259999999999975e-02 1.460963000000000019e-02 -2.679259999999999975e-02 7.035429570000000687e+00
1.130000000000000071e+01 -2.563769999999999938e-02 1.398503499999999983e-02 -2.563769999999999938e-02 7.019405364999999897e+00
1.132499999999999929e+01 -2.453270000000000103e-02 1.338668499999999886e-02 -2.453270000000000103e-02 7.003471714999999875e+00
1.134999999999999964e+01 -2.347530000000000103e-02 1.281367500000000006e-02 -2.347530000000000103e-02 6.987627924999999962e+00
1.137500000000000000e+01 -2.246369999999999964e-02 1.226489499999999962e-02 -2.246369999999999964e-02 6.971863105000000616e+00
1.140000000000000036e+01 -2.149569999999999953e-02 1.173944499999999939e-02 -2.149569999999999953e-02 6.956186555000000382e+00
1.142500000000000071e+01 -2.056969999999999979e-02 1.123623500000000067e-02 -2.056969999999999979e-02 6.940597365000000352e+00
1.144999999999999929e+01 -1.968369999999999842e-02 1.075450999999999838e-02 -1.968369999999999842e-02 6.925084970000000339e+00
1.147499999999999964e+01 -1.883620000000000086e-02 1.029336999999999960e-02 -1.883620000000000086e-02 6.909668650000000412e+00
1.150000000000000000e+01 -1.802530000000000104e-02 9.851974999999998928e-03 -1.802530000000000104e-02 6.894317745000000386e+00
1.152500000000000036e+01 -1.724969999999999976e-02 9.429550000000000085e-03 -1.724969999999999976e-02 6.879051630000000195e+00
1.155000000000000071e+01 -1.650779999999999956e-02 9.025319999999999870e-03 -1.650779999999999956e-02 6.863869699999999519e+00
1.157499999999999929e+01 -1.579809999999999895e-02 8.638559999999999989e-03 -1.579809999999999895e-02 6.848761380000000010e+00
1.159999999999999964e+01 -1.511930000000000045e-02 8.268559999999999452e-03 -1.511930000000000045e-02 6.833726099999999803e+00
1.162500000000000000e+01 -1.447009999999999963e-02 7.914640000000000564e-03 -1.447009999999999963e-02 6.818773340000000793e+00
1.165000000000000036e+01 -1.384920000000000075e-02 7.576155000000000216e-03 -1.384920000000000075e-02 6.803892564999999948e+00
1.167500000000000071e+01 -1.325549999999999992e-02 7.252465000000000474e-03 -1.325549999999999992e-02 6.789083295000000184e+00
1.169999999999999929e+01 -1.268760000000000027e-02 6.942959999999999757e-03 -1.268760000000000027e-02 6.774355039999999661e+00
1.172499999999999964e+01 -1.214469999999999959e-02 6.647059999999999774e-03 -1.214469999999999959e-02 6.759697339999999777e+00
1.175000000000000000e+01 -1.162550000000000042e-02 6.364215000000000323e-03 -1.162550000000000042e-02 6.745099764999999969e+00
1.177500000000000036e+01 -1.112909999999999941e-02 6.093864999999999525e-03 -1.112909999999999941e-02 6.730581874999999492e+00
1.180000000000000071e+01 -1.065439999999999963e-02 5.835455000000000676e-03 -1.065439999999999963e-02 6.716133225000000095e+00
1.182499999999999929e+01 -1.020060000000000064e-02 5.588560000000000229e-03 -1.020060000000000064e-02 6.701763499999999318e+00
1.184999999999999964e+01 -9.766779999999999212e-03 5.352685000000000255e-03 -9.766779999999999212e-03 6.687452294999999935e+00
1.187500000000000000e+01 -9.352020000000000818e-03 5.127300000000000434e-03 -9.352020000000000818e-03 6.673209199999999619e+00
1.190000000000000036e+01 -8.955519999999999800e-03 4.911999999999999700e-03 -8.955519999999999800e-03 6.659023900000000218e+00
1.192500000000000071e+01 -8.576490000000000849e-03 4.706329999999999888e-03 -8.576490000000000849e-03 6.644916030000000084e+00
1.194999999999999929e+01 -8.214159999999999864e-03 4.509855000000000114e-03 -8.214159999999999864e-03 6.630875244999999474e+00
1.197499999999999964e+01 -7.867799999999999447e-03 4.322224999999999852e-03 -7.867799999999999447e-03 6.616891294999999396e+00
1.200000000000000000e+01 -7.536710000000000284e-03 4.143048500000000474e-03 -7.536710000000000284e-03 6.602973871499999703e+00
1.202500000000000036e+01 -7.220220000000000284e-03 3.971899000000000089e-03 -7.220220000000000284e-03 6.589122620999999569e+00
1.205000000000000071e+01 -6.917689999999999777e-03 3.808445000000000146e-03 -6.917689999999999777e-03 6.575337294999999749e+00
1.207499999999999929e+01 -6.628499999999999844e-03 3.652347499999999969e-03 -6.628499999999999844e-03 6.561607632500000342e+00
1.209999999999999964e+01 -6.352059999999999651e-03 3.503262000000000043e-03 -6.352059999999999651e-03 6.547943357999999492e+00
1.212500000000000000e+01 -6.087799999999999982e-03 3.360879500000000381e-03 -6.087799999999999982e-03 6.534334240500000668e+00
1.215000000000000036e+01 -5.835169999999999767e-03 3.224877000000000125e-03 -5.835169999999999767e-03 6.520790022999999991e+00
1.217500000000000071e+01 -5.593650000000000358e-03 3.094982000000000028e-03 -5.593650000000000358e-03 6.507310498000000720e+00
1.219999999999999929e+01 -5.362750000000000329e-03 2.970882499999999947e-03 -5.362750000000000329e-03 6.493885417499999591e+00
1.222499999999999964e+01 -5.141979999999999988e-03 2.852338000000000269e-03 -5.141979999999999988e-03 6.480524602000000023e+00
1.225000000000000000e+01 -4.930890000000000273e-03 2.739058999999999851e-03 -4.930890000000000273e-03 6.467207821000000578e+00
1.227500000000000036e+01 -4.729040000000000327e-03 2.630816999999999704e-03 -4.729040000000000327e-03 6.453964903000000142e+00
1.230000000000000071e+01 -4.536010000000000042e-03 2.527354999999999793e-03 -4.536010000000000042e-03 6.440765644999999928e+00
1.232499999999999929e+01 -4.351390000000000119e-03 2.428456999999999751e-03 -4.351390000000000119e-03 6.427629882999999822e+00
1.234999999999999964e+01 -4.174810000000000153e-03 2.333897500000000312e-03 -4.174810000000000153e-03 6.414547442499999974e+00
1.237500000000000000e+01 -4.005879999999999858e-03 2.243472999999999735e-03 -4.005879999999999858e-03 6.401528167000000380e+00
1.240000000000000036e+01 -3.844269999999999892e-03 2.156969999999999808e-03 -3.844269999999999892e-03 6.388561890000000076e+00
1.242500000000000071e+01 -3.689640000000000107e-03 2.074206500000000050e-03 -3.689640000000000107e-03 6.375648473500000080e+00
1.244999999999999929e+01 -3.541649999999999920e-03 1.994991000000000212e-03 -3.541649999999999920e-03 6.362787768999999649e+00
1.247499999999999964e+01 -3.400020000000000125e-03 1.919153999999999955e-03 -3.400020000000000125e-03 6.349979646000000422e+00
1.250000000000000000e+01 -3.264430000000000023e-03 1.846535500000000014e-03 -3.264430000000000023e-03 6.337223984500000462e+00
1.252500000000000036e+01 -3.134619999999999854e-03 1.776977000000000114e-03 -3.134619999999999854e-03 6.324530662999999997e+00
1.255000000000000071e+01 -3.010309999999999982e-03 1.710310999999999949e-03 -3.010309999999999982e-03 6.311879549000000367e+00
1.257499999999999929e+01 -2.891260000000000097e-03 1.646399999999999903e-03 -2.891260000000000097e-03 6.299280539999999817e+00
1.259999999999999964e+01 -2.777200000000000068e-03 1.585118500000000114e-03 -2.777200000000000068e-03 6.286743541499999921e+00
1.262500000000000000e+01 -2.667930000000000215e-03 1.526330999999999912e-03 -2.667930000000000215e-03 6.274248448999999894e+00
1.265000000000000036e+01 -2.563199999999999854e-03 1.469912999999999992e-03 -2.563199999999999854e-03 6.261805166999999450e+00
1.267500000000000071e+01 -2.462820000000000113e-03 1.415739999999999967e-03 -2.462820000000000113e-03 6.249423600000000079e+00
1.269999999999999929e+01 -2.366580000000000072e-03 1.363709000000000058e-03 -2.366580000000000072e-03 6.237083670999999718e+00
1.272499999999999964e+01 -2.274280000000000052e-03 1.313717000000000053e-03 -2.274280000000000052e-03 6.224785302999999992e+00
1.275000000000000000e+01 -2.185750000000000193e-03 1.265653000000000047e-03 -2.185750000000000193e-03 6.212548406999999884e+00
1.277500000000000036e+01 -2.100820000000000205e-03 1.219434499999999880e-03 -2.100820000000000205e-03 6.200352925499999834e+00
1.280000000000000071e+01 -2.019319999999999796e-03 1.174971500000000085e-03 -2.019319999999999796e-03 6.188218788499999512e+00
1.282499999999999929e+01 -1.941079999999999976e-03 1.132170500000000005e-03 -1.941079999999999976e-03 6.176125923499999892e+00
1.284999999999999964e+01 -1.865969999999999998e-03 1.090959000000000069e-03 -1.865969999999999998e-03 6.164074277000000102e+00
1.287500000000000000e+01 -1.793840000000000105e-03 1.051258499999999964e-03 -1.793840000000000105e-03 6.152073789500000167e+00
1.290000000000000036e+01 -1.724550000000000041e-03 1.012998499999999934e-03 -1.724550000000000041e-03 6.140124407500000103e+00
1.292500000000000071e+01 -1.657980000000000087e-03 9.761120000000000083e-04 -1.657980000000000087e-03 6.128226080000000131e+00
1.294999999999999929e+01 -1.593999999999999931e-03 9.405365000000000166e-04 -1.593999999999999931e-03 6.116368759499999364e+00
1.297499999999999964e+01 -1.532509999999999949e-03 9.062100000000000667e-04 -1.532509999999999949e-03 6.104552400000000212e+00
1.300000000000000000e+01 -1.473380000000000046e-03 8.730794999999999745e-04 -1.473380000000000046e-03 6.092796960500000303e+00
1.302500000000000036e+01 -1.416520000000000105e-03 8.410890000000000510e-04 -1.416520000000000105e-03 6.081072398999999962e+00
1.305000000000000071e+01 -1.361830000000000072e-03 8.101910000000000361e-04 -1.361830000000000072e-03 6.069408678999999474e+00
1.307499999999999929e+01 -1.309210000000000105e-03 7.803379999999999952e-04 -1.309210000000000105e-03 6.057775763999999619e+00
1.309999999999999964e+01 -1.258580000000000029e-03 7.514849999999999785e-04 -1.258580000000000029e-03 6.046193621000000462e+00
1.312500000000000000e+01 -1.209840000000000004e-03 7.235925000000000690e-04 -1.209840000000000004e-03 6.034662219500000369e+00
1.315000000000000036e+01 -1.162920000000000013e-03 6.966209999999999156e-04 -1.162920000000000013e-03 6.023161529000000236e+00
1.317500000000000071e+01 -1.117750000000000037e-03 6.705339999999999738e-04 -1.117750000000000037e-03 6.011721522000000206e+00
1.319999999999999929e+01 -1.074249999999999901e-03 6.452990000000000028e-04 -1.074249999999999901e-03 6.000312172999999305e+00
1.322499999999999964e+01 -1.032359999999999962e-03 6.208825000000000715e-04 -1.032359999999999962e-03 5.988953457500000077e+00
1.325000000000000000e+01 -9.920050000000000135e-04 5.972535000000000170e-04 -9.920050000000000135e-04 5.977635350499999944e+00
1.327500000000000036e+01 -9.531290000000000422e-04 5.743869999999999879e-04 -9.531290000000000422e-04 5.966357832999999999e+00
1.330000000000000071e+01 -9.156740000000000018e-04 5.522555000000000389e-04 -9.156740000000000018e-04 5.955130884500000832e+00
1.332499999999999929e+01 -8.795850000000000023e-04 5.308335000000000397e-04 -8.795850000000000023e-04 5.943944484499999348e+00
1.334999999999999964e+01 -8.448089999999999680e-04 5.101030000000000321e-04 -8.448089999999999680e-04 5.932798618999999718e+00
1.337500000000000000e+01 -8.112980000000000105e-04 4.900355000000000552e-04 -8.112980000000000105e-04 5.921693266499999275e+00
1.340000000000000036e+01 -7.790040000000000246e-04 4.706129999999999884e-04 -7.790040000000000246e-04 5.910628412999999526e+00
1.342500000000000071e+01 -7.478829999999999679e-04 4.518170000000000281e-04 -7.478829999999999679e-04 5.899614042999999697e+00
1.344999999999999929e+01 -7.178930000000000467e-04 4.336309999999999687e-04 -7.178930000000000467e-04 5.888630145000000482e+00
1.347499999999999964e+01 -6.889930000000000490e-04 4.160369499999999978e-04 -6.889930000000000490e-04 5.877696703049999805e+00
1.350000000000000000e+01 -6.611460000000000427e-04 3.990204499999999753e-04 -6.611460000000000427e-04 5.866793707549999404e+00
1.352500000000000036e+01 -6.343149999999999874e-04 3.825652499999999978e-04 -6.343149999999999874e-04 5.855941144750000049e+00
1.355000000000000071e+01 -6.084659999999999982e-04 3.666578500000000152e-04 -6.084659999999999982e-04 5.845119004149999853e+00
1.357499999999999929e+01 -5.835649999999999735e-04 3.512858500000000275e-04 -5.835649999999999735e-04 5.834347276149999928e+00
1.359999999999999964e+01 -5.595829999999999988e-04 3.364369500000000146e-04 -5.595829999999999988e-04 5.823615951049999850e+00
1.362500000000000000e+01 -5.364869999999999882e-04 3.220968999999999959e-04 -5.364869999999999882e-04 5.812915017099999915e+00
1.365000000000000036e+01 -5.142499999999999502e-04 3.082555000000000169e-04 -5.142499999999999502e-04 5.802264466500000495e+00
1.367500000000000071e+01 -4.928450000000000018e-04 2.949046500000000260e-04 -4.928450000000000018e-04 5.791644293349999195e+00
1.369999999999999929e+01 -4.722449999999999890e-04 2.820300500000000256e-04 -4.722449999999999890e-04 5.781064485949999998e+00
1.372499999999999964e+01 -4.524250000000000060e-04 2.696228500000000337e-04 -4.524250000000000060e-04 5.770525037149999648e+00
1.375000000000000000e+01 -4.333599999999999844e-04 2.576729000000000042e-04 -4.333599999999999844e-04 5.760025939100000159e+00
1.377500000000000036e+01 -4.150269999999999957e-04 2.461669000000000097e-04 -4.150269999999999957e-04 5.749567181100000646e+00
1.380000000000000071e+01 -3.974040000000000190e-04 2.351022999999999937e-04 -3.974040000000000190e-04 5.739138761699999591e+00
1.382499999999999929e+01 -3.804680000000000171e-04 2.244657999999999745e-04 -3.804680000000000171e-04 5.728750670200000172e+00
1.384999999999999964e+01 -3.641990000000000006e-04 2.142474000000000114e-04 -3.641990000000000006e-04 5.718402898599999951e+00
1.387500000000000000e+01 -3.485760000000000182e-04 2.044390499999999887e-04 -3.485760000000000182e-04 5.708095440950000210e+00
1.390000000000000036e+01 -3.335780000000000104e-04 1.950316500000000015e-04 -3.335780000000000104e-04 5.697818290349999870e+00
1.392500000000000071e+01 -3.191879999999999804e-04 1.860152000000000008e-04 -3.191879999999999804e-04 5.687581438799999667e+00
1.394999999999999929e+01 -3.053849999999999772e-04 1.773806000000000005e-04 -3.053849999999999772e-04 5.677384879399999917e+00
1.397499999999999964e+01 -2.921500000000000269e-04 1.691177999999999887e-04 -2.921500000000000269e-04 5.667218604200000343e+00
1.400000000000000000e+01 -2.794669999999999858e-04 1.612186500000000052e-04 -2.794669999999999858e-04 5.657092607350000080e+00
1.402500000000000036e+01 -2.673180000000000044e-04 1.536721000000000224e-04 -2.673180000000000044e-04 5.647006879900000165e+00
1.405000000000000071e+01 -2.556850000000000160e-04 1.464700499999999886e-04 -2.556850000000000160e-04 5.636951415950000488e+00
1.407499999999999929e+01 -2.445510000000000240e-04 1.396012499999999977e-04 -2.445510000000000240e-04 5.626936206749999947e+00
1.409999999999999964e+01 -2.338999999999999933e-04 1.330566499999999994e-04 -2.338999999999999933e-04 5.616951245350000121e+00
1.412500000000000000e+01 -2.237150000000000087e-04 1.268260500000000120e-04 -2.237150000000000087e-04 5.607006523949999988e+00
1.415000000000000036e+01 -2.139800000000000079e-04 1.209002500000000017e-04 -2.139800000000000079e-04 5.597102035749999871e+00
1.417500000000000071e+01 -2.046790000000000100e-04 1.152681500000000053e-04 -2.046790000000000100e-04 5.587227771849999414e+00
1.419999999999999929e+01 -1.957969999999999958e-04 1.099197500000000007e-04 -1.957969999999999958e-04 5.577383724649999763e+00
1.422499999999999964e+01 -1.873190000000000000e-04 1.048454999999999976e-04 -1.873190000000000000e-04 5.567579887099999958e+00
1.425000000000000000e+01 -1.792300000000000035e-04 1.000349000000000068e-04 -1.792300000000000035e-04 5.557806250900000578e+00
1.427500000000000036e+01 -1.715139999999999981e-04 9.547755000000000543e-05 -1.715139999999999981e-04 5.548072808249999710e+00
1.430000000000000071e+01 -1.641590000000000117e-04 9.116344999999999874e-05 -1.641590000000000117e-04 5.538369551349999753e+00
1.432499999999999929e+01 -1.571490000000000094e-04 8.708249999999999845e-05 -1.571490000000000094e-04 5.528696472300000053e+00
1.434999999999999964e+01 -1.504699999999999874e-04 8.322440000000000230e-05 -1.504699999999999874e-04 5.519063563400000483e+00
1.437500000000000000e+01 -1.441100000000000009e-04 7.957944999999999581e-05 -1.441100000000000009e-04 5.509460816949999895e+00
1.440000000000000036e+01 -1.380540000000000033e-04 7.613754999999999070e-05 -1.380540000000000033e-04 5.499898225249999939e+00
1.442500000000000071e+01 -1.322910000000000112e-04 7.288950000000000745e-05 -1.322910000000000112e-04 5.490365781300000414e+00
1.444999999999999929e+01 -1.268069999999999939e-04 6.982454999999999879e-05 -1.268069999999999939e-04 5.480863476449999716e+00
1.447499999999999964e+01 -1.215900000000000065e-04 6.693444999999999744e-05 -1.215900000000000065e-04 5.471391304550000001e+00
1.450000000000000000e+01 -1.166279999999999953e-04 6.420975000000000640e-05 -1.166279999999999953e-04 5.461959258249999394e+00
1.452500000000000036e+01 -1.119090000000000021e-04 6.164134999999999894e-05 -1.119090000000000021e-04 5.452557330450000350e+00
1.455000000000000071e+01 -1.074230000000000047e-04 5.922070000000000036e-05 -1.074230000000000047e-04 5.443185514499999655e+00
1.457499999999999929e+01 -1.031580000000000040e-04 5.693934999999999551e-05 -1.031580000000000040e-04 5.433843803849999432e+00
1.459999999999999964e+01 -9.910340000000000392e-05 5.478934999999999746e-05 -9.910340000000000392e-05 5.424542192249999673e+00
1.462500000000000000e+01 -9.524979999999999732e-05 5.276290000000000266e-05 -9.524979999999999732e-05 5.415260673699999749e+00
1.465000000000000036e+01 -9.158680000000000206e-05 5.085250000000000143e-05 -9.158680000000000206e-05 5.406019242299999306e+00
1.467500000000000071e+01 -8.810519999999999799e-05 4.905094999999999833e-05 -8.810519999999999799e-05 5.396807892450000033e+00
1.469999999999999929e+01 -8.479589999999999903e-05 4.735160000000000248e-05 -8.479589999999999903e-05 5.387636619000000238e+00
1.472499999999999964e+01 -8.165029999999999987e-05 4.574799999999999635e-05 -8.165029999999999987e-05 5.378485417000000268e+00
1.475000000000000000e+01 -7.865999999999999566e-05 4.423405500000000080e-05 -7.865999999999999566e-05 5.369364281544999784e+00
1.477500000000000036e+01 -7.581719999999999638e-05 4.280407000000000368e-05 -7.581719999999999638e-05 5.360283208329999383e+00
1.480000000000000071e+01 -7.311420000000000549e-05 4.145274500000000015e-05 -7.311420000000000549e-05 5.351222193254999482e+00
1.482499999999999929e+01 -7.054390000000000064e-05 4.017491500000000158e-05 -7.054390000000000064e-05 5.342201232285000323e+00
1.484999999999999964e+01 -6.809940000000000058e-05 3.896604000000000208e-05 -6.809940000000000058e-05 5.333210321959999334e+00
1.487500000000000000e+01 -6.577430000000000483e-05 3.782171499999999843e-05 -6.577430000000000483e-05 5.324239458884999721e+00
1.490000000000000036e+01 -6.356239999999999980e-05 3.673785999999999659e-05 -6.356239999999999980e-05 5.315308639939999580e+00
1.492500000000000071e+01 -6.145789999999999988e-05 3.571082499999999872e-05 -6.145789999999999988e-05 5.306407862374999951e+00
1.494999999999999929e+01 -5.945529999999999977e-05 3.473709999999999645e-05 -5.945529999999999977e-05 5.297527123500000101e+00
1.497499999999999964e+01 -5.754940000000000164e-05 3.381368000000000318e-05 -5.754940000000000164e-05 5.288686421120000425e+00
1.500000000000000000e+01 -5.573530000000000151e-05 3.293749500000000066e-05 -5.573530000000000151e-05 5.279865752904999709e+00
1.502500000000000036e+01 -5.400820000000000241e-05 3.210612999999999613e-05 -5.400820000000000241e-05 5.271085117070000159e+00
1.505000000000000071e+01 -5.236390000000000190e-05 3.131684500000000119e-05 -5.236390000000000190e-05 5.262324511754999712e+00
1.507499999999999929e+01 -5.079819999999999757e-05 3.056763000000000400e-05 -5.079819999999999757e-05 5.253603935370000144e+00
1.509999999999999964e+01 -4.930710000000000095e-05 2.985634499999999714e-05 -4.930710000000000095e-05 5.244903386455000316e+00
1.512500000000000000e+01 -4.788699999999999739e-05 2.918121499999999874e-05 -4.788699999999999739e-05 5.236232863785000191e+00
1.515000000000000036e+01 -4.653439999999999953e-05 2.854025999999999905e-05 -4.653439999999999953e-05 5.227592365939999652e+00
1.517500000000000071e+01 -4.524579999999999970e-05 2.793211000000000047e-05 -4.524579999999999970e-05 5.218981892090000407e+00
1.519999999999999929e+01 -4.401819999999999811e-05 2.735532000000000019e-05 -4.401819999999999811e-05 5.210391441280000535e+00
1.522499999999999964e+01 -4.284850000000000150e-05 2.680772999999999956e-05 -4.284850000000000150e-05 5.201841011870000031e+00
1.525000000000000000e+01 -4.173389999999999695e-05 2.628869999999999786e-05 -4.173389999999999695e-05 5.193310603700000527e+00
1.527500000000000036e+01 -4.067149999999999845e-05 2.579659499999999929e-05 -4.067149999999999845e-05 5.184810215604999328e+00
1.530000000000000071e+01 -3.965870000000000029e-05 2.533007999999999855e-05 -3.965870000000000029e-05 5.176339846719999471e+00
1.532499999999999929e+01 -3.869299999999999698e-05 2.488802500000000131e-05 -3.869299999999999698e-05 5.167889496374999503e+00
1.534999999999999964e+01 -3.777190000000000338e-05 2.446899499999999865e-05 -3.777190000000000338e-05 5.159479163604999918e+00
1.537500000000000000e+01 -3.689300000000000066e-05 2.407177000000000009e-05 -3.689300000000000066e-05 5.151088847629999634e+00
1.540000000000000036e+01 -3.605399999999999735e-05 2.369502000000000069e-05 -3.605399999999999735e-05 5.142718547579999466e+00
1.542500000000000071e+01 -3.525270000000000215e-05 2.333752499999999981e-05 -3.525270000000000215e-05 5.134388262674999481e+00
1.544999999999999929e+01 -3.448680000000000327e-05 2.299775999999999917e-05 -3.448680000000000327e-05 5.126077991839999903e+00
1.547499999999999964e+01 -3.375430000000000308e-05 2.267440499999999793e-05 -3.375430000000000308e-05 5.117797734194999393e+00
1.550000000000000000e+01 -3.305299999999999677e-05 2.236604000000000177e-05 -3.305299999999999677e-05 5.109547488760000533e+00
1.552500000000000036e+01 -3.238080000000000006e-05 2.207135500000000037e-05 -3.238080000000000006e-05 5.101317254645000077e+00
1.555000000000000071e+01 -3.173590000000000222e-05 2.178882999999999921e-05 -3.173590000000000222e-05 5.093117030769999332e+00
1.557499999999999929e+01 -3.111619999999999865e-05 2.151696500000000177e-05 -3.111619999999999865e-05 5.084936816035000362e+00
1.559999999999999964e+01 -3.051979999999999873e-05 2.125415500000000081e-05 -3.051979999999999873e-05 5.076786609244999582e+00
1.562500000000000000e+01 -2.994499999999999875e-05 2.099910000000000025e-05 -2.994499999999999875e-05 5.068666409499999581e+00
1.565000000000000036e+01 -2.938990000000000130e-05 2.075010499999999672e-05 -2.938990000000000130e-05 5.060566215495000186e+00
1.567500000000000071e+01 -2.885289999999999949e-05 2.050580000000000279e-05 -2.885289999999999949e-05 5.052496026200000045e+00
1.569999999999999929e+01 -2.833209999999999933e-05 2.026459999999999907e-05 -2.833209999999999933e-05 5.044455840399999502e+00
1.572499999999999964e+01 -2.782600000000000091e-05 2.002514500000000222e-05 -2.782600000000000091e-05 5.036435657054999737e+00
1.575000000000000000e+01 -2.733320000000000115e-05 1.978587999999999834e-05 -2.733320000000000115e-05 5.028435474919999315e+00
1.577500000000000036e+01 -2.685199999999999973e-05 1.954557000000000267e-05 -2.685199999999999973e-05 5.020465293029999998e+00
1.580000000000000071e+01 -2.638130000000000100e-05 1.930290499999999811e-05 -2.638130000000000100e-05 5.012525110294999919e+00
1.582499999999999929e+01 -2.591969999999999851e-05 1.905650499999999992e-05 -2.591969999999999851e-05 5.004604925695000261e+00
1.584999999999999964e+01 -2.546610000000000000e-05 1.880534500000000079e-05 -2.546610000000000000e-05 4.996714738255000121e+00
1.587500000000000000e+01 -2.501939999999999969e-05 1.854831000000000063e-05 -2.501939999999999969e-05 4.988844547090000248e+00
1.590000000000000036e+01 -2.457859999999999876e-05 1.828454499999999724e-05 -2.457859999999999876e-05 4.980994351455000135e+00
1.592500000000000071e+01 -2.414299999999999907e-05 1.801329499999999878e-05 -2.414299999999999907e-05 4.973184150704999418e+00
1.594999999999999929e+01 -2.371179999999999886e-05 1.773393499999999879e-05 -2.371179999999999886e-05 4.965383944264999627e+00
1.597499999999999964e+01 -2.328450000000000043e-05 1.744555500000000140e-05 -2.328450000000000043e-05 4.957613731244999933e+00
1.600000000000000000e+01 -2.286059999999999929e-05 1.714816000000000016e-05 -2.286059999999999929e-05 4.949863511639999381e+00
1.602499999999999858e+01 -2.243980000000000155e-05 1.684149000000000060e-05 -2.243980000000000155e-05 4.942143285109999340e+00
1.605000000000000071e+01 -2.202190000000000001e-05 1.652535999999999995e-05 -2.202190000000000001e-05 4.934443051439999728e+00
1.607499999999999929e+01 -2.160700000000000167e-05 1.619995500000000099e-05 -2.160700000000000167e-05 4.926772810644999723e+00
1.610000000000000142e+01 -2.119509999999999973e-05 1.586565499999999980e-05 -2.119509999999999973e-05 4.919122562944999721e+00
1.612500000000000000e+01 -2.078650000000000164e-05 1.552276500000000079e-05 -2.078650000000000164e-05 4.911492308435000176e+00
1.614999999999999858e+01 -2.038150000000000129e-05 1.517219499999999984e-05 -2.038150000000000129e-05 4.903892047804999876e+00
1.617500000000000071e+01 -1.998090000000000041e-05 1.481438500000000063e-05 -1.998090000000000041e-05 4.896311781215000103e+00
1.619999999999999929e+01 -1.958509999999999990e-05 1.445048999999999927e-05 -1.958509999999999990e-05 4.888751509510000481e+00
1.622500000000000142e+01 -1.919490000000000150e-05 1.408167500000000100e-05 -1.919490000000000150e-05 4.881221233525000258e+00
1.625000000000000000e+01 -1.881140000000000085e-05 1.370931999999999904e-05 -1.881140000000000085e-05 4.873710954280000784e+00
1.627499999999999858e+01 -1.843560000000000015e-05 1.333481999999999949e-05 -1.843560000000000015e-05 4.866230672780000432e+00
1.630000000000000071e+01 -1.806859999999999841e-05 1.295978499999999979e-05 -1.806859999999999841e-05 4.858760390215000058e+00
1.632499999999999929e+01 -1.771169999999999849e-05 1.258592999999999962e-05 -1.771169999999999849e-05 4.851320107869999454e+00
1.635000000000000142e+01 -1.736619999999999985e-05 1.221517500000000117e-05 -1.736619999999999985e-05 4.843899827225000010e+00
1.637500000000000000e+01 -1.703349999999999878e-05 1.184945499999999919e-05 -1.703349999999999878e-05 4.836509549745000136e+00
1.639999999999999858e+01 -1.671529999999999902e-05 1.149091499999999974e-05 -1.671529999999999902e-05 4.829139277084999904e+00
1.642500000000000071e+01 -1.641290000000000002e-05 1.114168500000000105e-05 -1.641290000000000002e-05 4.821779010914999830e+00
1.644999999999999929e+01 -1.612819999999999917e-05 1.080403000000000064e-05 -1.612819999999999917e-05 4.814458752990000256e+00
1.647500000000000142e+01 -1.586269999999999976e-05 1.048015999999999894e-05 -1.586269999999999976e-05 4.807148505040000686e+00
1.650000000000000000e+01 -1.561809999999999875e-05 1.017242999999999978e-05 -1.561809999999999875e-05 4.799868268930000070e+00
1.652499999999999858e+01 -1.539609999999999986e-05 9.883184999999999464e-06 -1.539609999999999986e-05 4.792608046515000275e+00
1.655000000000000071e+01 -1.519850000000000026e-05 9.614744999999999371e-06 -1.519850000000000026e-05 4.785367839654999678e+00
1.657499999999999929e+01 -1.502679999999999985e-05 9.369455000000000911e-06 -1.502679999999999985e-05 4.778147650224999765e+00
1.660000000000000142e+01 -1.488279999999999920e-05 9.149595000000000953e-06 -1.488279999999999920e-05 4.770947480065000690e+00
1.662500000000000000e+01 -1.476810000000000011e-05 8.957419999999999697e-06 -1.476810000000000011e-05 4.763777331000000004e+00
1.664999999999999858e+01 -1.468420000000000079e-05 8.795095000000001213e-06 -1.468420000000000079e-05 4.756627204784999563e+00
1.667500000000000071e+01 -1.463259999999999946e-05 8.664714999999999592e-06 -1.463259999999999946e-05 4.749487103145000333e+00
1.669999999999999929e+01 -1.461469999999999917e-05 8.568300000000000617e-06 -1.461469999999999917e-05 4.742377027739999917e+00
1.672500000000000142e+01 -1.463189999999999962e-05 8.507694999999999526e-06 -1.463189999999999962e-05 4.735296980084999774e+00
1.675000000000000000e+01 -1.468529999999999982e-05 8.484665000000001206e-06 -1.468529999999999982e-05 4.728226961675000339e+00
1.677499999999999858e+01 -1.477619999999999924e-05 8.500834999999999053e-06 -1.477619999999999924e-05 4.721176973865000015e+00
1.680000000000000071e+01 -1.490539999999999963e-05 8.557659999999999987e-06 -1.490539999999999963e-05 4.714157017879999856e+00
1.682499999999999929e+01 -1.507379999999999957e-05 8.656445000000000432e-06 -1.507379999999999957e-05 4.707147094855000269e+00
1.685000000000000142e+01 -1.528220000000000083e-05 8.798294999999999760e-06 -1.528220000000000083e-05 4.700167205745000132e+00
1.687500000000000000e+01 -1.553100000000000089e-05 8.984160000000000054e-06 -1.553100000000000089e-05 4.693197351400000272e+00
1.689999999999999858e+01 -1.582079999999999937e-05 9.214774999999998523e-06 -1.582079999999999937e-05 4.686257532485000432e+00
1.692500000000000071e+01 -1.615169999999999987e-05 9.490680000000000755e-06 -1.615169999999999987e-05 4.679337749520000145e+00
1.694999999999999929e+01 -1.652379999999999924e-05 9.812220000000000390e-06 -1.652379999999999924e-05 4.672438002879999885e+00
1.697500000000000142e+01 -1.693720000000000108e-05 1.017951999999999940e-05 -1.693720000000000108e-05 4.665558292739999224e+00
1.700000000000000000e+01 -1.739140000000000090e-05 1.059249500000000030e-05 -1.739140000000000090e-05 4.658698619125000384e+00
1.702499999999999858e+01 -1.788610000000000143e-05 1.105088999999999882e-05 -1.788610000000000143e-05 4.651848981909999736e+00
1.705000000000000071e+01 -1.842070000000000136e-05 1.155410000000000005e-05 -1.842070000000000136e-05 4.645029380699999599e+00
1.707499999999999929e+01 -1.899449999999999915e-05 1.210150999999999995e-05 -1.899449999999999915e-05 4.638229815089999875e+00
1.710000000000000142e+01 -1.960639999999999917e-05 1.269217999999999882e-05 -1.960639999999999917e-05 4.631450284419999619e+00
1.712500000000000000e+01 -2.025539999999999922e-05 1.332496999999999992e-05 -2.025539999999999922e-05 4.624690787829999650e+00
1.714999999999999858e+01 -2.094019999999999985e-05 1.399861000000000081e-05 -2.094019999999999985e-05 4.617951324389999890e+00
1.717500000000000071e+01 -2.165950000000000159e-05 1.471150500000000002e-05 -2.165950000000000159e-05 4.611231892895000684e+00
1.719999999999999929e+01 -2.241160000000000070e-05 1.546196499999999961e-05 -2.241160000000000070e-05 4.604522492035000525e+00
1.722500000000000142e+01 -2.319480000000000025e-05 1.624816499999999896e-05 -2.319480000000000025e-05 4.597843120434999875e+00
1.725000000000000000e+01 -2.400729999999999967e-05 1.706798499999999884e-05 -2.400729999999999967e-05 4.591183776414999862e+00
1.727499999999999858e+01 -2.484710000000000136e-05 1.791927000000000098e-05 -2.484710000000000136e-05 4.584534458330000284e+00
1.730000000000000071e+01 -2.571210000000000070e-05 1.879967500000000055e-05 -2.571210000000000070e-05 4.577915164324999786e+00
1.732499999999999929e+01 -2.659999999999999943e-05 1.970673500000000132e-05 -2.659999999999999943e-05 4.571305892465000298e+00
1.735000000000000142e+01 -2.750859999999999951e-05 2.063787999999999967e-05 -2.750859999999999951e-05 4.564726640720000006e+00
1.737500000000000000e+01 -2.843549999999999905e-05 2.159042000000000055e-05 -2.843549999999999905e-05 4.558157406979999493e+00
1.739999999999999858e+01 -2.937809999999999914e-05 2.256147500000000238e-05 -2.937809999999999914e-05 4.551608188924999965e+00
1.742500000000000071e+01 -3.033390000000000107e-05 2.354825499999999973e-05 -3.033390000000000107e-05 4.545078984345000350e+00
1.744999999999999929e+01 -3.130020000000000230e-05 2.454776499999999993e-05 -3.130020000000000230e-05 4.538569790835000006e+00
1.747500000000000142e+01 -3.227449999999999736e-05 2.555711000000000034e-05 -3.227449999999999736e-05 4.532070606089999565e+00
1.750000000000000000e+01 -3.325409999999999727e-05 2.657318500000000060e-05 -3.325409999999999727e-05 4.525601427614999395e+00
1.752499999999999858e+01 -3.423610000000000244e-05 2.759290000000000139e-05 -3.423610000000000244e-05 4.519142252900000045e+00
1.755000000000000071e+01 -3.521780000000000017e-05 2.861325999999999987e-05 -3.521780000000000017e-05 4.512713079540000116e+00
1.757499999999999929e+01 -3.619659999999999832e-05 2.963126999999999997e-05 -3.619659999999999832e-05 4.506293905129999722e+00
1.760000000000000142e+01 -3.716969999999999752e-05 3.064375000000000286e-05 -3.716969999999999752e-05 4.499894727049999155e+00
1.762500000000000000e+01 -3.813439999999999864e-05 3.164780999999999947e-05 -3.813439999999999864e-05 4.493505542989999491e+00
1.764999999999999858e+01 -3.908810000000000274e-05 3.264037999999999868e-05 -3.908810000000000274e-05 4.487146350419999763e+00
1.767500000000000071e+01 -4.002799999999999691e-05 3.361869500000000356e-05 -4.002799999999999691e-05 4.480797147105000100e+00
1.769999999999999929e+01 -4.095170000000000299e-05 3.457989499999999700e-05 -4.095170000000000299e-05 4.474467930705000818e+00
1.772500000000000142e+01 -4.185660000000000173e-05 3.552122500000000311e-05 -4.185660000000000173e-05 4.468158698975000398e+00
1.775000000000000000e+01 -4.274030000000000141e-05 3.643995499999999355e-05 -4.274030000000000141e-05 4.461869449644999541e+00
1.777499999999999858e+01 -4.360049999999999701e-05 3.733355500000000139e-05 -4.360049999999999701e-05 4.455590180645000231e+00
1.780000000000000071e+01 -4.443479999999999679e-05 3.819951500000000013e-05 -4.443479999999999679e-05 4.449340889884999761e+00
1.782499999999999929e+01 -4.524110000000000295e-05 3.903562500000000456e-05 -4.524110000000000295e-05 4.443101575574999629e+00
1.785000000000000142e+01 -4.601739999999999753e-05 3.983969500000000380e-05 -4.601739999999999753e-05 4.436872235904999684e+00
1.787500000000000000e+01 -4.676170000000000326e-05 4.060951500000000586e-05 -4.676170000000000326e-05 4.430672868885000781e+00
1.789999999999999858e+01 -4.747210000000000242e-05 4.134320000000000085e-05 -4.747210000000000242e-05 4.424483473200000461e+00
1.792500000000000071e+01 -4.814699999999999828e-05 4.203901500000000293e-05 -4.814699999999999828e-05 4.418314047385000443e+00
1.794999999999999929e+01 -4.878470000000000067e-05 4.269524500000000054e-05 -4.878470000000000067e-05 4.412164589755000144e+00
1.797500000000000142e+01 -4.938389999999999994e-05 4.331039499999999752e-05 -4.938389999999999994e-05 4.406025099205000295e+00
1.800000000000000000e+01 -4.994299999999999938e-05 4.388306499999999758e-05 -4.994299999999999938e-05 4.399905574534999531e+00
1.802499999999999858e+01 -5.046109999999999702e-05 4.441217999999999327e-05 -5.046109999999999702e-05 4.393806014819999994e+00
1.805000000000000071e+01 -5.093689999999999676e-05 4.489715499999999789e-05 -5.093689999999999676e-05 4.387716419644999810e+00
1.807499999999999929e+01 -5.136959999999999687e-05 4.533614499999999756e-05 -5.136959999999999687e-05 4.381646787254999786e+00
1.810000000000000142e+01 -5.175850000000000258e-05 4.572840000000000081e-05 -5.175850000000000258e-05 4.375597116999999869e+00
1.812500000000000000e+01 -5.210259999999999816e-05 4.607438499999999949e-05 -5.210259999999999816e-05 4.369567409415000547e+00
1.814999999999999858e+01 -5.240179999999999692e-05 4.637319499999999808e-05 -5.240179999999999692e-05 4.363547663604999904e+00
1.817500000000000071e+01 -5.265599999999999865e-05 4.662452500000000233e-05 -5.265599999999999865e-05 4.357547879275000646e+00
1.819999999999999929e+01 -5.286410000000000094e-05 4.682839500000000009e-05 -5.286410000000000094e-05 4.351558056404999597e+00
1.822500000000000142e+01 -5.302639999999999768e-05 4.698481499999999884e-05 -5.302639999999999768e-05 4.345588194984999930e+00
1.825000000000000000e+01 -5.314300000000000263e-05 4.709383000000000172e-05 -5.314300000000000263e-05 4.339638294970000310e+00
1.827499999999999858e+01 -5.321390000000000224e-05 4.715579000000000613e-05 -5.321390000000000224e-05 4.333698356610000246e+00
1.830000000000000071e+01 -5.323949999999999738e-05 4.717125499999999701e-05 -5.323949999999999738e-05 4.327778380345000286e+00
1.832499999999999929e+01 -5.322020000000000250e-05 4.714079999999999426e-05 -5.322020000000000250e-05 4.321878366600000021e+00
1.835000000000000142e+01 -5.315629999999999791e-05 4.706490499999999759e-05 -5.315629999999999791e-05 4.315988315694999855e+00
1.837500000000000000e+01 -5.304859999999999892e-05 4.694465500000000158e-05 -5.304859999999999892e-05 4.310118228544999930e+00
1.839999999999999858e+01 -5.289770000000000008e-05 4.678076500000000204e-05 -5.289770000000000008e-05 4.304258105635000220e+00
1.842500000000000071e+01 -5.270440000000000313e-05 4.657433000000000102e-05 -5.270440000000000313e-05 4.298417947869999978e+00
1.844999999999999929e+01 -5.246960000000000328e-05 4.632637500000000248e-05 -5.246960000000000328e-05 4.292597756024999711e+00
1.847500000000000142e+01 -5.219440000000000293e-05 4.603821999999999711e-05 -5.219440000000000293e-05 4.286787531179999888e+00
1.850000000000000000e+01 -5.187969999999999729e-05 4.571109499999999640e-05 -5.187969999999999729e-05 4.280987274304999701e+00
1.852499999999999858e+01 -5.152680000000000275e-05 4.534601499999999684e-05 -5.152680000000000275e-05 4.275216986184999790e+00
1.855000000000000071e+01 -5.113670000000000119e-05 4.494506499999999520e-05 -5.113670000000000119e-05 4.269456668535000610e+00
1.857499999999999929e+01 -5.071080000000000243e-05 4.450927000000000220e-05 -5.071080000000000243e-05 4.263706322130000004e+00
1.860000000000000142e+01 -5.025040000000000257e-05 4.404027499999999738e-05 -5.025040000000000257e-05 4.257975948324999926e+00
1.862500000000000000e+01 -4.975689999999999790e-05 4.353963500000000144e-05 -4.975689999999999790e-05 4.252255548365000415e+00
1.864999999999999858e+01 -4.923159999999999803e-05 4.300890000000000084e-05 -4.923159999999999803e-05 4.246555123500000306e+00
1.867500000000000071e+01 -4.867599999999999949e-05 4.244973000000000328e-05 -4.867599999999999949e-05 4.240874675070000599e+00
1.869999999999999929e+01 -4.809169999999999900e-05 4.186377500000000221e-05 -4.809169999999999900e-05 4.235204204425000007e+00
1.872500000000000142e+01 -4.747999999999999942e-05 4.125269999999999892e-05 -4.747999999999999942e-05 4.229543712899999974e+00
1.875000000000000000e+01 -4.684259999999999769e-05 4.061826000000000097e-05 -4.684259999999999769e-05 4.223913201940000306e+00
1.877499999999999858e+01 -4.618099999999999712e-05 3.996191000000000174e-05 -4.618099999999999712e-05 4.218282672690000012e+00
1.880000000000000071e+01 -4.549670000000000098e-05 3.928561000000000282e-05 -4.549670000000000098e-05 4.212672126790000249e+00
1.882499999999999929e+01 -4.479129999999999922e-05 3.859090999999999742e-05 -4.479129999999999922e-05 4.207081565489999342e+00
1.885000000000000142e+01 -4.406630000000000193e-05 3.787946499999999970e-05 -4.406630000000000193e-05 4.201500990135000002e+00
1.887500000000000000e+01 -4.332339999999999927e-05 3.715292500000000309e-05 -4.332339999999999927e-05 4.195930402074999677e+00
1.889999999999999858e+01 -4.256390000000000087e-05 3.641283500000000049e-05 -4.256390000000000087e-05 4.190379802564999423e+00
1.892500000000000071e+01 -4.178939999999999668e-05 3.566094499999999912e-05 -4.178939999999999668e-05 4.184849193055000249e+00
1.894999999999999929e+01 -4.100139999999999677e-05 3.489868999999999773e-05 -4.100139999999999677e-05 4.179328574709999522e+00
1.897500000000000142e+01 -4.020139999999999765e-05 3.412760999999999562e-05 -4.020139999999999765e-05 4.173817948790000010e+00
1.900000000000000000e+01 -3.939090000000000262e-05 3.334922999999999783e-05 -3.939090000000000262e-05 4.168327316570000107e+00
1.902499999999999858e+01 -3.857120000000000096e-05 3.256498999999999668e-05 -3.857120000000000096e-05 4.162846679210000289e+00
1.905000000000000071e+01 -3.774370000000000253e-05 3.177620499999999606e-05 -3.774370000000000253e-05 4.157386037794999822e+00
1.907499999999999929e+01 -3.690979999999999684e-05 3.098428499999999976e-05 -3.690979999999999684e-05 4.151935393515000072e+00
1.910000000000000142e+01 -3.607080000000000030e-05 3.019046999999999963e-05 -3.607080000000000030e-05 4.146494747330000230e+00
1.912500000000000000e+01 -3.522790000000000199e-05 2.939607499999999959e-05 -3.522790000000000199e-05 4.141074100324999563e+00
1.914999999999999858e+01 -3.438229999999999775e-05 2.860223999999999807e-05 -3.438229999999999775e-05 4.135673453559999935e+00
1.917500000000000071e+01 -3.353519999999999700e-05 2.781001500000000075e-05 -3.353519999999999700e-05 4.130282807785000010e+00
1.919999999999999929e+01 -3.268770000000000215e-05 2.702047500000000153e-05 -3.268770000000000215e-05 4.124902163925000309e+00
1.922500000000000142e+01 -3.184090000000000206e-05 2.623450999999999829e-05 -3.184090000000000206e-05 4.119531522690000003e+00
1.925000000000000000e+01 -3.099579999999999892e-05 2.545369999999999992e-05 -3.099579999999999892e-05 4.114180885499999718e+00
1.927499999999999858e+01 -3.015339999999999831e-05 2.467801499999999754e-05 -3.015339999999999831e-05 4.108850252185000329e+00
1.930000000000000071e+01 -2.931449999999999860e-05 2.390861999999999810e-05 -2.931449999999999860e-05 4.103529623780000080e+00
1.932499999999999929e+01 -2.847999999999999837e-05 2.314608000000000049e-05 -2.847999999999999837e-05 4.098219000720000338e+00
1.935000000000000142e+01 -2.765079999999999960e-05 2.239135500000000070e-05 -2.765079999999999960e-05 4.092918383845000285e+00
1.937500000000000000e+01 -2.682750000000000022e-05 2.164498000000000227e-05 -2.682750000000000022e-05 4.087637773620000026e+00
1.939999999999999858e+01 -2.601079999999999836e-05 2.090731000000000295e-05 -2.601079999999999836e-05 4.082367170289999514e+00
1.942500000000000071e+01 -2.520149999999999918e-05 2.017887499999999914e-05 -2.520149999999999918e-05 4.077116574324999299e+00
1.944999999999999929e+01 -2.439989999999999995e-05 1.946001000000000073e-05 -2.439989999999999995e-05 4.071875985990000224e+00
1.947500000000000142e+01 -2.360669999999999880e-05 1.875112999999999948e-05 -2.360669999999999880e-05 4.066645405670000102e+00
1.950000000000000000e+01 -2.282230000000000001e-05 1.805226000000000053e-05 -2.282230000000000001e-05 4.061434833339999884e+00
1.952499999999999858e+01 -2.204710000000000106e-05 1.736380000000000136e-05 -2.204710000000000106e-05 4.056234269399999981e+00
1.955000000000000071e+01 -2.128139999999999923e-05 1.668566499999999943e-05 -2.128139999999999923e-05 4.051043713734999940e+00
1.957499999999999929e+01 -2.052569999999999899e-05 1.601785000000000115e-05 -2.052569999999999899e-05 4.045873166349999828e+00
1.960000000000000142e+01 -1.977990000000000014e-05 1.536033999999999870e-05 -1.977990000000000014e-05 4.040712627260000467e+00
1.962500000000000000e+01 -1.904450000000000037e-05 1.471292000000000075e-05 -1.904450000000000037e-05 4.035562096279999622e+00
1.964999999999999858e+01 -1.831949999999999968e-05 1.407547000000000061e-05 -1.831949999999999968e-05 4.030431573330000461e+00
1.967500000000000071e+01 -1.760490000000000148e-05 1.344746000000000016e-05 -1.760490000000000148e-05 4.025301057940000149e+00
1.969999999999999929e+01 -1.690079999999999919e-05 1.282865499999999991e-05 -1.690079999999999919e-05 4.020200549945000645e+00
1.972500000000000142e+01 -1.620719999999999960e-05 1.221839999999999977e-05 -1.620719999999999960e-05 4.015100048799999932e+00
1.975000000000000000e+01 -1.552399999999999909e-05 1.161614500000000023e-05 -1.552399999999999909e-05 4.010019554054999880e+00
1.977499999999999858e+01 -1.485110000000000084e-05 1.102123500000000121e-05 -1.485110000000000084e-05 4.004949065165000377e+00
1.980000000000000071e+01 -1.418820000000000080e-05 1.043288500000000032e-05 -1.418820000000000080e-05 3.999888581495000039e+00
1.982499999999999929e+01 -1.353520000000000045e-05 9.850090000000000080e-06 -1.353520000000000045e-05 3.994848102189999750e+00
1.985000000000000142e+01 -1.289180000000000081e-05 9.271835000000000650e-06 -1.289180000000000081e-05 3.989817626424999819e+00
1.987500000000000000e+01 -1.225759999999999933e-05 8.696974999999999855e-06 -1.225759999999999933e-05 3.984797153244999723e+00
1.989999999999999858e+01 -1.163230000000000042e-05 8.124215000000000277e-06 -1.163230000000000042e-05 3.979786681564999817e+00
1.992500000000000071e+01 -1.101539999999999960e-05 7.552139999999999491e-06 -1.101539999999999960e-05 3.974796210220000070e+00
1.994999999999999929e+01 -1.040659999999999960e-05 6.979075000000000599e-06 -1.040659999999999960e-05 3.969815737804999856e+00
1.997500000000000142e+01 -9.805290000000000102e-06 6.403700000000000200e-06 -9.805290000000000102e-06 3.964845263219999971e+00
2.000000000000000000e+01 -9.210540000000000418e-06 5.822835000000000299e-06 -9.210540000000000418e-06 3.959884783825000198e+00
