# raxis[fm], SN, VN, SP, VP [MeV]
0.000000000000000000e+00 -2.692259999999999991e+02 2.114847100000000069e+02 -2.692259999999999991e+02 2.251477899999999863e+02
2.500000000000000139e-02 -2.692259999999999991e+02 2.114847100000000069e+02 -2.692259999999999991e+02 2.251477899999999863e+02
5.000000000000000278e-02 -2.692200000000000273e+02 2.113539150000000006e+02 -2.692200000000000273e+02 2.250223850000000141e+02
7.499999999999999722e-02 -2.693729999999999905e+02 2.114882299999999873e+02 -2.693729999999999905e+02 2.251556700000000149e+02
1.000000000000000056e-01 -2.695889999999999986e+02 2.116817599999999970e+02 -2.695889999999999986e+02 2.253476400000000126e+02
1.250000000000000000e-01 -2.698700000000000045e+02 2.119426349999999957e+02 -2.698700000000000045e+02 2.256061650000000043e+02
1.499999999999999944e-01 -2.702169999999999845e+02 2.122637799999999970e+02 -2.702169999999999845e+02 2.259242199999999912e+02
1.749999999999999889e-01 -2.706279999999999859e+02 2.126451999999999884e+02 -2.706279999999999859e+02 2.263017999999999859e+02
2.000000000000000111e-01 -2.711009999999999991e+02 2.130848950000000173e+02 -2.711009999999999991e+02 2.267371049999999855e+02
2.250000000000000056e-01 -2.716349999999999909e+02 2.135818849999999998e+02 -2.716349999999999909e+02 2.272288150000000257e+02
2.500000000000000000e-01 -2.722289999999999850e+02 2.141351850000000070e+02 -2.722289999999999850e+02 2.277762149999999792e+02
2.750000000000000222e-01 -2.728829999999999814e+02 2.147428199999999947e+02 -2.728829999999999814e+02 2.283769799999999748e+02
2.999999999999999889e-01 -2.735950000000000273e+02 2.154058050000000151e+02 -2.735950000000000273e+02 2.290323950000000082e+02
3.250000000000000111e-01 -2.743639999999999759e+02 2.161221700000000112e+02 -2.743639999999999759e+02 2.297402299999999968e+02
3.499999999999999778e-01 -2.751890000000000214e+02 2.168879249999999956e+02 -2.751890000000000214e+02 2.304964750000000322e+02
3.750000000000000000e-01 -2.760690000000000168e+02 2.177061249999999859e+02 -2.760690000000000168e+02 2.313041750000000150e+02
4.000000000000000222e-01 -2.770020000000000095e+02 2.185748000000000104e+02 -2.770020000000000095e+02 2.321612000000000080e+02
4.249999999999999889e-01 -2.779870000000000232e+02 2.194909749999999917e+02 -2.779870000000000232e+02 2.330645250000000033e+02
4.500000000000000111e-01 -2.790230000000000246e+02 2.204536699999999882e+02 -2.790230000000000246e+02 2.340132300000000214e+02
4.749999999999999778e-01 -2.801089999999999804e+02 2.214609200000000158e+02 -2.801089999999999804e+02 2.350052799999999991e+02
5.000000000000000000e-01 -2.812389999999999759e+02 2.225117599999999811e+02 -2.812389999999999759e+02 2.360394399999999848e+02
5.250000000000000222e-01 -2.824159999999999968e+02 2.236052249999999901e+02 -2.824159999999999968e+02 2.371148750000000121e+02
5.500000000000000444e-01 -2.836370000000000005e+02 2.247383499999999970e+02 -2.836370000000000005e+02 2.382285500000000127e+02
5.749999999999999556e-01 -2.848990000000000009e+02 2.259091650000000016e+02 -2.848990000000000009e+02 2.393782350000000179e+02
5.999999999999999778e-01 -2.862019999999999982e+02 2.271166850000000181e+02 -2.862019999999999982e+02 2.405631150000000105e+02
6.250000000000000000e-01 -2.875430000000000064e+02 2.283589699999999993e+02 -2.875430000000000064e+02 2.417810300000000154e+02
6.500000000000000222e-01 -2.889189999999999827e+02 2.296340500000000020e+02 -2.889189999999999827e+02 2.430300499999999886e+02
6.750000000000000444e-01 -2.903299999999999841e+02 2.309399349999999913e+02 -2.903299999999999841e+02 2.443079650000000242e+02
6.999999999999999556e-01 -2.917719999999999914e+02 2.322736600000000067e+02 -2.917719999999999914e+02 2.456119400000000041e+02
7.249999999999999778e-01 -2.932450000000000045e+02 2.336352599999999882e+02 -2.932450000000000045e+02 2.469418399999999849e+02
7.500000000000000000e-01 -2.947440000000000282e+02 2.350207550000000083e+02 -2.947440000000000282e+02 2.482936449999999695e+02
7.750000000000000222e-01 -2.962699999999999818e+02 2.364291800000000023e+02 -2.962699999999999818e+02 2.496663199999999847e+02
8.000000000000000444e-01 -2.978179999999999836e+02 2.378585500000000081e+02 -2.978179999999999836e+02 2.510578500000000020e+02
8.249999999999999556e-01 -2.993870000000000005e+02 2.393058549999999798e+02 -2.993870000000000005e+02 2.524652449999999817e+02
8.499999999999999778e-01 -3.009739999999999895e+02 2.407701800000000105e+02 -3.009739999999999895e+02 2.538874200000000201e+02
8.750000000000000000e-01 -3.025779999999999745e+02 2.422474950000000149e+02 -3.025779999999999745e+02 2.553204049999999938e+02
9.000000000000000222e-01 -3.041960000000000264e+02 2.437378700000000151e+02 -3.041960000000000264e+02 2.567641300000000228e+02
9.250000000000000444e-01 -3.058249999999999886e+02 2.452372599999999920e+02 -3.058249999999999886e+02 2.582146399999999744e+02
9.499999999999999556e-01 -3.074639999999999986e+02 2.467446800000000167e+02 -3.074639999999999986e+02 2.596709199999999669e+02
9.749999999999999778e-01 -3.091089999999999804e+02 2.482581200000000194e+02 -3.091089999999999804e+02 2.611308799999999906e+02
1.000000000000000000e+00 -3.107599999999999909e+02 2.497746500000000083e+02 -3.107599999999999909e+02 2.625916500000000156e+02
1.024999999999999911e+00 -3.124130000000000109e+02 2.512922599999999989e+02 -3.124130000000000109e+02 2.640510400000000004e+02
1.050000000000000044e+00 -3.140649999999999977e+02 2.528098999999999990e+02 -3.140649999999999977e+02 2.655081999999999880e+02
1.074999999999999956e+00 -3.157160000000000082e+02 2.543246049999999912e+02 -3.157160000000000082e+02 2.669600950000000239e+02
1.100000000000000089e+00 -3.173629999999999995e+02 2.558313600000000179e+02 -3.173629999999999995e+02 2.684016399999999862e+02
1.125000000000000000e+00 -3.190029999999999859e+02 2.573351599999999735e+02 -3.190029999999999859e+02 2.698380399999999781e+02
1.149999999999999911e+00 -3.206340000000000146e+02 2.588309899999999857e+02 -3.206340000000000146e+02 2.712640099999999848e+02
1.175000000000000044e+00 -3.222540000000000191e+02 2.603148499999999785e+02 -3.222540000000000191e+02 2.726758499999999685e+02
1.199999999999999956e+00 -3.238609999999999900e+02 2.617857050000000072e+02 -3.238609999999999900e+02 2.740723950000000286e+02
1.225000000000000089e+00 -3.254540000000000077e+02 2.632425300000000448e+02 -3.254540000000000077e+02 2.754527699999999868e+02
1.250000000000000000e+00 -3.270289999999999964e+02 2.646833000000000311e+02 -3.270289999999999964e+02 2.768149000000000228e+02
1.274999999999999911e+00 -3.285860000000000127e+02 2.661060400000000072e+02 -3.285860000000000127e+02 2.781568600000000515e+02
1.300000000000000044e+00 -3.301209999999999809e+02 2.675106949999999983e+02 -3.301209999999999809e+02 2.794786050000000159e+02
1.324999999999999956e+00 -3.316340000000000146e+02 2.688932199999999852e+02 -3.316340000000000146e+02 2.807762799999999856e+02
1.350000000000000089e+00 -3.331229999999999905e+02 2.702525950000000421e+02 -3.331229999999999905e+02 2.820488050000000158e+02
1.375000000000000000e+00 -3.345849999999999795e+02 2.715887999999999920e+02 -3.345849999999999795e+02 2.832962999999999738e+02
1.399999999999999911e+00 -3.360199999999999818e+02 2.728987650000000258e+02 -3.360199999999999818e+02 2.845157350000000065e+02
1.425000000000000044e+00 -3.374250000000000114e+02 2.741824550000000045e+02 -3.374250000000000114e+02 2.857072450000000572e+02
1.449999999999999956e+00 -3.388000000000000114e+02 2.754368450000000053e+02 -3.388000000000000114e+02 2.868677549999999883e+02
1.475000000000000089e+00 -3.401429999999999723e+02 2.766628699999999981e+02 -3.401429999999999723e+02 2.879984300000000417e+02
1.500000000000000000e+00 -3.414519999999999982e+02 2.778584449999999606e+02 -3.414519999999999982e+02 2.890971549999999866e+02
1.524999999999999911e+00 -3.427259999999999991e+02 2.790216199999999844e+02 -3.427259999999999991e+02 2.901621799999999780e+02
1.550000000000000044e+00 -3.439639999999999986e+02 2.801553200000000174e+02 -3.439639999999999986e+02 2.911962800000000016e+02
1.574999999999999956e+00 -3.451659999999999968e+02 2.812524500000000103e+02 -3.451659999999999968e+02 2.921927499999999895e+02
1.600000000000000089e+00 -3.463290000000000077e+02 2.823159350000000245e+02 -3.463290000000000077e+02 2.931546650000000227e+02
1.625000000000000000e+00 -3.474540000000000077e+02 2.833447199999999953e+02 -3.474540000000000077e+02 2.940808799999999792e+02
1.649999999999999911e+00 -3.485380000000000109e+02 2.843367799999999761e+02 -3.485380000000000109e+02 2.949696200000000204e+02
1.675000000000000044e+00 -3.495849999999999795e+02 2.852930150000000253e+02 -3.495849999999999795e+02 2.958219849999999838e+02
1.699999999999999956e+00 -3.505889999999999986e+02 2.862113999999999692e+02 -3.505889999999999986e+02 2.966358000000000175e+02
1.725000000000000089e+00 -3.515520000000000209e+02 2.870938499999999749e+02 -3.515520000000000209e+02 2.974133499999999799e+02
1.750000000000000000e+00 -3.524739999999999895e+02 2.879382899999999950e+02 -3.524739999999999895e+02 2.981526100000000383e+02
1.774999999999999911e+00 -3.533530000000000086e+02 2.887456300000000056e+02 -3.533530000000000086e+02 2.988547700000000304e+02
1.800000000000000044e+00 -3.541909999999999741e+02 2.895148399999999924e+02 -3.541909999999999741e+02 2.995187600000000430e+02
1.824999999999999956e+00 -3.549859999999999900e+02 2.902448200000000043e+02 -3.549859999999999900e+02 3.001436800000000176e+02
1.850000000000000089e+00 -3.557389999999999759e+02 2.909385000000000332e+02 -3.557389999999999759e+02 3.007326999999999657e+02
1.875000000000000000e+00 -3.564499999999999886e+02 2.915938049999999748e+02 -3.564499999999999886e+02 3.012836950000000229e+02
1.899999999999999911e+00 -3.571200000000000045e+02 2.922106299999999806e+02 -3.571200000000000045e+02 3.017970699999999624e+02
1.925000000000000044e+00 -3.577479999999999905e+02 2.927899499999999762e+02 -3.577479999999999905e+02 3.022735500000000002e+02
1.949999999999999956e+00 -3.583340000000000032e+02 2.933336950000000343e+02 -3.583340000000000032e+02 3.027154049999999756e+02
1.975000000000000089e+00 -3.588799999999999955e+02 2.938397100000000250e+02 -3.588799999999999955e+02 3.031206899999999678e+02
2.000000000000000000e+00 -3.593860000000000241e+02 2.943089449999999943e+02 -3.593860000000000241e+02 3.034905550000000289e+02
2.024999999999999911e+00 -3.598539999999999850e+02 2.947433200000000397e+02 -3.598539999999999850e+02 3.038269799999999918e+02
2.049999999999999822e+00 -3.602830000000000155e+02 2.951417700000000082e+02 -3.602830000000000155e+02 3.041290300000000002e+02
2.075000000000000178e+00 -3.606730000000000018e+02 2.955062000000000353e+02 -3.606730000000000018e+02 3.043988999999999692e+02
2.100000000000000089e+00 -3.610280000000000200e+02 2.958375500000000216e+02 -3.610280000000000200e+02 3.046375499999999761e+02
2.125000000000000000e+00 -3.613460000000000036e+02 2.961366999999999621e+02 -3.613460000000000036e+02 3.048462000000000103e+02
2.149999999999999911e+00 -3.616309999999999718e+02 2.964036500000000274e+02 -3.616309999999999718e+02 3.050247499999999832e+02
2.174999999999999822e+00 -3.618820000000000050e+02 2.966401999999999930e+02 -3.618820000000000050e+02 3.051753999999999678e+02
2.200000000000000178e+00 -3.621009999999999991e+02 2.968473500000000058e+02 -3.621009999999999991e+02 3.052992499999999723e+02
2.225000000000000089e+00 -3.622889999999999873e+02 2.970260499999999979e+02 -3.622889999999999873e+02 3.053972500000000423e+02
2.250000000000000000e+00 -3.624490000000000123e+02 2.971772000000000276e+02 -3.624490000000000123e+02 3.054706000000000472e+02
2.274999999999999911e+00 -3.625799999999999841e+02 2.972996999999999730e+02 -3.625799999999999841e+02 3.055183000000000106e+02
2.299999999999999822e+00 -3.626859999999999786e+02 2.974004999999999654e+02 -3.626859999999999786e+02 3.055475000000000136e+02
2.325000000000000178e+00 -3.627669999999999959e+02 2.974775500000000079e+02 -3.627669999999999959e+02 3.055561499999999455e+02
2.350000000000000089e+00 -3.628260000000000218e+02 2.975337999999999852e+02 -3.628260000000000218e+02 3.055473999999999819e+02
2.375000000000000000e+00 -3.628629999999999995e+02 2.975681500000000028e+02 -3.628629999999999995e+02 3.055202499999999759e+02
2.399999999999999911e+00 -3.628809999999999718e+02 2.975845499999999788e+02 -3.628809999999999718e+02 3.054788499999999658e+02
2.424999999999999822e+00 -3.628809999999999718e+02 2.975829499999999825e+02 -3.628809999999999718e+02 3.054232499999999959e+02
2.450000000000000178e+00 -3.628659999999999854e+02 2.975663000000000125e+02 -3.628659999999999854e+02 3.053564000000000078e+02
2.475000000000000089e+00 -3.628369999999999891e+02 2.975346000000000117e+02 -3.628369999999999891e+02 3.052784000000000333e+02
2.500000000000000000e+00 -3.627959999999999923e+02 2.974907499999999914e+02 -3.627959999999999923e+02 3.051922500000000014e+02
2.524999999999999911e+00 -3.627450000000000045e+02 2.974357499999999845e+02 -3.627450000000000045e+02 3.050990500000000338e+02
2.549999999999999822e+00 -3.626850000000000023e+02 2.973705500000000370e+02 -3.626850000000000023e+02 3.049998500000000377e+02
2.575000000000000178e+00 -3.626190000000000282e+02 2.972980999999999767e+02 -3.626190000000000282e+02 3.048976000000000113e+02
2.600000000000000089e+00 -3.625489999999999782e+02 2.972194499999999948e+02 -3.625489999999999782e+02 3.047933500000000322e+02
2.625000000000000000e+00 -3.624759999999999991e+02 2.971365499999999997e+02 -3.624759999999999991e+02 3.046890500000000657e+02
2.649999999999999911e+00 -3.624019999999999868e+02 2.970504000000000246e+02 -3.624019999999999868e+02 3.045858999999999810e+02
2.674999999999999822e+00 -3.623299999999999841e+02 2.969630000000000223e+02 -3.623299999999999841e+02 3.044857000000000085e+02
2.700000000000000178e+00 -3.622599999999999909e+02 2.968753000000000384e+02 -3.622599999999999909e+02 3.043894999999999982e+02
2.725000000000000089e+00 -3.621949999999999932e+02 2.967903999999999769e+02 -3.621949999999999932e+02 3.043003999999999678e+02
2.750000000000000000e+00 -3.621360000000000241e+02 2.967082499999999641e+02 -3.621360000000000241e+02 3.042182500000000118e+02
2.774999999999999911e+00 -3.620849999999999795e+02 2.966308500000000095e+02 -3.620849999999999795e+02 3.041451500000000010e+02
2.799999999999999822e+00 -3.620439999999999827e+02 2.965603500000000281e+02 -3.620439999999999827e+02 3.040828500000000076e+02
2.825000000000000178e+00 -3.620149999999999864e+02 2.964966499999999883e+02 -3.620149999999999864e+02 3.040315500000000384e+02
2.850000000000000089e+00 -3.619970000000000141e+02 2.964429000000000087e+02 -3.619970000000000141e+02 3.039940999999999462e+02
2.875000000000000000e+00 -3.619940000000000282e+02 2.963990499999999884e+02 -3.619940000000000282e+02 3.039705499999999461e+02
2.899999999999999911e+00 -3.620059999999999718e+02 2.963672500000000127e+02 -3.620059999999999718e+02 3.039626500000000533e+02
2.924999999999999822e+00 -3.620350000000000250e+02 2.963474999999999682e+02 -3.620350000000000250e+02 3.039704999999999586e+02
2.950000000000000178e+00 -3.620819999999999936e+02 2.963419000000000096e+02 -3.620819999999999936e+02 3.039959999999999809e+02
2.975000000000000089e+00 -3.621480000000000246e+02 2.963514499999999998e+02 -3.621480000000000246e+02 3.040401500000000397e+02
3.000000000000000000e+00 -3.622330000000000041e+02 2.963783500000000117e+02 -3.622330000000000041e+02 3.041046499999999924e+02
3.024999999999999911e+00 -3.623389999999999986e+02 2.964205499999999915e+02 -3.623389999999999986e+02 3.041876500000000192e+02
3.049999999999999822e+00 -3.624669999999999845e+02 2.964792499999999791e+02 -3.624669999999999845e+02 3.042898500000000013e+02
3.075000000000000178e+00 -3.626159999999999854e+02 2.965564499999999839e+02 -3.626159999999999854e+02 3.044134499999999548e+02
3.100000000000000089e+00 -3.627880000000000109e+02 2.966524000000000001e+02 -3.627880000000000109e+02 3.045579999999999927e+02
3.125000000000000000e+00 -3.629830000000000041e+02 2.967679750000000354e+02 -3.629830000000000041e+02 3.047246250000000032e+02
3.149999999999999911e+00 -3.632010000000000218e+02 2.969024149999999622e+02 -3.632010000000000218e+02 3.049121850000000222e+02
3.174999999999999822e+00 -3.634429999999999836e+02 2.970568250000000035e+02 -3.634429999999999836e+02 3.051215750000000071e+02
3.200000000000000178e+00 -3.637080000000000268e+02 2.972312200000000075e+02 -3.637080000000000268e+02 3.053527799999999957e+02
3.225000000000000089e+00 -3.639959999999999809e+02 2.974248550000000364e+02 -3.639959999999999809e+02 3.056044449999999983e+02
3.250000000000000000e+00 -3.643059999999999832e+02 2.976387849999999844e+02 -3.643059999999999832e+02 3.058775150000000167e+02
3.274999999999999911e+00 -3.646399999999999864e+02 2.978721050000000332e+02 -3.646399999999999864e+02 3.061709950000000049e+02
3.299999999999999822e+00 -3.649950000000000045e+02 2.981249549999999999e+02 -3.649950000000000045e+02 3.064847450000000322e+02
3.325000000000000178e+00 -3.653720000000000141e+02 2.983964450000000284e+02 -3.653720000000000141e+02 3.068175550000000271e+02
3.350000000000000089e+00 -3.657690000000000055e+02 2.986866849999999545e+02 -3.657690000000000055e+02 3.071694150000000150e+02
3.375000000000000000e+00 -3.661859999999999786e+02 2.989947950000000105e+02 -3.661859999999999786e+02 3.075391050000000064e+02
3.399999999999999911e+00 -3.666220000000000141e+02 2.993199050000000057e+02 -3.666220000000000141e+02 3.079254950000000122e+02
3.424999999999999822e+00 -3.670749999999999886e+02 2.996611100000000079e+02 -3.670749999999999886e+02 3.083275899999999865e+02
3.450000000000000178e+00 -3.675439999999999827e+02 3.000175350000000094e+02 -3.675439999999999827e+02 3.087442649999999844e+02
3.475000000000000089e+00 -3.680269999999999868e+02 3.003862899999999740e+02 -3.680269999999999868e+02 3.091722099999999500e+02
3.500000000000000000e+00 -3.685240000000000009e+02 3.007694749999999999e+02 -3.685240000000000009e+02 3.096135249999999246e+02
3.524999999999999911e+00 -3.690319999999999823e+02 3.011642150000000129e+02 -3.690319999999999823e+02 3.100650849999999537e+02
3.549999999999999822e+00 -3.695489999999999782e+02 3.015695900000000051e+02 -3.695489999999999782e+02 3.105256100000000288e+02
3.575000000000000178e+00 -3.700749999999999886e+02 3.019837200000000053e+02 -3.700749999999999886e+02 3.109931799999999953e+02
3.600000000000000089e+00 -3.706059999999999945e+02 3.024046850000000290e+02 -3.706059999999999945e+02 3.114656150000000139e+02
3.625000000000000000e+00 -3.711399999999999864e+02 3.028305950000000166e+02 -3.711399999999999864e+02 3.119409049999999866e+02
3.649999999999999911e+00 -3.716750000000000114e+02 3.032605849999999919e+02 -3.716750000000000114e+02 3.124177149999999870e+02
3.674999999999999822e+00 -3.722099999999999795e+02 3.036925549999999703e+02 -3.722099999999999795e+02 3.128943449999999871e+02
3.700000000000000178e+00 -3.727409999999999854e+02 3.041248449999999934e+02 -3.727409999999999854e+02 3.133683550000000082e+02
3.725000000000000089e+00 -3.732669999999999959e+02 3.045553199999999947e+02 -3.732669999999999959e+02 3.138377800000000093e+02
3.750000000000000000e+00 -3.737839999999999918e+02 3.049811250000000200e+02 -3.737839999999999918e+02 3.142996749999999793e+02
3.774999999999999911e+00 -3.742900000000000205e+02 3.054012650000000235e+02 -3.742900000000000205e+02 3.147529349999999795e+02
3.799999999999999822e+00 -3.747819999999999823e+02 3.058129099999999880e+02 -3.747819999999999823e+02 3.151943899999999417e+02
3.825000000000000178e+00 -3.752579999999999814e+02 3.062140650000000051e+02 -3.752579999999999814e+02 3.156220349999999826e+02
3.850000000000000089e+00 -3.757149999999999750e+02 3.066027700000000209e+02 -3.757149999999999750e+02 3.160338299999999663e+02
3.875000000000000000e+00 -3.761490000000000009e+02 3.069760650000000055e+02 -3.761490000000000009e+02 3.164267350000000079e+02
3.899999999999999911e+00 -3.765590000000000259e+02 3.073319950000000063e+02 -3.765590000000000259e+02 3.167987050000000409e+02
3.924999999999999822e+00 -3.769420000000000073e+02 3.076685949999999821e+02 -3.769420000000000073e+02 3.171477050000000304e+02
3.950000000000000178e+00 -3.772930000000000064e+02 3.079828850000000102e+02 -3.772930000000000064e+02 3.174706149999999525e+02
3.975000000000000089e+00 -3.776109999999999900e+02 3.082728900000000181e+02 -3.776109999999999900e+02 3.177656100000000379e+02
4.000000000000000000e+00 -3.778929999999999723e+02 3.085366300000000024e+02 -3.778929999999999723e+02 3.180304699999999798e+02
4.025000000000000355e+00 -3.781360000000000241e+02 3.087711199999999963e+02 -3.781360000000000241e+02 3.182622799999999756e+02
4.049999999999999822e+00 -3.783360000000000127e+02 3.089733600000000138e+02 -3.783360000000000127e+02 3.184580399999999827e+02
4.075000000000000178e+00 -3.784909999999999854e+02 3.091423649999999839e+02 -3.784909999999999854e+02 3.186167350000000056e+02
4.099999999999999645e+00 -3.785989999999999895e+02 3.092751299999999901e+02 -3.785989999999999895e+02 3.187353699999999890e+02
4.125000000000000000e+00 -3.786549999999999727e+02 3.093696499999999787e+02 -3.786549999999999727e+02 3.188119500000000244e+02
4.150000000000000355e+00 -3.786580000000000155e+02 3.094229150000000459e+02 -3.786580000000000155e+02 3.188433850000000120e+02
4.174999999999999822e+00 -3.786059999999999945e+02 3.094329200000000242e+02 -3.786059999999999945e+02 3.188277800000000184e+02
4.200000000000000178e+00 -3.784940000000000282e+02 3.093976450000000114e+02 -3.784940000000000282e+02 3.187631549999999834e+02
4.224999999999999645e+00 -3.783210000000000264e+02 3.093140700000000152e+02 -3.783210000000000264e+02 3.186465299999999843e+02
4.250000000000000000e+00 -3.780840000000000032e+02 3.091811750000000529e+02 -3.780840000000000032e+02 3.184769249999999943e+02
4.275000000000000355e+00 -3.777799999999999727e+02 3.089969350000000077e+02 -3.777799999999999727e+02 3.182522650000000226e+02
4.299999999999999822e+00 -3.774069999999999823e+02 3.087583250000000135e+02 -3.774069999999999823e+02 3.179696749999999952e+02
4.325000000000000178e+00 -3.769630000000000223e+02 3.084633099999999786e+02 -3.769630000000000223e+02 3.176272900000000163e+02
4.349999999999999645e+00 -3.764460000000000264e+02 3.081108550000000150e+02 -3.764460000000000264e+02 3.172239450000000147e+02
4.375000000000000000e+00 -3.758530000000000086e+02 3.076989300000000185e+02 -3.758530000000000086e+02 3.167576700000000187e+02
4.400000000000000355e+00 -3.751859999999999786e+02 3.072244999999999777e+02 -3.751859999999999786e+02 3.162257000000000176e+02
4.424999999999999822e+00 -3.744359999999999786e+02 3.066875200000000063e+02 -3.744359999999999786e+02 3.156279799999999796e+02
4.450000000000000178e+00 -3.736019999999999754e+02 3.060849450000000047e+02 -3.736019999999999754e+02 3.149615549999999757e+02
4.474999999999999645e+00 -3.726870000000000118e+02 3.054167449999999917e+02 -3.726870000000000118e+02 3.142263550000000123e+02
4.500000000000000000e+00 -3.716879999999999882e+02 3.046798599999999624e+02 -3.716879999999999882e+02 3.134196400000000153e+02
4.525000000000000355e+00 -3.706050000000000182e+02 3.038732550000000288e+02 -3.706050000000000182e+02 3.125403450000000021e+02
4.549999999999999822e+00 -3.694320000000000164e+02 3.029958799999999997e+02 -3.694320000000000164e+02 3.115875199999999836e+02
4.575000000000000178e+00 -3.681700000000000159e+02 3.020466799999999807e+02 -3.681700000000000159e+02 3.105602199999999584e+02
4.599999999999999645e+00 -3.668190000000000168e+02 3.010236099999999624e+02 -3.668190000000000168e+02 3.094564900000000307e+02
4.625000000000000000e+00 -3.653770000000000095e+02 2.999266150000000266e+02 -3.653770000000000095e+02 3.082763849999999479e+02
4.650000000000000355e+00 -3.638419999999999845e+02 2.987546499999999696e+02 -3.638419999999999845e+02 3.070190499999999929e+02
4.674999999999999822e+00 -3.622149999999999750e+02 2.975066449999999918e+02 -3.622149999999999750e+02 3.056834549999999808e+02
4.700000000000000178e+00 -3.604950000000000045e+02 2.961815599999999904e+02 -3.604950000000000045e+02 3.042686400000000049e+02
4.724999999999999645e+00 -3.586820000000000164e+02 2.947783300000000395e+02 -3.586820000000000164e+02 3.027737700000000132e+02
4.750000000000000000e+00 -3.567749999999999773e+02 2.932979000000000269e+02 -3.567749999999999773e+02 3.011997999999999820e+02
4.775000000000000355e+00 -3.547749999999999773e+02 2.917392099999999573e+02 -3.547749999999999773e+02 2.995458899999999858e+02
4.799999999999999822e+00 -3.526800000000000068e+02 2.901012000000000057e+02 -3.526800000000000068e+02 2.978110000000000355e+02
4.825000000000000178e+00 -3.504920000000000186e+02 2.883838100000000395e+02 -3.504920000000000186e+02 2.959952900000000113e+02
4.849999999999999645e+00 -3.482099999999999795e+02 2.865879750000000286e+02 -3.482099999999999795e+02 2.940998250000000098e+02
4.875000000000000000e+00 -3.458360000000000127e+02 2.847126250000000027e+02 -3.458360000000000127e+02 2.921235749999999598e+02
4.900000000000000355e+00 -3.433690000000000282e+02 2.827587049999999635e+02 -3.433690000000000282e+02 2.900676950000000147e+02
4.924999999999999822e+00 -3.408100000000000023e+02 2.807261349999999993e+02 -3.408100000000000023e+02 2.879323649999999475e+02
4.950000000000000178e+00 -3.381600000000000250e+02 2.786148650000000089e+02 -3.381600000000000250e+02 2.857174350000000231e+02
4.974999999999999645e+00 -3.354200000000000159e+02 2.764258049999999685e+02 -3.354200000000000159e+02 2.834241949999999974e+02
5.000000000000000000e+00 -3.325930000000000177e+02 2.741588950000000295e+02 -3.325930000000000177e+02 2.810525049999999965e+02
5.025000000000000355e+00 -3.296779999999999973e+02 2.718160550000000057e+02 -3.296779999999999973e+02 2.786046449999999481e+02
5.049999999999999822e+00 -3.266770000000000209e+02 2.693982149999999933e+02 -3.266770000000000209e+02 2.760815850000000182e+02
5.075000000000000178e+00 -3.235919999999999845e+02 2.669042950000000474e+02 -3.235919999999999845e+02 2.734825050000000033e+02
5.099999999999999645e+00 -3.204239999999999782e+02 2.643372150000000147e+02 -3.204239999999999782e+02 2.708103849999999966e+02
5.125000000000000000e+00 -3.171759999999999877e+02 2.616979450000000043e+02 -3.171759999999999877e+02 2.680663550000000441e+02
5.150000000000000355e+00 -3.138489999999999895e+02 2.589873099999999795e+02 -3.138489999999999895e+02 2.652514899999999898e+02
5.174999999999999822e+00 -3.104460000000000264e+02 2.562062700000000177e+02 -3.104460000000000264e+02 2.623670299999999997e+02
5.200000000000000178e+00 -3.069680000000000177e+02 2.533577400000000068e+02 -3.069680000000000177e+02 2.594158600000000092e+02
5.224999999999999645e+00 -3.034180000000000064e+02 2.504426400000000115e+02 -3.034180000000000064e+02 2.563991599999999949e+02
5.250000000000000000e+00 -2.997980000000000018e+02 2.474628749999999968e+02 -2.997980000000000018e+02 2.533190250000000106e+02
5.275000000000000355e+00 -2.961120000000000232e+02 2.444203599999999881e+02 -2.961120000000000232e+02 2.501775400000000218e+02
5.299999999999999822e+00 -2.923609999999999900e+02 2.413169949999999915e+02 -2.923609999999999900e+02 2.469769049999999879e+02
5.325000000000000178e+00 -2.885489999999999782e+02 2.381547049999999786e+02 -2.885489999999999782e+02 2.437189950000000067e+02
5.349999999999999645e+00 -2.846789999999999736e+02 2.349353949999999998e+02 -2.846789999999999736e+02 2.404061049999999966e+02
5.375000000000000000e+00 -2.807520000000000095e+02 2.316629700000000014e+02 -2.807520000000000095e+02 2.370423299999999927e+02
5.400000000000000355e+00 -2.767730000000000246e+02 2.283393350000000055e+02 -2.767730000000000246e+02 2.336296650000000170e+02
5.424999999999999822e+00 -2.727450000000000045e+02 2.249654050000000041e+02 -2.727450000000000045e+02 2.301692950000000337e+02
5.450000000000000178e+00 -2.686700000000000159e+02 2.215460850000000050e+02 -2.686700000000000159e+02 2.266663149999999973e+02
5.474999999999999645e+00 -2.645520000000000209e+02 2.180822299999999814e+02 -2.645520000000000209e+02 2.231218700000000013e+02
5.500000000000000000e+00 -2.603949999999999818e+02 2.145778650000000027e+02 -2.603949999999999818e+02 2.195398349999999823e+02
5.525000000000000355e+00 -2.562019999999999982e+02 2.110358449999999948e+02 -2.562019999999999982e+02 2.159235549999999932e+02
5.549999999999999822e+00 -2.519749999999999943e+02 2.074590849999999875e+02 -2.519749999999999943e+02 2.122759150000000261e+02
5.575000000000000178e+00 -2.477189999999999941e+02 2.038495049999999935e+02 -2.477189999999999941e+02 2.085991950000000088e+02
5.599999999999999645e+00 -2.434379999999999882e+02 2.002110250000000065e+02 -2.434379999999999882e+02 2.048973749999999825e+02
5.625000000000000000e+00 -2.391339999999999861e+02 1.965475699999999790e+02 -2.391339999999999861e+02 2.011746300000000076e+02
5.650000000000000355e+00 -2.348110000000000070e+02 1.928610699999999838e+02 -2.348110000000000070e+02 1.974329299999999989e+02
5.674999999999999822e+00 -2.304730000000000132e+02 1.891544499999999971e+02 -2.304730000000000132e+02 1.936754500000000121e+02
5.700000000000000178e+00 -2.261229999999999905e+02 1.854326550000000111e+02 -2.261229999999999905e+02 1.899071449999999857e+02
5.724999999999999645e+00 -2.217649999999999864e+02 1.816986250000000211e+02 -2.217649999999999864e+02 1.861311750000000131e+02
5.750000000000000000e+00 -2.174019999999999868e+02 1.779553049999999814e+02 -2.174019999999999868e+02 1.823505949999999984e+02
5.775000000000000355e+00 -2.130380000000000109e+02 1.742046550000000025e+02 -2.130380000000000109e+02 1.785674449999999922e+02
5.799999999999999822e+00 -2.086759999999999877e+02 1.704526299999999992e+02 -2.086759999999999877e+02 1.747877699999999663e+02
5.825000000000000178e+00 -2.043199999999999932e+02 1.667002150000000142e+02 -2.043199999999999932e+02 1.710125850000000014e+02
5.849999999999999645e+00 -1.999730000000000132e+02 1.629523550000000114e+02 -1.999730000000000132e+02 1.672468450000000075e+02
5.875000000000000000e+00 -1.956390000000000100e+02 1.592120400000000018e+02 -1.956390000000000100e+02 1.634937600000000089e+02
5.900000000000000355e+00 -1.913199999999999932e+02 1.554822599999999966e+02 -1.913199999999999932e+02 1.597563399999999945e+02
5.924999999999999822e+00 -1.870200000000000102e+02 1.517650200000000211e+02 -1.870200000000000102e+02 1.560363800000000083e+02
5.950000000000000178e+00 -1.827419999999999902e+02 1.480663100000000156e+02 -1.827419999999999902e+02 1.523401900000000069e+02
5.974999999999999645e+00 -1.784890000000000043e+02 1.443861550000000022e+02 -1.784890000000000043e+02 1.486674449999999865e+02
6.000000000000000000e+00 -1.742640000000000100e+02 1.407295649999999796e+02 -1.742640000000000100e+02 1.450233350000000030e+02
6.025000000000000355e+00 -1.700699999999999932e+02 1.370985699999999952e+02 -1.700699999999999932e+02 1.414098299999999995e+02
6.049999999999999822e+00 -1.659099999999999966e+02 1.334971999999999923e+02 -1.659099999999999966e+02 1.378308000000000106e+02
6.075000000000000178e+00 -1.617860000000000014e+02 1.299275049999999965e+02 -1.617860000000000014e+02 1.342882950000000051e+02
6.099999999999999645e+00 -1.577009999999999934e+02 1.263915250000000015e+02 -1.577009999999999934e+02 1.307841750000000047e+02
6.125000000000000000e+00 -1.536579999999999870e+02 1.228923249999999996e+02 -1.536579999999999870e+02 1.273215750000000099e+02
6.150000000000000355e+00 -1.496589999999999918e+02 1.194329599999999942e+02 -1.496589999999999918e+02 1.239032399999999967e+02
6.174999999999999822e+00 -1.457059999999999889e+02 1.160155050000000045e+02 -1.457059999999999889e+02 1.205311949999999968e+02
6.200000000000000178e+00 -1.418009999999999877e+02 1.126420300000000054e+02 -1.418009999999999877e+02 1.172074699999999865e+02
6.224999999999999645e+00 -1.379470000000000027e+02 1.093146199999999908e+02 -1.379470000000000027e+02 1.139337799999999987e+02
6.250000000000000000e+00 -1.341450000000000102e+02 1.060363550000000004e+02 -1.341450000000000102e+02 1.107131449999999973e+02
6.275000000000000355e+00 -1.303969999999999914e+02 1.028070300000000117e+02 -1.303969999999999914e+02 1.075451699999999988e+02
6.299999999999999822e+00 -1.267019999999999982e+02 9.963003500000000656e+01 -1.267019999999999982e+02 1.044330649999999991e+02
6.325000000000000178e+00 -1.230690000000000026e+02 9.650657499999999800e+01 -1.230690000000000026e+02 1.013779250000000047e+02
6.349999999999999645e+00 -1.194929999999999950e+02 9.343804500000000246e+01 -1.194929999999999950e+02 9.838075500000000773e+01
6.375000000000000000e+00 -1.159770000000000039e+02 9.042585499999999854e+01 -1.159770000000000039e+02 9.544294500000000880e+01
6.400000000000000355e+00 -1.125220000000000056e+02 8.747130500000000097e+01 -1.125220000000000056e+02 9.256549499999999853e+01
6.424999999999999822e+00 -1.091299999999999955e+02 8.457541000000000508e+01 -1.091299999999999955e+02 8.974929000000000201e+01
6.450000000000000178e+00 -1.057999999999999972e+02 8.173909499999999184e+01 -1.057999999999999972e+02 8.699480499999999950e+01
6.474999999999999645e+00 -1.025349999999999966e+02 7.896332499999999754e+01 -1.025349999999999966e+02 8.430307500000000687e+01
6.500000000000000000e+00 -9.933459999999999468e+01 7.624863500000000727e+01 -9.933459999999999468e+01 8.167426499999999123e+01
6.525000000000000355e+00 -9.619950000000000045e+01 7.359562999999999988e+01 -9.619950000000000045e+01 7.910886999999999603e+01
6.549999999999999822e+00 -9.313030000000000541e+01 7.100492500000000007e+01 -9.313030000000000541e+01 7.660717499999998381e+01
6.575000000000000178e+00 -9.012730000000000530e+01 6.847662499999999852e+01 -9.012730000000000530e+01 7.416907500000000653e+01
6.599999999999999645e+00 -8.719079999999999586e+01 6.601102999999999099e+01 -8.719079999999999586e+01 7.179476999999999975e+01
6.625000000000000000e+00 -8.432099999999999795e+01 6.360815500000000355e+01 -8.432099999999999795e+01 6.948394499999999141e+01
6.650000000000000355e+00 -8.151800000000000068e+01 6.126809000000000083e+01 -8.151800000000000068e+01 6.723660999999999888e+01
6.674999999999999822e+00 -7.878159999999999741e+01 5.899074000000000240e+01 -7.878159999999999741e+01 6.505235999999999308e+01
6.700000000000000178e+00 -7.611190000000000566e+01 5.677620500000000447e+01 -7.611190000000000566e+01 6.293109499999999912e+01
6.724999999999999645e+00 -7.350849999999999795e+01 5.462337000000000131e+01 -7.350849999999999795e+01 6.087162999999999613e+01
6.750000000000000000e+00 -7.097129999999999939e+01 5.253222999999999843e+01 -7.097129999999999939e+01 5.887366999999999706e+01
6.775000000000000355e+00 -6.849970000000000425e+01 5.050236500000000461e+01 -6.849970000000000425e+01 5.693673499999999876e+01
6.799999999999999822e+00 -6.609340000000000259e+01 4.853306500000000057e+01 -6.609340000000000259e+01 5.505983499999999964e+01
6.825000000000000178e+00 -6.375180000000000291e+01 4.662370500000000106e+01 -6.375180000000000291e+01 5.324229499999999859e+01
6.849999999999999645e+00 -6.147440000000000282e+01 4.477364000000000033e+01 -6.147440000000000282e+01 5.148325999999999425e+01
6.875000000000000000e+00 -5.926050000000000040e+01 4.298207999999999629e+01 -5.926050000000000040e+01 4.978181999999999618e+01
6.900000000000000355e+00 -5.710940000000000083e+01 4.124816500000000019e+01 -5.710940000000000083e+01 4.813693500000000114e+01
6.924999999999999822e+00 -5.502020000000000266e+01 3.957086999999999932e+01 -5.502020000000000266e+01 4.654752999999999474e+01
6.950000000000000178e+00 -5.299219999999999686e+01 3.794933999999999941e+01 -5.299219999999999686e+01 4.501256000000000768e+01
6.974999999999999645e+00 -5.102459999999999951e+01 3.638263500000000050e+01 -5.102459999999999951e+01 4.353106499999999812e+01
7.000000000000000000e+00 -4.911630000000000251e+01 3.486970999999999776e+01 -4.911630000000000251e+01 4.210179000000000116e+01
7.025000000000000355e+00 -4.726639999999999731e+01 3.340930000000000177e+01 -4.726639999999999731e+01 4.072339999999999804e+01
7.049999999999999822e+00 -4.547399999999999665e+01 3.200046000000000390e+01 -4.547399999999999665e+01 3.939494000000000540e+01
7.075000000000000178e+00 -4.373799999999999955e+01 3.064211500000000044e+01 -4.373799999999999955e+01 3.811518499999999676e+01
7.099999999999999645e+00 -4.205740000000000123e+01 2.933290500000000023e+01 -4.205740000000000123e+01 3.688279500000000155e+01
7.125000000000000000e+00 -4.043099999999999739e+01 2.807186000000000092e+01 -4.043099999999999739e+01 3.569664000000000215e+01
7.150000000000000355e+00 -3.885779999999999745e+01 2.685760499999999951e+01 -3.885779999999999745e+01 3.455539499999999720e+01
7.174999999999999822e+00 -3.733670000000000044e+01 2.568916999999999717e+01 -3.733670000000000044e+01 3.345792999999999751e+01
7.200000000000000178e+00 -3.586639999999999873e+01 2.456506500000000059e+01 -3.586639999999999873e+01 3.240273499999999984e+01
7.224999999999999645e+00 -3.444599999999999795e+01 2.348431499999999872e+01 -3.444599999999999795e+01 3.138888499999999837e+01
7.250000000000000000e+00 -3.307419999999999760e+01 2.244562499999999972e+01 -3.307419999999999760e+01 3.041497499999999832e+01
7.275000000000000355e+00 -3.174980000000000047e+01 2.144781500000000207e+01 -3.174980000000000047e+01 2.947988500000000300e+01
7.299999999999999822e+00 -3.047180000000000177e+01 2.048948500000000195e+01 -3.047180000000000177e+01 2.858211499999999816e+01
7.325000000000000178e+00 -2.923880000000000123e+01 1.956964500000000129e+01 -2.923880000000000123e+01 2.772065500000000071e+01
7.349999999999999645e+00 -2.804980000000000118e+01 1.868708999999999776e+01 -2.804980000000000118e+01 2.689431000000000083e+01
7.375000000000000000e+00 -2.690350000000000108e+01 1.784052999999999756e+01 -2.690350000000000108e+01 2.610186999999999813e+01
7.400000000000000355e+00 -2.579889999999999972e+01 1.702886000000000166e+01 -2.579889999999999972e+01 2.534214000000000055e+01
7.424999999999999822e+00 -2.473479999999999990e+01 1.625096999999999881e+01 -2.473479999999999990e+01 2.461413000000000295e+01
7.450000000000000178e+00 -2.370990000000000109e+01 1.550566000000000066e+01 -2.370990000000000109e+01 2.391644000000000148e+01
7.474999999999999645e+00 -2.272329999999999828e+01 1.479171999999999976e+01 -2.272329999999999828e+01 2.324808000000000163e+01
7.500000000000000000e+00 -2.177370000000000161e+01 1.410834000000000010e+01 -2.177370000000000161e+01 2.260815999999999804e+01
7.525000000000000355e+00 -2.086009999999999920e+01 1.345410500000000020e+01 -2.086009999999999920e+01 2.199529499999999871e+01
7.549999999999999822e+00 -1.998130000000000095e+01 1.282811000000000057e+01 -1.998130000000000095e+01 2.140869000000000000e+01
7.575000000000000178e+00 -1.913619999999999877e+01 1.222933000000000092e+01 -1.913619999999999877e+01 2.084727000000000174e+01
7.599999999999999645e+00 -1.832389999999999830e+01 1.165686000000000000e+01 -1.832389999999999830e+01 2.031004000000000076e+01
7.625000000000000000e+00 -1.754319999999999879e+01 1.110957999999999934e+01 -1.754319999999999879e+01 1.979612000000000194e+01
7.650000000000000355e+00 -1.679319999999999879e+01 1.058652000000000015e+01 -1.679319999999999879e+01 1.930449999999999733e+01
7.674999999999999822e+00 -1.607280000000000086e+01 1.008678999999999881e+01 -1.607280000000000086e+01 1.883438999999999908e+01
7.700000000000000178e+00 -1.538100000000000023e+01 9.609465000000000146e+00 -1.538100000000000023e+01 1.838471499999999992e+01
7.724999999999999645e+00 -1.471679999999999922e+01 9.153650000000000730e+00 -1.471679999999999922e+01 1.795473000000000141e+01
7.750000000000000000e+00 -1.407939999999999969e+01 8.718479999999999563e+00 -1.407939999999999969e+01 1.754370000000000118e+01
7.775000000000000355e+00 -1.346780000000000044e+01 8.303129999999999455e+00 -1.346780000000000044e+01 1.715075000000000216e+01
7.799999999999999822e+00 -1.288100000000000023e+01 7.906794999999999796e+00 -1.288100000000000023e+01 1.677500500000000017e+01
7.825000000000000178e+00 -1.231830000000000069e+01 7.528675000000000672e+00 -1.231830000000000069e+01 1.641592500000000143e+01
7.849999999999999645e+00 -1.177870000000000061e+01 7.168004999999999960e+00 -1.177870000000000061e+01 1.607259499999999974e+01
7.875000000000000000e+00 -1.126130000000000031e+01 6.824065000000000047e+00 -1.126130000000000031e+01 1.574451499999999982e+01
7.900000000000000355e+00 -1.076549999999999940e+01 6.496145000000000280e+00 -1.076549999999999940e+01 1.543093499999999985e+01
7.924999999999999822e+00 -1.029039999999999999e+01 6.183545000000000513e+00 -1.029039999999999999e+01 1.513110499999999981e+01
7.950000000000000178e+00 -9.835140000000000882e+00 5.885609999999999786e+00 -9.835140000000000882e+00 1.484454999999999991e+01
7.974999999999999645e+00 -9.399070000000000036e+00 5.601699500000000498e+00 -9.399070000000000036e+00 1.457062050000000042e+01
8.000000000000000000e+00 -8.981429999999999580e+00 5.331208999999999421e+00 -8.981429999999999580e+00 1.430877100000000013e+01
8.025000000000000355e+00 -8.581530000000000769e+00 5.073526000000000202e+00 -8.581530000000000769e+00 1.405841399999999908e+01
8.050000000000000711e+00 -8.198679999999999524e+00 4.828099499999999544e+00 -8.198679999999999524e+00 1.381905049999999946e+01
8.074999999999999289e+00 -7.832220000000000404e+00 4.594367500000000604e+00 -7.832220000000000404e+00 1.359015250000000030e+01
8.099999999999999645e+00 -7.481489999999999974e+00 4.371797500000000447e+00 -7.481489999999999974e+00 1.337124250000000103e+01
8.125000000000000000e+00 -7.145889999999999631e+00 4.159907999999999717e+00 -7.145889999999999631e+00 1.316188200000000030e+01
8.150000000000000355e+00 -6.824799999999999756e+00 3.958188500000000332e+00 -6.824799999999999756e+00 1.296158149999999942e+01
8.175000000000000711e+00 -6.517640000000000100e+00 3.766177499999999956e+00 -6.517640000000000100e+00 1.276994249999999909e+01
8.199999999999999289e+00 -6.223860000000000170e+00 3.583434000000000452e+00 -6.223860000000000170e+00 1.258654599999999846e+01
8.224999999999999645e+00 -5.942919999999999980e+00 3.409518999999999966e+00 -5.942919999999999980e+00 1.241101100000000024e+01
8.250000000000000000e+00 -5.674280000000000435e+00 3.244031999999999805e+00 -5.674280000000000435e+00 1.224294799999999839e+01
8.275000000000000355e+00 -5.417440000000000033e+00 3.086573500000000081e+00 -5.417440000000000033e+00 1.208202649999999956e+01
8.300000000000000711e+00 -5.171909999999999563e+00 2.936754500000000156e+00 -5.171909999999999563e+00 1.192786549999999934e+01
8.324999999999999289e+00 -4.937240000000000073e+00 2.794236999999999860e+00 -4.937240000000000073e+00 1.178018300000000096e+01
8.349999999999999645e+00 -4.712950000000000195e+00 2.658652000000000015e+00 -4.712950000000000195e+00 1.163862800000000064e+01
8.375000000000000000e+00 -4.498619999999999841e+00 2.529692500000000344e+00 -4.498619999999999841e+00 1.150293749999999982e+01
8.400000000000000355e+00 -4.293829999999999814e+00 2.407020999999999855e+00 -4.293829999999999814e+00 1.137281899999999979e+01
8.425000000000000711e+00 -4.098180000000000156e+00 2.290350999999999804e+00 -4.098180000000000156e+00 1.124798900000000046e+01
8.449999999999999289e+00 -3.911259999999999959e+00 2.179386000000000045e+00 -3.911259999999999959e+00 1.112820400000000021e+01
8.474999999999999645e+00 -3.732720000000000038e+00 2.073849500000000123e+00 -3.732720000000000038e+00 1.101322049999999919e+01
8.500000000000000000e+00 -3.562190000000000190e+00 1.973486999999999991e+00 -3.562190000000000190e+00 1.090279300000000084e+01
8.525000000000000355e+00 -3.399329999999999963e+00 1.878042999999999907e+00 -3.399329999999999963e+00 1.079671700000000101e+01
8.550000000000000711e+00 -3.243799999999999795e+00 1.787273499999999959e+00 -3.243799999999999795e+00 1.069475650000000044e+01
8.574999999999999289e+00 -3.095289999999999875e+00 1.700953500000000007e+00 -3.095289999999999875e+00 1.059672649999999905e+01
8.599999999999999645e+00 -2.953489999999999949e+00 1.618880499999999945e+00 -2.953489999999999949e+00 1.050244949999999911e+01
8.625000000000000000e+00 -2.818109999999999893e+00 1.540820499999999926e+00 -2.818109999999999893e+00 1.041170950000000062e+01
8.650000000000000355e+00 -2.688870000000000093e+00 1.466601500000000113e+00 -2.688870000000000093e+00 1.032435849999999888e+01
8.675000000000000711e+00 -2.565490000000000048e+00 1.396010500000000043e+00 -2.565490000000000048e+00 1.024021949999999848e+01
8.699999999999999289e+00 -2.447719999999999896e+00 1.328895500000000007e+00 -2.447719999999999896e+00 1.015915449999999964e+01
8.724999999999999645e+00 -2.335310000000000219e+00 1.265065499999999954e+00 -2.335310000000000219e+00 1.008099449999999919e+01
8.750000000000000000e+00 -2.228019999999999889e+00 1.204359500000000027e+00 -2.228019999999999889e+00 1.000559050000000028e+01
8.775000000000000355e+00 -2.125630000000000130e+00 1.146636999999999906e+00 -2.125630000000000130e+00 9.932843000000000089e+00
8.800000000000000711e+00 -2.027909999999999879e+00 1.091733999999999982e+00 -2.027909999999999879e+00 9.862580000000001235e+00
8.824999999999999289e+00 -1.934660000000000046e+00 1.039522000000000057e+00 -1.934660000000000046e+00 9.794722000000000151e+00
8.849999999999999645e+00 -1.845669999999999922e+00 9.898635000000000073e-01 -1.845669999999999922e+00 9.729130500000000126e+00
8.875000000000000000e+00 -1.760760000000000103e+00 9.426335000000000131e-01 -1.760760000000000103e+00 9.665698499999999527e+00
8.900000000000000355e+00 -1.679729999999999945e+00 8.977100000000000080e-01 -1.679729999999999945e+00 9.604321999999999804e+00
8.925000000000000711e+00 -1.602430000000000021e+00 8.549784999999999746e-01 -1.602430000000000021e+00 9.544903500000000207e+00
8.949999999999999289e+00 -1.528669999999999973e+00 8.143299999999999983e-01 -1.528669999999999973e+00 9.487349999999999284e+00
8.974999999999999645e+00 -1.458299999999999930e+00 7.756624999999999215e-01 -1.458299999999999930e+00 9.431565499999999602e+00
9.000000000000000000e+00 -1.391159999999999952e+00 7.388759999999999772e-01 -1.391159999999999952e+00 9.377484000000000819e+00
9.025000000000000355e+00 -1.327110000000000012e+00 7.038780000000000037e-01 -1.327110000000000012e+00 9.325007999999998631e+00
9.050000000000000711e+00 -1.266000000000000014e+00 6.705784999999999663e-01 -1.266000000000000014e+00 9.274061500000000180e+00
9.074999999999999289e+00 -1.207710000000000061e+00 6.388939999999999619e-01 -1.207710000000000061e+00 9.224584000000000117e+00
9.099999999999999645e+00 -1.152090000000000058e+00 6.087440000000000628e-01 -1.152090000000000058e+00 9.176497999999998711e+00
9.125000000000000000e+00 -1.099040000000000017e+00 5.800520000000000120e-01 -1.099040000000000017e+00 9.129737999999999687e+00
9.150000000000000355e+00 -1.048440000000000039e+00 5.527455000000000007e-01 -1.048440000000000039e+00 9.084244500000000500e+00
9.175000000000000711e+00 -1.000159999999999938e+00 5.267560000000000020e-01 -1.000159999999999938e+00 9.039957999999998606e+00
9.199999999999999289e+00 -9.541070000000000384e-01 5.020179999999999643e-01 -9.541070000000000384e-01 8.996826000000000434e+00
9.224999999999999645e+00 -9.101770000000000138e-01 4.784700000000000064e-01 -9.101770000000000138e-01 8.954785999999998580e+00
9.250000000000000000e+00 -8.682720000000000438e-01 4.560524999999999718e-01 -8.682720000000000438e-01 8.913797499999999374e+00
9.275000000000000355e+00 -8.282990000000000075e-01 4.347092000000000178e-01 -8.282990000000000075e-01 8.873814799999999892e+00
9.300000000000000711e+00 -7.901690000000000103e-01 4.143880500000000078e-01 -7.901690000000000103e-01 8.834773950000000653e+00
9.324999999999999289e+00 -7.537960000000000216e-01 3.950377500000000208e-01 -7.537960000000000216e-01 8.796662250000000682e+00
9.349999999999999645e+00 -7.190999999999999615e-01 3.766103000000000089e-01 -7.190999999999999615e-01 8.759409700000000853e+00
9.375000000000000000e+00 -6.860039999999999472e-01 3.590607500000000396e-01 -6.860039999999999472e-01 8.722989249999999473e+00
9.400000000000000355e+00 -6.544339999999999602e-01 3.423455499999999985e-01 -6.544339999999999602e-01 8.687374450000000081e+00
9.425000000000000711e+00 -6.243180000000000396e-01 3.264240999999999948e-01 -6.243180000000000396e-01 8.652511900000000367e+00
9.449999999999999289e+00 -5.955909999999999815e-01 3.112570499999999796e-01 -5.955909999999999815e-01 8.618388949999999937e+00
9.474999999999999645e+00 -5.681880000000000264e-01 2.968072500000000224e-01 -5.681880000000000264e-01 8.584944750000000013e+00
9.500000000000000000e+00 -5.420469999999999455e-01 2.830396499999999760e-01 -5.420469999999999455e-01 8.552180350000000431e+00
9.525000000000000355e+00 -5.171109999999999873e-01 2.699213000000000306e-01 -5.171109999999999873e-01 8.520048700000000252e+00
9.550000000000000711e+00 -4.933239999999999847e-01 2.574204500000000229e-01 -4.933239999999999847e-01 8.488533549999999650e+00
9.574999999999999289e+00 -4.706319999999999948e-01 2.455075500000000188e-01 -4.706319999999999948e-01 8.457600449999999270e+00
9.599999999999999645e+00 -4.489850000000000230e-01 2.341539000000000259e-01 -4.489850000000000230e-01 8.427226100000000386e+00
9.625000000000000000e+00 -4.283350000000000213e-01 2.233311500000000061e-01 -4.283350000000000213e-01 8.397386850000000180e+00
9.650000000000000355e+00 -4.086359999999999992e-01 2.130150499999999836e-01 -4.086359999999999992e-01 8.368062950000000555e+00
9.675000000000000711e+00 -3.898429999999999951e-01 2.031804500000000124e-01 -3.898429999999999951e-01 8.339243549999999061e+00
9.699999999999999289e+00 -3.719149999999999956e-01 1.938041500000000084e-01 -3.719149999999999956e-01 8.310889849999998802e+00
9.724999999999999645e+00 -3.548120000000000163e-01 1.848652500000000087e-01 -3.548120000000000163e-01 8.283004749999999916e+00
9.750000000000000000e+00 -3.384949999999999903e-01 1.763418000000000208e-01 -3.384949999999999903e-01 8.255540200000000439e+00
9.775000000000000355e+00 -3.229290000000000216e-01 1.682140500000000038e-01 -3.229290000000000216e-01 8.228509949999999407e+00
9.800000000000000711e+00 -3.080789999999999917e-01 1.604632000000000003e-01 -3.080789999999999917e-01 8.201878799999999359e+00
9.824999999999999289e+00 -2.939109999999999778e-01 1.530716999999999772e-01 -2.939109999999999778e-01 8.175642299999999807e+00
9.849999999999999645e+00 -2.803950000000000053e-01 1.460209000000000090e-01 -2.803950000000000053e-01 8.149775100000001160e+00
9.875000000000000000e+00 -2.675000000000000155e-01 1.392973000000000128e-01 -2.675000000000000155e-01 8.124276699999999352e+00
9.900000000000000355e+00 -2.551970000000000072e-01 1.328835499999999892e-01 -2.551970000000000072e-01 8.099122449999999418e+00
9.925000000000000711e+00 -2.434600000000000097e-01 1.267651999999999946e-01 -2.434600000000000097e-01 8.074300799999999612e+00
9.949999999999999289e+00 -2.322619999999999962e-01 1.209299499999999944e-01 -2.322619999999999962e-01 8.049802050000000264e+00
9.974999999999999645e+00 -2.215789999999999982e-01 1.153626000000000096e-01 -2.215789999999999982e-01 8.025613399999999231e+00
1.000000000000000000e+01 -2.113869999999999916e-01 1.100516500000000009e-01 -2.113869999999999916e-01 8.001725750000000303e+00
1.002500000000000036e+01 -2.016620000000000079e-01 1.049849499999999936e-01 -2.016620000000000079e-01 7.978129250000000283e+00
1.005000000000000071e+01 -1.923850000000000005e-01 1.001511499999999943e-01 -1.923850000000000005e-01 7.954814650000000320e+00
1.007499999999999929e+01 -1.835340000000000027e-01 9.553944999999999799e-02 -1.835340000000000027e-01 7.931773349999999390e+00
1.009999999999999964e+01 -1.750889999999999946e-01 9.113964999999998873e-02 -1.750889999999999946e-01 7.908987149999999744e+00
1.012500000000000000e+01 -1.670329999999999870e-01 8.694174999999999820e-02 -1.670329999999999870e-01 7.886457850000000214e+00
1.015000000000000036e+01 -1.593459999999999877e-01 8.293675000000000352e-02 -1.593459999999999877e-01 7.864168249999999638e+00
1.017500000000000071e+01 -1.520130000000000092e-01 7.911555000000000670e-02 -1.520130000000000092e-01 7.842121050000000260e+00
1.019999999999999929e+01 -1.450170000000000070e-01 7.546980000000000355e-02 -1.450170000000000070e-01 7.820309599999999861e+00
1.022499999999999964e+01 -1.383429999999999938e-01 7.199149999999999994e-02 -1.383429999999999938e-01 7.798707499999999904e+00
1.025000000000000000e+01 -1.319760000000000100e-01 6.867285000000000750e-02 -1.319760000000000100e-01 7.777328350000000334e+00
1.027500000000000036e+01 -1.259010000000000129e-01 6.550675000000000248e-02 -1.259010000000000129e-01 7.756156649999999431e+00
1.030000000000000071e+01 -1.201060000000000044e-01 6.248610000000000275e-02 -1.201060000000000044e-01 7.735196699999999481e+00
1.032499999999999929e+01 -1.145779999999999993e-01 5.960435000000000039e-02 -1.145779999999999993e-01 7.714423250000000287e+00
1.034999999999999964e+01 -1.093049999999999994e-01 5.685524999999999607e-02 -1.093049999999999994e-01 7.693841350000000467e+00
1.037500000000000000e+01 -1.042740000000000056e-01 5.423254999999999743e-02 -1.042740000000000056e-01 7.673446049999999907e+00
1.040000000000000036e+01 -9.947499999999999398e-02 5.173080000000000039e-02 -9.947499999999999398e-02 7.653233000000000175e+00
1.042500000000000071e+01 -9.489730000000000387e-02 4.934415000000000329e-02 -9.489730000000000387e-02 7.633197449999999940e+00
1.044999999999999929e+01 -9.053079999999999461e-02 4.706770000000000398e-02 -9.053079999999999461e-02 7.613335900000000045e+00
1.047499999999999964e+01 -8.636570000000000358e-02 4.489655000000000035e-02 -8.636570000000000358e-02 7.593634050000000357e+00
1.050000000000000000e+01 -8.239290000000000502e-02 4.282569999999999433e-02 -8.239290000000000502e-02 7.574098300000000172e+00
1.052500000000000036e+01 -7.860359999999999570e-02 4.085070000000000368e-02 -7.860359999999999570e-02 7.554714900000000455e+00
1.055000000000000071e+01 -7.498950000000000060e-02 3.896724999999999495e-02 -7.498950000000000060e-02 7.535490750000000126e+00
1.057499999999999929e+01 -7.154240000000000599e-02 3.717108499999999954e-02 -7.154240000000000599e-02 7.516422315000000687e+00
1.059999999999999964e+01 -6.825489999999999335e-02 3.545845499999999983e-02 -6.825489999999999335e-02 7.497486745000000674e+00
1.062500000000000000e+01 -6.511949999999999683e-02 3.382543500000000092e-02 -6.511949999999999683e-02 7.478700964999999812e+00
1.065000000000000036e+01 -6.212940000000000129e-02 3.226843499999999809e-02 -6.212940000000000129e-02 7.460062165000000078e+00
1.067500000000000071e+01 -5.927799999999999736e-02 3.078415500000000055e-02 -5.927799999999999736e-02 7.441547844999999661e+00
1.069999999999999929e+01 -5.655879999999999935e-02 2.936913500000000107e-02 -5.655879999999999935e-02 7.423175265000000245e+00
1.072499999999999964e+01 -5.396580000000000127e-02 2.802030999999999966e-02 -5.396580000000000127e-02 7.404922090000000345e+00
1.075000000000000000e+01 -5.149320000000000286e-02 2.673473999999999989e-02 -5.149320000000000286e-02 7.386806059999999619e+00
1.077500000000000036e+01 -4.913560000000000150e-02 2.550938999999999984e-02 -4.913560000000000150e-02 7.368814810000000826e+00
1.080000000000000071e+01 -4.688760000000000150e-02 2.434173499999999976e-02 -4.688760000000000150e-02 7.350936465000000197e+00
1.082499999999999929e+01 -4.474430000000000074e-02 2.322897999999999977e-02 -4.474430000000000074e-02 7.333188819999999275e+00
1.084999999999999964e+01 -4.270079999999999709e-02 2.216871999999999940e-02 -4.270079999999999709e-02 7.315550080000000399e+00
1.087500000000000000e+01 -4.075249999999999706e-02 2.115856500000000071e-02 -4.075249999999999706e-02 7.298028434999999980e+00
1.090000000000000036e+01 -3.889510000000000189e-02 2.019635000000000180e-02 -3.889510000000000189e-02 7.280622250000000406e+00
1.092500000000000071e+01 -3.712440000000000184e-02 1.927960999999999911e-02 -3.712440000000000184e-02 7.263319590000000048e+00
1.094999999999999929e+01 -3.543639999999999984e-02 1.840637999999999996e-02 -3.543639999999999984e-02 7.246129019999999699e+00
1.097499999999999964e+01 -3.382720000000000171e-02 1.757461999999999913e-02 -3.382720000000000171e-02 7.229048979999999958e+00
1.100000000000000000e+01 -3.229329999999999701e-02 1.678249000000000060e-02 -3.229329999999999701e-02 7.212068109999999699e+00
1.102500000000000036e+01 -3.083119999999999958e-02 1.602816999999999784e-02 -3.083119999999999958e-02 7.195185029999999315e+00
1.105000000000000071e+01 -2.943749999999999839e-02 1.530982999999999997e-02 -2.943749999999999839e-02 7.178408370000000538e+00
1.107499999999999929e+01 -2.810910000000000145e-02 1.462596500000000119e-02 -2.810910000000000145e-02 7.161727035000000186e+00
1.109999999999999964e+01 -2.684289999999999940e-02 1.397477000000000094e-02 -2.684289999999999940e-02 7.145139630000000075e+00
1.112500000000000000e+01 -2.563609999999999847e-02 1.335484500000000060e-02 -2.563609999999999847e-02 7.128655154999999688e+00
1.115000000000000036e+01 -2.448590000000000141e-02 1.276461000000000089e-02 -2.448590000000000141e-02 7.112262389999999712e+00
1.117500000000000071e+01 -2.338969999999999938e-02 1.220277500000000077e-02 -2.338969999999999938e-02 7.095960425000000349e+00
1.119999999999999929e+01 -2.234490000000000087e-02 1.166806500000000003e-02 -2.234490000000000087e-02 7.079748334999999670e+00
1.122499999999999964e+01 -2.134909999999999933e-02 1.115900499999999962e-02 -2.134909999999999933e-02 7.063624974999999750e+00
1.125000000000000000e+01 -2.040010000000000087e-02 1.067448500000000092e-02 -2.040010000000000087e-02 7.047589574999999940e+00
1.127500000000000036e+01 -1.949559999999999835e-02 1.021325000000000011e-02 -1.949559999999999835e-02 7.031641149999999563e+00
1.130000000000000071e+01 -1.863360000000000016e-02 9.774370000000000974e-03 -1.863360000000000016e-02 7.015779090000000551e+00
1.132499999999999929e+01 -1.781200000000000144e-02 9.356605000000000477e-03 -1.781200000000000144e-02 7.000002454999999735e+00
1.134999999999999964e+01 -1.702899999999999900e-02 8.958970000000000128e-03 -1.702899999999999900e-02 6.984310510000000249e+00
1.137500000000000000e+01 -1.628280000000000005e-02 8.580505000000000423e-03 -1.628280000000000005e-02 6.968692574999999501e+00
1.140000000000000036e+01 -1.557150000000000027e-02 8.220240000000000186e-03 -1.557150000000000027e-02 6.953157939999999648e+00
1.142500000000000071e+01 -1.489350000000000049e-02 7.877294999999999436e-03 -1.489350000000000049e-02 6.937705964999999253e+00
1.144999999999999929e+01 -1.424729999999999920e-02 7.550819999999999754e-03 -1.424729999999999920e-02 6.922336020000000367e+00
1.147499999999999964e+01 -1.363130000000000071e-02 7.239994999999999938e-03 -1.363130000000000071e-02 6.907037524999999789e+00
1.150000000000000000e+01 -1.304409999999999945e-02 6.944035000000000311e-03 -1.304409999999999945e-02 6.891809884999999802e+00
1.152500000000000036e+01 -1.248430000000000026e-02 6.662185000000000155e-03 -1.248430000000000026e-02 6.876672574999999732e+00
1.155000000000000071e+01 -1.195049999999999932e-02 6.393740000000000187e-03 -1.195049999999999932e-02 6.861595079999999847e+00
1.157499999999999929e+01 -1.144170000000000083e-02 6.138035000000000019e-03 -1.144170000000000083e-02 6.846596905000000177e+00
1.159999999999999964e+01 -1.095639999999999982e-02 5.894365000000000368e-03 -1.095639999999999982e-02 6.831677534999999857e+00
1.162500000000000000e+01 -1.049369999999999990e-02 5.662219999999999927e-03 -1.049369999999999990e-02 6.816816639999999872e+00
1.165000000000000036e+01 -1.005239999999999953e-02 5.440904999999999353e-03 -1.005239999999999953e-02 6.802033674999999668e+00
1.167500000000000071e+01 -9.631419999999999912e-03 5.229904999999999970e-03 -9.631419999999999912e-03 6.787328275000000133e+00
1.169999999999999929e+01 -9.229859999999999454e-03 5.028680000000000649e-03 -9.229859999999999454e-03 6.772680059999999891e+00
1.172499999999999964e+01 -8.846730000000000566e-03 4.836704999999999303e-03 -8.846730000000000566e-03 6.758108635000000142e+00
1.175000000000000000e+01 -8.481139999999999859e-03 4.653509999999999591e-03 -8.481139999999999859e-03 6.743603669999999717e+00
1.177500000000000036e+01 -8.132240000000000649e-03 4.478634999999999908e-03 -8.132240000000000649e-03 6.729164824999999794e+00
1.180000000000000071e+01 -7.799209999999999997e-03 4.311625000000000353e-03 -7.799209999999999997e-03 6.714791775000000129e+00
1.182499999999999929e+01 -7.481269999999999934e-03 4.152079999999999833e-03 -7.481269999999999934e-03 6.700484219999999880e+00
1.184999999999999964e+01 -7.177689999999999591e-03 3.999599999999999857e-03 -7.177689999999999591e-03 6.686241879999999860e+00
1.187500000000000000e+01 -6.887749999999999775e-03 3.853800000000000107e-03 -6.887749999999999775e-03 6.672064480000000408e+00
1.190000000000000036e+01 -6.610790000000000069e-03 3.714344999999999973e-03 -6.610790000000000069e-03 6.657951755000000027e+00
1.192500000000000071e+01 -6.346179999999999877e-03 3.580886000000000138e-03 -6.346179999999999877e-03 6.643903474000000031e+00
1.194999999999999929e+01 -6.093300000000000279e-03 3.453096499999999854e-03 -6.093300000000000279e-03 6.629909383500000253e+00
1.197499999999999964e+01 -5.851580000000000323e-03 3.330673499999999877e-03 -5.851580000000000323e-03 6.615989266499999744e+00
1.200000000000000000e+01 -5.620469999999999806e-03 3.213348999999999893e-03 -5.620469999999999806e-03 6.602122931000000250e+00
1.202500000000000036e+01 -5.399450000000000083e-03 3.100845999999999984e-03 -5.399450000000000083e-03 6.588320173999999696e+00
1.205000000000000071e+01 -5.188019999999999785e-03 2.992900499999999898e-03 -5.188019999999999785e-03 6.574570799500000007e+00
1.207499999999999929e+01 -4.985719999999999909e-03 2.889270499999999943e-03 -4.985719999999999909e-03 6.560894629499999908e+00
1.209999999999999964e+01 -4.792099999999999659e-03 2.789744999999999725e-03 -4.792099999999999659e-03 6.547261515000000642e+00
1.212500000000000000e+01 -4.606729999999999853e-03 2.694095499999999820e-03 -4.606729999999999853e-03 6.533701284500000206e+00
1.215000000000000036e+01 -4.429210000000000265e-03 2.602115500000000067e-03 -4.429210000000000265e-03 6.520193784499999978e+00
1.217500000000000071e+01 -4.259159999999999682e-03 2.513628999999999863e-03 -4.259159999999999682e-03 6.506738890999999469e+00
1.219999999999999929e+01 -4.096210000000000302e-03 2.428453000000000122e-03 -4.096210000000000302e-03 6.493346467000000288e+00
1.222499999999999964e+01 -3.940029999999999748e-03 2.346414499999999962e-03 -3.940029999999999748e-03 6.480016385499999920e+00
1.225000000000000000e+01 -3.790289999999999979e-03 2.267363000000000104e-03 -3.790289999999999979e-03 6.466738537000000342e+00
1.227500000000000036e+01 -3.646669999999999860e-03 2.191128999999999993e-03 -3.646669999999999860e-03 6.453512790999999638e+00
1.230000000000000071e+01 -3.508890000000000186e-03 2.117593499999999816e-03 -3.508890000000000186e-03 6.440349066500000497e+00
1.232499999999999929e+01 -3.376670000000000019e-03 2.046619999999999863e-03 -3.376670000000000019e-03 6.427237260000000063e+00
1.234999999999999964e+01 -3.249740000000000094e-03 1.978069000000000268e-03 -3.249740000000000094e-03 6.414177270999999791e+00
1.237500000000000000e+01 -3.127850000000000161e-03 1.911851000000000002e-03 -3.127850000000000161e-03 6.401169029000000066e+00
1.240000000000000036e+01 -3.010769999999999853e-03 1.847829499999999788e-03 -3.010769999999999853e-03 6.388222430499999938e+00
1.242500000000000071e+01 -2.898280000000000040e-03 1.785910500000000099e-03 -2.898280000000000040e-03 6.375327409500000542e+00
1.244999999999999929e+01 -2.790149999999999922e-03 1.726012500000000029e-03 -2.790149999999999922e-03 6.362483907499999702e+00
1.247499999999999964e+01 -2.686200000000000133e-03 1.668023000000000032e-03 -2.686200000000000133e-03 6.349691836999999950e+00
1.250000000000000000e+01 -2.586230000000000126e-03 1.611863500000000008e-03 -2.586230000000000126e-03 6.336961136500000258e+00
1.252500000000000036e+01 -2.490060000000000103e-03 1.557459999999999877e-03 -2.490060000000000103e-03 6.324271759999999354e+00
1.255000000000000071e+01 -2.397530000000000147e-03 1.504734499999999930e-03 -2.397530000000000147e-03 6.311633645499999723e+00
1.257499999999999929e+01 -2.308460000000000026e-03 1.453608500000000067e-03 -2.308460000000000026e-03 6.299056731500000339e+00
1.259999999999999964e+01 -2.222710000000000137e-03 1.404023500000000074e-03 -2.222710000000000137e-03 6.286520976500000302e+00
1.262500000000000000e+01 -2.140130000000000070e-03 1.355912000000000133e-03 -2.140130000000000070e-03 6.274046327999999839e+00
1.265000000000000036e+01 -2.060600000000000105e-03 1.309216999999999890e-03 -2.060600000000000105e-03 6.261612742999999703e+00
1.267500000000000071e+01 -1.983969999999999831e-03 1.263891500000000013e-03 -1.983969999999999831e-03 6.249230188500000338e+00
1.269999999999999929e+01 -1.910119999999999960e-03 1.219869500000000115e-03 -1.910119999999999960e-03 6.236898610500000828e+00
1.272499999999999964e+01 -1.838950000000000003e-03 1.177115500000000016e-03 -1.838950000000000003e-03 6.224617984500000034e+00
1.275000000000000000e+01 -1.770349999999999962e-03 1.135575499999999950e-03 -1.770349999999999962e-03 6.212388268499999811e+00
1.277500000000000036e+01 -1.704199999999999899e-03 1.095209499999999937e-03 -1.704199999999999899e-03 6.200199432499999830e+00
1.280000000000000071e+01 -1.640420000000000073e-03 1.055979999999999983e-03 -1.640420000000000073e-03 6.188061445999999854e+00
1.282499999999999929e+01 -1.578900000000000052e-03 1.017848499999999970e-03 -1.578900000000000052e-03 6.175974279500000108e+00
1.284999999999999964e+01 -1.519579999999999976e-03 9.807825000000000917e-04 -1.519579999999999976e-03 6.163937909500000423e+00
1.287500000000000000e+01 -1.462360000000000005e-03 9.447484999999999824e-04 -1.462360000000000005e-03 6.151942307500000595e+00
1.290000000000000036e+01 -1.407169999999999905e-03 9.097175000000000530e-04 -1.407169999999999905e-03 6.139997450500000120e+00
1.292500000000000071e+01 -1.353929999999999934e-03 8.756644999999999100e-04 -1.353929999999999934e-03 6.128093321499999746e+00
1.294999999999999929e+01 -1.302589999999999954e-03 8.425645000000000270e-04 -1.302589999999999954e-03 6.116239897499999856e+00
1.297499999999999964e+01 -1.253070000000000008e-03 8.103935000000000262e-04 -1.253070000000000008e-03 6.104437160499999848e+00
1.300000000000000000e+01 -1.205319999999999959e-03 7.791325000000000420e-04 -1.205319999999999959e-03 6.092675095500000637e+00
1.302500000000000036e+01 -1.159279999999999946e-03 7.487635000000000081e-04 -1.159279999999999946e-03 6.080963686499999632e+00
1.305000000000000071e+01 -1.114900000000000049e-03 7.192699999999999354e-04 -1.114900000000000049e-03 6.069292920000000535e+00
1.307499999999999929e+01 -1.072129999999999915e-03 6.906374999999999754e-04 -1.072129999999999915e-03 6.057672784499999352e+00
1.309999999999999964e+01 -1.030920000000000057e-03 6.628534999999999852e-04 -1.030920000000000057e-03 6.046093268500000839e+00
1.312500000000000000e+01 -9.912370000000000642e-04 6.359070000000000087e-04 -9.912370000000000642e-04 6.034554362999999810e+00
1.315000000000000036e+01 -9.530380000000000188e-04 6.097900000000000282e-04 -9.530380000000000188e-04 6.023066060000000554e+00
1.317500000000000071e+01 -9.162849999999999728e-04 5.844954999999999335e-04 -9.162849999999999728e-04 6.011618352499999318e+00
1.319999999999999929e+01 -8.809449999999999486e-04 5.600175000000000639e-04 -8.809449999999999486e-04 6.000221236499999833e+00
1.322499999999999964e+01 -8.469859999999999845e-04 5.363520000000000310e-04 -8.469859999999999845e-04 5.988864706000000204e+00
1.325000000000000000e+01 -8.143789999999999493e-04 5.134970000000000203e-04 -8.143789999999999493e-04 5.977548758999999379e+00
1.327500000000000036e+01 -7.830969999999999598e-04 4.914509999999999539e-04 -7.830969999999999598e-04 5.966273392999999814e+00
1.330000000000000071e+01 -7.531159999999999634e-04 4.702124999999999708e-04 -7.531159999999999634e-04 5.955048605500000036e+00
1.332499999999999929e+01 -7.244110000000000002e-04 4.497850000000000177e-04 -7.244110000000000002e-04 5.943864398999999743e+00
1.334999999999999964e+01 -6.969619999999999722e-04 4.301695000000000020e-04 -6.969619999999999722e-04 5.932720772499999740e+00
1.337500000000000000e+01 -6.707479999999999823e-04 4.113685000000000171e-04 -6.707479999999999823e-04 5.921617727499999262e+00
1.340000000000000036e+01 -6.457529999999999954e-04 3.933894999999999645e-04 -6.457529999999999954e-04 5.910555268499999571e+00
1.342500000000000071e+01 -6.219580000000000377e-04 3.762329999999999603e-04 -6.219580000000000377e-04 5.899533394999999736e+00
1.344999999999999929e+01 -5.993479999999999815e-04 3.599038500000000321e-04 -5.993479999999999815e-04 5.888562110150000528e+00
1.347499999999999964e+01 -5.779080000000000241e-04 3.444100000000000178e-04 -5.779080000000000241e-04 5.877621419999999652e+00
1.350000000000000000e+01 -5.576240000000000537e-04 3.297565500000000302e-04 -5.576240000000000537e-04 5.866731327450000144e+00
1.352500000000000036e+01 -5.384839999999999896e-04 3.159503500000000200e-04 -5.384839999999999896e-04 5.855881837650000143e+00
1.355000000000000071e+01 -5.204749999999999524e-04 3.029972999999999933e-04 -5.204749999999999524e-04 5.845062954699999480e+00
1.357499999999999929e+01 -5.035849999999999702e-04 2.909041999999999921e-04 -5.035849999999999702e-04 5.834294683800000492e+00
1.359999999999999964e+01 -4.878029999999999779e-04 2.796757499999999929e-04 -4.878029999999999779e-04 5.823557028249999767e+00
1.362500000000000000e+01 -4.731159999999999879e-04 2.693176499999999879e-04 -4.731159999999999879e-04 5.812869992349999571e+00
1.365000000000000036e+01 -4.595140000000000054e-04 2.598362499999999739e-04 -4.595140000000000054e-04 5.802213581749999349e+00
1.367500000000000071e+01 -4.469850000000000038e-04 2.512350500000000062e-04 -4.469850000000000038e-04 5.791607798949999442e+00
1.369999999999999929e+01 -4.355189999999999886e-04 2.435181500000000191e-04 -4.355189999999999886e-04 5.781032647850000039e+00
1.372499999999999964e+01 -4.251030000000000260e-04 2.366877500000000040e-04 -4.251030000000000260e-04 5.770498130250000024e+00
1.375000000000000000e+01 -4.157259999999999970e-04 2.307466000000000042e-04 -4.157259999999999970e-04 5.760004249399999665e+00
1.377500000000000036e+01 -4.073740000000000065e-04 2.256945499999999955e-04 -4.073740000000000065e-04 5.749541005450000242e+00
1.380000000000000071e+01 -4.000349999999999739e-04 2.215307999999999763e-04 -4.000349999999999739e-04 5.739128399199999286e+00
1.382499999999999929e+01 -3.936950000000000041e-04 2.182550500000000069e-04 -3.936950000000000041e-04 5.728746430950000246e+00
1.384999999999999964e+01 -3.883399999999999851e-04 2.158622000000000015e-04 -3.883399999999999851e-04 5.718405097799999837e+00
1.387500000000000000e+01 -3.839529999999999744e-04 2.143492000000000043e-04 -3.839529999999999744e-04 5.708104398799999757e+00
1.390000000000000036e+01 -3.805190000000000070e-04 2.137076000000000069e-04 -3.805190000000000070e-04 5.697834328399999926e+00
1.392500000000000071e+01 -3.780200000000000162e-04 2.139307499999999914e-04 -3.780200000000000162e-04 5.687604883249999688e+00
1.394999999999999929e+01 -3.764379999999999896e-04 2.150099999999999895e-04 -3.764379999999999896e-04 5.677416057999999488e+00
1.397499999999999964e+01 -3.757540000000000077e-04 2.169317000000000088e-04 -3.757540000000000077e-04 5.667257842299999737e+00
1.400000000000000000e+01 -3.759470000000000108e-04 2.196835999999999917e-04 -3.759470000000000108e-04 5.657140230400000469e+00
1.402500000000000036e+01 -3.769949999999999777e-04 2.232495500000000147e-04 -3.769949999999999777e-04 5.647063210449999815e+00
1.405000000000000071e+01 -3.788770000000000115e-04 2.276137500000000025e-04 -3.788770000000000115e-04 5.637016772249999974e+00
1.407499999999999929e+01 -3.815679999999999896e-04 2.327572999999999882e-04 -3.815679999999999896e-04 5.627010902700000372e+00
1.409999999999999964e+01 -3.850409999999999749e-04 2.386571499999999991e-04 -3.850409999999999749e-04 5.617035586850000151e+00
1.412500000000000000e+01 -3.892710000000000072e-04 2.452951999999999889e-04 -3.892710000000000072e-04 5.607100810800000446e+00
1.415000000000000036e+01 -3.942309999999999868e-04 2.526431499999999834e-04 -3.942309999999999868e-04 5.597206554849999627e+00
1.417500000000000071e+01 -3.998909999999999835e-04 2.606761000000000299e-04 -3.998909999999999835e-04 5.587332801900000590e+00
1.419999999999999929e+01 -4.062219999999999742e-04 2.693659000000000157e-04 -4.062219999999999742e-04 5.577509532100000555e+00
1.422499999999999964e+01 -4.131930000000000130e-04 2.786843499999999739e-04 -4.131930000000000130e-04 5.567716725649999532e+00
1.425000000000000000e+01 -4.207710000000000139e-04 2.885990000000000061e-04 -4.207710000000000139e-04 5.557954359000000011e+00
1.427500000000000036e+01 -4.289240000000000153e-04 2.990781499999999819e-04 -4.289240000000000153e-04 5.548222409850000147e+00
1.430000000000000071e+01 -4.376180000000000239e-04 3.100881000000000102e-04 -4.376180000000000239e-04 5.538540853899999838e+00
1.432499999999999929e+01 -4.468179999999999765e-04 3.215929500000000462e-04 -4.468179999999999765e-04 5.528879665049999836e+00
1.434999999999999964e+01 -4.564880000000000109e-04 3.335556499999999783e-04 -4.564880000000000109e-04 5.519258816349999819e+00
1.437500000000000000e+01 -4.665930000000000099e-04 3.459390499999999858e-04 -4.665930000000000099e-04 5.509668280950000607e+00
1.440000000000000036e+01 -4.770940000000000098e-04 3.587050000000000156e-04 -4.770940000000000098e-04 5.500118030999999519e+00
1.442500000000000071e+01 -4.879540000000000244e-04 3.718141000000000219e-04 -4.879540000000000244e-04 5.490588037900000273e+00
1.444999999999999929e+01 -4.991350000000000517e-04 3.852251499999999958e-04 -4.991350000000000517e-04 5.481098270850000453e+00
1.447499999999999964e+01 -5.106000000000000512e-04 3.988986499999999658e-04 -5.106000000000000512e-04 5.471648701349999477e+00
1.450000000000000000e+01 -5.223089999999999894e-04 4.127911999999999857e-04 -5.223089999999999894e-04 5.462229296799999467e+00
1.452500000000000036e+01 -5.342230000000000112e-04 4.268634500000000271e-04 -5.342230000000000112e-04 5.452830028549999319e+00
1.455000000000000071e+01 -5.463039999999999520e-04 4.410709999999999653e-04 -5.463039999999999520e-04 5.443480862999999559e+00
1.457499999999999929e+01 -5.585120000000000492e-04 4.553744999999999885e-04 -5.585120000000000492e-04 5.434151771499999839e+00
1.459999999999999964e+01 -5.708090000000000299e-04 4.697305000000000252e-04 -5.708090000000000299e-04 5.424862721500000262e+00
1.462500000000000000e+01 -5.831569999999999462e-04 4.840975000000000182e-04 -5.831569999999999462e-04 5.415593682499999950e+00
1.465000000000000036e+01 -5.955170000000000515e-04 4.984339999999999648e-04 -5.955170000000000515e-04 5.406364621999999898e+00
1.467500000000000071e+01 -6.078519999999999800e-04 5.127000000000000481e-04 -6.078519999999999800e-04 5.397165511999999943e+00
1.469999999999999929e+01 -6.201299999999999868e-04 5.268545000000000563e-04 -6.201299999999999868e-04 5.387996319500000020e+00
1.472499999999999964e+01 -6.323029999999999666e-04 5.408570000000000565e-04 -6.323029999999999666e-04 5.378867014999999974e+00
1.475000000000000000e+01 -6.443420000000000050e-04 5.546655000000000378e-04 -6.443420000000000050e-04 5.369757566499999690e+00
1.477500000000000036e+01 -6.562109999999999688e-04 5.682534999999999626e-04 -6.562109999999999688e-04 5.360687954499999464e+00
1.480000000000000071e+01 -6.678769999999999889e-04 5.815755000000000360e-04 -6.678769999999999889e-04 5.351638144499999861e+00
1.482499999999999929e+01 -6.793059999999999637e-04 5.945959999999999700e-04 -6.793059999999999637e-04 5.342628110000000596e+00
1.484999999999999964e+01 -6.904669999999999471e-04 6.072849999999999429e-04 -6.904669999999999471e-04 5.333637825000000277e+00
1.487500000000000000e+01 -7.013289999999999932e-04 6.196065000000000383e-04 -7.013289999999999932e-04 5.324687265499999711e+00
1.490000000000000036e+01 -7.118629999999999706e-04 6.315315000000000165e-04 -7.118629999999999706e-04 5.315766408499999152e+00
1.492500000000000071e+01 -7.220399999999999648e-04 6.430280000000000240e-04 -7.220399999999999648e-04 5.306865228000000378e+00
1.494999999999999929e+01 -7.318350000000000159e-04 6.540690000000000696e-04 -7.318350000000000159e-04 5.298003705000000174e+00
1.497499999999999964e+01 -7.412210000000000239e-04 6.646280000000000070e-04 -7.412210000000000239e-04 5.289171817999999803e+00
1.500000000000000000e+01 -7.501749999999999521e-04 6.746809999999998919e-04 -7.501749999999999521e-04 5.280359548999999930e+00
1.502500000000000036e+01 -7.586739999999999803e-04 6.842045000000000592e-04 -7.586739999999999803e-04 5.271586879500000045e+00
1.505000000000000071e+01 -7.666990000000000263e-04 6.931770000000000076e-04 -7.666990000000000263e-04 5.262833792999999538e+00
1.507499999999999929e+01 -7.742299999999999920e-04 7.015799999999999337e-04 -7.742299999999999920e-04 5.254120273999999924e+00
1.509999999999999964e+01 -7.812490000000000276e-04 7.093969999999999573e-04 -7.812490000000000276e-04 5.245426311000000119e+00
1.512500000000000000e+01 -7.877410000000000054e-04 7.166114999999999811e-04 -7.877410000000000054e-04 5.236761890499999517e+00
1.515000000000000036e+01 -7.936910000000000145e-04 7.232115000000000331e-04 -7.936910000000000145e-04 5.228127002499999953e+00
1.517500000000000071e+01 -7.990879999999999901e-04 7.291845000000000791e-04 -7.990879999999999901e-04 5.219521637499999756e+00
1.519999999999999929e+01 -8.039199999999999601e-04 7.345215000000000858e-04 -8.039199999999999601e-04 5.210935788500000498e+00
1.522499999999999964e+01 -8.081779999999999997e-04 7.392144999999999272e-04 -8.081779999999999997e-04 5.202389447499999875e+00
1.525000000000000000e+01 -8.118560000000000143e-04 7.432580000000000046e-04 -8.118560000000000143e-04 5.193862612000000212e+00
1.527500000000000036e+01 -8.149459999999999864e-04 7.466484999999999919e-04 -8.149459999999999864e-04 5.185365277499999870e+00
1.530000000000000071e+01 -8.174449999999999772e-04 7.493839999999999659e-04 -8.174449999999999772e-04 5.176897441999999572e+00
1.532499999999999929e+01 -8.193500000000000479e-04 7.514640000000000816e-04 -8.193500000000000479e-04 5.168449105999999738e+00
1.534999999999999964e+01 -8.206609999999999816e-04 7.528909999999998902e-04 -8.206609999999999816e-04 5.160040269000000457e+00
1.537500000000000000e+01 -8.213769999999999795e-04 7.536665000000000118e-04 -8.213769999999999795e-04 5.151650933500000029e+00
1.540000000000000036e+01 -8.215009999999999804e-04 7.537979999999999681e-04 -8.215009999999999804e-04 5.143281103999999715e+00
1.542500000000000071e+01 -8.210360000000000314e-04 7.532904999999999462e-04 -8.210360000000000314e-04 5.134950783499999893e+00
1.544999999999999929e+01 -8.199869999999999945e-04 7.521515000000000102e-04 -8.199869999999999945e-04 5.126639978500000083e+00
1.547499999999999964e+01 -8.183599999999999642e-04 7.503930000000000235e-04 -8.183599999999999642e-04 5.118358696999999680e+00
1.550000000000000000e+01 -8.161620000000000506e-04 7.480230000000000039e-04 -8.161620000000000506e-04 5.110106945000000067e+00
1.552500000000000036e+01 -8.134029999999999776e-04 7.450550000000000011e-04 -8.134029999999999776e-04 5.101874732999999829e+00
1.555000000000000071e+01 -8.100930000000000110e-04 7.415030000000000189e-04 -8.100930000000000110e-04 5.093672070999999413e+00
1.557499999999999929e+01 -8.062419999999999830e-04 7.373809999999999523e-04 -8.062419999999999830e-04 5.085488969000000026e+00
1.559999999999999964e+01 -8.018619999999999741e-04 7.327055000000000070e-04 -8.018619999999999741e-04 5.077335440499999741e+00
1.562500000000000000e+01 -7.969599999999999861e-04 7.274925000000000011e-04 -7.969599999999999861e-04 5.069211495500000275e+00
1.565000000000000036e+01 -7.915630000000000105e-04 7.217589999999999856e-04 -7.915630000000000105e-04 5.061107148999999694e+00
1.567500000000000071e+01 -7.856789999999999564e-04 7.155249999999999501e-04 -7.856789999999999564e-04 5.053032414999999666e+00
1.569999999999999929e+01 -7.793239999999999673e-04 7.088095000000000853e-04 -7.793239999999999673e-04 5.044987308499999656e+00
1.572499999999999964e+01 -7.725139999999999698e-04 7.016310000000000862e-04 -7.725139999999999698e-04 5.036961842999999384e+00
1.575000000000000000e+01 -7.652649999999999991e-04 6.940110000000000202e-04 -7.652649999999999991e-04 5.028956034999999325e+00
1.577500000000000036e+01 -7.575970000000000447e-04 6.859715000000000170e-04 -7.575970000000000447e-04 5.020979900500000426e+00
1.580000000000000071e+01 -7.495279999999999564e-04 6.775309999999999883e-04 -7.495279999999999564e-04 5.013033454999999528e+00
1.582499999999999929e+01 -7.410729999999999705e-04 6.687149999999999561e-04 -7.410729999999999705e-04 5.005106717000000316e+00
1.584999999999999964e+01 -7.322529999999999838e-04 6.595425000000000029e-04 -7.322529999999999838e-04 4.997209701500000101e+00
1.587500000000000000e+01 -7.230869999999999702e-04 6.500364999999999486e-04 -7.230869999999999702e-04 4.989332425499999779e+00
1.590000000000000036e+01 -7.135950000000000279e-04 6.402205000000000005e-04 -7.135950000000000279e-04 4.981474907499999993e+00
1.592500000000000071e+01 -7.037970000000000380e-04 6.301149999999999937e-04 -7.037970000000000380e-04 4.973657162999999493e+00
1.594999999999999929e+01 -6.937109999999999587e-04 6.197445000000000427e-04 -6.937109999999999587e-04 4.965849211500000138e+00
1.597499999999999964e+01 -6.833580000000000123e-04 6.091290000000000289e-04 -6.833580000000000123e-04 4.958071067000000554e+00
1.600000000000000000e+01 -6.727569999999999557e-04 5.982930000000000669e-04 -6.727569999999999557e-04 4.950312749000000068e+00
1.602499999999999858e+01 -6.619290000000000113e-04 5.872564999999999296e-04 -6.619290000000000113e-04 4.942584273499999625e+00
1.605000000000000071e+01 -6.508930000000000445e-04 5.760424999999999790e-04 -6.508930000000000445e-04 4.934875657500000123e+00
1.607499999999999929e+01 -6.396680000000000291e-04 5.646705000000000344e-04 -6.396680000000000291e-04 4.927196915499999719e+00
1.610000000000000142e+01 -6.282739999999999549e-04 5.531635000000000241e-04 -6.282739999999999549e-04 4.919538066499999474e+00
1.612500000000000000e+01 -6.167310000000000283e-04 5.415419999999999999e-04 -6.167310000000000283e-04 4.911899125999999782e+00
1.614999999999999858e+01 -6.050549999999999592e-04 5.298250000000000442e-04 -6.050549999999999592e-04 4.904290108999999731e+00
1.617500000000000071e+01 -5.932679999999999855e-04 5.180335000000000538e-04 -5.932679999999999855e-04 4.896701030500000051e+00
1.619999999999999929e+01 -5.813850000000000181e-04 5.061859999999999407e-04 -5.813850000000000181e-04 4.889131906000000249e+00
1.622500000000000142e+01 -5.694260000000000467e-04 4.943004999999999882e-04 -5.694260000000000467e-04 4.881592749500000217e+00
1.625000000000000000e+01 -5.574069999999999980e-04 4.823954999999999996e-04 -5.574069999999999980e-04 4.874073574500000561e+00
1.627499999999999858e+01 -5.453450000000000311e-04 4.704875000000000181e-04 -5.453450000000000311e-04 4.866584394500000244e+00
1.630000000000000071e+01 -5.332569999999999802e-04 4.585950000000000096e-04 -5.332569999999999802e-04 4.859105222999999363e+00
1.632499999999999929e+01 -5.211579999999999728e-04 4.467335000000000013e-04 -5.211579999999999728e-04 4.851656072499999972e+00
1.635000000000000142e+01 -5.090640000000000442e-04 4.349171500000000479e-04 -5.090640000000000442e-04 4.844226954849999878e+00
1.637500000000000000e+01 -4.969899999999999969e-04 4.231620500000000018e-04 -4.969899999999999969e-04 4.836827881949999686e+00
1.639999999999999858e+01 -4.849499999999999970e-04 4.114807499999999685e-04 -4.849499999999999970e-04 4.829448863250000556e+00
1.642500000000000071e+01 -4.729569999999999781e-04 3.998886499999999952e-04 -4.729569999999999781e-04 4.822089911349999980e+00
1.644999999999999929e+01 -4.610249999999999982e-04 3.884001500000000052e-04 -4.610249999999999982e-04 4.814751037849999804e+00
1.647500000000000142e+01 -4.491659999999999750e-04 3.770205499999999626e-04 -4.491659999999999750e-04 4.807432245450000252e+00
1.650000000000000000e+01 -4.373919999999999891e-04 3.657660500000000248e-04 -4.373919999999999891e-04 4.800143547949999423e+00
1.652499999999999858e+01 -4.257139999999999969e-04 3.546447999999999896e-04 -4.257139999999999969e-04 4.792874951199999956e+00
1.655000000000000071e+01 -4.141440000000000247e-04 3.436689000000000258e-04 -4.141440000000000247e-04 4.785626465100000004e+00
1.657499999999999929e+01 -4.026899999999999816e-04 3.328452499999999927e-04 -4.026899999999999816e-04 4.778398094749999991e+00
1.660000000000000142e+01 -3.913629999999999865e-04 3.221837999999999764e-04 -3.913629999999999865e-04 4.771189848200000583e+00
1.662500000000000000e+01 -3.801710000000000029e-04 3.116913500000000189e-04 -3.801710000000000029e-04 4.764011730650000054e+00
1.664999999999999858e+01 -3.691240000000000254e-04 3.013756499999999984e-04 -3.691240000000000254e-04 4.756853748350000188e+00
1.667500000000000071e+01 -3.582270000000000246e-04 2.912446000000000067e-04 -3.582270000000000246e-04 4.749705907400000093e+00
1.669999999999999929e+01 -3.474889999999999793e-04 2.813003500000000180e-04 -3.474889999999999793e-04 4.742588209650000053e+00
1.672500000000000142e+01 -3.369169999999999999e-04 2.715496500000000031e-04 -3.369169999999999999e-04 4.735500660349999613e+00
1.675000000000000000e+01 -3.265149999999999867e-04 2.619969999999999786e-04 -3.265149999999999867e-04 4.728423263000000709e+00
1.677499999999999858e+01 -3.162899999999999956e-04 2.526467000000000014e-04 -3.162899999999999956e-04 4.721366021299999716e+00
1.680000000000000071e+01 -3.062459999999999813e-04 2.435022000000000011e-04 -3.062459999999999813e-04 4.714338937800000018e+00
1.682499999999999929e+01 -2.963880000000000225e-04 2.345657499999999861e-04 -2.963880000000000225e-04 4.707322014249999853e+00
1.685000000000000142e+01 -2.867200000000000196e-04 2.258402000000000066e-04 -2.867200000000000196e-04 4.700335253800000501e+00
1.687500000000000000e+01 -2.772440000000000039e-04 2.173276500000000198e-04 -2.772440000000000039e-04 4.693358656350000047e+00
1.689999999999999858e+01 -2.679650000000000001e-04 2.090271000000000099e-04 -2.679650000000000001e-04 4.686412222900000479e+00
1.692500000000000071e+01 -2.588840000000000238e-04 2.009423500000000261e-04 -2.588840000000000238e-04 4.679485955650000584e+00
1.694999999999999929e+01 -2.500029999999999982e-04 1.930731499999999829e-04 -2.500029999999999982e-04 4.672579854850000380e+00
1.697500000000000142e+01 -2.413240000000000090e-04 1.854185000000000002e-04 -2.413240000000000090e-04 4.665693919499999787e+00
1.700000000000000000e+01 -2.328479999999999905e-04 1.779782999999999897e-04 -2.328479999999999905e-04 4.658828149699999699e+00
1.702499999999999858e+01 -2.245760000000000128e-04 1.707513999999999929e-04 -2.245760000000000128e-04 4.651972544599999537e+00
1.705000000000000071e+01 -2.165079999999999945e-04 1.637397000000000071e-04 -2.165079999999999945e-04 4.645147106299999606e+00
1.707499999999999929e+01 -2.086439999999999898e-04 1.569379500000000040e-04 -2.086439999999999898e-04 4.638341830049999892e+00
1.710000000000000142e+01 -2.009839999999999988e-04 1.503449500000000080e-04 -2.009839999999999988e-04 4.631556715049999440e+00
1.712500000000000000e+01 -1.935270000000000057e-04 1.439594500000000265e-04 -1.935270000000000057e-04 4.624791760549999964e+00
1.714999999999999858e+01 -1.862719999999999947e-04 1.377791000000000172e-04 -1.862719999999999947e-04 4.618046964899999551e+00
1.717500000000000071e+01 -1.792180000000000043e-04 1.318016499999999987e-04 -1.792180000000000043e-04 4.611322326350000722e+00
1.719999999999999929e+01 -1.723639999999999916e-04 1.260226999999999886e-04 -1.723639999999999916e-04 4.604607841300000004e+00
1.722500000000000142e+01 -1.657080000000000065e-04 1.204409500000000043e-04 -1.657080000000000065e-04 4.597923509050000135e+00
1.725000000000000000e+01 -1.592470000000000018e-04 1.150519999999999955e-04 -1.592470000000000018e-04 4.591259326000000307e+00
1.727499999999999858e+01 -1.529799999999999888e-04 1.098530500000000103e-04 -1.529799999999999888e-04 4.584605290150000734e+00
1.730000000000000071e+01 -1.469040000000000016e-04 1.048405499999999902e-04 -1.469040000000000016e-04 4.577981398849999550e+00
1.732499999999999929e+01 -1.410170000000000087e-04 1.000106000000000009e-04 -1.410170000000000087e-04 4.571367648999999922e+00
1.735000000000000142e+01 -1.353150000000000013e-04 9.535944999999999719e-05 -1.353150000000000013e-04 4.564784037749999968e+00
1.737500000000000000e+01 -1.297969999999999907e-04 9.088324999999999420e-05 -1.297969999999999907e-04 4.558210562150000200e+00
1.739999999999999858e+01 -1.244580000000000068e-04 8.657805000000000026e-05 -1.244580000000000068e-04 4.551657219149999989e+00
1.742500000000000071e+01 -1.192960000000000044e-04 8.243955000000001269e-05 -1.192960000000000044e-04 4.545124005449999949e+00
1.744999999999999929e+01 -1.143070000000000018e-04 7.846379999999999913e-05 -1.143070000000000018e-04 4.538610917999999828e+00
1.747500000000000142e+01 -1.094880000000000061e-04 7.464655000000000107e-05 -1.094880000000000061e-04 4.532107953449999727e+00
1.750000000000000000e+01 -1.048359999999999971e-04 7.098364999999999926e-05 -1.048359999999999971e-04 4.525635108749999524e+00
1.752499999999999858e+01 -1.003470000000000067e-04 6.747080000000000460e-05 -1.003470000000000067e-04 4.519172380399999689e+00
1.755000000000000071e+01 -9.601679999999999861e-05 6.410370000000000087e-05 -9.601679999999999861e-05 4.512739765300000094e+00
1.757499999999999929e+01 -9.184270000000000075e-05 6.087820000000000270e-05 -9.184270000000000075e-05 4.506317259999999436e+00
1.760000000000000142e+01 -8.782059999999999736e-05 5.779005000000000415e-05 -8.782059999999999736e-05 4.499914861349999740e+00
1.762500000000000000e+01 -8.394680000000000067e-05 5.483485000000000236e-05 -8.394680000000000067e-05 4.493522565950000214e+00
1.764999999999999858e+01 -8.021759999999999579e-05 5.200855000000000538e-05 -8.021759999999999579e-05 4.487160370649999841e+00
1.767500000000000071e+01 -7.662909999999999448e-05 4.930700000000000073e-05 -7.662909999999999448e-05 4.480808272199999998e+00
1.769999999999999929e+01 -7.317770000000000242e-05 4.672599999999999952e-05 -7.317770000000000242e-05 4.474476267400000040e+00
1.772500000000000142e+01 -6.985950000000000428e-05 4.426154499999999942e-05 -6.985950000000000428e-05 4.468164353055000149e+00
1.775000000000000000e+01 -6.667090000000000570e-05 4.190951500000000357e-05 -6.667090000000000570e-05 4.461872526084999180e+00
1.777499999999999858e+01 -6.360800000000000492e-05 3.966599500000000239e-05 -6.360800000000000492e-05 4.455590783405000366e+00
1.780000000000000071e+01 -6.066710000000000060e-05 3.752694500000000464e-05 -6.066710000000000060e-05 4.449339121855000023e+00
1.782499999999999929e+01 -5.784459999999999841e-05 3.548873500000000031e-05 -5.784459999999999841e-05 4.443097538664999568e+00
1.785000000000000142e+01 -5.513689999999999721e-05 3.354753499999999931e-05 -5.513689999999999721e-05 4.436866030865000532e+00
1.787500000000000000e+01 -5.254030000000000245e-05 3.169953999999999974e-05 -5.254030000000000245e-05 4.430664595460000577e+00
1.789999999999999858e+01 -5.005129999999999969e-05 2.994134499999999717e-05 -5.005129999999999969e-05 4.424473229854999801e+00
1.792500000000000071e+01 -4.766640000000000156e-05 2.826915000000000021e-05 -4.766640000000000156e-05 4.418301931050000242e+00
1.794999999999999929e+01 -4.538210000000000041e-05 2.667976999999999952e-05 -4.538210000000000041e-05 4.412150696630000368e+00
1.797500000000000142e+01 -4.319500000000000233e-05 2.516974000000000002e-05 -4.319500000000000233e-05 4.406009523859999888e+00
1.800000000000000000e+01 -4.110180000000000008e-05 2.373567999999999905e-05 -4.110180000000000008e-05 4.399888410119999982e+00
1.802499999999999858e+01 -3.909919999999999997e-05 2.237464500000000065e-05 -3.909919999999999997e-05 4.393787353155000019e+00
1.805000000000000071e+01 -3.718400000000000177e-05 2.108329000000000122e-05 -3.718400000000000177e-05 4.387696350309999715e+00
1.807499999999999929e+01 -3.535309999999999869e-05 1.985877000000000163e-05 -3.535309999999999869e-05 4.381625399429999845e+00
1.810000000000000142e+01 -3.360329999999999725e-05 1.869817000000000126e-05 -3.360329999999999725e-05 4.375574498229999776e+00
1.812500000000000000e+01 -3.193179999999999809e-05 1.759857499999999947e-05 -3.193179999999999809e-05 4.369543644424999762e+00
1.814999999999999858e+01 -3.033550000000000119e-05 1.655726999999999945e-05 -3.033550000000000119e-05 4.363522835929999566e+00
1.817500000000000071e+01 -2.881170000000000063e-05 1.557167500000000029e-05 -2.881170000000000063e-05 4.357522070725000418e+00
1.819999999999999929e+01 -2.735740000000000001e-05 1.463919000000000137e-05 -2.735740000000000001e-05 4.351531346809999867e+00
1.822500000000000142e+01 -2.597010000000000060e-05 1.375735500000000002e-05 -2.597010000000000060e-05 4.345560662245000039e+00
1.825000000000000000e+01 -2.464699999999999967e-05 1.292379499999999948e-05 -2.464699999999999967e-05 4.339610015205000337e+00
1.827499999999999858e+01 -2.338569999999999871e-05 1.213625999999999991e-05 -2.338569999999999871e-05 4.333669403940000109e+00
1.830000000000000071e+01 -2.218359999999999882e-05 1.139240499999999990e-05 -2.218359999999999882e-05 4.327748826595000153e+00
1.832499999999999929e+01 -2.103830000000000150e-05 1.069028500000000060e-05 -2.103830000000000150e-05 4.321848281714999906e+00
1.835000000000000142e+01 -1.994749999999999833e-05 1.002772500000000062e-05 -1.994749999999999833e-05 4.315957767555000046e+00
1.837500000000000000e+01 -1.890890000000000119e-05 9.402864999999998615e-06 -1.890890000000000119e-05 4.310087282695000077e+00
1.839999999999999858e+01 -1.792029999999999849e-05 8.813680000000000291e-06 -1.792029999999999849e-05 4.304226825559999803e+00
1.842500000000000071e+01 -1.697949999999999896e-05 8.258360000000001006e-06 -1.697949999999999896e-05 4.298386394719999615e+00
1.844999999999999929e+01 -1.608469999999999865e-05 7.735305000000000642e-06 -1.608469999999999865e-05 4.292565988975000302e+00
1.847500000000000142e+01 -1.523359999999999930e-05 7.242794999999999999e-06 -1.523359999999999930e-05 4.286755606944999464e+00
1.850000000000000000e+01 -1.442450000000000055e-05 6.779245000000000007e-06 -1.442450000000000055e-05 4.280955247415000109e+00
1.852499999999999858e+01 -1.365560000000000017e-05 6.343115000000000508e-06 -1.365560000000000017e-05 4.275184909184999604e+00
1.855000000000000071e+01 -1.292490000000000055e-05 5.932964999999999870e-06 -1.292490000000000055e-05 4.269424591135000391e+00
1.857499999999999929e+01 -1.223079999999999986e-05 5.547389999999999754e-06 -1.223079999999999986e-05 4.263674292170000157e+00
1.860000000000000142e+01 -1.157169999999999968e-05 5.185070000000000146e-06 -1.157169999999999968e-05 4.257944011269999329e+00
1.862500000000000000e+01 -1.094599999999999989e-05 4.844750000000000498e-06 -1.094599999999999989e-05 4.252223747450000424e+00
1.864999999999999858e+01 -1.035200000000000016e-05 4.525194999999999963e-06 -1.035200000000000016e-05 4.246523499764999876e+00
1.867500000000000071e+01 -9.788449999999999430e-06 4.225288500000000229e-06 -9.788449999999999430e-06 4.240843267331499966e+00
1.869999999999999929e+01 -9.253810000000000090e-06 3.943913000000000198e-06 -9.253810000000000090e-06 4.235173049286999891e+00
1.872500000000000142e+01 -8.746750000000000577e-06 3.680023500000000037e-06 -8.746750000000000577e-06 4.229512844816500028e+00
1.875000000000000000e+01 -8.265960000000000730e-06 3.432640000000000223e-06 -8.265960000000000730e-06 4.223882653160000444e+00
1.877499999999999858e+01 -7.810209999999999207e-06 3.200817000000000173e-06 -7.810209999999999207e-06 4.218252473583000040e+00
1.880000000000000071e+01 -7.378290000000000300e-06 2.983655499999999846e-06 -7.378290000000000300e-06 4.212642305384500574e+00
1.882499999999999929e+01 -6.969049999999999793e-06 2.780310999999999967e-06 -6.969049999999999793e-06 4.207052147908999729e+00
1.885000000000000142e+01 -6.581390000000000357e-06 2.589972500000000384e-06 -6.581390000000000357e-06 4.201472000527499695e+00
1.887500000000000000e+01 -6.214249999999999837e-06 2.411875999999999911e-06 -6.214249999999999837e-06 4.195901862643999891e+00
1.889999999999999858e+01 -5.866640000000000128e-06 2.245290499999999759e-06 -5.866640000000000128e-06 4.190351733689499980e+00
1.892500000000000071e+01 -5.537579999999999589e-06 2.089538499999999967e-06 -5.537579999999999589e-06 4.184821613141500585e+00
1.894999999999999929e+01 -5.226140000000000077e-06 1.943958999999999864e-06 -5.226140000000000077e-06 4.179301500480999465e+00
1.897500000000000142e+01 -4.931459999999999876e-06 1.807942500000000097e-06 -4.931459999999999876e-06 4.173791395237500090e+00
1.900000000000000000e+01 -4.652689999999999663e-06 1.680914000000000039e-06 -4.652689999999999663e-06 4.168301296966000713e+00
1.902499999999999858e+01 -4.389009999999999674e-06 1.562302500000000023e-06 -4.389009999999999674e-06 4.162821205217499987e+00
1.905000000000000071e+01 -4.139679999999999810e-06 1.451609500000000158e-06 -4.139679999999999810e-06 4.157361119610500033e+00
1.907499999999999929e+01 -3.903940000000000268e-06 1.348340999999999937e-06 -3.903940000000000268e-06 4.151911039758999777e+00
1.910000000000000142e+01 -3.681110000000000065e-06 1.252014499999999912e-06 -3.681110000000000065e-06 4.146470965285500299e+00
1.912500000000000000e+01 -3.470509999999999913e-06 1.162211500000000070e-06 -3.470509999999999913e-06 4.141050895868500170e+00
1.914999999999999858e+01 -3.271520000000000062e-06 1.078517499999999877e-06 -3.271520000000000062e-06 4.135650831186500120e+00
1.917500000000000071e+01 -3.083519999999999913e-06 1.000537999999999982e-06 -3.083519999999999913e-06 4.130260770929999659e+00
1.919999999999999929e+01 -2.905950000000000104e-06 9.279095000000000941e-07 -2.905950000000000104e-06 4.124880714818500493e+00
1.922500000000000142e+01 -2.738249999999999999e-06 8.602860000000000842e-07 -2.738249999999999999e-06 4.119510662584000116e+00
1.925000000000000000e+01 -2.579900000000000066e-06 7.973459999999999719e-07 -2.579900000000000066e-06 4.114160613975999858e+00
1.927499999999999858e+01 -2.430400000000000058e-06 7.387819999999999512e-07 -2.430400000000000058e-06 4.108830568755999835e+00
1.930000000000000071e+01 -2.289289999999999981e-06 6.843079999999999625e-07 -2.289289999999999981e-06 4.103510526702000227e+00
1.932499999999999929e+01 -2.156109999999999843e-06 6.336535000000000565e-07 -2.156109999999999843e-06 4.098200487604500175e+00
1.935000000000000142e+01 -2.030439999999999909e-06 5.865664999999999472e-07 -2.030439999999999909e-06 4.092900451267500017e+00
1.937500000000000000e+01 -1.911869999999999874e-06 5.428079999999999197e-07 -1.911869999999999874e-06 4.087620417506000692e+00
1.939999999999999858e+01 -1.800020000000000047e-06 5.021540000000000376e-07 -1.800020000000000047e-06 4.082350386145999543e+00
1.942500000000000071e+01 -1.694519999999999956e-06 4.643970000000000258e-07 -1.694519999999999956e-06 4.077100357026999689e+00
1.944999999999999929e+01 -1.595029999999999957e-06 4.293387000000000010e-07 -1.595029999999999957e-06 4.071860329995300454e+00
1.947500000000000142e+01 -1.501209999999999981e-06 3.967958499999999869e-07 -1.501209999999999981e-06 4.066630304908150251e+00
1.950000000000000000e+01 -1.412749999999999942e-06 3.665947999999999972e-07 -1.412749999999999942e-06 4.061420281631200169e+00
1.952499999999999858e+01 -1.329360000000000093e-06 3.385743500000000502e-07 -1.329360000000000093e-06 4.056220260039649972e+00
1.955000000000000071e+01 -1.250759999999999905e-06 3.125824499999999510e-07 -1.250759999999999905e-06 4.051030240015549566e+00
1.957499999999999929e+01 -1.176679999999999972e-06 2.884770999999999620e-07 -1.176679999999999972e-06 4.045860221448900340e+00
1.960000000000000142e+01 -1.106860000000000106e-06 2.661253000000000120e-07 -1.106860000000000106e-06 4.040700204236700621e+00
1.962500000000000000e+01 -1.041079999999999949e-06 2.454040499999999878e-07 -1.041079999999999949e-06 4.035550188283949957e+00
1.964999999999999858e+01 -9.790930000000000972e-07 2.261942000000000046e-07 -9.790930000000000972e-07 4.030420173497800462e+00
1.967500000000000071e+01 -9.206979999999999769e-07 2.083895000000000146e-07 -9.206979999999999769e-07 4.025290159796499623e+00
1.969999999999999929e+01 -8.656869999999999881e-07 1.918853999999999958e-07 -8.656869999999999881e-07 4.020190147098600342e+00
1.972500000000000142e+01 -8.138699999999999682e-07 1.765891500000000087e-07 -8.138699999999999682e-07 4.015090135332849641e+00
1.975000000000000000e+01 -7.650630000000000262e-07 1.624096499999999842e-07 -7.650630000000000262e-07 4.010010124428350586e+00
1.977499999999999858e+01 -7.190960000000000223e-07 1.492634499999999958e-07 -7.190960000000000223e-07 4.004940114320550748e+00
1.980000000000000071e+01 -6.758049999999999823e-07 1.370727499999999924e-07 -6.758049999999999823e-07 3.999880104949250281e+00
1.982499999999999929e+01 -6.350359999999999962e-07 1.257641999999999980e-07 -6.350359999999999962e-07 3.994840096257799900e+00
1.985000000000000142e+01 -5.966439999999999791e-07 1.152700499999999953e-07 -5.966439999999999791e-07 3.989810088193949777e+00
1.987500000000000000e+01 -5.604900000000000115e-07 1.055245999999999919e-07 -5.604900000000000115e-07 3.984790080706399618e+00
1.989999999999999858e+01 -5.264459999999999483e-07 9.646809999999999281e-08 -5.264459999999999483e-07 3.979780073749299873e+00
1.992500000000000071e+01 -4.943870000000000448e-07 8.804379999999999327e-08 -4.943870000000000448e-07 3.974790067278600070e+00
1.994999999999999929e+01 -4.641979999999999854e-07 8.019794999999999188e-08 -4.641979999999999854e-07 3.969810061252649902e+00
1.997500000000000142e+01 -4.357690000000000159e-07 7.288264999999999254e-08 -4.357690000000000159e-07 3.964840055634549998e+00
2.000000000000000000e+01 -4.089940000000000160e-07 6.604315000000000597e-08 -4.089940000000000160e-07 3.959880050381650030e+00
