# raxis[fm], SN, VN, SP, VP [MeV]
0.000000000000000000e+00 -2.733179999999999836e+02 2.144219850000000065e+02 -2.733179999999999836e+02 2.282826149999999927e+02
2.500000000000000139e-02 -2.733179999999999836e+02 2.144219850000000065e+02 -2.733179999999999836e+02 2.282826149999999927e+02
5.000000000000000278e-02 -2.733199999999999932e+02 2.143003050000000087e+02 -2.733199999999999932e+02 2.281659949999999810e+02
7.499999999999999722e-02 -2.734889999999999759e+02 2.144487000000000023e+02 -2.734889999999999759e+02 2.283132999999999697e+02
1.000000000000000056e-01 -2.737280000000000086e+02 2.146643499999999847e+02 -2.737280000000000086e+02 2.285271500000000060e+02
1.250000000000000000e-01 -2.740380000000000109e+02 2.149523800000000051e+02 -2.740380000000000109e+02 2.288124200000000030e+02
1.499999999999999944e-01 -2.744209999999999923e+02 2.153087050000000033e+02 -2.744209999999999923e+02 2.291652949999999862e+02
1.749999999999999889e-01 -2.748740000000000236e+02 2.157303300000000092e+02 -2.748740000000000236e+02 2.295827700000000107e+02
2.000000000000000111e-01 -2.753960000000000150e+02 2.162162699999999802e+02 -2.753960000000000150e+02 2.300637299999999925e+02
2.250000000000000056e-01 -2.759850000000000136e+02 2.167655200000000093e+02 -2.759850000000000136e+02 2.306071800000000280e+02
2.500000000000000000e-01 -2.766410000000000196e+02 2.173781150000000082e+02 -2.766410000000000196e+02 2.312131849999999815e+02
2.750000000000000222e-01 -2.773629999999999995e+02 2.180510599999999783e+02 -2.773629999999999995e+02 2.318787399999999934e+02
2.999999999999999889e-01 -2.781490000000000009e+02 2.187853800000000035e+02 -2.781490000000000009e+02 2.326047200000000146e+02
3.250000000000000111e-01 -2.789990000000000236e+02 2.195800950000000000e+02 -2.789990000000000236e+02 2.333901050000000055e+02
3.499999999999999778e-01 -2.799110000000000014e+02 2.204282450000000040e+02 -2.799110000000000014e+02 2.342279550000000086e+02
3.750000000000000000e-01 -2.808840000000000146e+02 2.213367999999999824e+02 -2.808840000000000146e+02 2.351253000000000100e+02
4.000000000000000222e-01 -2.819169999999999732e+02 2.222998649999999827e+02 -2.819169999999999732e+02 2.360758350000000121e+02
4.249999999999999889e-01 -2.830079999999999814e+02 2.233174349999999890e+02 -2.830079999999999814e+02 2.370798650000000123e+02
4.500000000000000111e-01 -2.841549999999999727e+02 2.243875349999999855e+02 -2.841549999999999727e+02 2.381350649999999973e+02
4.749999999999999778e-01 -2.853580000000000041e+02 2.255081849999999974e+02 -2.853580000000000041e+02 2.392396149999999864e+02
5.000000000000000000e-01 -2.866129999999999995e+02 2.266784299999999917e+02 -2.866129999999999995e+02 2.403923700000000281e+02
5.250000000000000222e-01 -2.879200000000000159e+02 2.278962900000000218e+02 -2.879200000000000159e+02 2.415914099999999962e+02
5.500000000000000444e-01 -2.892760000000000105e+02 2.291598050000000057e+02 -2.892760000000000105e+02 2.428345950000000073e+02
5.749999999999999556e-01 -2.906789999999999736e+02 2.304659900000000050e+02 -2.906789999999999736e+02 2.441189099999999996e+02
5.999999999999999778e-01 -2.921290000000000191e+02 2.318158850000000086e+02 -2.921290000000000191e+02 2.454453149999999937e+02
6.250000000000000000e-01 -2.936209999999999809e+02 2.332045099999999991e+02 -2.936209999999999809e+02 2.468088899999999910e+02
6.500000000000000222e-01 -2.951549999999999727e+02 2.346319049999999891e+02 -2.951549999999999727e+02 2.482094950000000040e+02
6.750000000000000444e-01 -2.967289999999999850e+02 2.360940850000000069e+02 -2.967289999999999850e+02 2.496431150000000230e+02
6.999999999999999556e-01 -2.983389999999999986e+02 2.375910849999999925e+02 -2.983389999999999986e+02 2.511097149999999942e+02
7.249999999999999778e-01 -2.999830000000000041e+02 2.391189200000000028e+02 -2.999830000000000041e+02 2.526052799999999934e+02
7.500000000000000000e-01 -3.016610000000000014e+02 2.406766250000000014e+02 -3.016610000000000014e+02 2.541287750000000187e+02
7.750000000000000222e-01 -3.033679999999999950e+02 2.422612049999999897e+02 -3.033679999999999950e+02 2.556772949999999867e+02
8.000000000000000444e-01 -3.051019999999999754e+02 2.438706950000000120e+02 -3.051019999999999754e+02 2.572486049999999977e+02
8.249999999999999556e-01 -3.068620000000000232e+02 2.455021099999999876e+02 -3.068620000000000232e+02 2.588397899999999936e+02
8.499999999999999778e-01 -3.086440000000000055e+02 2.471544649999999876e+02 -3.086440000000000055e+02 2.604499350000000391e+02
8.750000000000000000e-01 -3.104470000000000027e+02 2.488247750000000167e+02 -3.104470000000000027e+02 2.620758250000000089e+02
9.000000000000000222e-01 -3.122669999999999959e+02 2.505110650000000021e+02 -3.122669999999999959e+02 2.637155349999999885e+02
9.250000000000000444e-01 -3.141019999999999754e+02 2.522093199999999911e+02 -3.141019999999999754e+02 2.653650800000000345e+02
9.499999999999999556e-01 -3.159499999999999886e+02 2.539195599999999899e+02 -3.159499999999999886e+02 2.670244399999999700e+02
9.749999999999999778e-01 -3.178079999999999927e+02 2.556377900000000238e+02 -3.178079999999999927e+02 2.686896100000000160e+02
1.000000000000000000e+00 -3.196739999999999782e+02 2.573620149999999853e+02 -3.196739999999999782e+02 2.703585850000000050e+02
1.024999999999999911e+00 -3.215439999999999827e+02 2.590902300000000196e+02 -3.215439999999999827e+02 2.720292699999999968e+02
1.050000000000000044e+00 -3.234169999999999732e+02 2.608194399999999860e+02 -3.234169999999999732e+02 2.736987599999999929e+02
1.074999999999999956e+00 -3.252900000000000205e+02 2.625466400000000249e+02 -3.252900000000000205e+02 2.753640599999999949e+02
1.100000000000000089e+00 -3.271600000000000250e+02 2.642718250000000353e+02 -3.271600000000000250e+02 2.770251749999999902e+02
1.125000000000000000e+00 -3.290260000000000105e+02 2.659919699999999807e+02 -3.290260000000000105e+02 2.786790300000000116e+02
1.149999999999999911e+00 -3.308840000000000146e+02 2.677040800000000331e+02 -3.308840000000000146e+02 2.803227200000000039e+02
1.175000000000000044e+00 -3.327330000000000041e+02 2.694071399999999699e+02 -3.327330000000000041e+02 2.819551599999999780e+02
1.199999999999999956e+00 -3.345690000000000168e+02 2.710971149999999739e+02 -3.345690000000000168e+02 2.835724850000000288e+02
1.225000000000000089e+00 -3.363910000000000196e+02 2.727729550000000245e+02 -3.363910000000000196e+02 2.851737450000000536e+02
1.250000000000000000e+00 -3.381960000000000264e+02 2.744327150000000302e+02 -3.381960000000000264e+02 2.867567849999999794e+02
1.274999999999999911e+00 -3.399820000000000277e+02 2.760753300000000081e+02 -3.399820000000000277e+02 2.883207700000000386e+02
1.300000000000000044e+00 -3.417470000000000141e+02 2.776967800000000466e+02 -3.417470000000000141e+02 2.898616200000000163e+02
1.324999999999999956e+00 -3.434900000000000091e+02 2.792960150000000112e+02 -3.434900000000000091e+02 2.913784850000000120e+02
1.350000000000000089e+00 -3.452069999999999936e+02 2.808720200000000204e+02 -3.452069999999999936e+02 2.928702799999999797e+02
1.375000000000000000e+00 -3.468960000000000150e+02 2.824227499999999509e+02 -3.468960000000000150e+02 2.943350500000000238e+02
1.399999999999999911e+00 -3.485579999999999927e+02 2.839461650000000077e+02 -3.485579999999999927e+02 2.957709349999999517e+02
1.425000000000000044e+00 -3.501879999999999882e+02 2.854402000000000044e+02 -3.501879999999999882e+02 2.971760000000000446e+02
1.449999999999999956e+00 -3.517869999999999777e+02 2.869048799999999915e+02 -3.517869999999999777e+02 2.985501199999999926e+02
1.475000000000000089e+00 -3.533509999999999991e+02 2.883370749999999703e+02 -3.533509999999999991e+02 2.998904249999999934e+02
1.500000000000000000e+00 -3.548790000000000191e+02 2.897357999999999834e+02 -3.548790000000000191e+02 3.011959999999999695e+02
1.524999999999999911e+00 -3.563709999999999809e+02 2.911009750000000054e+02 -3.563709999999999809e+02 3.024668249999999716e+02
1.550000000000000044e+00 -3.578240000000000123e+02 2.924325900000000047e+02 -3.578240000000000123e+02 3.037029100000000312e+02
1.574999999999999956e+00 -3.592359999999999900e+02 2.937255299999999920e+02 -3.592359999999999900e+02 3.048994700000000080e+02
1.600000000000000089e+00 -3.606109999999999900e+02 2.949807500000000005e+02 -3.606109999999999900e+02 3.060574500000000171e+02
1.625000000000000000e+00 -3.619420000000000073e+02 2.961982100000000173e+02 -3.619420000000000073e+02 3.071768900000000144e+02
1.649999999999999911e+00 -3.632320000000000277e+02 2.973758349999999950e+02 -3.632320000000000277e+02 3.082558650000000284e+02
1.675000000000000044e+00 -3.644769999999999754e+02 2.985135599999999840e+02 -3.644769999999999754e+02 3.092945399999999836e+02
1.699999999999999956e+00 -3.656789999999999736e+02 2.996103500000000395e+02 -3.656789999999999736e+02 3.102919499999999857e+02
1.725000000000000089e+00 -3.668369999999999891e+02 3.006671200000000113e+02 -3.668369999999999891e+02 3.112489800000000173e+02
1.750000000000000000e+00 -3.679490000000000123e+02 3.016818049999999971e+02 -3.679490000000000123e+02 3.121638950000000250e+02
1.774999999999999911e+00 -3.690160000000000196e+02 3.026563350000000128e+02 -3.690160000000000196e+02 3.130386650000000373e+02
1.800000000000000044e+00 -3.700380000000000109e+02 3.035886350000000107e+02 -3.700380000000000109e+02 3.138714650000000006e+02
1.824999999999999956e+00 -3.710140000000000100e+02 3.044786349999999970e+02 -3.710140000000000100e+02 3.146621650000000727e+02
1.850000000000000089e+00 -3.719449999999999932e+02 3.053272650000000112e+02 -3.719449999999999932e+02 3.154120349999999462e+02
1.875000000000000000e+00 -3.728299999999999841e+02 3.061344500000000153e+02 -3.728299999999999841e+02 3.161211500000000001e+02
1.899999999999999911e+00 -3.736700000000000159e+02 3.068991199999999822e+02 -3.736700000000000159e+02 3.167883800000000178e+02
1.925000000000000044e+00 -3.744660000000000082e+02 3.076241949999999861e+02 -3.744660000000000082e+02 3.174170050000000174e+02
1.949999999999999956e+00 -3.752169999999999845e+02 3.083076050000000237e+02 -3.752169999999999845e+02 3.180050949999999830e+02
1.975000000000000089e+00 -3.759239999999999782e+02 3.089512650000000349e+02 -3.759239999999999782e+02 3.185545349999999871e+02
2.000000000000000000e+00 -3.765889999999999986e+02 3.095551049999999691e+02 -3.765889999999999986e+02 3.190655950000000303e+02
2.024999999999999911e+00 -3.772119999999999891e+02 3.101210449999999810e+02 -3.772119999999999891e+02 3.195403549999999768e+02
2.049999999999999822e+00 -3.777930000000000064e+02 3.106480199999999741e+02 -3.777930000000000064e+02 3.199776799999999639e+02
2.075000000000000178e+00 -3.783330000000000268e+02 3.111379450000000020e+02 -3.783330000000000268e+02 3.203798550000000205e+02
2.100000000000000089e+00 -3.788349999999999795e+02 3.115917199999999525e+02 -3.788349999999999795e+02 3.207479799999999841e+02
2.125000000000000000e+00 -3.792989999999999782e+02 3.120103300000000104e+02 -3.792989999999999782e+02 3.210828699999999571e+02
2.149999999999999911e+00 -3.797259999999999991e+02 3.123956749999999829e+02 -3.797259999999999991e+02 3.213868249999999875e+02
2.174999999999999822e+00 -3.801179999999999950e+02 3.127477000000000089e+02 -3.801179999999999950e+02 3.216598999999999364e+02
2.200000000000000178e+00 -3.804759999999999991e+02 3.130672500000000014e+02 -3.804759999999999991e+02 3.219031499999999824e+02
2.225000000000000089e+00 -3.808020000000000209e+02 3.133574000000000410e+02 -3.808020000000000209e+02 3.221195000000000164e+02
2.250000000000000000e+00 -3.810969999999999800e+02 3.136190000000000282e+02 -3.810969999999999800e+02 3.223102000000000089e+02
2.274999999999999911e+00 -3.813629999999999995e+02 3.138529499999999643e+02 -3.813629999999999995e+02 3.224762499999999932e+02
2.299999999999999822e+00 -3.816019999999999754e+02 3.140612500000000296e+02 -3.816019999999999754e+02 3.226197500000000105e+02
2.325000000000000178e+00 -3.818159999999999741e+02 3.142448499999999854e+02 -3.818159999999999741e+02 3.227416499999999360e+02
2.350000000000000089e+00 -3.820059999999999718e+02 3.144056500000000369e+02 -3.820059999999999718e+02 3.228441500000000133e+02
2.375000000000000000e+00 -3.821739999999999782e+02 3.145456500000000233e+02 -3.821739999999999782e+02 3.229291499999999928e+02
2.399999999999999911e+00 -3.823229999999999791e+02 3.146657500000000027e+02 -3.823229999999999791e+02 3.229978499999999713e+02
2.424999999999999822e+00 -3.824529999999999745e+02 3.147689500000000180e+02 -3.824529999999999745e+02 3.230531500000000165e+02
2.450000000000000178e+00 -3.825679999999999836e+02 3.148552000000000248e+02 -3.825679999999999836e+02 3.230951999999999771e+02
2.475000000000000089e+00 -3.826689999999999827e+02 3.149274499999999648e+02 -3.826689999999999827e+02 3.231269500000000221e+02
2.500000000000000000e+00 -3.827579999999999814e+02 3.149876499999999737e+02 -3.827579999999999814e+02 3.231505500000000097e+02
2.524999999999999911e+00 -3.828369999999999891e+02 3.150357999999999947e+02 -3.828369999999999891e+02 3.231659999999999968e+02
2.549999999999999822e+00 -3.829080000000000155e+02 3.150729000000000042e+02 -3.829080000000000155e+02 3.231741999999999848e+02
2.575000000000000178e+00 -3.829730000000000132e+02 3.151059000000000196e+02 -3.829730000000000132e+02 3.231822000000000230e+02
2.600000000000000089e+00 -3.830350000000000250e+02 3.151317999999999984e+02 -3.830350000000000250e+02 3.231871000000000436e+02
2.625000000000000000e+00 -3.830939999999999941e+02 3.151555999999999926e+02 -3.830939999999999941e+02 3.231938999999999851e+02
2.649999999999999911e+00 -3.831530000000000200e+02 3.151752999999999929e+02 -3.831530000000000200e+02 3.232004999999999768e+02
2.674999999999999822e+00 -3.832139999999999986e+02 3.151958999999999946e+02 -3.832139999999999986e+02 3.232119999999999891e+02
2.700000000000000178e+00 -3.832780000000000200e+02 3.152164000000000215e+02 -3.832780000000000200e+02 3.232274000000000456e+02
2.725000000000000089e+00 -3.833469999999999800e+02 3.152398000000000025e+02 -3.833469999999999800e+02 3.232495999999999867e+02
2.750000000000000000e+00 -3.834239999999999782e+02 3.152682000000000357e+02 -3.834239999999999782e+02 3.232805999999999926e+02
2.774999999999999911e+00 -3.835090000000000146e+02 3.153006000000000313e+02 -3.835090000000000146e+02 3.233192999999999984e+02
2.799999999999999822e+00 -3.836039999999999850e+02 3.153409500000000207e+02 -3.836039999999999850e+02 3.233698499999999854e+02
2.825000000000000178e+00 -3.837099999999999795e+02 3.153894000000000233e+02 -3.837099999999999795e+02 3.234320999999999913e+02
2.850000000000000089e+00 -3.838290000000000077e+02 3.154479499999999916e+02 -3.838290000000000077e+02 3.235079499999999939e+02
2.875000000000000000e+00 -3.839630000000000223e+02 3.155166500000000269e+02 -3.839630000000000223e+02 3.235974500000000376e+02
2.899999999999999911e+00 -3.841120000000000232e+02 3.155975500000000125e+02 -3.841120000000000232e+02 3.237024499999999989e+02
2.924999999999999822e+00 -3.842780000000000200e+02 3.156907000000000494e+02 -3.842780000000000200e+02 3.238231000000000108e+02
2.950000000000000178e+00 -3.844599999999999795e+02 3.157982499999999959e+02 -3.844599999999999795e+02 3.239609499999999684e+02
2.975000000000000089e+00 -3.846619999999999777e+02 3.159201649999999972e+02 -3.846619999999999777e+02 3.241162349999999606e+02
3.000000000000000000e+00 -3.848820000000000050e+02 3.160605750000000285e+02 -3.848820000000000050e+02 3.242928249999999935e+02
3.024999999999999911e+00 -3.851220000000000141e+02 3.162135549999999853e+02 -3.851220000000000141e+02 3.244846450000000004e+02
3.049999999999999822e+00 -3.853809999999999718e+02 3.163841900000000464e+02 -3.853809999999999718e+02 3.246965099999999893e+02
3.075000000000000178e+00 -3.856619999999999777e+02 3.165726300000000037e+02 -3.856619999999999777e+02 3.249282699999999977e+02
3.100000000000000089e+00 -3.859630000000000223e+02 3.167768500000000245e+02 -3.859630000000000223e+02 3.251780499999999847e+02
3.125000000000000000e+00 -3.862839999999999918e+02 3.169999950000000126e+02 -3.862839999999999918e+02 3.254487050000000181e+02
3.149999999999999911e+00 -3.866270000000000095e+02 3.172401750000000220e+02 -3.866270000000000095e+02 3.257380249999999933e+02
3.174999999999999822e+00 -3.869900000000000091e+02 3.174984800000000291e+02 -3.869900000000000091e+02 3.260470200000000318e+02
3.200000000000000178e+00 -3.873729999999999905e+02 3.177749600000000214e+02 -3.873729999999999905e+02 3.263755400000000577e+02
3.225000000000000089e+00 -3.877760000000000105e+02 3.180678449999999771e+02 -3.877760000000000105e+02 3.267213549999999600e+02
3.250000000000000000e+00 -3.881970000000000027e+02 3.183781650000000241e+02 -3.881970000000000027e+02 3.270855349999999930e+02
3.274999999999999911e+00 -3.886370000000000005e+02 3.187050349999999526e+02 -3.886370000000000005e+02 3.274669650000000161e+02
3.299999999999999822e+00 -3.890950000000000273e+02 3.190475700000000074e+02 -3.890950000000000273e+02 3.278643300000000522e+02
3.325000000000000178e+00 -3.895690000000000168e+02 3.194058699999999931e+02 -3.895690000000000168e+02 3.282777299999999627e+02
3.350000000000000089e+00 -3.900570000000000164e+02 3.197780349999999885e+02 -3.900570000000000164e+02 3.287050649999999905e+02
3.375000000000000000e+00 -3.905600000000000023e+02 3.201641849999999749e+02 -3.905600000000000023e+02 3.291461149999999520e+02
3.399999999999999911e+00 -3.910749999999999886e+02 3.205614250000000425e+02 -3.910749999999999886e+02 3.295977750000000128e+02
3.424999999999999822e+00 -3.916009999999999991e+02 3.209708450000000539e+02 -3.916009999999999991e+02 3.300609549999999786e+02
3.450000000000000178e+00 -3.921349999999999909e+02 3.213895650000000046e+02 -3.921349999999999909e+02 3.305326349999999707e+02
3.475000000000000089e+00 -3.926770000000000209e+02 3.218156749999999988e+02 -3.926770000000000209e+02 3.310106250000000045e+02
3.500000000000000000e+00 -3.932239999999999895e+02 3.222502799999999752e+02 -3.932239999999999895e+02 3.314958200000000375e+02
3.524999999999999911e+00 -3.937740000000000009e+02 3.226894700000000284e+02 -3.937740000000000009e+02 3.319841299999999933e+02
3.549999999999999822e+00 -3.943249999999999886e+02 3.231333450000000198e+02 -3.943249999999999886e+02 3.324755549999999857e+02
3.575000000000000178e+00 -3.948740000000000236e+02 3.235779849999999556e+02 -3.948740000000000236e+02 3.329659149999999954e+02
3.600000000000000089e+00 -3.954189999999999827e+02 3.240235299999999938e+02 -3.954189999999999827e+02 3.334549700000000598e+02
3.625000000000000000e+00 -3.959580000000000268e+02 3.244659899999999766e+02 -3.959580000000000268e+02 3.339389099999999644e+02
3.649999999999999911e+00 -3.964879999999999995e+02 3.249044549999999845e+02 -3.964879999999999995e+02 3.344165450000000419e+02
3.674999999999999822e+00 -3.970059999999999718e+02 3.253370250000000397e+02 -3.970059999999999718e+02 3.348857749999999669e+02
3.700000000000000178e+00 -3.975099999999999909e+02 3.257607549999999605e+02 -3.975099999999999909e+02 3.353435450000000060e+02
3.725000000000000089e+00 -3.979959999999999809e+02 3.261737200000000030e+02 -3.979959999999999809e+02 3.357877799999999979e+02
3.750000000000000000e+00 -3.984619999999999891e+02 3.265729850000000170e+02 -3.984619999999999891e+02 3.362154149999999504e+02
3.774999999999999911e+00 -3.989039999999999964e+02 3.269575500000000261e+02 -3.989039999999999964e+02 3.366254500000000007e+02
3.799999999999999822e+00 -3.993210000000000264e+02 3.273235849999999800e+02 -3.993210000000000264e+02 3.370137150000000474e+02
3.825000000000000178e+00 -3.997080000000000268e+02 3.276700800000000413e+02 -3.997080000000000268e+02 3.373792200000000321e+02
3.850000000000000089e+00 -4.000620000000000118e+02 3.279930800000000204e+02 -4.000620000000000118e+02 3.377179199999999923e+02
3.875000000000000000e+00 -4.003809999999999718e+02 3.282896299999999883e+02 -4.003809999999999718e+02 3.380266699999999673e+02
3.899999999999999911e+00 -4.006619999999999777e+02 3.285597649999999703e+02 -4.006619999999999777e+02 3.383056349999999952e+02
3.924999999999999822e+00 -4.009010000000000105e+02 3.287985099999999647e+02 -4.009010000000000105e+02 3.385495899999999665e+02
3.950000000000000178e+00 -4.010939999999999941e+02 3.290039049999999747e+02 -4.010939999999999941e+02 3.387565950000000043e+02
3.975000000000000089e+00 -4.012400000000000091e+02 3.291739650000000097e+02 -4.012400000000000091e+02 3.389246349999999666e+02
4.000000000000000000e+00 -4.013349999999999795e+02 3.293047100000000000e+02 -4.013349999999999795e+02 3.390496899999999414e+02
4.025000000000000355e+00 -4.013750000000000000e+02 3.293951599999999758e+02 -4.013750000000000000e+02 3.391307400000000030e+02
4.049999999999999822e+00 -4.013580000000000041e+02 3.294413200000000188e+02 -4.013580000000000041e+02 3.391636800000000562e+02
4.075000000000000178e+00 -4.012810000000000059e+02 3.294422000000000139e+02 -4.012810000000000059e+02 3.391476000000000113e+02
4.099999999999999645e+00 -4.011410000000000196e+02 3.293938099999999736e+02 -4.011410000000000196e+02 3.390784899999999880e+02
4.125000000000000000e+00 -4.009340000000000259e+02 3.292951399999999467e+02 -4.009340000000000259e+02 3.389553599999999847e+02
4.150000000000000355e+00 -4.006589999999999918e+02 3.291421899999999710e+02 -4.006589999999999918e+02 3.387742099999999823e+02
4.174999999999999822e+00 -4.003120000000000118e+02 3.289329549999999927e+02 -4.003120000000000118e+02 3.385330450000000155e+02
4.200000000000000178e+00 -3.998910000000000196e+02 3.286664250000000038e+02 -3.998910000000000196e+02 3.382307749999999942e+02
4.224999999999999645e+00 -3.993929999999999723e+02 3.283385799999999790e+02 -3.993929999999999723e+02 3.378635199999999941e+02
4.250000000000000000e+00 -3.988159999999999741e+02 3.279474149999999781e+02 -3.988159999999999741e+02 3.374292849999999930e+02
4.275000000000000355e+00 -3.981569999999999823e+02 3.274919000000000437e+02 -3.981569999999999823e+02 3.369270999999999958e+02
4.299999999999999822e+00 -3.974139999999999873e+02 3.269690200000000004e+02 -3.974139999999999873e+02 3.363539799999999786e+02
4.325000000000000178e+00 -3.965860000000000127e+02 3.263777450000000044e+02 -3.965860000000000127e+02 3.357088549999999714e+02
4.349999999999999645e+00 -3.956689999999999827e+02 3.257150550000000067e+02 -3.956689999999999827e+02 3.349889449999999442e+02
4.375000000000000000e+00 -3.946650000000000205e+02 3.249789099999999848e+02 -3.946650000000000205e+02 3.341920899999999506e+02
4.400000000000000355e+00 -3.935670000000000073e+02 3.241692799999999579e+02 -3.935670000000000073e+02 3.333185200000000350e+02
4.424999999999999822e+00 -3.923759999999999764e+02 3.232831350000000157e+02 -3.923759999999999764e+02 3.323650650000000155e+02
4.450000000000000178e+00 -3.910869999999999891e+02 3.223184350000000222e+02 -3.910869999999999891e+02 3.313298649999999839e+02
4.474999999999999645e+00 -3.897080000000000268e+02 3.212761449999999854e+02 -3.897080000000000268e+02 3.302140550000000303e+02
4.500000000000000000e+00 -3.882289999999999850e+02 3.201522100000000250e+02 -3.882289999999999850e+02 3.290134899999999902e+02
4.525000000000000355e+00 -3.866510000000000105e+02 3.189476000000000226e+02 -3.866510000000000105e+02 3.277294000000000551e+02
4.549999999999999822e+00 -3.849750000000000227e+02 3.176592600000000175e+02 -3.849750000000000227e+02 3.263587400000000116e+02
4.575000000000000178e+00 -3.831999999999999886e+02 3.162881499999999733e+02 -3.831999999999999886e+02 3.249025500000000193e+02
4.599999999999999645e+00 -3.813240000000000123e+02 3.148322100000000319e+02 -3.813240000000000123e+02 3.233588899999999740e+02
4.625000000000000000e+00 -3.793480000000000132e+02 3.132913950000000227e+02 -3.793480000000000132e+02 3.217279050000000211e+02
4.650000000000000355e+00 -3.772710000000000150e+02 3.116656450000000405e+02 -3.772710000000000150e+02 3.200094550000000027e+02
4.674999999999999822e+00 -3.750899999999999750e+02 3.099528999999999996e+02 -3.750899999999999750e+02 3.182019000000000233e+02
4.700000000000000178e+00 -3.728159999999999741e+02 3.081541100000000029e+02 -3.728159999999999741e+02 3.163059899999999516e+02
4.724999999999999645e+00 -3.704390000000000214e+02 3.062692049999999995e+02 -3.704390000000000214e+02 3.143220949999999903e+02
4.750000000000000000e+00 -3.679619999999999891e+02 3.042971300000000383e+02 -3.679619999999999891e+02 3.122490700000000174e+02
4.775000000000000355e+00 -3.653870000000000005e+02 3.022388000000000261e+02 -3.653870000000000005e+02 3.100880000000000223e+02
4.799999999999999822e+00 -3.627130000000000223e+02 3.000951699999999960e+02 -3.627130000000000223e+02 3.078400299999999561e+02
4.825000000000000178e+00 -3.599420000000000073e+02 2.978651600000000030e+02 -3.599420000000000073e+02 3.055042400000000384e+02
4.849999999999999645e+00 -3.570749999999999886e+02 2.955506949999999620e+02 -3.570749999999999886e+02 3.030827049999999758e+02
4.875000000000000000e+00 -3.541150000000000091e+02 2.931516900000000305e+02 -3.541150000000000091e+02 3.005755099999999516e+02
4.900000000000000355e+00 -3.510609999999999786e+02 2.906690800000000081e+02 -3.510609999999999786e+02 2.979837200000000621e+02
4.924999999999999822e+00 -3.479159999999999968e+02 2.881037800000000288e+02 -3.479159999999999968e+02 2.953084200000000124e+02
4.950000000000000178e+00 -3.446820000000000164e+02 2.854577100000000200e+02 -3.446820000000000164e+02 2.925516900000000078e+02
4.974999999999999645e+00 -3.413600000000000136e+02 2.827318199999999706e+02 -3.413600000000000136e+02 2.897145800000000122e+02
5.000000000000000000e+00 -3.379529999999999745e+02 2.799269400000000019e+02 -3.379529999999999745e+02 2.867982599999999707e+02
5.025000000000000355e+00 -3.344630000000000223e+02 2.770450249999999528e+02 -3.344630000000000223e+02 2.838048749999999814e+02
5.049999999999999822e+00 -3.308910000000000196e+02 2.740879799999999591e+02 -3.308910000000000196e+02 2.807364200000000096e+02
5.075000000000000178e+00 -3.272420000000000186e+02 2.710567149999999970e+02 -3.272420000000000186e+02 2.775940850000000637e+02
5.099999999999999645e+00 -3.235169999999999959e+02 2.679551250000000095e+02 -3.235169999999999959e+02 2.743819750000000113e+02
5.125000000000000000e+00 -3.197180000000000177e+02 2.647831150000000093e+02 -3.197180000000000177e+02 2.711000850000000355e+02
5.150000000000000355e+00 -3.158500000000000227e+02 2.615445849999999837e+02 -3.158500000000000227e+02 2.677526149999999916e+02
5.174999999999999822e+00 -3.119150000000000205e+02 2.582414400000000114e+02 -3.119150000000000205e+02 2.643416599999999903e+02
5.200000000000000178e+00 -3.079150000000000205e+02 2.548755649999999946e+02 -3.079150000000000205e+02 2.608693349999999782e+02
5.224999999999999645e+00 -3.038539999999999850e+02 2.514508749999999964e+02 -3.038539999999999850e+02 2.573397249999999872e+02
5.250000000000000000e+00 -2.997350000000000136e+02 2.479682500000000118e+02 -2.997350000000000136e+02 2.537539500000000032e+02
5.275000000000000355e+00 -2.955620000000000118e+02 2.444315899999999999e+02 -2.955620000000000118e+02 2.501161099999999919e+02
5.299999999999999822e+00 -2.913369999999999891e+02 2.408427899999999795e+02 -2.913369999999999891e+02 2.464284100000000137e+02
5.325000000000000178e+00 -2.870649999999999977e+02 2.372067000000000121e+02 -2.870649999999999977e+02 2.426958999999999946e+02
5.349999999999999645e+00 -2.827479999999999905e+02 2.335243150000000014e+02 -2.827479999999999905e+02 2.389196849999999870e+02
5.375000000000000000e+00 -2.783910000000000196e+02 2.298004799999999932e+02 -2.783910000000000196e+02 2.351048199999999895e+02
5.400000000000000355e+00 -2.739959999999999809e+02 2.260370950000000221e+02 -2.739959999999999809e+02 2.312535049999999899e+02
5.424999999999999822e+00 -2.695670000000000073e+02 2.222380699999999933e+02 -2.695670000000000073e+02 2.273698300000000359e+02
5.450000000000000178e+00 -2.651080000000000041e+02 2.184062999999999874e+02 -2.651080000000000041e+02 2.234569000000000187e+02
5.474999999999999645e+00 -2.606229999999999905e+02 2.145456949999999949e+02 -2.606229999999999905e+02 2.195187050000000113e+02
5.500000000000000000e+00 -2.561139999999999759e+02 2.106601650000000063e+02 -2.561139999999999759e+02 2.155595350000000110e+02
5.525000000000000355e+00 -2.515869999999999891e+02 2.067516300000000058e+02 -2.515869999999999891e+02 2.115813699999999926e+02
5.549999999999999822e+00 -2.470440000000000111e+02 2.028240049999999997e+02 -2.470440000000000111e+02 2.075882950000000164e+02
5.575000000000000178e+00 -2.424890000000000043e+02 1.988812100000000100e+02 -2.424890000000000043e+02 2.035844899999999882e+02
5.599999999999999645e+00 -2.379250000000000114e+02 1.949271850000000086e+02 -2.379250000000000114e+02 1.995738149999999962e+02
5.625000000000000000e+00 -2.333559999999999945e+02 1.909638549999999952e+02 -2.333559999999999945e+02 1.955586450000000127e+02
5.650000000000000355e+00 -2.287860000000000014e+02 1.869961649999999906e+02 -2.287860000000000014e+02 1.915438350000000014e+02
5.674999999999999822e+00 -2.242179999999999893e+02 1.830260649999999885e+02 -2.242179999999999893e+02 1.875314349999999877e+02
5.700000000000000178e+00 -2.196560000000000059e+02 1.790585049999999967e+02 -2.196560000000000059e+02 1.835266950000000179e+02
5.724999999999999645e+00 -2.151020000000000039e+02 1.750964449999999886e+02 -2.151020000000000039e+02 1.795324549999999988e+02
5.750000000000000000e+00 -2.105610000000000070e+02 1.711428599999999847e+02 -2.105610000000000070e+02 1.755518399999999986e+02
5.775000000000000355e+00 -2.060360000000000014e+02 1.672017250000000104e+02 -2.060360000000000014e+02 1.715888750000000016e+02
5.799999999999999822e+00 -2.015289999999999964e+02 1.632750200000000120e+02 -2.015289999999999964e+02 1.676455799999999954e+02
5.825000000000000178e+00 -1.970440000000000111e+02 1.593677600000000041e+02 -1.970440000000000111e+02 1.637270399999999881e+02
5.849999999999999645e+00 -1.925829999999999984e+02 1.554809049999999786e+02 -1.925829999999999984e+02 1.598340949999999907e+02
5.875000000000000000e+00 -1.881510000000000105e+02 1.516194800000000100e+02 -1.881510000000000105e+02 1.559719199999999830e+02
5.900000000000000355e+00 -1.837489999999999952e+02 1.477855050000000006e+02 -1.837489999999999952e+02 1.521423950000000218e+02
5.924999999999999822e+00 -1.793810000000000002e+02 1.439809999999999945e+02 -1.793810000000000002e+02 1.483475000000000250e+02
5.950000000000000178e+00 -1.750490000000000066e+02 1.402109949999999969e+02 -1.750490000000000066e+02 1.445923050000000103e+02
5.974999999999999645e+00 -1.707560000000000002e+02 1.364755400000000236e+02 -1.707560000000000002e+02 1.408767600000000186e+02
6.000000000000000000e+00 -1.665039999999999907e+02 1.327796699999999817e+02 -1.665039999999999907e+02 1.372057299999999884e+02
6.025000000000000355e+00 -1.622959999999999923e+02 1.291234400000000164e+02 -1.622959999999999923e+02 1.335791600000000017e+02
6.049999999999999822e+00 -1.581330000000000098e+02 1.255109150000000113e+02 -1.581330000000000098e+02 1.300011849999999924e+02
6.075000000000000178e+00 -1.540190000000000055e+02 1.219441599999999966e+02 -1.540190000000000055e+02 1.264735399999999856e+02
6.099999999999999645e+00 -1.499540000000000077e+02 1.184242449999999991e+02 -1.499540000000000077e+02 1.229972550000000098e+02
6.125000000000000000e+00 -1.459420000000000073e+02 1.149542499999999876e+02 -1.459420000000000073e+02 1.195752499999999969e+02
6.150000000000000355e+00 -1.419840000000000089e+02 1.115362650000000002e+02 -1.419840000000000089e+02 1.162093349999999958e+02
6.174999999999999822e+00 -1.380809999999999889e+02 1.081703700000000055e+02 -1.380809999999999889e+02 1.128996300000000019e+02
6.200000000000000178e+00 -1.342350000000000136e+02 1.048596650000000068e+02 -1.342350000000000136e+02 1.096489349999999945e+02
6.224999999999999645e+00 -1.304480000000000075e+02 1.016054449999999889e+02 -1.304480000000000075e+02 1.064582550000000083e+02
6.250000000000000000e+00 -1.267210000000000036e+02 9.840850499999999101e+01 -1.267210000000000036e+02 1.033283950000000004e+02
6.275000000000000355e+00 -1.230550000000000068e+02 9.527035499999999502e+01 -1.230550000000000068e+02 1.002605450000000076e+02
6.299999999999999822e+00 -1.194509999999999934e+02 9.219209999999999638e+01 -1.194509999999999934e+02 9.725560000000001537e+01
6.325000000000000178e+00 -1.159110000000000014e+02 8.917464500000001237e+01 -1.159110000000000014e+02 9.431425500000000284e+01
6.349999999999999645e+00 -1.124350000000000023e+02 8.621909999999999741e+01 -1.124350000000000023e+02 9.143750000000001421e+01
6.375000000000000000e+00 -1.090250000000000057e+02 8.332587499999999636e+01 -1.090250000000000057e+02 8.862542500000000700e+01
6.400000000000000355e+00 -1.056800000000000068e+02 8.049577999999999633e+01 -1.056800000000000068e+02 8.587861999999999796e+01
6.424999999999999822e+00 -1.024020000000000010e+02 7.772932500000000289e+01 -1.024020000000000010e+02 8.319737499999999386e+01
6.450000000000000178e+00 -9.919050000000000011e+01 7.502671999999999741e+01 -9.919050000000000011e+01 8.058168000000000575e+01
6.474999999999999645e+00 -9.604640000000000555e+01 7.238839500000000271e+01 -9.604640000000000555e+01 7.803180499999999142e+01
6.500000000000000000e+00 -9.296999999999999886e+01 6.981441499999999678e+01 -9.296999999999999886e+01 7.554768500000000131e+01
6.525000000000000355e+00 -8.996129999999999427e+01 6.730490500000000509e+01 -8.996129999999999427e+01 7.312899500000000330e+01
6.549999999999999822e+00 -8.702049999999999841e+01 6.485977499999999907e+01 -8.702049999999999841e+01 7.077572500000000844e+01
6.575000000000000178e+00 -8.414759999999999707e+01 6.247870499999999794e+01 -8.414759999999999707e+01 6.848709499999999650e+01
6.599999999999999645e+00 -8.134250000000000114e+01 6.016173500000000018e+01 -8.134250000000000114e+01 6.626306500000001165e+01
6.625000000000000000e+00 -7.860509999999999309e+01 5.790853500000000054e+01 -7.860509999999999309e+01 6.410316500000000417e+01
6.650000000000000355e+00 -7.593510000000000559e+01 5.571850500000000039e+01 -7.593510000000000559e+01 6.200639500000000481e+01
6.674999999999999822e+00 -7.333209999999999695e+01 5.359123500000000462e+01 -7.333209999999999695e+01 5.997246499999999969e+01
6.700000000000000178e+00 -7.079579999999999984e+01 5.152650500000000022e+01 -7.079579999999999984e+01 5.800079500000000365e+01
6.724999999999999645e+00 -6.832569999999999766e+01 4.952300499999999772e+01 -6.832569999999999766e+01 5.608989499999999850e+01
6.750000000000000000e+00 -6.592119999999999891e+01 4.758031000000000432e+01 -6.592119999999999891e+01 5.423928999999999689e+01
6.775000000000000355e+00 -6.358189999999999742e+01 4.569770000000000465e+01 -6.358189999999999742e+01 5.244800000000000040e+01
6.799999999999999822e+00 -6.130689999999999884e+01 4.387424500000000194e+01 -6.130689999999999884e+01 5.071505500000000666e+01
6.825000000000000178e+00 -5.909559999999999746e+01 4.210921000000000447e+01 -5.909559999999999746e+01 4.903949000000000069e+01
6.849999999999999645e+00 -5.694729999999999848e+01 4.040155500000000188e+01 -5.694729999999999848e+01 4.742024500000000131e+01
6.875000000000000000e+00 -5.486110000000000042e+01 3.875035000000000451e+01 -5.486110000000000042e+01 4.585614999999999952e+01
6.900000000000000355e+00 -5.283610000000000184e+01 3.715454500000000593e+01 -5.283610000000000184e+01 4.434615499999999599e+01
6.924999999999999822e+00 -5.087140000000000128e+01 3.561308999999999969e+01 -5.087140000000000128e+01 4.288901000000000607e+01
6.950000000000000178e+00 -4.896609999999999729e+01 3.412493000000000620e+01 -4.896609999999999729e+01 4.148367000000000360e+01
6.974999999999999645e+00 -4.711930000000000263e+01 3.268892000000000309e+01 -4.711930000000000263e+01 4.012877999999999901e+01
7.000000000000000000e+00 -4.532979999999999876e+01 3.130388499999999752e+01 -4.532979999999999876e+01 3.882321499999999759e+01
7.025000000000000355e+00 -4.359669999999999845e+01 2.996897500000000036e+01 -4.359669999999999845e+01 3.756592500000000001e+01
7.049999999999999822e+00 -4.191890000000000072e+01 2.868251000000000062e+01 -4.191890000000000072e+01 3.635519000000000034e+01
7.075000000000000178e+00 -4.029529999999999745e+01 2.744362499999999727e+01 -4.029529999999999745e+01 3.519017499999999643e+01
7.099999999999999645e+00 -3.872480000000000189e+01 2.625094499999999798e+01 -3.872480000000000189e+01 3.406945499999999782e+01
7.125000000000000000e+00 -3.720629999999999882e+01 2.510349000000000075e+01 -3.720629999999999882e+01 3.299190999999999718e+01
7.150000000000000355e+00 -3.573859999999999815e+01 2.399978499999999926e+01 -3.573859999999999815e+01 3.195601500000000073e+01
7.174999999999999822e+00 -3.432059999999999889e+01 2.293883500000000097e+01 -3.432059999999999889e+01 3.096086499999999830e+01
7.200000000000000178e+00 -3.295120000000000005e+01 2.191936000000000107e+01 -3.295120000000000005e+01 3.000504000000000104e+01
7.224999999999999645e+00 -3.162910000000000110e+01 2.094016500000000036e+01 -3.162910000000000110e+01 2.908743499999999926e+01
7.250000000000000000e+00 -3.035330000000000084e+01 1.999996000000000151e+01 -3.035330000000000084e+01 2.820664000000000016e+01
7.275000000000000355e+00 -2.912249999999999872e+01 1.909765000000000157e+01 -2.912249999999999872e+01 2.736155000000000115e+01
7.299999999999999822e+00 -2.793560000000000088e+01 1.823202999999999818e+01 -2.793560000000000088e+01 2.655106999999999928e+01
7.325000000000000178e+00 -2.679149999999999920e+01 1.740191000000000088e+01 -2.679149999999999920e+01 2.577389000000000152e+01
7.349999999999999645e+00 -2.568890000000000029e+01 1.660607500000000059e+01 -2.568890000000000029e+01 2.502882499999999766e+01
7.375000000000000000e+00 -2.462669999999999959e+01 1.584352999999999945e+01 -2.462669999999999959e+01 2.431496999999999886e+01
7.400000000000000355e+00 -2.360379999999999967e+01 1.511306499999999886e+01 -2.360379999999999967e+01 2.363093500000000091e+01
7.424999999999999822e+00 -2.261899999999999977e+01 1.441366999999999976e+01 -2.261899999999999977e+01 2.297603000000000151e+01
7.450000000000000178e+00 -2.167129999999999868e+01 1.374413499999999999e+01 -2.167129999999999868e+01 2.234876500000000021e+01
7.474999999999999645e+00 -2.075949999999999918e+01 1.310345000000000049e+01 -2.075949999999999918e+01 2.174835000000000207e+01
7.500000000000000000e+00 -1.988250000000000028e+01 1.249050500000000063e+01 -1.988250000000000028e+01 2.117359499999999883e+01
7.525000000000000355e+00 -1.903930000000000078e+01 1.190437499999999993e+01 -1.903930000000000078e+01 2.062362499999999699e+01
7.549999999999999822e+00 -1.822879999999999967e+01 1.134404999999999930e+01 -1.822879999999999967e+01 2.009745000000000203e+01
7.575000000000000178e+00 -1.744989999999999952e+01 1.080850500000000025e+01 -1.744989999999999952e+01 1.959417499999999990e+01
7.599999999999999645e+00 -1.670159999999999911e+01 1.029686000000000057e+01 -1.670159999999999911e+01 1.911286000000000129e+01
7.625000000000000000e+00 -1.598300000000000054e+01 9.808144999999999669e+00 -1.598300000000000054e+01 1.865259500000000159e+01
7.650000000000000355e+00 -1.529299999999999926e+01 9.341484999999998706e+00 -1.529299999999999926e+01 1.821249500000000054e+01
7.674999999999999822e+00 -1.463069999999999915e+01 8.895974999999999966e+00 -1.463069999999999915e+01 1.779172499999999957e+01
7.700000000000000178e+00 -1.399499999999999922e+01 8.470785000000001119e+00 -1.399499999999999922e+01 1.738949500000000015e+01
7.724999999999999645e+00 -1.338519999999999932e+01 8.065084999999999837e+00 -1.338519999999999932e+01 1.700501500000000021e+01
7.750000000000000000e+00 -1.280020000000000024e+01 7.678060000000000329e+00 -1.280020000000000024e+01 1.663761999999999830e+01
7.775000000000000355e+00 -1.223930000000000007e+01 7.308950000000000280e+00 -1.223930000000000007e+01 1.628639000000000081e+01
7.799999999999999822e+00 -1.170149999999999935e+01 6.956999999999999851e+00 -1.170149999999999935e+01 1.595080000000000098e+01
7.825000000000000178e+00 -1.118599999999999994e+01 6.621474999999999334e+00 -1.118599999999999994e+01 1.563008500000000112e+01
7.849999999999999645e+00 -1.069190000000000040e+01 6.301689999999999792e+00 -1.069190000000000040e+01 1.532348999999999961e+01
7.875000000000000000e+00 -1.021860000000000035e+01 5.996945000000000192e+00 -1.021860000000000035e+01 1.503057500000000068e+01
7.900000000000000355e+00 -9.765169999999999462e+00 5.706607499999999611e+00 -9.765169999999999462e+00 1.475053249999999849e+01
7.924999999999999822e+00 -9.330909999999999371e+00 5.430037500000000072e+00 -9.330909999999999371e+00 1.448295249999999967e+01
7.950000000000000178e+00 -8.915079999999999671e+00 5.166624500000000175e+00 -8.915079999999999671e+00 1.422717550000000131e+01
7.974999999999999645e+00 -8.516949999999999577e+00 4.915785500000000141e+00 -8.516949999999999577e+00 1.398267449999999990e+01
8.000000000000000000e+00 -8.135880000000000223e+00 4.676947499999999813e+00 -8.135880000000000223e+00 1.374891249999999943e+01
8.025000000000000355e+00 -7.771189999999999820e+00 4.449589500000000086e+00 -7.771189999999999820e+00 1.352543050000000058e+01
8.050000000000000711e+00 -7.422220000000000262e+00 4.233169000000000182e+00 -7.422220000000000262e+00 1.331172100000000036e+01
8.074999999999999289e+00 -7.088359999999999772e+00 4.027193999999999718e+00 -7.088359999999999772e+00 1.310732600000000048e+01
8.099999999999999645e+00 -6.769000000000000128e+00 3.831183499999999853e+00 -6.769000000000000128e+00 1.291181650000000047e+01
8.125000000000000000e+00 -6.463560000000000194e+00 3.644666499999999587e+00 -6.463560000000000194e+00 1.272475349999999850e+01
8.150000000000000355e+00 -6.171470000000000233e+00 3.467222000000000026e+00 -6.171470000000000233e+00 1.254576799999999892e+01
8.175000000000000711e+00 -5.892190000000000261e+00 3.298409499999999994e+00 -5.892190000000000261e+00 1.237444050000000040e+01
8.199999999999999289e+00 -5.625189999999999912e+00 3.137820000000000054e+00 -5.625189999999999912e+00 1.221040999999999954e+01
8.224999999999999645e+00 -5.369970000000000354e+00 2.985083500000000001e+00 -5.369970000000000354e+00 1.205334649999999996e+01
8.250000000000000000e+00 -5.126039999999999708e+00 2.839800499999999950e+00 -5.126039999999999708e+00 1.190288950000000057e+01
8.275000000000000355e+00 -4.892920000000000158e+00 2.701643000000000239e+00 -4.892920000000000158e+00 1.175873699999999999e+01
8.300000000000000711e+00 -4.670160000000000089e+00 2.570253000000000121e+00 -4.670160000000000089e+00 1.162056700000000120e+01
8.324999999999999289e+00 -4.457329999999999792e+00 2.445301999999999865e+00 -4.457329999999999792e+00 1.148809800000000081e+01
8.349999999999999645e+00 -4.254010000000000069e+00 2.326493000000000144e+00 -4.254010000000000069e+00 1.136104699999999923e+01
8.375000000000000000e+00 -4.059779999999999944e+00 2.213519499999999862e+00 -4.059779999999999944e+00 1.123916050000000055e+01
8.400000000000000355e+00 -3.874270000000000103e+00 2.106094500000000203e+00 -3.874270000000000103e+00 1.112216549999999948e+01
8.425000000000000711e+00 -3.697090000000000209e+00 2.003962999999999717e+00 -3.697090000000000209e+00 1.100983700000000098e+01
8.449999999999999289e+00 -3.527880000000000127e+00 1.906849000000000016e+00 -3.527880000000000127e+00 1.090194099999999899e+01
8.474999999999999645e+00 -3.366309999999999913e+00 1.814508000000000010e+00 -3.366309999999999913e+00 1.079825199999999974e+01
8.500000000000000000e+00 -3.212029999999999941e+00 1.726725000000000065e+00 -3.212029999999999941e+00 1.069859499999999919e+01
8.525000000000000355e+00 -3.064729999999999954e+00 1.643256500000000120e+00 -3.064729999999999954e+00 1.060273349999999937e+01
8.550000000000000711e+00 -2.924100000000000144e+00 1.563889000000000085e+00 -2.924100000000000144e+00 1.051049100000000180e+01
8.574999999999999289e+00 -2.789860000000000007e+00 1.488428499999999932e+00 -2.789860000000000007e+00 1.042170149999999929e+01
8.599999999999999645e+00 -2.661709999999999798e+00 1.416682999999999915e+00 -2.661709999999999798e+00 1.033619700000000030e+01
8.625000000000000000e+00 -2.539390000000000036e+00 1.348460500000000062e+00 -2.539390000000000036e+00 1.025379949999999951e+01
8.650000000000000355e+00 -2.422649999999999970e+00 1.283588999999999869e+00 -2.422649999999999970e+00 1.017437100000000072e+01
8.675000000000000711e+00 -2.311220000000000052e+00 1.221896500000000163e+00 -2.311220000000000052e+00 1.009774350000000176e+01
8.699999999999999289e+00 -2.204880000000000173e+00 1.163243000000000027e+00 -2.204880000000000173e+00 1.002381700000000109e+01
8.724999999999999645e+00 -2.103400000000000158e+00 1.107458499999999901e+00 -2.103400000000000158e+00 9.952433499999999711e+00
8.750000000000000000e+00 -2.006549999999999834e+00 1.054406500000000024e+00 -2.006549999999999834e+00 9.883467499999998296e+00
8.775000000000000355e+00 -1.914139999999999953e+00 1.003951999999999956e+00 -1.914139999999999953e+00 9.816822000000000159e+00
8.800000000000000711e+00 -1.825960000000000027e+00 9.559630000000000072e-01 -1.825960000000000027e+00 9.752354999999999663e+00
8.824999999999999289e+00 -1.741810000000000080e+00 9.103185000000000304e-01 -1.741810000000000080e+00 9.689993499999999926e+00
8.849999999999999645e+00 -1.661529999999999951e+00 8.669004999999999628e-01 -1.661529999999999951e+00 9.629615499999999884e+00
8.875000000000000000e+00 -1.584929999999999950e+00 8.255974999999999842e-01 -1.584929999999999950e+00 9.571118499999998974e+00
8.900000000000000355e+00 -1.511849999999999916e+00 7.863054999999999906e-01 -1.511849999999999916e+00 9.514442500000001246e+00
8.925000000000000711e+00 -1.442120000000000068e+00 7.489225000000000465e-01 -1.442120000000000068e+00 9.459471500000001143e+00
8.949999999999999289e+00 -1.375599999999999934e+00 7.133539999999999326e-01 -1.375599999999999934e+00 9.406136000000000053e+00
8.974999999999999645e+00 -1.312130000000000019e+00 6.795099999999999474e-01 -1.312130000000000019e+00 9.354350000000000165e+00
9.000000000000000000e+00 -1.251579999999999915e+00 6.473054999999999781e-01 -1.251579999999999915e+00 9.304060500000000289e+00
9.025000000000000355e+00 -1.193820000000000103e+00 6.166564999999999408e-01 -1.193820000000000103e+00 9.255179500000000559e+00
9.050000000000000711e+00 -1.138719999999999954e+00 5.874874999999999403e-01 -1.138719999999999954e+00 9.207640500000000117e+00
9.074999999999999289e+00 -1.086149999999999949e+00 5.597254999999999869e-01 -1.086149999999999949e+00 9.161394500000000107e+00
9.099999999999999645e+00 -1.036010000000000097e+00 5.332989999999999675e-01 -1.036010000000000097e+00 9.116370999999999114e+00
9.125000000000000000e+00 -9.881680000000000463e-01 5.081430000000000113e-01 -9.881680000000000463e-01 9.072514999999999219e+00
9.150000000000000355e+00 -9.425329999999999542e-01 4.841940000000000133e-01 -9.425329999999999542e-01 9.029773999999999745e+00
9.175000000000000711e+00 -8.990010000000000501e-01 4.613929999999999976e-01 -8.990010000000000501e-01 8.988099000000000061e+00
9.199999999999999289e+00 -8.574749999999999872e-01 4.396824999999999761e-01 -8.574749999999999872e-01 8.947431500000000426e+00
9.224999999999999645e+00 -8.178630000000000067e-01 4.190096000000000376e-01 -8.178630000000000067e-01 8.907748400000000899e+00
9.250000000000000000e+00 -7.800759999999999916e-01 3.993234999999999979e-01 -7.800759999999999916e-01 8.868986500000000106e+00
9.275000000000000355e+00 -7.440309999999999979e-01 3.805758999999999670e-01 -7.440309999999999979e-01 8.831106099999999515e+00
9.300000000000000711e+00 -7.096470000000000278e-01 3.627198500000000103e-01 -7.096470000000000278e-01 8.794078149999998928e+00
9.324999999999999289e+00 -6.768490000000000339e-01 3.457116000000000078e-01 -6.768490000000000339e-01 8.757856400000001429e+00
9.349999999999999645e+00 -6.455619999999999692e-01 3.295105999999999868e-01 -6.455619999999999692e-01 8.722417400000001209e+00
9.375000000000000000e+00 -6.157190000000000163e-01 3.140784000000000353e-01 -6.157190000000000163e-01 8.687709599999999810e+00
9.400000000000000355e+00 -5.872509999999999675e-01 2.993757999999999697e-01 -5.872509999999999675e-01 8.653720200000000418e+00
9.425000000000000711e+00 -5.600960000000000383e-01 2.853676500000000282e-01 -5.600960000000000383e-01 8.620400349999998824e+00
9.449999999999999289e+00 -5.341939999999999467e-01 2.720211499999999893e-01 -5.341939999999999467e-01 8.587732850000000084e+00
9.474999999999999645e+00 -5.094859999999999944e-01 2.593042500000000139e-01 -5.094859999999999944e-01 8.555691749999999374e+00
9.500000000000000000e+00 -4.859180000000000166e-01 2.471862999999999977e-01 -4.859180000000000166e-01 8.524251700000000653e+00
9.525000000000000355e+00 -4.634369999999999878e-01 2.356377999999999806e-01 -4.634369999999999878e-01 8.493378199999998657e+00
9.550000000000000711e+00 -4.419919999999999960e-01 2.246333500000000094e-01 -4.419919999999999960e-01 8.463050649999999564e+00
9.574999999999999289e+00 -4.215380000000000238e-01 2.141444999999999876e-01 -4.215380000000000238e-01 8.433255499999999572e+00
9.599999999999999645e+00 -4.020270000000000232e-01 2.041480999999999990e-01 -4.020270000000000232e-01 8.403963900000000820e+00
9.625000000000000000e+00 -3.834159999999999791e-01 1.946200000000000152e-01 -3.834159999999999791e-01 8.375166000000000111e+00
9.650000000000000355e+00 -3.656650000000000178e-01 1.855392000000000152e-01 -3.656650000000000178e-01 8.346824800000000266e+00
9.675000000000000711e+00 -3.487319999999999864e-01 1.768827000000000038e-01 -3.487319999999999864e-01 8.318931299999999140e+00
9.699999999999999289e+00 -3.325819999999999887e-01 1.686307500000000237e-01 -3.325819999999999887e-01 8.291479250000000079e+00
9.724999999999999645e+00 -3.171769999999999867e-01 1.607645999999999797e-01 -3.171769999999999867e-01 8.264433399999999708e+00
9.750000000000000000e+00 -3.024830000000000019e-01 1.532664499999999985e-01 -3.024830000000000019e-01 8.237789549999998684e+00
9.775000000000000355e+00 -2.884680000000000022e-01 1.461187999999999931e-01 -2.884680000000000022e-01 8.211533199999999866e+00
9.800000000000000711e+00 -2.751009999999999844e-01 1.393040500000000126e-01 -2.751009999999999844e-01 8.185639950000000553e+00
9.824999999999999289e+00 -2.623510000000000009e-01 1.328078000000000036e-01 -2.623510000000000009e-01 8.160108199999999812e+00
9.849999999999999645e+00 -2.501900000000000235e-01 1.266136500000000220e-01 -2.501900000000000235e-01 8.134914350000000738e+00
9.875000000000000000e+00 -2.385919999999999985e-01 1.207092000000000026e-01 -2.385919999999999985e-01 8.110048799999999503e+00
9.900000000000000355e+00 -2.275300000000000100e-01 1.150802499999999950e-01 -2.275300000000000100e-01 8.085509749999999940e+00
9.925000000000000711e+00 -2.169800000000000062e-01 1.097136499999999959e-01 -2.169800000000000062e-01 8.061276550000000540e+00
9.949999999999999289e+00 -2.069179999999999908e-01 1.045973500000000056e-01 -2.069179999999999908e-01 8.037339449999999275e+00
9.974999999999999645e+00 -1.973209999999999964e-01 9.971950000000000258e-02 -1.973209999999999964e-01 8.013688900000000004e+00
1.000000000000000000e+01 -1.881690000000000029e-01 9.506934999999999691e-02 -1.881690000000000029e-01 7.990326249999999852e+00
1.002500000000000036e+01 -1.794409999999999894e-01 9.063609999999999722e-02 -1.794409999999999894e-01 7.967222700000000657e+00
1.005000000000000071e+01 -1.711169999999999913e-01 8.640960000000000307e-02 -1.711169999999999913e-01 7.944380200000000336e+00
1.007499999999999929e+01 -1.631789999999999907e-01 8.238054999999999684e-02 -1.631789999999999907e-01 7.921781049999999880e+00
1.009999999999999964e+01 -1.556099999999999983e-01 7.853965000000000252e-02 -1.556099999999999983e-01 7.899427949999999754e+00
1.012500000000000000e+01 -1.483909999999999951e-01 7.487775000000000680e-02 -1.483909999999999951e-01 7.877313449999999939e+00
1.015000000000000036e+01 -1.415079999999999949e-01 7.138750000000000651e-02 -1.415079999999999949e-01 7.855431700000000461e+00
1.017500000000000071e+01 -1.349440000000000084e-01 6.806029999999999025e-02 -1.349440000000000084e-01 7.833765900000000393e+00
1.019999999999999929e+01 -1.286849999999999938e-01 6.488879999999999648e-02 -1.286849999999999938e-01 7.812310000000000088e+00
1.022499999999999964e+01 -1.227170000000000066e-01 6.186579999999999857e-02 -1.227170000000000066e-01 7.791068399999999450e+00
1.025000000000000000e+01 -1.170270000000000060e-01 5.898439999999999933e-02 -1.170270000000000060e-01 7.770025599999999422e+00
1.027500000000000036e+01 -1.116010000000000058e-01 5.623809999999999920e-02 -1.116010000000000058e-01 7.749176300000000239e+00
1.030000000000000071e+01 -1.064279999999999948e-01 5.362060000000000437e-02 -1.064279999999999948e-01 7.728515599999999708e+00
1.032499999999999929e+01 -1.014960000000000029e-01 5.112604999999999927e-02 -1.014960000000000029e-01 7.708038750000000050e+00
1.034999999999999964e+01 -9.679340000000000166e-02 4.874855000000000160e-02 -9.679340000000000166e-02 7.687741250000000193e+00
1.037500000000000000e+01 -9.231029999999999791e-02 4.648294999999999511e-02 -9.231029999999999791e-02 7.667628849999999829e+00
1.040000000000000036e+01 -8.803629999999999789e-02 4.432384999999999797e-02 -8.803629999999999789e-02 7.647677349999999485e+00
1.042500000000000071e+01 -8.396190000000000597e-02 4.226654999999999995e-02 -8.396190000000000597e-02 7.627883049999999443e+00
1.044999999999999929e+01 -8.007770000000000166e-02 4.030609999999999749e-02 -8.007770000000000166e-02 7.608262100000000139e+00
1.047499999999999964e+01 -7.637499999999999845e-02 3.843825000000000019e-02 -7.637499999999999845e-02 7.588791150000000485e+00
1.050000000000000000e+01 -7.284530000000000172e-02 3.665841499999999975e-02 -7.284530000000000172e-02 7.569476585000000313e+00
1.052500000000000036e+01 -6.948079999999999534e-02 3.496278500000000317e-02 -6.948079999999999534e-02 7.550315415000000030e+00
1.055000000000000071e+01 -6.627370000000000483e-02 3.334741000000000094e-02 -6.627370000000000483e-02 7.531294589999999900e+00
1.057499999999999929e+01 -6.321670000000000067e-02 3.180837999999999721e-02 -6.321670000000000067e-02 7.512411020000000050e+00
1.059999999999999964e+01 -6.030300000000000243e-02 3.034239499999999770e-02 -6.030300000000000243e-02 7.493672205000000197e+00
1.062500000000000000e+01 -5.752580000000000193e-02 2.894588499999999759e-02 -5.752580000000000193e-02 7.475065315000000155e+00
1.065000000000000036e+01 -5.487879999999999842e-02 2.761558499999999805e-02 -5.487879999999999842e-02 7.456587815000000674e+00
1.067500000000000071e+01 -5.235589999999999689e-02 2.634862000000000315e-02 -5.235589999999999689e-02 7.438237580000000015e+00
1.069999999999999929e+01 -4.995150000000000284e-02 2.514175999999999911e-02 -4.995150000000000284e-02 7.420022040000000096e+00
1.072499999999999964e+01 -4.765989999999999810e-02 2.399238000000000065e-02 -4.765989999999999810e-02 7.401929219999999532e+00
1.075000000000000000e+01 -4.547589999999999966e-02 2.289766999999999844e-02 -4.547589999999999966e-02 7.383946930000000464e+00
1.077500000000000036e+01 -4.339459999999999845e-02 2.185533000000000267e-02 -4.339459999999999845e-02 7.366093470000000032e+00
1.080000000000000071e+01 -4.141100000000000336e-02 2.086256000000000221e-02 -4.141100000000000336e-02 7.348356639999999551e+00
1.082499999999999929e+01 -3.952069999999999889e-02 1.991719000000000128e-02 -3.952069999999999889e-02 7.330724809999999536e+00
1.084999999999999964e+01 -3.771929999999999727e-02 1.901684999999999834e-02 -3.771929999999999727e-02 7.313206150000000072e+00
1.087500000000000000e+01 -3.600249999999999978e-02 1.815967999999999749e-02 -3.600249999999999978e-02 7.295799320000000421e+00
1.090000000000000036e+01 -3.436659999999999715e-02 1.734342499999999912e-02 -3.436659999999999715e-02 7.278502575000000085e+00
1.092500000000000071e+01 -3.280759999999999926e-02 1.656615999999999991e-02 -3.280759999999999926e-02 7.261304439999999971e+00
1.094999999999999929e+01 -3.132189999999999974e-02 1.582613999999999896e-02 -3.132189999999999974e-02 7.244213659999999777e+00
1.097499999999999964e+01 -2.990620000000000084e-02 1.512145999999999976e-02 -2.990620000000000084e-02 7.227228739999999263e+00
1.100000000000000000e+01 -2.855699999999999905e-02 1.445058999999999927e-02 -2.855699999999999905e-02 7.210338609999999981e+00
1.102500000000000036e+01 -2.727129999999999832e-02 1.381173999999999943e-02 -2.727129999999999832e-02 7.193541859999999843e+00
1.105000000000000071e+01 -2.604609999999999911e-02 1.320360999999999931e-02 -2.604609999999999911e-02 7.176847590000000388e+00
1.107499999999999929e+01 -2.487850000000000131e-02 1.262450500000000114e-02 -2.487850000000000131e-02 7.160244494999999709e+00
1.109999999999999964e+01 -2.376580000000000012e-02 1.207305499999999920e-02 -2.376580000000000012e-02 7.143741545000000137e+00
1.112500000000000000e+01 -2.270540000000000058e-02 1.154803499999999990e-02 -2.270540000000000058e-02 7.127317885000000075e+00
1.115000000000000036e+01 -2.169480000000000020e-02 1.104808999999999999e-02 -2.169480000000000020e-02 7.110992490000000110e+00
1.117500000000000071e+01 -2.073169999999999874e-02 1.057193500000000105e-02 -2.073169999999999874e-02 7.094754385000000774e+00
1.119999999999999929e+01 -1.981370000000000006e-02 1.011859000000000022e-02 -1.981370000000000006e-02 7.078602929999999738e+00
1.122499999999999964e+01 -1.893879999999999869e-02 9.686810000000000559e-03 -1.893879999999999869e-02 7.062537129999999941e+00
1.125000000000000000e+01 -1.810480000000000075e-02 9.275580000000000283e-03 -1.810480000000000075e-02 7.046556280000000783e+00
1.127500000000000036e+01 -1.730989999999999959e-02 8.883870000000000308e-03 -1.730989999999999959e-02 7.030669610000000347e+00
1.130000000000000071e+01 -1.655219999999999955e-02 8.510729999999999337e-03 -1.655219999999999955e-02 7.014856430000000032e+00
1.132499999999999929e+01 -1.582980000000000151e-02 8.155225000000000321e-03 -1.582980000000000151e-02 6.999116074999999881e+00
1.134999999999999964e+01 -1.514109999999999935e-02 7.816490000000000590e-03 -1.514109999999999935e-02 6.983467909999999890e+00
1.137500000000000000e+01 -1.448450000000000085e-02 7.493680000000000826e-03 -1.448450000000000085e-02 6.967891319999999666e+00
1.140000000000000036e+01 -1.385839999999999989e-02 7.186009999999999620e-03 -1.385839999999999989e-02 6.952405730000000617e+00
1.142500000000000071e+01 -1.326139999999999958e-02 6.892679999999999987e-03 -1.326139999999999958e-02 6.936980559999999407e+00
1.144999999999999929e+01 -1.269200000000000016e-02 6.613039999999999717e-03 -1.269200000000000016e-02 6.921645360000000302e+00
1.147499999999999964e+01 -1.214900000000000008e-02 6.346389999999999497e-03 -1.214900000000000008e-02 6.906379610000000113e+00
1.150000000000000000e+01 -1.163100000000000071e-02 6.092010000000000133e-03 -1.163100000000000071e-02 6.891192789999999846e+00
1.152500000000000036e+01 -1.113680000000000052e-02 5.849309999999999926e-03 -1.113680000000000052e-02 6.876074469999999828e+00
1.155000000000000071e+01 -1.066540000000000023e-02 5.617699999999999777e-03 -1.066540000000000023e-02 6.861024239999999885e+00
1.157499999999999929e+01 -1.021550000000000062e-02 5.396609999999999602e-03 -1.021550000000000062e-02 6.846051670000000478e+00
1.159999999999999964e+01 -9.786160000000000345e-03 5.185509999999999946e-03 -9.786160000000000345e-03 6.831156389999999412e+00
1.162500000000000000e+01 -9.376380000000000131e-03 4.983885000000000398e-03 -9.376380000000000131e-03 6.816328035000000618e+00
1.165000000000000036e+01 -8.985190000000000538e-03 4.791240000000000429e-03 -8.985190000000000538e-03 6.801566239999999652e+00
1.167500000000000071e+01 -8.611709999999999851e-03 4.607119999999999271e-03 -8.611709999999999851e-03 6.786870679999999822e+00
1.169999999999999929e+01 -8.255059999999999829e-03 4.431095000000000346e-03 -8.255059999999999829e-03 6.772241045000000348e+00
1.172499999999999964e+01 -7.914430000000000076e-03 4.262745000000000076e-03 -7.914430000000000076e-03 6.757687035000000009e+00
1.175000000000000000e+01 -7.589040000000000022e-03 4.101674999999999939e-03 -7.589040000000000022e-03 6.743198364999999583e+00
1.177500000000000036e+01 -7.278159999999999664e-03 3.947520000000000369e-03 -7.278159999999999664e-03 6.728774780000000177e+00
1.180000000000000071e+01 -6.981079999999999751e-03 3.799915000000000063e-03 -6.981079999999999751e-03 6.714416005000000354e+00
1.182499999999999929e+01 -6.697129999999999923e-03 3.658535000000000086e-03 -6.697129999999999923e-03 6.700121805000000208e+00
1.184999999999999964e+01 -6.425679999999999586e-03 3.523061500000000245e-03 -6.425679999999999586e-03 6.685891958500000065e+00
1.187500000000000000e+01 -6.166129999999999702e-03 3.393193499999999814e-03 -6.166129999999999702e-03 6.671726246500000457e+00
1.190000000000000036e+01 -5.917890000000000303e-03 3.268652500000000100e-03 -5.917890000000000303e-03 6.657624467499999810e+00
1.192500000000000071e+01 -5.680430000000000201e-03 3.149171000000000088e-03 -5.680430000000000201e-03 6.643586428999999960e+00
1.194999999999999929e+01 -5.453229999999999883e-03 3.034494499999999730e-03 -5.453229999999999883e-03 6.629601945500000149e+00
1.197499999999999964e+01 -5.235789999999999715e-03 2.924379999999999862e-03 -5.235789999999999715e-03 6.615690840000000073e+00
1.200000000000000000e+01 -5.027659999999999768e-03 2.818616500000000087e-03 -5.027659999999999768e-03 6.601832963499999707e+00
1.202500000000000036e+01 -4.828380000000000172e-03 2.716985000000000320e-03 -4.828380000000000172e-03 6.588038154999999563e+00
1.205000000000000071e+01 -4.637539999999999892e-03 2.619278499999999794e-03 -4.637539999999999892e-03 6.574296261499999794e+00
1.207499999999999929e+01 -4.454739999999999568e-03 2.525321000000000076e-03 -4.454739999999999568e-03 6.560627159000000042e+00
1.209999999999999964e+01 -4.279599999999999724e-03 2.434927999999999832e-03 -4.279599999999999724e-03 6.547010711999999621e+00
1.212500000000000000e+01 -4.111759999999999894e-03 2.347937999999999935e-03 -4.111759999999999894e-03 6.533446802000000275e+00
1.215000000000000036e+01 -3.950870000000000423e-03 2.264186000000000063e-03 -3.950870000000000423e-03 6.519945314000000103e+00
1.217500000000000071e+01 -3.796630000000000057e-03 2.183530999999999840e-03 -3.796630000000000057e-03 6.506506129000000804e+00
1.219999999999999929e+01 -3.648709999999999887e-03 2.105835500000000082e-03 -3.648709999999999887e-03 6.493119164499999485e+00
1.222499999999999964e+01 -3.506829999999999843e-03 2.030945000000000146e-03 -3.506829999999999843e-03 6.479784294999999972e+00
1.225000000000000000e+01 -3.370709999999999852e-03 1.958752499999999973e-03 -3.370709999999999852e-03 6.466511447500000287e+00
1.227500000000000036e+01 -3.240090000000000157e-03 1.889163000000000127e-03 -3.240090000000000157e-03 6.453290556999999872e+00
1.230000000000000071e+01 -3.114720000000000075e-03 1.822021999999999965e-03 -3.114720000000000075e-03 6.440131498000000398e+00
1.232499999999999929e+01 -2.994360000000000164e-03 1.757245500000000115e-03 -2.994360000000000164e-03 6.427024214500000276e+00
1.234999999999999964e+01 -2.878799999999999935e-03 1.694730499999999931e-03 -2.878799999999999935e-03 6.413968629499999352e+00
1.237500000000000000e+01 -2.767809999999999888e-03 1.634374999999999977e-03 -2.767809999999999888e-03 6.400974665000000563e+00
1.240000000000000036e+01 -2.661189999999999910e-03 1.576107999999999893e-03 -2.661189999999999910e-03 6.388022271999999724e+00
1.242500000000000071e+01 -2.558760000000000201e-03 1.519837999999999918e-03 -2.558760000000000201e-03 6.375131382000000180e+00
1.244999999999999929e+01 -2.460320000000000215e-03 1.465484999999999878e-03 -2.460320000000000215e-03 6.362291935000000009e+00
1.247499999999999964e+01 -2.365719999999999976e-03 1.412959500000000044e-03 -2.365719999999999976e-03 6.349513860500000106e+00
1.250000000000000000e+01 -2.274770000000000177e-03 1.362212499999999969e-03 -2.274770000000000177e-03 6.336777127500000439e+00
1.252500000000000036e+01 -2.187329999999999917e-03 1.313155499999999832e-03 -2.187329999999999917e-03 6.324091664500000043e+00
1.255000000000000071e+01 -2.103250000000000085e-03 1.265740499999999961e-03 -2.103250000000000085e-03 6.311467439500000332e+00
1.257499999999999929e+01 -2.022379999999999838e-03 1.219879000000000102e-03 -2.022379999999999838e-03 6.298884381000000587e+00
1.259999999999999964e+01 -1.944600000000000104e-03 1.175545000000000062e-03 -1.944600000000000104e-03 6.286352475000000162e+00
1.262500000000000000e+01 -1.869769999999999982e-03 1.132656000000000114e-03 -1.869769999999999982e-03 6.273881654000000196e+00
1.265000000000000036e+01 -1.797769999999999967e-03 1.091168999999999906e-03 -1.797769999999999967e-03 6.261451888999999937e+00
1.267500000000000071e+01 -1.728490000000000061e-03 1.051030000000000107e-03 -1.728490000000000061e-03 6.249073135999999806e+00
1.269999999999999929e+01 -1.661809999999999893e-03 1.012188999999999927e-03 -1.661809999999999893e-03 6.236745359000000377e+00
1.272499999999999964e+01 -1.597639999999999998e-03 9.745999999999999455e-04 -1.597639999999999998e-03 6.224468521999999560e+00
1.275000000000000000e+01 -1.535869999999999944e-03 9.382175000000000410e-04 -1.535869999999999944e-03 6.212242588499999663e+00
1.277500000000000036e+01 -1.476410000000000049e-03 9.029999999999999399e-04 -1.476410000000000049e-03 6.200057528000000318e+00
1.280000000000000071e+01 -1.419160000000000039e-03 8.689049999999998945e-04 -1.419160000000000039e-03 6.187923307000000150e+00
1.282499999999999929e+01 -1.364049999999999898e-03 8.358960000000000348e-04 -1.364049999999999898e-03 6.175839898000000439e+00
1.284999999999999964e+01 -1.311000000000000099e-03 8.039345000000000258e-04 -1.311000000000000099e-03 6.163807269500000352e+00
1.287500000000000000e+01 -1.259920000000000094e-03 7.729850000000000132e-04 -1.259920000000000094e-03 6.151815394999999853e+00
1.290000000000000036e+01 -1.210740000000000080e-03 7.430190000000000362e-04 -1.210740000000000080e-03 6.139874251000000172e+00
1.292500000000000071e+01 -1.163399999999999981e-03 7.140024999999999931e-04 -1.163399999999999981e-03 6.127973811499999535e+00
1.294999999999999929e+01 -1.117820000000000055e-03 6.859064999999999693e-04 -1.117820000000000055e-03 6.116134053499999723e+00
1.297499999999999964e+01 -1.073960000000000106e-03 6.587049999999999893e-04 -1.073960000000000106e-03 6.104324955000000053e+00
1.300000000000000000e+01 -1.031739999999999957e-03 6.323715000000000152e-04 -1.031739999999999957e-03 6.092566496500000817e+00
1.302500000000000036e+01 -9.911160000000000022e-04 6.068844999999999795e-04 -9.911160000000000022e-04 6.080858659499999597e+00
1.305000000000000071e+01 -9.520330000000000242e-04 5.822199999999999381e-04 -9.520330000000000242e-04 6.069191424000000445e+00
1.307499999999999929e+01 -9.144420000000000109e-04 5.583600000000000412e-04 -9.144420000000000109e-04 6.057574776000000050e+00
1.309999999999999964e+01 -8.782969999999999970e-04 5.352849999999999275e-04 -8.782969999999999970e-04 6.045998699000000087e+00
1.312500000000000000e+01 -8.435549999999999559e-04 5.129789999999999957e-04 -8.435549999999999559e-04 6.034463180999999565e+00
1.315000000000000036e+01 -8.101750000000000011e-04 4.914280000000000254e-04 -8.101750000000000011e-04 6.022978208000000500e+00
1.317500000000000071e+01 -7.781189999999999678e-04 4.706184999999999665e-04 -7.781189999999999678e-04 6.011533769499999735e+00
1.319999999999999929e+01 -7.473510000000000483e-04 4.505385000000000097e-04 -7.473510000000000483e-04 6.000139855499999619e+00
1.322499999999999964e+01 -7.178380000000000481e-04 4.311789999999999590e-04 -7.178380000000000481e-04 5.988786456999999785e+00
1.325000000000000000e+01 -6.895490000000000213e-04 4.125309999999999437e-04 -6.895490000000000213e-04 5.977473566999999655e+00
1.327500000000000036e+01 -6.624540000000000376e-04 3.945874999999999621e-04 -6.624540000000000376e-04 5.966201178499999536e+00
1.330000000000000071e+01 -6.365259999999999972e-04 3.773420000000000203e-04 -6.365259999999999972e-04 5.954979286000000371e+00
1.332499999999999929e+01 -6.117409999999999558e-04 3.607919999999999704e-04 -6.117409999999999558e-04 5.943797885999999586e+00
1.334999999999999964e+01 -5.880739999999999535e-04 3.449326500000000017e-04 -5.880739999999999535e-04 5.932656973350000307e+00
1.337500000000000000e+01 -5.655039999999999850e-04 3.297627999999999931e-04 -5.655039999999999850e-04 5.921556547199999798e+00
1.340000000000000036e+01 -5.440100000000000447e-04 3.152828499999999726e-04 -5.440100000000000447e-04 5.910496607149999804e+00
1.342500000000000071e+01 -5.235739999999999578e-04 3.014886000000000258e-04 -5.235739999999999578e-04 5.899477147399999843e+00
1.344999999999999929e+01 -5.041779999999999829e-04 2.883826500000000095e-04 -5.041779999999999829e-04 5.888508171349999820e+00
1.347499999999999964e+01 -4.858050000000000150e-04 2.759648999999999978e-04 -4.858050000000000150e-04 5.877569677100000334e+00
1.350000000000000000e+01 -4.684399999999999805e-04 2.642387500000000118e-04 -4.684399999999999805e-04 5.866681667249999954e+00
1.352500000000000036e+01 -4.520680000000000228e-04 2.532057000000000209e-04 -4.520680000000000228e-04 5.855834142299999989e+00
1.355000000000000071e+01 -4.366749999999999755e-04 2.428682500000000103e-04 -4.366749999999999755e-04 5.845017103749999166e+00
1.357499999999999929e+01 -4.222489999999999750e-04 2.332287499999999953e-04 -4.222489999999999750e-04 5.834250553250000415e+00
1.359999999999999964e+01 -4.087760000000000178e-04 2.242907000000000039e-04 -4.087760000000000178e-04 5.823514493299999373e+00
1.362500000000000000e+01 -3.962440000000000233e-04 2.160553000000000115e-04 -3.962440000000000233e-04 5.812828924699999789e+00
1.365000000000000036e+01 -3.846410000000000193e-04 2.085268499999999939e-04 -3.846410000000000193e-04 5.802173851150000061e+00
1.367500000000000071e+01 -3.739559999999999954e-04 2.017055499999999919e-04 -3.739559999999999954e-04 5.791569272449999417e+00
1.369999999999999929e+01 -3.641769999999999795e-04 1.955941999999999848e-04 -3.641769999999999795e-04 5.780995191799999766e+00
1.372499999999999964e+01 -3.552919999999999993e-04 1.901931000000000205e-04 -3.552919999999999993e-04 5.770461608899999817e+00
1.375000000000000000e+01 -3.472889999999999745e-04 1.855027500000000257e-04 -3.472889999999999745e-04 5.759968525249999693e+00
1.377500000000000036e+01 -3.401559999999999870e-04 1.815229499999999863e-04 -3.401559999999999870e-04 5.749505941049999791e+00
1.380000000000000071e+01 -3.338799999999999949e-04 1.782531499999999859e-04 -3.338799999999999949e-04 5.739093856849999398e+00
1.382499999999999929e+01 -3.284490000000000261e-04 1.756906000000000082e-04 -3.284490000000000261e-04 5.728712271400000056e+00
1.384999999999999964e+01 -3.238480000000000070e-04 1.738325500000000099e-04 -3.238480000000000070e-04 5.718371183449999506e+00
1.387500000000000000e+01 -3.200650000000000196e-04 1.726738999999999867e-04 -3.200650000000000196e-04 5.708070590100000175e+00
1.390000000000000036e+01 -3.170839999999999748e-04 1.722084000000000028e-04 -3.170839999999999748e-04 5.697800487599999464e+00
1.392500000000000071e+01 -3.148890000000000001e-04 1.724297499999999969e-04 -3.148890000000000001e-04 5.687570872249999354e+00
1.394999999999999929e+01 -3.134650000000000218e-04 1.733312499999999882e-04 -3.134650000000000218e-04 5.677381740749999572e+00
1.397499999999999964e+01 -3.127939999999999735e-04 1.749011500000000085e-04 -3.127939999999999735e-04 5.667223084849999815e+00
1.400000000000000000e+01 -3.128590000000000212e-04 1.771293500000000018e-04 -3.128590000000000212e-04 5.657104898650000102e+00
1.402500000000000036e+01 -3.136400000000000125e-04 1.800026500000000205e-04 -3.136400000000000125e-04 5.647027173349999707e+00
1.405000000000000071e+01 -3.151179999999999736e-04 1.835092999999999881e-04 -3.151179999999999736e-04 5.636979900700000101e+00
1.407499999999999929e+01 -3.172730000000000233e-04 1.876305500000000157e-04 -3.172730000000000233e-04 5.626973069449999976e+00
1.409999999999999964e+01 -3.200799999999999848e-04 1.923529499999999893e-04 -3.200799999999999848e-04 5.616996671050000778e+00
1.412500000000000000e+01 -3.235199999999999925e-04 1.976538499999999914e-04 -3.235199999999999925e-04 5.607060690149999971e+00
1.415000000000000036e+01 -3.275670000000000166e-04 2.035175500000000078e-04 -3.275670000000000166e-04 5.597165114450000090e+00
1.417500000000000071e+01 -3.321980000000000202e-04 2.099199999999999959e-04 -3.321980000000000202e-04 5.587289928000000572e+00
1.419999999999999929e+01 -3.373860000000000118e-04 2.168406000000000055e-04 -3.373860000000000118e-04 5.577465117400000061e+00
1.422499999999999964e+01 -3.431059999999999774e-04 2.242547499999999962e-04 -3.431059999999999774e-04 5.567670665249999651e+00
1.425000000000000000e+01 -3.493300000000000181e-04 2.321365499999999992e-04 -3.493300000000000181e-04 5.557906553450000509e+00
1.427500000000000036e+01 -3.560290000000000026e-04 2.404610500000000175e-04 -3.560290000000000026e-04 5.548182764949999957e+00
1.430000000000000071e+01 -3.631759999999999936e-04 2.491991500000000212e-04 -3.631759999999999936e-04 5.538489278849999309e+00
1.432499999999999929e+01 -3.707399999999999910e-04 2.583236499999999776e-04 -3.707399999999999910e-04 5.528826076349999674e+00
1.434999999999999964e+01 -3.786920000000000260e-04 2.678042499999999898e-04 -3.786920000000000260e-04 5.519203135749999767e+00
1.437500000000000000e+01 -3.869999999999999742e-04 2.776114999999999898e-04 -3.869999999999999742e-04 5.509610436500000041e+00
1.440000000000000036e+01 -3.956329999999999981e-04 2.877119500000000093e-04 -3.956329999999999981e-04 5.500057954049999864e+00
1.442500000000000071e+01 -4.045589999999999733e-04 2.980761000000000174e-04 -4.045589999999999733e-04 5.490525667900000073e+00
1.444999999999999929e+01 -4.137470000000000080e-04 3.086713500000000106e-04 -4.137470000000000080e-04 5.481043554650000260e+00
1.447499999999999964e+01 -4.231640000000000163e-04 3.194631000000000077e-04 -4.231640000000000163e-04 5.471581588899999460e+00
1.450000000000000000e+01 -4.327770000000000206e-04 3.304198000000000378e-04 -4.327770000000000206e-04 5.462159748199999498e+00
1.452500000000000036e+01 -4.425529999999999894e-04 3.415067499999999774e-04 -4.425529999999999894e-04 5.452768007250000437e+00
1.455000000000000071e+01 -4.524609999999999765e-04 3.526914000000000026e-04 -4.524609999999999765e-04 5.443406342599999448e+00
1.457499999999999929e+01 -4.624659999999999730e-04 3.639401500000000395e-04 -4.624659999999999730e-04 5.434074729849999841e+00
1.459999999999999964e+01 -4.725369999999999788e-04 3.752175999999999970e-04 -4.725369999999999788e-04 5.424783142399999925e+00
1.462500000000000000e+01 -4.826419999999999777e-04 3.864931499999999572e-04 -4.826419999999999777e-04 5.415511558849999574e+00
1.465000000000000036e+01 -4.927479999999999924e-04 3.977314999999999713e-04 -4.927479999999999924e-04 5.406279952499999375e+00
1.467500000000000071e+01 -5.028279999999999772e-04 4.089004999999999723e-04 -5.028279999999999772e-04 5.397078299500000398e+00
1.469999999999999929e+01 -5.128430000000000228e-04 4.199685000000000093e-04 -5.128430000000000228e-04 5.387906577499999905e+00
1.472499999999999964e+01 -5.227660000000000293e-04 4.309020000000000428e-04 -5.227660000000000293e-04 5.378774759999999766e+00
1.475000000000000000e+01 -5.325669999999999580e-04 4.416754999999999965e-04 -5.325669999999999580e-04 5.369662830499999373e+00
1.477500000000000036e+01 -5.422180000000000185e-04 4.522544999999999777e-04 -5.422180000000000185e-04 5.360590761500000134e+00
1.480000000000000071e+01 -5.516909999999999870e-04 4.626119999999999950e-04 -5.516909999999999870e-04 5.351538533999999459e+00
1.482499999999999929e+01 -5.609579999999999645e-04 4.727200000000000412e-04 -5.609579999999999645e-04 5.342526126000000097e+00
1.484999999999999964e+01 -5.699929999999999754e-04 4.825509999999999544e-04 -5.699929999999999754e-04 5.333533517000000224e+00
1.487500000000000000e+01 -5.787700000000000440e-04 4.920795000000000377e-04 -5.787700000000000440e-04 5.324580688500000214e+00
1.490000000000000036e+01 -5.872650000000000092e-04 5.012810000000000139e-04 -5.872650000000000092e-04 5.315657620999999722e+00
1.492500000000000071e+01 -5.954559999999999584e-04 5.101319999999999466e-04 -5.954559999999999584e-04 5.306754298000000425e+00
1.494999999999999929e+01 -6.033199999999999631e-04 5.186115000000000473e-04 -6.033199999999999631e-04 5.297890702500000160e+00
1.497499999999999964e+01 -6.108370000000000336e-04 5.266990000000000473e-04 -6.108370000000000336e-04 5.289056818999999798e+00
1.500000000000000000e+01 -6.179879999999999792e-04 5.343750000000000193e-04 -6.179879999999999792e-04 5.280242633000000296e+00
1.502500000000000036e+01 -6.247530000000000271e-04 5.416225000000000206e-04 -6.247530000000000271e-04 5.271468131500000709e+00
1.505000000000000071e+01 -6.311179999999999568e-04 5.484245000000000005e-04 -6.311179999999999568e-04 5.262713301499999830e+00
1.507499999999999929e+01 -6.370660000000000428e-04 5.547679999999999712e-04 -6.370660000000000428e-04 5.253998132000000432e+00
1.509999999999999964e+01 -6.425829999999999563e-04 5.606390000000000375e-04 -6.425829999999999563e-04 5.245302612999999781e+00
1.512500000000000000e+01 -6.476570000000000504e-04 5.660279999999999955e-04 -6.476570000000000504e-04 5.236636735999999459e+00
1.515000000000000036e+01 -6.522779999999999507e-04 5.709219999999999660e-04 -6.522779999999999507e-04 5.228000491999999610e+00
1.517500000000000071e+01 -6.564340000000000105e-04 5.753145000000000090e-04 -6.564340000000000105e-04 5.219393875499999780e+00
1.519999999999999929e+01 -6.601180000000000112e-04 5.792004999999999376e-04 -6.601180000000000112e-04 5.210806881499999932e+00
1.522499999999999964e+01 -6.633229999999999509e-04 5.825719999999999510e-04 -6.633229999999999509e-04 5.202259503999999701e+00
1.525000000000000000e+01 -6.660439999999999677e-04 5.854270000000000177e-04 -6.660439999999999677e-04 5.193731741000000568e+00
1.527500000000000036e+01 -6.682769999999999986e-04 5.877624999999999820e-04 -6.682769999999999986e-04 5.185233589499999241e+00
1.530000000000000071e+01 -6.700179999999999808e-04 5.895794999999999682e-04 -6.700179999999999808e-04 5.176765050499999354e+00
1.532499999999999929e+01 -6.712660000000000068e-04 5.908764999999998983e-04 -6.712660000000000068e-04 5.168316121499999305e+00
1.534999999999999964e+01 -6.720219999999999839e-04 5.916580000000000060e-04 -6.720219999999999839e-04 5.159906806000000401e+00
1.537500000000000000e+01 -6.722860000000000207e-04 5.919255000000000436e-04 -6.722860000000000207e-04 5.151517104499999888e+00
1.540000000000000036e+01 -6.720609999999999475e-04 5.916849999999999974e-04 -6.720609999999999475e-04 5.143147020999999874e+00
1.542500000000000071e+01 -6.713500000000000283e-04 5.909409999999999923e-04 -6.713500000000000283e-04 5.134816558999999891e+00
1.544999999999999929e+01 -6.701590000000000324e-04 5.897034999999999690e-04 -6.701590000000000324e-04 5.126505724499999417e+00
1.547499999999999964e+01 -6.684910000000000071e-04 5.879785000000000220e-04 -6.684910000000000071e-04 5.118224523499999457e+00
1.550000000000000000e+01 -6.663570000000000170e-04 5.857764999999999370e-04 -6.663570000000000170e-04 5.109972961500000466e+00
1.552500000000000036e+01 -6.637630000000000483e-04 5.831080000000000421e-04 -6.637630000000000483e-04 5.101741045999999891e+00
1.555000000000000071e+01 -6.607180000000000258e-04 5.799835000000000147e-04 -6.607180000000000258e-04 5.093538786499999915e+00
1.557499999999999929e+01 -6.572260000000000124e-04 5.764164999999999046e-04 -6.572260000000000124e-04 5.085356191500000733e+00
1.559999999999999964e+01 -6.533090000000000295e-04 5.724200000000000252e-04 -6.533090000000000295e-04 5.077203270000000046e+00
1.562500000000000000e+01 -6.489720000000000471e-04 5.680069999999999304e-04 -6.489720000000000471e-04 5.069080032999999652e+00
1.565000000000000036e+01 -6.442289999999999605e-04 5.631930000000000269e-04 -6.442289999999999605e-04 5.060976490999999911e+00
1.567500000000000071e+01 -6.390910000000000514e-04 5.579919999999999932e-04 -6.390910000000000514e-04 5.052902654000000382e+00
1.569999999999999929e+01 -6.335730000000000138e-04 5.524215000000000505e-04 -6.335730000000000138e-04 5.044858534499999436e+00
1.572499999999999964e+01 -6.276899999999999754e-04 5.464954999999999856e-04 -6.276899999999999754e-04 5.036834144499999333e+00
1.575000000000000000e+01 -6.214530000000000011e-04 5.402329999999999893e-04 -6.214530000000000011e-04 5.028829496999999371e+00
1.577500000000000036e+01 -6.148780000000000174e-04 5.336489999999999723e-04 -6.148780000000000174e-04 5.020854603000000083e+00
1.580000000000000071e+01 -6.079819999999999669e-04 5.267629999999999708e-04 -6.079819999999999669e-04 5.012909477000000003e+00
1.582499999999999929e+01 -6.007799999999999772e-04 5.195904999999999578e-04 -6.007799999999999772e-04 5.004984131500000544e+00
1.584999999999999964e+01 -5.932879999999999751e-04 5.121490000000000460e-04 -5.932879999999999751e-04 4.997088578999999697e+00
1.587500000000000000e+01 -5.855219999999999956e-04 5.044580000000000548e-04 -5.855219999999999956e-04 4.989212833999999930e+00
1.590000000000000036e+01 -5.774979999999999654e-04 4.965345000000000349e-04 -5.774979999999999654e-04 4.981356909499999652e+00
1.592500000000000071e+01 -5.692339999999999510e-04 4.883970000000000065e-04 -5.692339999999999510e-04 4.973540818999999225e+00
1.594999999999999929e+01 -5.607439999999999560e-04 4.800615000000000047e-04 -5.607439999999999560e-04 4.965734574499999887e+00
1.597499999999999964e+01 -5.520469999999999544e-04 4.715480000000000192e-04 -5.520469999999999544e-04 4.957958192000000430e+00
1.600000000000000000e+01 -5.431579999999999655e-04 4.628724999999999767e-04 -5.431579999999999655e-04 4.950201681499999395e+00
1.602499999999999858e+01 -5.340940000000000401e-04 4.540529999999999978e-04 -5.340940000000000401e-04 4.942475058999999504e+00
1.605000000000000071e+01 -5.248720000000000122e-04 4.451039999999999858e-04 -5.248720000000000122e-04 4.934768334000000145e+00
1.607499999999999929e+01 -5.155059999999999937e-04 4.360470000000000079e-04 -5.155059999999999937e-04 4.927091522999999640e+00
1.610000000000000142e+01 -5.060149999999999587e-04 4.268949999999999980e-04 -5.060149999999999587e-04 4.919434637000000166e+00
1.612500000000000000e+01 -4.964120000000000034e-04 4.176661000000000024e-04 -4.964120000000000034e-04 4.911797687900000042e+00
1.614999999999999858e+01 -4.867140000000000160e-04 4.083745000000000387e-04 -4.867140000000000160e-04 4.904190687499999868e+00
1.617500000000000071e+01 -4.769350000000000000e-04 3.990361499999999623e-04 -4.769350000000000000e-04 4.896603647850000129e+00
1.619999999999999929e+01 -4.670909999999999906e-04 3.896667999999999942e-04 -4.670909999999999906e-04 4.889036581200000064e+00
1.622500000000000142e+01 -4.571970000000000070e-04 3.802782500000000381e-04 -4.571970000000000070e-04 4.881499495749999973e+00
1.625000000000000000e+01 -4.472650000000000215e-04 3.708871000000000086e-04 -4.472650000000000215e-04 4.873982404900000454e+00
1.627499999999999858e+01 -4.373099999999999991e-04 3.615062500000000220e-04 -4.373099999999999991e-04 4.866495317750000105e+00
1.630000000000000071e+01 -4.273449999999999818e-04 3.521466000000000006e-04 -4.273449999999999818e-04 4.859018243399999548e+00
1.632499999999999929e+01 -4.173839999999999733e-04 3.428228499999999698e-04 -4.173839999999999733e-04 4.851571193149999850e+00
1.635000000000000142e+01 -4.074370000000000227e-04 3.335454000000000066e-04 -4.074370000000000227e-04 4.844144174600000241e+00
1.637500000000000000e+01 -3.975180000000000250e-04 3.243265500000000229e-04 -3.975180000000000250e-04 4.836747197450000257e+00
1.639999999999999858e+01 -3.876379999999999908e-04 3.151765499999999902e-04 -3.876379999999999908e-04 4.829370269450000031e+00
1.642500000000000071e+01 -3.778079999999999850e-04 3.061065500000000245e-04 -3.778079999999999850e-04 4.822013399450000293e+00
1.644999999999999929e+01 -3.680369999999999866e-04 2.971226499999999834e-04 -3.680369999999999866e-04 4.814676591349999590e+00
1.647500000000000142e+01 -3.583370000000000218e-04 2.882369000000000185e-04 -3.583370000000000218e-04 4.807359855100000523e+00
1.650000000000000000e+01 -3.487159999999999999e-04 2.794561999999999892e-04 -3.487159999999999999e-04 4.800073195799999581e+00
1.652499999999999858e+01 -3.391840000000000241e-04 2.707894500000000032e-04 -3.391840000000000241e-04 4.792806620550000396e+00
1.655000000000000071e+01 -3.297479999999999877e-04 2.622424500000000323e-04 -3.297479999999999877e-04 4.785560133549999762e+00
1.657499999999999929e+01 -3.204169999999999783e-04 2.538239499999999705e-04 -3.204169999999999783e-04 4.778333742049999167e+00
1.660000000000000142e+01 -3.111990000000000134e-04 2.455385999999999940e-04 -3.111990000000000134e-04 4.771127449400000664e+00
1.662500000000000000e+01 -3.020990000000000090e-04 2.373931000000000023e-04 -3.020990000000000090e-04 4.763951260899999873e+00
1.664999999999999858e+01 -2.931249999999999828e-04 2.293919500000000120e-04 -2.931249999999999828e-04 4.756795180050000127e+00
1.667500000000000071e+01 -2.842829999999999750e-04 2.215408500000000153e-04 -2.842829999999999750e-04 4.749649211150000383e+00
1.669999999999999929e+01 -2.755769999999999943e-04 2.138428000000000052e-04 -2.755769999999999943e-04 4.742533357200000133e+00
1.672500000000000142e+01 -2.670130000000000268e-04 2.063004499999999909e-04 -2.670130000000000268e-04 4.735447619550000375e+00
1.675000000000000000e+01 -2.585959999999999886e-04 1.989180500000000123e-04 -2.585959999999999886e-04 4.728372001950000403e+00
1.677499999999999858e+01 -2.503289999999999812e-04 1.916989000000000019e-04 -2.503289999999999812e-04 4.721316507100000059e+00
1.680000000000000071e+01 -2.422170000000000020e-04 1.846442000000000168e-04 -2.422170000000000020e-04 4.714291135799999921e+00
1.682499999999999929e+01 -2.342610000000000124e-04 1.777561499999999938e-04 -2.342610000000000124e-04 4.707275889850000006e+00
1.685000000000000142e+01 -2.264660000000000100e-04 1.710367999999999817e-04 -2.264660000000000100e-04 4.700290771200000606e+00
1.687500000000000000e+01 -2.188330000000000104e-04 1.644863000000000043e-04 -2.188330000000000104e-04 4.693315779700000689e+00
1.689999999999999858e+01 -2.113650000000000067e-04 1.581044499999999936e-04 -2.113650000000000067e-04 4.686370915550000404e+00
1.692500000000000071e+01 -2.040619999999999988e-04 1.518946499999999976e-04 -2.040619999999999988e-04 4.679446181350000344e+00
1.694999999999999929e+01 -1.969270000000000070e-04 1.458545999999999909e-04 -1.969270000000000070e-04 4.672541575400000369e+00
1.697500000000000142e+01 -1.899609999999999927e-04 1.399842499999999837e-04 -1.899609999999999927e-04 4.665657097749999593e+00
1.700000000000000000e+01 -1.831629999999999944e-04 1.342834999999999960e-04 -1.831629999999999944e-04 4.658792748499999803e+00
1.702499999999999858e+01 -1.765340000000000008e-04 1.287511999999999880e-04 -1.765340000000000008e-04 4.651938526800000417e+00
1.705000000000000071e+01 -1.700750000000000005e-04 1.233860999999999942e-04 -1.700750000000000005e-04 4.645114431899999730e+00
1.707499999999999929e+01 -1.637839999999999891e-04 1.181871000000000055e-04 -1.637839999999999891e-04 4.638310462899999820e+00
1.710000000000000142e+01 -1.576620000000000094e-04 1.131516000000000027e-04 -1.576620000000000094e-04 4.631526617799999634e+00
1.712500000000000000e+01 -1.517070000000000029e-04 1.082785499999999935e-04 -1.517070000000000029e-04 4.624762896050000016e+00
1.714999999999999858e+01 -1.459189999999999966e-04 1.035655499999999998e-04 -1.459189999999999966e-04 4.618019295849999928e+00
1.717500000000000071e+01 -1.402960000000000134e-04 9.901055000000000023e-05 -1.402960000000000134e-04 4.611295815650000129e+00
1.719999999999999929e+01 -1.348359999999999945e-04 9.461089999999999908e-05 -1.348359999999999945e-04 4.604582453499999950e+00
1.722500000000000142e+01 -1.295389999999999942e-04 9.036424999999999460e-05 -1.295389999999999942e-04 4.597899207750000272e+00
1.725000000000000000e+01 -1.244010000000000038e-04 8.626770000000000076e-05 -1.244010000000000038e-04 4.591236076100000396e+00
1.727499999999999858e+01 -1.194219999999999960e-04 8.231860000000000837e-05 -1.194219999999999960e-04 4.584583056600000539e+00
1.730000000000000071e+01 -1.145980000000000029e-04 7.851389999999999379e-05 -1.145980000000000029e-04 4.577960147099999766e+00
1.732499999999999929e+01 -1.099279999999999951e-04 7.485065000000000815e-05 -1.099279999999999951e-04 4.571347345350000424e+00
1.735000000000000142e+01 -1.054099999999999953e-04 7.132570000000000728e-05 -1.054099999999999953e-04 4.564764648899999777e+00
1.737500000000000000e+01 -1.010390000000000062e-04 6.793584999999999771e-05 -1.010390000000000062e-04 4.558192055350000160e+00
1.739999999999999858e+01 -9.681520000000000100e-05 6.467784999999999604e-05 -9.681520000000000100e-05 4.551639562350000112e+00
1.742500000000000071e+01 -9.273399999999999677e-05 6.154840000000000181e-05 -9.273399999999999677e-05 4.545107167400000314e+00
1.744999999999999929e+01 -8.879320000000000225e-05 5.854435000000000471e-05 -8.879320000000000225e-05 4.538594868049999675e+00
1.747500000000000142e+01 -8.498979999999999729e-05 5.566200000000000341e-05 -8.498979999999999729e-05 4.532092661600000127e+00
1.750000000000000000e+01 -8.132089999999999588e-05 5.289829999999999462e-05 -8.132089999999999588e-05 4.525620545699999830e+00
1.752499999999999858e+01 -7.778330000000000454e-05 5.024984999999999798e-05 -7.778330000000000454e-05 4.519158517750000215e+00
1.755000000000000071e+01 -7.437420000000000359e-05 4.771310000000000232e-05 -7.437420000000000359e-05 4.512726575100000304e+00
1.757499999999999929e+01 -7.109030000000000611e-05 4.528475000000000040e-05 -7.109030000000000611e-05 4.506304715249999759e+00
1.760000000000000142e+01 -6.792860000000000553e-05 4.296139999999999833e-05 -6.792860000000000553e-05 4.499902935599999765e+00
1.762500000000000000e+01 -6.488589999999999484e-05 4.073984500000000228e-05 -6.488589999999999484e-05 4.493511233755000056e+00
1.764999999999999858e+01 -6.195910000000000111e-05 3.861668000000000446e-05 -6.195910000000000111e-05 4.487149607120000105e+00
1.767500000000000071e+01 -5.914509999999999722e-05 3.658861999999999867e-05 -5.914509999999999722e-05 4.480798053180000018e+00
1.769999999999999929e+01 -5.644070000000000326e-05 3.465246999999999859e-05 -5.644070000000000326e-05 4.474466569530000548e+00
1.772500000000000142e+01 -5.384279999999999888e-05 3.280504499999999823e-05 -5.384279999999999888e-05 4.468155153755000164e+00
1.775000000000000000e+01 -5.134829999999999760e-05 3.104307999999999959e-05 -5.134829999999999760e-05 4.461863803319999988e+00
1.777499999999999858e+01 -4.895419999999999964e-05 2.936358999999999714e-05 -4.895419999999999964e-05 4.455582516009999772e+00
1.780000000000000071e+01 -4.665719999999999774e-05 2.776352500000000114e-05 -4.665719999999999774e-05 4.449331289474999451e+00
1.782499999999999929e+01 -4.445449999999999933e-05 2.623992500000000102e-05 -4.445449999999999933e-05 4.443090121474999599e+00
1.785000000000000142e+01 -4.234299999999999761e-05 2.478974000000000027e-05 -4.234299999999999761e-05 4.436859009660000019e+00
1.787500000000000000e+01 -4.031979999999999977e-05 2.341033500000000089e-05 -4.031979999999999977e-05 4.430657952065000238e+00
1.789999999999999858e+01 -3.838199999999999945e-05 2.209867500000000065e-05 -3.838199999999999945e-05 4.424466946325000372e+00
1.792500000000000071e+01 -3.652659999999999685e-05 2.085213499999999886e-05 -3.652659999999999685e-05 4.418295990465000322e+00
1.794999999999999929e+01 -3.475099999999999983e-05 1.966810499999999929e-05 -3.475099999999999983e-05 4.412145082494999926e+00
1.797500000000000142e+01 -3.305220000000000179e-05 1.854387999999999905e-05 -3.305220000000000179e-05 4.406004220319999831e+00
1.800000000000000000e+01 -3.142769999999999727e-05 1.747705499999999932e-05 -3.142769999999999727e-05 4.399883402144999955e+00
1.802499999999999858e+01 -2.987480000000000067e-05 1.646514999999999939e-05 -2.987480000000000067e-05 4.393782626050000140e+00
1.805000000000000071e+01 -2.839079999999999929e-05 1.550577999999999844e-05 -2.839079999999999929e-05 4.387691890219999280e+00
1.807499999999999929e+01 -2.697320000000000121e-05 1.459667500000000031e-05 -2.697320000000000121e-05 4.381621192925000408e+00
1.810000000000000142e+01 -2.561950000000000094e-05 1.373557499999999935e-05 -2.561950000000000094e-05 4.375570532424999826e+00
1.812500000000000000e+01 -2.432730000000000000e-05 1.292022000000000011e-05 -2.432730000000000000e-05 4.369539906980000055e+00
1.814999999999999858e+01 -2.309430000000000011e-05 1.214866999999999900e-05 -2.309430000000000011e-05 4.363519315129999576e+00
1.817500000000000071e+01 -2.191819999999999964e-05 1.141888500000000070e-05 -2.191819999999999964e-05 4.357518755315000547e+00
1.819999999999999929e+01 -2.079670000000000029e-05 1.072887000000000118e-05 -2.079670000000000029e-05 4.351528225990000109e+00
1.822500000000000142e+01 -1.972760000000000065e-05 1.007676500000000075e-05 -1.972760000000000065e-05 4.345557725735000432e+00
1.825000000000000000e+01 -1.870879999999999950e-05 9.460759999999999862e-06 -1.870879999999999950e-05 4.339607253179999624e+00
1.827499999999999858e+01 -1.773839999999999944e-05 8.879110000000000103e-06 -1.773839999999999944e-05 4.333666806970000174e+00
1.830000000000000071e+01 -1.681419999999999904e-05 8.330144999999999846e-06 -1.681419999999999904e-05 4.327746385835000709e+00
1.832499999999999929e+01 -1.593440000000000112e-05 7.812249999999999614e-06 -1.593440000000000112e-05 4.321845988529999794e+00
1.835000000000000142e+01 -1.509709999999999984e-05 7.323880000000000596e-06 -1.509709999999999984e-05 4.315955613879999930e+00
1.837500000000000000e+01 -1.430049999999999971e-05 6.863584999999999610e-06 -1.430049999999999971e-05 4.310085260774999760e+00
1.839999999999999858e+01 -1.354280000000000017e-05 6.429865000000000144e-06 -1.354280000000000017e-05 4.304224928054999566e+00
1.842500000000000071e+01 -1.282249999999999963e-05 6.021319999999999975e-06 -1.282249999999999963e-05 4.298384614639999768e+00
1.844999999999999929e+01 -1.213770000000000070e-05 5.636769999999999566e-06 -1.213770000000000070e-05 4.292564319670000295e+00
1.847500000000000142e+01 -1.148700000000000030e-05 5.274899999999999251e-06 -1.148700000000000030e-05 4.286754042079999216e+00
1.850000000000000000e+01 -1.086890000000000024e-05 4.934515000000000137e-06 -1.086890000000000024e-05 4.280953780984999568e+00
1.852499999999999858e+01 -1.028180000000000039e-05 4.614479999999999906e-06 -1.028180000000000039e-05 4.275183535500000076e+00
1.855000000000000071e+01 -9.724490000000000808e-06 4.313690000000000029e-06 -9.724490000000000808e-06 4.269423304790000095e+00
1.857499999999999929e+01 -9.195469999999999900e-06 4.031106499999999688e-06 -9.195469999999999900e-06 4.263673088053500315e+00
1.860000000000000142e+01 -8.693470000000000302e-06 3.765724499999999727e-06 -8.693470000000000302e-06 4.257942884515499848e+00
1.862500000000000000e+01 -8.217249999999999972e-06 3.516613500000000191e-06 -8.217249999999999972e-06 4.252222693466499948e+00
1.864999999999999858e+01 -7.765609999999999668e-06 3.282847500000000081e-06 -7.765609999999999668e-06 4.246522514192500708e+00
1.867500000000000071e+01 -7.337369999999999851e-06 3.063587000000000048e-06 -7.337369999999999851e-06 4.240842346053000256e+00
1.869999999999999929e+01 -6.931450000000000357e-06 2.858006500000000281e-06 -6.931450000000000357e-06 4.235172188413500294e+00
1.872500000000000142e+01 -6.546760000000000318e-06 2.665315999999999724e-06 -6.546760000000000318e-06 4.229512040663999883e+00
1.875000000000000000e+01 -6.182290000000000231e-06 2.484789499999999937e-06 -6.182290000000000231e-06 4.223881902250500531e+00
1.877499999999999858e+01 -5.837070000000000003e-06 2.315724500000000058e-06 -5.837070000000000003e-06 4.218251772635499997e+00
1.880000000000000071e+01 -5.510150000000000090e-06 2.157444499999999940e-06 -5.510150000000000090e-06 4.212641651295500722e+00
1.882499999999999929e+01 -5.200640000000000067e-06 2.009315999999999991e-06 -5.200640000000000067e-06 4.207051537743999425e+00
1.885000000000000142e+01 -4.907679999999999911e-06 1.870759000000000083e-06 -4.907679999999999911e-06 4.201471431541000001e+00
1.887500000000000000e+01 -4.630449999999999856e-06 1.741176999999999948e-06 -4.630449999999999856e-06 4.195901332223000324e+00
1.889999999999999858e+01 -4.368159999999999696e-06 1.620048499999999910e-06 -4.368159999999999696e-06 4.190351239391499227e+00
1.892500000000000071e+01 -4.120060000000000326e-06 1.506863499999999866e-06 -4.120060000000000326e-06 4.184821152656500232e+00
1.894999999999999929e+01 -3.885429999999999661e-06 1.401136500000000074e-06 -3.885429999999999661e-06 4.179301071643499732e+00
1.897500000000000142e+01 -3.663599999999999957e-06 1.302414500000000098e-06 -3.663599999999999957e-06 4.173790996005500631e+00
1.900000000000000000e+01 -3.453900000000000084e-06 1.210267499999999928e-06 -3.453900000000000084e-06 4.168300925412500746e+00
1.902499999999999858e+01 -3.255720000000000145e-06 1.124281499999999995e-06 -3.255720000000000145e-06 4.162820859544499541e+00
1.905000000000000071e+01 -3.068460000000000095e-06 1.044077500000000000e-06 -3.068460000000000095e-06 4.157360798112499367e+00
1.907499999999999929e+01 -2.891549999999999869e-06 9.692915000000000606e-07 -2.891549999999999869e-06 4.151910740836499691e+00
1.910000000000000142e+01 -2.724449999999999809e-06 8.995824999999999756e-07 -2.724449999999999809e-06 4.146470687455499515e+00
1.912500000000000000e+01 -2.566660000000000088e-06 8.346289999999999756e-07 -2.566660000000000088e-06 4.141050637720999461e+00
1.914999999999999858e+01 -2.417670000000000181e-06 7.741249999999999786e-07 -2.417670000000000181e-06 4.135650591399000042e+00
1.917500000000000071e+01 -2.277020000000000096e-06 7.177864999999999801e-07 -2.277020000000000096e-06 4.130260548271500021e+00
1.919999999999999929e+01 -2.144279999999999822e-06 6.653435000000000444e-07 -2.144279999999999822e-06 4.124880508130500445e+00
1.922500000000000142e+01 -2.019009999999999919e-06 6.165434999999999780e-07 -2.019009999999999919e-06 4.119510470782500100e+00
1.925000000000000000e+01 -1.900819999999999997e-06 5.711479999999999736e-07 -1.900819999999999997e-06 4.114160436046000235e+00
1.927499999999999858e+01 -1.789320000000000090e-06 5.289324999999999752e-07 -1.789320000000000090e-06 4.108830403745500348e+00
1.930000000000000071e+01 -1.684160000000000067e-06 4.896870000000000094e-07 -1.684160000000000067e-06 4.103510373723000093e+00
1.932499999999999929e+01 -1.584990000000000007e-06 4.532145000000000380e-07 -1.584990000000000007e-06 4.098200345825500079e+00
1.935000000000000142e+01 -1.491479999999999906e-06 4.193295499999999924e-07 -1.491479999999999906e-06 4.092900319910450335e+00
1.937500000000000000e+01 -1.403320000000000101e-06 3.878563999999999975e-07 -1.403320000000000101e-06 4.087620295843600537e+00
1.939999999999999858e+01 -1.320219999999999999e-06 3.586342499999999875e-07 -1.320219999999999999e-06 4.082350273501750060e+00
1.942500000000000071e+01 -1.241899999999999917e-06 3.315073500000000042e-07 -1.241899999999999917e-06 4.077100252764649824e+00
1.944999999999999929e+01 -1.168100000000000090e-06 3.063349499999999739e-07 -1.168100000000000090e-06 4.071860233525049999e+00
1.947500000000000142e+01 -1.098559999999999906e-06 2.829804500000000013e-07 -1.098559999999999906e-06 4.066630215677549565e+00
1.950000000000000000e+01 -1.033050000000000003e-06 2.613191500000000004e-07 -1.033050000000000003e-06 4.061420199126850150e+00
1.952499999999999858e+01 -9.713370000000000904e-07 2.412324000000000207e-07 -9.713370000000000904e-07 4.056220183781599431e+00
1.955000000000000071e+01 -9.132120000000000117e-07 2.226113500000000063e-07 -9.132120000000000117e-07 4.051030169558649696e+00
1.957499999999999929e+01 -8.584719999999999860e-07 2.053499000000000037e-07 -8.584719999999999860e-07 4.045860156376099859e+00
1.960000000000000142e+01 -8.069260000000000352e-07 1.893547999999999798e-07 -8.069260000000000352e-07 4.040700144163199781e+00
1.962500000000000000e+01 -7.583920000000000057e-07 1.745325999999999968e-07 -7.583920000000000057e-07 4.035550132847399496e+00
1.964999999999999858e+01 -7.126980000000000202e-07 1.608014000000000068e-07 -7.126980000000000202e-07 4.030420122366600744e+00
1.967500000000000071e+01 -6.696840000000000031e-07 1.480799999999999866e-07 -6.696840000000000031e-07 4.025290112658000297e+00
1.969999999999999929e+01 -6.291939999999999893e-07 1.362957499999999848e-07 -6.291939999999999893e-07 4.020190103666250181e+00
1.972500000000000142e+01 -5.910840000000000272e-07 1.253796500000000026e-07 -5.910840000000000272e-07 4.015090095338349485e+00
1.975000000000000000e+01 -5.552160000000000133e-07 1.152671499999999973e-07 -5.552160000000000133e-07 4.010010087624849895e+00
1.977499999999999858e+01 -5.214609999999999867e-07 1.058968999999999932e-07 -5.214609999999999867e-07 4.004940080478500697e+00
1.980000000000000071e+01 -4.896960000000000460e-07 9.721320000000000919e-08 -4.896960000000000460e-07 3.999880073856799889e+00
1.982499999999999929e+01 -4.598050000000000069e-07 8.916289999999999699e-08 -4.598050000000000069e-07 3.994840067718899768e+00
1.985000000000000142e+01 -4.316780000000000092e-07 8.169670000000000389e-08 -4.316780000000000092e-07 3.989810062027099757e+00
1.987500000000000000e+01 -4.052120000000000156e-07 7.476810000000000364e-08 -4.052120000000000156e-07 3.984790056745699971e+00
1.989999999999999858e+01 -3.803099999999999955e-07 6.833379999999999744e-08 -3.803099999999999955e-07 3.979780051841399935e+00
1.992500000000000071e+01 -3.568780000000000011e-07 6.235309999999999471e-08 -3.568780000000000011e-07 3.974790047283100147e+00
1.994999999999999929e+01 -3.348290000000000133e-07 5.678709999999999635e-08 -3.348290000000000133e-07 3.969810043040900016e+00
1.997500000000000142e+01 -3.140820000000000195e-07 5.160164999999999541e-08 -3.140820000000000195e-07 3.964840039088750157e+00
2.000000000000000000e+01 -2.945569999999999820e-07 4.675764999999999518e-08 -2.945569999999999820e-07 3.959880035396349918e+00
