# raxis[fm], SN, VN, SP, VP [MeV]
0.000000000000000000e+00 -3.945299999999999727e+02 3.319907499999999914e+02 -3.945299999999999727e+02 3.310964500000000044e+02
2.500000000000000139e-02 -3.945299999999999727e+02 3.319907499999999914e+02 -3.945299999999999727e+02 3.310964500000000044e+02
5.000000000000000278e-02 -3.943570000000000277e+02 3.316173499999999876e+02 -3.943570000000000277e+02 3.307614500000000248e+02
7.499999999999999722e-02 -3.943620000000000232e+02 3.315940999999999690e+02 -3.943620000000000232e+02 3.307622000000000071e+02
1.000000000000000056e-01 -3.943729999999999905e+02 3.315744000000000256e+02 -3.943729999999999905e+02 3.307751999999999839e+02
1.250000000000000000e-01 -3.943990000000000009e+02 3.315707499999999754e+02 -3.943990000000000009e+02 3.308119500000000244e+02
1.499999999999999944e-01 -3.944329999999999927e+02 3.315728499999999599e+02 -3.944329999999999927e+02 3.308626500000000306e+02
1.749999999999999889e-01 -3.944759999999999991e+02 3.315797499999999900e+02 -3.944759999999999991e+02 3.309264499999999884e+02
2.000000000000000111e-01 -3.945230000000000246e+02 3.315894000000000119e+02 -3.945230000000000246e+02 3.310012999999999579e+02
2.250000000000000056e-01 -3.945810000000000173e+02 3.316029499999999643e+02 -3.945810000000000173e+02 3.310879499999999780e+02
2.500000000000000000e-01 -3.946469999999999914e+02 3.316184000000000083e+02 -3.946469999999999914e+02 3.311844999999999573e+02
2.750000000000000222e-01 -3.947189999999999941e+02 3.316359499999999798e+02 -3.947189999999999941e+02 3.312908499999999776e+02
2.999999999999999889e-01 -3.947980000000000018e+02 3.316557000000000244e+02 -3.947980000000000018e+02 3.314067000000000007e+02
3.250000000000000111e-01 -3.948829999999999814e+02 3.316776999999999589e+02 -3.948829999999999814e+02 3.315321000000000140e+02
3.499999999999999778e-01 -3.949739999999999895e+02 3.316991000000000440e+02 -3.949739999999999895e+02 3.316639000000000124e+02
3.750000000000000000e-01 -3.950720000000000027e+02 3.317259999999999991e+02 -3.950720000000000027e+02 3.318079999999999927e+02
4.000000000000000222e-01 -3.951759999999999877e+02 3.317547500000000014e+02 -3.951759999999999877e+02 3.319599499999999921e+02
4.249999999999999889e-01 -3.952850000000000250e+02 3.317853499999999940e+02 -3.952850000000000250e+02 3.321199499999999603e+02
4.500000000000000111e-01 -3.953999999999999773e+02 3.318180500000000279e+02 -3.953999999999999773e+02 3.322875500000000102e+02
4.749999999999999778e-01 -3.955210000000000150e+02 3.318528999999999769e+02 -3.955210000000000150e+02 3.324628999999999905e+02
5.000000000000000000e-01 -3.956469999999999914e+02 3.318901999999999930e+02 -3.956469999999999914e+02 3.326455000000000268e+02
5.250000000000000222e-01 -3.957780000000000200e+02 3.319280499999999847e+02 -3.957780000000000200e+02 3.328332500000000209e+02
5.500000000000000444e-01 -3.959130000000000109e+02 3.319687000000000126e+02 -3.959130000000000109e+02 3.330280999999999949e+02
5.749999999999999556e-01 -3.960529999999999973e+02 3.320113499999999931e+02 -3.960529999999999973e+02 3.332286499999999592e+02
5.999999999999999778e-01 -3.961970000000000027e+02 3.320561500000000024e+02 -3.961970000000000027e+02 3.334349500000000148e+02
6.250000000000000000e-01 -3.963460000000000036e+02 3.321023500000000013e+02 -3.963460000000000036e+02 3.336454499999999825e+02
6.500000000000000222e-01 -3.964979999999999905e+02 3.321511499999999728e+02 -3.964979999999999905e+02 3.338612499999999841e+02
6.750000000000000444e-01 -3.966539999999999964e+02 3.322016500000000292e+02 -3.966539999999999964e+02 3.340810500000000047e+02
6.999999999999999556e-01 -3.968129999999999882e+02 3.322543000000000006e+02 -3.968129999999999882e+02 3.343045999999999367e+02
7.249999999999999778e-01 -3.969759999999999991e+02 3.323091000000000008e+02 -3.969759999999999991e+02 3.345315999999999690e+02
7.500000000000000000e-01 -3.971410000000000196e+02 3.323654000000000224e+02 -3.971410000000000196e+02 3.347609999999999673e+02
7.750000000000000222e-01 -3.973079999999999927e+02 3.324233000000000402e+02 -3.973079999999999927e+02 3.349925000000000068e+02
8.000000000000000444e-01 -3.974780000000000086e+02 3.324830999999999790e+02 -3.974780000000000086e+02 3.352258000000000493e+02
8.249999999999999556e-01 -3.976499999999999773e+02 3.325419499999999857e+02 -3.976499999999999773e+02 3.354579500000000394e+02
8.499999999999999778e-01 -3.978240000000000123e+02 3.326061000000000263e+02 -3.978240000000000123e+02 3.356944999999999482e+02
8.750000000000000000e-01 -3.979990000000000236e+02 3.326717499999999745e+02 -3.979990000000000236e+02 3.359312499999999773e+02
9.000000000000000222e-01 -3.981750000000000114e+02 3.327380499999999870e+02 -3.981750000000000114e+02 3.361671499999999924e+02
9.250000000000000444e-01 -3.983509999999999991e+02 3.328063000000000216e+02 -3.983509999999999991e+02 3.364028999999999883e+02
9.499999999999999556e-01 -3.985289999999999964e+02 3.328765500000000088e+02 -3.985289999999999964e+02 3.366383499999999458e+02
9.749999999999999778e-01 -3.987060000000000173e+02 3.329470999999999776e+02 -3.987060000000000173e+02 3.368713000000000193e+02
1.000000000000000000e+00 -3.988829999999999814e+02 3.330190999999999804e+02 -3.988829999999999814e+02 3.371026000000000522e+02
1.024999999999999911e+00 -3.990600000000000023e+02 3.330927500000000236e+02 -3.990600000000000023e+02 3.373318499999999744e+02
1.050000000000000044e+00 -3.992350000000000136e+02 3.331671499999999924e+02 -3.992350000000000136e+02 3.375582499999999868e+02
1.074999999999999956e+00 -3.994100000000000250e+02 3.332425499999999943e+02 -3.994100000000000250e+02 3.377813499999999749e+02
1.100000000000000089e+00 -3.995830000000000268e+02 3.333190500000000043e+02 -3.995830000000000268e+02 3.380010499999999638e+02
1.125000000000000000e+00 -3.997540000000000191e+02 3.333958000000000084e+02 -3.997540000000000191e+02 3.382162999999999897e+02
1.149999999999999911e+00 -3.999239999999999782e+02 3.334729500000000257e+02 -3.999239999999999782e+02 3.384268500000000017e+02
1.175000000000000044e+00 -4.000910000000000082e+02 3.335516499999999951e+02 -4.000910000000000082e+02 3.386336499999999319e+02
1.199999999999999956e+00 -4.002549999999999955e+02 3.336289499999999748e+02 -4.002549999999999955e+02 3.388335500000000025e+02
1.225000000000000089e+00 -4.004159999999999968e+02 3.337070499999999811e+02 -4.004159999999999968e+02 3.390283499999999890e+02
1.250000000000000000e+00 -4.005740000000000123e+02 3.337860500000000457e+02 -4.005740000000000123e+02 3.392180500000000052e+02
1.274999999999999911e+00 -4.007289999999999850e+02 3.338639999999999759e+02 -4.007289999999999850e+02 3.394005000000000223e+02
1.300000000000000044e+00 -4.008799999999999955e+02 3.339409499999999866e+02 -4.008799999999999955e+02 3.395757499999999709e+02
1.324999999999999956e+00 -4.010260000000000105e+02 3.340180500000000166e+02 -4.010260000000000105e+02 3.397445500000000038e+02
1.350000000000000089e+00 -4.011689999999999827e+02 3.340943500000000199e+02 -4.011689999999999827e+02 3.399059500000000185e+02
1.375000000000000000e+00 -4.013059999999999832e+02 3.341698499999999967e+02 -4.013059999999999832e+02 3.400598499999999831e+02
1.399999999999999911e+00 -4.014399999999999977e+02 3.342446500000000356e+02 -4.014399999999999977e+02 3.402061499999999796e+02
1.425000000000000044e+00 -4.015679999999999836e+02 3.343177499999999895e+02 -4.015679999999999836e+02 3.403439499999999498e+02
1.449999999999999956e+00 -4.016909999999999741e+02 3.343892000000000166e+02 -4.016909999999999741e+02 3.404730999999999881e+02
1.475000000000000089e+00 -4.018090000000000259e+02 3.344599499999999921e+02 -4.018090000000000259e+02 3.405946500000000583e+02
1.500000000000000000e+00 -4.019209999999999923e+02 3.345280999999999949e+02 -4.019209999999999923e+02 3.407065999999999804e+02
1.524999999999999911e+00 -4.020269999999999868e+02 3.345975000000000250e+02 -4.020269999999999868e+02 3.408130000000000450e+02
1.550000000000000044e+00 -4.021279999999999859e+02 3.346622500000000286e+02 -4.021279999999999859e+02 3.409078499999999963e+02
1.574999999999999956e+00 -4.022219999999999800e+02 3.347253000000000043e+02 -4.022219999999999800e+02 3.409941000000000031e+02
1.600000000000000089e+00 -4.023109999999999786e+02 3.347875499999999533e+02 -4.023109999999999786e+02 3.410728500000000167e+02
1.625000000000000000e+00 -4.023940000000000055e+02 3.348459500000000162e+02 -4.023940000000000055e+02 3.411412500000000136e+02
1.649999999999999911e+00 -4.024710000000000036e+02 3.349014999999999986e+02 -4.024710000000000036e+02 3.412001999999999953e+02
1.675000000000000044e+00 -4.025409999999999968e+02 3.349541499999999701e+02 -4.025409999999999968e+02 3.412497499999999491e+02
1.699999999999999956e+00 -4.026059999999999945e+02 3.350047500000000014e+02 -4.026059999999999945e+02 3.412911500000000160e+02
1.725000000000000089e+00 -4.026650000000000205e+02 3.350511500000000069e+02 -4.026650000000000205e+02 3.413224500000000603e+02
1.750000000000000000e+00 -4.027169999999999845e+02 3.350963999999999601e+02 -4.027169999999999845e+02 3.413466999999999985e+02
1.774999999999999911e+00 -4.027640000000000100e+02 3.351393499999999790e+02 -4.027640000000000100e+02 3.413629500000000121e+02
1.800000000000000044e+00 -4.028050000000000068e+02 3.351788500000000113e+02 -4.028050000000000068e+02 3.413703500000000304e+02
1.824999999999999956e+00 -4.028410000000000082e+02 3.352148499999999558e+02 -4.028410000000000082e+02 3.413690500000000156e+02
1.850000000000000089e+00 -4.028709999999999809e+02 3.352471500000000333e+02 -4.028709999999999809e+02 3.413591499999999996e+02
1.875000000000000000e+00 -4.028960000000000150e+02 3.352776000000000067e+02 -4.028960000000000150e+02 3.413428999999999860e+02
1.899999999999999911e+00 -4.029159999999999968e+02 3.353061500000000024e+02 -4.029159999999999968e+02 3.413202499999999873e+02
1.925000000000000044e+00 -4.029320000000000164e+02 3.353326500000000010e+02 -4.029320000000000164e+02 3.412913500000000226e+02
1.949999999999999956e+00 -4.029429999999999836e+02 3.353558500000000322e+02 -4.029429999999999836e+02 3.412555499999999711e+02
1.975000000000000089e+00 -4.029499999999999886e+02 3.353766999999999712e+02 -4.029499999999999886e+02 3.412138999999999669e+02
2.000000000000000000e+00 -4.029529999999999745e+02 3.353949499999999944e+02 -4.029529999999999745e+02 3.411665499999999724e+02
2.024999999999999911e+00 -4.029529999999999745e+02 3.354115499999999770e+02 -4.029529999999999745e+02 3.411145500000000084e+02
2.049999999999999822e+00 -4.029510000000000218e+02 3.354262499999999818e+02 -4.029510000000000218e+02 3.410582499999999868e+02
2.075000000000000178e+00 -4.029449999999999932e+02 3.354389500000000339e+02 -4.029449999999999932e+02 3.409976500000000215e+02
2.100000000000000089e+00 -4.029379999999999882e+02 3.354494000000000256e+02 -4.029379999999999882e+02 3.409331000000000245e+02
2.125000000000000000e+00 -4.029279999999999973e+02 3.354594999999999914e+02 -4.029279999999999973e+02 3.408666000000000054e+02
2.149999999999999911e+00 -4.029180000000000064e+02 3.354680500000000052e+02 -4.029180000000000064e+02 3.407974500000000262e+02
2.174999999999999822e+00 -4.029069999999999823e+02 3.354769000000000005e+02 -4.029069999999999823e+02 3.407277999999999452e+02
2.200000000000000178e+00 -4.028960000000000150e+02 3.354838499999999613e+02 -4.028960000000000150e+02 3.406557500000000118e+02
2.225000000000000089e+00 -4.028849999999999909e+02 3.354918000000000120e+02 -4.028849999999999909e+02 3.405845000000000482e+02
2.250000000000000000e+00 -4.028750000000000000e+02 3.354995000000000118e+02 -4.028750000000000000e+02 3.405131999999999834e+02
2.274999999999999911e+00 -4.028670000000000186e+02 3.355078500000000190e+02 -4.028670000000000186e+02 3.404429500000000530e+02
2.299999999999999822e+00 -4.028609999999999900e+02 3.355166500000000269e+02 -4.028609999999999900e+02 3.403741500000000428e+02
2.325000000000000178e+00 -4.028580000000000041e+02 3.355267500000000496e+02 -4.028580000000000041e+02 3.403077499999999986e+02
2.350000000000000089e+00 -4.028570000000000277e+02 3.355380000000000109e+02 -4.028570000000000277e+02 3.402438999999999396e+02
2.375000000000000000e+00 -4.028609999999999900e+02 3.355522500000000150e+02 -4.028609999999999900e+02 3.401848500000000399e+02
2.399999999999999911e+00 -4.028690000000000282e+02 3.355673499999999763e+02 -4.028690000000000282e+02 3.401287500000000250e+02
2.424999999999999822e+00 -4.028820000000000050e+02 3.355861499999999751e+02 -4.028820000000000050e+02 3.400787500000000136e+02
2.450000000000000178e+00 -4.028999999999999773e+02 3.356086000000000240e+02 -4.028999999999999773e+02 3.400348000000000184e+02
2.475000000000000089e+00 -4.029250000000000114e+02 3.356334500000000389e+02 -4.029250000000000114e+02 3.399962499999999750e+02
2.500000000000000000e+00 -4.029560000000000173e+02 3.356626499999999851e+02 -4.029560000000000173e+02 3.399650499999999624e+02
2.524999999999999911e+00 -4.029940000000000282e+02 3.356960499999999570e+02 -4.029940000000000282e+02 3.399414499999999748e+02
2.549999999999999822e+00 -4.030400000000000205e+02 3.357345499999999561e+02 -4.030400000000000205e+02 3.399265500000000202e+02
2.575000000000000178e+00 -4.030939999999999941e+02 3.357771000000000186e+02 -4.030939999999999941e+02 3.399193000000000211e+02
2.600000000000000089e+00 -4.031569999999999823e+02 3.358255000000000337e+02 -4.031569999999999823e+02 3.399220000000000255e+02
2.625000000000000000e+00 -4.032289999999999850e+02 3.358797999999999888e+02 -4.032289999999999850e+02 3.399346000000000458e+02
2.649999999999999911e+00 -4.033100000000000023e+02 3.359397999999999911e+02 -4.033100000000000023e+02 3.399571999999999434e+02
2.674999999999999822e+00 -4.034010000000000105e+02 3.360054999999999836e+02 -4.034010000000000105e+02 3.399898999999999774e+02
2.700000000000000178e+00 -4.035020000000000095e+02 3.360778000000000247e+02 -4.035020000000000095e+02 3.400338000000000420e+02
2.725000000000000089e+00 -4.036129999999999995e+02 3.361567000000000007e+02 -4.036129999999999995e+02 3.400889000000000237e+02
2.750000000000000000e+00 -4.037350000000000136e+02 3.362420999999999935e+02 -4.037350000000000136e+02 3.401552000000000362e+02
2.774999999999999911e+00 -4.038670000000000186e+02 3.363349999999999795e+02 -4.038670000000000186e+02 3.402338000000000306e+02
2.799999999999999822e+00 -4.040099999999999909e+02 3.364353499999999713e+02 -4.040099999999999909e+02 3.403246499999999628e+02
2.825000000000000178e+00 -4.041639999999999873e+02 3.365421500000000492e+02 -4.041639999999999873e+02 3.404268500000000017e+02
2.850000000000000089e+00 -4.043290000000000077e+02 3.366573999999999955e+02 -4.043290000000000077e+02 3.405423999999999864e+02
2.875000000000000000e+00 -4.045049999999999955e+02 3.367791000000000281e+02 -4.045049999999999955e+02 3.406693000000000211e+02
2.899999999999999911e+00 -4.046909999999999741e+02 3.369072500000000332e+02 -4.046909999999999741e+02 3.408074500000000171e+02
2.924999999999999822e+00 -4.048879999999999768e+02 3.370438500000000204e+02 -4.048879999999999768e+02 3.409588500000000408e+02
2.950000000000000178e+00 -4.050950000000000273e+02 3.371860000000000355e+02 -4.050950000000000273e+02 3.411206000000000245e+02
2.975000000000000089e+00 -4.053120000000000118e+02 3.373356499999999869e+02 -4.053120000000000118e+02 3.412945500000000152e+02
3.000000000000000000e+00 -4.055380000000000109e+02 3.374938500000000090e+02 -4.055380000000000109e+02 3.414816500000000588e+02
3.024999999999999911e+00 -4.057740000000000009e+02 3.376566499999999564e+02 -4.057740000000000009e+02 3.416780499999999847e+02
3.049999999999999822e+00 -4.060179999999999723e+02 3.378241500000000315e+02 -4.060179999999999723e+02 3.418834499999999821e+02
3.075000000000000178e+00 -4.062699999999999818e+02 3.379974000000000274e+02 -4.062699999999999818e+02 3.420987999999999829e+02
3.100000000000000089e+00 -4.065289999999999964e+02 3.381764999999999759e+02 -4.065289999999999964e+02 3.423240999999999872e+02
3.125000000000000000e+00 -4.067939999999999827e+02 3.383594499999999812e+02 -4.067939999999999827e+02 3.425572500000000105e+02
3.149999999999999911e+00 -4.070649999999999977e+02 3.385463500000000181e+02 -4.070649999999999977e+02 3.427982499999999391e+02
3.174999999999999822e+00 -4.073399999999999750e+02 3.387353499999999826e+02 -4.073399999999999750e+02 3.430449500000000285e+02
3.200000000000000178e+00 -4.076190000000000282e+02 3.389285000000000423e+02 -4.076190000000000282e+02 3.432992000000000417e+02
3.225000000000000089e+00 -4.079010000000000105e+02 3.391220500000000015e+02 -4.079010000000000105e+02 3.435568500000000540e+02
3.250000000000000000e+00 -4.081840000000000259e+02 3.393168499999999881e+02 -4.081840000000000259e+02 3.438189499999999725e+02
3.274999999999999911e+00 -4.084669999999999845e+02 3.395121500000000196e+02 -4.084669999999999845e+02 3.440842499999999973e+02
3.299999999999999822e+00 -4.087479999999999905e+02 3.397060000000000173e+02 -4.087479999999999905e+02 3.443507999999999925e+02
3.325000000000000178e+00 -4.090269999999999868e+02 3.398976000000000113e+02 -4.090269999999999868e+02 3.446173000000000002e+02
3.350000000000000089e+00 -4.093020000000000209e+02 3.400860500000000002e+02 -4.093020000000000209e+02 3.448827499999999873e+02
3.375000000000000000e+00 -4.095720000000000027e+02 3.402713999999999714e+02 -4.095720000000000027e+02 3.451469999999999914e+02
3.399999999999999911e+00 -4.098340000000000032e+02 3.404508999999999901e+02 -4.098340000000000032e+02 3.454067999999999756e+02
3.424999999999999822e+00 -4.100880000000000223e+02 3.406235500000000229e+02 -4.100880000000000223e+02 3.456612499999999955e+02
3.450000000000000178e+00 -4.103310000000000173e+02 3.407886000000000308e+02 -4.103310000000000173e+02 3.459089999999999918e+02
3.475000000000000089e+00 -4.105620000000000118e+02 3.409430499999999711e+02 -4.105620000000000118e+02 3.461471499999999537e+02
3.500000000000000000e+00 -4.107780000000000200e+02 3.410881499999999846e+02 -4.107780000000000200e+02 3.463762499999999704e+02
3.524999999999999911e+00 -4.109789999999999850e+02 3.412219500000000494e+02 -4.109789999999999850e+02 3.465944499999999948e+02
3.549999999999999822e+00 -4.111619999999999777e+02 3.413426499999999919e+02 -4.111619999999999777e+02 3.467994499999999789e+02
3.575000000000000178e+00 -4.113249999999999886e+02 3.414483000000000175e+02 -4.113249999999999886e+02 3.469892999999999574e+02
3.600000000000000089e+00 -4.114660000000000082e+02 3.415370500000000220e+02 -4.114660000000000082e+02 3.471617500000000405e+02
3.625000000000000000e+00 -4.115830000000000268e+02 3.416081000000000358e+02 -4.115830000000000268e+02 3.473154999999999859e+02
3.649999999999999911e+00 -4.116739999999999782e+02 3.416604500000000257e+02 -4.116739999999999782e+02 3.474497499999999945e+02
3.674999999999999822e+00 -4.117370000000000232e+02 3.416913000000000125e+02 -4.117370000000000232e+02 3.475613000000000170e+02
3.700000000000000178e+00 -4.117690000000000055e+02 3.416986999999999739e+02 -4.117690000000000055e+02 3.476479000000000497e+02
3.725000000000000089e+00 -4.117699999999999818e+02 3.416818499999999972e+02 -4.117699999999999818e+02 3.477084500000000276e+02
3.750000000000000000e+00 -4.117350000000000136e+02 3.416398999999999546e+02 -4.117350000000000136e+02 3.477418999999999869e+02
3.774999999999999911e+00 -4.116650000000000205e+02 3.415698499999999740e+02 -4.116650000000000205e+02 3.477451500000000237e+02
3.799999999999999822e+00 -4.115550000000000068e+02 3.414698000000000206e+02 -4.115550000000000068e+02 3.477160999999999831e+02
3.825000000000000178e+00 -4.114039999999999964e+02 3.413389500000000112e+02 -4.114039999999999964e+02 3.476535500000000525e+02
3.850000000000000089e+00 -4.112099999999999795e+02 3.411753499999999804e+02 -4.112099999999999795e+02 3.475554500000000075e+02
3.875000000000000000e+00 -4.109710000000000036e+02 3.409760499999999865e+02 -4.109710000000000036e+02 3.474187499999999886e+02
3.899999999999999911e+00 -4.106840000000000259e+02 3.407411500000000046e+02 -4.106840000000000259e+02 3.472433500000000208e+02
3.924999999999999822e+00 -4.103469999999999800e+02 3.404687749999999937e+02 -4.103469999999999800e+02 3.470271250000000123e+02
3.950000000000000178e+00 -4.099590000000000032e+02 3.401559649999999806e+02 -4.099590000000000032e+02 3.467671349999999961e+02
3.975000000000000089e+00 -4.095179999999999723e+02 3.398017949999999701e+02 -4.095179999999999723e+02 3.464621050000000082e+02
4.000000000000000000e+00 -4.090199999999999818e+02 3.394053299999999922e+02 -4.090199999999999818e+02 3.461111700000000155e+02
4.025000000000000355e+00 -4.084649999999999750e+02 3.389626300000000469e+02 -4.084649999999999750e+02 3.457100700000000302e+02
4.049999999999999822e+00 -4.078500000000000227e+02 3.384747449999999844e+02 -4.078500000000000227e+02 3.452599550000000477e+02
4.075000000000000178e+00 -4.071730000000000018e+02 3.379377200000000130e+02 -4.071730000000000018e+02 3.447566800000000171e+02
4.099999999999999645e+00 -4.064329999999999927e+02 3.373516000000000190e+02 -4.064329999999999927e+02 3.442001000000000204e+02
4.125000000000000000e+00 -4.056279999999999859e+02 3.367144199999999614e+02 -4.056279999999999859e+02 3.435883800000000292e+02
4.150000000000000355e+00 -4.047570000000000050e+02 3.360242049999999949e+02 -4.047570000000000050e+02 3.429193950000000086e+02
4.174999999999999822e+00 -4.038159999999999741e+02 3.352799750000000358e+02 -4.038159999999999741e+02 3.421922250000000076e+02
4.200000000000000178e+00 -4.028059999999999832e+02 3.344807500000000005e+02 -4.028059999999999832e+02 3.414056500000000369e+02
4.224999999999999645e+00 -4.017269999999999754e+02 3.336235349999999471e+02 -4.017269999999999754e+02 3.405568650000000162e+02
4.250000000000000000e+00 -4.005720000000000027e+02 3.327093399999999974e+02 -4.005720000000000027e+02 3.396466600000000540e+02
4.275000000000000355e+00 -3.993439999999999941e+02 3.317341600000000312e+02 -3.993439999999999941e+02 3.386712399999999548e+02
4.299999999999999822e+00 -3.980389999999999873e+02 3.306989800000000059e+02 -3.980389999999999873e+02 3.376315199999999663e+02
4.325000000000000178e+00 -3.966580000000000155e+02 3.296017949999999814e+02 -3.966580000000000155e+02 3.365256050000000414e+02
4.349999999999999645e+00 -3.951999999999999886e+02 3.284405800000000113e+02 -3.951999999999999886e+02 3.353513199999999870e+02
4.375000000000000000e+00 -3.936619999999999777e+02 3.272163149999999519e+02 -3.936619999999999777e+02 3.341099849999999947e+02
4.400000000000000355e+00 -3.920459999999999923e+02 3.259259599999999750e+02 -3.920459999999999923e+02 3.327983399999999961e+02
4.424999999999999822e+00 -3.903489999999999895e+02 3.245704799999999750e+02 -3.903489999999999895e+02 3.314176199999999426e+02
4.450000000000000178e+00 -3.885720000000000027e+02 3.231478349999999864e+02 -3.885720000000000027e+02 3.299657650000000331e+02
4.474999999999999645e+00 -3.867130000000000223e+02 3.216579749999999649e+02 -3.867130000000000223e+02 3.284429250000000025e+02
4.500000000000000000e+00 -3.847730000000000246e+02 3.200998549999999909e+02 -3.847730000000000246e+02 3.268480450000000133e+02
4.525000000000000355e+00 -3.827500000000000000e+02 3.184724049999999806e+02 -3.827500000000000000e+02 3.251801950000000261e+02
4.549999999999999822e+00 -3.806449999999999818e+02 3.167755749999999466e+02 -3.806449999999999818e+02 3.234396249999999782e+02
4.575000000000000178e+00 -3.784590000000000032e+02 3.150092949999999519e+02 -3.784590000000000032e+02 3.216262050000000272e+02
4.599999999999999645e+00 -3.761890000000000214e+02 3.131724899999999820e+02 -3.761890000000000214e+02 3.197390099999999507e+02
4.625000000000000000e+00 -3.738380000000000223e+02 3.112660900000000197e+02 -3.738380000000000223e+02 3.177793100000000095e+02
4.650000000000000355e+00 -3.714049999999999727e+02 3.092880150000000299e+02 -3.714049999999999727e+02 3.157449849999999856e+02
4.674999999999999822e+00 -3.688899999999999864e+02 3.072401849999999968e+02 -3.688899999999999864e+02 3.136382149999999456e+02
4.700000000000000178e+00 -3.662950000000000159e+02 3.051225149999999644e+02 -3.662950000000000159e+02 3.114590849999999591e+02
4.724999999999999645e+00 -3.636150000000000091e+02 3.029339149999999563e+02 -3.636150000000000091e+02 3.092066849999999931e+02
4.750000000000000000e+00 -3.608629999999999995e+02 3.006752950000000055e+02 -3.608629999999999995e+02 3.068821049999999673e+02
4.775000000000000355e+00 -3.580289999999999964e+02 2.983465600000000109e+02 -3.580289999999999964e+02 3.044854399999999828e+02
4.799999999999999822e+00 -3.551159999999999854e+02 2.959486200000000053e+02 -3.551159999999999854e+02 3.020177800000000161e+02
4.825000000000000178e+00 -3.521279999999999859e+02 2.934823700000000031e+02 -3.521279999999999859e+02 2.994803299999999808e+02
4.849999999999999645e+00 -3.490640000000000214e+02 2.909487199999999802e+02 -3.490640000000000214e+02 2.968740800000000490e+02
4.875000000000000000e+00 -3.459250000000000114e+02 2.883465600000000109e+02 -3.459250000000000114e+02 2.941981399999999667e+02
4.900000000000000355e+00 -3.427149999999999750e+02 2.856787950000000365e+02 -3.427149999999999750e+02 2.914556049999999914e+02
4.924999999999999822e+00 -3.394320000000000164e+02 2.829453250000000253e+02 -3.394320000000000164e+02 2.886466749999999593e+02
4.950000000000000178e+00 -3.360799999999999841e+02 2.801480350000000499e+02 -3.360799999999999841e+02 2.857734649999999874e+02
4.974999999999999645e+00 -3.326610000000000014e+02 2.772868300000000090e+02 -3.326610000000000014e+02 2.828359700000000316e+02
5.000000000000000000e+00 -3.291750000000000114e+02 2.743646099999999706e+02 -3.291750000000000114e+02 2.798373900000000276e+02
5.025000000000000355e+00 -3.256250000000000000e+02 2.713822650000000181e+02 -3.256250000000000000e+02 2.767788350000000150e+02
5.049999999999999822e+00 -3.220129999999999768e+02 2.683397000000000503e+02 -3.220129999999999768e+02 2.736603999999999814e+02
5.075000000000000178e+00 -3.183410000000000082e+02 2.652408050000000230e+02 -3.183410000000000082e+02 2.704861949999999524e+02
5.099999999999999645e+00 -3.146109999999999900e+02 2.620864850000000388e+02 -3.146109999999999900e+02 2.672572150000000306e+02
5.125000000000000000e+00 -3.108249999999999886e+02 2.588786400000000185e+02 -3.108249999999999886e+02 2.639757600000000366e+02
5.150000000000000355e+00 -3.069870000000000232e+02 2.556181750000000079e+02 -3.069870000000000232e+02 2.606428250000000162e+02
5.174999999999999822e+00 -3.030969999999999800e+02 2.523079900000000180e+02 -3.030969999999999800e+02 2.572616100000000188e+02
5.200000000000000178e+00 -2.991589999999999918e+02 2.489499999999999886e+02 -2.991589999999999918e+02 2.538340999999999781e+02
5.224999999999999645e+00 -2.951759999999999877e+02 2.455471100000000035e+02 -2.951759999999999877e+02 2.503633900000000096e+02
5.250000000000000000e+00 -2.911490000000000009e+02 2.421002300000000105e+02 -2.911490000000000009e+02 2.468506699999999796e+02
5.275000000000000355e+00 -2.870819999999999936e+02 2.386122749999999826e+02 -2.870819999999999936e+02 2.432989249999999970e+02
5.299999999999999822e+00 -2.829769999999999754e+02 2.350861700000000098e+02 -2.829769999999999754e+02 2.397113300000000038e+02
5.325000000000000178e+00 -2.788369999999999891e+02 2.315238349999999912e+02 -2.788369999999999891e+02 2.360899650000000065e+02
5.349999999999999645e+00 -2.746650000000000205e+02 2.279271899999999960e+02 -2.746650000000000205e+02 2.324369100000000117e+02
5.375000000000000000e+00 -2.704630000000000223e+02 2.243001649999999927e+02 -2.704630000000000223e+02 2.287561350000000004e+02
5.400000000000000355e+00 -2.662350000000000136e+02 2.206447000000000003e+02 -2.662350000000000136e+02 2.250499000000000365e+02
5.424999999999999822e+00 -2.619839999999999804e+02 2.169637299999999982e+02 -2.619839999999999804e+02 2.213211700000000235e+02
5.450000000000000178e+00 -2.577110000000000127e+02 2.132601950000000102e+02 -2.577110000000000127e+02 2.175730050000000233e+02
5.474999999999999645e+00 -2.534209999999999923e+02 2.095360400000000141e+02 -2.534209999999999923e+02 2.138074600000000203e+02
5.500000000000000000e+00 -2.491169999999999902e+02 2.057942199999999957e+02 -2.491169999999999902e+02 2.100276800000000037e+02
5.525000000000000355e+00 -2.448000000000000114e+02 2.020396850000000200e+02 -2.448000000000000114e+02 2.062386150000000100e+02
5.549999999999999822e+00 -2.404739999999999895e+02 1.982724000000000046e+02 -2.404739999999999895e+02 2.024403999999999826e+02
5.575000000000000178e+00 -2.361430000000000007e+02 1.944963300000000004e+02 -2.361430000000000007e+02 1.986369700000000194e+02
5.599999999999999645e+00 -2.318079999999999927e+02 1.907144399999999962e+02 -2.318079999999999927e+02 1.948314600000000212e+02
5.625000000000000000e+00 -2.274730000000000132e+02 1.869297100000000000e+02 -2.274730000000000132e+02 1.910267900000000054e+02
5.650000000000000355e+00 -2.231409999999999911e+02 1.831441199999999867e+02 -2.231409999999999911e+02 1.872251799999999946e+02
5.674999999999999822e+00 -2.188149999999999977e+02 1.793626549999999895e+02 -2.188149999999999977e+02 1.834314449999999965e+02
5.700000000000000178e+00 -2.144960000000000093e+02 1.755862999999999943e+02 -2.144960000000000093e+02 1.796466999999999814e+02
5.724999999999999645e+00 -2.101889999999999930e+02 1.718180499999999995e+02 -2.101889999999999930e+02 1.758739500000000078e+02
5.750000000000000000e+00 -2.058959999999999866e+02 1.680609100000000069e+02 -2.058959999999999866e+02 1.721162899999999922e+02
5.775000000000000355e+00 -2.016200000000000045e+02 1.643188849999999945e+02 -2.016200000000000045e+02 1.683775149999999883e+02
5.799999999999999822e+00 -1.973619999999999948e+02 1.605929999999999893e+02 -1.973619999999999948e+02 1.646587999999999852e+02
5.825000000000000178e+00 -1.931260000000000048e+02 1.568862349999999992e+02 -1.931260000000000048e+02 1.609630650000000003e+02
5.849999999999999645e+00 -1.889149999999999920e+02 1.532016250000000070e+02 -1.889149999999999920e+02 1.572932749999999942e+02
5.875000000000000000e+00 -1.847309999999999945e+02 1.495411949999999877e+02 -1.847309999999999945e+02 1.536515049999999860e+02
5.900000000000000355e+00 -1.805749999999999886e+02 1.459079750000000217e+02 -1.805749999999999886e+02 1.500407249999999806e+02
5.924999999999999822e+00 -1.764509999999999934e+02 1.423029899999999941e+02 -1.764509999999999934e+02 1.464617099999999823e+02
5.950000000000000178e+00 -1.723609999999999900e+02 1.387312850000000140e+02 -1.723609999999999900e+02 1.429197149999999965e+02
5.974999999999999645e+00 -1.683069999999999879e+02 1.351928949999999929e+02 -1.683069999999999879e+02 1.394145049999999912e+02
6.000000000000000000e+00 -1.642909999999999968e+02 1.316898649999999975e+02 -1.642909999999999968e+02 1.359481350000000077e+02
6.025000000000000355e+00 -1.603149999999999977e+02 1.282252450000000010e+02 -1.603149999999999977e+02 1.325234549999999842e+02
6.049999999999999822e+00 -1.563799999999999955e+02 1.248010850000000005e+02 -1.563799999999999955e+02 1.291425149999999746e+02
6.075000000000000178e+00 -1.524900000000000091e+02 1.214194499999999977e+02 -1.524900000000000091e+02 1.258073499999999996e+02
6.099999999999999645e+00 -1.486450000000000102e+02 1.180803750000000036e+02 -1.486450000000000102e+02 1.225177249999999987e+02
6.125000000000000000e+00 -1.448470000000000084e+02 1.147869299999999981e+02 -1.448470000000000084e+02 1.192766700000000100e+02
6.150000000000000355e+00 -1.410960000000000036e+02 1.115411749999999955e+02 -1.410960000000000036e+02 1.160861249999999956e+02
6.174999999999999822e+00 -1.374000000000000057e+02 1.083431849999999912e+02 -1.374000000000000057e+02 1.129459149999999994e+02
6.200000000000000178e+00 -1.337529999999999859e+02 1.051960150000000027e+02 -1.337529999999999859e+02 1.098591849999999965e+02
6.224999999999999645e+00 -1.301589999999999918e+02 1.020990450000000038e+02 -1.301589999999999918e+02 1.068250550000000061e+02
6.250000000000000000e+00 -1.266189999999999998e+02 9.905473499999999376e+01 -1.266189999999999998e+02 1.038459650000000067e+02
6.275000000000000355e+00 -1.231350000000000051e+02 9.606375999999998783e+01 -1.231350000000000051e+02 1.009222400000000022e+02
6.299999999999999822e+00 -1.197060000000000031e+02 9.312719500000000039e+01 -1.197060000000000031e+02 9.805490500000000509e+01
6.325000000000000178e+00 -1.163349999999999937e+02 9.024570999999998833e+01 -1.163349999999999937e+02 9.524459000000000231e+01
6.349999999999999645e+00 -1.130220000000000056e+02 8.742028499999999269e+01 -1.130220000000000056e+02 9.249201499999999498e+01
6.375000000000000000e+00 -1.097680000000000007e+02 8.465139000000000635e+01 -1.097680000000000007e+02 8.979751000000000261e+01
6.400000000000000355e+00 -1.065739999999999981e+02 8.193970000000000198e+01 -1.065739999999999981e+02 8.716169999999999618e+01
6.424999999999999822e+00 -1.034389999999999930e+02 7.928559500000000071e+01 -1.034389999999999930e+02 8.458460500000001048e+01
6.450000000000000178e+00 -1.003649999999999949e+02 7.668944000000000472e+01 -1.003649999999999949e+02 8.206665999999999883e+01
6.474999999999999645e+00 -9.735129999999999484e+01 7.415161999999999409e+01 -9.735129999999999484e+01 7.960808000000000106e+01
6.500000000000000000e+00 -9.439910000000000423e+01 7.167210000000000036e+01 -9.439910000000000423e+01 7.720859999999998990e+01
6.525000000000000355e+00 -9.150830000000000553e+01 6.925105499999999381e+01 -9.150830000000000553e+01 7.486824499999998750e+01
6.549999999999999822e+00 -8.867910000000000537e+01 6.688855499999999665e+01 -8.867910000000000537e+01 7.258694500000000005e+01
6.575000000000000178e+00 -8.591150000000000375e+01 6.458447499999999764e+01 -8.591150000000000375e+01 7.036452500000000043e+01
6.599999999999999645e+00 -8.320550000000000068e+01 6.233848000000000411e+01 -8.320550000000000068e+01 6.820042000000000826e+01
6.625000000000000000e+00 -8.056100000000000705e+01 6.015063999999999567e+01 -8.056100000000000705e+01 6.609466000000000463e+01
6.650000000000000355e+00 -7.797790000000000532e+01 5.802041999999999433e+01 -7.797790000000000532e+01 6.404648000000000252e+01
6.674999999999999822e+00 -7.545589999999999975e+01 5.594777999999999452e+01 -7.545589999999999975e+01 6.205572000000000088e+01
6.700000000000000178e+00 -7.299469999999999459e+01 5.393168999999999613e+01 -7.299469999999999459e+01 6.012131000000000114e+01
6.724999999999999645e+00 -7.059399999999999409e+01 5.197190000000000509e+01 -7.059399999999999409e+01 5.824289999999999878e+01
6.750000000000000000e+00 -6.825339999999999918e+01 5.006777499999999748e+01 -6.825339999999999918e+01 5.641962499999999636e+01
6.775000000000000355e+00 -6.597239999999999327e+01 4.821886499999999387e+01 -6.597239999999999327e+01 5.465093500000000404e+01
6.799999999999999822e+00 -6.375039999999999907e+01 4.642432999999999765e+01 -6.375039999999999907e+01 5.293586999999999421e+01
6.825000000000000178e+00 -6.158700000000000330e+01 4.468360999999999450e+01 -6.158700000000000330e+01 5.127398999999999774e+01
6.849999999999999645e+00 -5.948149999999999693e+01 4.299576499999999868e+01 -5.948149999999999693e+01 4.966393500000000216e+01
6.875000000000000000e+00 -5.743319999999999936e+01 4.136003000000000185e+01 -5.743319999999999936e+01 4.810506999999999778e+01
6.900000000000000355e+00 -5.544140000000000157e+01 3.977565500000000043e+01 -5.544140000000000157e+01 4.659644499999999567e+01
6.924999999999999822e+00 -5.350529999999999831e+01 3.824157999999999902e+01 -5.350529999999999831e+01 4.513702000000000680e+01
6.950000000000000178e+00 -5.162420000000000186e+01 3.675703999999999638e+01 -5.162420000000000186e+01 4.372585999999999729e+01
6.974999999999999645e+00 -4.979729999999999990e+01 3.532107500000000044e+01 -4.979729999999999990e+01 4.236202500000000271e+01
7.000000000000000000e+00 -4.802360000000000184e+01 3.393261000000000394e+01 -4.802360000000000184e+01 4.104429000000000372e+01
7.025000000000000355e+00 -4.630239999999999867e+01 3.259067999999999898e+01 -4.630239999999999867e+01 3.977172000000000196e+01
7.049999999999999822e+00 -4.463280000000000314e+01 3.129441500000000076e+01 -4.463280000000000314e+01 3.854318499999999403e+01
7.075000000000000178e+00 -4.301370000000000005e+01 3.004273500000000041e+01 -4.301370000000000005e+01 3.735786499999999677e+01
7.099999999999999645e+00 -4.144420000000000215e+01 2.883446499999999801e+01 -4.144420000000000215e+01 3.621423500000000217e+01
7.125000000000000000e+00 -3.992349999999999710e+01 2.766882499999999823e+01 -3.992349999999999710e+01 3.511167499999999819e+01
7.150000000000000355e+00 -3.845049999999999812e+01 2.654452999999999818e+01 -3.845049999999999812e+01 3.404877000000000464e+01
7.174999999999999822e+00 -3.702420000000000044e+01 2.546059999999999945e+01 -3.702420000000000044e+01 3.302460000000000662e+01
7.200000000000000178e+00 -3.564359999999999928e+01 2.441604499999999689e+01 -3.564359999999999928e+01 3.203805499999999995e+01
7.224999999999999645e+00 -3.430769999999999698e+01 2.340977499999999978e+01 -3.430769999999999698e+01 3.108802500000000180e+01
7.250000000000000000e+00 -3.301550000000000296e+01 2.244079999999999941e+01 -3.301550000000000296e+01 3.017360000000000042e+01
7.275000000000000355e+00 -3.176610000000000156e+01 2.150793000000000177e+01 -3.176610000000000156e+01 2.929336999999999946e+01
7.299999999999999822e+00 -3.055819999999999936e+01 2.061026000000000025e+01 -3.055819999999999936e+01 2.844663999999999504e+01
7.325000000000000178e+00 -2.939110000000000156e+01 1.974670500000000217e+01 -2.939110000000000156e+01 2.763229499999999916e+01
7.349999999999999645e+00 -2.826350000000000051e+01 1.891615499999999983e+01 -2.826350000000000051e+01 2.684904500000000382e+01
7.375000000000000000e+00 -2.717460000000000164e+01 1.811771999999999849e+01 -2.717460000000000164e+01 2.609617999999999682e+01
7.400000000000000355e+00 -2.612320000000000064e+01 1.735039000000000087e+01 -2.612320000000000064e+01 2.537261000000000166e+01
7.424999999999999822e+00 -2.510849999999999937e+01 1.661306000000000083e+01 -2.510849999999999937e+01 2.467723999999999762e+01
7.450000000000000178e+00 -2.412940000000000040e+01 1.590492500000000042e+01 -2.412940000000000040e+01 2.400937499999999858e+01
7.474999999999999645e+00 -2.318489999999999895e+01 1.522498500000000021e+01 -2.318489999999999895e+01 2.336781500000000023e+01
7.500000000000000000e+00 -2.227400000000000091e+01 1.457211999999999996e+01 -2.227400000000000091e+01 2.275168000000000035e+01
7.525000000000000355e+00 -2.139580000000000126e+01 1.394572999999999929e+01 -2.139580000000000126e+01 2.216026999999999703e+01
7.549999999999999822e+00 -2.054929999999999879e+01 1.334460500000000138e+01 -2.054929999999999879e+01 2.159239499999999978e+01
7.575000000000000178e+00 -1.973359999999999914e+01 1.276792499999999997e+01 -1.973359999999999914e+01 2.104727499999999907e+01
7.599999999999999645e+00 -1.894770000000000110e+01 1.221508500000000019e+01 -1.894770000000000110e+01 2.052431499999999787e+01
7.625000000000000000e+00 -1.819079999999999941e+01 1.168496500000000005e+01 -1.819079999999999941e+01 2.002253500000000130e+01
7.650000000000000355e+00 -1.746189999999999998e+01 1.117675999999999981e+01 -1.746189999999999998e+01 1.954093000000000302e+01
7.674999999999999822e+00 -1.676020000000000110e+01 1.068981999999999921e+01 -1.676020000000000110e+01 1.907907000000000153e+01
7.700000000000000178e+00 -1.608490000000000109e+01 1.022323500000000074e+01 -1.608490000000000109e+01 1.863599500000000120e+01
7.724999999999999645e+00 -1.543490000000000073e+01 9.776265000000000427e+00 -1.543490000000000073e+01 1.821100500000000011e+01
7.750000000000000000e+00 -1.480959999999999965e+01 9.348169999999999646e+00 -1.480959999999999965e+01 1.780339999999999989e+01
7.775000000000000355e+00 -1.420809999999999995e+01 8.938234999999998820e+00 -1.420809999999999995e+01 1.741250499999999946e+01
7.799999999999999822e+00 -1.362959999999999994e+01 8.545749999999999957e+00 -1.362959999999999994e+01 1.703762000000000043e+01
7.825000000000000178e+00 -1.307339999999999947e+01 8.170040000000000191e+00 -1.307339999999999947e+01 1.667812999999999946e+01
7.849999999999999645e+00 -1.253870000000000040e+01 7.810435000000000016e+00 -1.253870000000000040e+01 1.633338499999999982e+01
7.875000000000000000e+00 -1.202469999999999928e+01 7.466310000000000002e+00 -1.202469999999999928e+01 1.600278000000000134e+01
7.900000000000000355e+00 -1.153079999999999927e+01 7.137030000000000207e+00 -1.153079999999999927e+01 1.568574999999999875e+01
7.924999999999999822e+00 -1.105620000000000047e+01 6.822015000000000384e+00 -1.105620000000000047e+01 1.538172499999999943e+01
7.950000000000000178e+00 -1.060019999999999918e+01 6.520680000000000476e+00 -1.060019999999999918e+01 1.509017000000000053e+01
7.974999999999999645e+00 -1.016230000000000011e+01 6.232463000000000086e+00 -1.016230000000000011e+01 1.481053700000000006e+01
8.000000000000000000e+00 -9.741640000000000299e+00 5.956819499999999934e+00 -9.741640000000000299e+00 1.454234049999999989e+01
8.025000000000000355e+00 -9.337730000000000530e+00 5.693233499999999836e+00 -9.337730000000000530e+00 1.428508650000000024e+01
8.050000000000000711e+00 -8.949930000000000163e+00 5.441206999999999461e+00 -8.949930000000000163e+00 1.403831299999999871e+01
8.074999999999999289e+00 -8.577650000000000219e+00 5.200251999999999875e+00 -8.577650000000000219e+00 1.380155799999999999e+01
8.099999999999999645e+00 -8.220290000000000319e+00 4.969900499999999610e+00 -8.220290000000000319e+00 1.357440949999999980e+01
8.125000000000000000e+00 -7.877340000000000231e+00 4.749704999999999622e+00 -7.877340000000000231e+00 1.335644499999999901e+01
8.150000000000000355e+00 -7.548230000000000217e+00 4.539227999999999597e+00 -7.548230000000000217e+00 1.314725199999999994e+01
8.175000000000000711e+00 -7.232459999999999667e+00 4.338072499999999998e+00 -7.232459999999999667e+00 1.294646750000000068e+01
8.199999999999999289e+00 -6.929509999999999614e+00 4.145811999999999387e+00 -6.929509999999999614e+00 1.275370799999999960e+01
8.224999999999999645e+00 -6.638889999999999958e+00 3.962079499999999754e+00 -6.638889999999999958e+00 1.256862050000000153e+01
8.250000000000000000e+00 -6.360129999999999839e+00 3.786499000000000059e+00 -6.360129999999999839e+00 1.239088100000000026e+01
8.275000000000000355e+00 -6.092780000000000307e+00 3.618724499999999900e+00 -6.092780000000000307e+00 1.222015550000000061e+01
8.300000000000000711e+00 -5.836400000000000254e+00 3.458410500000000276e+00 -5.836400000000000254e+00 1.205613950000000045e+01
8.324999999999999289e+00 -5.590550000000000352e+00 3.305221500000000034e+00 -5.590550000000000352e+00 1.189852850000000117e+01
8.349999999999999645e+00 -5.354829999999999757e+00 3.158862999999999754e+00 -5.354829999999999757e+00 1.174704700000000024e+01
8.375000000000000000e+00 -5.128840000000000288e+00 3.019020499999999885e+00 -5.128840000000000288e+00 1.160140950000000082e+01
8.400000000000000355e+00 -4.912200000000000344e+00 2.885419500000000248e+00 -4.912200000000000344e+00 1.146137050000000102e+01
8.425000000000000711e+00 -4.704530000000000101e+00 2.757776000000000227e+00 -4.704530000000000101e+00 1.132667400000000058e+01
8.449999999999999289e+00 -4.505489999999999995e+00 2.635817499999999924e+00 -4.505489999999999995e+00 1.119707250000000087e+01
8.474999999999999645e+00 -4.314720000000000333e+00 2.519310500000000008e+00 -4.314720000000000333e+00 1.107235950000000102e+01
8.500000000000000000e+00 -4.131899999999999906e+00 2.408001500000000128e+00 -4.131899999999999906e+00 1.095229850000000127e+01
8.525000000000000355e+00 -3.956710000000000171e+00 2.301659499999999969e+00 -3.956710000000000171e+00 1.083669049999999956e+01
8.550000000000000711e+00 -3.788829999999999920e+00 2.200061499999999892e+00 -3.788829999999999920e+00 1.072532849999999982e+01
8.574999999999999289e+00 -3.627990000000000048e+00 2.103006500000000223e+00 -3.627990000000000048e+00 1.061803349999999924e+01
8.599999999999999645e+00 -3.473879999999999857e+00 2.010283000000000264e+00 -3.473879999999999857e+00 1.051461699999999944e+01
8.625000000000000000e+00 -3.326249999999999929e+00 1.921689999999999898e+00 -3.326249999999999929e+00 1.041489999999999938e+01
8.650000000000000355e+00 -3.184810000000000141e+00 1.837057500000000010e+00 -3.184810000000000141e+00 1.031873249999999942e+01
8.675000000000000711e+00 -3.049329999999999874e+00 1.756203999999999876e+00 -3.049329999999999874e+00 1.022595600000000005e+01
8.699999999999999289e+00 -2.919560000000000155e+00 1.678951000000000082e+00 -2.919560000000000155e+00 1.013639899999999905e+01
8.724999999999999645e+00 -2.795259999999999856e+00 1.605148500000000089e+00 -2.795259999999999856e+00 1.004993150000000135e+01
8.750000000000000000e+00 -2.676200000000000134e+00 1.534636499999999959e+00 -2.676200000000000134e+00 9.966423499999999436e+00
8.775000000000000355e+00 -2.562180000000000124e+00 1.467267499999999947e+00 -2.562180000000000124e+00 9.885732499999999590e+00
8.800000000000000711e+00 -2.452989999999999782e+00 1.402901500000000024e+00 -2.452989999999999782e+00 9.807738499999999249e+00
8.824999999999999289e+00 -2.348419999999999952e+00 1.341400999999999843e+00 -2.348419999999999952e+00 9.732319000000000386e+00
8.849999999999999645e+00 -2.248279999999999834e+00 1.282637499999999875e+00 -2.248279999999999834e+00 9.659362500000000296e+00
8.875000000000000000e+00 -2.152400000000000091e+00 1.226494000000000195e+00 -2.152400000000000091e+00 9.588765999999999678e+00
8.900000000000000355e+00 -2.060589999999999922e+00 1.172852000000000006e+00 -2.060589999999999922e+00 9.520417999999999381e+00
8.925000000000000711e+00 -1.972679999999999989e+00 1.121584499999999984e+00 -1.972679999999999989e+00 9.454215500000000105e+00
8.949999999999999289e+00 -1.888509999999999911e+00 1.072607499999999936e+00 -1.888509999999999911e+00 9.390076500000001047e+00
8.974999999999999645e+00 -1.807919999999999972e+00 1.025803999999999938e+00 -1.807919999999999972e+00 9.327899999999999636e+00
9.000000000000000000e+00 -1.730769999999999920e+00 9.810815000000000508e-01 -1.730769999999999920e+00 9.267614500000000533e+00
9.025000000000000355e+00 -1.656910000000000105e+00 9.383440000000000669e-01 -1.656910000000000105e+00 9.209118000000000137e+00
9.050000000000000711e+00 -1.586200000000000054e+00 8.975039999999999685e-01 -1.586200000000000054e+00 9.152353999999998990e+00
9.074999999999999289e+00 -1.518510000000000026e+00 8.584764999999999757e-01 -1.518510000000000026e+00 9.097229499999999192e+00
9.099999999999999645e+00 -1.453719999999999901e+00 8.211815000000000087e-01 -1.453719999999999901e+00 9.043684499999999460e+00
9.125000000000000000e+00 -1.391690000000000094e+00 7.855395000000000572e-01 -1.391690000000000094e+00 8.991652499999998938e+00
9.150000000000000355e+00 -1.332319999999999949e+00 7.514769999999999506e-01 -1.332319999999999949e+00 8.941058999999999202e+00
9.175000000000000711e+00 -1.275490000000000013e+00 7.189245000000000774e-01 -1.275490000000000013e+00 8.891853499999999855e+00
9.199999999999999289e+00 -1.221090000000000009e+00 6.878130000000000077e-01 -1.221090000000000009e+00 8.843968999999999525e+00
9.224999999999999645e+00 -1.169030000000000014e+00 6.580789999999999695e-01 -1.169030000000000014e+00 8.797348999999998753e+00
9.250000000000000000e+00 -1.119189999999999907e+00 6.296610000000000262e-01 -1.119189999999999907e+00 8.751943000000000694e+00
9.275000000000000355e+00 -1.071499999999999897e+00 6.025000000000000355e-01 -1.071499999999999897e+00 8.707708000000000226e+00
9.300000000000000711e+00 -1.025849999999999929e+00 5.765394999999999825e-01 -1.025849999999999929e+00 8.664578500000001071e+00
9.324999999999999289e+00 -9.821630000000000082e-01 5.517265000000000086e-01 -9.821630000000000082e-01 8.622517500000000723e+00
9.349999999999999645e+00 -9.403510000000000479e-01 5.280095000000000205e-01 -9.403510000000000479e-01 8.581482500000001679e+00
9.375000000000000000e+00 -9.003349999999999964e-01 5.053400000000000114e-01 -9.003349999999999964e-01 8.541432000000000357e+00
9.400000000000000355e+00 -8.620379999999999709e-01 4.836700000000000443e-01 -8.620379999999999709e-01 8.502314000000000149e+00
9.425000000000000711e+00 -8.253880000000000106e-01 4.629563500000000165e-01 -8.253880000000000106e-01 8.464103650000000201e+00
9.449999999999999289e+00 -7.903139999999999610e-01 4.431560499999999680e-01 -7.903139999999999610e-01 8.426753950000000160e+00
9.474999999999999645e+00 -7.567479999999999762e-01 4.242278999999999911e-01 -7.567479999999999762e-01 8.390230100000000135e+00
9.500000000000000000e+00 -7.246259999999999923e-01 4.061328000000000160e-01 -7.246259999999999923e-01 8.354509199999998970e+00
9.525000000000000355e+00 -6.938860000000000028e-01 3.888338499999999809e-01 -6.938860000000000028e-01 8.319540149999999912e+00
9.550000000000000711e+00 -6.644679999999999476e-01 3.722961499999999924e-01 -6.644679999999999476e-01 8.285313849999999647e+00
9.574999999999999289e+00 -6.363159999999999927e-01 3.564850500000000255e-01 -6.363159999999999927e-01 8.251790950000000180e+00
9.599999999999999645e+00 -6.093760000000000288e-01 3.413677999999999990e-01 -6.093760000000000288e-01 8.218934199999999635e+00
9.625000000000000000e+00 -5.835939999999999461e-01 3.269139999999999824e-01 -5.835939999999999461e-01 8.186728000000000449e+00
9.650000000000000355e+00 -5.589220000000000299e-01 3.130940999999999863e-01 -5.589220000000000299e-01 8.155147899999999339e+00
9.675000000000000711e+00 -5.353109999999999813e-01 2.998798000000000297e-01 -5.353109999999999813e-01 8.124170200000000008e+00
9.699999999999999289e+00 -5.127159999999999496e-01 2.872427999999999648e-01 -5.127159999999999496e-01 8.093761199999999434e+00
9.724999999999999645e+00 -4.910930000000000017e-01 2.751600000000000157e-01 -4.910930000000000017e-01 8.063901999999998793e+00
9.750000000000000000e+00 -4.703990000000000116e-01 2.636031999999999820e-01 -4.703990000000000116e-01 8.034578800000000243e+00
9.775000000000000355e+00 -4.505950000000000233e-01 2.525514500000000107e-01 -4.505950000000000233e-01 8.005774549999999934e+00
9.800000000000000711e+00 -4.316420000000000257e-01 2.419817999999999969e-01 -4.316420000000000257e-01 7.977450199999999825e+00
9.824999999999999289e+00 -4.135030000000000094e-01 2.318713999999999775e-01 -4.135030000000000094e-01 7.949596599999999569e+00
9.849999999999999645e+00 -3.961430000000000229e-01 2.222013999999999934e-01 -3.961430000000000229e-01 7.922208600000000267e+00
9.875000000000000000e+00 -3.795279999999999765e-01 2.129501500000000047e-01 -3.795279999999999765e-01 7.895257850000000133e+00
9.900000000000000355e+00 -3.636260000000000048e-01 2.041009000000000018e-01 -3.636260000000000048e-01 7.868721100000000135e+00
9.925000000000000711e+00 -3.484050000000000202e-01 1.956341000000000052e-01 -3.484050000000000202e-01 7.842591899999999505e+00
9.949999999999999289e+00 -3.338369999999999949e-01 1.875342000000000120e-01 -3.338369999999999949e-01 7.816857800000000189e+00
9.974999999999999645e+00 -3.198929999999999829e-01 1.797827500000000189e-01 -3.198929999999999829e-01 7.791503250000000769e+00
1.000000000000000000e+01 -3.065450000000000119e-01 1.723663000000000001e-01 -3.065450000000000119e-01 7.766507700000000014e+00
1.002500000000000036e+01 -2.937690000000000023e-01 1.652684500000000112e-01 -2.937690000000000023e-01 7.741867550000000264e+00
1.005000000000000071e+01 -2.815380000000000105e-01 1.584750000000000048e-01 -2.815380000000000105e-01 7.717570999999999515e+00
1.007499999999999929e+01 -2.698289999999999855e-01 1.519735500000000128e-01 -2.698289999999999855e-01 7.693588450000000023e+00
1.009999999999999964e+01 -2.586200000000000165e-01 1.457489999999999897e-01 -2.586200000000000165e-01 7.669926999999999495e+00
1.012500000000000000e+01 -2.478879999999999972e-01 1.397911500000000029e-01 -2.478879999999999972e-01 7.646578850000000038e+00
1.015000000000000036e+01 -2.376139999999999919e-01 1.340869000000000089e-01 -2.376139999999999919e-01 7.623513100000000264e+00
1.017500000000000071e+01 -2.277760000000000062e-01 1.286241499999999927e-01 -2.277760000000000062e-01 7.600739850000000075e+00
1.019999999999999929e+01 -2.183559999999999945e-01 1.233939000000000008e-01 -2.183559999999999945e-01 7.578242099999999759e+00
1.022499999999999964e+01 -2.093359999999999943e-01 1.183851499999999946e-01 -2.093359999999999943e-01 7.556000849999999325e+00
1.025000000000000000e+01 -2.006979999999999875e-01 1.135879499999999931e-01 -2.006979999999999875e-01 7.534028050000000754e+00
1.027500000000000036e+01 -1.924260000000000137e-01 1.089924000000000032e-01 -1.924260000000000137e-01 7.512295599999999851e+00
1.030000000000000071e+01 -1.845040000000000013e-01 1.045901499999999928e-01 -1.845040000000000013e-01 7.490806850000000239e+00
1.032499999999999929e+01 -1.769159999999999899e-01 1.003723499999999991e-01 -1.769159999999999899e-01 7.469554650000000073e+00
1.034999999999999964e+01 -1.696489999999999942e-01 9.633099999999999996e-02 -1.696489999999999942e-01 7.448532600000000059e+00
1.037500000000000000e+01 -1.626869999999999983e-01 9.245825000000000571e-02 -1.626869999999999983e-01 7.427724350000000086e+00
1.040000000000000036e+01 -1.560189999999999910e-01 8.874655000000000737e-02 -1.560189999999999910e-01 7.407133850000000130e+00
1.042500000000000071e+01 -1.496300000000000130e-01 8.518879999999999508e-02 -1.496300000000000130e-01 7.386745399999999684e+00
1.044999999999999929e+01 -1.435099999999999987e-01 8.177850000000000397e-02 -1.435099999999999987e-01 7.366563700000000381e+00
1.047499999999999964e+01 -1.376459999999999906e-01 7.850889999999999258e-02 -1.376459999999999906e-01 7.346573499999999868e+00
1.050000000000000000e+01 -1.320270000000000055e-01 7.537389999999999368e-02 -1.320270000000000055e-01 7.326769899999999502e+00
1.052500000000000036e+01 -1.266430000000000056e-01 7.236779999999999602e-02 -1.266430000000000056e-01 7.307158199999999937e+00
1.055000000000000071e+01 -1.214839999999999948e-01 6.948479999999999934e-02 -1.214839999999999948e-01 7.287723800000000196e+00
1.057499999999999929e+01 -1.165390000000000037e-01 6.671950000000000103e-02 -1.165390000000000037e-01 7.268452500000000427e+00
1.059999999999999964e+01 -1.117999999999999966e-01 6.406705000000000039e-02 -1.117999999999999966e-01 7.249360349999999897e+00
1.062500000000000000e+01 -1.072580000000000061e-01 6.152234999999999648e-02 -1.072580000000000061e-01 7.230433249999999923e+00
1.065000000000000036e+01 -1.029039999999999955e-01 5.908104999999999607e-02 -1.029039999999999955e-01 7.211667750000000154e+00
1.067500000000000071e+01 -9.873060000000000169e-02 5.673844999999999583e-02 -9.873060000000000169e-02 7.193060150000000874e+00
1.069999999999999929e+01 -9.472949999999999426e-02 5.449034999999999990e-02 -9.472949999999999426e-02 7.174607050000000541e+00
1.072499999999999964e+01 -9.089369999999999394e-02 5.233285000000000020e-02 -9.089369999999999394e-02 7.156295349999999722e+00
1.075000000000000000e+01 -8.721600000000000186e-02 5.026200000000000112e-02 -8.721600000000000186e-02 7.138131999999999699e+00
1.077500000000000036e+01 -8.368970000000000575e-02 4.827429999999999916e-02 -8.368970000000000575e-02 7.120114099999999446e+00
1.080000000000000071e+01 -8.030840000000000201e-02 4.636604999999999893e-02 -8.030840000000000201e-02 7.102238750000000600e+00
1.082499999999999929e+01 -7.706590000000000662e-02 4.453399999999999720e-02 -7.706590000000000662e-02 7.084493399999999497e+00
1.084999999999999964e+01 -7.395640000000000547e-02 4.277496500000000507e-02 -7.395640000000000547e-02 7.066875435000000039e+00
1.087500000000000000e+01 -7.097420000000000118e-02 4.108591000000000326e-02 -7.097420000000000118e-02 7.049392489999999789e+00
1.090000000000000036e+01 -6.811390000000000500e-02 3.946404500000000315e-02 -6.811390000000000500e-02 7.032042354999999745e+00
1.092500000000000071e+01 -6.537049999999999805e-02 3.790647499999999503e-02 -6.537049999999999805e-02 7.014802725000000017e+00
1.094999999999999929e+01 -6.273910000000000597e-02 3.641063499999999675e-02 -6.273910000000000597e-02 6.997701564999999846e+00
1.097499999999999964e+01 -6.021490000000000176e-02 3.497386499999999981e-02 -6.021490000000000176e-02 6.980706735000000052e+00
1.100000000000000000e+01 -5.779349999999999765e-02 3.359401499999999791e-02 -5.779349999999999765e-02 6.963836584999999246e+00
1.102500000000000036e+01 -5.547049999999999897e-02 3.226844499999999977e-02 -5.547049999999999897e-02 6.947068955000000656e+00
1.105000000000000071e+01 -5.324199999999999766e-02 3.099533499999999886e-02 -5.324199999999999766e-02 6.930422465000000365e+00
1.107499999999999929e+01 -5.110390000000000071e-02 2.977226000000000178e-02 -5.110390000000000071e-02 6.913885140000000540e+00
1.109999999999999964e+01 -4.905260000000000176e-02 2.859741500000000103e-02 -4.905260000000000176e-02 6.897455585000000333e+00
1.112500000000000000e+01 -4.708439999999999848e-02 2.746879999999999808e-02 -4.708439999999999848e-02 6.881132199999999699e+00
1.115000000000000036e+01 -4.519600000000000006e-02 2.638452499999999895e-02 -4.519600000000000006e-02 6.864913474999999821e+00
1.117500000000000071e+01 -4.338399999999999895e-02 2.534300500000000178e-02 -4.338399999999999895e-02 6.848798194999999644e+00
1.119999999999999929e+01 -4.164530000000000315e-02 2.434236999999999859e-02 -4.164530000000000315e-02 6.832774829999999966e+00
1.122499999999999964e+01 -3.997690000000000271e-02 2.338114999999999985e-02 -3.997690000000000271e-02 6.816862249999999790e+00
1.125000000000000000e+01 -3.837600000000000039e-02 2.245778500000000094e-02 -3.837600000000000039e-02 6.801039215000000304e+00
1.127500000000000036e+01 -3.683970000000000300e-02 2.157071999999999809e-02 -3.683970000000000300e-02 6.785314480000000259e+00
1.130000000000000071e+01 -3.536550000000000110e-02 2.071860999999999842e-02 -3.536550000000000110e-02 6.769676989999999783e+00
1.132499999999999929e+01 -3.395089999999999913e-02 1.990000499999999839e-02 -3.395089999999999913e-02 6.754135595000000158e+00
1.134999999999999964e+01 -3.259329999999999866e-02 1.911377500000000298e-02 -3.259329999999999866e-02 6.738689424999999567e+00
1.137500000000000000e+01 -3.129060000000000175e-02 1.835859000000000102e-02 -3.129060000000000175e-02 6.723327409999999560e+00
1.140000000000000036e+01 -3.004039999999999835e-02 1.763310000000000224e-02 -3.004039999999999835e-02 6.708058499999999924e+00
1.142500000000000071e+01 -2.884070000000000036e-02 1.693643000000000232e-02 -2.884070000000000036e-02 6.692871970000000559e+00
1.144999999999999929e+01 -2.768939999999999943e-02 1.626723000000000058e-02 -2.768939999999999943e-02 6.677766769999999852e+00
1.147499999999999964e+01 -2.658469999999999930e-02 1.562470000000000005e-02 -2.658469999999999930e-02 6.662752300000000183e+00
1.150000000000000000e+01 -2.552449999999999858e-02 1.500752999999999983e-02 -2.552449999999999858e-02 6.647817470000000561e+00
1.152500000000000036e+01 -2.450710000000000041e-02 1.441501000000000067e-02 -2.450710000000000041e-02 6.632971790000000034e+00
1.155000000000000071e+01 -2.353090000000000043e-02 1.384605000000000037e-02 -2.353090000000000043e-02 6.618204350000000069e+00
1.157499999999999929e+01 -2.259409999999999891e-02 1.329974000000000087e-02 -2.259409999999999891e-02 6.603504459999999909e+00
1.159999999999999964e+01 -2.169509999999999841e-02 1.277519499999999961e-02 -2.169509999999999841e-02 6.588901404999999656e+00
1.162500000000000000e+01 -2.083250000000000032e-02 1.227171999999999985e-02 -2.083250000000000032e-02 6.574364679999999517e+00
1.165000000000000036e+01 -2.000479999999999967e-02 1.178833499999999875e-02 -2.000479999999999967e-02 6.559903465000000544e+00
1.167500000000000071e+01 -1.921049999999999841e-02 1.132433999999999871e-02 -1.921049999999999841e-02 6.545517240000000569e+00
1.169999999999999929e+01 -1.844840000000000022e-02 1.087899499999999894e-02 -1.844840000000000022e-02 6.531205424999999565e+00
1.172499999999999964e+01 -1.771719999999999892e-02 1.045156499999999947e-02 -1.771719999999999892e-02 6.516977435000000263e+00
1.175000000000000000e+01 -1.701549999999999938e-02 1.004135999999999918e-02 -1.701549999999999938e-02 6.502812739999999536e+00
1.177500000000000036e+01 -1.634230000000000058e-02 9.647699999999998638e-03 -1.634230000000000058e-02 6.488720800000000288e+00
1.180000000000000071e+01 -1.569629999999999984e-02 9.269950000000000759e-03 -1.569629999999999984e-02 6.474691130000000072e+00
1.182499999999999929e+01 -1.507660000000000076e-02 8.907474999999999768e-03 -1.507660000000000076e-02 6.460743224999999867e+00
1.184999999999999964e+01 -1.448190000000000068e-02 8.559674999999999229e-03 -1.448190000000000068e-02 6.446866625000000184e+00
1.187500000000000000e+01 -1.391140000000000085e-02 8.225979999999999057e-03 -1.391140000000000085e-02 6.433050879999999694e+00
1.190000000000000036e+01 -1.336399999999999914e-02 7.905825000000000005e-03 -1.336399999999999914e-02 6.419305555000000219e+00
1.192500000000000071e+01 -1.283890000000000031e-02 7.598675000000000047e-03 -1.283890000000000031e-02 6.405620225000000723e+00
1.194999999999999929e+01 -1.233500000000000048e-02 7.304015000000000507e-03 -1.233500000000000048e-02 6.392004505000000059e+00
1.197499999999999964e+01 -1.185149999999999919e-02 7.021335000000000076e-03 -1.185149999999999919e-02 6.378457985000000718e+00
1.200000000000000000e+01 -1.138770000000000060e-02 6.750169999999999781e-03 -1.138770000000000060e-02 6.364970310000000353e+00
1.202500000000000036e+01 -1.094269999999999965e-02 6.490044999999999842e-03 -1.094269999999999965e-02 6.351551094999999592e+00
1.205000000000000071e+01 -1.051569999999999935e-02 6.240499999999999520e-03 -1.051569999999999935e-02 6.338190019999999869e+00
1.207499999999999929e+01 -1.010609999999999981e-02 6.001084999999999753e-03 -1.010609999999999981e-02 6.324896695000000513e+00
1.209999999999999964e+01 -9.713039999999999174e-03 5.771459999999999958e-03 -9.713039999999999174e-03 6.311660899999999685e+00
1.212500000000000000e+01 -9.335919999999999289e-03 5.551165000000000266e-03 -9.335919999999999289e-03 6.298492255000000206e+00
1.215000000000000036e+01 -8.974060000000000717e-03 5.339879999999999974e-03 -8.974060000000000717e-03 6.285380519999999471e+00
1.217500000000000071e+01 -8.626850000000000143e-03 5.137135000000000139e-03 -8.626850000000000143e-03 6.272325324999999729e+00
1.219999999999999929e+01 -8.293679999999999455e-03 4.942634999999999910e-03 -8.293679999999999455e-03 6.259326445000000128e+00
1.222499999999999964e+01 -7.973970000000000363e-03 4.756015000000000589e-03 -7.973970000000000363e-03 6.246393604999999738e+00
1.225000000000000000e+01 -7.667160000000000121e-03 4.576944999999999798e-03 -7.667160000000000121e-03 6.233516534999999692e+00
1.227500000000000036e+01 -7.372720000000000141e-03 4.405130000000000157e-03 -7.372720000000000141e-03 6.220695029999999903e+00
1.230000000000000071e+01 -7.090139999999999984e-03 4.240240000000000155e-03 -7.090139999999999984e-03 6.207928820000000236e+00
1.232499999999999929e+01 -6.818929999999999957e-03 4.081984999999999780e-03 -6.818929999999999957e-03 6.195227694999999812e+00
1.234999999999999964e+01 -6.558620000000000248e-03 3.930087999999999984e-03 -6.558620000000000248e-03 6.182571431999999589e+00
1.237500000000000000e+01 -6.308740000000000181e-03 3.784285000000000079e-03 -6.308740000000000181e-03 6.169979835000000357e+00
1.240000000000000036e+01 -6.068859999999999706e-03 3.644305500000000198e-03 -6.068859999999999706e-03 6.157442694499999369e+00
1.242500000000000071e+01 -5.838570000000000391e-03 3.509901000000000167e-03 -5.838570000000000391e-03 6.144949818999999813e+00
1.244999999999999929e+01 -5.617470000000000276e-03 3.380833000000000189e-03 -5.617470000000000276e-03 6.132521027000000124e+00
1.247499999999999964e+01 -5.405169999999999940e-03 3.256873999999999880e-03 -5.405169999999999940e-03 6.120136146000000110e+00
1.250000000000000000e+01 -5.201289999999999906e-03 3.137808499999999914e-03 -5.201289999999999906e-03 6.107815011499999613e+00
1.252500000000000036e+01 -5.005500000000000400e-03 3.023411499999999891e-03 -5.005500000000000400e-03 6.095537448500000011e+00
1.255000000000000071e+01 -4.817440000000000090e-03 2.913478999999999635e-03 -4.817440000000000090e-03 6.083313300999999562e+00
1.257499999999999929e+01 -4.636799999999999949e-03 2.807838499999999737e-03 -4.636799999999999949e-03 6.071152441499999775e+00
1.259999999999999964e+01 -4.463260000000000144e-03 2.706286999999999929e-03 -4.463260000000000144e-03 6.059024713000000339e+00
1.262500000000000000e+01 -4.296529999999999794e-03 2.608644499999999977e-03 -4.296529999999999794e-03 6.046959975500000084e+00
1.265000000000000036e+01 -4.136309999999999813e-03 2.514750000000000058e-03 -4.136309999999999813e-03 6.034938109999999689e+00
1.267500000000000071e+01 -3.982340000000000012e-03 2.424444500000000162e-03 -3.982340000000000012e-03 6.022968995499999423e+00
1.269999999999999929e+01 -3.834339999999999884e-03 2.337559500000000075e-03 -3.834339999999999884e-03 6.011052500499999951e+00
1.272499999999999964e+01 -3.692079999999999928e-03 2.253947999999999976e-03 -3.692079999999999928e-03 5.999178512000000296e+00
1.275000000000000000e+01 -3.555299999999999953e-03 2.173482000000000018e-03 -3.555299999999999953e-03 5.987366938000000083e+00
1.277500000000000036e+01 -3.423789999999999906e-03 2.096016000000000025e-03 -3.423789999999999906e-03 5.975587663999999855e+00
1.280000000000000071e+01 -3.297309999999999911e-03 2.021414500000000194e-03 -3.297309999999999911e-03 5.963860585499999978e+00
1.282499999999999929e+01 -3.175659999999999854e-03 1.949553000000000137e-03 -3.175659999999999854e-03 5.952185607000000545e+00
1.284999999999999964e+01 -3.058640000000000057e-03 1.880326999999999997e-03 -3.058640000000000057e-03 5.940552653000000127e+00
1.287500000000000000e+01 -2.946040000000000030e-03 1.813624000000000009e-03 -2.946040000000000030e-03 5.928971635999999990e+00
1.290000000000000036e+01 -2.837699999999999858e-03 1.749321000000000079e-03 -2.837699999999999858e-03 5.917432459000000478e+00
1.292500000000000071e+01 -2.733429999999999801e-03 1.687325500000000107e-03 -2.733429999999999801e-03 5.905945054500000069e+00
1.294999999999999929e+01 -2.633060000000000001e-03 1.627535999999999957e-03 -2.633060000000000001e-03 5.894499343999999752e+00
1.297499999999999964e+01 -2.536440000000000049e-03 1.569862499999999947e-03 -2.536440000000000049e-03 5.883105257500000462e+00
1.300000000000000000e+01 -2.443390000000000145e-03 1.514214000000000055e-03 -2.443390000000000145e-03 5.871752725999999534e+00
1.302500000000000036e+01 -2.353800000000000076e-03 1.460510500000000104e-03 -2.353800000000000076e-03 5.860441689499999995e+00
1.305000000000000071e+01 -2.267499999999999984e-03 1.408672999999999826e-03 -2.267499999999999984e-03 5.849172086999999465e+00
1.307499999999999929e+01 -2.184370000000000148e-03 1.358622500000000038e-03 -2.184370000000000148e-03 5.837953857500000510e+00
1.309999999999999964e+01 -2.104280000000000039e-03 1.310280499999999992e-03 -2.104280000000000039e-03 5.826776939500000196e+00
1.312500000000000000e+01 -2.027109999999999936e-03 1.263589500000000029e-03 -2.027109999999999936e-03 5.815641290500000338e+00
1.315000000000000036e+01 -1.952729999999999961e-03 1.218481999999999899e-03 -1.952729999999999961e-03 5.804556857999999764e+00
1.317500000000000071e+01 -1.881049999999999996e-03 1.174890500000000003e-03 -1.881049999999999996e-03 5.793513589500000727e+00
1.319999999999999929e+01 -1.811939999999999948e-03 1.132762000000000048e-03 -1.811939999999999948e-03 5.782511445999999999e+00
1.322499999999999964e+01 -1.745320000000000074e-03 1.092038999999999944e-03 -1.745320000000000074e-03 5.771550380999999952e+00
1.325000000000000000e+01 -1.681090000000000102e-03 1.052671000000000032e-03 -1.681090000000000102e-03 5.760630357000000146e+00
1.327500000000000036e+01 -1.619149999999999973e-03 1.014605000000000021e-03 -1.619149999999999973e-03 5.749751333000000741e+00
1.330000000000000071e+01 -1.559410000000000006e-03 9.777964999999999140e-04 -1.559410000000000006e-03 5.738923273500000199e+00
1.332499999999999929e+01 -1.501799999999999967e-03 9.422004999999999790e-04 -1.501799999999999967e-03 5.728126143499999934e+00
1.334999999999999964e+01 -1.446229999999999955e-03 9.077784999999999891e-04 -1.446229999999999955e-03 5.717369917500000120e+00
1.337500000000000000e+01 -1.392629999999999953e-03 8.744819999999999937e-04 -1.392629999999999953e-03 5.706664552000000334e+00
1.340000000000000036e+01 -1.340920000000000003e-03 8.422759999999999839e-04 -1.340920000000000003e-03 5.695990024000000318e+00
1.342500000000000071e+01 -1.291040000000000026e-03 8.111280000000000443e-04 -1.291040000000000026e-03 5.685366306000000591e+00
1.344999999999999929e+01 -1.242910000000000065e-03 7.810000000000000102e-04 -1.242910000000000065e-03 5.674773369999999595e+00
1.347499999999999964e+01 -1.196479999999999983e-03 7.518635000000000292e-04 -1.196479999999999983e-03 5.664221192499999447e+00
1.350000000000000000e+01 -1.151689999999999919e-03 7.236849999999999533e-04 -1.151689999999999919e-03 5.653719749000000405e+00
1.352500000000000036e+01 -1.108480000000000012e-03 6.964375000000000079e-04 -1.108480000000000012e-03 5.643249018499999714e+00
1.355000000000000071e+01 -1.066799999999999910e-03 6.700935000000000311e-04 -1.066799999999999910e-03 5.632818978500000462e+00
1.357499999999999929e+01 -1.026580000000000027e-03 6.446240000000000000e-04 -1.026580000000000027e-03 5.622419609999999679e+00
1.359999999999999964e+01 -9.877899999999998921e-04 6.200080000000000174e-04 -9.877899999999998921e-04 5.612070890000000034e+00
1.362500000000000000e+01 -9.503720000000000006e-04 5.962184999999999837e-04 -9.503720000000000006e-04 5.601752803500000155e+00
1.365000000000000036e+01 -9.142819999999999853e-04 5.732340000000000482e-04 -9.142819999999999853e-04 5.591475331999999909e+00
1.367500000000000071e+01 -8.794770000000000365e-04 5.510334999999999886e-04 -8.794770000000000365e-04 5.581238460499999832e+00
1.369999999999999929e+01 -8.459130000000000035e-04 5.295935000000000312e-04 -8.459130000000000035e-04 5.571042168500000002e+00
1.372499999999999964e+01 -8.135520000000000468e-04 5.088939999999999696e-04 -8.135520000000000468e-04 5.560876441999999642e+00
1.375000000000000000e+01 -7.823539999999999705e-04 4.889165000000000004e-04 -7.823539999999999705e-04 5.550751265499999754e+00
1.377500000000000036e+01 -7.522800000000000277e-04 4.696404999999999634e-04 -7.522800000000000277e-04 5.540666625500000109e+00
1.380000000000000071e+01 -7.232960000000000084e-04 4.510464999999999852e-04 -7.232960000000000084e-04 5.530612503499999555e+00
1.382499999999999929e+01 -6.953659999999999963e-04 4.331220000000000317e-04 -6.953659999999999963e-04 5.520598893999999923e+00
1.384999999999999964e+01 -6.684570000000000138e-04 4.158470000000000048e-04 -6.684570000000000138e-04 5.510625778999999724e+00
1.387500000000000000e+01 -6.425359999999999752e-04 3.992029999999999927e-04 -6.425359999999999752e-04 5.500683144999999996e+00
1.390000000000000036e+01 -6.175710000000000270e-04 3.831744000000000426e-04 -6.175710000000000270e-04 5.490770979599999713e+00
1.392500000000000071e+01 -5.935330000000000380e-04 3.677431499999999623e-04 -5.935330000000000380e-04 5.480909268849999627e+00
1.394999999999999929e+01 -5.703919999999999694e-04 3.528953499999999991e-04 -5.703919999999999694e-04 5.471078002650000549e+00
1.397499999999999964e+01 -5.481190000000000151e-04 3.386141000000000281e-04 -5.481190000000000151e-04 5.461277167900000507e+00
1.400000000000000000e+01 -5.266859999999999511e-04 3.248836499999999908e-04 -5.266859999999999511e-04 5.451516752349999884e+00
1.402500000000000036e+01 -5.060670000000000186e-04 3.116881499999999577e-04 -5.060670000000000186e-04 5.441786743850000718e+00
1.405000000000000071e+01 -4.862339999999999935e-04 2.990127999999999775e-04 -4.862339999999999935e-04 5.432097131199999929e+00
1.407499999999999929e+01 -4.671620000000000243e-04 2.868417999999999749e-04 -4.671620000000000243e-04 5.422437902200000437e+00
1.409999999999999964e+01 -4.488259999999999884e-04 2.751604499999999788e-04 -4.488259999999999884e-04 5.412819045550000041e+00
1.412500000000000000e+01 -4.312030000000000116e-04 2.639529000000000051e-04 -4.312030000000000116e-04 5.403230549099999891e+00
1.415000000000000036e+01 -4.142680000000000255e-04 2.532044999999999912e-04 -4.142680000000000255e-04 5.393672401499999935e+00
1.417500000000000071e+01 -3.979979999999999933e-04 2.429014999999999918e-04 -3.979979999999999933e-04 5.384154592499999836e+00
1.419999999999999929e+01 -3.823699999999999864e-04 2.330282500000000097e-04 -3.823699999999999864e-04 5.374667109749999838e+00
1.422499999999999964e+01 -3.673629999999999994e-04 2.235719499999999898e-04 -3.673629999999999994e-04 5.365209944049999180e+00
1.425000000000000000e+01 -3.529539999999999956e-04 2.145160500000000076e-04 -3.529539999999999956e-04 5.355793081949999923e+00
1.427500000000000036e+01 -3.391229999999999852e-04 2.058468499999999992e-04 -3.391229999999999852e-04 5.346406513150000706e+00
1.430000000000000071e+01 -3.258499999999999786e-04 1.975526499999999863e-04 -3.258499999999999786e-04 5.337050229349999952e+00
1.432499999999999929e+01 -3.131140000000000247e-04 1.896170499999999873e-04 -3.131140000000000247e-04 5.327734216949999713e+00
1.434999999999999964e+01 -3.008950000000000253e-04 1.820273500000000081e-04 -3.008950000000000253e-04 5.318448466650000483e+00
1.437500000000000000e+01 -2.891750000000000223e-04 1.747719499999999962e-04 -2.891750000000000223e-04 5.309192970049999794e+00
1.440000000000000036e+01 -2.779360000000000034e-04 1.678364499999999743e-04 -2.779360000000000034e-04 5.299967715549999348e+00
1.442500000000000071e+01 -2.671589999999999946e-04 1.612082500000000095e-04 -2.671589999999999946e-04 5.290782693749999765e+00
1.444999999999999929e+01 -2.568259999999999836e-04 1.548739000000000149e-04 -2.568259999999999836e-04 5.281617894100000044e+00
1.447499999999999964e+01 -2.469220000000000052e-04 1.488229999999999946e-04 -2.469220000000000052e-04 5.272493308999999684e+00
1.450000000000000000e+01 -2.374289999999999929e-04 1.430431999999999928e-04 -2.374289999999999929e-04 5.263398928799999155e+00
1.452500000000000036e+01 -2.283309999999999930e-04 1.375220499999999923e-04 -2.283309999999999930e-04 5.254334743949999442e+00
1.455000000000000071e+01 -2.196130000000000131e-04 1.322502499999999930e-04 -2.196130000000000131e-04 5.245310747750000502e+00
1.457499999999999929e+01 -2.112589999999999911e-04 1.272145500000000033e-04 -2.112589999999999911e-04 5.236306929449999537e+00
1.459999999999999964e+01 -2.032559999999999933e-04 1.224057000000000129e-04 -2.032559999999999933e-04 5.227333282300000050e+00
1.462500000000000000e+01 -1.955890000000000005e-04 1.178144499999999982e-04 -1.955890000000000005e-04 5.218399799550000218e+00
1.465000000000000036e+01 -1.882440000000000090e-04 1.134293000000000085e-04 -1.882440000000000090e-04 5.209486471900000026e+00
1.467500000000000071e+01 -1.812080000000000038e-04 1.092419999999999952e-04 -1.812080000000000038e-04 5.200613293400000003e+00
1.469999999999999929e+01 -1.744690000000000130e-04 1.052433999999999960e-04 -1.744690000000000130e-04 5.191760257199999451e+00
1.472499999999999964e+01 -1.680150000000000100e-04 1.014247499999999948e-04 -1.680150000000000100e-04 5.182947356450000598e+00
1.475000000000000000e+01 -1.618330000000000072e-04 9.777790000000000450e-05 -1.618330000000000072e-04 5.174154585100000148e+00
1.477500000000000036e+01 -1.559119999999999940e-04 9.429489999999999736e-05 -1.559119999999999940e-04 5.165401937100000396e+00
1.480000000000000071e+01 -1.502420000000000025e-04 9.096845000000000484e-05 -1.502420000000000025e-04 5.156669406949999868e+00
1.482499999999999929e+01 -1.448119999999999952e-04 8.779114999999999716e-05 -1.448119999999999952e-04 5.147976989050000007e+00
1.484999999999999964e+01 -1.396120000000000043e-04 8.475620000000000007e-05 -1.396120000000000043e-04 5.139304678400000270e+00
1.487500000000000000e+01 -1.346320000000000080e-04 8.185734999999999648e-05 -1.346320000000000080e-04 5.130662470249999885e+00
1.490000000000000036e+01 -1.298629999999999999e-04 7.908815000000000951e-05 -1.298629999999999999e-04 5.122060359649999839e+00
1.492500000000000071e+01 -1.252960000000000011e-04 7.644294999999999628e-05 -1.252960000000000011e-04 5.113478342649999675e+00
1.494999999999999929e+01 -1.209229999999999940e-04 7.391614999999999872e-05 -1.209229999999999940e-04 5.104926414850000427e+00
1.497499999999999964e+01 -1.167349999999999996e-04 7.150234999999999144e-05 -1.167349999999999996e-04 5.096394572249999477e+00
1.500000000000000000e+01 -1.127250000000000024e-04 6.919664999999999757e-05 -1.127250000000000024e-04 5.087902811350000221e+00
1.502500000000000036e+01 -1.088849999999999985e-04 6.699420000000000310e-05 -1.088849999999999985e-04 5.079431128399999551e+00
1.505000000000000071e+01 -1.052079999999999997e-04 6.489039999999999793e-05 -1.052079999999999997e-04 5.070999519999999983e+00
1.507499999999999929e+01 -1.016860000000000019e-04 6.288090000000000302e-05 -1.016860000000000019e-04 5.062587983100000244e+00
1.509999999999999964e+01 -9.831399999999999417e-05 6.096190000000000327e-05 -9.831399999999999417e-05 5.054206515100000630e+00
1.512500000000000000e+01 -9.508429999999999356e-05 5.912870000000000192e-05 -9.508429999999999356e-05 5.045845111899999402e+00
1.515000000000000036e+01 -9.199119999999999433e-05 5.737715000000000003e-05 -9.199119999999999433e-05 5.037513770649999501e+00
1.517500000000000071e+01 -8.902849999999999642e-05 5.570474999999999890e-05 -8.902849999999999642e-05 5.029222489850000422e+00
1.519999999999999929e+01 -8.619069999999999455e-05 5.410729999999999609e-05 -8.619069999999999455e-05 5.020941266100000355e+00
1.522499999999999964e+01 -8.347209999999999656e-05 5.258129999999999749e-05 -8.347209999999999656e-05 5.012700096900000624e+00
1.525000000000000000e+01 -8.086719999999999716e-05 5.112355000000000285e-05 -8.086719999999999716e-05 5.004478979850000009e+00
1.527500000000000036e+01 -7.837110000000000593e-05 4.973054999999999772e-05 -7.837110000000000593e-05 4.996287912449999702e+00
1.530000000000000071e+01 -7.597870000000000491e-05 4.839924999999999913e-05 -7.597870000000000491e-05 4.988126892349999508e+00
1.532499999999999929e+01 -7.368499999999999670e-05 4.712649999999999679e-05 -7.368499999999999670e-05 4.979985917299999620e+00
1.534999999999999964e+01 -7.148550000000000531e-05 4.590910000000000401e-05 -7.148550000000000531e-05 4.971874984900000349e+00
1.537500000000000000e+01 -6.937550000000000010e-05 4.474415000000000087e-05 -6.937550000000000010e-05 4.963794092849999728e+00
1.540000000000000036e+01 -6.735070000000000553e-05 4.362874999999999458e-05 -6.735070000000000553e-05 4.955733239250000643e+00
1.542500000000000071e+01 -6.540669999999999839e-05 4.255975000000000193e-05 -6.540669999999999839e-05 4.947702421449999832e+00
1.544999999999999929e+01 -6.353940000000000358e-05 4.153456499999999796e-05 -6.353940000000000358e-05 4.939691637634999744e+00
1.547499999999999964e+01 -6.174479999999999877e-05 4.055011499999999758e-05 -6.174479999999999877e-05 4.931710885484999807e+00
1.550000000000000000e+01 -6.001900000000000252e-05 3.960379000000000118e-05 -6.001900000000000252e-05 4.923760163009999857e+00
1.552500000000000036e+01 -5.835829999999999994e-05 3.869284499999999969e-05 -5.835829999999999994e-05 4.915829468154999660e+00
1.555000000000000071e+01 -5.675890000000000302e-05 3.781447500000000017e-05 -5.675890000000000302e-05 4.907918798725000364e+00
1.557499999999999929e+01 -5.521729999999999732e-05 3.696626999999999666e-05 -5.521729999999999732e-05 4.900048152929999290e+00
1.559999999999999964e+01 -5.373030000000000292e-05 3.614553500000000392e-05 -5.373030000000000292e-05 4.892187528664999618e+00
1.562500000000000000e+01 -5.229439999999999859e-05 3.534978500000000395e-05 -5.229439999999999859e-05 4.884366924014999611e+00
1.565000000000000036e+01 -5.090659999999999809e-05 3.457664500000000004e-05 -5.090659999999999809e-05 4.876556337154999810e+00
1.567500000000000071e+01 -4.956390000000000161e-05 3.382374999999999613e-05 -4.956390000000000161e-05 4.868785766250000258e+00
1.569999999999999929e+01 -4.826330000000000257e-05 3.308895999999999837e-05 -4.826330000000000257e-05 4.861025209640000178e+00
1.572499999999999964e+01 -4.700220000000000206e-05 3.237012999999999902e-05 -4.700220000000000206e-05 4.853294665670000008e+00
1.575000000000000000e+01 -4.577790000000000093e-05 3.166513999999999885e-05 -4.577790000000000093e-05 4.845594132660000497e+00
1.577500000000000036e+01 -4.458810000000000090e-05 3.097209500000000081e-05 -4.458810000000000090e-05 4.837913609104999679e+00
1.580000000000000071e+01 -4.343039999999999672e-05 3.028920500000000166e-05 -4.343039999999999672e-05 4.830263093594999724e+00
1.582499999999999929e+01 -4.230259999999999712e-05 2.961488999999999929e-05 -4.230259999999999712e-05 4.822632584910000020e+00
1.584999999999999964e+01 -4.120279999999999792e-05 2.894750000000000025e-05 -4.120279999999999792e-05 4.815022081700000456e+00
1.587500000000000000e+01 -4.012910000000000175e-05 2.828579499999999910e-05 -4.012910000000000175e-05 4.807441583004999686e+00
1.590000000000000036e+01 -3.907989999999999831e-05 2.762844999999999803e-05 -3.907989999999999831e-05 4.799881087750000219e+00
1.592500000000000071e+01 -3.805359999999999765e-05 2.697436999999999836e-05 -3.805359999999999765e-05 4.792340595029999761e+00
1.594999999999999929e+01 -3.704879999999999670e-05 2.632276999999999938e-05 -3.704879999999999670e-05 4.784830104230000103e+00
1.597499999999999964e+01 -3.606439999999999982e-05 2.567279000000000192e-05 -3.606439999999999982e-05 4.777339614609999785e+00
1.600000000000000000e+01 -3.509939999999999805e-05 2.502399500000000265e-05 -3.509939999999999805e-05 4.769879125805000619e+00
1.602499999999999858e+01 -3.415270000000000252e-05 2.437582499999999967e-05 -3.415270000000000252e-05 4.762438637374999395e+00
1.605000000000000071e+01 -3.322379999999999859e-05 2.372799500000000015e-05 -3.322379999999999859e-05 4.755018149005000083e+00
1.607499999999999929e+01 -3.231199999999999828e-05 2.308081499999999867e-05 -3.231199999999999828e-05 4.747617660985000043e+00
1.610000000000000142e+01 -3.141700000000000092e-05 2.243381499999999961e-05 -3.141700000000000092e-05 4.740247172785000629e+00
1.612500000000000000e+01 -3.053839999999999886e-05 2.178764000000000067e-05 -3.053839999999999886e-05 4.732896684960000044e+00
1.614999999999999858e+01 -2.967619999999999888e-05 2.114256000000000040e-05 -2.967619999999999888e-05 4.725576197639999698e+00
1.617500000000000071e+01 -2.883040000000000098e-05 2.049925000000000198e-05 -2.883040000000000098e-05 4.718265711349999947e+00
1.619999999999999929e+01 -2.800109999999999860e-05 1.985830999999999995e-05 -2.800109999999999860e-05 4.710985226490000066e+00
1.622500000000000142e+01 -2.718859999999999918e-05 1.922075499999999755e-05 -2.718859999999999918e-05 4.703724743845000056e+00
1.625000000000000000e+01 -2.639340000000000043e-05 1.858760500000000175e-05 -2.639340000000000043e-05 4.696494264195000490e+00
1.627499999999999858e+01 -2.561579999999999961e-05 1.795980000000000040e-05 -2.561579999999999961e-05 4.689273788200000403e+00
1.630000000000000071e+01 -2.485659999999999847e-05 1.733868999999999984e-05 -2.485659999999999847e-05 4.682083316910000015e+00
1.632499999999999929e+01 -2.411649999999999856e-05 1.672563500000000033e-05 -2.411649999999999856e-05 4.674912851364999788e+00
1.635000000000000142e+01 -2.339620000000000141e-05 1.612200499999999947e-05 -2.339620000000000141e-05 4.667762392594999810e+00
1.637500000000000000e+01 -2.269649999999999860e-05 1.552936999999999867e-05 -2.269649999999999860e-05 4.660641941830000690e+00
1.639999999999999858e+01 -2.201859999999999955e-05 1.494932000000000072e-05 -2.201859999999999955e-05 4.653531500280000621e+00
1.642500000000000071e+01 -2.136309999999999880e-05 1.438353500000000119e-05 -2.136309999999999880e-05 4.646451069264999845e+00
1.644999999999999929e+01 -2.073139999999999941e-05 1.383350999999999963e-05 -2.073139999999999941e-05 4.639390649890000162e+00
1.647500000000000142e+01 -2.012419999999999953e-05 1.330112499999999879e-05 -2.012419999999999953e-05 4.632350243674999923e+00
1.650000000000000000e+01 -1.954279999999999863e-05 1.278798499999999916e-05 -1.954279999999999863e-05 4.625329851815000559e+00
1.652499999999999858e+01 -1.898819999999999889e-05 1.229597000000000011e-05 -1.898819999999999889e-05 4.618329475829999531e+00
1.655000000000000071e+01 -1.846139999999999912e-05 1.182656500000000050e-05 -1.846139999999999912e-05 4.611349116835000039e+00
1.657499999999999929e+01 -1.796359999999999857e-05 1.138156000000000017e-05 -1.796359999999999857e-05 4.604398776240000046e+00
1.660000000000000142e+01 -1.749559999999999898e-05 1.096249500000000015e-05 -1.749559999999999898e-05 4.597458455245000408e+00
1.662500000000000000e+01 -1.705859999999999961e-05 1.057104500000000070e-05 -1.705859999999999961e-05 4.590548155195000035e+00
1.664999999999999858e+01 -1.665339999999999881e-05 1.020865499999999959e-05 -1.665339999999999881e-05 4.583657877204999842e+00
1.667500000000000071e+01 -1.628099999999999879e-05 9.876774999999999978e-06 -1.628099999999999879e-05 4.576787622424999924e+00
1.669999999999999929e+01 -1.594220000000000129e-05 9.576799999999999517e-06 -1.594220000000000129e-05 4.569927391959999419e+00
1.672500000000000142e+01 -1.563760000000000085e-05 9.309804999999998865e-06 -1.563760000000000085e-05 4.563097186674999861e+00
1.675000000000000000e+01 -1.536799999999999923e-05 9.076919999999999146e-06 -1.536799999999999923e-05 4.556287007459999927e+00
1.677499999999999858e+01 -1.513389999999999922e-05 8.879310000000000542e-06 -1.513389999999999922e-05 4.549496855249999250e+00
1.680000000000000071e+01 -1.493590000000000043e-05 8.717745000000001014e-06 -1.493590000000000043e-05 4.542726730674999658e+00
1.682499999999999929e+01 -1.477419999999999993e-05 8.592980000000000862e-06 -1.477419999999999993e-05 4.535976634339999869e+00
1.685000000000000142e+01 -1.464930000000000050e-05 8.505620000000000059e-06 -1.464930000000000050e-05 4.529246566759999482e+00
1.687500000000000000e+01 -1.456100000000000001e-05 8.456109999999999240e-06 -1.456100000000000001e-05 4.522536528289999858e+00
1.689999999999999858e+01 -1.450969999999999933e-05 8.444759999999999764e-06 -1.450969999999999933e-05 4.515846519220000133e+00
1.692500000000000071e+01 -1.449509999999999951e-05 8.471720000000000265e-06 -1.449509999999999951e-05 4.509176539680000317e+00
1.694999999999999929e+01 -1.451720000000000053e-05 8.536990000000000743e-06 -1.451720000000000053e-05 4.502526589709999527e+00
1.697500000000000142e+01 -1.457539999999999940e-05 8.640400000000001164e-06 -1.457539999999999940e-05 4.495896669220000419e+00
1.700000000000000000e+01 -1.466959999999999927e-05 8.781640000000000171e-06 -1.466959999999999927e-05 4.489286777980000309e+00
1.702499999999999858e+01 -1.479889999999999988e-05 8.960235000000000110e-06 -1.479889999999999988e-05 4.482696915664999615e+00
1.705000000000000071e+01 -1.496280000000000013e-05 9.175559999999999611e-06 -1.496280000000000013e-05 4.476117081820000010e+00
1.707499999999999929e+01 -1.516049999999999994e-05 9.426839999999998669e-06 -1.516049999999999994e-05 4.469567275860000244e+00
1.710000000000000142e+01 -1.539109999999999906e-05 9.713125000000000282e-06 -1.539109999999999906e-05 4.463037497094999750e+00
1.712500000000000000e+01 -1.565349999999999844e-05 1.003342999999999992e-05 -1.565349999999999844e-05 4.456517744770000178e+00
1.714999999999999858e+01 -1.594660000000000077e-05 1.038649999999999957e-05 -1.594660000000000077e-05 4.450018017959999739e+00
1.717500000000000071e+01 -1.626909999999999980e-05 1.077100499999999938e-05 -1.626909999999999980e-05 4.443548315634999746e+00
1.719999999999999929e+01 -1.661969999999999946e-05 1.118552000000000129e-05 -1.661969999999999946e-05 4.437088636719999535e+00
1.722500000000000142e+01 -1.699689999999999984e-05 1.162842000000000004e-05 -1.699689999999999984e-05 4.430648979979999957e+00
1.725000000000000000e+01 -1.739930000000000128e-05 1.209815000000000037e-05 -1.739930000000000128e-05 4.424229344250000473e+00
1.727499999999999858e+01 -1.782520000000000003e-05 1.259278000000000109e-05 -1.782520000000000003e-05 4.417819728020000447e+00
1.730000000000000071e+01 -1.827289999999999915e-05 1.311049999999999924e-05 -1.827289999999999915e-05 4.411440129899999896e+00
1.732499999999999929e+01 -1.874079999999999851e-05 1.364937500000000008e-05 -1.874079999999999851e-05 4.405070548424999899e+00
1.735000000000000142e+01 -1.922690000000000052e-05 1.420737500000000049e-05 -1.922690000000000052e-05 4.398730982024999570e+00
1.737500000000000000e+01 -1.972950000000000143e-05 1.478246000000000009e-05 -1.972950000000000143e-05 4.392401429139999536e+00
1.739999999999999858e+01 -2.024650000000000004e-05 1.537258500000000149e-05 -2.024650000000000004e-05 4.386091888214999734e+00
1.742500000000000071e+01 -2.077619999999999939e-05 1.597530499999999968e-05 -2.077619999999999939e-05 4.379792357294999938e+00
1.744999999999999929e+01 -2.131650000000000165e-05 1.658867000000000054e-05 -2.131650000000000165e-05 4.373522834929999270e+00
1.747500000000000142e+01 -2.186539999999999906e-05 1.721042499999999879e-05 -2.186539999999999906e-05 4.367263319375000563e+00
1.750000000000000000e+01 -2.242100000000000099e-05 1.783821999999999944e-05 -2.242100000000000099e-05 4.361023808780000621e+00
1.752499999999999858e+01 -2.298119999999999945e-05 1.846990500000000117e-05 -2.298119999999999945e-05 4.354804301495000196e+00
1.755000000000000071e+01 -2.354410000000000045e-05 1.910332999999999926e-05 -2.354410000000000045e-05 4.348604795870000039e+00
1.757499999999999929e+01 -2.410769999999999959e-05 1.973614999999999907e-05 -2.410769999999999959e-05 4.342415290049999932e+00
1.760000000000000142e+01 -2.466989999999999906e-05 2.036631999999999985e-05 -2.466989999999999906e-05 4.336255782480000320e+00
1.762500000000000000e+01 -2.522899999999999850e-05 2.099150499999999749e-05 -2.522899999999999850e-05 4.330096271294999966e+00
1.764999999999999858e+01 -2.578300000000000031e-05 2.160987500000000289e-05 -2.578300000000000031e-05 4.323966755125000283e+00
1.767500000000000071e+01 -2.632990000000000010e-05 2.221919999999999896e-05 -2.632990000000000010e-05 4.317857232200000617e+00
1.769999999999999929e+01 -2.686820000000000137e-05 2.281767000000000138e-05 -2.686820000000000137e-05 4.311757701130000342e+00
1.772500000000000142e+01 -2.739589999999999972e-05 2.340317500000000146e-05 -2.739589999999999972e-05 4.305678160224999829e+00
1.775000000000000000e+01 -2.791130000000000160e-05 2.397410999999999873e-05 -2.791130000000000160e-05 4.299608608290000689e+00
1.777499999999999858e+01 -2.841300000000000054e-05 2.452848499999999967e-05 -2.841300000000000054e-05 4.293559043714999746e+00
1.780000000000000071e+01 -2.889919999999999937e-05 2.506472999999999948e-05 -2.889919999999999937e-05 4.287529465270000451e+00
1.782499999999999929e+01 -2.936859999999999864e-05 2.558136499999999965e-05 -2.936859999999999864e-05 4.281519871835000046e+00
1.785000000000000142e+01 -2.981969999999999844e-05 2.607687999999999960e-05 -2.981969999999999844e-05 4.275520262119999693e+00
1.787500000000000000e+01 -3.025119999999999930e-05 2.654973500000000001e-05 -3.025119999999999930e-05 4.269540635064999812e+00
1.789999999999999858e+01 -3.066189999999999861e-05 2.699890999999999728e-05 -3.066189999999999861e-05 4.263580989890000339e+00
1.792500000000000071e+01 -3.105059999999999710e-05 2.742296500000000249e-05 -3.105059999999999710e-05 4.257631325234999764e+00
1.794999999999999929e+01 -3.141629999999999938e-05 2.782103499999999917e-05 -3.141629999999999938e-05 4.251701640565000773e+00
1.797500000000000142e+01 -3.175790000000000302e-05 2.819232499999999947e-05 -3.175790000000000302e-05 4.245791935275000206e+00
1.800000000000000000e+01 -3.207469999999999972e-05 2.853545500000000172e-05 -3.207469999999999972e-05 4.239892208145000119e+00
1.802499999999999858e+01 -3.236590000000000127e-05 2.884964499999999879e-05 -3.236590000000000127e-05 4.234012458555000080e+00
1.805000000000000071e+01 -3.263069999999999914e-05 2.913484000000000039e-05 -3.263069999999999914e-05 4.228152686560000539e+00
1.807499999999999929e+01 -3.286869999999999923e-05 2.939038999999999831e-05 -3.286869999999999923e-05 4.222302891609999165e+00
1.810000000000000142e+01 -3.307909999999999979e-05 2.961576000000000256e-05 -3.307909999999999979e-05 4.216473073240000424e+00
1.812500000000000000e+01 -3.326180000000000060e-05 2.981062000000000021e-05 -3.326180000000000060e-05 4.210653231180000233e+00
1.814999999999999858e+01 -3.341670000000000144e-05 2.997476000000000030e-05 -3.341670000000000144e-05 4.204853365239999974e+00
1.817500000000000071e+01 -3.354300000000000055e-05 3.010817999999999944e-05 -3.354300000000000055e-05 4.199073475419999646e+00
1.819999999999999929e+01 -3.364079999999999816e-05 3.021088500000000137e-05 -3.364079999999999816e-05 4.193303561715000072e+00
1.822500000000000142e+01 -3.371010000000000103e-05 3.028279999999999744e-05 -3.371010000000000103e-05 4.187553623999999530e+00
1.825000000000000000e+01 -3.375100000000000262e-05 3.032435000000000046e-05 -3.375100000000000262e-05 4.181813662650000651e+00
1.827499999999999858e+01 -3.376360000000000315e-05 3.033557499999999966e-05 -3.376360000000000315e-05 4.176093677625000389e+00
1.830000000000000071e+01 -3.374800000000000282e-05 3.031702499999999964e-05 -3.374800000000000282e-05 4.170393669375000556e+00
1.832499999999999929e+01 -3.370460000000000253e-05 3.026895999999999827e-05 -3.370460000000000253e-05 4.164703638039999767e+00
1.835000000000000142e+01 -3.363370000000000292e-05 3.019214000000000126e-05 -3.363370000000000292e-05 4.159033584260000360e+00
1.837500000000000000e+01 -3.353569999999999810e-05 3.008693999999999759e-05 -3.353569999999999810e-05 4.153373508259999625e+00
1.839999999999999858e+01 -3.341120000000000293e-05 2.995414000000000117e-05 -3.341120000000000293e-05 4.147723410660000276e+00
1.842500000000000071e+01 -3.326049999999999775e-05 2.979442999999999927e-05 -3.326049999999999775e-05 4.142103291969999823e+00
1.844999999999999929e+01 -3.308449999999999808e-05 2.960859999999999973e-05 -3.308449999999999808e-05 4.136483152799999452e+00
1.847500000000000142e+01 -3.288369999999999824e-05 2.939755000000000113e-05 -3.288369999999999824e-05 4.130892993849999861e+00
1.850000000000000000e+01 -3.265879999999999977e-05 2.916198500000000197e-05 -3.265879999999999977e-05 4.125302815615000007e+00
1.852499999999999858e+01 -3.241049999999999742e-05 2.890279500000000014e-05 -3.241049999999999742e-05 4.119742618804999701e+00
1.855000000000000071e+01 -3.213969999999999994e-05 2.862122500000000141e-05 -3.213969999999999994e-05 4.114182404374999713e+00
1.857499999999999929e+01 -3.184720000000000232e-05 2.831817000000000064e-05 -3.184720000000000232e-05 4.108652173029999410e+00
1.860000000000000142e+01 -3.153389999999999975e-05 2.799465499999999836e-05 -3.153389999999999975e-05 4.103121925545000437e+00
1.862500000000000000e+01 -3.120060000000000075e-05 2.765159500000000101e-05 -3.120060000000000075e-05 4.097621662604999493e+00
1.864999999999999858e+01 -3.084820000000000053e-05 2.729021499999999940e-05 -3.084820000000000053e-05 4.092121385185000015e+00
1.867500000000000071e+01 -3.047770000000000129e-05 2.691153000000000016e-05 -3.047770000000000129e-05 4.086651094070000489e+00
1.869999999999999929e+01 -3.009009999999999842e-05 2.651667500000000138e-05 -3.009009999999999842e-05 4.081180790124999902e+00
1.872500000000000142e+01 -2.968620000000000048e-05 2.610666499999999952e-05 -2.968620000000000048e-05 4.075730474134999781e+00
1.875000000000000000e+01 -2.926719999999999992e-05 2.568262499999999875e-05 -2.926719999999999992e-05 4.070300146975000644e+00
1.877499999999999858e+01 -2.883389999999999849e-05 2.524567999999999984e-05 -2.883389999999999849e-05 4.064879809520000720e+00
1.880000000000000071e+01 -2.838739999999999862e-05 2.479694999999999981e-05 -2.838739999999999862e-05 4.059469462650000082e+00
1.882499999999999929e+01 -2.792849999999999866e-05 2.433755999999999946e-05 -2.792849999999999866e-05 4.054079107239999757e+00
1.885000000000000142e+01 -2.745830000000000102e-05 2.386842499999999840e-05 -2.745830000000000102e-05 4.048708743974999358e+00
1.887500000000000000e+01 -2.697780000000000113e-05 2.339076000000000032e-05 -2.697780000000000113e-05 4.043338373839999278e+00
1.889999999999999858e+01 -2.648790000000000096e-05 2.290547999999999808e-05 -2.648790000000000096e-05 4.037997997519999771e+00
1.892500000000000071e+01 -2.598959999999999931e-05 2.241359999999999831e-05 -2.598959999999999931e-05 4.032657615799999817e+00
1.894999999999999929e+01 -2.548380000000000155e-05 2.191622500000000039e-05 -2.548380000000000155e-05 4.027337229574999178e+00
1.897500000000000142e+01 -2.497139999999999947e-05 2.141425999999999985e-05 -2.497139999999999947e-05 4.022036839540000130e+00
1.900000000000000000e+01 -2.445329999999999845e-05 2.090860999999999902e-05 -2.445329999999999845e-05 4.016736446390000381e+00
1.902499999999999858e+01 -2.393030000000000024e-05 2.040025999999999905e-05 -2.393030000000000024e-05 4.011466050940000194e+00
1.905000000000000071e+01 -2.340340000000000026e-05 1.989002499999999936e-05 -2.340340000000000026e-05 4.006195653774999421e+00
1.907499999999999929e+01 -2.287340000000000025e-05 1.937871000000000203e-05 -2.287340000000000025e-05 4.000945255490000463e+00
1.910000000000000142e+01 -2.234090000000000153e-05 1.886724499999999761e-05 -2.234090000000000153e-05 3.995704856955000217e+00
1.912500000000000000e+01 -2.180689999999999953e-05 1.835625000000000234e-05 -2.180689999999999953e-05 3.990484458550000113e+00
1.914999999999999858e+01 -2.127209999999999916e-05 1.784649999999999930e-05 -2.127209999999999916e-05 3.985274060899999693e+00
1.917500000000000071e+01 -2.073709999999999836e-05 1.733866000000000113e-05 -2.073709999999999836e-05 3.980073664539999889e+00
1.919999999999999929e+01 -2.020259999999999865e-05 1.683340000000000048e-05 -2.020259999999999865e-05 3.974893270000000367e+00
1.922500000000000142e+01 -1.966930000000000157e-05 1.633149000000000040e-05 -1.966930000000000157e-05 3.969722877910000225e+00
1.925000000000000000e+01 -1.913780000000000166e-05 1.583318500000000179e-05 -1.913780000000000166e-05 3.964572488414999984e+00
1.927499999999999858e+01 -1.860860000000000002e-05 1.533913999999999964e-05 -1.860860000000000002e-05 3.959432102060000069e+00
1.930000000000000071e+01 -1.808240000000000156e-05 1.484989999999999990e-05 -1.808240000000000156e-05 3.954301719300000073e+00
1.932499999999999929e+01 -1.755950000000000018e-05 1.436582000000000030e-05 -1.755950000000000018e-05 3.949181340380000016e+00
1.935000000000000142e+01 -1.704060000000000080e-05 1.388733000000000041e-05 -1.704060000000000080e-05 3.944080965669999994e+00
1.937500000000000000e+01 -1.652590000000000046e-05 1.341477000000000031e-05 -1.652590000000000046e-05 3.938990595429999964e+00
1.939999999999999858e+01 -1.601600000000000048e-05 1.294846500000000072e-05 -1.601600000000000048e-05 3.933910229934999947e+00
1.942500000000000071e+01 -1.551110000000000130e-05 1.248855000000000090e-05 -1.551110000000000130e-05 3.928849869250000015e+00
1.944999999999999929e+01 -1.501170000000000062e-05 1.203543999999999941e-05 -1.501170000000000062e-05 3.923799513759999691e+00
1.947500000000000142e+01 -1.451790000000000037e-05 1.158905000000000045e-05 -1.451790000000000037e-05 3.918759163350000296e+00
1.950000000000000000e+01 -1.403019999999999994e-05 1.114973500000000007e-05 -1.403019999999999994e-05 3.913738818345000148e+00
1.952499999999999858e+01 -1.354859999999999933e-05 1.071743499999999914e-05 -1.354859999999999933e-05 3.908728478685000063e+00
1.955000000000000071e+01 -1.307339999999999921e-05 1.029221000000000018e-05 -1.307339999999999921e-05 3.903728144410000045e+00
1.957499999999999929e+01 -1.260469999999999978e-05 9.874034999999999729e-06 -1.260469999999999978e-05 3.898747815505000158e+00
1.960000000000000142e+01 -1.214269999999999980e-05 9.462874999999998740e-06 -1.214269999999999980e-05 3.893767491964999827e+00
1.962500000000000000e+01 -1.168749999999999948e-05 9.058535000000000507e-06 -1.168749999999999948e-05 3.888807173604999612e+00
1.964999999999999858e+01 -1.123910000000000052e-05 8.660905000000000724e-06 -1.123910000000000052e-05 3.883856860354999885e+00
1.967500000000000071e+01 -1.079749999999999954e-05 8.269724999999999838e-06 -1.079749999999999954e-05 3.878926552014999807e+00
1.969999999999999929e+01 -1.036280000000000012e-05 7.884754999999999694e-06 -1.036280000000000012e-05 3.874006248385000184e+00
1.972500000000000142e+01 -9.934900000000000374e-06 7.505640000000000021e-06 -9.934900000000000374e-06 3.869095949180000105e+00
1.975000000000000000e+01 -9.513719999999999775e-06 7.132005000000000844e-06 -9.513719999999999775e-06 3.864195654114999989e+00
1.977499999999999858e+01 -9.099190000000000205e-06 6.763400000000000331e-06 -9.099190000000000205e-06 3.859305362820000251e+00
1.980000000000000071e+01 -8.691170000000000341e-06 6.399309999999999722e-06 -8.691170000000000341e-06 3.854435074889999591e+00
1.982499999999999929e+01 -8.289520000000000552e-06 6.039150000000000446e-06 -8.289520000000000552e-06 3.849574789850000123e+00
1.985000000000000142e+01 -7.894040000000000402e-06 5.682294999999999439e-06 -7.894040000000000402e-06 3.844724507205000030e+00
1.987500000000000000e+01 -7.504519999999999598e-06 5.328014999999999843e-06 -7.504519999999999598e-06 3.839894226365000218e+00
1.989999999999999858e+01 -7.120719999999999986e-06 4.975489999999999351e-06 -7.120719999999999986e-06 3.835063946670000057e+00
1.992500000000000071e+01 -6.742369999999999619e-06 4.623864499999999443e-06 -6.742369999999999619e-06 3.830253667435500109e+00
1.994999999999999929e+01 -6.369139999999999975e-06 4.272102000000000623e-06 -6.369139999999999975e-06 3.825453387817999928e+00
1.997500000000000142e+01 -6.000829999999999770e-06 3.919392500000000439e-06 -6.000829999999999770e-06 3.820663107167500350e+00
2.000000000000000000e+01 -5.636730000000000156e-06 3.563779500000000257e-06 -5.636730000000000156e-06 3.815892823900500108e+00
