# raxis[fm], SN, VN, SP, VP [MeV]
0.000000000000000000e+00 -3.872470000000000141e+02 3.214440000000000168e+02 -3.872470000000000141e+02 3.256009999999999991e+02
2.500000000000000139e-02 -3.872470000000000141e+02 3.214440000000000168e+02 -3.872470000000000141e+02 3.256009999999999991e+02
5.000000000000000278e-02 -3.870699999999999932e+02 3.210788999999999760e+02 -3.870699999999999932e+02 3.252656999999999812e+02
7.499999999999999722e-02 -3.870649999999999977e+02 3.210519499999999766e+02 -3.870649999999999977e+02 3.252581500000000005e+02
1.000000000000000056e-01 -3.870649999999999977e+02 3.210262999999999920e+02 -3.870649999999999977e+02 3.252590999999999894e+02
1.250000000000000000e-01 -3.870749999999999886e+02 3.210142999999999915e+02 -3.870749999999999886e+02 3.252801999999999794e+02
1.499999999999999944e-01 -3.870899999999999750e+02 3.210057999999999652e+02 -3.870899999999999750e+02 3.253114999999999668e+02
1.749999999999999889e-01 -3.871109999999999900e+02 3.209997999999999934e+02 -3.871109999999999900e+02 3.253522000000000389e+02
2.000000000000000111e-01 -3.871320000000000050e+02 3.209963500000000067e+02 -3.871320000000000050e+02 3.254021500000000060e+02
2.250000000000000056e-01 -3.871619999999999777e+02 3.209924500000000194e+02 -3.871619999999999777e+02 3.254582499999999641e+02
2.500000000000000000e-01 -3.871949999999999932e+02 3.209902500000000032e+02 -3.871949999999999932e+02 3.255224499999999352e+02
2.750000000000000222e-01 -3.872330000000000041e+02 3.209887499999999818e+02 -3.872330000000000041e+02 3.255938499999999749e+02
2.999999999999999889e-01 -3.872740000000000009e+02 3.209881500000000187e+02 -3.872740000000000009e+02 3.256720499999999561e+02
3.250000000000000111e-01 -3.873190000000000168e+02 3.209875000000000114e+02 -3.873190000000000168e+02 3.257561000000000035e+02
3.499999999999999778e-01 -3.873679999999999950e+02 3.209858500000000276e+02 -3.873679999999999950e+02 3.258449500000000398e+02
3.750000000000000000e-01 -3.874200000000000159e+02 3.209864000000000033e+02 -3.874200000000000159e+02 3.259413999999999305e+02
4.000000000000000222e-01 -3.874759999999999991e+02 3.209893500000000017e+02 -3.874759999999999991e+02 3.260451499999999783e+02
4.249999999999999889e-01 -3.875360000000000014e+02 3.209926999999999566e+02 -3.875360000000000014e+02 3.261544000000000096e+02
4.500000000000000111e-01 -3.876009999999999991e+02 3.209966499999999883e+02 -3.876009999999999991e+02 3.262687500000000114e+02
4.749999999999999778e-01 -3.876680000000000064e+02 3.210024000000000228e+02 -3.876680000000000064e+02 3.263890999999999849e+02
5.000000000000000000e-01 -3.877389999999999759e+02 3.210100500000000352e+02 -3.877389999999999759e+02 3.265153500000000122e+02
5.250000000000000222e-01 -3.878140000000000214e+02 3.210176500000000033e+02 -3.878140000000000214e+02 3.266454499999999825e+02
5.500000000000000444e-01 -3.878919999999999959e+02 3.210265499999999861e+02 -3.878919999999999959e+02 3.267800500000000170e+02
5.749999999999999556e-01 -3.879739999999999895e+02 3.210378499999999917e+02 -3.879739999999999895e+02 3.269199499999999716e+02
5.999999999999999778e-01 -3.880600000000000023e+02 3.210507000000000062e+02 -3.880600000000000023e+02 3.270640999999999963e+02
6.250000000000000000e-01 -3.881490000000000009e+02 3.210652499999999918e+02 -3.881490000000000009e+02 3.272123500000000149e+02
6.500000000000000222e-01 -3.882409999999999854e+02 3.210826500000000010e+02 -3.882409999999999854e+02 3.273655500000000416e+02
6.750000000000000444e-01 -3.883369999999999891e+02 3.211012000000000057e+02 -3.883369999999999891e+02 3.275212999999999965e+02
6.999999999999999556e-01 -3.884359999999999786e+02 3.211221500000000333e+02 -3.884359999999999786e+02 3.276804500000000075e+02
7.249999999999999778e-01 -3.885389999999999873e+02 3.211453000000000202e+02 -3.885389999999999873e+02 3.278431000000000495e+02
7.500000000000000000e-01 -3.886440000000000055e+02 3.211701499999999783e+02 -3.886440000000000055e+02 3.280079499999999939e+02
7.750000000000000222e-01 -3.887529999999999859e+02 3.211988000000000056e+02 -3.887529999999999859e+02 3.281767000000000394e+02
8.000000000000000444e-01 -3.888650000000000091e+02 3.212293999999999983e+02 -3.888650000000000091e+02 3.283471999999999866e+02
8.249999999999999556e-01 -3.889800000000000182e+02 3.212582000000000448e+02 -3.889800000000000182e+02 3.285153000000000247e+02
8.499999999999999778e-01 -3.890969999999999800e+02 3.212942500000000337e+02 -3.890969999999999800e+02 3.286899499999999534e+02
8.750000000000000000e-01 -3.892180000000000177e+02 3.213337999999999965e+02 -3.892180000000000177e+02 3.288668999999999301e+02
9.000000000000000222e-01 -3.893399999999999750e+02 3.213740000000000236e+02 -3.893399999999999750e+02 3.290428999999999746e+02
9.250000000000000444e-01 -3.894649999999999750e+02 3.214180000000000064e+02 -3.894649999999999750e+02 3.292207999999999970e+02
9.499999999999999556e-01 -3.895919999999999845e+02 3.214639999999999986e+02 -3.895919999999999845e+02 3.293985000000000127e+02
9.749999999999999778e-01 -3.897210000000000036e+02 3.215131000000000085e+02 -3.897210000000000036e+02 3.295768999999999664e+02
1.000000000000000000e+00 -3.898519999999999754e+02 3.215645000000000095e+02 -3.898519999999999754e+02 3.297547000000000139e+02
1.024999999999999911e+00 -3.899839999999999804e+02 3.216132500000000505e+02 -3.899839999999999804e+02 3.299268500000000017e+02
1.050000000000000044e+00 -3.901170000000000186e+02 3.216755999999999744e+02 -3.901170000000000186e+02 3.301092999999999620e+02
1.074999999999999956e+00 -3.902520000000000095e+02 3.217346499999999878e+02 -3.902520000000000095e+02 3.302846499999999992e+02
1.100000000000000089e+00 -3.903870000000000005e+02 3.217964499999999930e+02 -3.903870000000000005e+02 3.304590499999999906e+02
1.125000000000000000e+00 -3.905230000000000246e+02 3.218601999999999634e+02 -3.905230000000000246e+02 3.306313000000000102e+02
1.149999999999999911e+00 -3.906600000000000250e+02 3.219260000000000446e+02 -3.906600000000000250e+02 3.308011000000000195e+02
1.175000000000000044e+00 -3.907959999999999923e+02 3.219938999999999965e+02 -3.907959999999999923e+02 3.309687000000000126e+02
1.199999999999999956e+00 -3.909329999999999927e+02 3.220640500000000088e+02 -3.909329999999999927e+02 3.311337499999999636e+02
1.225000000000000089e+00 -3.910690000000000168e+02 3.221355000000000359e+02 -3.910690000000000168e+02 3.312951999999999657e+02
1.250000000000000000e+00 -3.912040000000000077e+02 3.222083850000000211e+02 -3.912040000000000077e+02 3.314529149999999618e+02
1.274999999999999911e+00 -3.913380000000000223e+02 3.222827100000000087e+02 -3.913380000000000223e+02 3.316069899999999961e+02
1.300000000000000044e+00 -3.914710000000000036e+02 3.223585700000000429e+02 -3.914710000000000036e+02 3.317572299999999927e+02
1.324999999999999956e+00 -3.916019999999999754e+02 3.224350049999999896e+02 -3.916019999999999754e+02 3.319026949999999943e+02
1.350000000000000089e+00 -3.917309999999999945e+02 3.225130649999999832e+02 -3.917309999999999945e+02 3.320442349999999578e+02
1.375000000000000000e+00 -3.918580000000000041e+02 3.225907899999999700e+02 -3.918580000000000041e+02 3.321799099999999498e+02
1.399999999999999911e+00 -3.919839999999999804e+02 3.226682000000000130e+02 -3.919839999999999804e+02 3.323094999999999573e+02
1.425000000000000044e+00 -3.921050000000000182e+02 3.227463149999999814e+02 -3.921050000000000182e+02 3.324341850000000136e+02
1.449999999999999956e+00 -3.922239999999999895e+02 3.228241399999999999e+02 -3.922239999999999895e+02 3.325529600000000414e+02
1.475000000000000089e+00 -3.923389999999999986e+02 3.229016849999999863e+02 -3.923389999999999986e+02 3.326657149999999774e+02
1.500000000000000000e+00 -3.924510000000000218e+02 3.229779599999999959e+02 -3.924510000000000218e+02 3.327714399999999841e+02
1.524999999999999911e+00 -3.925590000000000259e+02 3.230558999999999514e+02 -3.925590000000000259e+02 3.328731999999999971e+02
1.550000000000000044e+00 -3.926619999999999777e+02 3.231305100000000152e+02 -3.926619999999999777e+02 3.329660899999999515e+02
1.574999999999999956e+00 -3.927610000000000241e+02 3.232047450000000026e+02 -3.927610000000000241e+02 3.330531550000000038e+02
1.600000000000000089e+00 -3.928559999999999945e+02 3.232755750000000035e+02 -3.928559999999999945e+02 3.331312250000000290e+02
1.625000000000000000e+00 -3.929449999999999932e+02 3.233439399999999750e+02 -3.929449999999999932e+02 3.332015600000000290e+02
1.649999999999999911e+00 -3.930299999999999727e+02 3.234108149999999569e+02 -3.930299999999999727e+02 3.332650849999999991e+02
1.675000000000000044e+00 -3.931089999999999804e+02 3.234740850000000023e+02 -3.931089999999999804e+02 3.333200149999999553e+02
1.699999999999999956e+00 -3.931829999999999927e+02 3.235356699999999819e+02 -3.931829999999999927e+02 3.333683299999999576e+02
1.725000000000000089e+00 -3.932509999999999764e+02 3.235915549999999712e+02 -3.932509999999999764e+02 3.334060450000000060e+02
1.750000000000000000e+00 -3.933140000000000214e+02 3.236466250000000286e+02 -3.933140000000000214e+02 3.334383749999999509e+02
1.774999999999999911e+00 -3.933700000000000045e+02 3.236987899999999740e+02 -3.933700000000000045e+02 3.334633099999999786e+02
1.800000000000000044e+00 -3.934209999999999923e+02 3.237449500000000171e+02 -3.934209999999999923e+02 3.334779500000000212e+02
1.824999999999999956e+00 -3.934660000000000082e+02 3.237889999999999873e+02 -3.934660000000000082e+02 3.334864999999999782e+02
1.850000000000000089e+00 -3.935049999999999955e+02 3.238298350000000028e+02 -3.935049999999999955e+02 3.334879650000000311e+02
1.875000000000000000e+00 -3.935389999999999873e+02 3.238663400000000365e+02 -3.935389999999999873e+02 3.334815600000000018e+02
1.899999999999999911e+00 -3.935659999999999741e+02 3.238993950000000268e+02 -3.935659999999999741e+02 3.334683049999999866e+02
1.925000000000000044e+00 -3.935880000000000223e+02 3.239278850000000034e+02 -3.935880000000000223e+02 3.334474149999999781e+02
1.949999999999999956e+00 -3.936039999999999850e+02 3.239526799999999866e+02 -3.936039999999999850e+02 3.334198199999999588e+02
1.975000000000000089e+00 -3.936139999999999759e+02 3.239726499999999874e+02 -3.936139999999999759e+02 3.333849500000000035e+02
2.000000000000000000e+00 -3.936200000000000045e+02 3.239886700000000133e+02 -3.936200000000000045e+02 3.333437299999999937e+02
2.024999999999999911e+00 -3.936200000000000045e+02 3.240006050000000073e+02 -3.936200000000000045e+02 3.332962950000000433e+02
2.049999999999999822e+00 -3.936159999999999854e+02 3.240083199999999692e+02 -3.936159999999999854e+02 3.332428800000000138e+02
2.075000000000000178e+00 -3.936059999999999945e+02 3.240126750000000015e+02 -3.936059999999999945e+02 3.331845250000000078e+02
2.100000000000000089e+00 -3.935919999999999845e+02 3.240135349999999903e+02 -3.935919999999999845e+02 3.331213649999999689e+02
2.125000000000000000e+00 -3.935740000000000123e+02 3.240097600000000284e+02 -3.935740000000000123e+02 3.330527400000000284e+02
2.149999999999999911e+00 -3.935529999999999973e+02 3.240032199999999989e+02 -3.935529999999999973e+02 3.329804800000000569e+02
2.174999999999999822e+00 -3.935280000000000200e+02 3.239927650000000199e+02 -3.935280000000000200e+02 3.329040350000000217e+02
2.200000000000000178e+00 -3.935000000000000000e+02 3.239792649999999981e+02 -3.935000000000000000e+02 3.328242350000000442e+02
2.225000000000000089e+00 -3.934689999999999941e+02 3.239635799999999790e+02 -3.934689999999999941e+02 3.327425200000000132e+02
2.250000000000000000e+00 -3.934370000000000118e+02 3.239445799999999736e+02 -3.934370000000000118e+02 3.326578200000000152e+02
2.274999999999999911e+00 -3.934030000000000200e+02 3.239241349999999784e+02 -3.934030000000000200e+02 3.325722649999999589e+02
2.299999999999999822e+00 -3.933679999999999950e+02 3.239011150000000043e+02 -3.933679999999999950e+02 3.324850849999999696e+02
2.325000000000000178e+00 -3.933319999999999936e+02 3.238763899999999580e+02 -3.933319999999999936e+02 3.323974099999999794e+02
2.350000000000000089e+00 -3.932959999999999923e+02 3.238508350000000178e+02 -3.932959999999999923e+02 3.323102650000000153e+02
2.375000000000000000e+00 -3.932610000000000241e+02 3.238243400000000065e+02 -3.932610000000000241e+02 3.322238600000000019e+02
2.399999999999999911e+00 -3.932259999999999991e+02 3.237977999999999952e+02 -3.932259999999999991e+02 3.321392000000000166e+02
2.424999999999999822e+00 -3.931940000000000168e+02 3.237710500000000025e+02 -3.931940000000000168e+02 3.320566499999999905e+02
2.450000000000000178e+00 -3.931630000000000109e+02 3.237440499999999588e+02 -3.931630000000000109e+02 3.319759500000000116e+02
2.475000000000000089e+00 -3.931349999999999909e+02 3.237177000000000362e+02 -3.931349999999999909e+02 3.318985000000000127e+02
2.500000000000000000e+00 -3.931100000000000136e+02 3.236928499999999644e+02 -3.931100000000000136e+02 3.318252499999999827e+02
2.524999999999999911e+00 -3.930889999999999986e+02 3.236704500000000166e+02 -3.930889999999999986e+02 3.317572499999999991e+02
2.549999999999999822e+00 -3.930729999999999791e+02 3.236494500000000016e+02 -3.930729999999999791e+02 3.316937499999999659e+02
2.575000000000000178e+00 -3.930609999999999786e+02 3.236306999999999903e+02 -3.930609999999999786e+02 3.316356999999999857e+02
2.600000000000000089e+00 -3.930550000000000068e+02 3.236152000000000157e+02 -3.930550000000000068e+02 3.315841000000000349e+02
2.625000000000000000e+00 -3.930539999999999736e+02 3.236028000000000020e+02 -3.930539999999999736e+02 3.315393000000000256e+02
2.649999999999999911e+00 -3.930600000000000023e+02 3.235935499999999934e+02 -3.930600000000000023e+02 3.315010499999999638e+02
2.674999999999999822e+00 -3.930729999999999791e+02 3.235893500000000245e+02 -3.930729999999999791e+02 3.314715500000000361e+02
2.700000000000000178e+00 -3.930930000000000177e+02 3.235891500000000178e+02 -3.930930000000000177e+02 3.314497500000000514e+02
2.725000000000000089e+00 -3.931200000000000045e+02 3.235939500000000066e+02 -3.931200000000000045e+02 3.314367499999999609e+02
2.750000000000000000e+00 -3.931549999999999727e+02 3.236037499999999909e+02 -3.931549999999999727e+02 3.314325499999999920e+02
2.774999999999999911e+00 -3.931979999999999791e+02 3.236184499999999957e+02 -3.931979999999999791e+02 3.314371499999999742e+02
2.799999999999999822e+00 -3.932500000000000000e+02 3.236390499999999975e+02 -3.932500000000000000e+02 3.314516499999999724e+02
2.825000000000000178e+00 -3.933100000000000023e+02 3.236656500000000278e+02 -3.933100000000000023e+02 3.314759500000000116e+02
2.850000000000000089e+00 -3.933799999999999955e+02 3.236981499999999983e+02 -3.933799999999999955e+02 3.315101500000000101e+02
2.875000000000000000e+00 -3.934580000000000268e+02 3.237375999999999863e+02 -3.934580000000000268e+02 3.315550999999999817e+02
2.899999999999999911e+00 -3.935450000000000159e+02 3.237830500000000029e+02 -3.935450000000000159e+02 3.316097499999999627e+02
2.924999999999999822e+00 -3.936410000000000196e+02 3.238344549999999913e+02 -3.936410000000000196e+02 3.316743450000000166e+02
2.950000000000000178e+00 -3.937450000000000045e+02 3.238919399999999769e+02 -3.937450000000000045e+02 3.317485599999999977e+02
2.975000000000000089e+00 -3.938580000000000041e+02 3.239564849999999865e+02 -3.938580000000000041e+02 3.318335149999999771e+02
3.000000000000000000e+00 -3.939800000000000182e+02 3.240281499999999824e+02 -3.939800000000000182e+02 3.319290500000000179e+02
3.024999999999999911e+00 -3.941089999999999804e+02 3.241049899999999866e+02 -3.941089999999999804e+02 3.320332100000000537e+02
3.049999999999999822e+00 -3.942470000000000141e+02 3.241870749999999930e+02 -3.942470000000000141e+02 3.321458249999999452e+02
3.075000000000000178e+00 -3.943879999999999768e+02 3.242754699999999843e+02 -3.943879999999999768e+02 3.322679299999999785e+02
3.100000000000000089e+00 -3.945430000000000064e+02 3.243682400000000143e+02 -3.945430000000000064e+02 3.323974600000000237e+02
3.125000000000000000e+00 -3.946999999999999886e+02 3.244665249999999901e+02 -3.946999999999999886e+02 3.325351749999999811e+02
3.149999999999999911e+00 -3.948629999999999995e+02 3.245692999999999984e+02 -3.948629999999999995e+02 3.326802000000000135e+02
3.174999999999999822e+00 -3.950310000000000059e+02 3.246756900000000314e+02 -3.950310000000000059e+02 3.328313099999999736e+02
3.200000000000000178e+00 -3.952029999999999745e+02 3.247857999999999947e+02 -3.952029999999999745e+02 3.329885000000000446e+02
3.225000000000000089e+00 -3.953770000000000095e+02 3.248977199999999925e+02 -3.953770000000000095e+02 3.331495800000000145e+02
3.250000000000000000e+00 -3.955529999999999973e+02 3.250124799999999823e+02 -3.955529999999999973e+02 3.333156200000000240e+02
3.274999999999999911e+00 -3.957309999999999945e+02 3.251283099999999990e+02 -3.957309999999999945e+02 3.334842900000000441e+02
3.299999999999999822e+00 -3.959069999999999823e+02 3.252442500000000223e+02 -3.959069999999999823e+02 3.336545500000000288e+02
3.325000000000000178e+00 -3.960830000000000268e+02 3.253603999999999701e+02 -3.960830000000000268e+02 3.338263999999999783e+02
3.350000000000000089e+00 -3.962549999999999955e+02 3.254748749999999973e+02 -3.962549999999999955e+02 3.339977249999999458e+02
3.375000000000000000e+00 -3.964230000000000018e+02 3.255867749999999887e+02 -3.964230000000000018e+02 3.341672250000000304e+02
3.399999999999999911e+00 -3.965860000000000127e+02 3.256952049999999872e+02 -3.965860000000000127e+02 3.343340950000000475e+02
3.424999999999999822e+00 -3.967409999999999854e+02 3.257982800000000339e+02 -3.967409999999999854e+02 3.344959200000000124e+02
3.450000000000000178e+00 -3.968879999999999768e+02 3.258961100000000215e+02 -3.968879999999999768e+02 3.346527899999999818e+02
3.475000000000000089e+00 -3.970240000000000009e+02 3.259857900000000086e+02 -3.970240000000000009e+02 3.348015099999999507e+02
3.500000000000000000e+00 -3.971469999999999914e+02 3.260684350000000222e+02 -3.971469999999999914e+02 3.349429649999999583e+02
3.524999999999999911e+00 -3.972570000000000050e+02 3.261411599999999567e+02 -3.972570000000000050e+02 3.350741399999999999e+02
3.549999999999999822e+00 -3.973509999999999991e+02 3.262020600000000172e+02 -3.973509999999999991e+02 3.351928399999999897e+02
3.575000000000000178e+00 -3.974270000000000209e+02 3.262512299999999641e+02 -3.974270000000000209e+02 3.352989699999999971e+02
3.600000000000000089e+00 -3.974830000000000041e+02 3.262847899999999868e+02 -3.974830000000000041e+02 3.353884099999999648e+02
3.625000000000000000e+00 -3.975179999999999723e+02 3.263038199999999733e+02 -3.975179999999999723e+02 3.354621800000000462e+02
3.649999999999999911e+00 -3.975289999999999964e+02 3.263054199999999696e+02 -3.975289999999999964e+02 3.355170800000000213e+02
3.674999999999999822e+00 -3.975140000000000100e+02 3.262887549999999806e+02 -3.975140000000000100e+02 3.355518449999999575e+02
3.700000000000000178e+00 -3.974710000000000036e+02 3.262507799999999634e+02 -3.974710000000000036e+02 3.355637199999999893e+02
3.725000000000000089e+00 -3.973980000000000246e+02 3.261906500000000051e+02 -3.973980000000000246e+02 3.355515500000000202e+02
3.750000000000000000e+00 -3.972939999999999827e+02 3.261064549999999826e+02 -3.972939999999999827e+02 3.355130450000000337e+02
3.774999999999999911e+00 -3.971539999999999964e+02 3.259972500000000082e+02 -3.971539999999999964e+02 3.354472499999999400e+02
3.799999999999999822e+00 -3.969789999999999850e+02 3.258601300000000265e+02 -3.969789999999999850e+02 3.353511700000000246e+02
3.825000000000000178e+00 -3.967649999999999864e+02 3.256941649999999981e+02 -3.967649999999999864e+02 3.352235349999999698e+02
3.850000000000000089e+00 -3.965099999999999909e+02 3.254963649999999689e+02 -3.965099999999999909e+02 3.350615349999999921e+02
3.875000000000000000e+00 -3.962119999999999891e+02 3.252669050000000084e+02 -3.962119999999999891e+02 3.348648950000000468e+02
3.899999999999999911e+00 -3.958690000000000282e+02 3.250027850000000171e+02 -3.958690000000000282e+02 3.346306149999999775e+02
3.924999999999999822e+00 -3.954780000000000086e+02 3.247030700000000252e+02 -3.954780000000000086e+02 3.343576299999999719e+02
3.950000000000000178e+00 -3.950389999999999873e+02 3.243648000000000025e+02 -3.950389999999999873e+02 3.340428999999999746e+02
3.975000000000000089e+00 -3.945470000000000255e+02 3.239860300000000279e+02 -3.945470000000000255e+02 3.336843699999999444e+02
4.000000000000000000e+00 -3.940029999999999859e+02 3.235668049999999880e+02 -3.940029999999999859e+02 3.332819949999999949e+02
4.025000000000000355e+00 -3.934019999999999868e+02 3.231041549999999916e+02 -3.934019999999999868e+02 3.328327449999999885e+02
4.049999999999999822e+00 -3.927450000000000045e+02 3.225971249999999486e+02 -3.927450000000000045e+02 3.323355750000000057e+02
4.075000000000000178e+00 -3.920269999999999868e+02 3.220427350000000501e+02 -3.920269999999999868e+02 3.317875649999999723e+02
4.099999999999999645e+00 -3.912490000000000236e+02 3.214400200000000041e+02 -3.912490000000000236e+02 3.311874799999999937e+02
4.125000000000000000e+00 -3.904069999999999823e+02 3.207880000000000109e+02 -3.904069999999999823e+02 3.305344000000000051e+02
4.150000000000000355e+00 -3.895000000000000000e+02 3.200846950000000106e+02 -3.895000000000000000e+02 3.298264049999999656e+02
4.174999999999999822e+00 -3.885260000000000105e+02 3.193281200000000126e+02 -3.885260000000000105e+02 3.290613799999999856e+02
4.200000000000000178e+00 -3.874850000000000136e+02 3.185162850000000390e+02 -3.874850000000000136e+02 3.282373150000000237e+02
4.224999999999999645e+00 -3.863750000000000000e+02 3.176491949999999633e+02 -3.863750000000000000e+02 3.273542049999999790e+02
4.250000000000000000e+00 -3.851929999999999836e+02 3.167248600000000351e+02 -3.851929999999999836e+02 3.264100400000000377e+02
4.275000000000000355e+00 -3.839370000000000118e+02 3.157422750000000065e+02 -3.839370000000000118e+02 3.254038250000000403e+02
4.299999999999999822e+00 -3.826080000000000041e+02 3.146994399999999814e+02 -3.826080000000000041e+02 3.243336600000000089e+02
4.325000000000000178e+00 -3.812029999999999745e+02 3.135953499999999963e+02 -3.812029999999999745e+02 3.231984499999999798e+02
4.349999999999999645e+00 -3.797230000000000132e+02 3.124289850000000115e+02 -3.797230000000000132e+02 3.219972149999999829e+02
4.375000000000000000e+00 -3.781639999999999873e+02 3.111993449999999939e+02 -3.781639999999999873e+02 3.207290550000000735e+02
4.400000000000000355e+00 -3.765280000000000200e+02 3.099054050000000302e+02 -3.765280000000000200e+02 3.193928950000000100e+02
4.424999999999999822e+00 -3.748129999999999882e+02 3.085451500000000351e+02 -3.748129999999999882e+02 3.179867500000000291e+02
4.450000000000000178e+00 -3.730179999999999723e+02 3.071195549999999912e+02 -3.730179999999999723e+02 3.165116449999999304e+02
4.474999999999999645e+00 -3.711440000000000055e+02 3.056275949999999852e+02 -3.711440000000000055e+02 3.149668050000000221e+02
4.500000000000000000e+00 -3.691879999999999882e+02 3.040672400000000266e+02 -3.691879999999999882e+02 3.133499600000000100e+02
4.525000000000000355e+00 -3.671519999999999868e+02 3.024394600000000537e+02 -3.671519999999999868e+02 3.116623399999999720e+02
4.549999999999999822e+00 -3.650350000000000250e+02 3.007422149999999874e+02 -3.650350000000000250e+02 3.099019850000000247e+02
4.575000000000000178e+00 -3.628360000000000127e+02 2.989764749999999935e+02 -3.628360000000000127e+02 3.080698249999999803e+02
4.599999999999999645e+00 -3.605559999999999832e+02 2.971411899999999946e+02 -3.605559999999999832e+02 3.061651100000000270e+02
4.625000000000000000e+00 -3.581949999999999932e+02 2.952363250000000221e+02 -3.581949999999999932e+02 3.041875749999999812e+02
4.650000000000000355e+00 -3.557540000000000191e+02 2.932608299999999986e+02 -3.557540000000000191e+02 3.021365700000000061e+02
4.674999999999999822e+00 -3.532320000000000277e+02 2.912166550000000029e+02 -3.532320000000000277e+02 3.000139449999999783e+02
4.700000000000000178e+00 -3.506299999999999955e+02 2.891027499999999577e+02 -3.506299999999999955e+02 2.978189499999999725e+02
4.724999999999999645e+00 -3.479449999999999932e+02 2.869190549999999575e+02 -3.479449999999999932e+02 2.955514450000000011e+02
4.750000000000000000e+00 -3.451890000000000214e+02 2.846675150000000372e+02 -3.451890000000000214e+02 2.932136849999999981e+02
4.775000000000000355e+00 -3.423509999999999991e+02 2.823460649999999532e+02 -3.423509999999999991e+02 2.908035350000000108e+02
4.799999999999999822e+00 -3.394379999999999882e+02 2.799576400000000262e+02 -3.394379999999999882e+02 2.883242599999999811e+02
4.825000000000000178e+00 -3.364490000000000123e+02 2.775001849999999877e+02 -3.364490000000000123e+02 2.857738150000000132e+02
4.849999999999999645e+00 -3.333849999999999909e+02 2.749776200000000017e+02 -3.333849999999999909e+02 2.831562799999999811e+02
4.875000000000000000e+00 -3.302490000000000236e+02 2.723888749999999845e+02 -3.302490000000000236e+02 2.804707250000000158e+02
4.900000000000000355e+00 -3.270419999999999732e+02 2.697348700000000008e+02 -3.270419999999999732e+02 2.777183300000000372e+02
4.924999999999999822e+00 -3.237649999999999864e+02 2.670175250000000347e+02 -3.237649999999999864e+02 2.749011750000000234e+02
4.950000000000000178e+00 -3.204189999999999827e+02 2.642367700000000355e+02 -3.204189999999999827e+02 2.720192299999999932e+02
4.974999999999999645e+00 -3.170079999999999814e+02 2.613955149999999890e+02 -3.170079999999999814e+02 2.690756850000000213e+02
5.000000000000000000e+00 -3.135319999999999823e+02 2.584947050000000104e+02 -3.135319999999999823e+02 2.660714950000000272e+02
5.025000000000000355e+00 -3.099940000000000282e+02 2.555351900000000001e+02 -3.099940000000000282e+02 2.630080100000000130e+02
5.049999999999999822e+00 -3.063949999999999818e+02 2.525198999999999785e+02 -3.063949999999999818e+02 2.598881000000000085e+02
5.075000000000000178e+00 -3.027389999999999759e+02 2.494487450000000024e+02 -3.027389999999999759e+02 2.567119549999999890e+02
5.099999999999999645e+00 -2.990260000000000105e+02 2.463246400000000165e+02 -2.990260000000000105e+02 2.534826600000000099e+02
5.125000000000000000e+00 -2.952599999999999909e+02 2.431494749999999954e+02 -2.952599999999999909e+02 2.502024250000000336e+02
5.150000000000000355e+00 -2.914440000000000168e+02 2.399251600000000053e+02 -2.914440000000000168e+02 2.468731400000000065e+02
5.174999999999999822e+00 -2.875779999999999745e+02 2.366545899999999847e+02 -2.875779999999999745e+02 2.434981100000000254e+02
5.200000000000000178e+00 -2.836669999999999732e+02 2.333386600000000044e+02 -2.836669999999999732e+02 2.400784400000000005e+02
5.224999999999999645e+00 -2.797130000000000223e+02 2.299802699999999902e+02 -2.797130000000000223e+02 2.366170299999999997e+02
5.250000000000000000e+00 -2.757180000000000177e+02 2.265823150000000226e+02 -2.757180000000000177e+02 2.331172850000000096e+02
5.275000000000000355e+00 -2.716850000000000023e+02 2.231456499999999892e+02 -2.716850000000000023e+02 2.295801500000000033e+02
5.299999999999999822e+00 -2.676179999999999950e+02 2.196742550000000165e+02 -2.676179999999999950e+02 2.260096450000000061e+02
5.325000000000000178e+00 -2.635190000000000055e+02 2.161709850000000017e+02 -2.635190000000000055e+02 2.224091149999999857e+02
5.349999999999999645e+00 -2.593899999999999864e+02 2.126367350000000158e+02 -2.593899999999999864e+02 2.187794650000000161e+02
5.375000000000000000e+00 -2.552350000000000136e+02 2.090754050000000177e+02 -2.552350000000000136e+02 2.151249950000000126e+02
5.400000000000000355e+00 -2.510569999999999879e+02 2.054898949999999900e+02 -2.510569999999999879e+02 2.114486049999999864e+02
5.424999999999999822e+00 -2.468580000000000041e+02 2.018831000000000131e+02 -2.468580000000000041e+02 2.077536000000000058e+02
5.450000000000000178e+00 -2.426419999999999959e+02 1.982569300000000112e+02 -2.426419999999999959e+02 2.040418700000000172e+02
5.474999999999999645e+00 -2.384120000000000061e+02 1.946142949999999985e+02 -2.384120000000000061e+02 2.003167049999999847e+02
5.500000000000000000e+00 -2.341709999999999923e+02 1.909590949999999907e+02 -2.341709999999999923e+02 1.965822050000000161e+02
5.525000000000000355e+00 -2.299209999999999923e+02 1.872942500000000052e+02 -2.299209999999999923e+02 1.928413500000000056e+02
5.549999999999999822e+00 -2.256659999999999968e+02 1.836206799999999930e+02 -2.256659999999999968e+02 1.890952200000000119e+02
5.575000000000000178e+00 -2.214089999999999918e+02 1.799432999999999936e+02 -2.214089999999999918e+02 1.853489999999999895e+02
5.599999999999999645e+00 -2.171529999999999916e+02 1.762640350000000069e+02 -2.171529999999999916e+02 1.816047650000000147e+02
5.625000000000000000e+00 -2.129000000000000057e+02 1.725858249999999998e+02 -2.129000000000000057e+02 1.778654750000000035e+02
5.650000000000000355e+00 -2.086529999999999916e+02 1.689126049999999850e+02 -2.086529999999999916e+02 1.741353949999999884e+02
5.674999999999999822e+00 -2.044159999999999968e+02 1.652453150000000051e+02 -2.044159999999999968e+02 1.704153850000000148e+02
5.700000000000000178e+00 -2.001910000000000025e+02 1.615889050000000111e+02 -2.001910000000000025e+02 1.667105949999999837e+02
5.724999999999999645e+00 -1.959809999999999945e+02 1.579443300000000079e+02 -1.959809999999999945e+02 1.630220699999999852e+02
5.750000000000000000e+00 -1.917889999999999873e+02 1.543155500000000018e+02 -1.917889999999999873e+02 1.593539499999999975e+02
5.775000000000000355e+00 -1.876169999999999902e+02 1.507045399999999802e+02 -1.876169999999999902e+02 1.557080600000000175e+02
5.799999999999999822e+00 -1.834679999999999893e+02 1.471132749999999874e+02 -1.834679999999999893e+02 1.520866249999999980e+02
5.825000000000000178e+00 -1.793449999999999989e+02 1.435467349999999840e+02 -1.793449999999999989e+02 1.484945649999999944e+02
5.849999999999999645e+00 -1.752500000000000000e+02 1.400049250000000143e+02 -1.752500000000000000e+02 1.449319749999999942e+02
5.875000000000000000e+00 -1.711850000000000023e+02 1.364918149999999741e+02 -1.711850000000000023e+02 1.414027849999999944e+02
5.900000000000000355e+00 -1.671529999999999916e+02 1.330094199999999773e+02 -1.671529999999999916e+02 1.379089799999999855e+02
5.924999999999999822e+00 -1.631570000000000107e+02 1.295597500000000082e+02 -1.631570000000000107e+02 1.344526500000000055e+02
5.950000000000000178e+00 -1.591970000000000027e+02 1.261448299999999989e+02 -1.591970000000000027e+02 1.310357700000000136e+02
5.974999999999999645e+00 -1.552769999999999868e+02 1.227676850000000002e+02 -1.552769999999999868e+02 1.276612149999999986e+02
6.000000000000000000e+00 -1.513990000000000009e+02 1.194283450000000073e+02 -1.513990000000000009e+02 1.243290549999999968e+02
6.025000000000000355e+00 -1.475629999999999882e+02 1.161308450000000079e+02 -1.475629999999999882e+02 1.210432550000000020e+02
6.049999999999999822e+00 -1.437729999999999961e+02 1.128772349999999989e+02 -1.437729999999999961e+02 1.178057649999999938e+02
6.075000000000000178e+00 -1.400300000000000011e+02 1.096665650000000056e+02 -1.400300000000000011e+02 1.146154349999999909e+02
6.099999999999999645e+00 -1.363350000000000080e+02 1.065038850000000110e+02 -1.363350000000000080e+02 1.114773150000000044e+02
6.125000000000000000e+00 -1.326910000000000025e+02 1.033875649999999951e+02 -1.326910000000000025e+02 1.083897349999999875e+02
6.150000000000000355e+00 -1.290980000000000132e+02 1.003209700000000026e+02 -1.290980000000000132e+02 1.053557300000000083e+02
6.174999999999999822e+00 -1.255570000000000022e+02 9.730487000000000819e+01 -1.255570000000000022e+02 1.023760300000000001e+02
6.200000000000000178e+00 -1.220709999999999980e+02 9.434044000000000096e+01 -1.220709999999999980e+02 9.945175999999999306e+01
6.224999999999999645e+00 -1.186410000000000053e+02 9.142886500000000183e+01 -1.186410000000000053e+02 9.658373499999999012e+01
6.250000000000000000e+00 -1.152660000000000053e+02 8.857101999999999009e+01 -1.152660000000000053e+02 9.377288000000000068e+01
6.275000000000000355e+00 -1.119489999999999981e+02 8.576789499999999578e+01 -1.119489999999999981e+02 9.101990500000000850e+01
6.299999999999999822e+00 -1.086910000000000025e+02 8.302027500000001226e+01 -1.086910000000000025e+02 8.832542499999999563e+01
6.325000000000000178e+00 -1.054909999999999997e+02 8.032865499999999770e+01 -1.054909999999999997e+02 8.568974499999998784e+01
6.349999999999999645e+00 -1.023509999999999991e+02 7.769382500000000391e+01 -1.023509999999999991e+02 8.311347500000000821e+01
6.375000000000000000e+00 -9.927100000000000080e+01 7.511607999999999663e+01 -9.927100000000000080e+01 8.059681999999999391e+01
6.400000000000000355e+00 -9.625190000000000623e+01 7.259591500000000508e+01 -9.625190000000000623e+01 7.813998500000001002e+01
6.424999999999999822e+00 -9.329389999999999361e+01 7.013352500000000589e+01 -9.329389999999999361e+01 7.574307500000000459e+01
6.450000000000000178e+00 -9.039730000000000132e+01 6.772899999999999920e+01 -9.039730000000000132e+01 7.340579999999999927e+01
6.474999999999999645e+00 -8.756250000000000000e+01 6.538264499999999657e+01 -8.756250000000000000e+01 7.112845500000000243e+01
6.500000000000000000e+00 -8.478940000000000055e+01 6.309434499999999701e+01 -8.478940000000000055e+01 6.891075499999999465e+01
6.525000000000000355e+00 -8.207829999999999870e+01 6.086399500000000273e+01 -8.207829999999999870e+01 6.675230500000000688e+01
6.549999999999999822e+00 -7.942900000000000205e+01 5.869149499999999620e+01 -7.942900000000000205e+01 6.465280500000000075e+01
6.575000000000000178e+00 -7.684139999999999304e+01 5.657652499999999662e+01 -7.684139999999999304e+01 6.261177500000000151e+01
6.599999999999999645e+00 -7.431550000000000011e+01 5.451868000000000336e+01 -7.431550000000000011e+01 6.062872000000000128e+01
6.625000000000000000e+00 -7.185089999999999577e+01 5.251774999999999949e+01 -7.185089999999999577e+01 5.870325000000000415e+01
6.650000000000000355e+00 -6.944729999999999848e+01 5.057310999999999979e+01 -6.944729999999999848e+01 5.683448999999999529e+01
6.674999999999999822e+00 -6.710439999999999827e+01 4.868435500000000360e+01 -6.710439999999999827e+01 5.502184499999999900e+01
6.700000000000000178e+00 -6.482170000000000698e+01 4.685105000000000075e+01 -6.482170000000000698e+01 5.326484999999999559e+01
6.724999999999999645e+00 -6.259879999999999711e+01 4.507218000000000302e+01 -6.259879999999999711e+01 5.156221999999999639e+01
6.750000000000000000e+00 -6.043509999999999849e+01 4.334711999999999676e+01 -6.043509999999999849e+01 4.991317999999999699e+01
6.775000000000000355e+00 -5.832990000000000208e+01 4.167513499999999738e+01 -5.832990000000000208e+01 4.831696500000000327e+01
6.799999999999999822e+00 -5.628269999999999840e+01 4.005559499999999673e+01 -5.628269999999999840e+01 4.677280500000000529e+01
6.825000000000000178e+00 -5.429260000000000019e+01 3.848746500000000026e+01 -5.429260000000000019e+01 4.527943499999999943e+01
6.849999999999999645e+00 -5.235909999999999798e+01 3.697000000000000597e+01 -5.235909999999999798e+01 4.383599999999999852e+01
6.875000000000000000e+00 -5.048120000000000118e+01 3.550226500000000129e+01 -5.048120000000000118e+01 4.244153500000000179e+01
6.900000000000000355e+00 -4.865829999999999700e+01 3.408331000000000444e+01 -4.865829999999999700e+01 4.109488999999999947e+01
6.924999999999999822e+00 -4.688929999999999865e+01 3.271218499999999807e+01 -4.688929999999999865e+01 3.979511499999999558e+01
6.950000000000000178e+00 -4.517349999999999710e+01 3.138793499999999881e+01 -4.517349999999999710e+01 3.854106500000000324e+01
6.974999999999999645e+00 -4.350979999999999848e+01 3.010941000000000045e+01 -4.350979999999999848e+01 3.733159000000000560e+01
7.000000000000000000e+00 -4.189750000000000085e+01 2.887564499999999867e+01 -4.189750000000000085e+01 3.616555499999999768e+01
7.025000000000000355e+00 -4.033550000000000324e+01 2.768567499999999981e+01 -4.033550000000000324e+01 3.504192500000000621e+01
7.049999999999999822e+00 -3.882280000000000086e+01 2.653844000000000136e+01 -3.882280000000000086e+01 3.395965999999999951e+01
7.075000000000000178e+00 -3.735840000000000316e+01 2.543276499999999984e+01 -3.735840000000000316e+01 3.291743499999999756e+01
7.099999999999999645e+00 -3.594140000000000157e+01 2.436768000000000001e+01 -3.594140000000000157e+01 3.191422000000000025e+01
7.125000000000000000e+00 -3.457070000000000221e+01 2.334210500000000010e+01 -3.457070000000000221e+01 3.094899500000000003e+01
7.150000000000000355e+00 -3.324519999999999698e+01 2.235496499999999997e+01 -3.324519999999999698e+01 3.002053500000000241e+01
7.174999999999999822e+00 -3.196399999999999864e+01 2.140517999999999788e+01 -3.196399999999999864e+01 2.912781999999999982e+01
7.200000000000000178e+00 -3.072589999999999932e+01 2.049155999999999977e+01 -3.072589999999999932e+01 2.826953999999999922e+01
7.224999999999999645e+00 -2.953000000000000114e+01 1.961321999999999832e+01 -2.953000000000000114e+01 2.744477999999999795e+01
7.250000000000000000e+00 -2.837519999999999953e+01 1.876907000000000281e+01 -2.837519999999999953e+01 2.665243000000000251e+01
7.275000000000000355e+00 -2.726040000000000063e+01 1.795792000000000144e+01 -2.726040000000000063e+01 2.589138000000000162e+01
7.299999999999999822e+00 -2.618459999999999965e+01 1.717897999999999925e+01 -2.618459999999999965e+01 2.516071999999999775e+01
7.325000000000000178e+00 -2.514679999999999893e+01 1.643103999999999942e+01 -2.514679999999999893e+01 2.445936000000000021e+01
7.349999999999999645e+00 -2.414590000000000103e+01 1.571321000000000012e+01 -2.414590000000000103e+01 2.378618999999999772e+01
7.375000000000000000e+00 -2.318090000000000117e+01 1.502449000000000012e+01 -2.318090000000000117e+01 2.314041000000000281e+01
7.400000000000000355e+00 -2.225080000000000169e+01 1.436377000000000059e+01 -2.225080000000000169e+01 2.252083000000000013e+01
7.424999999999999822e+00 -2.135460000000000136e+01 1.373015499999999989e+01 -2.135460000000000136e+01 2.192654500000000084e+01
7.450000000000000178e+00 -2.049119999999999919e+01 1.312283500000000025e+01 -2.049119999999999919e+01 2.135676499999999933e+01
7.474999999999999645e+00 -1.965980000000000061e+01 1.254069999999999929e+01 -1.965980000000000061e+01 2.081050000000000111e+01
7.500000000000000000e+00 -1.885930000000000106e+01 1.198294500000000085e+01 -1.885930000000000106e+01 2.028685499999999919e+01
7.525000000000000355e+00 -1.808879999999999910e+01 1.144875500000000024e+01 -1.808879999999999910e+01 1.978504499999999666e+01
7.549999999999999822e+00 -1.734740000000000038e+01 1.093702500000000022e+01 -1.734740000000000038e+01 1.930397500000000122e+01
7.575000000000000178e+00 -1.663410000000000011e+01 1.044719999999999871e+01 -1.663410000000000011e+01 1.884311999999999898e+01
7.599999999999999645e+00 -1.594800000000000040e+01 9.978329999999999700e+00 -1.594800000000000040e+01 1.840156999999999954e+01
7.625000000000000000e+00 -1.528829999999999956e+01 9.529630000000000933e+00 -1.528829999999999956e+01 1.797854999999999848e+01
7.650000000000000355e+00 -1.465399999999999991e+01 9.100319999999999965e+00 -1.465399999999999991e+01 1.757337000000000060e+01
7.674999999999999822e+00 -1.404439999999999955e+01 8.689640000000000697e+00 -1.404439999999999955e+01 1.718524999999999991e+01
7.700000000000000178e+00 -1.345860000000000056e+01 8.296860000000000568e+00 -1.345860000000000056e+01 1.681349000000000160e+01
7.724999999999999645e+00 -1.289569999999999972e+01 7.921285000000000132e+00 -1.289569999999999972e+01 1.645743500000000026e+01
7.750000000000000000e+00 -1.235510000000000019e+01 7.562215000000000131e+00 -1.235510000000000019e+01 1.611640500000000031e+01
7.775000000000000355e+00 -1.183580000000000076e+01 7.218989999999999796e+00 -1.183580000000000076e+01 1.578978999999999999e+01
7.799999999999999822e+00 -1.133719999999999928e+01 6.890950000000000131e+00 -1.133719999999999928e+01 1.547696999999999967e+01
7.825000000000000178e+00 -1.085859999999999914e+01 6.577479999999999549e+00 -1.085859999999999914e+01 1.517736000000000018e+01
7.849999999999999645e+00 -1.039920000000000044e+01 6.277974999999999639e+00 -1.039920000000000044e+01 1.489036500000000096e+01
7.875000000000000000e+00 -9.958289999999999864e+00 5.991855000000000153e+00 -9.958289999999999864e+00 1.461548499999999962e+01
7.900000000000000355e+00 -9.535230000000000317e+00 5.718549999999999578e+00 -9.535230000000000317e+00 1.435216000000000136e+01
7.924999999999999822e+00 -9.129360000000000142e+00 5.457530999999999466e+00 -9.129360000000000142e+00 1.409989900000000063e+01
7.950000000000000178e+00 -8.740050000000000097e+00 5.208264999999999922e+00 -8.740050000000000097e+00 1.385821500000000128e+01
7.974999999999999645e+00 -8.366669999999999163e+00 4.970245000000000246e+00 -8.366669999999999163e+00 1.362662500000000065e+01
8.000000000000000000e+00 -8.008620000000000516e+00 4.742992000000000097e+00 -8.008620000000000516e+00 1.340469799999999978e+01
8.025000000000000355e+00 -7.665329999999999977e+00 4.526047499999999779e+00 -7.665329999999999977e+00 1.319200250000000096e+01
8.050000000000000711e+00 -7.336219999999999963e+00 4.318952999999999598e+00 -7.336219999999999963e+00 1.298811700000000080e+01
8.074999999999999289e+00 -7.020749999999999602e+00 4.121270499999999615e+00 -7.020749999999999602e+00 1.279263949999999994e+01
8.099999999999999645e+00 -6.718410000000000437e+00 3.932602000000000153e+00 -6.718410000000000437e+00 1.260520800000000108e+01
8.125000000000000000e+00 -6.428679999999999950e+00 3.752539000000000069e+00 -6.428679999999999950e+00 1.242544100000000107e+01
8.150000000000000355e+00 -6.151060000000000194e+00 3.580705000000000027e+00 -6.151060000000000194e+00 1.225300499999999815e+01
8.175000000000000711e+00 -5.885089999999999932e+00 3.416732000000000102e+00 -5.885089999999999932e+00 1.208756799999999920e+01
8.199999999999999289e+00 -5.630300000000000082e+00 3.260263500000000203e+00 -5.630300000000000082e+00 1.192878649999999929e+01
8.224999999999999645e+00 -5.386239999999999917e+00 3.110973500000000058e+00 -5.386239999999999917e+00 1.177638650000000098e+01
8.250000000000000000e+00 -5.152490000000000236e+00 2.968524999999999636e+00 -5.152490000000000236e+00 1.163005500000000048e+01
8.275000000000000355e+00 -4.928639999999999688e+00 2.832622500000000265e+00 -4.928639999999999688e+00 1.148951750000000160e+01
8.300000000000000711e+00 -4.714290000000000092e+00 2.702960500000000099e+00 -4.714290000000000092e+00 1.135450949999999892e+01
8.324999999999999289e+00 -4.509050000000000225e+00 2.579264000000000223e+00 -4.509050000000000225e+00 1.122478599999999815e+01
8.349999999999999645e+00 -4.312549999999999883e+00 2.461257999999999946e+00 -4.312549999999999883e+00 1.110009200000000007e+01
8.375000000000000000e+00 -4.124439999999999884e+00 2.348678999999999739e+00 -4.124439999999999884e+00 1.098019099999999959e+01
8.400000000000000355e+00 -3.944380000000000219e+00 2.241281999999999996e+00 -3.944380000000000219e+00 1.086486800000000130e+01
8.425000000000000711e+00 -3.772029999999999994e+00 2.138834000000000124e+00 -3.772029999999999994e+00 1.075391599999999848e+01
8.449999999999999289e+00 -3.607070000000000221e+00 2.041111499999999968e+00 -3.607070000000000221e+00 1.064714850000000013e+01
8.474999999999999645e+00 -3.449209999999999887e+00 1.947881999999999891e+00 -3.449209999999999887e+00 1.054432800000000015e+01
8.500000000000000000e+00 -3.298150000000000137e+00 1.858953500000000147e+00 -3.298150000000000137e+00 1.044531649999999878e+01
8.525000000000000355e+00 -3.153599999999999959e+00 1.774122999999999895e+00 -3.153599999999999959e+00 1.034990700000000174e+01
8.550000000000000711e+00 -3.015299999999999869e+00 1.693208999999999964e+00 -3.015299999999999869e+00 1.025796099999999988e+01
8.574999999999999289e+00 -2.882979999999999876e+00 1.616011000000000086e+00 -2.882979999999999876e+00 1.016929900000000053e+01
8.599999999999999645e+00 -2.756390000000000118e+00 1.542377000000000109e+00 -2.756390000000000118e+00 1.008377300000000076e+01
8.625000000000000000e+00 -2.635289999999999910e+00 1.472137499999999877e+00 -2.635289999999999910e+00 1.000124250000000004e+01
8.650000000000000355e+00 -2.519449999999999967e+00 1.405141500000000043e+00 -2.519449999999999967e+00 9.921578499999998968e+00
8.675000000000000711e+00 -2.408650000000000180e+00 1.341218999999999939e+00 -2.408650000000000180e+00 9.844631000000001464e+00
8.699999999999999289e+00 -2.302669999999999995e+00 1.280251499999999876e+00 -2.302669999999999995e+00 9.770288499999999487e+00
8.724999999999999645e+00 -2.201309999999999878e+00 1.222088499999999911e+00 -2.201309999999999878e+00 9.698421499999998474e+00
8.750000000000000000e+00 -2.104379999999999917e+00 1.166601500000000069e+00 -2.104379999999999917e+00 9.628928500000000668e+00
8.775000000000000355e+00 -2.011680000000000135e+00 1.113667500000000032e+00 -2.011680000000000135e+00 9.561692500000001260e+00
8.800000000000000711e+00 -1.923040000000000083e+00 1.063172500000000076e+00 -1.923040000000000083e+00 9.496617499999999268e+00
8.824999999999999289e+00 -1.838270000000000071e+00 1.015001000000000042e+00 -1.838270000000000071e+00 9.433602999999999739e+00
8.849999999999999645e+00 -1.757220000000000004e+00 9.690460000000000740e-01 -1.757220000000000004e+00 9.372557999999999723e+00
8.875000000000000000e+00 -1.679729999999999945e+00 9.252040000000000264e-01 -1.679729999999999945e+00 9.313394000000000617e+00
8.900000000000000355e+00 -1.605639999999999956e+00 8.833779999999999966e-01 -1.605639999999999956e+00 9.256017999999999191e+00
8.925000000000000711e+00 -1.534810000000000008e+00 8.434740000000000570e-01 -1.534810000000000008e+00 9.200359999999999872e+00
8.949999999999999289e+00 -1.467090000000000005e+00 8.054034999999999389e-01 -1.467090000000000005e+00 9.146334500000000034e+00
8.974999999999999645e+00 -1.402349999999999985e+00 7.690829999999999611e-01 -1.402349999999999985e+00 9.093871000000000038e+00
9.000000000000000000e+00 -1.340470000000000050e+00 7.344294999999999574e-01 -1.340470000000000050e+00 9.042908499999999350e+00
9.025000000000000355e+00 -1.281309999999999949e+00 7.013669999999999627e-01 -1.281309999999999949e+00 8.993363000000000440e+00
9.050000000000000711e+00 -1.224760000000000071e+00 6.698204999999999298e-01 -1.224760000000000071e+00 8.945191499999999962e+00
9.074999999999999289e+00 -1.170709999999999917e+00 6.397230000000000416e-01 -1.170709999999999917e+00 8.898317000000000476e+00
9.099999999999999645e+00 -1.119050000000000100e+00 6.110050000000000203e-01 -1.119050000000000100e+00 8.852691000000000088e+00
9.125000000000000000e+00 -1.069679999999999964e+00 5.836029999999999829e-01 -1.069679999999999964e+00 8.808260999999999896e+00
9.150000000000000355e+00 -1.022480000000000055e+00 5.574569999999999803e-01 -1.022480000000000055e+00 8.764974999999999739e+00
9.175000000000000711e+00 -9.773800000000000265e-01 5.325090000000000101e-01 -9.773800000000000265e-01 8.722766999999999271e+00
9.199999999999999289e+00 -9.342740000000000489e-01 5.087030000000000163e-01 -9.342740000000000489e-01 8.681606999999999630e+00
9.224999999999999645e+00 -8.930789999999999562e-01 4.859860000000000291e-01 -8.930789999999999562e-01 8.641453999999999525e+00
9.250000000000000000e+00 -8.537090000000000511e-01 4.643089999999999717e-01 -8.537090000000000511e-01 8.602244999999999919e+00
9.275000000000000355e+00 -8.160859999999999781e-01 4.436230000000000451e-01 -8.160859999999999781e-01 8.563949000000000922e+00
9.300000000000000711e+00 -7.801329999999999654e-01 4.238819999999999810e-01 -7.801329999999999654e-01 8.526540000000000674e+00
9.324999999999999289e+00 -7.457749999999999657e-01 4.050434500000000271e-01 -7.457749999999999657e-01 8.489960550000001049e+00
9.349999999999999645e+00 -7.129440000000000222e-01 3.870650500000000216e-01 -7.129440000000000222e-01 8.454186950000000422e+00
9.375000000000000000e+00 -6.815700000000000092e-01 3.699065500000000006e-01 -6.815700000000000092e-01 8.419185450000000515e+00
9.400000000000000355e+00 -6.515910000000000313e-01 3.535305499999999990e-01 -6.515910000000000313e-01 8.384915449999999382e+00
9.425000000000000711e+00 -6.229440000000000532e-01 3.379018999999999773e-01 -6.229440000000000532e-01 8.351348099999999164e+00
9.449999999999999289e+00 -5.955700000000000438e-01 3.229835000000000345e-01 -5.955700000000000438e-01 8.318462500000000759e+00
9.474999999999999645e+00 -5.694139999999999757e-01 3.087453000000000003e-01 -5.694139999999999757e-01 8.286234699999999620e+00
9.500000000000000000e+00 -5.444200000000000150e-01 2.951545500000000155e-01 -5.444200000000000150e-01 8.254617449999999579e+00
9.525000000000000355e+00 -5.205379999999999452e-01 2.821814500000000003e-01 -5.205379999999999452e-01 8.223606549999999515e+00
9.550000000000000711e+00 -4.977179999999999938e-01 2.697973499999999913e-01 -4.977179999999999938e-01 8.193168650000000497e+00
9.574999999999999289e+00 -4.759129999999999749e-01 2.579747499999999749e-01 -4.759129999999999749e-01 8.163271249999999313e+00
9.599999999999999645e+00 -4.550770000000000093e-01 2.466881499999999949e-01 -4.550770000000000093e-01 8.133913850000000778e+00
9.625000000000000000e+00 -4.351679999999999993e-01 2.359131500000000159e-01 -4.351679999999999993e-01 8.105056850000000424e+00
9.650000000000000355e+00 -4.161440000000000139e-01 2.256246000000000085e-01 -4.161440000000000139e-01 8.076689399999999353e+00
9.675000000000000711e+00 -3.979659999999999864e-01 2.158022500000000010e-01 -3.979659999999999864e-01 8.048795750000000027e+00
9.699999999999999289e+00 -3.805950000000000166e-01 2.064230000000000231e-01 -3.805950000000000166e-01 8.021347000000000449e+00
9.724999999999999645e+00 -3.639970000000000150e-01 1.974658999999999998e-01 -3.639970000000000150e-01 7.994326099999999435e+00
9.750000000000000000e+00 -3.481349999999999723e-01 1.889128999999999947e-01 -3.481349999999999723e-01 7.967729100000000564e+00
9.775000000000000355e+00 -3.329779999999999962e-01 1.807442500000000229e-01 -3.329779999999999962e-01 7.941529749999999943e+00
9.800000000000000711e+00 -3.184930000000000261e-01 1.729420999999999875e-01 -3.184930000000000261e-01 7.915723899999999702e+00
9.824999999999999289e+00 -3.046510000000000051e-01 1.654906999999999906e-01 -3.046510000000000051e-01 7.890279299999999552e+00
9.849999999999999645e+00 -2.914229999999999876e-01 1.583724999999999994e-01 -2.914229999999999876e-01 7.865201500000000401e+00
9.875000000000000000e+00 -2.787810000000000010e-01 1.515718000000000065e-01 -2.787810000000000010e-01 7.840458200000000488e+00
9.900000000000000355e+00 -2.666990000000000194e-01 1.450751500000000138e-01 -2.666990000000000194e-01 7.816058850000000113e+00
9.925000000000000711e+00 -2.551519999999999899e-01 1.388680500000000206e-01 -2.551519999999999899e-01 7.791971949999999758e+00
9.949999999999999289e+00 -2.441159999999999997e-01 1.329380500000000020e-01 -2.441159999999999997e-01 7.768197950000000240e+00
9.974999999999999645e+00 -2.335669999999999968e-01 1.272698999999999914e-01 -2.335669999999999968e-01 7.744724100000000000e+00
1.000000000000000000e+01 -2.234839999999999882e-01 1.218542000000000097e-01 -2.234839999999999882e-01 7.721533799999999559e+00
1.002500000000000036e+01 -2.138460000000000083e-01 1.166767999999999972e-01 -2.138460000000000083e-01 7.698625200000000390e+00
1.005000000000000071e+01 -2.046340000000000103e-01 1.117288000000000031e-01 -2.046340000000000103e-01 7.675982000000000305e+00
1.007499999999999929e+01 -1.958270000000000011e-01 1.069984999999999964e-01 -1.958270000000000011e-01 7.653604700000000705e+00
1.009999999999999964e+01 -1.874069999999999903e-01 1.024762999999999924e-01 -1.874069999999999903e-01 7.631475899999999868e+00
1.012500000000000000e+01 -1.793579999999999897e-01 9.815250000000000363e-02 -1.793579999999999897e-01 7.609597900000000692e+00
1.015000000000000036e+01 -1.716630000000000100e-01 9.401790000000000147e-02 -1.716630000000000100e-01 7.587943700000000291e+00
1.017500000000000071e+01 -1.643050000000000066e-01 9.006395000000000373e-02 -1.643050000000000066e-01 7.566526650000000132e+00
1.019999999999999929e+01 -1.572699999999999931e-01 8.628229999999999233e-02 -1.572699999999999931e-01 7.545320300000000202e+00
1.022499999999999964e+01 -1.505420000000000091e-01 8.266505000000000380e-02 -1.505420000000000091e-01 7.524338349999999842e+00
1.025000000000000000e+01 -1.441089999999999871e-01 7.920475000000000432e-02 -1.441089999999999871e-01 7.503565250000000297e+00
1.027500000000000036e+01 -1.379569999999999963e-01 7.589419999999999500e-02 -1.379569999999999963e-01 7.482985399999999565e+00
1.030000000000000071e+01 -1.320739999999999970e-01 7.272655000000000092e-02 -1.320739999999999970e-01 7.462603450000000471e+00
1.032499999999999929e+01 -1.264470000000000038e-01 6.969535000000000313e-02 -1.264470000000000038e-01 7.442414450000000237e+00
1.034999999999999964e+01 -1.210650000000000059e-01 6.679445000000000521e-02 -1.210650000000000059e-01 7.422413749999999588e+00
1.037500000000000000e+01 -1.159170000000000061e-01 6.401790000000000258e-02 -1.159170000000000061e-01 7.402586700000000519e+00
1.040000000000000036e+01 -1.109919999999999934e-01 6.136010000000000075e-02 -1.109919999999999934e-01 7.382939099999999755e+00
1.042500000000000071e+01 -1.062810000000000005e-01 5.881564999999999710e-02 -1.062810000000000005e-01 7.363456750000000106e+00
1.044999999999999929e+01 -1.017740000000000034e-01 5.637984999999999525e-02 -1.017740000000000034e-01 7.344146150000000262e+00
1.047499999999999964e+01 -9.746219999999999883e-02 5.404710000000000070e-02 -9.746219999999999883e-02 7.324992900000000695e+00
1.050000000000000000e+01 -9.333650000000000280e-02 5.181314999999999532e-02 -9.333650000000000280e-02 7.305993850000000123e+00
1.052500000000000036e+01 -8.938880000000000436e-02 4.967369999999999425e-02 -8.938880000000000436e-02 7.287155699999999570e+00
1.055000000000000071e+01 -8.561119999999999841e-02 4.762435000000000279e-02 -8.561119999999999841e-02 7.268465049999999650e+00
1.057499999999999929e+01 -8.199610000000000232e-02 4.566135000000000332e-02 -8.199610000000000232e-02 7.249909050000000299e+00
1.059999999999999964e+01 -7.853649999999999520e-02 4.378075000000000022e-02 -7.853649999999999520e-02 7.231504849999999429e+00
1.062500000000000000e+01 -7.522539999999999782e-02 4.197889999999999955e-02 -7.522539999999999782e-02 7.213239499999999360e+00
1.065000000000000036e+01 -7.205620000000000080e-02 4.025234999999999924e-02 -7.205620000000000080e-02 7.195110450000000490e+00
1.067500000000000071e+01 -6.902270000000000627e-02 3.859784999999999605e-02 -6.902270000000000627e-02 7.177115350000000227e+00
1.069999999999999929e+01 -6.611899999999999722e-02 3.701229999999999798e-02 -6.611899999999999722e-02 7.159251700000000440e+00
1.072499999999999964e+01 -6.333930000000000116e-02 3.549261000000000082e-02 -6.333930000000000116e-02 7.141507190000000449e+00
1.075000000000000000e+01 -6.067820000000000158e-02 3.403591499999999992e-02 -6.067820000000000158e-02 7.123889684999999972e+00
1.077500000000000036e+01 -5.813059999999999755e-02 3.263970000000000066e-02 -5.813059999999999755e-02 7.106397299999999362e+00
1.080000000000000071e+01 -5.569140000000000201e-02 3.130114500000000244e-02 -5.569140000000000201e-02 7.089027855000000322e+00
1.082499999999999929e+01 -5.335589999999999777e-02 3.001785000000000217e-02 -5.335589999999999777e-02 7.071769549999999960e+00
1.084999999999999964e+01 -5.111960000000000115e-02 2.878752500000000131e-02 -5.111960000000000115e-02 7.054620675000000674e+00
1.087500000000000000e+01 -4.897830000000000239e-02 2.760779000000000011e-02 -4.897830000000000239e-02 7.037589409999999823e+00
1.090000000000000036e+01 -4.692770000000000274e-02 2.647669499999999801e-02 -4.692770000000000274e-02 7.020674305000000004e+00
1.092500000000000071e+01 -4.496399999999999703e-02 2.539197500000000066e-02 -4.496399999999999703e-02 7.003853624999999639e+00
1.094999999999999929e+01 -4.308349999999999680e-02 2.435190000000000271e-02 -4.308349999999999680e-02 6.987146099999999471e+00
1.097499999999999964e+01 -4.128239999999999688e-02 2.335433499999999690e-02 -4.128239999999999688e-02 6.970550065000000295e+00
1.100000000000000000e+01 -3.955739999999999951e-02 2.239776500000000004e-02 -3.955739999999999951e-02 6.954044435000000135e+00
1.102500000000000036e+01 -3.790530000000000288e-02 2.148038000000000031e-02 -3.790530000000000288e-02 6.937647820000000465e+00
1.105000000000000071e+01 -3.632289999999999824e-02 2.060058000000000028e-02 -3.632289999999999824e-02 6.921349020000000074e+00
1.107499999999999929e+01 -3.480720000000000341e-02 1.975667500000000132e-02 -3.480720000000000341e-02 6.905146725000000707e+00
1.109999999999999964e+01 -3.335540000000000033e-02 1.894737999999999978e-02 -3.335540000000000033e-02 6.889040020000000375e+00
1.112500000000000000e+01 -3.196469999999999867e-02 1.817121999999999835e-02 -3.196469999999999867e-02 6.873027779999999254e+00
1.115000000000000036e+01 -3.063259999999999941e-02 1.742683000000000079e-02 -3.063259999999999941e-02 6.857108969999999637e+00
1.117500000000000071e+01 -2.935650000000000065e-02 1.671284500000000048e-02 -2.935650000000000065e-02 6.841282554999999377e+00
1.119999999999999929e+01 -2.813409999999999869e-02 1.602811999999999987e-02 -2.813409999999999869e-02 6.825537680000000051e+00
1.122499999999999964e+01 -2.696319999999999967e-02 1.537140000000000034e-02 -2.696319999999999967e-02 6.809893399999999986e+00
1.125000000000000000e+01 -2.584140000000000048e-02 1.474154999999999910e-02 -2.584140000000000048e-02 6.794328850000000308e+00
1.127500000000000036e+01 -2.476679999999999854e-02 1.413753000000000058e-02 -2.476679999999999854e-02 6.778853269999999931e+00
1.130000000000000071e+01 -2.373729999999999937e-02 1.355831000000000050e-02 -2.373729999999999937e-02 6.763455889999999471e+00
1.132499999999999929e+01 -2.275109999999999980e-02 1.300287000000000144e-02 -2.275109999999999980e-02 6.748145930000000625e+00
1.134999999999999964e+01 -2.180630000000000068e-02 1.247018499999999995e-02 -2.180630000000000068e-02 6.732922614999999666e+00
1.137500000000000000e+01 -2.090120000000000172e-02 1.195944500000000084e-02 -2.090120000000000172e-02 6.717775354999999671e+00
1.140000000000000036e+01 -2.003409999999999913e-02 1.146974499999999994e-02 -2.003409999999999913e-02 6.702713475000000365e+00
1.142500000000000071e+01 -1.920349999999999835e-02 1.100018499999999913e-02 -1.920349999999999835e-02 6.687726275000000165e+00
1.144999999999999929e+01 -1.840769999999999906e-02 1.054992999999999903e-02 -1.840769999999999906e-02 6.672813130000000648e+00
1.147499999999999964e+01 -1.764539999999999859e-02 1.011835500000000075e-02 -1.764539999999999859e-02 6.657983624999999961e+00
1.150000000000000000e+01 -1.691509999999999889e-02 9.704594999999999888e-03 -1.691509999999999889e-02 6.643227065000000486e+00
1.152500000000000036e+01 -1.621550000000000075e-02 9.307965000000001377e-03 -1.621550000000000075e-02 6.628552954999999969e+00
1.155000000000000071e+01 -1.554529999999999974e-02 8.927769999999999803e-03 -1.554529999999999974e-02 6.613950769999999757e+00
1.157499999999999929e+01 -1.490320000000000013e-02 8.563350000000000822e-03 -1.490320000000000013e-02 6.599410030000000482e+00
1.159999999999999964e+01 -1.428819999999999917e-02 8.214064999999999561e-03 -1.428819999999999917e-02 6.584950254999999864e+00
1.162500000000000000e+01 -1.369899999999999937e-02 7.879304999999999642e-03 -1.369899999999999937e-02 6.570570994999999748e+00
1.165000000000000036e+01 -1.313450000000000034e-02 7.558490000000000174e-03 -1.313450000000000034e-02 6.556251829999999892e+00
1.167500000000000071e+01 -1.259389999999999989e-02 7.251055000000000174e-03 -1.259389999999999989e-02 6.542002305000000462e+00
1.169999999999999929e+01 -1.207590000000000052e-02 6.956454999999999410e-03 -1.207590000000000052e-02 6.527822044999999740e+00
1.172499999999999964e+01 -1.157979999999999947e-02 6.674159999999999295e-03 -1.157979999999999947e-02 6.513720660000000606e+00
1.175000000000000000e+01 -1.110449999999999979e-02 6.403680000000000136e-03 -1.110449999999999979e-02 6.499677779999999849e+00
1.177500000000000036e+01 -1.064930000000000043e-02 6.144530000000000478e-03 -1.064930000000000043e-02 6.485703050000000580e+00
1.180000000000000071e+01 -1.021309999999999926e-02 5.896240000000000508e-03 -1.021309999999999926e-02 6.471786119999999976e+00
1.182499999999999929e+01 -9.795379999999999365e-03 5.658364999999999402e-03 -9.795379999999999365e-03 6.457946674999999637e+00
1.184999999999999964e+01 -9.395199999999999385e-03 5.430470000000000609e-03 -9.395199999999999385e-03 6.444174389999999697e+00
1.187500000000000000e+01 -9.011860000000000009e-03 5.212154999999999566e-03 -9.011860000000000009e-03 6.430458964999999694e+00
1.190000000000000036e+01 -8.644640000000000310e-03 5.003005000000000473e-03 -8.644640000000000310e-03 6.416810115000000536e+00
1.192500000000000071e+01 -8.292870000000000796e-03 4.802650000000000322e-03 -8.292870000000000796e-03 6.403217550000000813e+00
1.194999999999999929e+01 -7.955900000000000125e-03 4.610720000000000443e-03 -7.955900000000000125e-03 6.389691000000000010e+00
1.197499999999999964e+01 -7.633090000000000361e-03 4.426829999999999654e-03 -7.633090000000000361e-03 6.376230190000000242e+00
1.200000000000000000e+01 -7.323839999999999864e-03 4.250679999999999736e-03 -7.323839999999999864e-03 6.362824920000000439e+00
1.202500000000000036e+01 -7.027580000000000285e-03 4.081945000000000018e-03 -7.027580000000000285e-03 6.349484934999999552e+00
1.205000000000000071e+01 -6.743769999999999626e-03 3.920314999999999737e-03 -6.743769999999999626e-03 6.336200025000000124e+00
1.207499999999999929e+01 -6.471860000000000286e-03 3.765455000000000017e-03 -6.471860000000000286e-03 6.322979925000000279e+00
1.209999999999999964e+01 -6.211340000000000090e-03 3.617074999999999978e-03 -6.211340000000000090e-03 6.309814444999999772e+00
1.212500000000000000e+01 -5.961750000000000035e-03 3.474925000000000236e-03 -5.961750000000000035e-03 6.296713395000000268e+00
1.215000000000000036e+01 -5.722600000000000429e-03 3.338710500000000112e-03 -5.722600000000000429e-03 6.283666569500000243e+00
1.217500000000000071e+01 -5.493450000000000416e-03 3.208190000000000087e-03 -5.493450000000000416e-03 6.270673790000000025e+00
1.219999999999999929e+01 -5.273869999999999947e-03 3.083107500000000032e-03 -5.273869999999999947e-03 6.257734872500000378e+00
1.222499999999999964e+01 -5.063449999999999722e-03 2.963239500000000061e-03 -5.063449999999999722e-03 6.244859660499999521e+00
1.225000000000000000e+01 -4.861800000000000323e-03 2.848353500000000253e-03 -4.861800000000000323e-03 6.232037986499999960e+00
1.227500000000000036e+01 -4.668539999999999669e-03 2.738228000000000103e-03 -4.668539999999999669e-03 6.219269691999999239e+00
1.230000000000000071e+01 -4.483309999999999899e-03 2.632653500000000160e-03 -4.483309999999999899e-03 6.206554626500000005e+00
1.232499999999999929e+01 -4.305770000000000430e-03 2.531441499999999897e-03 -4.305770000000000430e-03 6.193902658499999880e+00
1.234999999999999964e+01 -4.135579999999999812e-03 2.434383500000000203e-03 -4.135579999999999812e-03 6.181293636500000410e+00
1.237500000000000000e+01 -3.972419999999999944e-03 2.341313999999999722e-03 -3.972419999999999944e-03 6.168747446000000245e+00
1.240000000000000036e+01 -3.815999999999999948e-03 2.252046499999999906e-03 -3.815999999999999948e-03 6.156253953499999376e+00
1.242500000000000071e+01 -3.666019999999999869e-03 2.166416999999999909e-03 -3.666019999999999869e-03 6.143803043000000130e+00
1.244999999999999929e+01 -3.522200000000000070e-03 2.084272500000000031e-03 -3.522200000000000070e-03 6.131414607500000002e+00
1.247499999999999964e+01 -3.384279999999999927e-03 2.005438999999999920e-03 -3.384279999999999927e-03 6.119068520999999983e+00
1.250000000000000000e+01 -3.252010000000000057e-03 1.929786499999999912e-03 -3.252010000000000057e-03 6.106784693499999861e+00
1.252500000000000036e+01 -3.125129999999999835e-03 1.857163000000000000e-03 -3.125129999999999835e-03 6.094543017000000340e+00
1.255000000000000071e+01 -3.003420000000000135e-03 1.787439499999999995e-03 -3.003420000000000135e-03 6.082353400499999729e+00
1.257499999999999929e+01 -2.886650000000000153e-03 1.720496499999999915e-03 -2.886650000000000153e-03 6.070225763499999871e+00
1.259999999999999964e+01 -2.774609999999999837e-03 1.656195999999999970e-03 -2.774609999999999837e-03 6.058130003999999680e+00
1.262500000000000000e+01 -2.667099999999999940e-03 1.594440999999999827e-03 -2.667099999999999940e-03 6.046096058999999912e+00
1.265000000000000036e+01 -2.563919999999999914e-03 1.535094500000000039e-03 -2.563919999999999914e-03 6.034103825499999907e+00
1.267500000000000071e+01 -2.464880000000000022e-03 1.478071000000000072e-03 -2.464880000000000022e-03 6.022163249000000107e+00
1.269999999999999929e+01 -2.369800000000000031e-03 1.423255000000000006e-03 -2.369800000000000031e-03 6.010274244999999738e+00
1.272499999999999964e+01 -2.278520000000000024e-03 1.370552000000000142e-03 -2.278520000000000024e-03 5.998426747999999975e+00
1.275000000000000000e+01 -2.190880000000000084e-03 1.319868500000000036e-03 -2.190880000000000084e-03 5.986640691499999889e+00
1.277500000000000036e+01 -2.106699999999999979e-03 1.271131999999999904e-03 -2.106699999999999979e-03 5.974886027999999349e+00
1.280000000000000071e+01 -2.025859999999999987e-03 1.224228500000000119e-03 -2.025859999999999987e-03 5.963182671500000254e+00
1.282499999999999929e+01 -1.948199999999999975e-03 1.179107500000000155e-03 -1.948199999999999975e-03 5.951530592500000161e+00
1.284999999999999964e+01 -1.873579999999999907e-03 1.135673499999999975e-03 -1.873579999999999907e-03 5.939919718499999668e+00
1.287500000000000000e+01 -1.801890000000000002e-03 1.093860000000000101e-03 -1.801890000000000002e-03 5.928360006000000126e+00
1.290000000000000036e+01 -1.732990000000000008e-03 1.053596499999999913e-03 -1.732990000000000008e-03 5.916841403500000318e+00
1.292500000000000071e+01 -1.666769999999999927e-03 1.014817000000000106e-03 -1.666769999999999927e-03 5.905373864999999611e+00
1.294999999999999929e+01 -1.603119999999999979e-03 9.774574999999998889e-04 -1.603119999999999979e-03 5.893947344499999907e+00
1.297499999999999964e+01 -1.541910000000000069e-03 9.414580000000000518e-04 -1.541910000000000069e-03 5.882571800000000017e+00
1.300000000000000000e+01 -1.483060000000000021e-03 9.067615000000000224e-04 -1.483060000000000021e-03 5.871237190499999592e+00
1.302500000000000036e+01 -1.426469999999999995e-03 8.733155000000000041e-04 -1.426469999999999995e-03 5.859943478499999969e+00
1.305000000000000071e+01 -1.372039999999999935e-03 8.410649999999999984e-04 -1.372039999999999935e-03 5.848690624999999699e+00
1.307499999999999929e+01 -1.319670000000000001e-03 8.099644999999999935e-04 -1.319670000000000001e-03 5.837488597500000154e+00
1.309999999999999964e+01 -1.269289999999999958e-03 7.799639999999999612e-04 -1.269289999999999958e-03 5.826327359999999622e+00
1.312500000000000000e+01 -1.220820000000000065e-03 7.510214999999999990e-04 -1.220820000000000065e-03 5.815206882500000063e+00
1.315000000000000036e+01 -1.174169999999999988e-03 7.230935000000000184e-04 -1.174169999999999988e-03 5.804137134500000350e+00
1.317500000000000071e+01 -1.129280000000000084e-03 6.961415000000000094e-04 -1.129280000000000084e-03 5.793108086500000198e+00
1.319999999999999929e+01 -1.086060000000000020e-03 6.701260000000000550e-04 -1.086060000000000020e-03 5.782119712000000078e+00
1.322499999999999964e+01 -1.044470000000000034e-03 6.450124999999999912e-04 -1.044470000000000034e-03 5.771171983499999492e+00
1.325000000000000000e+01 -1.004420000000000009e-03 6.207659999999999177e-04 -1.004420000000000009e-03 5.760264878000000088e+00
1.327500000000000036e+01 -9.658579999999999943e-04 5.973534999999999652e-04 -9.658579999999999943e-04 5.749398370500000688e+00
1.330000000000000071e+01 -9.287279999999999754e-04 5.747474999999999720e-04 -9.287279999999999754e-04 5.738582440500000104e+00
1.332499999999999929e+01 -8.929740000000000464e-04 5.529155000000000224e-04 -8.929740000000000464e-04 5.727797064499999813e+00
1.334999999999999964e+01 -8.585420000000000074e-04 5.318344999999999713e-04 -8.585420000000000074e-04 5.717052227499999972e+00
1.337500000000000000e+01 -8.253810000000000313e-04 5.114730000000000274e-04 -8.253810000000000313e-04 5.706357905000000841e+00
1.340000000000000036e+01 -7.934440000000000286e-04 4.918080000000000455e-04 -7.934440000000000286e-04 5.695694079999999992e+00
1.342500000000000071e+01 -7.626830000000000024e-04 4.728175000000000043e-04 -7.626830000000000024e-04 5.685080736499999787e+00
1.344999999999999929e+01 -7.330560000000000504e-04 4.544790000000000375e-04 -7.330560000000000504e-04 5.674497858999999700e+00
1.347499999999999964e+01 -7.045210000000000534e-04 4.367705000000000155e-04 -7.045210000000000534e-04 5.663955429499999639e+00
1.350000000000000000e+01 -6.770380000000000321e-04 4.196729999999999645e-04 -6.770380000000000321e-04 5.653463434999999926e+00
1.352500000000000036e+01 -6.505680000000000230e-04 4.031675000000000189e-04 -6.505680000000000230e-04 5.643001862499999355e+00
1.355000000000000071e+01 -6.250750000000000013e-04 3.872354999999999959e-04 -6.250750000000000013e-04 5.632580698499999983e+00
1.357499999999999929e+01 -6.005249999999999738e-04 3.718594999999999995e-04 -6.005249999999999738e-04 5.622189928500000100e+00
1.359999999999999964e+01 -5.768839999999999472e-04 3.570240000000000024e-04 -5.768839999999999472e-04 5.611849541999999857e+00
1.362500000000000000e+01 -5.541199999999999598e-04 3.427130000000000237e-04 -5.541199999999999598e-04 5.601539526999999907e+00
1.365000000000000036e+01 -5.322039999999999887e-04 3.289122000000000118e-04 -5.322039999999999887e-04 5.591269873799999957e+00
1.367500000000000071e+01 -5.111049999999999795e-04 3.156047000000000041e-04 -5.111049999999999795e-04 5.581040569299999810e+00
1.369999999999999929e+01 -4.907950000000000333e-04 3.027756500000000324e-04 -4.907950000000000333e-04 5.570851602350000320e+00
1.372499999999999964e+01 -4.712489999999999735e-04 2.904193499999999963e-04 -4.712489999999999735e-04 5.560692970649999900e+00
1.375000000000000000e+01 -4.524390000000000096e-04 2.785158999999999942e-04 -4.524390000000000096e-04 5.550574658099999503e+00
1.377500000000000036e+01 -4.343419999999999963e-04 2.670536500000000109e-04 -4.343419999999999963e-04 5.540496656350000215e+00
1.380000000000000071e+01 -4.169320000000000122e-04 2.560196000000000043e-04 -4.169320000000000122e-04 5.530448956399999894e+00
1.382499999999999929e+01 -4.001879999999999977e-04 2.454056999999999940e-04 -4.001879999999999977e-04 5.520441552300000332e+00
1.384999999999999964e+01 -3.840860000000000086e-04 2.351981000000000275e-04 -3.840860000000000086e-04 5.510474433899999802e+00
1.387500000000000000e+01 -3.686060000000000009e-04 2.253861499999999969e-04 -3.686060000000000009e-04 5.500537593849999851e+00
1.390000000000000036e+01 -3.537249999999999921e-04 2.159583499999999921e-04 -3.537249999999999921e-04 5.490631023649999776e+00
1.392500000000000071e+01 -3.394259999999999855e-04 2.069041000000000033e-04 -3.394259999999999855e-04 5.480774715899999983e+00
1.394999999999999929e+01 -3.256870000000000142e-04 1.982108999999999965e-04 -3.256870000000000142e-04 5.470948661100000443e+00
1.397499999999999964e+01 -3.124889999999999959e-04 1.898702500000000004e-04 -3.124889999999999959e-04 5.461152853750000702e+00
1.400000000000000000e+01 -2.998149999999999882e-04 1.818706499999999966e-04 -2.998149999999999882e-04 5.451397285349999677e+00
1.402500000000000036e+01 -2.876469999999999787e-04 1.742025999999999980e-04 -2.876469999999999787e-04 5.441671949400000763e+00
1.405000000000000071e+01 -2.759659999999999934e-04 1.668546999999999934e-04 -2.759659999999999934e-04 5.431986837300000204e+00
1.407499999999999929e+01 -2.647559999999999974e-04 1.598164499999999799e-04 -2.647559999999999974e-04 5.422331941550000423e+00
1.409999999999999964e+01 -2.540020000000000255e-04 1.530794000000000035e-04 -2.540020000000000255e-04 5.412717256599999693e+00
1.412500000000000000e+01 -2.436860000000000111e-04 1.466321499999999984e-04 -2.436860000000000111e-04 5.403132773850000348e+00
1.415000000000000036e+01 -2.337929999999999891e-04 1.404662499999999835e-04 -2.337929999999999891e-04 5.393578487750000150e+00
1.417500000000000071e+01 -2.243079999999999944e-04 1.345703000000000014e-04 -2.243079999999999944e-04 5.384064389699999786e+00
1.419999999999999929e+01 -2.152160000000000076e-04 1.289358999999999796e-04 -2.152160000000000076e-04 5.374580474100000060e+00
1.422499999999999964e+01 -2.065029999999999980e-04 1.235517000000000050e-04 -2.065029999999999980e-04 5.365126732299999368e+00
1.425000000000000000e+01 -1.981540000000000005e-04 1.184112999999999957e-04 -1.981540000000000005e-04 5.355713160699999698e+00
1.427500000000000036e+01 -1.901560000000000002e-04 1.135028500000000038e-04 -1.901560000000000002e-04 5.346329750150000670e+00
1.430000000000000071e+01 -1.824949999999999934e-04 1.088177000000000068e-04 -1.824949999999999934e-04 5.336976494700000018e+00
1.432499999999999929e+01 -1.751579999999999923e-04 1.043472499999999995e-04 -1.751579999999999923e-04 5.327663388149999513e+00
1.434999999999999964e+01 -1.681340000000000135e-04 1.000820499999999984e-04 -1.681340000000000135e-04 5.318380423750000752e+00
1.437500000000000000e+01 -1.614080000000000104e-04 9.601424999999999641e-05 -1.614080000000000104e-04 5.309127596149999739e+00
1.440000000000000036e+01 -1.549710000000000041e-04 9.213485000000000099e-05 -1.549710000000000041e-04 5.299904898949999499e+00
1.442500000000000071e+01 -1.488089999999999910e-04 8.843579999999999107e-05 -1.488089999999999910e-04 5.290722326400000064e+00
1.444999999999999929e+01 -1.429120000000000032e-04 8.490895000000000636e-05 -1.429120000000000032e-04 5.281559872649999932e+00
1.447499999999999964e+01 -1.372690000000000032e-04 8.154644999999999917e-05 -1.372690000000000032e-04 5.272437532349999678e+00
1.450000000000000000e+01 -1.318690000000000075e-04 7.834069999999999348e-05 -1.318690000000000075e-04 5.263345299899999219e+00
1.452500000000000036e+01 -1.267030000000000098e-04 7.528444999999999712e-05 -1.267030000000000098e-04 5.254283170349999921e+00
1.455000000000000071e+01 -1.217599999999999997e-04 7.237050000000000785e-05 -1.217599999999999997e-04 5.245261138700000103e+00
1.457499999999999929e+01 -1.170309999999999981e-04 6.959215000000000420e-05 -1.170309999999999981e-04 5.236259200050000118e+00
1.459999999999999964e+01 -1.125059999999999965e-04 6.694270000000000537e-05 -1.125059999999999965e-04 5.227287349900000102e+00
1.462500000000000000e+01 -1.081779999999999932e-04 6.441600000000000125e-05 -1.081779999999999932e-04 5.218355583800000197e+00
1.465000000000000036e+01 -1.040369999999999934e-04 6.200594999999999881e-05 -1.040369999999999934e-04 5.209443897649999933e+00
1.467500000000000071e+01 -1.000750000000000066e-04 5.970694999999999930e-05 -1.000750000000000066e-04 5.200572287449999997e+00
1.469999999999999929e+01 -9.628500000000000394e-05 5.751340000000000402e-05 -9.628500000000000394e-05 5.191720749399999946e+00
1.472499999999999964e+01 -9.265910000000000194e-05 5.542024999999999849e-05 -9.265910000000000194e-05 5.182909279950000503e+00
1.475000000000000000e+01 -8.919029999999999883e-05 5.342255000000000235e-05 -8.919029999999999883e-05 5.174117875650000364e+00
1.477500000000000036e+01 -8.587160000000000637e-05 5.151554999999999503e-05 -8.587160000000000637e-05 5.165366533450000297e+00
1.480000000000000071e+01 -8.269650000000000351e-05 4.969509999999999791e-05 -8.269650000000000351e-05 5.156635250299999917e+00
1.482499999999999929e+01 -7.965880000000000378e-05 4.795680000000000136e-05 -7.965880000000000378e-05 5.147944023400000013e+00
1.484999999999999964e+01 -7.675249999999999401e-05 4.629695000000000403e-05 -7.675249999999999401e-05 5.139272850050000230e+00
1.487500000000000000e+01 -7.397200000000000259e-05 4.471180000000000109e-05 -7.397200000000000259e-05 5.130631728000000003e+00
1.490000000000000036e+01 -7.131170000000000369e-05 4.319794999999999863e-05 -7.131170000000000369e-05 5.122030654649999626e+00
1.492500000000000071e+01 -6.876639999999999944e-05 4.175209999999999620e-05 -6.876639999999999944e-05 5.113449628099999700e+00
1.494999999999999929e+01 -6.633139999999999989e-05 4.037119999999999728e-05 -6.633139999999999989e-05 5.104898646199999668e+00
1.497499999999999964e+01 -6.400169999999999406e-05 3.905249999999999921e-05 -6.400169999999999406e-05 5.096367707099999755e+00
1.500000000000000000e+01 -6.177289999999999940e-05 3.779314999999999915e-05 -6.177289999999999940e-05 5.087876809050000837e+00
1.502500000000000036e+01 -5.964079999999999994e-05 3.659080000000000210e-05 -5.964079999999999994e-05 5.079405950399999981e+00
1.505000000000000071e+01 -5.760109999999999981e-05 3.544299999999999930e-05 -5.760109999999999981e-05 5.070975129599999853e+00
1.507499999999999929e+01 -5.564999999999999743e-05 3.434724999999999882e-05 -5.564999999999999743e-05 5.062564345150000200e+00
1.509999999999999964e+01 -5.378369999999999803e-05 3.330172000000000140e-05 -5.378369999999999803e-05 5.054173595880000036e+00
1.512500000000000000e+01 -5.199840000000000007e-05 3.230378999999999992e-05 -5.199840000000000007e-05 5.045822879810000217e+00
1.515000000000000036e+01 -5.029090000000000329e-05 3.135206499999999846e-05 -5.029090000000000329e-05 5.037492196335000116e+00
1.517500000000000071e+01 -4.865770000000000002e-05 3.044439999999999942e-05 -4.865770000000000002e-05 5.029201544000000190e+00
1.519999999999999929e+01 -4.709559999999999680e-05 2.957887000000000027e-05 -4.709559999999999680e-05 5.020920921530000136e+00
1.522499999999999964e+01 -4.560150000000000038e-05 2.875384999999999915e-05 -4.560150000000000038e-05 5.012680327950000070e+00
1.525000000000000000e+01 -4.417229999999999719e-05 2.796732999999999774e-05 -4.417229999999999719e-05 5.004459761869999745e+00
1.527500000000000036e+01 -4.280530000000000164e-05 2.721780500000000257e-05 -4.280530000000000164e-05 4.996269222395000043e+00
1.530000000000000071e+01 -4.149750000000000037e-05 2.650347999999999989e-05 -4.149750000000000037e-05 4.988108708319999529e+00
1.532499999999999929e+01 -4.024620000000000102e-05 2.582267000000000056e-05 -4.024620000000000102e-05 4.979968218529999824e+00
1.534999999999999964e+01 -3.904879999999999788e-05 2.517368500000000155e-05 -3.904879999999999788e-05 4.971857751915000456e+00
1.537500000000000000e+01 -3.790259999999999859e-05 2.455496500000000216e-05 -3.790259999999999859e-05 4.963777307434999564e+00
1.540000000000000036e+01 -3.680519999999999788e-05 2.396462499999999927e-05 -3.680519999999999788e-05 4.955716883775000525e+00
1.542500000000000071e+01 -3.575399999999999683e-05 2.340119999999999882e-05 -3.575399999999999683e-05 4.947686479999999776e+00
1.544999999999999929e+01 -3.474679999999999739e-05 2.286293500000000000e-05 -3.474679999999999739e-05 4.939676094864999811e+00
1.547499999999999964e+01 -3.378110000000000086e-05 2.234826999999999872e-05 -3.378110000000000086e-05 4.931695727330000167e+00
1.550000000000000000e+01 -3.285470000000000241e-05 2.185545999999999827e-05 -3.285470000000000241e-05 4.923745376140000296e+00
1.552500000000000036e+01 -3.196539999999999722e-05 2.138295999999999898e-05 -3.196539999999999722e-05 4.915815040240000044e+00
1.555000000000000071e+01 -3.111100000000000080e-05 2.092913000000000133e-05 -3.111100000000000080e-05 4.907904718470000205e+00
1.557499999999999929e+01 -3.028949999999999858e-05 2.049223999999999948e-05 -3.028949999999999858e-05 4.900034409559999915e+00
1.559999999999999964e+01 -2.949869999999999931e-05 2.007096500000000240e-05 -2.949869999999999931e-05 4.892174112634999794e+00
1.562500000000000000e+01 -2.873679999999999903e-05 1.966349499999999866e-05 -2.873679999999999903e-05 4.884353826304999480e+00
1.565000000000000036e+01 -2.800180000000000014e-05 1.926841000000000073e-05 -2.800180000000000014e-05 4.876543549590000026e+00
1.567500000000000071e+01 -2.729199999999999890e-05 1.888421500000000229e-05 -2.729199999999999890e-05 4.868773281384999763e+00
1.569999999999999929e+01 -2.660550000000000133e-05 1.850942999999999805e-05 -2.660550000000000133e-05 4.861013020569999732e+00
1.572499999999999964e+01 -2.594080000000000073e-05 1.814275999999999907e-05 -2.594080000000000073e-05 4.853282766240000434e+00
1.575000000000000000e+01 -2.529609999999999994e-05 1.778284999999999865e-05 -2.529609999999999994e-05 4.845582517350000451e+00
1.577500000000000036e+01 -2.467009999999999949e-05 1.742833499999999955e-05 -2.467009999999999949e-05 4.837902272864999631e+00
1.580000000000000071e+01 -2.406129999999999950e-05 1.707818000000000053e-05 -2.406129999999999950e-05 4.830252032019999753e+00
1.582499999999999929e+01 -2.346840000000000048e-05 1.673125000000000011e-05 -2.346840000000000048e-05 4.822621793949999791e+00
1.584999999999999964e+01 -2.289009999999999960e-05 1.638652999999999844e-05 -2.289009999999999960e-05 4.815011557870000125e+00
1.587500000000000000e+01 -2.232530000000000121e-05 1.604302500000000044e-05 -2.232530000000000121e-05 4.807431322974999865e+00
1.590000000000000036e+01 -2.177299999999999974e-05 1.569994499999999830e-05 -2.177299999999999974e-05 4.799871088655000229e+00
1.592500000000000071e+01 -2.123219999999999977e-05 1.535671999999999957e-05 -2.123219999999999977e-05 4.792330854480000291e+00
1.594999999999999929e+01 -2.070219999999999976e-05 1.501259499999999886e-05 -2.070219999999999976e-05 4.784820619805000064e+00
1.597499999999999964e+01 -2.018220000000000135e-05 1.466713499999999963e-05 -2.018220000000000135e-05 4.777330384264999452e+00
1.600000000000000000e+01 -1.967159999999999983e-05 1.432002500000000017e-05 -1.967159999999999983e-05 4.769870147575000274e+00
1.602499999999999858e+01 -1.916980000000000067e-05 1.397093999999999977e-05 -1.916980000000000067e-05 4.762429909459999777e+00
1.605000000000000071e+01 -1.867649999999999982e-05 1.361980000000000130e-05 -1.867649999999999982e-05 4.755009669799999728e+00
1.607499999999999929e+01 -1.819150000000000023e-05 1.326653499999999986e-05 -1.819150000000000023e-05 4.747609428465000114e+00
1.610000000000000142e+01 -1.771440000000000102e-05 1.291128500000000017e-05 -1.771440000000000102e-05 4.740239185515000564e+00
1.612500000000000000e+01 -1.724519999999999881e-05 1.255431000000000008e-05 -1.724519999999999881e-05 4.732888941089999690e+00
1.614999999999999858e+01 -1.678400000000000058e-05 1.219588500000000021e-05 -1.678400000000000058e-05 4.725568695314999346e+00
1.617500000000000071e+01 -1.633069999999999935e-05 1.183639000000000002e-05 -1.633069999999999935e-05 4.718258448410000305e+00
1.619999999999999929e+01 -1.588569999999999937e-05 1.147656500000000046e-05 -1.588569999999999937e-05 4.710978200895000079e+00
1.622500000000000142e+01 -1.544920000000000109e-05 1.111696499999999970e-05 -1.544920000000000109e-05 4.703717953115000405e+00
1.625000000000000000e+01 -1.502160000000000031e-05 1.075837500000000014e-05 -1.502160000000000031e-05 4.696487705585000505e+00
1.627499999999999858e+01 -1.460319999999999937e-05 1.040162500000000055e-05 -1.460319999999999937e-05 4.689267458875000294e+00
1.630000000000000071e+01 -1.419469999999999981e-05 1.004766999999999997e-05 -1.419469999999999981e-05 4.682077213650000402e+00
1.632499999999999929e+01 -1.379669999999999955e-05 9.697494999999999553e-06 -1.379669999999999955e-05 4.674906970584999932e+00
1.635000000000000142e+01 -1.340959999999999948e-05 9.352194999999999657e-06 -1.340959999999999948e-05 4.667756730445000279e+00
1.637500000000000000e+01 -1.303429999999999987e-05 9.012884999999998666e-06 -1.303429999999999987e-05 4.660636494015000686e+00
1.639999999999999858e+01 -1.267150000000000057e-05 8.680760000000000554e-06 -1.267150000000000057e-05 4.653526262140000647e+00
1.642500000000000071e+01 -1.232189999999999971e-05 8.357030000000000182e-06 -1.232189999999999971e-05 4.646446035690000365e+00
1.644999999999999929e+01 -1.198630000000000076e-05 8.042939999999999942e-06 -1.198630000000000076e-05 4.639385815539999847e+00
1.647500000000000142e+01 -1.166560000000000059e-05 7.739774999999999940e-06 -1.166560000000000059e-05 4.632345602625000502e+00
1.650000000000000000e+01 -1.136059999999999928e-05 7.448800000000000579e-06 -1.136059999999999928e-05 4.625325397860000187e+00
1.652499999999999858e+01 -1.107210000000000026e-05 7.171289999999999571e-06 -1.107210000000000026e-05 4.618325202169999422e+00
1.655000000000000071e+01 -1.080090000000000021e-05 6.908515000000000211e-06 -1.080090000000000021e-05 4.611345016465000057e+00
1.657499999999999929e+01 -1.054779999999999920e-05 6.661714999999999457e-06 -1.054779999999999920e-05 4.604394841665000015e+00
1.660000000000000142e+01 -1.031369999999999919e-05 6.432110000000000492e-06 -1.031369999999999919e-05 4.597454678670000128e+00
1.662500000000000000e+01 -1.009930000000000002e-05 6.220865000000000112e-06 -1.009930000000000002e-05 4.590544528335000152e+00
1.664999999999999858e+01 -9.905360000000000653e-06 6.029089999999999733e-06 -9.905360000000000653e-06 4.583654391489999647e+00
1.667500000000000071e+01 -9.732539999999999825e-06 5.857880000000000571e-06 -9.732539999999999825e-06 4.576784268940000011e+00
1.669999999999999929e+01 -9.581479999999999953e-06 5.708259999999999791e-06 -9.581479999999999953e-06 4.569924161459999468e+00
1.672500000000000142e+01 -9.452789999999999666e-06 5.580999999999999590e-06 -9.452789999999999666e-06 4.563094069639999972e+00
1.675000000000000000e+01 -9.346989999999999764e-06 5.477109999999999471e-06 -9.346989999999999764e-06 4.556283994250000191e+00
1.677499999999999858e+01 -9.264549999999999245e-06 5.397264999999999222e-06 -9.264549999999999245e-06 4.549493935794999722e+00
1.680000000000000071e+01 -9.205840000000000277e-06 5.342140000000000321e-06 -9.205840000000000277e-06 4.542723894819999941e+00
1.682499999999999929e+01 -9.171129999999999723e-06 5.312294999999999593e-06 -9.171129999999999723e-06 4.535973871764999998e+00
1.685000000000000142e+01 -9.160800000000000450e-06 5.308185000000000068e-06 -9.160800000000000450e-06 4.529243866994999479e+00
1.687500000000000000e+01 -9.174909999999999880e-06 5.330154999999999622e-06 -9.174909999999999880e-06 4.522533880804999740e+00
1.689999999999999858e+01 -9.213540000000000220e-06 5.378454999999999651e-06 -9.213540000000000220e-06 4.515843913424999911e+00
1.692500000000000071e+01 -9.276680000000000771e-06 5.453210000000000429e-06 -9.276680000000000771e-06 4.509173964990000449e+00
1.694999999999999929e+01 -9.364240000000000319e-06 5.554430000000000113e-06 -9.364240000000000319e-06 4.502524035549999581e+00
1.697500000000000142e+01 -9.476020000000000119e-06 5.682005000000000328e-06 -9.476020000000000119e-06 4.495894125074999970e+00
1.700000000000000000e+01 -9.611710000000000509e-06 5.835734999999999786e-06 -9.611710000000000509e-06 4.489284233464999829e+00
1.702499999999999858e+01 -9.771000000000000131e-06 6.015274999999999764e-06 -9.771000000000000131e-06 4.482694360524999588e+00
1.705000000000000071e+01 -9.953409999999999287e-06 6.220199999999999331e-06 -9.953409999999999287e-06 4.476114505980000047e+00
1.707499999999999929e+01 -1.015839999999999917e-05 6.449924999999999914e-06 -1.015839999999999917e-05 4.469564669455000860e+00
1.710000000000000142e+01 -1.038530000000000033e-05 6.703834999999999996e-06 -1.038530000000000033e-05 4.463034850565000156e+00
1.712500000000000000e+01 -1.063340000000000055e-05 6.981144999999999717e-06 -1.063340000000000055e-05 4.456515048774999599e+00
1.714999999999999858e+01 -1.090199999999999997e-05 7.280994999999999904e-06 -1.090199999999999997e-05 4.450015263504999652e+00
1.717500000000000071e+01 -1.119020000000000003e-05 7.602419999999999965e-06 -1.119020000000000003e-05 4.443545494099999438e+00
1.719999999999999929e+01 -1.149700000000000021e-05 7.944374999999999641e-06 -1.149700000000000021e-05 4.437085739845000099e+00
1.722500000000000142e+01 -1.182140000000000001e-05 8.305740000000000204e-06 -1.182140000000000001e-05 4.430645999960000303e+00
1.725000000000000000e+01 -1.216240000000000065e-05 8.685279999999999962e-06 -1.216240000000000065e-05 4.424226273600000425e+00
1.727499999999999858e+01 -1.251869999999999925e-05 9.081730000000000206e-06 -1.251869999999999925e-05 4.417816559870000326e+00
1.730000000000000071e+01 -1.288940000000000063e-05 9.493745000000000021e-06 -1.288940000000000063e-05 4.411436857835000502e+00
1.732499999999999929e+01 -1.327299999999999980e-05 9.919915000000000720e-06 -1.327299999999999980e-05 4.405067166504999854e+00
1.735000000000000142e+01 -1.366829999999999922e-05 1.035876500000000076e-05 -1.366829999999999922e-05 4.398727484834999757e+00
1.737500000000000000e+01 -1.407409999999999964e-05 1.080882000000000030e-05 -1.407409999999999964e-05 4.392397811779999550e+00
1.739999999999999858e+01 -1.448889999999999946e-05 1.126852500000000067e-05 -1.448889999999999946e-05 4.386088146235000096e+00
1.742500000000000071e+01 -1.491139999999999923e-05 1.173631500000000081e-05 -1.491139999999999923e-05 4.379788487085000348e+00
1.744999999999999929e+01 -1.534019999999999926e-05 1.221059999999999961e-05 -1.534019999999999926e-05 4.373518833199999456e+00
1.747500000000000142e+01 -1.577380000000000134e-05 1.268978000000000033e-05 -1.577380000000000134e-05 4.367259183419999857e+00
1.750000000000000000e+01 -1.621100000000000115e-05 1.317222499999999906e-05 -1.621100000000000115e-05 4.361019536575000188e+00
1.752499999999999858e+01 -1.665009999999999835e-05 1.365640999999999924e-05 -1.665009999999999835e-05 4.354799891590000804e+00
1.755000000000000071e+01 -1.708990000000000048e-05 1.414061000000000046e-05 -1.708990000000000048e-05 4.348600247189999379e+00
1.757499999999999929e+01 -1.752900000000000107e-05 1.462331000000000010e-05 -1.752900000000000107e-05 4.342410602289999311e+00
1.760000000000000142e+01 -1.796580000000000000e-05 1.510289500000000035e-05 -1.796580000000000000e-05 4.336250955705000187e+00
1.762500000000000000e+01 -1.839920000000000165e-05 1.557795999999999950e-05 -1.839920000000000165e-05 4.330091306439999954e+00
1.764999999999999858e+01 -1.882759999999999911e-05 1.604678999999999955e-05 -1.882759999999999911e-05 4.323961653209999589e+00
1.767500000000000071e+01 -1.924979999999999991e-05 1.650809999999999870e-05 -1.924979999999999991e-05 4.317851995100000728e+00
1.769999999999999929e+01 -1.966460000000000143e-05 1.696040000000000113e-05 -1.966460000000000143e-05 4.311752331000000105e+00
1.772500000000000142e+01 -2.007060000000000059e-05 1.740230500000000143e-05 -2.007060000000000059e-05 4.305672659894999477e+00
1.775000000000000000e+01 -2.046669999999999837e-05 1.783244499999999864e-05 -2.046669999999999837e-05 4.299602980755000026e+00
1.777499999999999858e+01 -2.085169999999999892e-05 1.824976500000000026e-05 -2.085169999999999892e-05 4.293553292834999979e+00
1.780000000000000071e+01 -2.122449999999999982e-05 1.865290499999999925e-05 -2.122449999999999982e-05 4.287523595095000140e+00
1.782499999999999929e+01 -2.158409999999999889e-05 1.904077000000000032e-05 -2.158409999999999889e-05 4.281513886629999988e+00
1.785000000000000142e+01 -2.192940000000000048e-05 1.941230000000000047e-05 -2.192940000000000048e-05 4.275514166899999857e+00
1.787500000000000000e+01 -2.225959999999999945e-05 1.976650500000000160e-05 -2.225959999999999945e-05 4.269534434895000174e+00
1.789999999999999858e+01 -2.257380000000000061e-05 2.010263499999999866e-05 -2.257380000000000061e-05 4.263574690165000014e+00
1.792500000000000071e+01 -2.287109999999999859e-05 2.041968500000000268e-05 -2.287109999999999859e-05 4.257624931914999244e+00
1.794999999999999929e+01 -2.315089999999999886e-05 2.071686499999999905e-05 -2.315089999999999886e-05 4.251695159535000101e+00
1.797500000000000142e+01 -2.341239999999999966e-05 2.099380999999999950e-05 -2.341239999999999966e-05 4.245785372790000345e+00
1.800000000000000000e+01 -2.365499999999999968e-05 2.124955499999999750e-05 -2.365499999999999968e-05 4.239885570844999840e+00
1.802499999999999858e+01 -2.387820000000000120e-05 2.148344000000000111e-05 -2.387820000000000120e-05 4.234005753159999941e+00
1.805000000000000071e+01 -2.408159999999999996e-05 2.169553499999999827e-05 -2.408159999999999996e-05 4.228145919864999769e+00
1.807499999999999929e+01 -2.426460000000000143e-05 2.188530499999999900e-05 -2.426460000000000143e-05 4.222296070494999221e+00
1.810000000000000142e+01 -2.442699999999999838e-05 2.205242999999999784e-05 -2.442699999999999838e-05 4.216466204769999671e+00
1.812500000000000000e+01 -2.456860000000000055e-05 2.219681000000000136e-05 -2.456860000000000055e-05 4.210646322589999713e+00
1.814999999999999858e+01 -2.468930000000000094e-05 2.231813500000000142e-05 -2.468930000000000094e-05 4.204846423665000721e+00
1.817500000000000071e+01 -2.478850000000000161e-05 2.241652500000000303e-05 -2.478850000000000161e-05 4.199066508075000037e+00
1.819999999999999929e+01 -2.486639999999999963e-05 2.249190500000000095e-05 -2.486639999999999963e-05 4.193296575694999362e+00
1.822500000000000142e+01 -2.492309999999999860e-05 2.254440000000000052e-05 -2.492309999999999860e-05 4.187546626599999655e+00
1.825000000000000000e+01 -2.495840000000000146e-05 2.257425499999999856e-05 -2.495840000000000146e-05 4.181806660944999976e+00
1.827499999999999858e+01 -2.497259999999999872e-05 2.258151500000000160e-05 -2.497259999999999872e-05 4.176086678685000386e+00
1.830000000000000071e+01 -2.496590000000000097e-05 2.256663499999999743e-05 -2.496590000000000097e-05 4.170386680165000470e+00
1.832499999999999929e+01 -2.493830000000000143e-05 2.252988000000000121e-05 -2.493830000000000143e-05 4.164696665519999286e+00
1.835000000000000142e+01 -2.489030000000000121e-05 2.247163000000000223e-05 -2.489030000000000121e-05 4.159026634970000025e+00
1.837500000000000000e+01 -2.482210000000000075e-05 2.239244999999999937e-05 -2.482210000000000075e-05 4.153366588949999993e+00
1.839999999999999858e+01 -2.473410000000000091e-05 2.229272499999999924e-05 -2.473410000000000091e-05 4.147716527675000542e+00
1.842500000000000071e+01 -2.462659999999999898e-05 2.217305000000000279e-05 -2.462659999999999898e-05 4.142096451549999614e+00
1.844999999999999929e+01 -2.450029999999999987e-05 2.203392000000000062e-05 -2.450029999999999987e-05 4.136476360879999703e+00
1.847500000000000142e+01 -2.435550000000000085e-05 2.187612500000000055e-05 -2.435550000000000085e-05 4.130886256274999724e+00
1.850000000000000000e+01 -2.419269999999999963e-05 2.170027000000000086e-05 -2.419269999999999963e-05 4.125296138130000401e+00
1.852499999999999858e+01 -2.401260000000000113e-05 2.150694999999999913e-05 -2.401260000000000113e-05 4.119736006850000187e+00
1.855000000000000071e+01 -2.381569999999999968e-05 2.129699500000000259e-05 -2.381569999999999968e-05 4.114175863005000267e+00
1.857499999999999929e+01 -2.360270000000000019e-05 2.107110999999999959e-05 -2.360270000000000019e-05 4.108645707089999988e+00
1.860000000000000142e+01 -2.337410000000000038e-05 2.083019999999999921e-05 -2.337410000000000038e-05 4.103115539800000100e+00
1.862500000000000000e+01 -2.313069999999999861e-05 2.057478500000000057e-05 -2.313069999999999861e-05 4.097615361414999491e+00
1.864999999999999858e+01 -2.287309999999999959e-05 2.030587000000000283e-05 -2.287309999999999959e-05 4.092115172730000694e+00
1.867500000000000071e+01 -2.260190000000000124e-05 2.002407999999999887e-05 -2.260190000000000124e-05 4.086644974120000384e+00
1.869999999999999929e+01 -2.231799999999999876e-05 1.973042499999999838e-05 -2.231799999999999876e-05 4.081174766374999763e+00
1.872500000000000142e+01 -2.202200000000000023e-05 1.942552000000000032e-05 -2.202200000000000023e-05 4.075724549880000325e+00
1.875000000000000000e+01 -2.171460000000000043e-05 1.911037500000000082e-05 -2.171460000000000043e-05 4.070294325425000359e+00
1.877499999999999858e+01 -2.139660000000000111e-05 1.878561499999999954e-05 -2.139660000000000111e-05 4.064874093385000720e+00
1.880000000000000071e+01 -2.106870000000000040e-05 1.845213500000000151e-05 -2.106870000000000040e-05 4.059463854465000132e+00
1.882499999999999929e+01 -2.073159999999999985e-05 1.811085499999999992e-05 -2.073159999999999985e-05 4.054073609345000051e+00
1.885000000000000142e+01 -2.038600000000000099e-05 1.776237999999999984e-05 -2.038600000000000099e-05 4.048703358420000065e+00
1.887500000000000000e+01 -2.003259999999999858e-05 1.740751499999999998e-05 -2.003259999999999858e-05 4.043333102284999647e+00
1.889999999999999858e+01 -1.967220000000000115e-05 1.704715999999999892e-05 -1.967220000000000115e-05 4.037992841640000385e+00
1.892500000000000071e+01 -1.930550000000000007e-05 1.668191499999999798e-05 -1.930550000000000007e-05 4.032652576884999895e+00
1.894999999999999929e+01 -1.893299999999999982e-05 1.631257999999999892e-05 -1.893299999999999982e-05 4.027332308619999246e+00
1.897500000000000142e+01 -1.855559999999999900e-05 1.593993500000000208e-05 -1.855559999999999900e-05 4.022032037465000265e+00
1.900000000000000000e+01 -1.817389999999999891e-05 1.556451000000000050e-05 -1.817389999999999891e-05 4.016731763690000179e+00
1.902499999999999858e+01 -1.778840000000000065e-05 1.518712500000000073e-05 -1.778840000000000065e-05 4.011461488074999693e+00
1.905000000000000071e+01 -1.739989999999999921e-05 1.480830999999999917e-05 -1.739989999999999921e-05 4.006191210889999965e+00
1.907499999999999929e+01 -1.700899999999999927e-05 1.442872500000000135e-05 -1.700899999999999927e-05 4.000940932675000283e+00
1.910000000000000142e+01 -1.661609999999999834e-05 1.404905500000000097e-05 -1.661609999999999834e-05 3.995700653945000180e+00
1.912500000000000000e+01 -1.622200000000000156e-05 1.366965999999999949e-05 -1.622200000000000156e-05 3.990480374940000186e+00
1.914999999999999858e+01 -1.582709999999999963e-05 1.329130999999999997e-05 -1.582709999999999963e-05 3.985270096289999842e+00
1.917500000000000071e+01 -1.543200000000000065e-05 1.291426500000000027e-05 -1.543200000000000065e-05 3.980069818135000048e+00
1.919999999999999929e+01 -1.503720000000000063e-05 1.253917999999999876e-05 -1.503720000000000063e-05 3.974889541020000028e+00
1.922500000000000142e+01 -1.464310000000000046e-05 1.216662000000000109e-05 -1.464310000000000046e-05 3.969719265380000195e+00
1.925000000000000000e+01 -1.425009999999999931e-05 1.179662000000000124e-05 -1.425009999999999931e-05 3.964568991180000168e+00
1.927499999999999858e+01 -1.385880000000000019e-05 1.142982999999999895e-05 -1.385880000000000019e-05 3.959428718970000372e+00
1.930000000000000071e+01 -1.346960000000000060e-05 1.106652999999999855e-05 -1.346960000000000060e-05 3.954298448949999933e+00
1.932499999999999929e+01 -1.308269999999999927e-05 1.070706500000000046e-05 -1.308269999999999927e-05 3.949178181395000209e+00
1.935000000000000142e+01 -1.269850000000000048e-05 1.035169499999999915e-05 -1.269850000000000048e-05 3.944077916504999948e+00
1.937500000000000000e+01 -1.231750000000000023e-05 1.000070000000000066e-05 -1.231750000000000023e-05 3.938987654499999991e+00
1.939999999999999858e+01 -1.193980000000000044e-05 9.654284999999998996e-06 -1.193980000000000044e-05 3.933907395534999907e+00
1.942500000000000071e+01 -1.156570000000000007e-05 9.312634999999998633e-06 -1.156570000000000007e-05 3.928847139765000218e+00
1.944999999999999929e+01 -1.119549999999999979e-05 8.975919999999999605e-06 -1.119549999999999979e-05 3.923796887319999982e+00
1.947500000000000142e+01 -1.082940000000000003e-05 8.644240000000000436e-06 -1.082940000000000003e-05 3.918756638280000093e+00
1.950000000000000000e+01 -1.046759999999999953e-05 8.317705000000000351e-06 -1.046759999999999953e-05 3.913736392755000182e+00
1.952499999999999858e+01 -1.011020000000000020e-05 7.996344999999999755e-06 -1.011020000000000020e-05 3.908726150755000184e+00
1.955000000000000071e+01 -9.757479999999999623e-06 7.680185000000000397e-06 -9.757479999999999623e-06 3.903725912314999658e+00
1.957499999999999929e+01 -9.409459999999999184e-06 7.369220000000000233e-06 -9.409459999999999184e-06 3.898745677440000001e+00
1.960000000000000142e+01 -9.066260000000000505e-06 7.063374999999999945e-06 -9.066260000000000505e-06 3.893765446064999747e+00
1.962500000000000000e+01 -8.727950000000000012e-06 6.762569999999999866e-06 -8.727950000000000012e-06 3.888805218149999909e+00
1.964999999999999858e+01 -8.394559999999999804e-06 6.466685000000000072e-06 -8.394559999999999804e-06 3.883854993594999971e+00
1.967500000000000071e+01 -8.066129999999999291e-06 6.175559999999999535e-06 -8.066129999999999291e-06 3.878924772299999990e+00
1.969999999999999929e+01 -7.742649999999999468e-06 5.888945000000000247e-06 -7.742649999999999468e-06 3.874004554055000327e+00
1.972500000000000142e+01 -7.424089999999999929e-06 5.606624999999999874e-06 -7.424089999999999929e-06 3.869094338715000081e+00
1.975000000000000000e+01 -7.110410000000000418e-06 5.328299999999999451e-06 -7.110410000000000418e-06 3.864194126039999677e+00
1.977499999999999858e+01 -6.801540000000000274e-06 5.053635000000000108e-06 -6.801540000000000274e-06 3.859303915784999983e+00
1.980000000000000071e+01 -6.497370000000000271e-06 4.782255000000000175e-06 -6.497370000000000271e-06 3.854433707644999707e+00
1.982499999999999929e+01 -6.197790000000000337e-06 4.513730000000000066e-06 -6.197790000000000337e-06 3.849573501290000088e+00
1.985000000000000142e+01 -5.902679999999999701e-06 4.247557500000000201e-06 -5.902679999999999701e-06 3.844723296342499985e+00
1.987500000000000000e+01 -5.611860000000000172e-06 3.983216499999999542e-06 -5.611860000000000172e-06 3.839893092383499962e+00
1.989999999999999858e+01 -5.325160000000000020e-06 3.720090000000000325e-06 -5.325160000000000020e-06 3.835062888930000025e+00
1.992500000000000071e+01 -5.042369999999999802e-06 3.457538999999999949e-06 -5.042369999999999802e-06 3.830252685480999730e+00
1.994999999999999929e+01 -4.763260000000000368e-06 3.194771500000000266e-06 -4.763260000000000368e-06 3.825452481408500027e+00
1.997500000000000142e+01 -4.487659999999999992e-06 2.931194499999999943e-06 -4.487659999999999992e-06 3.820662276245500255e+00
2.000000000000000000e+01 -4.215050000000000411e-06 2.665337500000000212e-06 -4.215050000000000411e-06 3.815892068822499983e+00
