# raxis[fm], SN, VN, SP, VP [MeV]
0.000000000000000000e+00 -3.944759999999999991e+02 3.267270500000000197e+02 -3.944759999999999991e+02 3.324398500000000354e+02
2.500000000000000139e-02 -3.944759999999999991e+02 3.267270500000000197e+02 -3.944759999999999991e+02 3.324398500000000354e+02
5.000000000000000278e-02 -3.942939999999999827e+02 3.263555000000000064e+02 -3.942939999999999827e+02 3.320951000000000590e+02
7.499999999999999722e-02 -3.942869999999999777e+02 3.263275500000000306e+02 -3.942869999999999777e+02 3.320844500000000039e+02
1.000000000000000056e-01 -3.942819999999999823e+02 3.262991499999999974e+02 -3.942819999999999823e+02 3.320801500000000033e+02
1.250000000000000000e-01 -3.942869999999999777e+02 3.262846999999999866e+02 -3.942869999999999777e+02 3.320956999999999653e+02
1.499999999999999944e-01 -3.942970000000000255e+02 3.262740000000000009e+02 -3.942970000000000255e+02 3.321213000000000193e+02
1.749999999999999889e-01 -3.943109999999999786e+02 3.262651000000000181e+02 -3.943109999999999786e+02 3.321547999999999661e+02
2.000000000000000111e-01 -3.943249999999999886e+02 3.262579499999999939e+02 -3.943249999999999886e+02 3.321964500000000271e+02
2.250000000000000056e-01 -3.943460000000000036e+02 3.262507499999999823e+02 -3.943460000000000036e+02 3.322438499999999522e+02
2.500000000000000000e-01 -3.943700000000000045e+02 3.262444500000000289e+02 -3.943700000000000045e+02 3.322982499999999959e+02
2.750000000000000222e-01 -3.943969999999999914e+02 3.262381499999999619e+02 -3.943969999999999914e+02 3.323583499999999731e+02
2.999999999999999889e-01 -3.944270000000000209e+02 3.262319999999999709e+02 -3.944270000000000209e+02 3.324241999999999848e+02
3.250000000000000111e-01 -3.944599999999999795e+02 3.262260499999999865e+02 -3.944599999999999795e+02 3.324955499999999802e+02
3.499999999999999778e-01 -3.944970000000000141e+02 3.262184500000000185e+02 -3.944970000000000141e+02 3.325703499999999622e+02
3.750000000000000000e-01 -3.945360000000000014e+02 3.262142499999999927e+02 -3.945360000000000014e+02 3.326535499999999956e+02
4.000000000000000222e-01 -3.945790000000000077e+02 3.262105499999999552e+02 -3.945790000000000077e+02 3.327420500000000061e+02
4.249999999999999889e-01 -3.946259999999999764e+02 3.262075500000000261e+02 -3.946259999999999764e+02 3.328355499999999552e+02
4.500000000000000111e-01 -3.946750000000000114e+02 3.262053999999999974e+02 -3.946750000000000114e+02 3.329341000000000577e+02
4.749999999999999778e-01 -3.947269999999999754e+02 3.262052499999999782e+02 -3.947269999999999754e+02 3.330383499999999799e+02
5.000000000000000000e-01 -3.947819999999999823e+02 3.262051500000000033e+02 -3.947819999999999823e+02 3.331463500000000408e+02
5.250000000000000222e-01 -3.948410000000000082e+02 3.262062500000000114e+02 -3.948410000000000082e+02 3.332589499999999703e+02
5.500000000000000444e-01 -3.949039999999999964e+02 3.262097499999999854e+02 -3.949039999999999964e+02 3.333769499999999653e+02
5.749999999999999556e-01 -3.949700000000000273e+02 3.262137999999999920e+02 -3.949700000000000273e+02 3.334981999999999971e+02
5.999999999999999778e-01 -3.950389999999999873e+02 3.262205500000000029e+02 -3.950389999999999873e+02 3.336244500000000244e+02
6.250000000000000000e-01 -3.951120000000000232e+02 3.262291500000000042e+02 -3.951120000000000232e+02 3.337546500000000265e+02
6.500000000000000222e-01 -3.951890000000000214e+02 3.262397500000000150e+02 -3.951890000000000214e+02 3.338886499999999842e+02
6.750000000000000444e-01 -3.952690000000000055e+02 3.262526000000000295e+02 -3.952690000000000055e+02 3.340261000000000422e+02
6.999999999999999556e-01 -3.953530000000000086e+02 3.262676999999999907e+02 -3.953530000000000086e+02 3.341671000000000049e+02
7.249999999999999778e-01 -3.954399999999999977e+02 3.262853999999999814e+02 -3.954399999999999977e+02 3.343112999999999602e+02
7.500000000000000000e-01 -3.955310000000000059e+02 3.263057499999999891e+02 -3.955310000000000059e+02 3.344586499999999774e+02
7.750000000000000222e-01 -3.956259999999999764e+02 3.263289000000000328e+02 -3.956259999999999764e+02 3.346089000000000055e+02
8.000000000000000444e-01 -3.957239999999999895e+02 3.263551000000000499e+02 -3.957239999999999895e+02 3.347619000000000256e+02
8.249999999999999556e-01 -3.958249999999999886e+02 3.263804000000000087e+02 -3.958249999999999886e+02 3.349136000000000308e+02
8.499999999999999778e-01 -3.959300000000000068e+02 3.264140499999999747e+02 -3.959300000000000068e+02 3.350726499999999533e+02
8.750000000000000000e-01 -3.960380000000000109e+02 3.264491499999999746e+02 -3.960380000000000109e+02 3.352320499999999583e+02
9.000000000000000222e-01 -3.961499999999999773e+02 3.264879000000000246e+02 -3.961499999999999773e+02 3.353935000000000173e+02
9.250000000000000444e-01 -3.962640000000000100e+02 3.265303999999999860e+02 -3.962640000000000100e+02 3.355570000000000164e+02
9.499999999999999556e-01 -3.963809999999999718e+02 3.265747999999999820e+02 -3.963809999999999718e+02 3.357203000000000088e+02
9.749999999999999778e-01 -3.965020000000000095e+02 3.266232499999999845e+02 -3.965020000000000095e+02 3.358853499999999599e+02
1.000000000000000000e+00 -3.966250000000000000e+02 3.266749199999999860e+02 -3.966250000000000000e+02 3.360509799999999814e+02
1.024999999999999911e+00 -3.967500000000000000e+02 3.267298999999999864e+02 -3.967500000000000000e+02 3.362169999999999845e+02
1.050000000000000044e+00 -3.968770000000000095e+02 3.267883199999999988e+02 -3.968770000000000095e+02 3.363832800000000134e+02
1.074999999999999956e+00 -3.970070000000000050e+02 3.268493050000000153e+02 -3.970070000000000050e+02 3.365487949999999842e+02
1.100000000000000089e+00 -3.971390000000000100e+02 3.269139650000000188e+02 -3.971390000000000100e+02 3.367144349999999804e+02
1.125000000000000000e+00 -3.972719999999999914e+02 3.269814000000000078e+02 -3.972719999999999914e+02 3.368789999999999623e+02
1.149999999999999911e+00 -3.974060000000000059e+02 3.270517199999999889e+02 -3.974060000000000059e+02 3.370423800000000369e+02
1.175000000000000044e+00 -3.975419999999999732e+02 3.271240050000000110e+02 -3.975419999999999732e+02 3.372035950000000071e+02
1.199999999999999956e+00 -3.976789999999999736e+02 3.271993499999999813e+02 -3.976789999999999736e+02 3.373634500000000571e+02
1.225000000000000089e+00 -3.978159999999999741e+02 3.272778149999999755e+02 -3.978159999999999741e+02 3.375219849999999724e+02
1.250000000000000000e+00 -3.979529999999999745e+02 3.273574900000000412e+02 -3.979529999999999745e+02 3.376770099999999957e+02
1.274999999999999911e+00 -3.980899999999999750e+02 3.274394199999999842e+02 -3.980899999999999750e+02 3.378294800000000464e+02
1.300000000000000044e+00 -3.982280000000000086e+02 3.275236699999999814e+02 -3.982280000000000086e+02 3.379794300000000362e+02
1.324999999999999956e+00 -3.983639999999999759e+02 3.276082749999999919e+02 -3.983639999999999759e+02 3.381248249999999871e+02
1.350000000000000089e+00 -3.985000000000000000e+02 3.276952699999999936e+02 -3.985000000000000000e+02 3.382674300000000471e+02
1.375000000000000000e+00 -3.986320000000000050e+02 3.277827049999999645e+02 -3.986320000000000050e+02 3.384053949999999986e+02
1.399999999999999911e+00 -3.987669999999999959e+02 3.278715799999999945e+02 -3.987669999999999959e+02 3.385397199999999884e+02
1.425000000000000044e+00 -3.988980000000000246e+02 3.279599749999999858e+02 -3.988980000000000246e+02 3.386681250000000318e+02
1.449999999999999956e+00 -3.990260000000000105e+02 3.280487150000000156e+02 -3.990260000000000105e+02 3.387920849999999859e+02
1.475000000000000089e+00 -3.991519999999999868e+02 3.281379799999999705e+02 -3.991519999999999868e+02 3.389111199999999826e+02
1.500000000000000000e+00 -3.992749999999999773e+02 3.282256950000000302e+02 -3.992749999999999773e+02 3.390235050000000001e+02
1.524999999999999911e+00 -3.993919999999999959e+02 3.283158549999999991e+02 -3.993919999999999959e+02 3.391331449999999563e+02
1.550000000000000044e+00 -3.995079999999999814e+02 3.284024149999999622e+02 -3.995079999999999814e+02 3.392341850000000250e+02
1.574999999999999956e+00 -3.996220000000000141e+02 3.284893399999999701e+02 -3.996220000000000141e+02 3.393305599999999913e+02
1.600000000000000089e+00 -3.997300000000000182e+02 3.285736150000000180e+02 -3.997300000000000182e+02 3.394192850000000590e+02
1.625000000000000000e+00 -3.998340000000000032e+02 3.286551550000000361e+02 -3.998340000000000032e+02 3.395005449999999882e+02
1.649999999999999911e+00 -3.999329999999999927e+02 3.287339249999999993e+02 -3.999329999999999927e+02 3.395742750000000569e+02
1.675000000000000044e+00 -4.000260000000000105e+02 3.288108450000000289e+02 -4.000260000000000105e+02 3.396415549999999826e+02
1.699999999999999956e+00 -4.001150000000000091e+02 3.288848949999999718e+02 -4.001150000000000091e+02 3.397015049999999974e+02
1.725000000000000089e+00 -4.001979999999999791e+02 3.289539699999999698e+02 -4.001979999999999791e+02 3.397521299999999655e+02
1.750000000000000000e+00 -4.002760000000000105e+02 3.290219950000000040e+02 -4.002760000000000105e+02 3.397976049999999759e+02
1.774999999999999911e+00 -4.003469999999999800e+02 3.290838800000000219e+02 -4.003469999999999800e+02 3.398328199999999697e+02
1.800000000000000044e+00 -4.004130000000000109e+02 3.291445400000000063e+02 -4.004130000000000109e+02 3.398631600000000503e+02
1.824999999999999956e+00 -4.004730000000000132e+02 3.292008749999999964e+02 -4.004730000000000132e+02 3.398854249999999411e+02
1.850000000000000089e+00 -4.005269999999999868e+02 3.292527900000000045e+02 -4.005269999999999868e+02 3.399000100000000089e+02
1.875000000000000000e+00 -4.005749999999999886e+02 3.293011799999999880e+02 -4.005749999999999886e+02 3.399077199999999834e+02
1.899999999999999911e+00 -4.006170000000000186e+02 3.293439349999999877e+02 -4.006170000000000186e+02 3.399068650000000389e+02
1.925000000000000044e+00 -4.006530000000000200e+02 3.293829499999999939e+02 -4.006530000000000200e+02 3.398994500000000016e+02
1.949999999999999956e+00 -4.006820000000000164e+02 3.294171049999999923e+02 -4.006820000000000164e+02 3.398846949999999651e+02
1.975000000000000089e+00 -4.007060000000000173e+02 3.294462900000000332e+02 -4.007060000000000173e+02 3.398626100000000179e+02
2.000000000000000000e+00 -4.007239999999999895e+02 3.294713800000000106e+02 -4.007239999999999895e+02 3.398344200000000228e+02
2.024999999999999911e+00 -4.007359999999999900e+02 3.294912600000000111e+02 -4.007359999999999900e+02 3.397991400000000226e+02
2.049999999999999822e+00 -4.007440000000000282e+02 3.295068049999999857e+02 -4.007440000000000282e+02 3.397579949999999371e+02
2.075000000000000178e+00 -4.007450000000000045e+02 3.295178950000000100e+02 -4.007450000000000045e+02 3.397110050000000001e+02
2.100000000000000089e+00 -4.007420000000000186e+02 3.295244050000000016e+02 -4.007420000000000186e+02 3.396583950000000414e+02
2.125000000000000000e+00 -4.007339999999999804e+02 3.295272050000000377e+02 -4.007339999999999804e+02 3.396011950000000184e+02
2.149999999999999911e+00 -4.007210000000000036e+02 3.295251750000000470e+02 -4.007210000000000036e+02 3.395386250000000246e+02
2.174999999999999822e+00 -4.007040000000000077e+02 3.295191950000000247e+02 -4.007040000000000077e+02 3.394717049999999858e+02
2.200000000000000178e+00 -4.006840000000000259e+02 3.295091350000000148e+02 -4.006840000000000259e+02 3.394005649999999719e+02
2.225000000000000089e+00 -4.006600000000000250e+02 3.294958749999999554e+02 -4.006600000000000250e+02 3.393265250000000037e+02
2.250000000000000000e+00 -4.006329999999999814e+02 3.294793000000000234e+02 -4.006329999999999814e+02 3.392495000000000118e+02
2.274999999999999911e+00 -4.006050000000000182e+02 3.294602849999999989e+02 -4.006050000000000182e+02 3.391706150000000548e+02
2.299999999999999822e+00 -4.005740000000000123e+02 3.294377200000000130e+02 -4.005740000000000123e+02 3.390890800000000240e+02
2.325000000000000178e+00 -4.005419999999999732e+02 3.294144900000000007e+02 -4.005419999999999732e+02 3.390080100000000698e+02
2.350000000000000089e+00 -4.005090000000000146e+02 3.293874849999999697e+02 -4.005090000000000146e+02 3.389244150000000104e+02
2.375000000000000000e+00 -4.004750000000000227e+02 3.293605949999999893e+02 -4.004750000000000227e+02 3.388425049999999601e+02
2.399999999999999911e+00 -4.004420000000000073e+02 3.293317250000000058e+02 -4.004420000000000073e+02 3.387602749999999787e+02
2.424999999999999822e+00 -4.004100000000000250e+02 3.293027749999999969e+02 -4.004100000000000250e+02 3.386799249999999688e+02
2.450000000000000178e+00 -4.003790000000000191e+02 3.292736500000000319e+02 -4.003790000000000191e+02 3.386015499999999747e+02
2.475000000000000089e+00 -4.003509999999999991e+02 3.292442599999999970e+02 -4.003509999999999991e+02 3.385251400000000217e+02
2.500000000000000000e+00 -4.003240000000000123e+02 3.292155249999999569e+02 -4.003240000000000123e+02 3.384518749999999727e+02
2.524999999999999911e+00 -4.003009999999999877e+02 3.291883649999999761e+02 -4.003009999999999877e+02 3.383828350000000000e+02
2.549999999999999822e+00 -4.002819999999999823e+02 3.291627100000000041e+02 -4.002819999999999823e+02 3.383179900000000089e+02
2.575000000000000178e+00 -4.002669999999999959e+02 3.291394900000000234e+02 -4.002669999999999959e+02 3.382585100000000011e+02
2.600000000000000089e+00 -4.002570000000000050e+02 3.291186449999999581e+02 -4.002570000000000050e+02 3.382044549999999958e+02
2.625000000000000000e+00 -4.002520000000000095e+02 3.291001300000000356e+02 -4.002520000000000095e+02 3.381557700000000182e+02
2.649999999999999911e+00 -4.002529999999999859e+02 3.290858900000000062e+02 -4.002529999999999859e+02 3.381147099999999455e+02
2.674999999999999822e+00 -4.002599999999999909e+02 3.290748849999999948e+02 -4.002599999999999909e+02 3.380800150000000031e+02
2.700000000000000178e+00 -4.002740000000000009e+02 3.290690799999999854e+02 -4.002740000000000009e+02 3.380540200000000368e+02
2.725000000000000089e+00 -4.002950000000000159e+02 3.290664649999999938e+02 -4.002950000000000159e+02 3.380345350000000622e+02
2.750000000000000000e+00 -4.003240000000000123e+02 3.290699999999999932e+02 -4.003240000000000123e+02 3.380246000000000208e+02
2.774999999999999911e+00 -4.003600000000000136e+02 3.290786949999999820e+02 -4.003600000000000136e+02 3.380234050000000252e+02
2.799999999999999822e+00 -4.004049999999999727e+02 3.290925050000000169e+02 -4.004049999999999727e+02 3.380307950000000119e+02
2.825000000000000178e+00 -4.004580000000000268e+02 3.291124800000000050e+02 -4.004580000000000268e+02 3.380477199999999698e+02
2.850000000000000089e+00 -4.005199999999999818e+02 3.291375949999999762e+02 -4.005199999999999818e+02 3.380734049999999797e+02
2.875000000000000000e+00 -4.005899999999999750e+02 3.291698849999999652e+02 -4.005899999999999750e+02 3.381096149999999625e+02
2.899999999999999911e+00 -4.006689999999999827e+02 3.292083550000000400e+02 -4.006689999999999827e+02 3.381554449999999861e+02
2.924999999999999822e+00 -4.007559999999999718e+02 3.292530699999999797e+02 -4.007559999999999718e+02 3.382107299999999555e+02
2.950000000000000178e+00 -4.008530000000000086e+02 3.293040449999999737e+02 -4.008530000000000086e+02 3.382755549999999971e+02
2.975000000000000089e+00 -4.009569999999999936e+02 3.293613050000000158e+02 -4.009569999999999936e+02 3.383497950000000287e+02
3.000000000000000000e+00 -4.010699999999999932e+02 3.294269150000000081e+02 -4.010699999999999932e+02 3.384355850000000032e+02
3.024999999999999911e+00 -4.011909999999999741e+02 3.294969300000000203e+02 -4.011909999999999741e+02 3.385285700000000020e+02
3.049999999999999822e+00 -4.013190000000000168e+02 3.295734049999999797e+02 -4.013190000000000168e+02 3.386309949999999844e+02
3.075000000000000178e+00 -4.014549999999999841e+02 3.296554749999999672e+02 -4.014549999999999841e+02 3.387415249999999673e+02
3.100000000000000089e+00 -4.015969999999999800e+02 3.297420649999999682e+02 -4.015969999999999800e+02 3.388592350000000124e+02
3.125000000000000000e+00 -4.017459999999999809e+02 3.298343500000000290e+02 -4.017459999999999809e+02 3.389850500000000011e+02
3.149999999999999911e+00 -4.018990000000000009e+02 3.299303649999999948e+02 -4.018990000000000009e+02 3.391169349999999554e+02
3.174999999999999822e+00 -4.020570000000000164e+02 3.300312299999999937e+02 -4.020570000000000164e+02 3.392556699999999523e+02
3.200000000000000178e+00 -4.022189999999999941e+02 3.301350299999999720e+02 -4.022189999999999941e+02 3.393991699999999696e+02
3.225000000000000089e+00 -4.023829999999999814e+02 3.302418600000000311e+02 -4.023829999999999814e+02 3.395474399999999946e+02
3.250000000000000000e+00 -4.025489999999999782e+02 3.303497649999999908e+02 -4.025489999999999782e+02 3.396984350000000177e+02
3.274999999999999911e+00 -4.027160000000000082e+02 3.304598850000000425e+02 -4.027160000000000082e+02 3.398529149999999959e+02
3.299999999999999822e+00 -4.028820000000000050e+02 3.305703100000000063e+02 -4.028820000000000050e+02 3.400087900000000332e+02
3.325000000000000178e+00 -4.030459999999999923e+02 3.306791099999999801e+02 -4.030459999999999923e+02 3.401640899999999874e+02
3.350000000000000089e+00 -4.032069999999999936e+02 3.307874100000000226e+02 -4.032069999999999936e+02 3.403195900000000051e+02
3.375000000000000000e+00 -4.033629999999999995e+02 3.308923049999999648e+02 -4.033629999999999995e+02 3.404722950000000310e+02
3.399999999999999911e+00 -4.035120000000000005e+02 3.309938849999999775e+02 -4.035120000000000005e+02 3.406219150000000013e+02
3.424999999999999822e+00 -4.036539999999999964e+02 3.310912550000000465e+02 -4.036539999999999964e+02 3.407676450000000159e+02
3.450000000000000178e+00 -4.037860000000000014e+02 3.311815199999999777e+02 -4.037860000000000014e+02 3.409060800000000313e+02
3.475000000000000089e+00 -4.039080000000000155e+02 3.312627600000000143e+02 -4.039080000000000155e+02 3.410353400000000192e+02
3.500000000000000000e+00 -4.040160000000000196e+02 3.313370750000000271e+02 -4.040160000000000196e+02 3.411572249999999826e+02
3.524999999999999911e+00 -4.041089999999999804e+02 3.314005900000000224e+02 -4.041089999999999804e+02 3.412676099999999906e+02
3.549999999999999822e+00 -4.041850000000000023e+02 3.314523499999999672e+02 -4.041850000000000023e+02 3.413655499999999847e+02
3.575000000000000178e+00 -4.042429999999999950e+02 3.314915199999999800e+02 -4.042429999999999950e+02 3.414497800000000325e+02
3.600000000000000089e+00 -4.042789999999999964e+02 3.315151149999999802e+02 -4.042789999999999964e+02 3.415172849999999585e+02
3.625000000000000000e+00 -4.042930000000000064e+02 3.315232349999999997e+02 -4.042930000000000064e+02 3.415679650000000152e+02
3.649999999999999911e+00 -4.042819999999999823e+02 3.315119599999999878e+02 -4.042819999999999823e+02 3.415978400000000192e+02
3.674999999999999822e+00 -4.042440000000000282e+02 3.314814000000000078e+02 -4.042440000000000282e+02 3.416066000000000145e+02
3.700000000000000178e+00 -4.041770000000000209e+02 3.314296199999999999e+02 -4.041770000000000209e+02 3.415923800000000483e+02
3.725000000000000089e+00 -4.040779999999999745e+02 3.313546650000000113e+02 -4.040779999999999745e+02 3.415530350000000226e+02
3.750000000000000000e+00 -4.039449999999999932e+02 3.312546450000000391e+02 -4.039449999999999932e+02 3.414864550000000349e+02
3.774999999999999911e+00 -4.037760000000000105e+02 3.311275499999999852e+02 -4.037760000000000105e+02 3.413906500000000506e+02
3.799999999999999822e+00 -4.035699999999999932e+02 3.309725549999999998e+02 -4.035699999999999932e+02 3.412644449999999665e+02
3.825000000000000178e+00 -4.033229999999999791e+02 3.307866700000000151e+02 -4.033229999999999791e+02 3.411048299999999927e+02
3.850000000000000089e+00 -4.030330000000000155e+02 3.305689399999999978e+02 -4.030330000000000155e+02 3.409107599999999820e+02
3.875000000000000000e+00 -4.026979999999999791e+02 3.303164249999999811e+02 -4.026979999999999791e+02 3.406792749999999614e+02
3.899999999999999911e+00 -4.023159999999999741e+02 3.300281650000000013e+02 -4.023159999999999741e+02 3.404091349999999920e+02
3.924999999999999822e+00 -4.018849999999999909e+02 3.297032099999999559e+02 -4.018849999999999909e+02 3.400994900000000030e+02
3.950000000000000178e+00 -4.014030000000000200e+02 3.293376049999999964e+02 -4.014030000000000200e+02 3.397461950000000002e+02
3.975000000000000089e+00 -4.008659999999999854e+02 3.289313799999999901e+02 -4.008659999999999854e+02 3.393491200000000276e+02
4.000000000000000000e+00 -4.002740000000000009e+02 3.284815699999999765e+02 -4.002740000000000009e+02 3.389054299999999671e+02
4.025000000000000355e+00 -3.996240000000000236e+02 3.279872050000000172e+02 -3.996240000000000236e+02 3.384139950000000567e+02
4.049999999999999822e+00 -3.989150000000000205e+02 3.274463150000000269e+02 -3.989150000000000205e+02 3.378727850000000217e+02
4.075000000000000178e+00 -3.981429999999999723e+02 3.268569249999999897e+02 -3.981429999999999723e+02 3.372797749999999724e+02
4.099999999999999645e+00 -3.973079999999999927e+02 3.262170499999999720e+02 -3.973079999999999927e+02 3.366329499999999939e+02
4.125000000000000000e+00 -3.964069999999999823e+02 3.255257100000000037e+02 -3.964069999999999823e+02 3.359312899999999900e+02
4.150000000000000355e+00 -3.954390000000000214e+02 3.247809250000000247e+02 -3.954390000000000214e+02 3.351727750000000015e+02
4.174999999999999822e+00 -3.944010000000000105e+02 3.239817049999999767e+02 -3.944010000000000105e+02 3.343564949999999953e+02
4.200000000000000178e+00 -3.932959999999999923e+02 3.231260599999999954e+02 -3.932959999999999923e+02 3.334802400000000375e+02
4.224999999999999645e+00 -3.921159999999999854e+02 3.222119950000000017e+02 -3.921159999999999854e+02 3.325422049999999672e+02
4.250000000000000000e+00 -3.908620000000000232e+02 3.212395200000000273e+02 -3.908620000000000232e+02 3.315422799999999484e+02
4.275000000000000355e+00 -3.895330000000000155e+02 3.202056349999999725e+02 -3.895330000000000155e+02 3.304774649999999951e+02
4.299999999999999822e+00 -3.881270000000000095e+02 3.191103449999999953e+02 -3.881270000000000095e+02 3.293478549999999245e+02
4.325000000000000178e+00 -3.866440000000000055e+02 3.179516500000000292e+02 -3.866440000000000055e+02 3.281512500000000045e+02
4.349999999999999645e+00 -3.850830000000000268e+02 3.167285400000000095e+02 -3.850830000000000268e+02 3.268868599999999560e+02
4.375000000000000000e+00 -3.834420000000000073e+02 3.154410199999999804e+02 -3.834420000000000073e+02 3.255546799999999621e+02
4.400000000000000355e+00 -3.817200000000000273e+02 3.140860850000000255e+02 -3.817200000000000273e+02 3.241515149999999608e+02
4.424999999999999822e+00 -3.799169999999999732e+02 3.126647199999999884e+02 -3.799169999999999732e+02 3.226785800000000108e+02
4.450000000000000178e+00 -3.780330000000000155e+02 3.111749249999999734e+02 -3.780330000000000155e+02 3.211338749999999891e+02
4.474999999999999645e+00 -3.760659999999999741e+02 3.096166850000000181e+02 -3.760659999999999741e+02 3.195173149999999396e+02
4.500000000000000000e+00 -3.740169999999999959e+02 3.079889900000000011e+02 -3.740169999999999959e+02 3.178279100000000312e+02
4.525000000000000355e+00 -3.718840000000000146e+02 3.062918299999999476e+02 -3.718840000000000146e+02 3.160657699999999863e+02
4.549999999999999822e+00 -3.696689999999999827e+02 3.045231899999999996e+02 -3.696689999999999827e+02 3.142289099999999848e+02
4.575000000000000178e+00 -3.673709999999999809e+02 3.026850600000000213e+02 -3.673709999999999809e+02 3.123192399999999793e+02
4.599999999999999645e+00 -3.649900000000000091e+02 3.007754150000000095e+02 -3.649900000000000091e+02 3.103348850000000425e+02
4.625000000000000000e+00 -3.625260000000000105e+02 2.987942449999999894e+02 -3.625260000000000105e+02 3.082758550000000355e+02
4.650000000000000355e+00 -3.599789999999999850e+02 2.967425299999999879e+02 -3.599789999999999850e+02 3.061431699999999978e+02
4.674999999999999822e+00 -3.573509999999999991e+02 2.946202499999999986e+02 -3.573509999999999991e+02 3.039367499999999609e+02
4.700000000000000178e+00 -3.546379999999999768e+02 2.924263749999999504e+02 -3.546379999999999768e+02 3.016558249999999930e+02
4.724999999999999645e+00 -3.518519999999999754e+02 2.901618949999999586e+02 -3.518519999999999754e+02 2.993012049999999817e+02
4.750000000000000000e+00 -3.489820000000000277e+02 2.878277850000000058e+02 -3.489820000000000277e+02 2.968740149999999858e+02
4.775000000000000355e+00 -3.460339999999999918e+02 2.854239999999999782e+02 -3.460339999999999918e+02 2.943744000000000369e+02
4.799999999999999822e+00 -3.430079999999999814e+02 2.829505249999999705e+02 -3.430079999999999814e+02 2.918022750000000087e+02
4.825000000000000178e+00 -3.399060000000000059e+02 2.804093300000000113e+02 -3.399060000000000059e+02 2.891596700000000055e+02
4.849999999999999645e+00 -3.367300000000000182e+02 2.778003749999999741e+02 -3.367300000000000182e+02 2.864466250000000400e+02
4.875000000000000000e+00 -3.334800000000000182e+02 2.751256250000000136e+02 -3.334800000000000182e+02 2.836651749999999765e+02
4.900000000000000355e+00 -3.301580000000000155e+02 2.723860500000000116e+02 -3.301580000000000155e+02 2.808165500000000065e+02
4.924999999999999822e+00 -3.267660000000000196e+02 2.695815999999999804e+02 -3.267660000000000196e+02 2.779005000000000223e+02
4.950000000000000178e+00 -3.233059999999999832e+02 2.667142249999999990e+02 -3.233059999999999832e+02 2.749192750000000274e+02
4.974999999999999645e+00 -3.197799999999999727e+02 2.637858799999999633e+02 -3.197799999999999727e+02 2.718749199999999746e+02
5.000000000000000000e+00 -3.161890000000000214e+02 2.607975099999999884e+02 -3.161890000000000214e+02 2.687684899999999857e+02
5.025000000000000355e+00 -3.125360000000000014e+02 2.577520749999999907e+02 -3.125360000000000014e+02 2.656030250000000024e+02
5.049999999999999822e+00 -3.088240000000000123e+02 2.546494950000000017e+02 -3.088240000000000123e+02 2.623785050000000183e+02
5.075000000000000178e+00 -3.050529999999999973e+02 2.514917450000000088e+02 -3.050529999999999973e+02 2.590970550000000117e+02
5.099999999999999645e+00 -3.012269999999999754e+02 2.482826499999999896e+02 -3.012269999999999754e+02 2.557629500000000178e+02
5.125000000000000000e+00 -2.973489999999999895e+02 2.450222499999999854e+02 -2.973489999999999895e+02 2.523759499999999889e+02
5.150000000000000355e+00 -2.934209999999999923e+02 2.417144200000000183e+02 -2.934209999999999923e+02 2.489403800000000047e+02
5.174999999999999822e+00 -2.894449999999999932e+02 2.383600849999999980e+02 -2.894449999999999932e+02 2.454572150000000192e+02
5.200000000000000178e+00 -2.854239999999999782e+02 2.349621499999999799e+02 -2.854239999999999782e+02 2.419296500000000094e+02
5.224999999999999645e+00 -2.813609999999999900e+02 2.315225250000000017e+02 -2.813609999999999900e+02 2.383596750000000100e+02
5.250000000000000000e+00 -2.772590000000000146e+02 2.280451099999999940e+02 -2.772590000000000146e+02 2.347513900000000149e+02
5.275000000000000355e+00 -2.731200000000000045e+02 2.245298049999999819e+02 -2.731200000000000045e+02 2.311050950000000057e+02
5.299999999999999822e+00 -2.689479999999999791e+02 2.209824950000000001e+02 -2.689479999999999791e+02 2.274267049999999983e+02
5.325000000000000178e+00 -2.647459999999999809e+02 2.174030649999999980e+02 -2.647459999999999809e+02 2.237163349999999866e+02
5.349999999999999645e+00 -2.605160000000000196e+02 2.137954149999999913e+02 -2.605160000000000196e+02 2.199782849999999996e+02
5.375000000000000000e+00 -2.562610000000000241e+02 2.101634049999999831e+02 -2.562610000000000241e+02 2.162164950000000090e+02
5.400000000000000355e+00 -2.519859999999999900e+02 2.065079200000000128e+02 -2.519859999999999900e+02 2.124322799999999916e+02
5.424999999999999822e+00 -2.476910000000000025e+02 2.028328250000000139e+02 -2.476910000000000025e+02 2.086296749999999918e+02
5.450000000000000178e+00 -2.433820000000000050e+02 1.991399949999999990e+02 -2.433820000000000050e+02 2.048108050000000162e+02
5.474999999999999645e+00 -2.390600000000000023e+02 1.954342899999999759e+02 -2.390600000000000023e+02 2.009808099999999911e+02
5.500000000000000000e+00 -2.347290000000000134e+02 1.917175750000000107e+02 -2.347290000000000134e+02 1.971419249999999863e+02
5.525000000000000355e+00 -2.303919999999999959e+02 1.879917550000000119e+02 -2.303919999999999959e+02 1.932961449999999957e+02
5.549999999999999822e+00 -2.260519999999999925e+02 1.842616099999999904e+02 -2.260519999999999925e+02 1.894486899999999991e+02
5.575000000000000178e+00 -2.217119999999999891e+02 1.805280050000000074e+02 -2.217119999999999891e+02 1.856007950000000051e+02
5.599999999999999645e+00 -2.173750000000000000e+02 1.767958800000000110e+02 -2.173750000000000000e+02 1.817575199999999995e+02
5.625000000000000000e+00 -2.130440000000000111e+02 1.730680649999999901e+02 -2.130440000000000111e+02 1.779220349999999939e+02
5.650000000000000355e+00 -2.087220000000000084e+02 1.693454199999999901e+02 -2.087220000000000084e+02 1.740953800000000058e+02
5.674999999999999822e+00 -2.044110000000000014e+02 1.656318149999999889e+02 -2.044110000000000014e+02 1.702817849999999851e+02
5.700000000000000178e+00 -2.001160000000000139e+02 1.619311299999999960e+02 -2.001160000000000139e+02 1.664854699999999923e+02
5.724999999999999645e+00 -1.958379999999999939e+02 1.582452450000000113e+02 -1.958379999999999939e+02 1.627083550000000116e+02
5.750000000000000000e+00 -1.915800000000000125e+02 1.545760399999999777e+02 -1.915800000000000125e+02 1.589526600000000087e+02
5.775000000000000355e+00 -1.873449999999999989e+02 1.509274049999999932e+02 -1.873449999999999989e+02 1.552225950000000125e+02
5.799999999999999822e+00 -1.831359999999999957e+02 1.473022449999999992e+02 -1.831359999999999957e+02 1.515211549999999647e+02
5.825000000000000178e+00 -1.789550000000000125e+02 1.437014599999999973e+02 -1.789550000000000125e+02 1.478494399999999871e+02
5.849999999999999645e+00 -1.748040000000000020e+02 1.401289700000000096e+02 -1.748040000000000020e+02 1.442115300000000104e+02
5.875000000000000000e+00 -1.706870000000000118e+02 1.365866949999999918e+02 -1.706870000000000118e+02 1.406096049999999877e+02
5.900000000000000355e+00 -1.666049999999999898e+02 1.330765900000000101e+02 -1.666049999999999898e+02 1.370456100000000106e+02
5.924999999999999822e+00 -1.625610000000000070e+02 1.296005549999999857e+02 -1.625610000000000070e+02 1.335217450000000099e+02
5.950000000000000178e+00 -1.585560000000000116e+02 1.261615700000000118e+02 -1.585560000000000116e+02 1.300410300000000063e+02
5.974999999999999645e+00 -1.545939999999999941e+02 1.227626000000000062e+02 -1.545939999999999941e+02 1.266064000000000078e+02
6.000000000000000000e+00 -1.506750000000000114e+02 1.194036199999999894e+02 -1.506750000000000114e+02 1.232179799999999972e+02
6.025000000000000355e+00 -1.468019999999999925e+02 1.160866050000000058e+02 -1.468019999999999925e+02 1.198776950000000028e+02
6.049999999999999822e+00 -1.429759999999999991e+02 1.128145700000000033e+02 -1.429759999999999991e+02 1.165887299999999982e+02
6.075000000000000178e+00 -1.391999999999999886e+02 1.095895150000000058e+02 -1.391999999999999886e+02 1.133528850000000006e+02
6.099999999999999645e+00 -1.354749999999999943e+02 1.064104600000000005e+02 -1.354749999999999943e+02 1.101692400000000021e+02
6.125000000000000000e+00 -1.318019999999999925e+02 1.032816400000000101e+02 -1.318019999999999925e+02 1.070419600000000031e+02
6.150000000000000355e+00 -1.281829999999999927e+02 1.002029949999999872e+02 -1.281829999999999927e+02 1.039709050000000019e+02
6.174999999999999822e+00 -1.246189999999999998e+02 9.717587000000000330e+01 -1.246189999999999998e+02 1.009573299999999989e+02
6.200000000000000178e+00 -1.211119999999999948e+02 9.420163500000001022e+01 -1.211119999999999948e+02 9.800246500000000083e+01
6.224999999999999645e+00 -1.176610000000000014e+02 9.128125500000000159e+01 -1.176610000000000014e+02 9.510714500000000271e+01
6.250000000000000000e+00 -1.142699999999999960e+02 8.841561000000000092e+01 -1.142699999999999960e+02 9.227208999999999151e+01
6.275000000000000355e+00 -1.109369999999999976e+02 8.560545000000000471e+01 -1.109369999999999976e+02 8.949825000000001296e+01
6.299999999999999822e+00 -1.076650000000000063e+02 8.285188000000000841e+01 -1.076650000000000063e+02 8.678552000000000533e+01
6.325000000000000178e+00 -1.044539999999999935e+02 8.015498999999999796e+01 -1.044539999999999935e+02 8.413481000000000165e+01
6.349999999999999645e+00 -1.013040000000000020e+02 7.751563000000000159e+01 -1.013040000000000020e+02 8.154636999999999603e+01
6.375000000000000000e+00 -9.821609999999999729e+01 7.493420500000000573e+01 -9.821609999999999729e+01 7.902039500000000771e+01
6.400000000000000355e+00 -9.519070000000000675e+01 7.241086500000000115e+01 -9.519070000000000675e+01 7.655683500000000663e+01
6.424999999999999822e+00 -9.222809999999999775e+01 6.994597000000000264e+01 -9.222809999999999775e+01 7.415582999999999458e+01
6.450000000000000178e+00 -8.932859999999999445e+01 6.753968000000000416e+01 -8.932859999999999445e+01 7.181722000000000605e+01
6.474999999999999645e+00 -8.649219999999999686e+01 6.519191499999999451e+01 -8.649219999999999686e+01 6.954068499999999631e+01
6.500000000000000000e+00 -8.371909999999999741e+01 6.290270999999999901e+01 -8.371909999999999741e+01 6.732609000000000776e+01
6.525000000000000355e+00 -8.100929999999999609e+01 6.067199000000000098e+01 -8.100929999999999609e+01 6.517301000000000499e+01
6.549999999999999822e+00 -7.836270000000000380e+01 5.849939000000000533e+01 -7.836270000000000380e+01 6.308091000000000292e+01
6.575000000000000178e+00 -7.577909999999999968e+01 5.638483500000000248e+01 -7.577909999999999968e+01 6.104936500000000166e+01
6.599999999999999645e+00 -7.325820000000000221e+01 5.432776499999999942e+01 -7.325820000000000221e+01 5.907753499999999747e+01
6.625000000000000000e+00 -7.079989999999999384e+01 5.232789999999999964e+01 -7.079989999999999384e+01 5.716500000000000625e+01
6.650000000000000355e+00 -6.840370000000000061e+01 5.038476999999999606e+01 -6.840370000000000061e+01 5.531092999999999904e+01
6.674999999999999822e+00 -6.606919999999999504e+01 4.849770000000000181e+01 -6.606919999999999504e+01 5.351440000000000197e+01
6.700000000000000178e+00 -6.379579999999999984e+01 4.666641500000000065e+01 -6.379579999999999984e+01 5.177498500000000803e+01
6.724999999999999645e+00 -6.158310000000000173e+01 4.488973000000000013e+01 -6.158310000000000173e+01 5.009126999999999441e+01
6.750000000000000000e+00 -5.943039999999999878e+01 4.316716000000000264e+01 -5.943039999999999878e+01 4.846233999999999753e+01
6.775000000000000355e+00 -5.733709999999999951e+01 4.149791999999999348e+01 -5.733709999999999951e+01 4.688747999999999649e+01
6.799999999999999822e+00 -5.530230000000000246e+01 3.988121999999999900e+01 -5.530230000000000246e+01 4.536537999999999471e+01
6.825000000000000178e+00 -5.332549999999999812e+01 3.831615999999999644e+01 -5.332549999999999812e+01 4.389524000000000115e+01
6.849999999999999645e+00 -5.140579999999999927e+01 3.680182499999999379e+01 -5.140579999999999927e+01 4.247567499999999541e+01
6.875000000000000000e+00 -4.954229999999999734e+01 3.533744000000000085e+01 -4.954229999999999734e+01 4.110586000000000695e+01
6.900000000000000355e+00 -4.773409999999999798e+01 3.392188499999999607e+01 -4.773409999999999798e+01 3.978451499999999896e+01
6.924999999999999822e+00 -4.598049999999999926e+01 3.255434000000000339e+01 -4.598049999999999926e+01 3.851046000000000191e+01
6.950000000000000178e+00 -4.428029999999999688e+01 3.123369000000000284e+01 -4.428029999999999688e+01 3.728271000000000157e+01
6.974999999999999645e+00 -4.263280000000000314e+01 2.995890999999999948e+01 -4.263280000000000314e+01 3.609978999999999871e+01
7.000000000000000000e+00 -4.103679999999999950e+01 2.872896500000000231e+01 -4.103679999999999950e+01 3.496073499999999967e+01
7.025000000000000355e+00 -3.949139999999999873e+01 2.754302500000000009e+01 -3.949139999999999873e+01 3.386457500000000209e+01
7.049999999999999822e+00 -3.799560000000000315e+01 2.639955499999999944e+01 -3.799560000000000315e+01 3.280954499999999996e+01
7.075000000000000178e+00 -3.654829999999999757e+01 2.529790500000000009e+01 -3.654829999999999757e+01 3.179489499999999680e+01
7.099999999999999645e+00 -3.514840000000000231e+01 2.423673000000000144e+01 -3.514840000000000231e+01 3.081927000000000305e+01
7.125000000000000000e+00 -3.379500000000000171e+01 2.321508000000000038e+01 -3.379500000000000171e+01 2.988151999999999830e+01
7.150000000000000355e+00 -3.248689999999999856e+01 2.223179499999999820e+01 -3.248689999999999856e+01 2.898040500000000108e+01
7.174999999999999822e+00 -3.122309999999999874e+01 2.128591000000000122e+01 -3.122309999999999874e+01 2.811488999999999905e+01
7.200000000000000178e+00 -3.000250000000000128e+01 2.037636499999999984e+01 -3.000250000000000128e+01 2.728393499999999960e+01
7.224999999999999645e+00 -2.882389999999999830e+01 1.950188500000000147e+01 -2.882389999999999830e+01 2.648621500000000140e+01
7.250000000000000000e+00 -2.768649999999999878e+01 1.866159999999999997e+01 -2.768649999999999878e+01 2.572060000000000102e+01
7.275000000000000355e+00 -2.658899999999999864e+01 1.785433000000000092e+01 -2.658899999999999864e+01 2.498607000000000156e+01
7.299999999999999822e+00 -2.553040000000000020e+01 1.707919499999999857e+01 -2.553040000000000020e+01 2.428160499999999900e+01
7.325000000000000178e+00 -2.450959999999999894e+01 1.633501000000000047e+01 -2.450959999999999894e+01 2.360609000000000179e+01
7.349999999999999645e+00 -2.352560000000000073e+01 1.562089000000000105e+01 -2.352560000000000073e+01 2.295841000000000065e+01
7.375000000000000000e+00 -2.257740000000000080e+01 1.493573999999999913e+01 -2.257740000000000080e+01 2.233765999999999963e+01
7.400000000000000355e+00 -2.166390000000000171e+01 1.427866500000000016e+01 -2.166390000000000171e+01 2.174283499999999947e+01
7.424999999999999822e+00 -2.078399999999999892e+01 1.364856999999999942e+01 -2.078399999999999892e+01 2.117283000000000115e+01
7.450000000000000178e+00 -1.993680000000000163e+01 1.304466000000000037e+01 -1.993680000000000163e+01 2.062693999999999761e+01
7.474999999999999645e+00 -1.912140000000000128e+01 1.246593000000000018e+01 -1.912140000000000128e+01 2.010397000000000034e+01
7.500000000000000000e+00 -1.833660000000000068e+01 1.191147000000000133e+01 -1.833660000000000068e+01 1.960322999999999993e+01
7.525000000000000355e+00 -1.758149999999999835e+01 1.138038500000000042e+01 -1.758149999999999835e+01 1.912371500000000069e+01
7.549999999999999822e+00 -1.685529999999999973e+01 1.087182999999999922e+01 -1.685529999999999973e+01 1.866460999999999970e+01
7.575000000000000178e+00 -1.615690000000000026e+01 1.038502500000000062e+01 -1.615690000000000026e+01 1.822515500000000088e+01
7.599999999999999645e+00 -1.548540000000000028e+01 9.919090000000000629e+00 -1.548540000000000028e+01 1.780449000000000126e+01
7.625000000000000000e+00 -1.483999999999999986e+01 9.473245000000000360e+00 -1.483999999999999986e+01 1.740195500000000095e+01
7.650000000000000355e+00 -1.421979999999999933e+01 9.046694999999999709e+00 -1.421979999999999933e+01 1.701659499999999881e+01
7.674999999999999822e+00 -1.362400000000000055e+01 8.638680000000000803e+00 -1.362400000000000055e+01 1.664782999999999902e+01
7.700000000000000178e+00 -1.305160000000000053e+01 8.248495000000000132e+00 -1.305160000000000053e+01 1.629491499999999959e+01
7.724999999999999645e+00 -1.250189999999999912e+01 7.875410000000000466e+00 -1.250189999999999912e+01 1.595719000000000065e+01
7.750000000000000000e+00 -1.197409999999999997e+01 7.518740000000000201e+00 -1.197409999999999997e+01 1.563399000000000072e+01
7.775000000000000355e+00 -1.146739999999999959e+01 7.177830000000000155e+00 -1.146739999999999959e+01 1.532468000000000075e+01
7.799999999999999822e+00 -1.098109999999999964e+01 6.852009999999999934e+00 -1.098109999999999964e+01 1.502866000000000035e+01
7.825000000000000178e+00 -1.051440000000000019e+01 6.540684999999999860e+00 -1.051440000000000019e+01 1.474536499999999961e+01
7.849999999999999645e+00 -1.006659999999999933e+01 6.243235000000000312e+00 -1.006659999999999933e+01 1.447420499999999954e+01
7.875000000000000000e+00 -9.637029999999999319e+00 5.959084999999999965e+00 -9.637029999999999319e+00 1.421465500000000048e+01
7.900000000000000355e+00 -9.224990000000000023e+00 5.687664999999999971e+00 -9.224990000000000023e+00 1.396618499999999941e+01
7.924999999999999822e+00 -8.829850000000000421e+00 5.428455000000000474e+00 -8.829850000000000421e+00 1.372831499999999849e+01
7.950000000000000178e+00 -8.450950000000000628e+00 5.180909999999999904e+00 -8.450950000000000628e+00 1.350055000000000049e+01
7.974999999999999645e+00 -8.087699999999999889e+00 4.944549999999999557e+00 -8.087699999999999889e+00 1.328244000000000113e+01
8.000000000000000000e+00 -7.739480000000000359e+00 4.718880000000000408e+00 -7.739480000000000359e+00 1.307355000000000089e+01
8.025000000000000355e+00 -7.405739999999999768e+00 4.503425000000000011e+00 -7.405739999999999768e+00 1.287344500000000025e+01
8.050000000000000711e+00 -7.085880000000000400e+00 4.297760000000000247e+00 -7.085880000000000400e+00 1.268172999999999995e+01
8.074999999999999289e+00 -6.779410000000000380e+00 4.101440000000000197e+00 -6.779410000000000380e+00 1.249801000000000073e+01
8.099999999999999645e+00 -6.485780000000000101e+00 3.914064999999999905e+00 -6.485780000000000101e+00 1.232192500000000024e+01
8.125000000000000000e+00 -6.204489999999999839e+00 3.735240000000000116e+00 -6.204489999999999839e+00 1.215312999999999910e+01
8.150000000000000355e+00 -5.935050000000000381e+00 3.564563999999999844e+00 -5.935050000000000381e+00 1.199125599999999991e+01
8.175000000000000711e+00 -5.676999999999999602e+00 3.401696999999999971e+00 -5.676999999999999602e+00 1.183600299999999983e+01
8.199999999999999289e+00 -5.429870000000000196e+00 3.246277500000000149e+00 -5.429870000000000196e+00 1.168706249999999969e+01
8.224999999999999645e+00 -5.193229999999999791e+00 3.097984999999999989e+00 -5.193229999999999791e+00 1.154414500000000032e+01
8.250000000000000000e+00 -4.966660000000000075e+00 2.956479999999999997e+00 -4.966660000000000075e+00 1.140694999999999837e+01
8.275000000000000355e+00 -4.749740000000000073e+00 2.821462000000000359e+00 -4.749740000000000073e+00 1.127520799999999923e+01
8.300000000000000711e+00 -4.542099999999999582e+00 2.692641999999999758e+00 -4.542099999999999582e+00 1.114867800000000031e+01
8.324999999999999289e+00 -4.343340000000000423e+00 2.569730999999999987e+00 -4.343340000000000423e+00 1.102710899999999938e+01
8.349999999999999645e+00 -4.153100000000000236e+00 2.452469999999999928e+00 -4.153100000000000236e+00 1.091027000000000058e+01
8.375000000000000000e+00 -3.971039999999999903e+00 2.340601500000000001e+00 -3.971039999999999903e+00 1.079793850000000077e+01
8.400000000000000355e+00 -3.796819999999999862e+00 2.233877000000000113e+00 -3.796819999999999862e+00 1.068990299999999927e+01
8.425000000000000711e+00 -3.630100000000000104e+00 2.132050000000000001e+00 -3.630100000000000104e+00 1.058596000000000004e+01
8.449999999999999289e+00 -3.470590000000000064e+00 2.034902999999999906e+00 -3.470590000000000064e+00 1.048590700000000098e+01
8.474999999999999645e+00 -3.317979999999999929e+00 1.942230000000000123e+00 -3.317979999999999929e+00 1.038957999999999871e+01
8.500000000000000000e+00 -3.171980000000000022e+00 1.853825000000000056e+00 -3.171980000000000022e+00 1.029679499999999948e+01
8.525000000000000355e+00 -3.032319999999999904e+00 1.769482500000000069e+00 -3.032319999999999904e+00 1.020738750000000117e+01
8.550000000000000711e+00 -2.898719999999999963e+00 1.689017500000000060e+00 -2.898719999999999963e+00 1.012119249999999937e+01
8.574999999999999289e+00 -2.770939999999999959e+00 1.612245499999999998e+00 -2.770939999999999959e+00 1.003805450000000121e+01
8.599999999999999645e+00 -2.648719999999999963e+00 1.539012000000000047e+00 -2.648719999999999963e+00 9.957848000000000255e+00
8.625000000000000000e+00 -2.531839999999999868e+00 1.469143500000000158e+00 -2.531839999999999868e+00 9.880436500000000066e+00
8.650000000000000355e+00 -2.420059999999999878e+00 1.402487000000000039e+00 -2.420059999999999878e+00 9.805673000000000528e+00
8.675000000000000711e+00 -2.313169999999999948e+00 1.338898499999999991e+00 -2.313169999999999948e+00 9.733441499999999635e+00
8.699999999999999289e+00 -2.210970000000000102e+00 1.278227000000000002e+00 -2.210970000000000102e+00 9.663623000000001184e+00
8.724999999999999645e+00 -2.113239999999999785e+00 1.220349500000000198e+00 -2.113239999999999785e+00 9.596120499999999609e+00
8.750000000000000000e+00 -2.019800000000000040e+00 1.165127500000000094e+00 -2.019800000000000040e+00 9.530808499999999128e+00
8.775000000000000355e+00 -1.930460000000000065e+00 1.112441000000000013e+00 -1.930460000000000065e+00 9.467589000000000254e+00
8.800000000000000711e+00 -1.845050000000000079e+00 1.062173999999999952e+00 -1.845050000000000079e+00 9.406367999999998730e+00
8.824999999999999289e+00 -1.763409999999999922e+00 1.014213999999999949e+00 -1.763409999999999922e+00 9.347053999999999974e+00
8.849999999999999645e+00 -1.685349999999999904e+00 9.684540000000000370e-01 -1.685349999999999904e+00 9.289559999999999818e+00
8.875000000000000000e+00 -1.610740000000000061e+00 9.247935000000000461e-01 -1.610740000000000061e+00 9.233806500000000028e+00
8.900000000000000355e+00 -1.539430000000000076e+00 8.831344999999999335e-01 -1.539430000000000076e+00 9.179703499999998684e+00
8.925000000000000711e+00 -1.471260000000000012e+00 8.433855000000001212e-01 -1.471260000000000012e+00 9.127186500000000535e+00
8.949999999999999289e+00 -1.406109999999999971e+00 8.054575000000000484e-01 -1.406109999999999971e+00 9.076176500000000757e+00
8.974999999999999645e+00 -1.343839999999999923e+00 7.692679999999999518e-01 -1.343839999999999923e+00 9.026605999999999241e+00
9.000000000000000000e+00 -1.284319999999999906e+00 7.347344999999999571e-01 -1.284319999999999906e+00 8.978419499999999331e+00
9.025000000000000355e+00 -1.227449999999999930e+00 7.017830000000000457e-01 -1.227449999999999930e+00 8.931539000000000783e+00
9.050000000000000711e+00 -1.173089999999999966e+00 6.703379999999999894e-01 -1.173089999999999966e+00 8.885923999999999268e+00
9.074999999999999289e+00 -1.121150000000000091e+00 6.403320000000000123e-01 -1.121150000000000091e+00 8.841502000000000194e+00
9.099999999999999645e+00 -1.071509999999999962e+00 6.116975000000000051e-01 -1.071509999999999962e+00 8.798228500000000452e+00
9.125000000000000000e+00 -1.024080000000000101e+00 5.843720000000000026e-01 -1.024080000000000101e+00 8.756055999999999173e+00
9.150000000000000355e+00 -9.787529999999999841e-01 5.582944999999999158e-01 -9.787529999999999841e-01 8.714925499999999658e+00
9.175000000000000711e+00 -9.354440000000000532e-01 5.334075000000000344e-01 -9.354440000000000532e-01 8.674802500000000194e+00
9.199999999999999289e+00 -8.940609999999999946e-01 5.096565000000000678e-01 -8.940609999999999946e-01 8.635635499999999354e+00
9.224999999999999645e+00 -8.545199999999999463e-01 4.869900000000000340e-01 -8.545199999999999463e-01 8.597381999999999636e+00
9.250000000000000000e+00 -8.167400000000000215e-01 4.653559999999999919e-01 -8.167400000000000215e-01 8.560014000000000678e+00
9.275000000000000355e+00 -7.806429999999999758e-01 4.447084999999999511e-01 -7.806429999999999758e-01 8.523475499999999982e+00
9.300000000000000711e+00 -7.461539999999999839e-01 4.250005000000000033e-01 -7.461539999999999839e-01 8.487749500000001390e+00
9.324999999999999289e+00 -7.132030000000000314e-01 4.061909999999999688e-01 -7.132030000000000314e-01 8.452785000000000437e+00
9.349999999999999645e+00 -6.817210000000000214e-01 3.882369999999999988e-01 -6.817210000000000214e-01 8.418559000000000125e+00
9.375000000000000000e+00 -6.516429999999999723e-01 3.710995000000000266e-01 -6.516429999999999723e-01 8.385032500000001221e+00
9.400000000000000355e+00 -6.229069999999999885e-01 3.547405000000000141e-01 -6.229069999999999885e-01 8.352195499999998773e+00
9.425000000000000711e+00 -5.954530000000000101e-01 3.391239999999999810e-01 -5.954530000000000101e-01 8.319989999999998886e+00
9.449999999999999289e+00 -5.692230000000000345e-01 3.242169999999999774e-01 -5.692230000000000345e-01 8.288413000000000252e+00
9.474999999999999645e+00 -5.441650000000000098e-01 3.099850000000000105e-01 -5.441650000000000098e-01 8.257436999999999472e+00
9.500000000000000000e+00 -5.202240000000000197e-01 2.963990000000000236e-01 -5.202240000000000197e-01 8.227021000000000583e+00
9.525000000000000355e+00 -4.973520000000000163e-01 2.834274999999999989e-01 -4.973520000000000163e-01 8.197160500000000738e+00
9.550000000000000711e+00 -4.755010000000000070e-01 2.710428000000000281e-01 -4.755010000000000070e-01 8.167825200000001118e+00
9.574999999999999289e+00 -4.546250000000000013e-01 2.592174999999999896e-01 -4.546250000000000013e-01 8.138984499999999400e+00
9.599999999999999645e+00 -4.346800000000000108e-01 2.479263000000000161e-01 -4.346800000000000108e-01 8.110639700000000119e+00
9.625000000000000000e+00 -4.156250000000000222e-01 2.371440499999999951e-01 -4.156250000000000222e-01 8.082751950000000463e+00
9.650000000000000355e+00 -3.974199999999999955e-01 2.268476500000000118e-01 -3.974199999999999955e-01 8.055314349999999735e+00
9.675000000000000711e+00 -3.800270000000000037e-01 2.170152000000000192e-01 -3.800270000000000037e-01 8.028310799999999858e+00
9.699999999999999289e+00 -3.634089999999999820e-01 2.076248500000000274e-01 -3.634089999999999820e-01 8.001715150000000776e+00
9.724999999999999645e+00 -3.475320000000000076e-01 1.986548999999999954e-01 -3.475320000000000076e-01 7.975511099999999409e+00
9.750000000000000000e+00 -3.323619999999999908e-01 1.900877499999999998e-01 -3.323619999999999908e-01 7.949696250000000575e+00
9.775000000000000355e+00 -3.178670000000000107e-01 1.819048000000000054e-01 -3.178670000000000107e-01 7.924247199999999935e+00
9.800000000000000711e+00 -3.040169999999999817e-01 1.740867499999999846e-01 -3.040169999999999817e-01 7.899159250000000299e+00
9.824999999999999289e+00 -2.907839999999999869e-01 1.666181999999999941e-01 -2.907839999999999869e-01 7.874401800000000229e+00
9.849999999999999645e+00 -2.781379999999999963e-01 1.594828999999999830e-01 -2.781379999999999963e-01 7.849983100000000213e+00
9.875000000000000000e+00 -2.660549999999999859e-01 1.526647500000000157e-01 -2.660549999999999859e-01 7.825871250000000501e+00
9.900000000000000355e+00 -2.545080000000000120e-01 1.461496999999999935e-01 -2.545080000000000120e-01 7.802076300000000408e+00
9.925000000000000711e+00 -2.434729999999999950e-01 1.399236499999999828e-01 -2.434729999999999950e-01 7.778568349999999576e+00
9.949999999999999289e+00 -2.329279999999999962e-01 1.339738500000000054e-01 -2.329279999999999962e-01 7.755348150000000551e+00
9.974999999999999645e+00 -2.228489999999999915e-01 1.282863499999999934e-01 -2.228489999999999915e-01 7.732405650000000463e+00
1.000000000000000000e+01 -2.132169999999999899e-01 1.228493999999999975e-01 -2.132169999999999899e-01 7.709722600000000092e+00
1.002500000000000036e+01 -2.040109999999999979e-01 1.176528000000000018e-01 -2.040109999999999979e-01 7.687301999999999857e+00
1.005000000000000071e+01 -1.952109999999999956e-01 1.126841999999999983e-01 -1.952109999999999956e-01 7.665125000000000632e+00
1.007499999999999929e+01 -1.867999999999999938e-01 1.079335500000000031e-01 -1.867999999999999938e-01 7.643194450000000195e+00
1.009999999999999964e+01 -1.787600000000000022e-01 1.033906500000000006e-01 -1.787600000000000022e-01 7.621493349999999722e+00
1.012500000000000000e+01 -1.710740000000000038e-01 9.904634999999999134e-02 -1.710740000000000038e-01 7.600025250000000732e+00
1.015000000000000036e+01 -1.637260000000000104e-01 9.489124999999999643e-02 -1.637260000000000104e-01 7.578763549999999682e+00
1.017500000000000071e+01 -1.567020000000000080e-01 9.091674999999999063e-02 -1.567020000000000080e-01 7.557722449999999981e+00
1.019999999999999929e+01 -1.499850000000000072e-01 8.711479999999999224e-02 -1.499850000000000072e-01 7.536876200000000026e+00
1.022499999999999964e+01 -1.435639999999999972e-01 8.347745000000000859e-02 -1.435639999999999972e-01 7.516239349999999320e+00
1.025000000000000000e+01 -1.374229999999999896e-01 7.999720000000000442e-02 -1.374229999999999896e-01 7.495796800000000815e+00
1.027500000000000036e+01 -1.315510000000000013e-01 7.666680000000000716e-02 -1.315510000000000013e-01 7.475533599999999446e+00
1.030000000000000071e+01 -1.259359999999999924e-01 7.347959999999999214e-02 -1.259359999999999924e-01 7.455455000000000609e+00
1.032499999999999929e+01 -1.205660000000000065e-01 7.042904999999999305e-02 -1.205660000000000065e-01 7.435556749999999937e+00
1.034999999999999964e+01 -1.154300000000000048e-01 6.750910000000000244e-02 -1.154300000000000048e-01 7.415834699999999557e+00
1.037500000000000000e+01 -1.105180000000000051e-01 6.471364999999999756e-02 -1.105180000000000051e-01 7.396274550000000225e+00
1.040000000000000036e+01 -1.058189999999999964e-01 6.203739999999999949e-02 -1.058189999999999964e-01 7.376882799999999740e+00
1.042500000000000071e+01 -1.013239999999999974e-01 5.947469999999999840e-02 -1.013239999999999974e-01 7.357645699999999955e+00
1.044999999999999929e+01 -9.702460000000000251e-02 5.702104999999999674e-02 -9.702460000000000251e-02 7.338570150000000680e+00
1.047499999999999964e+01 -9.291099999999999359e-02 5.467074999999999713e-02 -9.291099999999999359e-02 7.319642250000000239e+00
1.050000000000000000e+01 -8.897539999999999616e-02 5.241969999999999963e-02 -8.897539999999999616e-02 7.300859299999999941e+00
1.052500000000000036e+01 -8.520969999999999933e-02 5.026324999999999543e-02 -8.520969999999999933e-02 7.282228149999999900e+00
1.055000000000000071e+01 -8.160649999999999848e-02 4.819755000000000567e-02 -8.160649999999999848e-02 7.263736250000000005e+00
1.057499999999999929e+01 -7.815859999999999475e-02 4.621824999999999545e-02 -7.815859999999999475e-02 7.245370750000000193e+00
1.059999999999999964e+01 -7.485899999999999499e-02 4.432185000000000291e-02 -7.485899999999999499e-02 7.227149149999999800e+00
1.062500000000000000e+01 -7.170120000000000660e-02 4.250455000000000205e-02 -7.170120000000000660e-02 7.209059049999999580e+00
1.065000000000000036e+01 -6.867900000000000393e-02 4.076284999999999631e-02 -6.867900000000000393e-02 7.191098150000000189e+00
1.067500000000000071e+01 -6.578630000000000588e-02 3.909359999999999918e-02 -6.578630000000000588e-02 7.173264200000000201e+00
1.069999999999999929e+01 -6.301740000000000119e-02 3.749374999999999930e-02 -6.301740000000000119e-02 7.155555249999999923e+00
1.072499999999999964e+01 -6.036699999999999705e-02 3.595999999999999891e-02 -6.036699999999999705e-02 7.137959200000000060e+00
1.075000000000000000e+01 -5.782980000000000065e-02 3.448960000000000220e-02 -5.782980000000000065e-02 7.120484199999999930e+00
1.077500000000000036e+01 -5.540080000000000005e-02 3.307994999999999686e-02 -5.540080000000000005e-02 7.103128449999999816e+00
1.080000000000000071e+01 -5.307529999999999887e-02 3.172839999999999688e-02 -5.307529999999999887e-02 7.085890200000000583e+00
1.082499999999999929e+01 -5.084879999999999955e-02 3.043240000000000181e-02 -5.084879999999999955e-02 7.068757800000000202e+00
1.084999999999999964e+01 -4.871700000000000336e-02 2.918969999999999898e-02 -4.871700000000000336e-02 7.051729900000000661e+00
1.087500000000000000e+01 -4.667580000000000340e-02 2.799794999999999714e-02 -4.667580000000000340e-02 7.034814649999999503e+00
1.090000000000000036e+01 -4.472120000000000262e-02 2.685504999999999837e-02 -4.472120000000000262e-02 7.018010949999999859e+00
1.092500000000000071e+01 -4.284949999999999870e-02 2.575894999999999921e-02 -4.284949999999999870e-02 7.001297249999999472e+00
1.094999999999999929e+01 -4.105700000000000321e-02 2.470777500000000126e-02 -4.105700000000000321e-02 6.984692424999999538e+00
1.097499999999999964e+01 -3.934039999999999759e-02 2.369939499999999810e-02 -3.934039999999999759e-02 6.968195005000000108e+00
1.100000000000000000e+01 -3.769650000000000084e-02 2.273231499999999947e-02 -3.769650000000000084e-02 6.951784084999999891e+00
1.102500000000000036e+01 -3.612200000000000133e-02 2.180464000000000013e-02 -3.612200000000000133e-02 6.935478360000000286e+00
1.105000000000000071e+01 -3.461399999999999894e-02 2.091490000000000016e-02 -3.461399999999999894e-02 6.919266900000000220e+00
1.107499999999999929e+01 -3.316960000000000047e-02 2.006132000000000054e-02 -3.316960000000000047e-02 6.903148480000000475e+00
1.109999999999999964e+01 -3.178609999999999769e-02 1.924254499999999979e-02 -3.178609999999999769e-02 6.887122254999999527e+00
1.112500000000000000e+01 -3.046099999999999849e-02 1.845723500000000239e-02 -3.046099999999999849e-02 6.871187364999999936e+00
1.115000000000000036e+01 -2.919170000000000098e-02 1.770385500000000098e-02 -2.919170000000000098e-02 6.855342744999999738e+00
1.117500000000000071e+01 -2.797579999999999859e-02 1.698117999999999850e-02 -2.797579999999999859e-02 6.839587619999999646e+00
1.119999999999999929e+01 -2.681110000000000090e-02 1.628799499999999956e-02 -2.681110000000000090e-02 6.823911204999999924e+00
1.122499999999999964e+01 -2.569540000000000018e-02 1.562309500000000004e-02 -2.569540000000000018e-02 6.808332705000000651e+00
1.125000000000000000e+01 -2.462670000000000137e-02 1.498528499999999923e-02 -2.462670000000000137e-02 6.792831314999999925e+00
1.127500000000000036e+01 -2.360289999999999958e-02 1.437357499999999955e-02 -2.360289999999999958e-02 6.777416425000000189e+00
1.130000000000000071e+01 -2.262209999999999915e-02 1.378678000000000022e-02 -2.262209999999999915e-02 6.762077220000000111e+00
1.132499999999999929e+01 -2.168250000000000038e-02 1.322393500000000090e-02 -2.168250000000000038e-02 6.746823065000000064e+00
1.134999999999999964e+01 -2.078249999999999889e-02 1.268415999999999988e-02 -2.078249999999999889e-02 6.731653439999999655e+00
1.137500000000000000e+01 -1.992019999999999902e-02 1.216651000000000017e-02 -1.992019999999999902e-02 6.716557690000000136e+00
1.140000000000000036e+01 -1.909419999999999867e-02 1.167003999999999958e-02 -1.909419999999999867e-02 6.701545199999999980e+00
1.142500000000000071e+01 -1.830290000000000042e-02 1.119394500000000028e-02 -1.830290000000000042e-02 6.686605455000000475e+00
1.144999999999999929e+01 -1.754489999999999869e-02 1.073738999999999943e-02 -1.754489999999999869e-02 6.671737910000000049e+00
1.147499999999999964e+01 -1.681859999999999952e-02 1.029957500000000005e-02 -1.681859999999999952e-02 6.656952024999999828e+00
1.150000000000000000e+01 -1.612289999999999904e-02 9.879820000000000962e-03 -1.612289999999999904e-02 6.642237400000000846e+00
1.152500000000000036e+01 -1.545649999999999975e-02 9.477350000000000704e-03 -1.545649999999999975e-02 6.627603510000000142e+00
1.155000000000000071e+01 -1.481799999999999957e-02 9.091494999999999785e-03 -1.481799999999999957e-02 6.613039924999999819e+00
1.157499999999999929e+01 -1.420639999999999924e-02 8.721575000000000508e-03 -1.420639999999999924e-02 6.598536225000000144e+00
1.159999999999999964e+01 -1.362050000000000066e-02 8.366969999999999616e-03 -1.362050000000000066e-02 6.584111970000000369e+00
1.162500000000000000e+01 -1.305919999999999997e-02 8.027045000000000013e-03 -1.305919999999999997e-02 6.569766774999999726e+00
1.165000000000000036e+01 -1.252160000000000079e-02 7.701214999999999970e-03 -1.252160000000000079e-02 6.555480264999999918e+00
1.167500000000000071e+01 -1.200649999999999981e-02 7.388920000000000210e-03 -1.200649999999999981e-02 6.541262080000000090e+00
1.169999999999999929e+01 -1.151310000000000007e-02 7.089615000000000500e-03 -1.151310000000000007e-02 6.527111865000000179e+00
1.172499999999999964e+01 -1.104040000000000056e-02 6.802754999999999740e-03 -1.104040000000000056e-02 6.513039285000000511e+00
1.175000000000000000e+01 -1.058770000000000024e-02 6.527859999999999913e-03 -1.058770000000000024e-02 6.499024019999999346e+00
1.177500000000000036e+01 -1.015390000000000043e-02 6.264419999999999711e-03 -1.015390000000000043e-02 6.485075759999999967e+00
1.180000000000000071e+01 -9.738470000000000806e-03 6.011984999999999205e-03 -9.738470000000000806e-03 6.471184215000000073e+00
1.182499999999999929e+01 -9.340460000000000082e-03 5.770100000000000229e-03 -9.340460000000000082e-03 6.457369099999999307e+00
1.184999999999999964e+01 -8.959200000000000497e-03 5.538329999999999295e-03 -8.959200000000000497e-03 6.443620130000000223e+00
1.187500000000000000e+01 -8.593969999999999387e-03 5.316254999999999765e-03 -8.593969999999999387e-03 6.429927044999999453e+00
1.190000000000000036e+01 -8.244100000000000733e-03 5.103475000000000546e-03 -8.244100000000000733e-03 6.416289604999999341e+00
1.192500000000000071e+01 -7.908939999999999720e-03 4.899604999999999586e-03 -7.908939999999999720e-03 6.402727555000000237e+00
1.194999999999999929e+01 -7.587870000000000031e-03 4.704284999999999890e-03 -7.587870000000000031e-03 6.389220674999999794e+00
1.197499999999999964e+01 -7.280280000000000085e-03 4.517150000000000158e-03 -7.280280000000000085e-03 6.375778730000000394e+00
1.200000000000000000e+01 -6.985619999999999677e-03 4.337849999999999866e-03 -6.985619999999999677e-03 6.362391510000000139e+00
1.202500000000000036e+01 -6.703330000000000399e-03 4.166040000000000194e-03 -6.703330000000000399e-03 6.349068799999999513e+00
1.205000000000000071e+01 -6.432880000000000195e-03 4.001445000000000175e-03 -6.432880000000000195e-03 6.335800435000000341e+00
1.207499999999999929e+01 -6.173770000000000299e-03 3.843764999999999855e-03 -6.173770000000000299e-03 6.322596234999999787e+00
1.209999999999999964e+01 -5.925520000000000093e-03 3.692664999999999923e-03 -5.925520000000000093e-03 6.309445975000000040e+00
1.212500000000000000e+01 -5.687659999999999764e-03 3.547864999999999873e-03 -5.687659999999999764e-03 6.296359494999999917e+00
1.215000000000000036e+01 -5.459760000000000134e-03 3.409109999999999918e-03 -5.459760000000000134e-03 6.283326629999999469e+00
1.217500000000000071e+01 -5.241370000000000404e-03 3.276149999999999809e-03 -5.241370000000000404e-03 6.270347229999999605e+00
1.219999999999999929e+01 -5.032110000000000229e-03 3.148709999999999877e-03 -5.032110000000000229e-03 6.257421129999999998e+00
1.222499999999999964e+01 -4.831570000000000309e-03 3.026575000000000099e-03 -4.831570000000000309e-03 6.244558204999999695e+00
1.225000000000000000e+01 -4.639380000000000240e-03 2.909505000000000164e-03 -4.639380000000000240e-03 6.231748295000000049e+00
1.227500000000000036e+01 -4.455180000000000425e-03 2.797280000000000079e-03 -4.455180000000000425e-03 6.218991280000000010e+00
1.230000000000000071e+01 -4.278640000000000221e-03 2.689689999999999789e-03 -4.278640000000000221e-03 6.206287030000000371e+00
1.232499999999999929e+01 -4.109409999999999973e-03 2.586535000000000049e-03 -4.109409999999999973e-03 6.193645424999999705e+00
1.234999999999999964e+01 -3.947189999999999727e-03 2.487609999999999908e-03 -3.947189999999999727e-03 6.181046330000000033e+00
1.237500000000000000e+01 -3.791670000000000023e-03 2.392753499999999804e-03 -3.791670000000000023e-03 6.168509666500000321e+00
1.240000000000000036e+01 -3.642569999999999922e-03 2.301759999999999917e-03 -3.642569999999999922e-03 6.156025299999999589e+00
1.242500000000000071e+01 -3.499599999999999846e-03 2.214466000000000004e-03 -3.499599999999999846e-03 6.143583134000000001e+00
1.244999999999999929e+01 -3.362509999999999978e-03 2.130718000000000195e-03 -3.362509999999999978e-03 6.131203082000000748e+00
1.247499999999999964e+01 -3.231030000000000187e-03 2.050365000000000174e-03 -3.231030000000000187e-03 6.118865055000000552e+00
1.250000000000000000e+01 -3.104930000000000103e-03 1.973235500000000003e-03 -3.104930000000000103e-03 6.106588944499999450e+00
1.252500000000000036e+01 -2.983979999999999792e-03 1.899201000000000101e-03 -2.983979999999999792e-03 6.094354679000000274e+00
1.255000000000000071e+01 -2.867950000000000187e-03 1.828123500000000028e-03 -2.867950000000000187e-03 6.082172176499999416e+00
1.257499999999999929e+01 -2.756619999999999990e-03 1.759876500000000015e-03 -2.756619999999999990e-03 6.070041363499999676e+00
1.259999999999999964e+01 -2.649809999999999839e-03 1.694323499999999920e-03 -2.649809999999999839e-03 6.057962156500000361e+00
1.262500000000000000e+01 -2.547300000000000172e-03 1.631360500000000055e-03 -2.547300000000000172e-03 6.045934499500000392e+00
1.265000000000000036e+01 -2.448930000000000204e-03 1.570863500000000204e-03 -2.448930000000000204e-03 6.033948316499999187e+00
1.267500000000000071e+01 -2.354499999999999822e-03 1.512730499999999844e-03 -2.354499999999999822e-03 6.022013549499999563e+00
1.269999999999999929e+01 -2.263849999999999977e-03 1.456840000000000045e-03 -2.263849999999999977e-03 6.010130119999999465e+00
1.272499999999999964e+01 -2.176819999999999884e-03 1.403111500000000025e-03 -2.176819999999999884e-03 5.998287988500000445e+00
1.275000000000000000e+01 -2.093250000000000059e-03 1.351444999999999947e-03 -2.093250000000000059e-03 5.986497094999999824e+00
1.277500000000000036e+01 -2.012990000000000092e-03 1.301751999999999987e-03 -2.012990000000000092e-03 5.974757387999999558e+00
1.280000000000000071e+01 -1.935899999999999947e-03 1.253935500000000029e-03 -1.935899999999999947e-03 5.963058806500000308e+00
1.282499999999999929e+01 -1.861849999999999963e-03 1.207922000000000162e-03 -1.861849999999999963e-03 5.951411310000000121e+00
1.284999999999999964e+01 -1.790700000000000104e-03 1.163638000000000042e-03 -1.790700000000000104e-03 5.939804857999999577e+00
1.287500000000000000e+01 -1.722339999999999939e-03 1.121003499999999927e-03 -1.722339999999999939e-03 5.928249400500000377e+00
1.290000000000000036e+01 -1.656640000000000022e-03 1.079946999999999938e-03 -1.656640000000000022e-03 5.916734897000000437e+00
1.292500000000000071e+01 -1.593489999999999924e-03 1.040401999999999950e-03 -1.593489999999999924e-03 5.905271305999999498e+00
1.294999999999999929e+01 -1.532780000000000080e-03 1.002302000000000054e-03 -1.532780000000000080e-03 5.893848589999999277e+00
1.297499999999999964e+01 -1.474410000000000000e-03 9.655869999999999558e-04 -1.474410000000000000e-03 5.882476713000000856e+00
1.300000000000000000e+01 -1.418280000000000061e-03 9.301979999999999190e-04 -1.418280000000000061e-03 5.871145639999999943e+00
1.302500000000000036e+01 -1.364310000000000089e-03 8.960790000000000378e-04 -1.364310000000000089e-03 5.859855336999999942e+00
1.305000000000000071e+01 -1.312379999999999927e-03 8.631770000000000198e-04 -1.312379999999999927e-03 5.848605773000000063e+00
1.307499999999999929e+01 -1.262440000000000090e-03 8.314425000000000071e-04 -1.262440000000000090e-03 5.837406917500000070e+00
1.309999999999999964e+01 -1.214379999999999930e-03 8.008264999999999871e-04 -1.214379999999999930e-03 5.826248741499999717e+00
1.312500000000000000e+01 -1.168140000000000020e-03 7.712845000000000725e-04 -1.168140000000000020e-03 5.815131217500000282e+00
1.315000000000000036e+01 -1.123630000000000028e-03 7.427735000000000197e-04 -1.123630000000000028e-03 5.804064320500000207e+00
1.317500000000000071e+01 -1.080800000000000033e-03 7.152514999999999264e-04 -1.080800000000000033e-03 5.793038024500000382e+00
1.319999999999999929e+01 -1.039559999999999920e-03 6.886814999999999690e-04 -1.039559999999999920e-03 5.782052306499999794e+00
1.322499999999999964e+01 -9.998660000000000794e-04 6.630244999999999672e-04 -9.998660000000000794e-04 5.771107143500000092e+00
1.325000000000000000e+01 -9.616439999999999971e-04 6.382465000000000360e-04 -9.616439999999999971e-04 5.760202513500000343e+00
1.327500000000000036e+01 -9.248379999999999839e-04 6.143159999999999506e-04 -9.248379999999999839e-04 5.749338398000000794e+00
1.330000000000000071e+01 -8.893949999999999642e-04 5.912005000000000125e-04 -8.893949999999999642e-04 5.738524775500000175e+00
1.332499999999999929e+01 -8.552590000000000322e-04 5.688705000000000280e-04 -8.552590000000000322e-04 5.727741627499999488e+00
1.334999999999999964e+01 -8.223809999999999584e-04 5.473004999999999754e-04 -8.223809999999999584e-04 5.716998941499999987e+00
1.337500000000000000e+01 -7.907119999999999470e-04 5.264580000000000475e-04 -7.907119999999999470e-04 5.706306694000000235e+00
1.340000000000000036e+01 -7.602070000000000485e-04 5.063224999999999757e-04 -7.602070000000000485e-04 5.695644873500000038e+00
1.342500000000000071e+01 -7.308209999999999880e-04 4.868700000000000328e-04 -7.308209999999999880e-04 5.685033463999999981e+00
1.344999999999999929e+01 -7.025140000000000030e-04 4.680759999999999955e-04 -7.025140000000000030e-04 5.674452449999999537e+00
1.347499999999999964e+01 -6.752439999999999744e-04 4.499230000000000221e-04 -6.752439999999999744e-04 5.663911820999999236e+00
1.350000000000000000e+01 -6.489749999999999859e-04 4.323859999999999900e-04 -6.489749999999999859e-04 5.653421562000000122e+00
1.352500000000000036e+01 -6.236689999999999812e-04 4.154499999999999881e-04 -6.236689999999999812e-04 5.642961661999999379e+00
1.355000000000000071e+01 -5.992929999999999828e-04 3.990955000000000349e-04 -5.992929999999999828e-04 5.632542110500000199e+00
1.357499999999999929e+01 -5.758129999999999976e-04 3.833040000000000015e-04 -5.758129999999999976e-04 5.622152894000000067e+00
1.359999999999999964e+01 -5.531979999999999710e-04 3.680609999999999850e-04 -5.531979999999999710e-04 5.611814005000000272e+00
1.362500000000000000e+01 -5.314179999999999729e-04 3.533499999999999966e-04 -5.314179999999999729e-04 5.601505431999999729e+00
1.365000000000000036e+01 -5.104429999999999645e-04 3.391559999999999627e-04 -5.104429999999999645e-04 5.591237165999999981e+00
1.367500000000000071e+01 -4.902469999999999701e-04 3.254665000000000119e-04 -4.902469999999999701e-04 5.581009199500000406e+00
1.369999999999999929e+01 -4.708019999999999827e-04 3.122640000000000311e-04 -4.708019999999999827e-04 5.570821519999999971e+00
1.372499999999999964e+01 -4.520829999999999879e-04 2.995385000000000257e-04 -4.520829999999999879e-04 5.560664123499999612e+00
1.375000000000000000e+01 -4.340659999999999874e-04 2.872750000000000303e-04 -4.340659999999999874e-04 5.550546998999999815e+00
1.377500000000000036e+01 -4.167269999999999829e-04 2.754629999999999882e-04 -4.167269999999999829e-04 5.540470141000000126e+00
1.380000000000000071e+01 -4.000440000000000072e-04 2.640879999999999964e-04 -4.000440000000000072e-04 5.530423540000000138e+00
1.382499999999999929e+01 -3.839949999999999852e-04 2.531400000000000056e-04 -3.839949999999999852e-04 5.520417189999999863e+00
1.384999999999999964e+01 -3.685590000000000198e-04 2.426090000000000213e-04 -3.685590000000000198e-04 5.510451084999999694e+00
1.387500000000000000e+01 -3.537160000000000130e-04 2.324838000000000186e-04 -3.537160000000000130e-04 5.500515218199999445e+00
1.390000000000000036e+01 -3.394459999999999752e-04 2.227507500000000052e-04 -3.394459999999999752e-04 5.490609581250000204e+00
1.392500000000000071e+01 -3.257290000000000250e-04 2.133999000000000030e-04 -3.257290000000000250e-04 5.480754168099999823e+00
1.394999999999999929e+01 -3.125490000000000191e-04 2.044221999999999890e-04 -3.125490000000000191e-04 5.470928973800000428e+00
1.397499999999999964e+01 -2.998860000000000219e-04 1.958054999999999941e-04 -2.998860000000000219e-04 5.461133990500000479e+00
1.400000000000000000e+01 -2.877239999999999984e-04 1.875386999999999736e-04 -2.877239999999999984e-04 5.451379211299999916e+00
1.402500000000000036e+01 -2.760460000000000062e-04 1.796136999999999842e-04 -2.760460000000000062e-04 5.441654632300000571e+00
1.405000000000000071e+01 -2.648339999999999787e-04 1.720184999999999997e-04 -2.648339999999999787e-04 5.431970245499999628e+00
1.407499999999999929e+01 -2.540740000000000207e-04 1.647430000000000183e-04 -2.540740000000000207e-04 5.422316045000000528e+00
1.409999999999999964e+01 -2.437499999999999888e-04 1.577783000000000137e-04 -2.437499999999999888e-04 5.412702025699999808e+00
1.412500000000000000e+01 -2.338460000000000105e-04 1.511130499999999914e-04 -2.338460000000000105e-04 5.403118180949999960e+00
1.415000000000000036e+01 -2.243480000000000008e-04 1.447384499999999864e-04 -2.243480000000000008e-04 5.393564505550000554e+00
1.417500000000000071e+01 -2.152420000000000104e-04 1.386424500000000095e-04 -2.152420000000000104e-04 5.384050991549999665e+00
1.419999999999999929e+01 -2.065120000000000042e-04 1.328179999999999877e-04 -2.065120000000000042e-04 5.374567636000000093e+00
1.422499999999999964e+01 -1.981460000000000101e-04 1.272531999999999830e-04 -1.981460000000000101e-04 5.365114430799999390e+00
1.425000000000000000e+01 -1.901310000000000131e-04 1.219391999999999997e-04 -1.901310000000000131e-04 5.355701371199999450e+00
1.427500000000000036e+01 -1.824519999999999940e-04 1.168664499999999930e-04 -1.824519999999999940e-04 5.346318451150000151e+00
1.430000000000000071e+01 -1.750970000000000076e-04 1.120259499999999976e-04 -1.750970000000000076e-04 5.336965665650000190e+00
1.432499999999999929e+01 -1.680549999999999893e-04 1.074074999999999910e-04 -1.680549999999999893e-04 5.327653008299999549e+00
1.434999999999999964e+01 -1.613119999999999897e-04 1.030023999999999881e-04 -1.613119999999999897e-04 5.318370473999999959e+00
1.437500000000000000e+01 -1.548569999999999981e-04 9.880135000000000230e-05 -1.548569999999999981e-04 5.309118057050000061e+00
1.440000000000000036e+01 -1.486790000000000041e-04 9.479624999999999553e-05 -1.486790000000000041e-04 5.299895752949999483e+00
1.442500000000000071e+01 -1.427669999999999970e-04 9.097815000000000578e-05 -1.427669999999999970e-04 5.290713556250000060e+00
1.444999999999999929e+01 -1.371090000000000047e-04 8.733885000000000151e-05 -1.371090000000000047e-04 5.281551461950000359e+00
1.447499999999999964e+01 -1.316950000000000054e-04 8.387000000000000845e-05 -1.316950000000000054e-04 5.272429465200000109e+00
1.450000000000000000e+01 -1.265159999999999928e-04 8.056380000000000951e-05 -1.265159999999999928e-04 5.263337561199999293e+00
1.452500000000000036e+01 -1.215599999999999949e-04 7.741259999999999808e-05 -1.215599999999999949e-04 5.254275745399999309e+00
1.455000000000000071e+01 -1.168199999999999962e-04 7.440894999999999508e-05 -1.168199999999999962e-04 5.245254013450000308e+00
1.457499999999999929e+01 -1.122849999999999998e-04 7.154580000000000878e-05 -1.122849999999999998e-04 5.236252361200000038e+00
1.459999999999999964e+01 -1.079470000000000017e-04 6.881634999999999716e-05 -1.079470000000000017e-04 5.227280784450000439e+00
1.462500000000000000e+01 -1.037979999999999979e-04 6.621399999999999996e-05 -1.037979999999999979e-04 5.218349279399999929e+00
1.465000000000000036e+01 -9.982890000000000231e-05 6.373244999999999659e-05 -9.982890000000000231e-05 5.209437842349999848e+00
1.467500000000000071e+01 -9.603220000000000527e-05 6.136590000000000144e-05 -9.603220000000000527e-05 5.200566469900000044e+00
1.469999999999999929e+01 -9.240030000000000368e-05 5.910849999999999828e-05 -9.240030000000000368e-05 5.191715158500000094e+00
1.472499999999999964e+01 -8.892619999999999572e-05 5.695484999999999562e-05 -8.892619999999999572e-05 5.182903905149999879e+00
1.475000000000000000e+01 -8.560279999999999972e-05 5.489995000000000281e-05 -8.560279999999999972e-05 5.174112706849999910e+00
1.477500000000000036e+01 -8.242370000000000165e-05 5.293904999999999927e-05 -8.242370000000000165e-05 5.165361560950000097e+00
1.480000000000000071e+01 -7.938239999999999403e-05 5.106745000000000181e-05 -7.938239999999999403e-05 5.156630464750000087e+00
1.482499999999999929e+01 -7.647310000000000479e-05 4.928095000000000121e-05 -7.647310000000000479e-05 5.147939415850000699e+00
1.484999999999999964e+01 -7.368990000000000067e-05 4.757549999999999876e-05 -7.368990000000000067e-05 5.139268411899999833e+00
1.487500000000000000e+01 -7.102750000000000394e-05 4.594739999999999990e-05 -7.102750000000000394e-05 5.130627451000000505e+00
1.490000000000000036e+01 -6.848050000000000274e-05 4.439310000000000023e-05 -6.848050000000000274e-05 5.122026531099999502e+00
1.492500000000000071e+01 -6.604400000000000667e-05 4.290924999999999579e-05 -6.604400000000000667e-05 5.113445650349999205e+00
1.494999999999999929e+01 -6.371329999999999865e-05 4.149269999999999662e-05 -6.371329999999999865e-05 5.104894807099999987e+00
1.497499999999999964e+01 -6.148390000000000268e-05 4.014064999999999658e-05 -6.148390000000000268e-05 5.096363999949999446e+00
1.500000000000000000e+01 -5.935140000000000234e-05 3.885024999999999958e-05 -5.935140000000000234e-05 5.087873227150000233e+00
1.502500000000000036e+01 -5.731180000000000242e-05 3.761894999999999665e-05 -5.731180000000000242e-05 5.079402487649999465e+00
1.505000000000000071e+01 -5.536120000000000114e-05 3.644424999999999585e-05 -5.536120000000000114e-05 5.070971780349999847e+00
1.507499999999999929e+01 -5.349579999999999695e-05 3.532394999999999914e-05 -5.349579999999999695e-05 5.062561103650000227e+00
1.509999999999999964e+01 -5.171200000000000227e-05 3.425585000000000170e-05 -5.171200000000000227e-05 5.054170456749999651e+00
1.512500000000000000e+01 -5.000630000000000266e-05 3.323780000000000218e-05 -5.000630000000000266e-05 5.045819838599999940e+00
1.515000000000000036e+01 -4.837559999999999809e-05 3.226779999999999623e-05 -4.837559999999999809e-05 5.037489248199999992e+00
1.517500000000000071e+01 -4.681660000000000167e-05 3.134384999999999976e-05 -4.681660000000000167e-05 5.029198684549999854e+00
1.519999999999999929e+01 -4.532619999999999981e-05 3.046424999999999890e-05 -4.532619999999999981e-05 5.020918146949999716e+00
1.522499999999999964e+01 -4.390149999999999971e-05 2.962694999999999931e-05 -4.390149999999999971e-05 5.012677634250000125e+00
1.525000000000000000e+01 -4.253970000000000201e-05 2.883015000000000043e-05 -4.253970000000000201e-05 5.004457145649999994e+00
1.527500000000000036e+01 -4.123800000000000057e-05 2.807230000000000226e-05 -4.123800000000000057e-05 4.996266680499999779e+00
1.530000000000000071e+01 -3.999360000000000279e-05 2.735135000000000029e-05 -3.999360000000000279e-05 4.988106237649999386e+00
1.532499999999999929e+01 -3.880400000000000320e-05 2.666574999999999791e-05 -3.880400000000000320e-05 4.979965816450000027e+00
1.534999999999999964e+01 -3.766670000000000310e-05 2.601365000000000123e-05 -3.766670000000000310e-05 4.971855415950000356e+00
1.537500000000000000e+01 -3.657909999999999677e-05 2.539334999999999973e-05 -3.657909999999999677e-05 4.963775035249999412e+00
1.540000000000000036e+01 -3.553889999999999952e-05 2.480299999999999953e-05 -3.553889999999999952e-05 4.955714673400000159e+00
1.542500000000000071e+01 -3.454359999999999907e-05 2.424098999999999980e-05 -3.454359999999999907e-05 4.947684329609999487e+00
1.544999999999999929e+01 -3.359089999999999716e-05 2.370539999999999838e-05 -3.359089999999999716e-05 4.939674002800000352e+00
1.547499999999999964e+01 -3.267860000000000252e-05 2.319452000000000099e-05 -3.267860000000000252e-05 4.931693692079999636e+00
1.550000000000000000e+01 -3.180449999999999678e-05 2.270665999999999784e-05 -3.180449999999999678e-05 4.923743396539999928e+00
1.552500000000000036e+01 -3.096630000000000199e-05 2.223992000000000170e-05 -3.096630000000000199e-05 4.915813115079999740e+00
1.555000000000000071e+01 -3.016210000000000044e-05 2.179251999999999985e-05 -3.016210000000000044e-05 4.907902846679999875e+00
1.557499999999999929e+01 -2.938960000000000064e-05 2.136278999999999744e-05 -2.938960000000000064e-05 4.900032590409999500e+00
1.559999999999999964e+01 -2.864699999999999864e-05 2.094896999999999672e-05 -2.864699999999999864e-05 4.892172345229999664e+00
1.562500000000000000e+01 -2.793219999999999999e-05 2.054931500000000097e-05 -2.793219999999999999e-05 4.884352110084999588e+00
1.565000000000000036e+01 -2.724340000000000076e-05 2.016219000000000084e-05 -2.724340000000000076e-05 4.876541884009999883e+00
1.567500000000000071e+01 -2.657870000000000016e-05 1.978577500000000116e-05 -2.657870000000000016e-05 4.868771665825000206e+00
1.569999999999999929e+01 -2.593650000000000146e-05 1.941867000000000224e-05 -2.593650000000000146e-05 4.861011454729999848e+00
1.572499999999999964e+01 -2.531490000000000050e-05 1.905929500000000198e-05 -2.531490000000000050e-05 4.853281249705000633e+00
1.575000000000000000e+01 -2.471250000000000099e-05 1.870597999999999873e-05 -2.471250000000000099e-05 4.845581049620000691e+00
1.577500000000000036e+01 -2.412769999999999940e-05 1.835763000000000062e-05 -2.412769999999999940e-05 4.837900853769999898e+00
1.580000000000000071e+01 -2.355899999999999924e-05 1.801260999999999829e-05 -2.355899999999999924e-05 4.830250661190000017e+00
1.582499999999999929e+01 -2.300500000000000082e-05 1.766991999999999971e-05 -2.300500000000000082e-05 4.822620471080000470e+00
1.584999999999999964e+01 -2.246469999999999855e-05 1.732827499999999970e-05 -2.246469999999999855e-05 4.815010282525000740e+00
1.587500000000000000e+01 -2.193679999999999976e-05 1.698691499999999930e-05 -2.193679999999999976e-05 4.807430095084999522e+00
1.590000000000000036e+01 -2.142019999999999864e-05 1.664431500000000024e-05 -2.142019999999999864e-05 4.799869907485000198e+00
1.592500000000000071e+01 -2.091400000000000000e-05 1.630028499999999940e-05 -2.091400000000000000e-05 4.792329719715000103e+00
1.594999999999999929e+01 -2.041729999999999847e-05 1.595395500000000030e-05 -2.041729999999999847e-05 4.784819531045000573e+00
1.597499999999999964e+01 -1.992939999999999930e-05 1.560480500000000043e-05 -1.992939999999999930e-05 4.777329340994999285e+00
1.600000000000000000e+01 -1.944980000000000138e-05 1.525237499999999981e-05 -1.944980000000000138e-05 4.769869149225000271e+00
1.602499999999999858e+01 -1.897779999999999980e-05 1.489650000000000044e-05 -1.897779999999999980e-05 4.762428955499999894e+00
1.605000000000000071e+01 -1.851300000000000046e-05 1.453682499999999952e-05 -1.851300000000000046e-05 4.755008759374999450e+00
1.607499999999999929e+01 -1.805519999999999952e-05 1.417361500000000033e-05 -1.805519999999999952e-05 4.747608560985000281e+00
1.610000000000000142e+01 -1.760419999999999994e-05 1.380695999999999901e-05 -1.760419999999999994e-05 4.740238360240000226e+00
1.612500000000000000e+01 -1.715990000000000150e-05 1.343687499999999999e-05 -1.715990000000000150e-05 4.732888156925000089e+00
1.614999999999999858e+01 -1.672240000000000103e-05 1.306410999999999984e-05 -1.672240000000000103e-05 4.725567951489999530e+00
1.617500000000000071e+01 -1.629169999999999853e-05 1.268891999999999946e-05 -1.629169999999999853e-05 4.718257743880000632e+00
1.619999999999999929e+01 -1.586810000000000144e-05 1.231216999999999837e-05 -1.586810000000000144e-05 4.710977534589999571e+00
1.622500000000000142e+01 -1.545190000000000024e-05 1.193457999999999950e-05 -1.545190000000000024e-05 4.703717323920000304e+00
1.625000000000000000e+01 -1.504359999999999942e-05 1.155703499999999869e-05 -1.504359999999999942e-05 4.696487112325000268e+00
1.627499999999999858e+01 -1.464370000000000008e-05 1.118055499999999955e-05 -1.464370000000000008e-05 4.689266900325000265e+00
1.630000000000000071e+01 -1.425269999999999993e-05 1.080621999999999968e-05 -1.425269999999999993e-05 4.682076688520000474e+00
1.632499999999999929e+01 -1.387120000000000028e-05 1.043523000000000004e-05 -1.387120000000000028e-05 4.674906477550000439e+00
1.635000000000000142e+01 -1.350009999999999971e-05 1.006883499999999997e-05 -1.350009999999999971e-05 4.667756268145000220e+00
1.637500000000000000e+01 -1.313999999999999955e-05 9.708380000000000381e-06 -1.313999999999999955e-05 4.660636061059999946e+00
1.639999999999999858e+01 -1.279180000000000008e-05 9.355239999999999219e-06 -1.279180000000000008e-05 4.653525857099999996e+00
1.642500000000000071e+01 -1.245629999999999965e-05 9.010859999999999307e-06 -1.245629999999999965e-05 4.646445657120000128e+00
1.644999999999999929e+01 -1.213450000000000046e-05 8.676715000000000493e-06 -1.213450000000000046e-05 4.639385462005000349e+00
1.647500000000000142e+01 -1.182710000000000065e-05 8.354275000000000579e-06 -1.182710000000000065e-05 4.632345272644999845e+00
1.650000000000000000e+01 -1.153529999999999948e-05 8.045044999999999814e-06 -1.153529999999999948e-05 4.625325089975000026e+00
1.652499999999999858e+01 -1.125990000000000039e-05 7.750539999999999150e-06 -1.125990000000000039e-05 4.618324914919999635e+00
1.655000000000000071e+01 -1.100180000000000027e-05 7.472240000000000476e-06 -1.100180000000000027e-05 4.611344748420000528e+00
1.657499999999999929e+01 -1.076199999999999962e-05 7.211605000000000048e-06 -1.076199999999999962e-05 4.604394591395000624e+00
1.660000000000000142e+01 -1.054130000000000019e-05 6.970054999999999795e-06 -1.054130000000000019e-05 4.597454444764999870e+00
1.662500000000000000e+01 -1.034060000000000057e-05 6.748970000000000538e-06 -1.034060000000000057e-05 4.590544309430000247e+00
1.664999999999999858e+01 -1.016089999999999957e-05 6.549679999999999605e-06 -1.016089999999999957e-05 4.583654186259999541e+00
1.667500000000000071e+01 -1.000269999999999996e-05 6.373430000000000234e-06 -1.000269999999999996e-05 4.576784076090000042e+00
1.669999999999999929e+01 -9.867020000000000272e-06 6.221439999999999678e-06 -9.867020000000000272e-06 4.569923979759999533e+00
1.672500000000000142e+01 -9.754379999999999602e-06 6.094655000000000519e-06 -9.754379999999999602e-06 4.563093897884999528e+00
1.675000000000000000e+01 -9.665440000000000077e-06 5.994215000000000342e-06 -9.665440000000000077e-06 4.556283831325000477e+00
1.677499999999999858e+01 -9.600749999999999516e-06 5.920945000000000110e-06 -9.600749999999999516e-06 4.549493780634999318e+00
1.680000000000000071e+01 -9.560730000000000194e-06 5.875654999999999736e-06 -9.560730000000000194e-06 4.542723746404999652e+00
1.682499999999999929e+01 -9.545879999999999819e-06 5.858959999999999890e-06 -9.545879999999999819e-06 4.535973729180000191e+00
1.685000000000000142e+01 -9.556439999999999935e-06 5.871444999999999144e-06 -9.556439999999999935e-06 4.529243729374999639e+00
1.687500000000000000e+01 -9.592630000000000685e-06 5.913514999999999573e-06 -9.592630000000000685e-06 4.522533747364999357e+00
1.689999999999999858e+01 -9.654590000000000003e-06 5.985460000000000288e-06 -9.654590000000000003e-06 4.515843783440000259e+00
1.692500000000000071e+01 -9.742330000000000285e-06 6.087430000000000770e-06 -9.742330000000000285e-06 4.509173837809999696e+00
1.694999999999999929e+01 -9.855799999999999725e-06 6.219460000000000080e-06 -9.855799999999999725e-06 4.502523910619999903e+00
1.697500000000000142e+01 -9.994799999999999580e-06 6.381445000000000190e-06 -9.994799999999999580e-06 4.495894001915000437e+00
1.700000000000000000e+01 -1.015910000000000070e-05 6.573134999999999705e-06 -1.015910000000000070e-05 4.489284111664999521e+00
1.702499999999999858e+01 -1.034840000000000073e-05 6.794149999999999994e-06 -1.034840000000000073e-05 4.482694239729999808e+00
1.705000000000000071e+01 -1.056220000000000028e-05 7.043980000000000107e-06 -1.056220000000000028e-05 4.476114385919999883e+00
1.707499999999999929e+01 -1.079989999999999972e-05 7.322014999999999725e-06 -1.079989999999999972e-05 4.469564549985000745e+00
1.710000000000000142e+01 -1.106089999999999942e-05 7.627485000000000038e-06 -1.106089999999999942e-05 4.463034731535000077e+00
1.712500000000000000e+01 -1.134439999999999933e-05 7.959500000000000619e-06 -1.134439999999999933e-05 4.456514930139999997e+00
1.714999999999999858e+01 -1.164969999999999961e-05 8.317075000000000325e-06 -1.164969999999999961e-05 4.450015145284999640e+00
1.717500000000000071e+01 -1.197579999999999976e-05 8.699104999999999783e-06 -1.197579999999999976e-05 4.443545376374999911e+00
1.719999999999999929e+01 -1.232169999999999927e-05 9.104359999999999344e-06 -1.232169999999999927e-05 4.437085622739999735e+00
1.722500000000000142e+01 -1.268639999999999936e-05 9.531555000000000596e-06 -1.268639999999999936e-05 4.430645883685000008e+00
1.725000000000000000e+01 -1.306879999999999929e-05 9.979270000000000764e-06 -1.306879999999999929e-05 4.424226158389999775e+00
1.727499999999999858e+01 -1.346749999999999938e-05 1.044603500000000035e-05 -1.346749999999999938e-05 4.417816446025000232e+00
1.730000000000000071e+01 -1.388140000000000062e-05 1.093029000000000034e-05 -1.388140000000000062e-05 4.411436745690000549e+00
1.732499999999999929e+01 -1.430920000000000015e-05 1.143039999999999986e-05 -1.430920000000000015e-05 4.405067056420000071e+00
1.735000000000000142e+01 -1.474939999999999976e-05 1.194469500000000067e-05 -1.474939999999999976e-05 4.398727377244999737e+00
1.737500000000000000e+01 -1.520059999999999978e-05 1.247145000000000068e-05 -1.520059999999999978e-05 4.392397707149999775e+00
1.739999999999999858e+01 -1.566149999999999904e-05 1.300882000000000126e-05 -1.566149999999999904e-05 4.386088044980000156e+00
1.742500000000000071e+01 -1.613050000000000082e-05 1.355506499999999928e-05 -1.613050000000000082e-05 4.379788389735000287e+00
1.744999999999999929e+01 -1.660620000000000035e-05 1.410823500000000063e-05 -1.660620000000000035e-05 4.373518740164999308e+00
1.747500000000000142e+01 -1.708690000000000068e-05 1.466666500000000063e-05 -1.708690000000000068e-05 4.367259095335000119e+00
1.750000000000000000e+01 -1.757119999999999873e-05 1.522840999999999876e-05 -1.757119999999999873e-05 4.361019453990000017e+00
1.752499999999999858e+01 -1.805760000000000140e-05 1.579150499999999984e-05 -1.805760000000000140e-05 4.354799814895000232e+00
1.755000000000000071e+01 -1.854440000000000155e-05 1.635431500000000132e-05 -1.854440000000000155e-05 4.348600177084999352e+00
1.757499999999999929e+01 -1.903029999999999972e-05 1.691479999999999939e-05 -1.903029999999999972e-05 4.342410539199999420e+00
1.760000000000000142e+01 -1.951359999999999897e-05 1.747132500000000166e-05 -1.951359999999999897e-05 4.336250900275000042e+00
1.762500000000000000e+01 -1.999289999999999962e-05 1.802197499999999951e-05 -1.999289999999999962e-05 4.330091259025000028e+00
1.764999999999999858e+01 -2.046669999999999837e-05 1.856513999999999891e-05 -2.046669999999999837e-05 4.323961614459999936e+00
1.767500000000000071e+01 -2.093359999999999893e-05 1.909902499999999964e-05 -2.093359999999999893e-05 4.317851965375000489e+00
1.769999999999999929e+01 -2.139220000000000162e-05 1.962203999999999891e-05 -2.139220000000000162e-05 4.311752310760000206e+00
1.772500000000000142e+01 -2.184109999999999998e-05 2.013271999999999924e-05 -2.184109999999999998e-05 4.305672649679999964e+00
1.775000000000000000e+01 -2.227910000000000155e-05 2.062941000000000007e-05 -2.227910000000000155e-05 4.299602980990000489e+00
1.777499999999999858e+01 -2.270500000000000030e-05 2.111077499999999948e-05 -2.270500000000000030e-05 4.293553303825000000e+00
1.780000000000000071e+01 -2.311719999999999951e-05 2.157534499999999968e-05 -2.311719999999999951e-05 4.287523617055000180e+00
1.782499999999999929e+01 -2.351500000000000102e-05 2.202193500000000246e-05 -2.351500000000000102e-05 4.281513920265000550e+00
1.785000000000000142e+01 -2.389709999999999859e-05 2.244924000000000125e-05 -2.389709999999999859e-05 4.275514212160000049e+00
1.787500000000000000e+01 -2.426250000000000021e-05 2.285633999999999943e-05 -2.426250000000000021e-05 4.269534492260000036e+00
1.789999999999999858e+01 -2.461030000000000051e-05 2.324205999999999953e-05 -2.461030000000000051e-05 4.263574759739999998e+00
1.792500000000000071e+01 -2.493960000000000090e-05 2.360537500000000098e-05 -2.493960000000000090e-05 4.257625013824999805e+00
1.794999999999999929e+01 -2.524969999999999984e-05 2.394556500000000085e-05 -2.524969999999999984e-05 4.251695254034999927e+00
1.797500000000000142e+01 -2.553959999999999854e-05 2.426204000000000191e-05 -2.553959999999999854e-05 4.245785479960000330e+00
1.800000000000000000e+01 -2.580889999999999950e-05 2.455370999999999907e-05 -2.580889999999999950e-05 4.239885690689999542e+00
1.802499999999999858e+01 -2.605680000000000097e-05 2.481991999999999733e-05 -2.605680000000000097e-05 4.234005885680000247e+00
1.805000000000000071e+01 -2.628289999999999869e-05 2.506082499999999735e-05 -2.628289999999999869e-05 4.228146065175000246e+00
1.807499999999999929e+01 -2.648669999999999833e-05 2.527569000000000194e-05 -2.648669999999999833e-05 4.222296228509999416e+00
1.810000000000000142e+01 -2.666779999999999902e-05 2.546420999999999993e-05 -2.666779999999999902e-05 4.216466375390000465e+00
1.812500000000000000e+01 -2.682610000000000054e-05 2.562619000000000138e-05 -2.682610000000000054e-05 4.210646505609999757e+00
1.814999999999999858e+01 -2.696139999999999905e-05 2.576154500000000036e-05 -2.696139999999999905e-05 4.204846619055000012e+00
1.817500000000000071e+01 -2.707320000000000025e-05 2.587022500000000014e-05 -2.707320000000000025e-05 4.199066715574999442e+00
1.819999999999999929e+01 -2.716160000000000097e-05 2.595226499999999639e-05 -2.716160000000000097e-05 4.193296795134999755e+00
1.822500000000000142e+01 -2.722660000000000119e-05 2.600784999999999867e-05 -2.722660000000000119e-05 4.187546857750000129e+00
1.825000000000000000e+01 -2.726830000000000115e-05 2.603714499999999819e-05 -2.726830000000000115e-05 4.181806903455000501e+00
1.827499999999999858e+01 -2.728670000000000084e-05 2.604033500000000112e-05 -2.728670000000000084e-05 4.176086932265000051e+00
1.830000000000000071e+01 -2.728210000000000091e-05 2.601793499999999944e-05 -2.728210000000000091e-05 4.170386944465000134e+00
1.832499999999999929e+01 -2.725469999999999843e-05 2.597025000000000093e-05 -2.725469999999999843e-05 4.164696940149999804e+00
1.835000000000000142e+01 -2.720480000000000082e-05 2.589780500000000166e-05 -2.720480000000000082e-05 4.159026919595000038e+00
1.837500000000000000e+01 -2.713269999999999858e-05 2.580123500000000201e-05 -2.713269999999999858e-05 4.153366883164999912e+00
1.839999999999999858e+01 -2.703879999999999936e-05 2.568097500000000191e-05 -2.703879999999999936e-05 4.147716831025000772e+00
1.842500000000000071e+01 -2.692360000000000087e-05 2.553768500000000010e-05 -2.692360000000000087e-05 4.142096763515000113e+00
1.844999999999999929e+01 -2.678770000000000104e-05 2.537221000000000148e-05 -2.678770000000000104e-05 4.136476681189999560e+00
1.847500000000000142e+01 -2.663140000000000052e-05 2.518521499999999837e-05 -2.663140000000000052e-05 4.130886584385000226e+00
1.850000000000000000e+01 -2.645550000000000107e-05 2.497737000000000037e-05 -2.645550000000000107e-05 4.125296473429999722e+00
1.852499999999999858e+01 -2.626040000000000018e-05 2.474951499999999846e-05 -2.626040000000000018e-05 4.119736348884999622e+00
1.855000000000000071e+01 -2.604699999999999981e-05 2.450267999999999695e-05 -2.604699999999999981e-05 4.114176211320000220e+00
1.857499999999999929e+01 -2.581570000000000086e-05 2.423761000000000052e-05 -2.581570000000000086e-05 4.108646061189999976e+00
1.860000000000000142e+01 -2.556739999999999851e-05 2.395518999999999993e-05 -2.556739999999999851e-05 4.103115899010000511e+00
1.862500000000000000e+01 -2.530270000000000086e-05 2.365640000000000275e-05 -2.530270000000000086e-05 4.097615725399999853e+00
1.864999999999999858e+01 -2.502249999999999971e-05 2.334211999999999938e-05 -2.502249999999999971e-05 4.092115540880000069e+00
1.867500000000000071e+01 -2.472729999999999956e-05 2.301323499999999753e-05 -2.472729999999999956e-05 4.086645345965000509e+00
1.869999999999999929e+01 -2.441809999999999920e-05 2.267071500000000068e-05 -2.441809999999999920e-05 4.081175141284999697e+00
1.872500000000000142e+01 -2.409560000000000017e-05 2.231554499999999981e-05 -2.409560000000000017e-05 4.075724927455000035e+00
1.875000000000000000e+01 -2.376060000000000083e-05 2.194870499999999910e-05 -2.376060000000000083e-05 4.070294705095000687e+00
1.877499999999999858e+01 -2.341399999999999978e-05 2.157106499999999843e-05 -2.341399999999999978e-05 4.064874474735000298e+00
1.880000000000000071e+01 -2.305630000000000149e-05 2.118349999999999801e-05 -2.305630000000000149e-05 4.059464236900000245e+00
1.882499999999999929e+01 -2.268860000000000161e-05 2.078707500000000121e-05 -2.268860000000000161e-05 4.054073992324999764e+00
1.885000000000000142e+01 -2.231150000000000144e-05 2.038265500000000077e-05 -2.231150000000000144e-05 4.048703741544999346e+00
1.887500000000000000e+01 -2.192579999999999936e-05 1.997119999999999947e-05 -2.192579999999999936e-05 4.043333485199999799e+00
1.889999999999999858e+01 -2.153240000000000072e-05 1.955346499999999931e-05 -2.153240000000000072e-05 4.037993223735000470e+00
1.892500000000000071e+01 -2.113190000000000007e-05 1.913039000000000167e-05 -2.113190000000000007e-05 4.032652957809999883e+00
1.894999999999999929e+01 -2.072519999999999937e-05 1.870274499999999943e-05 -2.072519999999999937e-05 4.027332687854999982e+00
1.897500000000000142e+01 -2.031300000000000016e-05 1.827158499999999864e-05 -2.031300000000000016e-05 4.022032414615000384e+00
1.900000000000000000e+01 -1.989600000000000060e-05 1.783736999999999758e-05 -1.989600000000000060e-05 4.016732138430000099e+00
1.902499999999999858e+01 -1.947489999999999882e-05 1.740108500000000079e-05 -1.947489999999999882e-05 4.011461859915000261e+00
1.905000000000000071e+01 -1.905039999999999975e-05 1.696344000000000034e-05 -1.905039999999999975e-05 4.006191579559999383e+00
1.907499999999999929e+01 -1.862310000000000132e-05 1.652515499999999916e-05 -1.862310000000000132e-05 4.000941297845000300e+00
1.910000000000000142e+01 -1.819379999999999850e-05 1.608672499999999801e-05 -1.819379999999999850e-05 3.995701015075000306e+00
1.912500000000000000e+01 -1.776299999999999917e-05 1.564907000000000025e-05 -1.776299999999999917e-05 3.990480731929999969e+00
1.914999999999999858e+01 -1.733130000000000125e-05 1.521267500000000085e-05 -1.733130000000000125e-05 3.985270448724999692e+00
1.917500000000000071e+01 -1.689929999999999929e-05 1.477803999999999921e-05 -1.689929999999999929e-05 3.980070165759999945e+00
1.919999999999999929e+01 -1.646760000000000137e-05 1.434582999999999949e-05 -1.646760000000000137e-05 3.974889883570000393e+00
1.922500000000000142e+01 -1.603660000000000160e-05 1.391653000000000006e-05 -1.603660000000000160e-05 3.969719602470000108e+00
1.925000000000000000e+01 -1.560690000000000129e-05 1.349061500000000026e-05 -1.560690000000000129e-05 3.964569322785000072e+00
1.927499999999999858e+01 -1.517899999999999985e-05 1.306844499999999986e-05 -1.517899999999999985e-05 3.959429044755000238e+00
1.930000000000000071e+01 -1.475319999999999963e-05 1.265046999999999985e-05 -1.475319999999999963e-05 3.954298768729999747e+00
1.932499999999999929e+01 -1.433000000000000002e-05 1.223705000000000001e-05 -1.433000000000000002e-05 3.949178494949999951e+00
1.935000000000000142e+01 -1.390980000000000021e-05 1.182852500000000039e-05 -1.390980000000000021e-05 3.944078223675000050e+00
1.937500000000000000e+01 -1.349289999999999917e-05 1.142514499999999986e-05 -1.349289999999999917e-05 3.938987955094999993e+00
1.939999999999999858e+01 -1.307969999999999947e-05 1.102720500000000041e-05 -1.307969999999999947e-05 3.933907689414999798e+00
1.942500000000000071e+01 -1.267039999999999985e-05 1.063487500000000039e-05 -1.267039999999999985e-05 3.928847426784999985e+00
1.944999999999999929e+01 -1.226529999999999927e-05 1.024835500000000024e-05 -1.226529999999999927e-05 3.923797167345000059e+00
1.947500000000000142e+01 -1.186470000000000009e-05 9.867759999999999523e-06 -1.186470000000000009e-05 3.918756911200000026e+00
1.950000000000000000e+01 -1.146870000000000083e-05 9.493204999999999515e-06 -1.146870000000000083e-05 3.913736658434999960e+00
1.952499999999999858e+01 -1.107760000000000046e-05 9.124720000000000620e-06 -1.107760000000000046e-05 3.908726409100000243e+00
1.955000000000000071e+01 -1.069159999999999941e-05 8.762340000000000203e-06 -1.069159999999999941e-05 3.903726163239999991e+00
1.957499999999999929e+01 -1.031069999999999938e-05 8.406020000000000199e-06 -1.031069999999999938e-05 3.898745920820000155e+00
1.960000000000000142e+01 -9.934989999999999894e-06 8.055724999999999854e-06 -9.934989999999999894e-06 3.893765681834999715e+00
1.962500000000000000e+01 -9.564649999999999980e-06 7.711319999999999888e-06 -9.564649999999999980e-06 3.888805446219999684e+00
1.964999999999999858e+01 -9.199690000000000344e-06 7.372664999999999824e-06 -9.199690000000000344e-06 3.883855213874999990e+00
1.967500000000000071e+01 -8.840139999999999695e-06 7.039594999999999979e-06 -8.840139999999999695e-06 3.878924984704999801e+00
1.969999999999999929e+01 -8.485980000000000023e-06 6.711815000000000044e-06 -8.485980000000000023e-06 3.874004758504999923e+00
1.972500000000000142e+01 -8.137200000000000628e-06 6.389054999999999767e-06 -8.137200000000000628e-06 3.869094535104999899e+00
1.975000000000000000e+01 -7.793740000000000701e-06 6.070999999999999980e-06 -7.793740000000000701e-06 3.864194314279999709e+00
1.977499999999999858e+01 -7.455529999999999581e-06 5.757255000000000158e-06 -7.455529999999999581e-06 3.859304095765000220e+00
1.980000000000000071e+01 -7.122459999999999736e-06 5.447384999999999515e-06 -7.122459999999999736e-06 3.854433879254999695e+00
1.982499999999999929e+01 -6.794399999999999695e-06 5.140884999999999993e-06 -6.794399999999999695e-06 3.849573664394999817e+00
1.985000000000000142e+01 -6.471219999999999682e-06 4.837209999999999889e-06 -6.471219999999999682e-06 3.844723450790000108e+00
1.987500000000000000e+01 -6.152720000000000106e-06 4.535745000000000227e-06 -6.152720000000000106e-06 3.839893238015000154e+00
1.989999999999999858e+01 -5.838720000000000232e-06 4.235794999999999820e-06 -5.838720000000000232e-06 3.835063025564999784e+00
1.992500000000000071e+01 -5.529009999999999771e-06 3.936630000000000119e-06 -5.529009999999999771e-06 3.830252812909999971e+00
1.994999999999999929e+01 -5.223299999999999609e-06 3.637355000000000346e-06 -5.223299999999999609e-06 3.825452599385000152e+00
1.997500000000000142e+01 -4.921440000000000267e-06 3.337273999999999924e-06 -4.921440000000000267e-06 3.820662384506000375e+00
2.000000000000000000e+01 -4.622840000000000280e-06 3.034747499999999865e-06 -4.622840000000000280e-06 3.815892167052500117e+00
