# raxis[fm], SN, VN, SP, VP [MeV]
0.000000000000000000e+00 -3.890439999999999827e+02 3.194298200000000065e+02 -3.890439999999999827e+02 3.372637799999999970e+02
2.500000000000000139e-02 -3.890439999999999827e+02 3.194298200000000065e+02 -3.890439999999999827e+02 3.372637799999999970e+02
5.000000000000000278e-02 -3.888469999999999800e+02 3.190619849999999929e+02 -3.888469999999999800e+02 3.368911149999999566e+02
7.499999999999999722e-02 -3.888170000000000073e+02 3.190304950000000304e+02 -3.888170000000000073e+02 3.368419049999999970e+02
1.000000000000000056e-01 -3.887789999999999964e+02 3.189984649999999533e+02 -3.887789999999999964e+02 3.367849350000000186e+02
1.250000000000000000e-01 -3.887420000000000186e+02 3.189769800000000259e+02 -3.887420000000000186e+02 3.367312200000000075e+02
1.499999999999999944e-01 -3.886999999999999886e+02 3.189569099999999935e+02 -3.886999999999999886e+02 3.366717900000000441e+02
1.749999999999999889e-01 -3.886519999999999868e+02 3.189381950000000074e+02 -3.886519999999999868e+02 3.366067050000000336e+02
2.000000000000000111e-01 -3.885980000000000132e+02 3.189177700000000186e+02 -3.885980000000000132e+02 3.365331300000000283e+02
2.250000000000000056e-01 -3.885339999999999918e+02 3.188955599999999890e+02 -3.885339999999999918e+02 3.364509400000000028e+02
2.500000000000000000e-01 -3.884680000000000177e+02 3.188714850000000069e+02 -3.884680000000000177e+02 3.363604149999999890e+02
2.750000000000000222e-01 -3.883949999999999818e+02 3.188454849999999965e+02 -3.883949999999999818e+02 3.362616150000000630e+02
2.999999999999999889e-01 -3.883140000000000214e+02 3.188163650000000189e+02 -3.883140000000000214e+02 3.361536350000000084e+02
3.250000000000000111e-01 -3.882269999999999754e+02 3.187841649999999731e+02 -3.882269999999999754e+02 3.360364349999999831e+02
3.499999999999999778e-01 -3.881329999999999814e+02 3.187467149999999947e+02 -3.881329999999999814e+02 3.359081850000000600e+02
3.750000000000000000e-01 -3.880319999999999823e+02 3.187089000000000283e+02 -3.880319999999999823e+02 3.357740999999999758e+02
4.000000000000000222e-01 -3.879239999999999782e+02 3.186686100000000010e+02 -3.879239999999999782e+02 3.356321900000000369e+02
4.249999999999999889e-01 -3.878079999999999927e+02 3.186237100000000169e+02 -3.878079999999999927e+02 3.354805900000000065e+02
4.500000000000000111e-01 -3.876859999999999786e+02 3.185750649999999951e+02 -3.876859999999999786e+02 3.353205349999999498e+02
4.749999999999999778e-01 -3.875559999999999832e+02 3.185225499999999670e+02 -3.875559999999999832e+02 3.351520499999999743e+02
5.000000000000000000e-01 -3.874200000000000159e+02 3.184660099999999829e+02 -3.874200000000000159e+02 3.349752900000000295e+02
5.250000000000000222e-01 -3.872760000000000105e+02 3.184043100000000095e+02 -3.872760000000000105e+02 3.347894900000000007e+02
5.500000000000000444e-01 -3.871250000000000000e+02 3.183392949999999928e+02 -3.871250000000000000e+02 3.345967049999999858e+02
5.749999999999999556e-01 -3.869669999999999845e+02 3.182688100000000304e+02 -3.869669999999999845e+02 3.343951899999999569e+02
5.999999999999999778e-01 -3.868020000000000209e+02 3.181936999999999784e+02 -3.868020000000000209e+02 3.341860000000000355e+02
6.250000000000000000e-01 -3.866290000000000191e+02 3.181138050000000135e+02 -3.866290000000000191e+02 3.339693950000000200e+02
6.500000000000000222e-01 -3.864499999999999886e+02 3.180289650000000279e+02 -3.864499999999999886e+02 3.337454349999999863e+02
6.750000000000000444e-01 -3.862640000000000100e+02 3.179390000000000214e+02 -3.862640000000000100e+02 3.335144000000000233e+02
6.999999999999999556e-01 -3.860710000000000264e+02 3.178427999999999543e+02 -3.860710000000000264e+02 3.332753000000000156e+02
7.249999999999999778e-01 -3.858720000000000141e+02 3.177421499999999810e+02 -3.858720000000000141e+02 3.330304500000000303e+02
7.500000000000000000e-01 -3.856650000000000205e+02 3.176358999999999924e+02 -3.856650000000000205e+02 3.327788999999999646e+02
7.750000000000000222e-01 -3.854529999999999745e+02 3.175238499999999817e+02 -3.854529999999999745e+02 3.325209500000000276e+02
8.000000000000000444e-01 -3.852330000000000041e+02 3.174058999999999742e+02 -3.852330000000000041e+02 3.322565999999999917e+02
8.249999999999999556e-01 -3.850079999999999814e+02 3.172798500000000104e+02 -3.850079999999999814e+02 3.319841499999999996e+02
8.499999999999999778e-01 -3.847760000000000105e+02 3.171505999999999972e+02 -3.847760000000000105e+02 3.317086000000000467e+02
8.750000000000000000e-01 -3.845389999999999873e+02 3.170158999999999878e+02 -3.845389999999999873e+02 3.314282999999999788e+02
9.000000000000000222e-01 -3.842959999999999923e+02 3.168745999999999867e+02 -3.842959999999999923e+02 3.311423999999999523e+02
9.250000000000000444e-01 -3.840470000000000255e+02 3.167276499999999828e+02 -3.840470000000000255e+02 3.308518499999999563e+02
9.499999999999999556e-01 -3.837930000000000064e+02 3.165758000000000152e+02 -3.837930000000000064e+02 3.305580000000000496e+02
9.749999999999999778e-01 -3.835339999999999918e+02 3.164179500000000189e+02 -3.835339999999999918e+02 3.302599500000000035e+02
1.000000000000000000e+00 -3.832710000000000150e+02 3.162539499999999748e+02 -3.832710000000000150e+02 3.299578500000000076e+02
1.024999999999999911e+00 -3.830029999999999859e+02 3.160856499999999869e+02 -3.830029999999999859e+02 3.296537500000000023e+02
1.050000000000000044e+00 -3.827300000000000182e+02 3.159109500000000139e+02 -3.827300000000000182e+02 3.293458500000000413e+02
1.074999999999999956e+00 -3.824540000000000077e+02 3.157317499999999768e+02 -3.824540000000000077e+02 3.290361499999999637e+02
1.100000000000000089e+00 -3.821739999999999782e+02 3.155468500000000063e+02 -3.821739999999999782e+02 3.287240499999999770e+02
1.125000000000000000e+00 -3.818910000000000196e+02 3.153571999999999775e+02 -3.818910000000000196e+02 3.284104000000000383e+02
1.149999999999999911e+00 -3.816050000000000182e+02 3.151626499999999851e+02 -3.816050000000000182e+02 3.280954499999999712e+02
1.175000000000000044e+00 -3.813170000000000073e+02 3.149641500000000178e+02 -3.813170000000000073e+02 3.277801499999999919e+02
1.199999999999999956e+00 -3.810260000000000105e+02 3.147606000000000108e+02 -3.810260000000000105e+02 3.274637999999999352e+02
1.225000000000000089e+00 -3.807330000000000041e+02 3.145538500000000113e+02 -3.807330000000000041e+02 3.271483499999999935e+02
1.250000000000000000e+00 -3.804399999999999977e+02 3.143428999999999860e+02 -3.804399999999999977e+02 3.268328999999999951e+02
1.274999999999999911e+00 -3.801449999999999818e+02 3.141286000000000058e+02 -3.801449999999999818e+02 3.265185999999999922e+02
1.300000000000000044e+00 -3.798500000000000227e+02 3.139110000000000014e+02 -3.798500000000000227e+02 3.262053999999999974e+02
1.324999999999999956e+00 -3.795539999999999736e+02 3.136908499999999549e+02 -3.795539999999999736e+02 3.258945499999999811e+02
1.350000000000000089e+00 -3.792590000000000146e+02 3.134683500000000436e+02 -3.792590000000000146e+02 3.255857499999999618e+02
1.375000000000000000e+00 -3.789649999999999750e+02 3.132432499999999891e+02 -3.789649999999999750e+02 3.252794499999999971e+02
1.399999999999999911e+00 -3.786720000000000255e+02 3.130166500000000269e+02 -3.786720000000000255e+02 3.249763500000000249e+02
1.425000000000000044e+00 -3.783809999999999718e+02 3.127884999999999991e+02 -3.783809999999999718e+02 3.246766000000000076e+02
1.449999999999999956e+00 -3.780910000000000082e+02 3.125586999999999875e+02 -3.780910000000000082e+02 3.243802999999999770e+02
1.475000000000000089e+00 -3.778039999999999736e+02 3.123283500000000004e+02 -3.778039999999999736e+02 3.240883500000000481e+02
1.500000000000000000e+00 -3.775199999999999818e+02 3.120983499999999822e+02 -3.775199999999999818e+02 3.238018500000000017e+02
1.524999999999999911e+00 -3.772400000000000091e+02 3.118708000000000311e+02 -3.772400000000000091e+02 3.235226999999999862e+02
1.550000000000000044e+00 -3.769630000000000223e+02 3.116416500000000269e+02 -3.769630000000000223e+02 3.232469499999999698e+02
1.574999999999999956e+00 -3.766909999999999741e+02 3.114128999999999792e+02 -3.766909999999999741e+02 3.229766000000000190e+02
1.600000000000000089e+00 -3.764230000000000018e+02 3.111856500000000096e+02 -3.764230000000000018e+02 3.227124499999999898e+02
1.625000000000000000e+00 -3.761600000000000250e+02 3.109598500000000172e+02 -3.761600000000000250e+02 3.224547499999999900e+02
1.649999999999999911e+00 -3.759030000000000200e+02 3.107365500000000225e+02 -3.759030000000000200e+02 3.222042500000000018e+02
1.675000000000000044e+00 -3.756519999999999868e+02 3.105158500000000004e+02 -3.756519999999999868e+02 3.219610499999999433e+02
1.699999999999999956e+00 -3.754069999999999823e+02 3.102998000000000047e+02 -3.754069999999999823e+02 3.217269000000000005e+02
1.725000000000000089e+00 -3.751689999999999827e+02 3.100844000000000165e+02 -3.751689999999999827e+02 3.214978999999999587e+02
1.750000000000000000e+00 -3.749379999999999882e+02 3.098738000000000170e+02 -3.749379999999999882e+02 3.212779999999999632e+02
1.774999999999999911e+00 -3.747139999999999986e+02 3.096680499999999938e+02 -3.747139999999999986e+02 3.210669500000000198e+02
1.800000000000000044e+00 -3.744979999999999905e+02 3.094662000000000148e+02 -3.744979999999999905e+02 3.208637999999999693e+02
1.824999999999999956e+00 -3.742900000000000205e+02 3.092692999999999870e+02 -3.742900000000000205e+02 3.206694999999999709e+02
1.850000000000000089e+00 -3.740910000000000082e+02 3.090785000000000196e+02 -3.740910000000000082e+02 3.204848999999999819e+02
1.875000000000000000e+00 -3.738999999999999773e+02 3.088918500000000336e+02 -3.738999999999999773e+02 3.203079500000000053e+02
1.899999999999999911e+00 -3.737180000000000177e+02 3.087125000000000341e+02 -3.737180000000000177e+02 3.201413999999999760e+02
1.925000000000000044e+00 -3.735439999999999827e+02 3.085384499999999548e+02 -3.735439999999999827e+02 3.199834500000000048e+02
1.949999999999999956e+00 -3.733809999999999718e+02 3.083689000000000533e+02 -3.733809999999999718e+02 3.198328000000000202e+02
1.975000000000000089e+00 -3.732259999999999991e+02 3.082088999999999714e+02 -3.732259999999999991e+02 3.196942999999999984e+02
2.000000000000000000e+00 -3.730819999999999936e+02 3.080555499999999824e+02 -3.730819999999999936e+02 3.195649499999999534e+02
2.024999999999999911e+00 -3.729470000000000027e+02 3.079089999999999918e+02 -3.729470000000000027e+02 3.194447000000000116e+02
2.049999999999999822e+00 -3.728220000000000027e+02 3.077703000000000202e+02 -3.728220000000000027e+02 3.193342999999999847e+02
2.075000000000000178e+00 -3.727069999999999936e+02 3.076396500000000174e+02 -3.727069999999999936e+02 3.192336500000000115e+02
2.100000000000000089e+00 -3.726019999999999754e+02 3.075160999999999945e+02 -3.726019999999999754e+02 3.191417000000000144e+02
2.125000000000000000e+00 -3.725059999999999718e+02 3.074007500000000164e+02 -3.725059999999999718e+02 3.190592499999999632e+02
2.149999999999999911e+00 -3.724209999999999923e+02 3.072937499999999886e+02 -3.724209999999999923e+02 3.189863500000000158e+02
2.174999999999999822e+00 -3.723460000000000036e+02 3.071942000000000235e+02 -3.723460000000000036e+02 3.189216999999999871e+02
2.200000000000000178e+00 -3.722810000000000059e+02 3.071041999999999916e+02 -3.722810000000000059e+02 3.188673000000000002e+02
2.225000000000000089e+00 -3.722250000000000227e+02 3.070208999999999833e+02 -3.722250000000000227e+02 3.188199999999999932e+02
2.250000000000000000e+00 -3.721789999999999736e+02 3.069473999999999592e+02 -3.721789999999999736e+02 3.187826999999999771e+02
2.274999999999999911e+00 -3.721429999999999723e+02 3.068808000000000220e+02 -3.721429999999999723e+02 3.187522999999999911e+02
2.299999999999999822e+00 -3.721159999999999854e+02 3.068232000000000426e+02 -3.721159999999999854e+02 3.187305999999999813e+02
2.325000000000000178e+00 -3.720989999999999895e+02 3.067737000000000194e+02 -3.720989999999999895e+02 3.187165999999999713e+02
2.350000000000000089e+00 -3.720899999999999750e+02 3.067323999999999842e+02 -3.720899999999999750e+02 3.187101999999999862e+02
2.375000000000000000e+00 -3.720910000000000082e+02 3.066994499999999562e+02 -3.720910000000000082e+02 3.187112500000000068e+02
2.399999999999999911e+00 -3.721000000000000227e+02 3.066739000000000033e+02 -3.721000000000000227e+02 3.187185999999999808e+02
2.424999999999999822e+00 -3.721170000000000186e+02 3.066557999999999993e+02 -3.721170000000000186e+02 3.187323000000000093e+02
2.450000000000000178e+00 -3.721419999999999959e+02 3.066453500000000076e+02 -3.721419999999999959e+02 3.187521500000000287e+02
2.475000000000000089e+00 -3.721750000000000114e+02 3.066425499999999715e+02 -3.721750000000000114e+02 3.187780500000000075e+02
2.500000000000000000e+00 -3.722160000000000082e+02 3.066465000000000032e+02 -3.722160000000000082e+02 3.188090999999999440e+02
2.524999999999999911e+00 -3.722629999999999768e+02 3.066573000000000206e+02 -3.722629999999999768e+02 3.188450000000000273e+02
2.549999999999999822e+00 -3.723170000000000073e+02 3.066749500000000239e+02 -3.723170000000000073e+02 3.188857499999999732e+02
2.575000000000000178e+00 -3.723779999999999859e+02 3.066995999999999754e+02 -3.723779999999999859e+02 3.189312999999999647e+02
2.600000000000000089e+00 -3.724440000000000168e+02 3.067293000000000234e+02 -3.724440000000000168e+02 3.189796000000000049e+02
2.625000000000000000e+00 -3.725160000000000196e+02 3.067650500000000306e+02 -3.725160000000000196e+02 3.190316499999999564e+02
2.649999999999999911e+00 -3.725930000000000177e+02 3.068069999999999595e+02 -3.725930000000000177e+02 3.190871999999999957e+02
2.674999999999999822e+00 -3.726750000000000114e+02 3.068530499999999961e+02 -3.726750000000000114e+02 3.191444500000000062e+02
2.700000000000000178e+00 -3.727610000000000241e+02 3.069042999999999779e+02 -3.727610000000000241e+02 3.192042999999999893e+02
2.725000000000000089e+00 -3.728509999999999991e+02 3.069598500000000172e+02 -3.728509999999999991e+02 3.192655500000000188e+02
2.750000000000000000e+00 -3.729440000000000168e+02 3.070195999999999685e+02 -3.729440000000000168e+02 3.193283999999999878e+02
2.774999999999999911e+00 -3.730409999999999968e+02 3.070826999999999884e+02 -3.730409999999999968e+02 3.193915999999999826e+02
2.799999999999999822e+00 -3.731399999999999864e+02 3.071499999999999773e+02 -3.731399999999999864e+02 3.194564000000000306e+02
2.825000000000000178e+00 -3.732409999999999854e+02 3.072196999999999889e+02 -3.732409999999999854e+02 3.195206000000000017e+02
2.850000000000000089e+00 -3.733439999999999941e+02 3.072917499999999791e+02 -3.733439999999999941e+02 3.195841500000000224e+02
2.875000000000000000e+00 -3.734490000000000123e+02 3.073661000000000172e+02 -3.734490000000000123e+02 3.196471999999999980e+02
2.899999999999999911e+00 -3.735550000000000068e+02 3.074427000000000021e+02 -3.735550000000000068e+02 3.197097000000000548e+02
2.924999999999999822e+00 -3.736610000000000014e+02 3.075206499999999892e+02 -3.736610000000000014e+02 3.197706499999999892e+02
2.950000000000000178e+00 -3.737669999999999959e+02 3.075999000000000478e+02 -3.737669999999999959e+02 3.198301000000000158e+02
2.975000000000000089e+00 -3.738740000000000236e+02 3.076793499999999995e+02 -3.738740000000000236e+02 3.198870500000000447e+02
3.000000000000000000e+00 -3.739800000000000182e+02 3.077610500000000116e+02 -3.739800000000000182e+02 3.199435499999999593e+02
3.024999999999999911e+00 -3.740849999999999795e+02 3.078419499999999971e+02 -3.740849999999999795e+02 3.199965500000000134e+02
3.049999999999999822e+00 -3.741890000000000214e+02 3.079219499999999812e+02 -3.741890000000000214e+02 3.200462500000000432e+02
3.075000000000000178e+00 -3.742919999999999732e+02 3.080011000000000081e+02 -3.742919999999999732e+02 3.200925000000000296e+02
3.100000000000000089e+00 -3.743929999999999723e+02 3.080802499999999782e+02 -3.743929999999999723e+02 3.201365499999999429e+02
3.125000000000000000e+00 -3.744920000000000186e+02 3.081574499999999830e+02 -3.744920000000000186e+02 3.201763500000000136e+02
3.149999999999999911e+00 -3.745889999999999986e+02 3.082335499999999797e+02 -3.745889999999999986e+02 3.202129499999999780e+02
3.174999999999999822e+00 -3.746840000000000259e+02 3.083086000000000126e+02 -3.746840000000000259e+02 3.202462999999999624e+02
3.200000000000000178e+00 -3.747760000000000105e+02 3.083814000000000419e+02 -3.747760000000000105e+02 3.202758000000000038e+02
3.225000000000000089e+00 -3.748620000000000232e+02 3.084519999999999982e+02 -3.748620000000000232e+02 3.203012000000000512e+02
3.250000000000000000e+00 -3.749519999999999982e+02 3.085203000000000202e+02 -3.749519999999999982e+02 3.203226000000000226e+02
3.274999999999999911e+00 -3.750360000000000014e+02 3.085861999999999625e+02 -3.750360000000000014e+02 3.203401999999999816e+02
3.299999999999999822e+00 -3.751159999999999854e+02 3.086496500000000083e+02 -3.751159999999999854e+02 3.203540500000000293e+02
3.325000000000000178e+00 -3.751940000000000168e+02 3.087105999999999995e+02 -3.751940000000000168e+02 3.203641000000000076e+02
3.350000000000000089e+00 -3.752679999999999723e+02 3.087688999999999737e+02 -3.752679999999999723e+02 3.203706000000000245e+02
3.375000000000000000e+00 -3.753389999999999986e+02 3.088235499999999547e+02 -3.753389999999999986e+02 3.203724500000000148e+02
3.399999999999999911e+00 -3.754069999999999823e+02 3.088753999999999564e+02 -3.754069999999999823e+02 3.203709000000000060e+02
3.424999999999999822e+00 -3.754719999999999800e+02 3.089254500000000121e+02 -3.754719999999999800e+02 3.203668499999999995e+02
3.450000000000000178e+00 -3.755339999999999918e+02 3.089715999999999667e+02 -3.755339999999999918e+02 3.203586000000000240e+02
3.475000000000000089e+00 -3.755930000000000177e+02 3.090136999999999716e+02 -3.755930000000000177e+02 3.203460000000000036e+02
3.500000000000000000e+00 -3.756480000000000246e+02 3.090537999999999670e+02 -3.756480000000000246e+02 3.203312999999999988e+02
3.524999999999999911e+00 -3.757010000000000218e+02 3.090917000000000030e+02 -3.757010000000000218e+02 3.203144999999999527e+02
3.549999999999999822e+00 -3.757509999999999764e+02 3.091254000000000133e+02 -3.757509999999999764e+02 3.202935999999999694e+02
3.575000000000000178e+00 -3.757989999999999782e+02 3.091578499999999963e+02 -3.757989999999999782e+02 3.202717499999999973e+02
3.600000000000000089e+00 -3.758439999999999941e+02 3.091868999999999801e+02 -3.758439999999999941e+02 3.202470999999999890e+02
3.625000000000000000e+00 -3.758870000000000005e+02 3.092135000000000105e+02 -3.758870000000000005e+02 3.202206999999999653e+02
3.649999999999999911e+00 -3.759279999999999973e+02 3.092376499999999737e+02 -3.759279999999999973e+02 3.201924500000000080e+02
3.674999999999999822e+00 -3.759669999999999845e+02 3.092592000000000212e+02 -3.759669999999999845e+02 3.201625999999999976e+02
3.700000000000000178e+00 -3.760040000000000191e+02 3.092791500000000156e+02 -3.760040000000000191e+02 3.201320499999999925e+02
3.725000000000000089e+00 -3.760389999999999873e+02 3.092964000000000055e+02 -3.760389999999999873e+02 3.201000000000000227e+02
3.750000000000000000e+00 -3.760740000000000123e+02 3.093129500000000007e+02 -3.760740000000000123e+02 3.200684499999999844e+02
3.774999999999999911e+00 -3.761070000000000277e+02 3.093266999999999598e+02 -3.761070000000000277e+02 3.200353999999999814e+02
3.799999999999999822e+00 -3.761379999999999768e+02 3.093396000000000186e+02 -3.761379999999999768e+02 3.200029999999999859e+02
3.825000000000000178e+00 -3.761700000000000159e+02 3.093506500000000301e+02 -3.761700000000000159e+02 3.199702500000000214e+02
3.850000000000000089e+00 -3.761999999999999886e+02 3.093607500000000528e+02 -3.761999999999999886e+02 3.199381500000000074e+02
3.875000000000000000e+00 -3.762300000000000182e+02 3.093699499999999603e+02 -3.762300000000000182e+02 3.199067499999999882e+02
3.899999999999999911e+00 -3.762590000000000146e+02 3.093781500000000051e+02 -3.762590000000000146e+02 3.198760499999999638e+02
3.924999999999999822e+00 -3.762889999999999873e+02 3.093853499999999599e+02 -3.762889999999999873e+02 3.198462499999999977e+02
3.950000000000000178e+00 -3.763179999999999836e+02 3.093925000000000409e+02 -3.763179999999999836e+02 3.198181999999999903e+02
3.975000000000000089e+00 -3.763469999999999800e+02 3.093985999999999876e+02 -3.763469999999999800e+02 3.197909000000000219e+02
4.000000000000000000e+00 -3.763750000000000000e+02 3.094046999999999912e+02 -3.763750000000000000e+02 3.197655000000000314e+02
4.025000000000000355e+00 -3.764039999999999964e+02 3.094107000000000198e+02 -3.764039999999999964e+02 3.197418000000000120e+02
4.049999999999999822e+00 -3.764329999999999927e+02 3.094156500000000278e+02 -3.764329999999999927e+02 3.197190499999999815e+02
4.075000000000000178e+00 -3.764610000000000127e+02 3.094215500000000247e+02 -3.764610000000000127e+02 3.196990499999999997e+02
4.099999999999999645e+00 -3.764900000000000091e+02 3.094263500000000136e+02 -3.764900000000000091e+02 3.196799499999999625e+02
4.125000000000000000e+00 -3.765179999999999723e+02 3.094311500000000024e+02 -3.765179999999999723e+02 3.196626499999999282e+02
4.150000000000000355e+00 -3.765459999999999923e+02 3.094358499999999594e+02 -3.765459999999999923e+02 3.196471500000000106e+02
4.174999999999999822e+00 -3.765729999999999791e+02 3.094405999999999608e+02 -3.765729999999999791e+02 3.196333999999999946e+02
4.200000000000000178e+00 -3.765989999999999895e+02 3.094443500000000427e+02 -3.765989999999999895e+02 3.196204500000000053e+02
4.224999999999999645e+00 -3.766229999999999905e+02 3.094470999999999776e+02 -3.766229999999999905e+02 3.196082000000000107e+02
4.250000000000000000e+00 -3.766469999999999914e+02 3.094499500000000012e+02 -3.766469999999999914e+02 3.195976500000000442e+02
4.275000000000000355e+00 -3.766680000000000064e+02 3.094508500000000026e+02 -3.766680000000000064e+02 3.195867499999999950e+02
4.299999999999999822e+00 -3.766859999999999786e+02 3.094508999999999901e+02 -3.766859999999999786e+02 3.195765000000000100e+02
4.325000000000000178e+00 -3.767019999999999982e+02 3.094501500000000078e+02 -3.767019999999999982e+02 3.195668499999999312e+02
4.349999999999999645e+00 -3.767139999999999986e+02 3.094466500000000337e+02 -3.767139999999999986e+02 3.195556500000000142e+02
4.375000000000000000e+00 -3.767189999999999941e+02 3.094403499999999667e+02 -3.767189999999999941e+02 3.195430499999999938e+02
4.400000000000000355e+00 -3.767259999999999991e+02 3.094313999999999965e+02 -3.767259999999999991e+02 3.195289000000000215e+02
4.424999999999999822e+00 -3.767239999999999895e+02 3.094198000000000093e+02 -3.767239999999999895e+02 3.195131000000000085e+02
4.450000000000000178e+00 -3.767160000000000082e+02 3.094036499999999705e+02 -3.767160000000000082e+02 3.194936500000000024e+02
4.474999999999999645e+00 -3.767010000000000218e+02 3.093829499999999939e+02 -3.767010000000000218e+02 3.194704500000000280e+02
4.500000000000000000e+00 -3.766770000000000209e+02 3.093577999999999975e+02 -3.766770000000000209e+02 3.194435000000000286e+02
4.525000000000000355e+00 -3.766440000000000055e+02 3.093262500000000159e+02 -3.766440000000000055e+02 3.194107499999999504e+02
4.549999999999999822e+00 -3.766019999999999754e+02 3.092883499999999799e+02 -3.766019999999999754e+02 3.193720500000000015e+02
4.575000000000000178e+00 -3.765489999999999782e+02 3.092421500000000378e+02 -3.765489999999999782e+02 3.193254499999999894e+02
4.599999999999999645e+00 -3.764830000000000041e+02 3.091887499999999704e+02 -3.764830000000000041e+02 3.192717499999999973e+02
4.625000000000000000e+00 -3.764039999999999964e+02 3.091261999999999830e+02 -3.764039999999999964e+02 3.192090000000000032e+02
4.650000000000000355e+00 -3.763109999999999786e+02 3.090544999999999618e+02 -3.763109999999999786e+02 3.191370999999999754e+02
4.674999999999999822e+00 -3.762019999999999982e+02 3.089707999999999970e+02 -3.762019999999999982e+02 3.190530000000000541e+02
4.700000000000000178e+00 -3.760749999999999886e+02 3.088751000000000317e+02 -3.760749999999999886e+02 3.189565999999999804e+02
4.724999999999999645e+00 -3.759309999999999832e+02 3.087665000000000077e+02 -3.759309999999999832e+02 3.188469000000000051e+02
4.750000000000000000e+00 -3.757669999999999959e+02 3.086440499999999929e+02 -3.757669999999999959e+02 3.187228500000000508e+02
4.775000000000000355e+00 -3.755810000000000173e+02 3.085068499999999858e+02 -3.755810000000000173e+02 3.185832499999999641e+02
4.799999999999999822e+00 -3.753729999999999905e+02 3.083528499999999894e+02 -3.753729999999999905e+02 3.184261500000000069e+02
4.825000000000000178e+00 -3.751410000000000196e+02 3.081802000000000135e+02 -3.751410000000000196e+02 3.182495000000000118e+02
4.849999999999999645e+00 -3.748829999999999814e+02 3.079898999999999774e+02 -3.748829999999999814e+02 3.180543000000000120e+02
4.875000000000000000e+00 -3.745980000000000132e+02 3.077790500000000407e+02 -3.745980000000000132e+02 3.178373500000000149e+02
4.900000000000000355e+00 -3.742839999999999918e+02 3.075476500000000328e+02 -3.742839999999999918e+02 3.175986500000000206e+02
4.924999999999999822e+00 -3.739390000000000214e+02 3.072927999999999997e+02 -3.739390000000000214e+02 3.173351999999999862e+02
4.950000000000000178e+00 -3.735629999999999882e+02 3.070135000000000218e+02 -3.735629999999999882e+02 3.170459999999999923e+02
4.974999999999999645e+00 -3.731530000000000200e+02 3.067088499999999840e+02 -3.731530000000000200e+02 3.167298499999999422e+02
5.000000000000000000e+00 -3.727080000000000268e+02 3.063778000000000361e+02 -3.727080000000000268e+02 3.163858999999999924e+02
5.025000000000000355e+00 -3.722259999999999991e+02 3.060185000000000173e+02 -3.722259999999999991e+02 3.160118999999999687e+02
5.049999999999999822e+00 -3.717060000000000173e+02 3.056298500000000331e+02 -3.717060000000000173e+02 3.156069499999999834e+02
5.075000000000000178e+00 -3.711449999999999818e+02 3.052100499999999670e+02 -3.711449999999999818e+02 3.151689499999999953e+02
5.099999999999999645e+00 -3.705430000000000064e+02 3.047579499999999939e+02 -3.705430000000000064e+02 3.146970499999999902e+02
5.125000000000000000e+00 -3.698969999999999914e+02 3.042716999999999530e+02 -3.698969999999999914e+02 3.141890000000000214e+02
5.150000000000000355e+00 -3.692069999999999936e+02 3.037502499999999941e+02 -3.692069999999999936e+02 3.136439500000000180e+02
5.174999999999999822e+00 -3.684700000000000273e+02 3.031926500000000146e+02 -3.684700000000000273e+02 3.130607500000000414e+02
5.200000000000000178e+00 -3.676850000000000023e+02 3.025959500000000162e+02 -3.676850000000000023e+02 3.124364500000000362e+02
5.224999999999999645e+00 -3.668500000000000227e+02 3.019610500000000002e+02 -3.668500000000000227e+02 3.117720500000000357e+02
5.250000000000000000e+00 -3.659639999999999986e+02 3.012850499999999556e+02 -3.659639999999999986e+02 3.110645499999999970e+02
5.275000000000000355e+00 -3.650260000000000105e+02 3.005658999999999992e+02 -3.650260000000000105e+02 3.103119000000000369e+02
5.299999999999999822e+00 -3.640339999999999918e+02 2.998046499999999810e+02 -3.640339999999999918e+02 3.095152500000000373e+02
5.325000000000000178e+00 -3.629870000000000232e+02 2.989982499999999845e+02 -3.629870000000000232e+02 3.086713500000000181e+02
5.349999999999999645e+00 -3.618829999999999814e+02 2.981457000000000335e+02 -3.618829999999999814e+02 3.077794999999999845e+02
5.375000000000000000e+00 -3.607210000000000036e+02 2.972449500000000171e+02 -3.607210000000000036e+02 3.068375499999999647e+02
5.400000000000000355e+00 -3.595009999999999764e+02 2.962970499999999561e+02 -3.595009999999999764e+02 3.058465500000000361e+02
5.424999999999999822e+00 -3.582200000000000273e+02 2.952989499999999907e+02 -3.582200000000000273e+02 3.048034499999999412e+02
5.450000000000000178e+00 -3.568790000000000191e+02 2.942505999999999631e+02 -3.568790000000000191e+02 3.037085000000000150e+02
5.474999999999999645e+00 -3.554750000000000227e+02 2.931499999999999773e+02 -3.554750000000000227e+02 3.025595000000000141e+02
5.500000000000000000e+00 -3.540079999999999814e+02 2.919970500000000015e+02 -3.540079999999999814e+02 3.013566500000000019e+02
5.525000000000000355e+00 -3.524769999999999754e+02 2.907898500000000013e+02 -3.524769999999999754e+02 3.000978500000000508e+02
5.549999999999999822e+00 -3.508809999999999718e+02 2.895282500000000141e+02 -3.508809999999999718e+02 2.987831500000000347e+02
5.575000000000000178e+00 -3.492200000000000273e+02 2.882111999999999625e+02 -3.492200000000000273e+02 2.974117999999999711e+02
5.599999999999999645e+00 -3.474929999999999950e+02 2.868377499999999714e+02 -3.474929999999999950e+02 2.959825500000000034e+02
5.625000000000000000e+00 -3.456999999999999886e+02 2.854077500000000214e+02 -3.456999999999999886e+02 2.944957499999999868e+02
5.650000000000000355e+00 -3.438389999999999986e+02 2.839202000000000226e+02 -3.438389999999999986e+02 2.929502999999999702e+02
5.674999999999999822e+00 -3.419110000000000014e+02 2.823740499999999543e+02 -3.419110000000000014e+02 2.913451499999999896e+02
5.700000000000000178e+00 -3.399150000000000205e+02 2.807692000000000121e+02 -3.399150000000000205e+02 2.896806000000000267e+02
5.724999999999999645e+00 -3.378519999999999754e+02 2.791046000000000049e+02 -3.378519999999999754e+02 2.879556000000000040e+02
5.750000000000000000e+00 -3.357210000000000036e+02 2.773822499999999991e+02 -3.357210000000000036e+02 2.861721500000000447e+02
5.775000000000000355e+00 -3.335219999999999914e+02 2.755989999999999895e+02 -3.335219999999999914e+02 2.843274999999999864e+02
5.799999999999999822e+00 -3.312559999999999718e+02 2.737558500000000095e+02 -3.312559999999999718e+02 2.824225500000000011e+02
5.825000000000000178e+00 -3.289220000000000255e+02 2.718546999999999798e+02 -3.289220000000000255e+02 2.804593999999999596e+02
5.849999999999999645e+00 -3.265199999999999818e+02 2.698924499999999966e+02 -3.265199999999999818e+02 2.784351500000000215e+02
5.875000000000000000e+00 -3.240529999999999973e+02 2.678701000000000363e+02 -3.240529999999999973e+02 2.763509999999999991e+02
5.900000000000000355e+00 -3.215199999999999818e+02 2.657875500000000102e+02 -3.215199999999999818e+02 2.742067499999999995e+02
5.924999999999999822e+00 -3.189209999999999923e+02 2.636467499999999973e+02 -3.189209999999999923e+02 2.720047500000000014e+02
5.950000000000000178e+00 -3.162570000000000050e+02 2.614466000000000463e+02 -3.162570000000000050e+02 2.697439000000000533e+02
5.974999999999999645e+00 -3.135310000000000059e+02 2.591870000000000118e+02 -3.135310000000000059e+02 2.674243000000000166e+02
6.000000000000000000e+00 -3.107400000000000091e+02 2.568709000000000060e+02 -3.107400000000000091e+02 2.650491999999999848e+02
6.025000000000000355e+00 -3.078879999999999768e+02 2.544972500000000082e+02 -3.078879999999999768e+02 2.626174500000000194e+02
6.049999999999999822e+00 -3.049750000000000227e+02 2.520669499999999914e+02 -3.049750000000000227e+02 2.601302499999999895e+02
6.075000000000000178e+00 -3.020020000000000095e+02 2.495809500000000014e+02 -3.020020000000000095e+02 2.575887500000000045e+02
6.099999999999999645e+00 -2.989680000000000177e+02 2.470401499999999828e+02 -2.989680000000000177e+02 2.549938499999999806e+02
6.125000000000000000e+00 -2.958799999999999955e+02 2.444465000000000146e+02 -2.958799999999999955e+02 2.523477999999999781e+02
6.150000000000000355e+00 -2.927389999999999759e+02 2.417999499999999955e+02 -2.927389999999999759e+02 2.496504500000000064e+02
6.174999999999999822e+00 -2.895419999999999732e+02 2.391024500000000046e+02 -2.895419999999999732e+02 2.469040500000000122e+02
6.200000000000000178e+00 -2.862930000000000064e+02 2.363548499999999990e+02 -2.862930000000000064e+02 2.441096500000000162e+02
6.224999999999999645e+00 -2.829929999999999950e+02 2.335581499999999835e+02 -2.829929999999999950e+02 2.412683499999999981e+02
6.250000000000000000e+00 -2.796449999999999818e+02 2.307153000000000134e+02 -2.796449999999999818e+02 2.383830999999999847e+02
6.275000000000000355e+00 -2.762500000000000000e+02 2.278272500000000207e+02 -2.762500000000000000e+02 2.354550500000000000e+02
6.299999999999999822e+00 -2.728100000000000023e+02 2.248948500000000195e+02 -2.728100000000000023e+02 2.324852500000000077e+02
6.325000000000000178e+00 -2.693279999999999745e+02 2.219211500000000115e+02 -2.693279999999999745e+02 2.294768500000000131e+02
6.349999999999999645e+00 -2.658050000000000068e+02 2.189071000000000140e+02 -2.658050000000000068e+02 2.264305999999999983e+02
6.375000000000000000e+00 -2.622429999999999950e+02 2.158545499999999890e+02 -2.622429999999999950e+02 2.233489499999999737e+02
6.400000000000000355e+00 -2.586460000000000150e+02 2.127665499999999952e+02 -2.586460000000000150e+02 2.202347500000000196e+02
6.424999999999999822e+00 -2.550140000000000100e+02 2.096440500000000213e+02 -2.550140000000000100e+02 2.170890500000000145e+02
6.450000000000000178e+00 -2.513509999999999991e+02 2.064899999999999807e+02 -2.513509999999999991e+02 2.139148000000000138e+02
6.474999999999999645e+00 -2.476589999999999918e+02 2.033063500000000090e+02 -2.476589999999999918e+02 2.107142499999999927e+02
6.500000000000000000e+00 -2.439399999999999977e+02 2.000951000000000022e+02 -2.439399999999999977e+02 2.074893000000000143e+02
6.525000000000000355e+00 -2.401959999999999980e+02 1.968592000000000155e+02 -2.401959999999999980e+02 2.042430999999999983e+02
6.549999999999999822e+00 -2.364310000000000116e+02 1.935996499999999969e+02 -2.364310000000000116e+02 2.009765500000000031e+02
6.575000000000000178e+00 -2.326450000000000102e+02 1.903204500000000223e+02 -2.326450000000000102e+02 1.976936499999999910e+02
6.599999999999999645e+00 -2.288429999999999893e+02 1.870225000000000080e+02 -2.288429999999999893e+02 1.943956000000000017e+02
6.625000000000000000e+00 -2.250269999999999868e+02 1.837099000000000046e+02 -2.250269999999999868e+02 1.910862000000000194e+02
6.650000000000000355e+00 -2.211980000000000075e+02 1.803836000000000013e+02 -2.211980000000000075e+02 1.877665999999999826e+02
6.674999999999999822e+00 -2.173609999999999900e+02 1.770465999999999838e+02 -2.173609999999999900e+02 1.844398000000000195e+02
6.700000000000000178e+00 -2.135159999999999911e+02 1.737018999999999949e+02 -2.135159999999999911e+02 1.811088000000000022e+02
6.724999999999999645e+00 -2.096670000000000016e+02 1.703514949999999999e+02 -2.096670000000000016e+02 1.777755050000000097e+02
6.750000000000000000e+00 -2.058160000000000025e+02 1.669974200000000053e+02 -2.058160000000000025e+02 1.744420799999999758e+02
6.775000000000000355e+00 -2.019660000000000082e+02 1.636436850000000049e+02 -2.019660000000000082e+02 1.711123149999999953e+02
6.799999999999999822e+00 -1.981200000000000045e+02 1.602913100000000099e+02 -1.981200000000000045e+02 1.677872899999999845e+02
6.825000000000000178e+00 -1.942789999999999964e+02 1.569443200000000047e+02 -1.942789999999999964e+02 1.644710799999999722e+02
6.849999999999999645e+00 -1.904459999999999980e+02 1.536037350000000004e+02 -1.904459999999999980e+02 1.611645650000000103e+02
6.875000000000000000e+00 -1.866239999999999952e+02 1.502725949999999955e+02 -1.866239999999999952e+02 1.578707050000000152e+02
6.900000000000000355e+00 -1.828139999999999930e+02 1.469539299999999855e+02 -1.828139999999999930e+02 1.545924699999999916e+02
6.924999999999999822e+00 -1.790200000000000102e+02 1.436487850000000037e+02 -1.790200000000000102e+02 1.513309149999999761e+02
6.950000000000000178e+00 -1.752439999999999998e+02 1.403601899999999887e+02 -1.752439999999999998e+02 1.480889099999999985e+02
6.974999999999999645e+00 -1.714869999999999948e+02 1.370902000000000100e+02 -1.714869999999999948e+02 1.448684999999999832e+02
7.000000000000000000e+00 -1.677529999999999859e+02 1.338418550000000096e+02 -1.677529999999999859e+02 1.416725450000000137e+02
7.025000000000000355e+00 -1.640420000000000016e+02 1.306172149999999874e+02 -1.640420000000000016e+02 1.385030849999999987e+02
7.049999999999999822e+00 -1.603580000000000041e+02 1.274173250000000053e+02 -1.603580000000000041e+02 1.353609749999999963e+02
7.075000000000000178e+00 -1.567019999999999982e+02 1.242442500000000081e+02 -1.567019999999999982e+02 1.322483499999999879e+02
7.099999999999999645e+00 -1.530769999999999982e+02 1.211010349999999960e+02 -1.530769999999999982e+02 1.291679649999999810e+02
7.125000000000000000e+00 -1.494830000000000041e+02 1.179897500000000008e+02 -1.494830000000000041e+02 1.261217500000000058e+02
7.150000000000000355e+00 -1.459240000000000066e+02 1.149114550000000037e+02 -1.459240000000000066e+02 1.231108449999999976e+02
7.174999999999999822e+00 -1.424000000000000057e+02 1.118672150000000016e+02 -1.424000000000000057e+02 1.201359849999999909e+02
7.200000000000000178e+00 -1.389139999999999873e+02 1.088600950000000012e+02 -1.389139999999999873e+02 1.172003050000000144e+02
7.224999999999999645e+00 -1.354670000000000130e+02 1.058921550000000025e+02 -1.354670000000000130e+02 1.143055450000000093e+02
7.250000000000000000e+00 -1.320600000000000023e+02 1.029624700000000104e+02 -1.320600000000000023e+02 1.114507299999999930e+02
7.275000000000000355e+00 -1.286949999999999932e+02 1.000744100000000003e+02 -1.286949999999999932e+02 1.086390900000000101e+02
7.299999999999999822e+00 -1.253739999999999952e+02 9.722874000000000194e+01 -1.253739999999999952e+02 1.058713600000000099e+02
7.325000000000000178e+00 -1.220969999999999942e+02 9.442672500000000468e+01 -1.220969999999999942e+02 1.031484749999999906e+02
7.349999999999999645e+00 -1.188659999999999997e+02 9.166954499999999939e+01 -1.188659999999999997e+02 1.004716550000000126e+02
7.375000000000000000e+00 -1.156830000000000069e+02 8.895826499999999726e+01 -1.156830000000000069e+02 9.784173499999999990e+01
7.400000000000000355e+00 -1.125469999999999970e+02 8.629375500000000443e+01 -1.125469999999999970e+02 9.525944499999999948e+01
7.424999999999999822e+00 -1.094599999999999937e+02 8.367698000000000036e+01 -1.094599999999999937e+02 9.272561999999999216e+01
7.450000000000000178e+00 -1.064219999999999970e+02 8.110871500000000367e+01 -1.064219999999999970e+02 9.024088500000000579e+01
7.474999999999999645e+00 -1.034369999999999976e+02 7.858962999999999965e+01 -1.034369999999999976e+02 8.780586999999999875e+01
7.500000000000000000e+00 -1.005030000000000001e+02 7.612028499999999553e+01 -1.005030000000000001e+02 8.542091500000000792e+01
7.525000000000000355e+00 -9.762019999999999698e+01 7.370114999999999839e+01 -9.762019999999999698e+01 8.308635000000001014e+01
7.549999999999999822e+00 -9.479040000000000532e+01 7.133329000000000519e+01 -9.479040000000000532e+01 8.080320999999999287e+01
7.575000000000000178e+00 -9.201359999999999673e+01 6.901597000000001003e+01 -9.201359999999999673e+01 7.857053000000000509e+01
7.599999999999999645e+00 -8.929030000000000200e+01 6.675005000000000166e+01 -8.929030000000000200e+01 7.638904999999999745e+01
7.625000000000000000e+00 -8.662090000000000600e+01 6.453548999999999580e+01 -8.662090000000000600e+01 7.425871000000000777e+01
7.650000000000000355e+00 -8.400570000000000448e+01 6.237214999999999776e+01 -8.400570000000000448e+01 7.217915000000000703e+01
7.674999999999999822e+00 -8.144469999999999743e+01 6.026089000000000340e+01 -8.144469999999999743e+01 7.015121000000000606e+01
7.700000000000000178e+00 -7.893819999999999482e+01 5.820115999999999445e+01 -7.893819999999999482e+01 6.817413999999999419e+01
7.724999999999999645e+00 -7.648619999999999663e+01 5.619291499999999928e+01 -7.648619999999999663e+01 6.624778499999999326e+01
7.750000000000000000e+00 -7.408859999999999957e+01 5.423591000000000406e+01 -7.408859999999999957e+01 6.437188999999999339e+01
7.775000000000000355e+00 -7.174530000000000030e+01 5.232988499999999732e+01 -7.174530000000000030e+01 6.254601499999999703e+01
7.799999999999999822e+00 -6.945629999999999882e+01 5.047457499999999442e+01 -6.945629999999999882e+01 6.076982499999999732e+01
7.825000000000000178e+00 -6.722140000000000271e+01 4.866956000000000415e+01 -6.722140000000000271e+01 5.904294000000000153e+01
7.849999999999999645e+00 -6.504009999999999536e+01 4.691446500000000697e+01 -6.504009999999999536e+01 5.736463499999999982e+01
7.875000000000000000e+00 -6.291230000000000189e+01 4.520871999999999957e+01 -6.291230000000000189e+01 5.573447999999999780e+01
7.900000000000000355e+00 -6.083760000000000190e+01 4.355177499999999924e+01 -6.083760000000000190e+01 5.415182499999999521e+01
7.924999999999999822e+00 -5.881560000000000343e+01 4.194325500000000062e+01 -5.881560000000000343e+01 5.261604499999999263e+01
7.950000000000000178e+00 -5.684570000000000078e+01 4.038230999999999682e+01 -5.684570000000000078e+01 5.112649000000000399e+01
7.974999999999999645e+00 -5.492750000000000199e+01 3.886833999999999634e+01 -5.492750000000000199e+01 4.968235999999999564e+01
8.000000000000000000e+00 -5.306040000000000134e+01 3.740068500000000284e+01 -5.306040000000000134e+01 4.828291500000000269e+01
8.025000000000000355e+00 -5.124380000000000024e+01 3.597847500000000309e+01 -5.124380000000000024e+01 4.692722499999999286e+01
8.050000000000000711e+00 -4.947720000000000340e+01 3.460122499999999945e+01 -4.947720000000000340e+01 4.561497500000000116e+01
8.074999999999999289e+00 -4.775979999999999848e+01 3.326786500000000046e+01 -4.775979999999999848e+01 4.434473500000000001e+01
8.099999999999999645e+00 -4.609089999999999776e+01 3.197770500000000027e+01 -4.609089999999999776e+01 4.311599499999999807e+01
8.125000000000000000e+00 -4.446990000000000265e+01 3.072975999999999885e+01 -4.446990000000000265e+01 4.192774000000000001e+01
8.150000000000000355e+00 -4.289589999999999748e+01 2.952345000000000041e+01 -4.289589999999999748e+01 4.077915000000000134e+01
8.175000000000000711e+00 -4.136820000000000164e+01 2.835768500000000003e+01 -4.136820000000000164e+01 3.966941500000000076e+01
8.199999999999999289e+00 -3.988589999999999947e+01 2.723156500000000335e+01 -3.988589999999999947e+01 3.859733500000000106e+01
8.224999999999999645e+00 -3.844839999999999947e+01 2.614431000000000083e+01 -3.844839999999999947e+01 3.756229000000000440e+01
8.250000000000000000e+00 -3.705469999999999686e+01 2.509481500000000054e+01 -3.705469999999999686e+01 3.656318500000000427e+01
8.275000000000000355e+00 -3.570400000000000063e+01 2.408238500000000215e+01 -3.570400000000000063e+01 3.559921500000000094e+01
8.300000000000000711e+00 -3.439549999999999841e+01 2.310603000000000051e+01 -3.439549999999999841e+01 3.466937000000000069e+01
8.324999999999999289e+00 -3.312819999999999965e+01 2.216473999999999833e+01 -3.312819999999999965e+01 3.377266000000000190e+01
8.349999999999999645e+00 -3.190129999999999910e+01 2.125771500000000103e+01 -3.190129999999999910e+01 3.290838499999999556e+01
8.375000000000000000e+00 -3.071399999999999864e+01 2.038384999999999891e+01 -3.071399999999999864e+01 3.207535000000000025e+01
8.400000000000000355e+00 -2.956520000000000081e+01 1.954234999999999900e+01 -2.956520000000000081e+01 3.127284999999999826e+01
8.425000000000000711e+00 -2.845410000000000039e+01 1.873239500000000035e+01 -2.845410000000000039e+01 3.050000500000000159e+01
8.449999999999999289e+00 -2.737979999999999947e+01 1.795278500000000221e+01 -2.737979999999999947e+01 2.975561499999999882e+01
8.474999999999999645e+00 -2.634149999999999991e+01 1.720290999999999926e+01 -2.634149999999999991e+01 2.903909000000000162e+01
8.500000000000000000e+00 -2.533810000000000073e+01 1.648165499999999994e+01 -2.533810000000000073e+01 2.834944499999999934e+01
8.525000000000000355e+00 -2.436890000000000001e+01 1.578831500000000077e+01 -2.436890000000000001e+01 2.768588499999999897e+01
8.550000000000000711e+00 -2.343299999999999983e+01 1.512187499999999929e+01 -2.343299999999999983e+01 2.704742500000000049e+01
8.574999999999999289e+00 -2.252939999999999898e+01 1.448151999999999973e+01 -2.252939999999999898e+01 2.643337999999999965e+01
8.599999999999999645e+00 -2.165719999999999956e+01 1.386654000000000053e+01 -2.165719999999999956e+01 2.584286000000000172e+01
8.625000000000000000e+00 -2.081569999999999965e+01 1.327581500000000148e+01 -2.081569999999999965e+01 2.527498500000000092e+01
8.650000000000000355e+00 -2.000390000000000157e+01 1.270873499999999900e+01 -2.000390000000000157e+01 2.472906499999999852e+01
8.675000000000000711e+00 -1.922100000000000009e+01 1.216448000000000107e+01 -1.922100000000000009e+01 2.420431999999999917e+01
8.699999999999999289e+00 -1.846620000000000061e+01 1.164222999999999963e+01 -1.846620000000000061e+01 2.370007000000000019e+01
8.724999999999999645e+00 -1.773870000000000147e+01 1.114127500000000026e+01 -1.773870000000000147e+01 2.321542499999999976e+01
8.750000000000000000e+00 -1.703750000000000142e+01 1.066076499999999960e+01 -1.703750000000000142e+01 2.274977499999999964e+01
8.775000000000000355e+00 -1.636199999999999832e+01 1.020001000000000069e+01 -1.636199999999999832e+01 2.230237000000000336e+01
8.800000000000000711e+00 -1.571129999999999960e+01 9.758289999999998798e+00 -1.571129999999999960e+01 2.187253000000000114e+01
8.824999999999999289e+00 -1.508469999999999978e+01 9.334909999999998931e+00 -1.508469999999999978e+01 2.145958999999999861e+01
8.849999999999999645e+00 -1.448140000000000072e+01 8.929190000000000182e+00 -1.448140000000000072e+01 2.106291000000000224e+01
8.875000000000000000e+00 -1.390060000000000073e+01 8.540449999999999875e+00 -1.390060000000000073e+01 2.068185000000000073e+01
8.900000000000000355e+00 -1.334169999999999945e+01 8.168079999999999785e+00 -1.334169999999999945e+01 2.031593999999999767e+01
8.925000000000000711e+00 -1.280380000000000074e+01 7.811444999999999972e+00 -1.280380000000000074e+01 1.996437500000000043e+01
8.949999999999999289e+00 -1.228640000000000043e+01 7.469919999999999227e+00 -1.228640000000000043e+01 1.962668000000000035e+01
8.974999999999999645e+00 -1.178870000000000040e+01 7.142941500000000055e+00 -1.178870000000000040e+01 1.930231849999999838e+01
9.000000000000000000e+00 -1.131010000000000026e+01 6.829907500000000020e+00 -1.131010000000000026e+01 1.899083249999999978e+01
9.025000000000000355e+00 -1.084999999999999964e+01 6.530289500000000302e+00 -1.084999999999999964e+01 1.869153049999999894e+01
9.050000000000000711e+00 -1.040760000000000041e+01 6.243548999999999793e+00 -1.040760000000000041e+01 1.840401099999999701e+01
9.074999999999999289e+00 -9.982340000000000657e+00 5.969156500000000420e+00 -9.982340000000000657e+00 1.812778349999999961e+01
9.099999999999999645e+00 -9.573689999999999145e+00 5.706625000000000725e+00 -9.573689999999999145e+00 1.786249500000000268e+01
9.125000000000000000e+00 -9.181020000000000181e+00 5.455465000000000231e+00 -9.181020000000000181e+00 1.760749500000000012e+01
9.150000000000000355e+00 -8.803760000000000474e+00 5.215209499999999387e+00 -8.803760000000000474e+00 1.736245050000000134e+01
9.175000000000000711e+00 -8.441380000000000550e+00 4.985410500000000411e+00 -8.441380000000000550e+00 1.712694950000000205e+01
9.199999999999999289e+00 -8.093320000000000292e+00 4.765640499999999946e+00 -8.093320000000000292e+00 1.690049950000000223e+01
9.224999999999999645e+00 -7.759070000000000356e+00 4.555472499999999592e+00 -7.759070000000000356e+00 1.668290749999999889e+01
9.250000000000000000e+00 -7.438119999999999621e+00 4.354499999999999815e+00 -7.438119999999999621e+00 1.647360000000000113e+01
9.275000000000000355e+00 -7.129979999999999762e+00 4.162346000000000323e+00 -7.129979999999999762e+00 1.627243400000000051e+01
9.300000000000000711e+00 -6.834179999999999922e+00 3.978625000000000078e+00 -6.834179999999999922e+00 1.607885500000000079e+01
9.324999999999999289e+00 -6.550259999999999749e+00 3.802991000000000010e+00 -6.550259999999999749e+00 1.589264899999999869e+01
9.349999999999999645e+00 -6.277770000000000294e+00 3.635088500000000167e+00 -6.277770000000000294e+00 1.571349149999999995e+01
9.375000000000000000e+00 -6.016280000000000072e+00 3.474602999999999664e+00 -6.016280000000000072e+00 1.554099700000000084e+01
9.400000000000000355e+00 -5.765380000000000393e+00 3.321188999999999947e+00 -5.765380000000000393e+00 1.537495100000000114e+01
9.425000000000000711e+00 -5.524659999999999904e+00 3.174563000000000024e+00 -5.524659999999999904e+00 1.521519699999999986e+01
9.449999999999999289e+00 -5.293730000000000047e+00 3.034421000000000035e+00 -5.293730000000000047e+00 1.506115899999999996e+01
9.474999999999999645e+00 -5.072210000000000107e+00 2.900479500000000321e+00 -5.072210000000000107e+00 1.491288049999999998e+01
9.500000000000000000e+00 -4.859750000000000014e+00 2.772475000000000023e+00 -4.859750000000000014e+00 1.476992499999999886e+01
9.525000000000000355e+00 -4.655979999999999563e+00 2.650154999999999816e+00 -4.655979999999999563e+00 1.463216500000000053e+01
9.550000000000000711e+00 -4.460569999999999702e+00 2.533247499999999874e+00 -4.460569999999999702e+00 1.449935250000000053e+01
9.574999999999999289e+00 -4.273200000000000109e+00 2.421539499999999734e+00 -4.273200000000000109e+00 1.437120050000000049e+01
9.599999999999999645e+00 -4.093549999999999578e+00 2.314790000000000347e+00 -4.093549999999999578e+00 1.424759000000000064e+01
9.625000000000000000e+00 -3.921310000000000073e+00 2.212777499999999620e+00 -3.921310000000000073e+00 1.412832249999999945e+01
9.650000000000000355e+00 -3.756190000000000140e+00 2.115301500000000168e+00 -3.756190000000000140e+00 1.401311849999999914e+01
9.675000000000000711e+00 -3.597900000000000098e+00 2.022160500000000027e+00 -3.597900000000000098e+00 1.390189950000000074e+01
9.699999999999999289e+00 -3.446180000000000021e+00 1.933154999999999957e+00 -3.446180000000000021e+00 1.379448499999999989e+01
9.724999999999999645e+00 -3.300769999999999982e+00 1.848104999999999887e+00 -3.300769999999999982e+00 1.369061499999999931e+01
9.750000000000000000e+00 -3.161410000000000053e+00 1.766840500000000036e+00 -3.161410000000000053e+00 1.359023950000000092e+01
9.775000000000000355e+00 -3.027849999999999930e+00 1.689192499999999875e+00 -3.027849999999999930e+00 1.349310750000000070e+01
9.800000000000000711e+00 -2.899869999999999948e+00 1.615002000000000049e+00 -2.899869999999999948e+00 1.339917800000000092e+01
9.824999999999999289e+00 -2.777229999999999865e+00 1.544100000000000028e+00 -2.777229999999999865e+00 1.330829999999999913e+01
9.849999999999999645e+00 -2.659730000000000150e+00 1.476358999999999977e+00 -2.659730000000000150e+00 1.322026099999999893e+01
9.875000000000000000e+00 -2.547140000000000182e+00 1.411629999999999940e+00 -2.547140000000000182e+00 1.313503000000000043e+01
9.900000000000000355e+00 -2.439290000000000180e+00 1.349775999999999865e+00 -2.439290000000000180e+00 1.305238399999999999e+01
9.925000000000000711e+00 -2.335960000000000036e+00 1.290669499999999914e+00 -2.335960000000000036e+00 1.297221049999999920e+01
9.949999999999999289e+00 -2.236969999999999903e+00 1.234192999999999873e+00 -2.236969999999999903e+00 1.289450699999999905e+01
9.974999999999999645e+00 -2.142160000000000064e+00 1.180229500000000042e+00 -2.142160000000000064e+00 1.281917050000000025e+01
1.000000000000000000e+01 -2.051340000000000163e+00 1.128662499999999902e+00 -2.051340000000000163e+00 1.274599749999999965e+01
1.002500000000000036e+01 -1.964350000000000041e+00 1.079391999999999907e+00 -1.964350000000000041e+00 1.267500200000000099e+01
1.005000000000000071e+01 -1.881029999999999980e+00 1.032306500000000016e+00 -1.881029999999999980e+00 1.260598349999999890e+01
1.007499999999999929e+01 -1.801230000000000109e+00 9.873115000000000085e-01 -1.801230000000000109e+00 1.253886050000000019e+01
1.009999999999999964e+01 -1.724820000000000020e+00 9.443154999999999744e-01 -1.724820000000000020e+00 1.247365250000000003e+01
1.012500000000000000e+01 -1.651629999999999932e+00 9.032274999999999610e-01 -1.651629999999999932e+00 1.241028049999999894e+01
1.015000000000000036e+01 -1.581550000000000011e+00 8.639629999999999255e-01 -1.581550000000000011e+00 1.234856900000000124e+01
1.017500000000000071e+01 -1.514440000000000008e+00 8.264409999999999812e-01 -1.514440000000000008e+00 1.228844899999999996e+01
1.019999999999999929e+01 -1.450180000000000025e+00 7.905830000000000357e-01 -1.450180000000000025e+00 1.222995099999999979e+01
1.022499999999999964e+01 -1.388649999999999940e+00 7.563155000000000294e-01 -1.388649999999999940e+00 1.217291050000000041e+01
1.025000000000000000e+01 -1.329730000000000079e+00 7.235665000000000013e-01 -1.329730000000000079e+00 1.211726550000000024e+01
1.027500000000000036e+01 -1.273320000000000007e+00 6.922684999999999533e-01 -1.273320000000000007e+00 1.206305749999999932e+01
1.030000000000000071e+01 -1.219319999999999959e+00 6.623569999999999736e-01 -1.219319999999999959e+00 1.201013099999999945e+01
1.032499999999999929e+01 -1.167610000000000037e+00 6.337700000000000555e-01 -1.167610000000000037e+00 1.195842999999999989e+01
1.034999999999999964e+01 -1.118109999999999937e+00 6.064475000000000282e-01 -1.118109999999999937e+00 1.190800450000000055e+01
1.037500000000000000e+01 -1.070710000000000051e+00 5.803345000000000864e-01 -1.070710000000000051e+00 1.185870550000000101e+01
1.040000000000000036e+01 -1.025339999999999918e+00 5.553757000000000277e-01 -1.025339999999999918e+00 1.181058630000000065e+01
1.042500000000000071e+01 -9.819059999999999455e-01 5.315200500000000217e-01 -9.819059999999999455e-01 1.176340195000000044e+01
1.044999999999999929e+01 -9.403259999999999952e-01 5.087180999999999509e-01 -9.403259999999999952e-01 1.171730990000000006e+01
1.047499999999999964e+01 -9.005229999999999624e-01 4.869225999999999832e-01 -9.005229999999999624e-01 1.167226939999999935e+01
1.050000000000000000e+01 -8.624199999999999644e-01 4.660894500000000162e-01 -8.624199999999999644e-01 1.162804254999999998e+01
1.052500000000000036e+01 -8.259459999999999580e-01 4.461746500000000060e-01 -8.259459999999999580e-01 1.158479134999999971e+01
1.055000000000000071e+01 -7.910310000000000397e-01 4.271374000000000004e-01 -7.910310000000000397e-01 1.154248059999999931e+01
1.057499999999999929e+01 -7.576100000000000056e-01 4.089379000000000208e-01 -7.576100000000000056e-01 1.150087609999999927e+01
1.059999999999999964e+01 -7.256179999999999852e-01 3.915394999999999848e-01 -7.256179999999999852e-01 1.146014650000000046e+01
1.062500000000000000e+01 -6.949940000000000007e-01 3.749066500000000079e-01 -6.949940000000000007e-01 1.142016134999999899e+01
1.065000000000000036e+01 -6.656809999999999672e-01 3.590038999999999869e-01 -6.656809999999999672e-01 1.138089010000000023e+01
1.067500000000000071e+01 -6.376230000000000508e-01 3.437999500000000208e-01 -6.376230000000000508e-01 1.134230604999999947e+01
1.069999999999999929e+01 -6.107639999999999736e-01 3.292614999999999847e-01 -6.107639999999999736e-01 1.130448050000000038e+01
1.072499999999999964e+01 -5.850549999999999917e-01 3.153613499999999847e-01 -5.850549999999999917e-01 1.126719064999999986e+01
1.075000000000000000e+01 -5.604459999999999997e-01 3.020684999999999620e-01 -5.604459999999999997e-01 1.123060949999999991e+01
1.077500000000000036e+01 -5.368899999999999784e-01 2.893578499999999720e-01 -5.368899999999999784e-01 1.119471614999999964e+01
1.080000000000000071e+01 -5.143419999999999659e-01 2.772015500000000188e-01 -5.143419999999999659e-01 1.115928644999999975e+01
1.082499999999999929e+01 -4.927570000000000006e-01 2.655758500000000022e-01 -4.927570000000000006e-01 1.112440014999999960e+01
1.084999999999999964e+01 -4.720960000000000156e-01 2.544566999999999801e-01 -4.720960000000000156e-01 1.109013730000000031e+01
1.087500000000000000e+01 -4.523170000000000246e-01 2.438215499999999980e-01 -4.523170000000000246e-01 1.105637845000000041e+01
1.090000000000000036e+01 -4.333839999999999915e-01 2.336486999999999870e-01 -4.333839999999999915e-01 1.102310530000000099e+01
1.092500000000000071e+01 -4.152589999999999892e-01 2.239166499999999949e-01 -4.152589999999999892e-01 1.099029935000000080e+01
1.094999999999999929e+01 -3.979079999999999839e-01 2.146058499999999869e-01 -3.979079999999999839e-01 1.095794415000000122e+01
1.097499999999999964e+01 -3.812980000000000258e-01 2.056988500000000164e-01 -3.812980000000000258e-01 1.092612514999999895e+01
1.100000000000000000e+01 -3.653959999999999986e-01 1.971762499999999974e-01 -3.653959999999999986e-01 1.089462574999999944e+01
1.102500000000000036e+01 -3.501710000000000100e-01 1.890206999999999860e-01 -3.501710000000000100e-01 1.086363129999999977e+01
1.105000000000000071e+01 -3.355960000000000054e-01 1.812170000000000170e-01 -3.355960000000000054e-01 1.083292900000000003e+01
1.107499999999999929e+01 -3.216399999999999815e-01 1.737478500000000092e-01 -3.216399999999999815e-01 1.080270415000000028e+01
1.109999999999999964e+01 -3.082790000000000252e-01 1.665990499999999985e-01 -3.082790000000000252e-01 1.077284494999999964e+01
1.112500000000000000e+01 -2.954849999999999977e-01 1.597574999999999967e-01 -2.954849999999999977e-01 1.074334050000000040e+01
1.115000000000000036e+01 -2.832350000000000145e-01 1.532070999999999850e-01 -2.832350000000000145e-01 1.071417690000000000e+01
1.117500000000000071e+01 -2.715049999999999963e-01 1.469367999999999785e-01 -2.715049999999999963e-01 1.068534520000000043e+01
1.119999999999999929e+01 -2.602720000000000034e-01 1.409325999999999912e-01 -2.602720000000000034e-01 1.065683340000000001e+01
1.122499999999999964e+01 -2.495149999999999868e-01 1.351834500000000105e-01 -2.495149999999999868e-01 1.062873255000000050e+01
1.125000000000000000e+01 -2.392130000000000090e-01 1.296786500000000064e-01 -2.392130000000000090e-01 1.060083334999999849e+01
1.127500000000000036e+01 -2.293469999999999953e-01 1.244061499999999931e-01 -2.293469999999999953e-01 1.057322585000000004e+01
1.130000000000000071e+01 -2.198970000000000091e-01 1.193561999999999956e-01 -2.198970000000000091e-01 1.054590179999999933e+01
1.132499999999999929e+01 -2.108470000000000066e-01 1.145199000000000078e-01 -2.108470000000000066e-01 1.051895410000000020e+01
1.134999999999999964e+01 -2.021769999999999956e-01 1.098854999999999971e-01 -2.021769999999999956e-01 1.049217250000000057e+01
1.137500000000000000e+01 -1.938729999999999898e-01 1.054458500000000076e-01 -1.938729999999999898e-01 1.046565134999999991e+01
1.140000000000000036e+01 -1.859179999999999999e-01 1.011919499999999889e-01 -1.859179999999999999e-01 1.043948304999999976e+01
1.142500000000000071e+01 -1.782980000000000120e-01 9.711564999999999781e-02 -1.782980000000000120e-01 1.041346074999999871e+01
1.144999999999999929e+01 -1.709970000000000101e-01 9.320899999999998631e-02 -1.709970000000000101e-01 1.038777800000000084e+01
1.147499999999999964e+01 -1.640020000000000089e-01 8.946465000000000667e-02 -1.640020000000000089e-01 1.036222854999999932e+01
1.150000000000000000e+01 -1.572999999999999954e-01 8.587550000000000738e-02 -1.572999999999999954e-01 1.033690649999999955e+01
1.152500000000000036e+01 -1.508780000000000121e-01 8.243475000000000108e-02 -1.508780000000000121e-01 1.031180625000000006e+01
1.155000000000000071e+01 -1.447239999999999915e-01 7.913604999999999945e-02 -1.447239999999999915e-01 1.028702254999999965e+01
1.157499999999999929e+01 -1.388270000000000060e-01 7.597315000000000318e-02 -1.388270000000000060e-01 1.026235025000000078e+01
1.159999999999999964e+01 -1.331759999999999888e-01 7.294045000000000389e-02 -1.331759999999999888e-01 1.023788475000000098e+01
1.162500000000000000e+01 -1.277590000000000114e-01 7.003179999999999128e-02 -1.277590000000000114e-01 1.021362079999999928e+01
1.165000000000000036e+01 -1.225679999999999964e-01 6.724215000000000053e-02 -1.225679999999999964e-01 1.018955425000000048e+01
1.167500000000000071e+01 -1.175920000000000021e-01 6.456639999999999602e-02 -1.175920000000000021e-01 1.016568099999999930e+01
1.169999999999999929e+01 -1.128230000000000066e-01 6.199959999999999499e-02 -1.128230000000000066e-01 1.014199680000000114e+01
1.172499999999999964e+01 -1.082510000000000000e-01 5.953714999999999702e-02 -1.082510000000000000e-01 1.011849804999999947e+01
1.175000000000000000e+01 -1.038680000000000020e-01 5.717465000000000047e-02 -1.038680000000000020e-01 1.009518094999999960e+01
1.177500000000000036e+01 -9.966609999999999359e-02 5.490774999999999822e-02 -9.966609999999999359e-02 1.007194204999999876e+01
1.180000000000000071e+01 -9.563760000000000316e-02 5.273264999999999897e-02 -9.563760000000000316e-02 1.004897815000000172e+01
1.182499999999999929e+01 -9.177499999999999547e-02 5.064517500000000061e-02 -9.177499999999999547e-02 1.002611582499999976e+01
1.184999999999999964e+01 -8.807139999999999413e-02 4.864182499999999965e-02 -8.807139999999999413e-02 1.000342217499999897e+01
1.187500000000000000e+01 -8.452020000000000366e-02 4.671917500000000167e-02 -8.452020000000000366e-02 9.980884424999999283e+00
1.190000000000000036e+01 -8.111459999999999504e-02 4.487363000000000463e-02 -8.111459999999999504e-02 9.958499570000000745e+00
1.192500000000000071e+01 -7.784889999999999866e-02 4.310210999999999903e-02 -7.784889999999999866e-02 9.936265090000000910e+00
1.194999999999999929e+01 -7.471700000000000563e-02 4.140162999999999482e-02 -7.471700000000000563e-02 9.914178569999998913e+00
1.197499999999999964e+01 -7.171339999999999659e-02 3.976913999999999449e-02 -7.171339999999999659e-02 9.892227460000000860e+00
1.200000000000000000e+01 -6.883259999999999379e-02 3.820178000000000462e-02 -6.883259999999999379e-02 9.870419420000001054e+00
1.202500000000000036e+01 -6.606950000000000323e-02 3.669711999999999974e-02 -6.606950000000000323e-02 9.848742480000000299e+00
1.205000000000000071e+01 -6.341919999999999502e-02 3.525231999999999671e-02 -6.341919999999999502e-02 9.827204280000000125e+00
1.207499999999999929e+01 -6.087700000000000056e-02 3.386516500000000263e-02 -6.087700000000000056e-02 9.805793034999998881e+00
1.209999999999999964e+01 -5.843840000000000146e-02 3.253323999999999799e-02 -5.843840000000000146e-02 9.784516760000000701e+00
1.212500000000000000e+01 -5.609909999999999897e-02 3.125415000000000137e-02 -5.609909999999999897e-02 9.763363449999999943e+00
1.215000000000000036e+01 -5.385500000000000009e-02 3.002599999999999714e-02 -5.385500000000000009e-02 9.742331599999999980e+00
1.217500000000000071e+01 -5.170210000000000083e-02 2.884660000000000002e-02 -5.170210000000000083e-02 9.721419400000000266e+00
1.219999999999999929e+01 -4.963680000000000175e-02 2.771407999999999858e-02 -4.963680000000000175e-02 9.700635319999999950e+00
1.222499999999999964e+01 -4.765520000000000173e-02 2.662645999999999763e-02 -4.765520000000000173e-02 9.679967739999998599e+00
1.225000000000000000e+01 -4.575409999999999894e-02 2.558198499999999806e-02 -4.575409999999999894e-02 9.659415214999999222e+00
1.227500000000000036e+01 -4.393009999999999970e-02 2.457899500000000279e-02 -4.393009999999999970e-02 9.638976405000001080e+00
1.230000000000000071e+01 -4.218000000000000221e-02 2.361574000000000312e-02 -4.218000000000000221e-02 9.618639860000000041e+00
1.232499999999999929e+01 -4.050080000000000346e-02 2.269067500000000043e-02 -4.050080000000000346e-02 9.598424324999999868e+00
1.234999999999999964e+01 -3.888950000000000046e-02 2.180226500000000123e-02 -3.888950000000000046e-02 9.578318535000001077e+00
1.237500000000000000e+01 -3.734350000000000169e-02 2.094907499999999756e-02 -3.734350000000000169e-02 9.558311325000000025e+00
1.240000000000000036e+01 -3.586000000000000298e-02 2.012977500000000253e-02 -3.586000000000000298e-02 9.538421624999999793e+00
1.242500000000000071e+01 -3.443650000000000183e-02 1.934295000000000112e-02 -3.443650000000000183e-02 9.518628250000000790e+00
1.244999999999999929e+01 -3.307050000000000267e-02 1.858727500000000032e-02 -3.307050000000000267e-02 9.498940124999998957e+00
1.247499999999999964e+01 -3.175970000000000182e-02 1.786163999999999807e-02 -3.175970000000000182e-02 9.479346359999999194e+00
1.250000000000000000e+01 -3.050179999999999905e-02 1.716474000000000125e-02 -3.050179999999999905e-02 9.459855860000001115e+00
1.252500000000000036e+01 -2.929469999999999991e-02 1.649546500000000082e-02 -2.929469999999999991e-02 9.440467735000000360e+00
1.255000000000000071e+01 -2.813629999999999950e-02 1.585282000000000011e-02 -2.813629999999999950e-02 9.421171179999999978e+00
1.257499999999999929e+01 -2.702459999999999932e-02 1.523570500000000043e-02 -2.702459999999999932e-02 9.401965295000000111e+00
1.259999999999999964e+01 -2.595779999999999962e-02 1.464302999999999959e-02 -2.595779999999999962e-02 9.382859169999999693e+00
1.262500000000000000e+01 -2.493389999999999843e-02 1.407390000000000030e-02 -2.493389999999999843e-02 9.363842099999999391e+00
1.265000000000000036e+01 -2.395140000000000116e-02 1.352743999999999995e-02 -2.395140000000000116e-02 9.344923360000001011e+00
1.267500000000000071e+01 -2.300839999999999830e-02 1.300265999999999922e-02 -2.300839999999999830e-02 9.326092140000000086e+00
1.269999999999999929e+01 -2.210339999999999874e-02 1.249877999999999927e-02 -2.210339999999999874e-02 9.307347819999998606e+00
1.272499999999999964e+01 -2.123480000000000159e-02 1.201492500000000095e-02 -2.123480000000000159e-02 9.288699675000000155e+00
1.275000000000000000e+01 -2.040109999999999840e-02 1.155032500000000018e-02 -2.040109999999999840e-02 9.270127074999999550e+00
1.277500000000000036e+01 -1.960109999999999977e-02 1.110414499999999929e-02 -1.960109999999999977e-02 9.251649334999999752e+00
1.280000000000000071e+01 -1.883309999999999845e-02 1.067574999999999948e-02 -1.883309999999999845e-02 9.233255949999998435e+00
1.282499999999999929e+01 -1.809610000000000038e-02 1.026438999999999997e-02 -1.809610000000000038e-02 9.214936310000000574e+00
1.284999999999999964e+01 -1.738869999999999999e-02 9.869394999999999557e-03 -1.738869999999999999e-02 9.196709864999998985e+00
1.287500000000000000e+01 -1.670960000000000154e-02 9.490115000000000356e-03 -1.670960000000000154e-02 9.178566084999999930e+00
1.290000000000000036e+01 -1.605789999999999995e-02 9.125919999999999171e-03 -1.605789999999999995e-02 9.160504459999998517e+00
1.292500000000000071e+01 -1.543229999999999949e-02 8.776200000000001361e-03 -1.543229999999999949e-02 9.142514500000000766e+00
1.294999999999999929e+01 -1.483179999999999915e-02 8.440379999999999064e-03 -1.483179999999999915e-02 9.124615719999999541e+00
1.297499999999999964e+01 -1.425530000000000026e-02 8.117910000000000750e-03 -1.425530000000000026e-02 9.106787690000000879e+00
1.300000000000000000e+01 -1.370200000000000064e-02 7.808240000000000146e-03 -1.370200000000000064e-02 9.089039960000000917e+00
1.302500000000000036e+01 -1.317079999999999987e-02 7.510854999999999441e-03 -1.317079999999999987e-02 9.071362105000000398e+00
1.305000000000000071e+01 -1.266079999999999983e-02 7.225274999999999753e-03 -1.266079999999999983e-02 9.053773744999999096e+00
1.307499999999999929e+01 -1.217120000000000007e-02 6.951004999999999684e-03 -1.217120000000000007e-02 9.036254474999999786e+00
1.309999999999999964e+01 -1.170120000000000014e-02 6.687605000000000112e-03 -1.170120000000000014e-02 9.018803934999999328e+00
1.312500000000000000e+01 -1.124990000000000018e-02 6.434619999999999403e-03 -1.124990000000000018e-02 9.001431759999999116e+00
1.315000000000000036e+01 -1.081660000000000087e-02 6.191630000000000050e-03 -1.081660000000000087e-02 8.984137610000001217e+00
1.317500000000000071e+01 -1.040059999999999943e-02 5.958224999999999286e-03 -1.040059999999999943e-02 8.966911155000000022e+00
1.319999999999999929e+01 -1.000110000000000061e-02 5.734020000000000263e-03 -1.000110000000000061e-02 8.949762080000001063e+00
1.322499999999999964e+01 -9.617489999999999373e-03 5.518644999999999974e-03 -9.617489999999999373e-03 8.932680075000000386e+00
1.325000000000000000e+01 -9.249119999999999564e-03 5.311675000000000077e-03 -9.249119999999999564e-03 8.915664804999998694e+00
1.327500000000000036e+01 -8.895349999999999785e-03 5.112884999999999305e-03 -8.895349999999999785e-03 8.898726095000000669e+00
1.330000000000000071e+01 -8.555580000000000129e-03 4.921867999999999382e-03 -8.555580000000000129e-03 8.881853611999998677e+00
1.332499999999999929e+01 -8.229260000000000394e-03 4.738326500000000774e-03 -8.229260000000000394e-03 8.865057113500000696e+00
1.334999999999999964e+01 -7.915820000000000495e-03 4.562005499999999790e-03 -7.915820000000000495e-03 8.848316414500001059e+00
1.337500000000000000e+01 -7.614740000000000050e-03 4.392490500000000367e-03 -7.614740000000000050e-03 8.831651149500000741e+00
1.340000000000000036e+01 -7.325510000000000355e-03 4.229543500000000275e-03 -7.325510000000000355e-03 8.815051136500001050e+00
1.342500000000000071e+01 -7.047659999999999862e-03 4.072919000000000365e-03 -7.047659999999999862e-03 8.798516181000000103e+00
1.344999999999999929e+01 -6.780719999999999630e-03 3.922341000000000195e-03 -6.780719999999999630e-03 8.782046058999998905e+00
1.347499999999999964e+01 -6.524229999999999786e-03 3.777575999999999937e-03 -6.524229999999999786e-03 8.765640583999999791e+00
1.350000000000000000e+01 -6.277780000000000166e-03 3.638370000000000146e-03 -6.277780000000000166e-03 8.749309549999999547e+00
1.352500000000000036e+01 -6.040949999999999792e-03 3.504510499999999914e-03 -6.040949999999999792e-03 8.733032789500001059e+00
1.355000000000000071e+01 -5.813360000000000055e-03 3.375767000000000004e-03 -5.813360000000000055e-03 8.716820113000000703e+00
1.357499999999999929e+01 -5.594619999999999801e-03 3.251928000000000284e-03 -5.594619999999999801e-03 8.700671351999998748e+00
1.359999999999999964e+01 -5.384370000000000302e-03 3.132804000000000318e-03 -5.384370000000000302e-03 8.684596356000000128e+00
1.362500000000000000e+01 -5.182280000000000046e-03 3.018206500000000011e-03 -5.182280000000000046e-03 8.668574973499998393e+00
1.365000000000000036e+01 -4.988000000000000246e-03 2.907925999999999914e-03 -4.988000000000000246e-03 8.652607034000000752e+00
1.367500000000000071e+01 -4.801230000000000081e-03 2.801816499999999679e-03 -4.801230000000000081e-03 8.636712423500000568e+00
1.369999999999999929e+01 -4.621659999999999657e-03 2.699679999999999875e-03 -4.621659999999999657e-03 8.620870979999999406e+00
1.372499999999999964e+01 -4.448989999999999889e-03 2.601381000000000266e-03 -4.448989999999999889e-03 8.605092599000000675e+00
1.375000000000000000e+01 -4.282939999999999837e-03 2.506754500000000097e-03 -4.282939999999999837e-03 8.589377145500000310e+00
1.377500000000000036e+01 -4.123260000000000119e-03 2.415654499999999889e-03 -4.123260000000000119e-03 8.573724505499999538e+00
1.380000000000000071e+01 -3.969679999999999737e-03 2.327927999999999942e-03 -3.969679999999999737e-03 8.558124551999998886e+00
1.382499999999999929e+01 -3.821960000000000114e-03 2.243440500000000361e-03 -3.821960000000000114e-03 8.542587179500001682e+00
1.384999999999999964e+01 -3.679870000000000016e-03 2.162087999999999944e-03 -3.679870000000000016e-03 8.527102312000000239e+00
1.387500000000000000e+01 -3.543170000000000000e-03 2.083730499999999954e-03 -3.543170000000000000e-03 8.511679829500000238e+00
1.390000000000000036e+01 -3.411659999999999953e-03 2.008245499999999819e-03 -3.411659999999999953e-03 8.496309634499999319e+00
1.392500000000000071e+01 -3.285119999999999880e-03 1.935530999999999884e-03 -3.285119999999999880e-03 8.481001648999999531e+00
1.394999999999999929e+01 -3.163360000000000043e-03 1.865465500000000132e-03 -3.163360000000000043e-03 8.465755774500001607e+00
1.397499999999999964e+01 -3.046189999999999835e-03 1.797949500000000029e-03 -3.046189999999999835e-03 8.450551930500001419e+00
1.400000000000000000e+01 -2.933429999999999892e-03 1.732891999999999983e-03 -2.933429999999999892e-03 8.435420047999999227e+00
1.402500000000000036e+01 -2.824909999999999921e-03 1.670193499999999892e-03 -2.824909999999999921e-03 8.420330046500000165e+00
1.405000000000000071e+01 -2.720460000000000066e-03 1.609755499999999994e-03 -2.720460000000000066e-03 8.405301844499998509e+00
1.407499999999999929e+01 -2.619910000000000034e-03 1.551508500000000007e-03 -2.619910000000000034e-03 8.390325391499999341e+00
1.409999999999999964e+01 -2.523119999999999790e-03 1.495353999999999954e-03 -2.523119999999999790e-03 8.375410605999999092e+00
1.412500000000000000e+01 -2.429939999999999791e-03 1.441214000000000123e-03 -2.429939999999999791e-03 8.360547426000000115e+00
1.415000000000000036e+01 -2.340220000000000061e-03 1.389000999999999951e-03 -2.340220000000000061e-03 8.345735778999999965e+00
1.417500000000000071e+01 -2.253840000000000010e-03 1.338677000000000139e-03 -2.253840000000000010e-03 8.330975643000000375e+00
1.419999999999999929e+01 -2.170669999999999978e-03 1.290165500000000189e-03 -2.170669999999999978e-03 8.316276954500001040e+00
1.422499999999999964e+01 -2.090589999999999810e-03 1.243378999999999969e-03 -2.090589999999999810e-03 8.301619641000000271e+00
1.425000000000000000e+01 -2.013459999999999903e-03 1.198251499999999957e-03 -2.013459999999999903e-03 8.287023648499999950e+00
1.427500000000000036e+01 -1.939200000000000082e-03 1.154736500000000127e-03 -1.939200000000000082e-03 8.272478943499999460e+00
1.430000000000000071e+01 -1.867670000000000094e-03 1.112777000000000124e-03 -1.867670000000000094e-03 8.257985480999998629e+00
1.432499999999999929e+01 -1.798780000000000040e-03 1.072304000000000052e-03 -1.798780000000000040e-03 8.243543206000000012e+00
1.434999999999999964e+01 -1.732430000000000081e-03 1.033272999999999917e-03 -1.732430000000000081e-03 8.229152079000000342e+00
1.437500000000000000e+01 -1.668530000000000100e-03 9.956294999999999989e-04 -1.668530000000000100e-03 8.214812060499999902e+00
1.440000000000000036e+01 -1.606980000000000040e-03 9.593229999999999900e-04 -1.606980000000000040e-03 8.200523108999998811e+00
1.442500000000000071e+01 -1.547690000000000003e-03 9.243085000000000493e-04 -1.547690000000000003e-03 8.186285187499999338e+00
1.444999999999999929e+01 -1.490580000000000030e-03 8.905379999999999633e-04 -1.490580000000000030e-03 8.172088261999999048e+00
1.447499999999999964e+01 -1.435560000000000004e-03 8.579679999999999685e-04 -1.435560000000000004e-03 8.157952294000001103e+00
1.450000000000000000e+01 -1.382570000000000066e-03 8.265584999999999773e-04 -1.382570000000000066e-03 8.143867253499999848e+00
1.452500000000000036e+01 -1.331520000000000099e-03 7.962654999999999473e-04 -1.331520000000000099e-03 8.129823104499999786e+00
1.455000000000000071e+01 -1.282340000000000086e-03 7.670515000000001013e-04 -1.282340000000000086e-03 8.115829818499999959e+00
1.457499999999999929e+01 -1.234969999999999948e-03 7.388800000000000272e-04 -1.234969999999999948e-03 8.101887363999999536e+00
1.459999999999999964e+01 -1.189340000000000102e-03 7.117129999999999941e-04 -1.189340000000000102e-03 8.087995712999999753e+00
1.462500000000000000e+01 -1.145380000000000096e-03 6.855179999999999781e-04 -1.145380000000000096e-03 8.074154838000000112e+00
1.465000000000000036e+01 -1.103030000000000069e-03 6.602605000000000323e-04 -1.103030000000000069e-03 8.060354711500000491e+00
1.467500000000000071e+01 -1.062240000000000103e-03 6.359084999999999781e-04 -1.062240000000000103e-03 8.046605309499998526e+00
1.469999999999999929e+01 -1.022939999999999960e-03 6.124305000000000243e-04 -1.022939999999999960e-03 8.032906605500000907e+00
1.472499999999999964e+01 -9.850919999999999122e-04 5.897974999999999312e-04 -9.850919999999999122e-04 8.019248576499999004e+00
1.475000000000000000e+01 -9.486300000000000027e-04 5.679805000000000010e-04 -9.486300000000000027e-04 8.005641199500001193e+00
1.477500000000000036e+01 -9.135099999999999731e-04 5.469515000000000097e-04 -9.135099999999999731e-04 7.992074452500000703e+00
1.480000000000000071e+01 -8.796809999999999959e-04 5.266844999999999817e-04 -8.796809999999999959e-04 7.978558313499999777e+00
1.482499999999999929e+01 -8.470990000000000290e-04 5.071519999999999717e-04 -8.470990000000000290e-04 7.965092762000000270e+00
1.484999999999999964e+01 -8.157169999999999829e-04 4.883300000000000357e-04 -8.157169999999999829e-04 7.951667778000000020e+00
1.487500000000000000e+01 -7.854920000000000478e-04 4.701952000000000345e-04 -7.854920000000000478e-04 7.938293342799999763e+00
1.490000000000000036e+01 -7.563830000000000119e-04 4.527231000000000159e-04 -7.563830000000000119e-04 7.924959436900000043e+00
1.492500000000000071e+01 -7.283510000000000201e-04 4.358915499999999619e-04 -7.283510000000000201e-04 7.911666042450000269e+00
1.494999999999999929e+01 -7.013549999999999689e-04 4.196792000000000187e-04 -7.013549999999999689e-04 7.898423142799999574e+00
1.497499999999999964e+01 -6.753599999999999577e-04 4.040640500000000027e-04 -6.753599999999999577e-04 7.885230719950000022e+00
1.500000000000000000e+01 -6.503289999999999462e-04 3.890271000000000484e-04 -6.503289999999999462e-04 7.872078758899999862e+00
1.502500000000000036e+01 -6.262270000000000336e-04 3.745484000000000205e-04 -6.262270000000000336e-04 7.858967243600000430e+00
1.505000000000000071e+01 -6.030220000000000415e-04 3.606079499999999835e-04 -6.030220000000000415e-04 7.845906158050000023e+00
1.507499999999999929e+01 -5.806809999999999923e-04 3.471869999999999947e-04 -5.806809999999999923e-04 7.832875486999999914e+00
1.509999999999999964e+01 -5.591730000000000485e-04 3.342697500000000330e-04 -5.591730000000000485e-04 7.819905218249999734e+00
1.512500000000000000e+01 -5.384679999999999545e-04 3.218364500000000313e-04 -5.384679999999999545e-04 7.806965335550000162e+00
1.515000000000000036e+01 -5.185380000000000284e-04 3.098724499999999812e-04 -5.185380000000000284e-04 7.794075827549999502e+00
1.517500000000000071e+01 -4.993540000000000305e-04 2.983601500000000067e-04 -4.993540000000000305e-04 7.781226679850000494e+00
1.519999999999999929e+01 -4.808890000000000235e-04 2.872839000000000295e-04 -4.808890000000000235e-04 7.768417880099999451e+00
1.522499999999999964e+01 -4.631190000000000090e-04 2.766292500000000010e-04 -4.631190000000000090e-04 7.755659416750000368e+00
1.525000000000000000e+01 -4.460159999999999797e-04 2.663796000000000067e-04 -4.460159999999999797e-04 7.742931276400000229e+00
1.527500000000000036e+01 -4.295580000000000231e-04 2.565226500000000265e-04 -4.295580000000000231e-04 7.730253449350000139e+00
1.530000000000000071e+01 -4.137200000000000166e-04 2.470429499999999960e-04 -4.137200000000000166e-04 7.717615923049999438e+00
1.532499999999999929e+01 -3.984799999999999931e-04 2.379271000000000077e-04 -3.984799999999999931e-04 7.705018686899999913e+00
1.534999999999999964e+01 -3.838170000000000015e-04 2.291618499999999886e-04 -3.838170000000000015e-04 7.692461730149999788e+00
1.537500000000000000e+01 -3.697090000000000207e-04 2.207358499999999984e-04 -3.697090000000000207e-04 7.679945044150000122e+00
1.540000000000000036e+01 -3.561349999999999911e-04 2.126349500000000096e-04 -3.561349999999999911e-04 7.667478617049999556e+00
1.542500000000000071e+01 -3.430770000000000087e-04 2.048488999999999963e-04 -3.430770000000000087e-04 7.655042441099999984e+00
1.544999999999999929e+01 -3.305140000000000139e-04 1.973645000000000108e-04 -3.305140000000000139e-04 7.642646505499999243e+00
1.547499999999999964e+01 -3.184290000000000102e-04 1.901706999999999985e-04 -3.184290000000000102e-04 7.630300801300000657e+00
1.550000000000000000e+01 -3.068030000000000236e-04 1.832563000000000161e-04 -3.068030000000000236e-04 7.617985319699999813e+00
1.552500000000000036e+01 -2.956200000000000190e-04 1.766123499999999930e-04 -2.956200000000000190e-04 7.605710053650000191e+00
1.555000000000000071e+01 -2.848619999999999841e-04 1.702266999999999875e-04 -2.848619999999999841e-04 7.593474993300000087e+00
1.557499999999999929e+01 -2.745150000000000238e-04 1.640904500000000003e-04 -2.745150000000000238e-04 7.581290131549999423e+00
1.559999999999999964e+01 -2.645619999999999786e-04 1.581926000000000209e-04 -2.645619999999999786e-04 7.569135459399999988e+00
1.562500000000000000e+01 -2.549879999999999920e-04 1.525251500000000045e-04 -2.549879999999999920e-04 7.557020970850000019e+00
1.565000000000000036e+01 -2.457790000000000061e-04 1.470792499999999962e-04 -2.457790000000000061e-04 7.544936658749999303e+00
1.567500000000000071e+01 -2.369200000000000017e-04 1.418440999999999994e-04 -2.369200000000000017e-04 7.532902513900000763e+00
1.569999999999999929e+01 -2.283990000000000065e-04 1.368126999999999852e-04 -2.283990000000000065e-04 7.520908531300000810e+00
1.572499999999999964e+01 -2.202019999999999900e-04 1.319773499999999842e-04 -2.202019999999999900e-04 7.508944704650000190e+00
1.575000000000000000e+01 -2.123170000000000070e-04 1.273291499999999971e-04 -2.123170000000000070e-04 7.497021026850000602e+00
1.577500000000000036e+01 -2.047309999999999885e-04 1.228604499999999902e-04 -2.047309999999999885e-04 7.485137491549999744e+00
1.580000000000000071e+01 -1.974330000000000052e-04 1.185634500000000007e-04 -1.974330000000000052e-04 7.473294092550000656e+00
1.582499999999999929e+01 -1.904110000000000036e-04 1.144324499999999957e-04 -1.904110000000000036e-04 7.461480825549999807e+00
1.584999999999999964e+01 -1.836560000000000048e-04 1.104596499999999987e-04 -1.836560000000000048e-04 7.449707684150000730e+00
1.587500000000000000e+01 -1.771549999999999937e-04 1.066374000000000033e-04 -1.771549999999999937e-04 7.437974662000000237e+00
1.590000000000000036e+01 -1.708989999999999912e-04 1.029612999999999996e-04 -1.708989999999999912e-04 7.426281755899999837e+00
1.592500000000000071e+01 -1.648800000000000070e-04 9.942440000000000305e-05 -1.648800000000000070e-04 7.414618960199999442e+00
1.594999999999999929e+01 -1.590859999999999876e-04 9.602060000000000694e-05 -1.590859999999999876e-04 7.402996270000000045e+00
1.597499999999999964e+01 -1.535089999999999968e-04 9.274449999999999947e-05 -1.535089999999999968e-04 7.391403680899999884e+00
1.600000000000000000e+01 -1.481409999999999899e-04 8.959049999999999544e-05 -1.481409999999999899e-04 7.379851188499999992e+00
1.602499999999999858e+01 -1.429719999999999993e-04 8.655345000000000052e-05 -1.429719999999999993e-04 7.368338788550000018e+00
1.605000000000000071e+01 -1.379960000000000117e-04 8.362830000000000025e-05 -1.379960000000000117e-04 7.356856477500000047e+00
1.607499999999999929e+01 -1.332050000000000096e-04 8.081060000000000857e-05 -1.332050000000000096e-04 7.345414250800000211e+00
1.610000000000000142e+01 -1.285899999999999869e-04 7.809544999999999443e-05 -1.285899999999999869e-04 7.334002105349999745e+00
1.612500000000000000e+01 -1.241460000000000003e-04 7.547865000000000281e-05 -1.241460000000000003e-04 7.322630037549999749e+00
1.614999999999999858e+01 -1.198650000000000052e-04 7.295605000000000091e-05 -1.198650000000000052e-04 7.311298044149999953e+00
1.617500000000000071e+01 -1.157410000000000020e-04 7.052359999999999001e-05 -1.157410000000000020e-04 7.299996121800000459e+00
1.619999999999999929e+01 -1.117680000000000046e-04 6.817764999999999936e-05 -1.117680000000000046e-04 7.288724267750000152e+00
1.622500000000000142e+01 -1.079389999999999977e-04 6.591464999999999748e-05 -1.079389999999999977e-04 7.277492478950000176e+00
1.625000000000000000e+01 -1.042499999999999997e-04 6.373115000000000052e-05 -1.042499999999999997e-04 7.266300752850000322e+00
1.627499999999999858e+01 -1.006939999999999951e-04 6.162385000000000800e-05 -1.006939999999999951e-04 7.255129086750000234e+00
1.630000000000000071e+01 -9.726680000000000189e-05 5.958974999999999982e-05 -9.726680000000000189e-05 7.244007478250000354e+00
1.632499999999999929e+01 -9.396310000000000166e-05 5.762594999999999670e-05 -9.396310000000000166e-05 7.232905925049999851e+00
1.635000000000000142e+01 -9.077809999999999742e-05 5.572975000000000628e-05 -9.077809999999999742e-05 7.221844425049999572e+00
1.637500000000000000e+01 -8.770740000000000665e-05 5.389844999999999554e-05 -8.770740000000000665e-05 7.210822976149999342e+00
1.639999999999999858e+01 -8.474660000000000613e-05 5.212954999999999965e-05 -8.474660000000000613e-05 7.199831576250000253e+00
1.642500000000000071e+01 -8.189179999999999409e-05 5.042085000000000024e-05 -8.189179999999999409e-05 7.188870223750000399e+00
1.644999999999999929e+01 -7.913869999999999499e-05 4.877005499999999939e-05 -7.913869999999999499e-05 7.177938916745000064e+00
1.647500000000000142e+01 -7.648379999999999437e-05 4.717510000000000171e-05 -7.648379999999999437e-05 7.167047653700000076e+00
1.650000000000000000e+01 -7.392349999999999789e-05 4.563398499999999605e-05 -7.392349999999999789e-05 7.156186433014999793e+00
1.652499999999999858e+01 -7.145430000000000466e-05 4.414500499999999866e-05 -7.145430000000000466e-05 7.145365253395000060e+00
1.655000000000000071e+01 -6.907299999999999410e-05 4.270616499999999873e-05 -6.907299999999999410e-05 7.134564113235000171e+00
1.657499999999999929e+01 -6.677660000000000030e-05 4.131607500000000066e-05 -6.677660000000000030e-05 7.123803011525000173e+00
1.660000000000000142e+01 -6.456190000000000268e-05 3.997296000000000226e-05 -6.456190000000000268e-05 7.113071946839999882e+00
1.662500000000000000e+01 -6.242629999999999555e-05 3.867534499999999520e-05 -6.242629999999999555e-05 7.102380918055000159e+00
1.664999999999999858e+01 -6.036699999999999987e-05 3.742199000000000117e-05 -6.036699999999999987e-05 7.091709924209999905e+00
1.667500000000000071e+01 -5.838150000000000338e-05 3.621169999999999755e-05 -5.838150000000000338e-05 7.081078964500000517e+00
1.669999999999999929e+01 -5.646730000000000060e-05 3.504283999999999871e-05 -5.646730000000000060e-05 7.070478037560000040e+00
1.672500000000000142e+01 -5.462199999999999982e-05 3.391427499999999980e-05 -5.462199999999999982e-05 7.059907142524999735e+00
1.675000000000000000e+01 -5.284340000000000299e-05 3.282507000000000317e-05 -5.284340000000000299e-05 7.049366278729999991e+00
1.677499999999999858e+01 -5.112939999999999873e-05 3.177408500000000361e-05 -5.112939999999999873e-05 7.038865445315000358e+00
1.680000000000000071e+01 -4.947780000000000255e-05 3.076029500000000396e-05 -4.947780000000000255e-05 7.028384641505000197e+00
1.682499999999999929e+01 -4.788679999999999695e-05 2.978279000000000153e-05 -4.788679999999999695e-05 7.017943866610000470e+00
1.685000000000000142e+01 -4.635449999999999808e-05 2.884043999999999860e-05 -4.635449999999999808e-05 7.007533119759999707e+00
1.687500000000000000e+01 -4.487900000000000179e-05 2.793264500000000063e-05 -4.487900000000000179e-05 6.997152400555000540e+00
1.689999999999999858e+01 -4.345849999999999735e-05 2.705829000000000076e-05 -4.345849999999999735e-05 6.986801708110000675e+00
1.692500000000000071e+01 -4.209150000000000180e-05 2.621645999999999937e-05 -4.209150000000000180e-05 6.976481041740000499e+00
1.694999999999999929e+01 -4.077619999999999764e-05 2.540679000000000141e-05 -4.077619999999999764e-05 6.966190401209999550e+00
1.697500000000000142e+01 -3.951120000000000212e-05 2.462825999999999991e-05 -3.951120000000000212e-05 6.955929785740000426e+00
1.700000000000000000e+01 -3.829489999999999820e-05 2.388008500000000093e-05 -3.829489999999999820e-05 6.945699194714999969e+00
1.702499999999999858e+01 -3.712580000000000291e-05 2.316157000000000328e-05 -3.712580000000000291e-05 6.935498627630000357e+00
1.705000000000000071e+01 -3.600259999999999984e-05 2.247202999999999972e-05 -3.600259999999999984e-05 6.925328083969999327e+00
1.707499999999999929e+01 -3.492379999999999926e-05 2.181067999999999969e-05 -3.492379999999999926e-05 6.915187563119999936e+00
1.710000000000000142e+01 -3.388809999999999831e-05 2.117693999999999989e-05 -3.388809999999999831e-05 6.905077064659999486e+00
1.712500000000000000e+01 -3.289430000000000115e-05 2.056992499999999940e-05 -3.289430000000000115e-05 6.894996587875000138e+00
1.714999999999999858e+01 -3.194089999999999771e-05 1.998917000000000296e-05 -3.194089999999999771e-05 6.884946132429999643e+00
1.717500000000000071e+01 -3.102699999999999957e-05 1.943397000000000191e-05 -3.102699999999999957e-05 6.874925697830000182e+00
1.719999999999999929e+01 -3.015110000000000004e-05 1.890349500000000255e-05 -3.015110000000000004e-05 6.864925283305000292e+00
1.722500000000000142e+01 -2.931220000000000033e-05 1.839725999999999807e-05 -2.931220000000000033e-05 6.854964888539999635e+00
1.725000000000000000e+01 -2.850910000000000119e-05 1.791458999999999885e-05 -2.850910000000000119e-05 6.845024513010000256e+00
1.727499999999999858e+01 -2.774060000000000000e-05 1.745481999999999901e-05 -2.774060000000000000e-05 6.835124156180000021e+00
1.730000000000000071e+01 -2.700560000000000110e-05 1.701728499999999948e-05 -2.700560000000000110e-05 6.825243817515000089e+00
1.732499999999999929e+01 -2.630309999999999894e-05 1.660132499999999813e-05 -2.630309999999999894e-05 6.815393496475000035e+00
1.735000000000000142e+01 -2.563190000000000103e-05 1.620627499999999926e-05 -2.563190000000000103e-05 6.805573192525000259e+00
1.737500000000000000e+01 -2.499109999999999862e-05 1.583147500000000075e-05 -2.499109999999999862e-05 6.795782905124999829e+00
1.739999999999999858e+01 -2.437939999999999904e-05 1.547637500000000139e-05 -2.437939999999999904e-05 6.786022633825000483e+00
1.742500000000000071e+01 -2.379610000000000075e-05 1.514019999999999948e-05 -2.379610000000000075e-05 6.776282378000000328e+00
1.744999999999999929e+01 -2.323990000000000089e-05 1.482239999999999890e-05 -2.323990000000000089e-05 6.766572137199999837e+00
1.747500000000000142e+01 -2.271000000000000110e-05 1.452232499999999991e-05 -2.271000000000000110e-05 6.756891910874999851e+00
1.750000000000000000e+01 -2.220529999999999897e-05 1.423922000000000053e-05 -2.220529999999999897e-05 6.747241698379999875e+00
1.752499999999999858e+01 -2.172479999999999908e-05 1.397242999999999897e-05 -2.172479999999999908e-05 6.737611499169999796e+00
1.755000000000000071e+01 -2.126769999999999968e-05 1.372150499999999933e-05 -2.126769999999999968e-05 6.728021312895000605e+00
1.757499999999999929e+01 -2.083299999999999857e-05 1.348559499999999976e-05 -2.083299999999999857e-05 6.718451138805000333e+00
1.760000000000000142e+01 -2.041970000000000035e-05 1.326405000000000051e-05 -2.041970000000000035e-05 6.708900976349999823e+00
1.762500000000000000e+01 -2.002699999999999985e-05 1.305641999999999891e-05 -2.002699999999999985e-05 6.699390825180000064e+00
1.764999999999999858e+01 -1.965390000000000168e-05 1.286185499999999986e-05 -1.965390000000000168e-05 6.689900684544999976e+00
1.767500000000000071e+01 -1.929950000000000047e-05 1.267981500000000118e-05 -1.929950000000000047e-05 6.680430553984999520e+00
1.769999999999999929e+01 -1.896290000000000101e-05 1.250964499999999939e-05 -1.896290000000000101e-05 6.671000432955000115e+00
1.772500000000000142e+01 -1.864339999999999840e-05 1.235071000000000088e-05 -1.864339999999999840e-05 6.661590320890000250e+00
1.775000000000000000e+01 -1.834010000000000081e-05 1.220245999999999938e-05 -1.834010000000000081e-05 6.652210217339999510e+00
1.777499999999999858e+01 -1.805199999999999928e-05 1.206415500000000071e-05 -1.805199999999999928e-05 6.642850121644999994e+00
1.780000000000000071e+01 -1.777849999999999927e-05 1.193524499999999858e-05 -1.777849999999999927e-05 6.633520033355000400e+00
1.782499999999999929e+01 -1.751869999999999881e-05 1.181519499999999962e-05 -1.751869999999999881e-05 6.624219952004999357e+00
1.785000000000000142e+01 -1.727179999999999953e-05 1.170326000000000084e-05 -1.727179999999999953e-05 6.614939876940000296e+00
1.787500000000000000e+01 -1.703709999999999990e-05 1.159890500000000038e-05 -1.703709999999999990e-05 6.605689807695000582e+00
1.789999999999999858e+01 -1.681380000000000155e-05 1.150168499999999930e-05 -1.681380000000000155e-05 6.596459743915000118e+00
1.792500000000000071e+01 -1.660109999999999933e-05 1.141075999999999983e-05 -1.660109999999999933e-05 6.587259684840000240e+00
1.794999999999999929e+01 -1.639849999999999893e-05 1.132569500000000033e-05 -1.639849999999999893e-05 6.578089630104999586e+00
1.797500000000000142e+01 -1.620500000000000155e-05 1.124615499999999939e-05 -1.620500000000000155e-05 6.568939579444999843e+00
1.800000000000000000e+01 -1.602019999999999952e-05 1.117139999999999946e-05 -1.602019999999999952e-05 6.559819532199999692e+00
1.802499999999999858e+01 -1.584330000000000127e-05 1.110099000000000025e-05 -1.584330000000000127e-05 6.550719488009999480e+00
1.805000000000000071e+01 -1.567369999999999869e-05 1.103439500000000025e-05 -1.567369999999999869e-05 6.541639446404999170e+00
1.807499999999999929e+01 -1.551070000000000042e-05 1.097117000000000053e-05 -1.551070000000000042e-05 6.532599407030000194e+00
1.810000000000000142e+01 -1.535379999999999859e-05 1.091079999999999894e-05 -1.535379999999999859e-05 6.523569369399999651e+00
1.812500000000000000e+01 -1.520240000000000034e-05 1.085283499999999957e-05 -1.520240000000000034e-05 6.514579333164999930e+00
1.814999999999999858e+01 -1.505589999999999929e-05 1.079675499999999993e-05 -1.505589999999999929e-05 6.505599297844999462e+00
1.817500000000000071e+01 -1.491379999999999941e-05 1.074231499999999983e-05 -1.491379999999999941e-05 6.496649263285000586e+00
1.819999999999999929e+01 -1.477559999999999961e-05 1.068903999999999990e-05 -1.477559999999999961e-05 6.487729229040000156e+00
1.822500000000000142e+01 -1.464070000000000028e-05 1.063649500000000022e-05 -1.464070000000000028e-05 6.478829194764999855e+00
1.825000000000000000e+01 -1.450880000000000075e-05 1.058439000000000083e-05 -1.450880000000000075e-05 6.469959160210000171e+00
1.827499999999999858e+01 -1.437929999999999970e-05 1.053230499999999944e-05 -1.437929999999999970e-05 6.461099125015000055e+00
1.830000000000000071e+01 -1.425179999999999965e-05 1.047994000000000050e-05 -1.425179999999999965e-05 6.452279088940000129e+00
1.832499999999999929e+01 -1.412599999999999994e-05 1.042697500000000023e-05 -1.412599999999999994e-05 6.443479051724999351e+00
1.835000000000000142e+01 -1.400129999999999925e-05 1.037312500000000074e-05 -1.400129999999999925e-05 6.434699013114999921e+00
1.837500000000000000e+01 -1.387760000000000076e-05 1.031811499999999972e-05 -1.387760000000000076e-05 6.425938972905000490e+00
1.839999999999999858e+01 -1.375439999999999997e-05 1.026169500000000001e-05 -1.375439999999999997e-05 6.417208930885000662e+00
1.842500000000000071e+01 -1.363139999999999963e-05 1.020361000000000072e-05 -1.363139999999999963e-05 6.408498886849999465e+00
1.844999999999999929e+01 -1.350830000000000075e-05 1.014366999999999872e-05 -1.350830000000000075e-05 6.399818840650000062e+00
1.847500000000000142e+01 -1.338479999999999931e-05 1.008165499999999894e-05 -1.338479999999999931e-05 6.391158792104999264e+00
1.850000000000000000e+01 -1.326080000000000016e-05 1.001740000000000001e-05 -1.326080000000000016e-05 6.382518741100000170e+00
1.852499999999999858e+01 -1.313580000000000051e-05 9.950679999999999738e-06 -1.313580000000000051e-05 6.373908687440000165e+00
1.855000000000000071e+01 -1.300980000000000036e-05 9.881475000000000119e-06 -1.300980000000000036e-05 6.365318631144999628e+00
1.857499999999999929e+01 -1.288250000000000075e-05 9.809579999999998667e-06 -1.288250000000000075e-05 6.356748572039999878e+00
1.860000000000000142e+01 -1.275379999999999976e-05 9.734914999999999950e-06 -1.275379999999999976e-05 6.348208510085000533e+00
1.862500000000000000e+01 -1.262340000000000013e-05 9.657369999999999662e-06 -1.262340000000000013e-05 6.339688445190000188e+00
1.864999999999999858e+01 -1.249140000000000038e-05 9.576870000000001025e-06 -1.249140000000000038e-05 6.331188377330000172e+00
1.867500000000000071e+01 -1.235739999999999963e-05 9.493375000000001243e-06 -1.235739999999999963e-05 6.322708306465000483e+00
1.869999999999999929e+01 -1.222149999999999979e-05 9.406819999999999155e-06 -1.222149999999999979e-05 6.314258232580000296e+00
1.872500000000000142e+01 -1.208350000000000044e-05 9.317190000000000489e-06 -1.208350000000000044e-05 6.305828155669999546e+00
1.875000000000000000e+01 -1.194339999999999986e-05 9.224524999999999573e-06 -1.194339999999999986e-05 6.297418075795000014e+00
1.877499999999999858e+01 -1.180109999999999955e-05 9.128715000000000570e-06 -1.180109999999999955e-05 6.289037992865000426e+00
1.880000000000000071e+01 -1.165659999999999949e-05 9.029829999999999907e-06 -1.165659999999999949e-05 6.280677906969999391e+00
1.882499999999999929e+01 -1.150989999999999969e-05 8.927890000000000676e-06 -1.150989999999999969e-05 6.272327818149999956e+00
1.885000000000000142e+01 -1.136079999999999972e-05 8.822945000000001294e-06 -1.136079999999999972e-05 6.264017726455000101e+00
1.887500000000000000e+01 -1.120960000000000021e-05 8.715029999999999126e-06 -1.120960000000000021e-05 6.255717631949999635e+00
1.889999999999999858e+01 -1.105600000000000053e-05 8.604205000000000064e-06 -1.105600000000000053e-05 6.247437534694999961e+00
1.892500000000000071e+01 -1.090029999999999964e-05 8.490504999999999781e-06 -1.090029999999999964e-05 6.239187434735000259e+00
1.894999999999999929e+01 -1.074230000000000047e-05 8.374080000000000298e-06 -1.074230000000000047e-05 6.230957332240000035e+00
1.897500000000000142e+01 -1.058220000000000009e-05 8.254984999999998688e-06 -1.058220000000000009e-05 6.222747227254999736e+00
1.900000000000000000e+01 -1.041989999999999997e-05 8.133295000000000197e-06 -1.041989999999999997e-05 6.214557119864999812e+00
1.902499999999999858e+01 -1.025570000000000076e-05 8.009123999999999925e-06 -1.025570000000000076e-05 6.206397010195999542e+00
1.905000000000000071e+01 -1.008940000000000033e-05 7.882557000000000431e-06 -1.008940000000000033e-05 6.198246898323000131e+00
1.907499999999999929e+01 -9.921259999999999942e-06 7.753720500000001075e-06 -9.921259999999999942e-06 6.190126784379500258e+00
1.910000000000000142e+01 -9.751279999999999581e-06 7.622713999999999842e-06 -9.751279999999999581e-06 6.182026668465999464e+00
1.912500000000000000e+01 -9.579559999999999470e-06 7.489648499999999583e-06 -9.579559999999999470e-06 6.173946550691500335e+00
1.914999999999999858e+01 -9.406190000000000823e-06 7.354644000000000222e-06 -9.406190000000000823e-06 6.165886431175999327e+00
1.917500000000000071e+01 -9.231240000000000067e-06 7.217812000000000072e-06 -9.231240000000000067e-06 6.157846310027999870e+00
1.919999999999999929e+01 -9.054819999999999815e-06 7.079273000000000449e-06 -9.054819999999999815e-06 6.149826187367000152e+00
1.922500000000000142e+01 -8.877030000000000286e-06 6.939129000000000355e-06 -8.877030000000000286e-06 6.141826063291000004e+00
1.925000000000000000e+01 -8.697950000000000299e-06 6.797501499999999652e-06 -8.697950000000000299e-06 6.133845937918500191e+00
1.927499999999999858e+01 -8.517690000000000775e-06 6.654502499999999736e-06 -8.517690000000000775e-06 6.125895811357500165e+00
1.930000000000000071e+01 -8.336350000000000238e-06 6.510233499999999915e-06 -8.336350000000000238e-06 6.117955683706500558e+00
1.932499999999999929e+01 -8.154009999999999202e-06 6.364785999999999644e-06 -8.154009999999999202e-06 6.110045555053999600e+00
1.935000000000000142e+01 -7.970769999999999581e-06 6.218251999999999769e-06 -7.970769999999999581e-06 6.102155425488000162e+00
1.937500000000000000e+01 -7.786719999999999200e-06 6.070732999999999598e-06 -7.786719999999999200e-06 6.094275295106999835e+00
1.939999999999999858e+01 -7.601950000000000120e-06 5.922289499999999636e-06 -7.601950000000000120e-06 6.086425163970500485e+00
1.942500000000000071e+01 -7.416540000000000315e-06 5.773003500000000029e-06 -7.416540000000000315e-06 6.078585032156500034e+00
1.944999999999999929e+01 -7.230559999999999598e-06 5.622913999999999948e-06 -7.230559999999999598e-06 6.070774899706000483e+00
1.947500000000000142e+01 -7.044100000000000032e-06 5.472081999999999593e-06 -7.044100000000000032e-06 6.062984766677999460e+00
1.950000000000000000e+01 -6.857219999999999883e-06 5.320536499999999979e-06 -6.857219999999999883e-06 6.055214633103499722e+00
1.952499999999999858e+01 -6.669979999999999961e-06 5.168275499999999777e-06 -6.669979999999999961e-06 6.047454498984500049e+00
1.955000000000000071e+01 -6.482440000000000229e-06 5.015327499999999459e-06 -6.482440000000000229e-06 6.039724364352499819e+00
1.957499999999999929e+01 -6.294630000000000243e-06 4.861658500000000202e-06 -6.294630000000000243e-06 6.032014229181499765e+00
1.960000000000000142e+01 -6.106609999999999966e-06 4.707224999999999642e-06 -6.106609999999999966e-06 6.024314093434999684e+00
1.962500000000000000e+01 -5.918390000000000098e-06 4.551981000000000320e-06 -5.918390000000000098e-06 6.016643957078999350e+00
1.964999999999999858e+01 -5.729990000000000343e-06 4.395849499999999899e-06 -5.729990000000000343e-06 6.008983820050500135e+00
1.967500000000000071e+01 -5.541430000000000407e-06 4.238703500000000167e-06 -5.541430000000000407e-06 6.001353682236500120e+00
1.969999999999999929e+01 -5.352710000000000290e-06 4.080431499999999423e-06 -5.352710000000000290e-06 5.993733543548500187e+00
1.972500000000000142e+01 -5.163799999999999586e-06 3.920852999999999779e-06 -5.163799999999999586e-06 5.986133403826999988e+00
1.975000000000000000e+01 -4.974690000000000138e-06 3.759774000000000114e-06 -4.974690000000000138e-06 5.978563262905999487e+00
1.977499999999999858e+01 -4.785339999999999994e-06 3.596949000000000110e-06 -4.785339999999999994e-06 5.971003120570999911e+00
1.980000000000000071e+01 -4.595690000000000040e-06 3.432189500000000387e-06 -4.595690000000000040e-06 5.963462976670500737e+00
1.982499999999999929e+01 -4.405690000000000165e-06 3.265066499999999904e-06 -4.405690000000000165e-06 5.955942830813500066e+00
1.985000000000000142e+01 -4.215259999999999855e-06 3.095273000000000138e-06 -4.215259999999999855e-06 5.948442682746999388e+00
1.987500000000000000e+01 -4.024299999999999739e-06 2.922394500000000129e-06 -4.024299999999999739e-06 5.940962532105499960e+00
1.989999999999999858e+01 -3.832699999999999744e-06 2.745979500000000227e-06 -3.832699999999999744e-06 5.933492378500499598e+00
1.992500000000000071e+01 -3.640349999999999798e-06 2.565505500000000301e-06 -3.640349999999999798e-06 5.926052221474500392e+00
1.994999999999999929e+01 -3.447079999999999868e-06 2.380352500000000178e-06 -3.447079999999999868e-06 5.918622060487499503e+00
1.997500000000000142e+01 -3.252800000000000010e-06 2.190006500000000070e-06 -3.252800000000000010e-06 5.911211895093499535e+00
2.000000000000000000e+01 -3.057150000000000029e-06 1.993323999999999857e-06 -3.057150000000000029e-06 5.903831724296000338e+00
