# raxis[fm], SN, VN, SP, VP [MeV]
0.000000000000000000e+00 -3.767830000000000155e+02 3.081176300000000197e+02 -3.767830000000000155e+02 3.268722700000000145e+02
2.500000000000000139e-02 -3.767830000000000155e+02 3.081176300000000197e+02 -3.767830000000000155e+02 3.268722700000000145e+02
5.000000000000000278e-02 -3.766009999999999991e+02 3.077672949999999901e+02 -3.766009999999999991e+02 3.265161049999999818e+02
7.499999999999999722e-02 -3.765769999999999982e+02 3.077427250000000072e+02 -3.765769999999999982e+02 3.264740749999999707e+02
1.000000000000000056e-01 -3.765480000000000018e+02 3.077165549999999712e+02 -3.765480000000000018e+02 3.264232449999999517e+02
1.250000000000000000e-01 -3.765219999999999914e+02 3.077048499999999649e+02 -3.765219999999999914e+02 3.263797500000000014e+02
1.499999999999999944e-01 -3.764929999999999950e+02 3.076945049999999924e+02 -3.764929999999999950e+02 3.263305949999999598e+02
1.749999999999999889e-01 -3.764610000000000127e+02 3.076874649999999747e+02 -3.764610000000000127e+02 3.262779350000000136e+02
2.000000000000000111e-01 -3.764209999999999923e+02 3.076806650000000332e+02 -3.764209999999999923e+02 3.262186350000000061e+02
2.250000000000000056e-01 -3.763809999999999718e+02 3.076730499999999893e+02 -3.763809999999999718e+02 3.261520500000000311e+02
2.500000000000000000e-01 -3.763369999999999891e+02 3.076664999999999850e+02 -3.763369999999999891e+02 3.260799999999999841e+02
2.750000000000000222e-01 -3.762880000000000109e+02 3.076580199999999650e+02 -3.762880000000000109e+02 3.259996800000000121e+02
2.999999999999999889e-01 -3.762350000000000136e+02 3.076494650000000206e+02 -3.762350000000000136e+02 3.259131349999999543e+02
3.250000000000000111e-01 -3.761770000000000209e+02 3.076387650000000349e+02 -3.761770000000000209e+02 3.258185349999999971e+02
3.499999999999999778e-01 -3.761139999999999759e+02 3.076248150000000123e+02 -3.761139999999999759e+02 3.257148849999999811e+02
3.750000000000000000e-01 -3.760459999999999923e+02 3.076125000000000114e+02 -3.760459999999999923e+02 3.256073000000000093e+02
4.000000000000000222e-01 -3.759730000000000132e+02 3.075987200000000144e+02 -3.759730000000000132e+02 3.254929799999999886e+02
4.249999999999999889e-01 -3.758960000000000150e+02 3.075823499999999626e+02 -3.758960000000000150e+02 3.253709499999999935e+02
4.500000000000000111e-01 -3.758129999999999882e+02 3.075632650000000012e+02 -3.758129999999999882e+02 3.252414349999999672e+02
4.749999999999999778e-01 -3.757250000000000227e+02 3.075433449999999880e+02 -3.757250000000000227e+02 3.251064549999999826e+02
5.000000000000000000e-01 -3.756320000000000050e+02 3.075194399999999746e+02 -3.756320000000000050e+02 3.249631599999999594e+02
5.250000000000000222e-01 -3.755339999999999918e+02 3.074944350000000099e+02 -3.755339999999999918e+02 3.248147650000000226e+02
5.500000000000000444e-01 -3.754309999999999832e+02 3.074651599999999689e+02 -3.754309999999999832e+02 3.246583400000000097e+02
5.749999999999999556e-01 -3.753229999999999791e+02 3.074334900000000061e+02 -3.753229999999999791e+02 3.244961099999999874e+02
5.999999999999999778e-01 -3.752090000000000032e+02 3.073992650000000140e+02 -3.752090000000000032e+02 3.243281349999999748e+02
6.250000000000000000e-01 -3.750910000000000082e+02 3.073613449999999716e+02 -3.750910000000000082e+02 3.241536550000000148e+02
6.500000000000000222e-01 -3.749669999999999845e+02 3.073195549999999798e+02 -3.749669999999999845e+02 3.239727449999999749e+02
6.750000000000000444e-01 -3.748380000000000223e+02 3.072737549999999942e+02 -3.748380000000000223e+02 3.237856449999999313e+02
6.999999999999999556e-01 -3.747040000000000077e+02 3.072247750000000224e+02 -3.747040000000000077e+02 3.235935249999999996e+02
7.249999999999999778e-01 -3.745640000000000214e+02 3.071724699999999757e+02 -3.745640000000000214e+02 3.233964299999999525e+02
7.500000000000000000e-01 -3.744200000000000159e+02 3.071156599999999912e+02 -3.744200000000000159e+02 3.231935399999999845e+02
7.750000000000000222e-01 -3.742710000000000150e+02 3.070541999999999803e+02 -3.742710000000000150e+02 3.229850999999999885e+02
8.000000000000000444e-01 -3.741159999999999854e+02 3.069849200000000451e+02 -3.741159999999999854e+02 3.227682800000000043e+02
8.249999999999999556e-01 -3.739569999999999936e+02 3.069166649999999663e+02 -3.739569999999999936e+02 3.225521350000000211e+02
8.499999999999999778e-01 -3.737930000000000064e+02 3.068422699999999850e+02 -3.737930000000000064e+02 3.223299299999999903e+02
8.750000000000000000e-01 -3.736250000000000000e+02 3.067645999999999731e+02 -3.736250000000000000e+02 3.221048000000000116e+02
9.000000000000000222e-01 -3.734519999999999982e+02 3.066814499999999839e+02 -3.734519999999999982e+02 3.218748500000000377e+02
9.250000000000000444e-01 -3.732740000000000009e+02 3.065937500000000000e+02 -3.732740000000000009e+02 3.216412500000000136e+02
9.499999999999999556e-01 -3.730919999999999845e+02 3.065012500000000273e+02 -3.730919999999999845e+02 3.214042500000000473e+02
9.749999999999999778e-01 -3.729069999999999823e+02 3.064038499999999772e+02 -3.729069999999999823e+02 3.211639499999999998e+02
1.000000000000000000e+00 -3.727169999999999845e+02 3.063024500000000216e+02 -3.727169999999999845e+02 3.209213500000000181e+02
1.024999999999999911e+00 -3.725240000000000009e+02 3.061968499999999835e+02 -3.725240000000000009e+02 3.206767500000000268e+02
1.050000000000000044e+00 -3.723269999999999982e+02 3.060859000000000378e+02 -3.723269999999999982e+02 3.204291999999999803e+02
1.074999999999999956e+00 -3.721279999999999859e+02 3.059715499999999793e+02 -3.721279999999999859e+02 3.201809499999999389e+02
1.100000000000000089e+00 -3.719250000000000114e+02 3.058525999999999954e+02 -3.719250000000000114e+02 3.199309999999999832e+02
1.125000000000000000e+00 -3.717189999999999941e+02 3.057289999999999850e+02 -3.717189999999999941e+02 3.196794999999999618e+02
1.149999999999999911e+00 -3.715110000000000241e+02 3.056016000000000190e+02 -3.715110000000000241e+02 3.194275999999999840e+02
1.175000000000000044e+00 -3.713009999999999877e+02 3.054702499999999645e+02 -3.713009999999999877e+02 3.191754500000000121e+02
1.199999999999999956e+00 -3.710889999999999986e+02 3.053359000000000378e+02 -3.710889999999999986e+02 3.189239999999999782e+02
1.225000000000000089e+00 -3.708750000000000000e+02 3.051964500000000271e+02 -3.708750000000000000e+02 3.186715500000000247e+02
1.250000000000000000e+00 -3.706600000000000250e+02 3.050548500000000445e+02 -3.706600000000000250e+02 3.184209500000000048e+02
1.274999999999999911e+00 -3.704440000000000168e+02 3.049099499999999807e+02 -3.704440000000000168e+02 3.181714499999999930e+02
1.300000000000000044e+00 -3.702280000000000086e+02 3.047615999999999872e+02 -3.702280000000000086e+02 3.179232000000000085e+02
1.324999999999999956e+00 -3.700110000000000241e+02 3.046099500000000262e+02 -3.700110000000000241e+02 3.176760499999999752e+02
1.350000000000000089e+00 -3.697939999999999827e+02 3.044568499999999744e+02 -3.697939999999999827e+02 3.174321500000000356e+02
1.375000000000000000e+00 -3.695779999999999745e+02 3.043012999999999693e+02 -3.695779999999999745e+02 3.171904999999999859e+02
1.399999999999999911e+00 -3.693629999999999995e+02 3.041441000000000372e+02 -3.693629999999999995e+02 3.169522000000000048e+02
1.425000000000000044e+00 -3.691490000000000009e+02 3.039843500000000063e+02 -3.691490000000000009e+02 3.167163499999999772e+02
1.449999999999999956e+00 -3.689359999999999786e+02 3.038238499999999931e+02 -3.689359999999999786e+02 3.164850500000000579e+02
1.475000000000000089e+00 -3.687250000000000227e+02 3.036629000000000360e+02 -3.687250000000000227e+02 3.162579000000000065e+02
1.500000000000000000e+00 -3.685160000000000196e+02 3.035001999999999498e+02 -3.685160000000000196e+02 3.160342999999999734e+02
1.524999999999999911e+00 -3.683100000000000023e+02 3.033399499999999875e+02 -3.683100000000000023e+02 3.158181500000000028e+02
1.550000000000000044e+00 -3.681070000000000277e+02 3.031770500000000084e+02 -3.681070000000000277e+02 3.156043500000000108e+02
1.574999999999999956e+00 -3.679069999999999823e+02 3.030144500000000107e+02 -3.679069999999999823e+02 3.153960500000000025e+02
1.600000000000000089e+00 -3.677099999999999795e+02 3.028523500000000013e+02 -3.677099999999999795e+02 3.151931500000000028e+02
1.625000000000000000e+00 -3.675179999999999723e+02 3.026916499999999814e+02 -3.675179999999999723e+02 3.149965500000000134e+02
1.649999999999999911e+00 -3.673290000000000077e+02 3.025314000000000192e+02 -3.673290000000000077e+02 3.148052999999999884e+02
1.675000000000000044e+00 -3.671460000000000150e+02 3.023726500000000215e+02 -3.671460000000000150e+02 3.146203500000000304e+02
1.699999999999999956e+00 -3.669669999999999845e+02 3.022184499999999616e+02 -3.669669999999999845e+02 3.144446499999999673e+02
1.725000000000000089e+00 -3.667939999999999827e+02 3.020629000000000133e+02 -3.667939999999999827e+02 3.142721000000000231e+02
1.750000000000000000e+00 -3.666250000000000000e+02 3.019120500000000220e+02 -3.666250000000000000e+02 3.141086500000000115e+02
1.774999999999999911e+00 -3.664630000000000223e+02 3.017629999999999768e+02 -3.664630000000000223e+02 3.139511999999999716e+02
1.800000000000000044e+00 -3.663070000000000164e+02 3.016177500000000009e+02 -3.663070000000000164e+02 3.138017499999999700e+02
1.824999999999999956e+00 -3.661569999999999823e+02 3.014754000000000360e+02 -3.661569999999999823e+02 3.136591000000000236e+02
1.850000000000000089e+00 -3.660129999999999768e+02 3.013370999999999640e+02 -3.660129999999999768e+02 3.135242999999999824e+02
1.875000000000000000e+00 -3.658750000000000000e+02 3.012018999999999664e+02 -3.658750000000000000e+02 3.133962000000000216e+02
1.899999999999999911e+00 -3.657450000000000045e+02 3.010718499999999835e+02 -3.657450000000000045e+02 3.132766500000000178e+02
1.925000000000000044e+00 -3.656220000000000141e+02 3.009461499999999887e+02 -3.656220000000000141e+02 3.131646499999999946e+02
1.949999999999999956e+00 -3.655049999999999955e+02 3.008248500000000263e+02 -3.655049999999999955e+02 3.130599499999999580e+02
1.975000000000000089e+00 -3.653960000000000150e+02 3.007060500000000047e+02 -3.653960000000000150e+02 3.129606499999999301e+02
2.000000000000000000e+00 -3.652939999999999827e+02 3.005949000000000524e+02 -3.652939999999999827e+02 3.128713999999999942e+02
2.024999999999999911e+00 -3.651990000000000123e+02 3.004884500000000003e+02 -3.651990000000000123e+02 3.127892499999999814e+02
2.049999999999999822e+00 -3.651120000000000232e+02 3.003868999999999687e+02 -3.651120000000000232e+02 3.127139999999999986e+02
2.075000000000000178e+00 -3.650319999999999823e+02 3.002912999999999784e+02 -3.650319999999999823e+02 3.126465999999999781e+02
2.100000000000000089e+00 -3.649599999999999795e+02 3.002017500000000041e+02 -3.649599999999999795e+02 3.125868499999999699e+02
2.125000000000000000e+00 -3.648919999999999959e+02 3.001174500000000194e+02 -3.648919999999999959e+02 3.125337499999999977e+02
2.149999999999999911e+00 -3.648360000000000127e+02 3.000384500000000116e+02 -3.648360000000000127e+02 3.124871500000000424e+02
2.174999999999999822e+00 -3.647850000000000250e+02 2.999649000000000001e+02 -3.647850000000000250e+02 3.124467999999999961e+02
2.200000000000000178e+00 -3.647409999999999854e+02 2.998979500000000371e+02 -3.647409999999999854e+02 3.124136500000000183e+02
2.225000000000000089e+00 -3.647040000000000077e+02 2.998366499999999633e+02 -3.647040000000000077e+02 3.123866499999999746e+02
2.250000000000000000e+00 -3.646739999999999782e+02 2.997801000000000045e+02 -3.646739999999999782e+02 3.123646999999999707e+02
2.274999999999999911e+00 -3.646499999999999773e+02 2.997295000000000300e+02 -3.646499999999999773e+02 3.123485000000000014e+02
2.299999999999999822e+00 -3.646320000000000050e+02 2.996849000000000274e+02 -3.646320000000000050e+02 3.123382000000000289e+02
2.325000000000000178e+00 -3.646209999999999809e+02 2.996454500000000394e+02 -3.646209999999999809e+02 3.123324499999999944e+02
2.350000000000000089e+00 -3.646150000000000091e+02 2.996111999999999966e+02 -3.646150000000000091e+02 3.123313000000000557e+02
2.375000000000000000e+00 -3.646150000000000091e+02 2.995822999999999752e+02 -3.646150000000000091e+02 3.123345000000000482e+02
2.399999999999999911e+00 -3.646209999999999809e+02 2.995577999999999861e+02 -3.646209999999999809e+02 3.123412000000000148e+02
2.424999999999999822e+00 -3.646309999999999718e+02 2.995388500000000249e+02 -3.646309999999999718e+02 3.123520500000000197e+02
2.450000000000000178e+00 -3.646460000000000150e+02 2.995234500000000253e+02 -3.646460000000000150e+02 3.123651499999999714e+02
2.475000000000000089e+00 -3.646659999999999968e+02 2.995138000000000034e+02 -3.646659999999999968e+02 3.123822000000000116e+02
2.500000000000000000e+00 -3.646899999999999977e+02 2.995068999999999733e+02 -3.646899999999999977e+02 3.124003000000000156e+02
2.524999999999999911e+00 -3.647169999999999845e+02 2.995048500000000331e+02 -3.647169999999999845e+02 3.124213499999999613e+02
2.549999999999999822e+00 -3.647479999999999905e+02 2.995067500000000109e+02 -3.647479999999999905e+02 3.124442500000000109e+02
2.575000000000000178e+00 -3.647819999999999823e+02 2.995116000000000440e+02 -3.647819999999999823e+02 3.124679999999999609e+02
2.600000000000000089e+00 -3.648179999999999836e+02 2.995194999999999936e+02 -3.648179999999999836e+02 3.124923999999999751e+02
2.625000000000000000e+00 -3.648570000000000277e+02 2.995304500000000303e+02 -3.648570000000000277e+02 3.125174499999999966e+02
2.649999999999999911e+00 -3.648980000000000246e+02 2.995436500000000137e+02 -3.648980000000000246e+02 3.125421499999999924e+02
2.674999999999999822e+00 -3.649399999999999977e+02 2.995599499999999580e+02 -3.649399999999999977e+02 3.125674500000000080e+02
2.700000000000000178e+00 -3.649830000000000041e+02 2.995774499999999989e+02 -3.649830000000000041e+02 3.125913499999999772e+02
2.725000000000000089e+00 -3.650269999999999868e+02 2.995962000000000103e+02 -3.650269999999999868e+02 3.126136999999999944e+02
2.750000000000000000e+00 -3.650720000000000027e+02 2.996162500000000364e+02 -3.650720000000000027e+02 3.126345499999999902e+02
2.774999999999999911e+00 -3.651159999999999854e+02 2.996374999999999886e+02 -3.651159999999999854e+02 3.126539999999999964e+02
2.799999999999999822e+00 -3.651600000000000250e+02 2.996600999999999999e+02 -3.651600000000000250e+02 3.126717999999999620e+02
2.825000000000000178e+00 -3.652040000000000077e+02 2.996819499999999721e+02 -3.652040000000000077e+02 3.126861499999999978e+02
2.850000000000000089e+00 -3.652459999999999809e+02 2.997041499999999701e+02 -3.652459999999999809e+02 3.126978499999999599e+02
2.875000000000000000e+00 -3.652869999999999777e+02 2.997266500000000065e+02 -3.652869999999999777e+02 3.127070500000000379e+02
2.899999999999999911e+00 -3.653269999999999982e+02 2.997484000000000037e+02 -3.653269999999999982e+02 3.127128000000000156e+02
2.924999999999999822e+00 -3.653650000000000091e+02 2.997684000000000424e+02 -3.653650000000000091e+02 3.127140999999999735e+02
2.950000000000000178e+00 -3.653990000000000009e+02 2.997886499999999614e+02 -3.653990000000000009e+02 3.127128500000000031e+02
2.975000000000000089e+00 -3.654320000000000164e+02 2.998061500000000024e+02 -3.654320000000000164e+02 3.127060499999999479e+02
3.000000000000000000e+00 -3.654619999999999891e+02 2.998247999999999820e+02 -3.654619999999999891e+02 3.126979999999999791e+02
3.024999999999999911e+00 -3.654900000000000091e+02 2.998395500000000311e+02 -3.654900000000000091e+02 3.126834499999999935e+02
3.049999999999999822e+00 -3.655140000000000100e+02 2.998524500000000330e+02 -3.655140000000000100e+02 3.126646499999999946e+02
3.075000000000000178e+00 -3.655350000000000250e+02 2.998634000000000128e+02 -3.655350000000000250e+02 3.126415000000000077e+02
3.100000000000000089e+00 -3.655520000000000209e+02 2.998713500000000067e+02 -3.655520000000000209e+02 3.126131500000000187e+02
3.125000000000000000e+00 -3.655659999999999741e+02 2.998772000000000162e+02 -3.655659999999999741e+02 3.125806000000000040e+02
3.149999999999999911e+00 -3.655760000000000218e+02 2.998799999999999955e+02 -3.655760000000000218e+02 3.125429000000000315e+02
3.174999999999999822e+00 -3.655830000000000268e+02 2.998796500000000265e+02 -3.655830000000000268e+02 3.125001500000000192e+02
3.200000000000000178e+00 -3.655860000000000127e+02 2.998770000000000095e+02 -3.655860000000000127e+02 3.124534000000000447e+02
3.225000000000000089e+00 -3.655819999999999936e+02 2.998711000000000126e+02 -3.655819999999999936e+02 3.124017000000000053e+02
3.250000000000000000e+00 -3.655810000000000173e+02 2.998628500000000372e+02 -3.655810000000000173e+02 3.123460499999999911e+02
3.274999999999999911e+00 -3.655729999999999791e+02 2.998501500000000419e+02 -3.655729999999999791e+02 3.122846499999999992e+02
3.299999999999999822e+00 -3.655609999999999786e+02 2.998360000000000127e+02 -3.655609999999999786e+02 3.122205000000000155e+02
3.325000000000000178e+00 -3.655459999999999923e+02 2.998181999999999903e+02 -3.655459999999999923e+02 3.121518000000000370e+02
3.350000000000000089e+00 -3.655280000000000200e+02 2.997968000000000188e+02 -3.655280000000000200e+02 3.120784000000000447e+02
3.375000000000000000e+00 -3.655059999999999718e+02 2.997736999999999625e+02 -3.655059999999999718e+02 3.120024999999999977e+02
3.399999999999999911e+00 -3.654820000000000277e+02 2.997467500000000200e+02 -3.654820000000000277e+02 3.119221499999999878e+02
3.424999999999999822e+00 -3.654549999999999841e+02 2.997180000000000177e+02 -3.654549999999999841e+02 3.118393999999999551e+02
3.450000000000000178e+00 -3.654250000000000114e+02 2.996862499999999727e+02 -3.654250000000000114e+02 3.117534499999999866e+02
3.475000000000000089e+00 -3.653929999999999723e+02 2.996514999999999986e+02 -3.653929999999999723e+02 3.116643000000000256e+02
3.500000000000000000e+00 -3.653589999999999804e+02 2.996156499999999596e+02 -3.653589999999999804e+02 3.115739499999999680e+02
3.524999999999999911e+00 -3.653240000000000123e+02 2.995776999999999930e+02 -3.653240000000000123e+02 3.114814999999999827e+02
3.549999999999999822e+00 -3.652869999999999777e+02 2.995374500000000353e+02 -3.652869999999999777e+02 3.113871499999999628e+02
3.575000000000000178e+00 -3.652479999999999905e+02 2.994969500000000266e+02 -3.652479999999999905e+02 3.112927500000000123e+02
3.600000000000000089e+00 -3.652099999999999795e+02 2.994540499999999952e+02 -3.652099999999999795e+02 3.111965500000000588e+02
3.625000000000000000e+00 -3.651709999999999923e+02 2.994107500000000073e+02 -3.651709999999999923e+02 3.111005500000000552e+02
3.649999999999999911e+00 -3.651320000000000050e+02 2.993669500000000312e+02 -3.651320000000000050e+02 3.110047500000000014e+02
3.674999999999999822e+00 -3.650939999999999941e+02 2.993235999999999990e+02 -3.650939999999999941e+02 3.109104000000000383e+02
3.700000000000000178e+00 -3.650559999999999832e+02 2.992785999999999831e+02 -3.650559999999999832e+02 3.108154000000000110e+02
3.725000000000000089e+00 -3.650190000000000055e+02 2.992350000000000136e+02 -3.650190000000000055e+02 3.107228000000000065e+02
3.750000000000000000e+00 -3.649839999999999804e+02 2.991916500000000383e+02 -3.649839999999999804e+02 3.106316499999999792e+02
3.774999999999999911e+00 -3.649519999999999982e+02 2.991494999999999891e+02 -3.649519999999999982e+02 3.105431000000000381e+02
3.799999999999999822e+00 -3.649209999999999923e+02 2.991086000000000240e+02 -3.649209999999999923e+02 3.104571000000000254e+02
3.825000000000000178e+00 -3.648940000000000055e+02 2.990688499999999976e+02 -3.648940000000000055e+02 3.103737499999999727e+02
3.850000000000000089e+00 -3.648690000000000282e+02 2.990311999999999557e+02 -3.648690000000000282e+02 3.102941000000000145e+02
3.875000000000000000e+00 -3.648480000000000132e+02 2.989966499999999883e+02 -3.648480000000000132e+02 3.102190500000000384e+02
3.899999999999999911e+00 -3.648310000000000173e+02 2.989631499999999846e+02 -3.648310000000000173e+02 3.101467499999999973e+02
3.924999999999999822e+00 -3.648170000000000073e+02 2.989336500000000001e+02 -3.648170000000000073e+02 3.100802500000000350e+02
3.950000000000000178e+00 -3.648079999999999927e+02 2.989071999999999889e+02 -3.648079999999999927e+02 3.100185000000000173e+02
3.975000000000000089e+00 -3.648039999999999736e+02 2.988837500000000205e+02 -3.648039999999999736e+02 3.099615499999999884e+02
4.000000000000000000e+00 -3.648050000000000068e+02 2.988642500000000268e+02 -3.648050000000000068e+02 3.099103499999999940e+02
4.025000000000000355e+00 -3.648109999999999786e+02 2.988476999999999748e+02 -3.648109999999999786e+02 3.098639999999999759e+02
4.049999999999999822e+00 -3.648220000000000027e+02 2.988362000000000194e+02 -3.648220000000000027e+02 3.098244000000000256e+02
4.075000000000000178e+00 -3.648380000000000223e+02 2.988285999999999945e+02 -3.648380000000000223e+02 3.097907000000000153e+02
4.099999999999999645e+00 -3.648609999999999900e+02 2.988259999999999650e+02 -3.648609999999999900e+02 3.097636999999999716e+02
4.125000000000000000e+00 -3.648879999999999768e+02 2.988274000000000115e+02 -3.648879999999999768e+02 3.097424999999999500e+02
4.150000000000000355e+00 -3.649220000000000255e+02 2.988337999999999965e+02 -3.649220000000000255e+02 3.097280999999999835e+02
4.174999999999999822e+00 -3.649610000000000127e+02 2.988442000000000007e+02 -3.649610000000000127e+02 3.097195000000000391e+02
4.200000000000000178e+00 -3.650049999999999955e+02 2.988596500000000447e+02 -3.650049999999999955e+02 3.097175500000000170e+02
4.224999999999999645e+00 -3.650539999999999736e+02 2.988791499999999814e+02 -3.650539999999999736e+02 3.097214499999999475e+02
4.250000000000000000e+00 -3.651089999999999804e+02 2.989037000000000148e+02 -3.651089999999999804e+02 3.097320000000000277e+02
4.275000000000000355e+00 -3.651689999999999827e+02 2.989324499999999603e+02 -3.651689999999999827e+02 3.097480500000000347e+02
4.299999999999999822e+00 -3.652339999999999804e+02 2.989662999999999897e+02 -3.652339999999999804e+02 3.097708999999999833e+02
4.325000000000000178e+00 -3.653029999999999973e+02 2.990033500000000117e+02 -3.653029999999999973e+02 3.097982499999999959e+02
4.349999999999999645e+00 -3.653750000000000000e+02 2.990437000000000012e+02 -3.653750000000000000e+02 3.098300999999999590e+02
4.375000000000000000e+00 -3.654490000000000123e+02 2.990882500000000164e+02 -3.654490000000000123e+02 3.098675500000000511e+02
4.400000000000000355e+00 -3.655269999999999868e+02 2.991362000000000307e+02 -3.655269999999999868e+02 3.099093000000000302e+02
4.424999999999999822e+00 -3.656039999999999850e+02 2.991865000000000236e+02 -3.656039999999999850e+02 3.099544999999999959e+02
4.450000000000000178e+00 -3.656850000000000023e+02 2.992382000000000062e+02 -3.656850000000000023e+02 3.100020999999999844e+02
4.474999999999999645e+00 -3.657740000000000009e+02 2.992924499999999739e+02 -3.657740000000000009e+02 3.100529500000000098e+02
4.500000000000000000e+00 -3.658559999999999945e+02 2.993471999999999866e+02 -3.658559999999999945e+02 3.101050000000000182e+02
4.525000000000000355e+00 -3.659350000000000023e+02 2.994035499999999956e+02 -3.659350000000000023e+02 3.101592500000000427e+02
4.549999999999999822e+00 -3.660120000000000005e+02 2.994585999999999899e+02 -3.660120000000000005e+02 3.102125000000000341e+02
4.575000000000000178e+00 -3.660880000000000223e+02 2.995123500000000263e+02 -3.660880000000000223e+02 3.102649499999999989e+02
4.599999999999999645e+00 -3.661600000000000250e+02 2.995648499999999785e+02 -3.661600000000000250e+02 3.103162500000000250e+02
4.625000000000000000e+00 -3.662269999999999754e+02 2.996152500000000032e+02 -3.662269999999999754e+02 3.103655500000000416e+02
4.650000000000000355e+00 -3.662880000000000109e+02 2.996615000000000464e+02 -3.662880000000000109e+02 3.104107000000000198e+02
4.674999999999999822e+00 -3.663380000000000223e+02 2.997037500000000136e+02 -3.663380000000000223e+02 3.104516500000000292e+02
4.700000000000000178e+00 -3.663809999999999718e+02 2.997400499999999965e+02 -3.663809999999999718e+02 3.104862499999999272e+02
4.724999999999999645e+00 -3.664139999999999873e+02 2.997693999999999619e+02 -3.664139999999999873e+02 3.105135999999999967e+02
4.750000000000000000e+00 -3.664370000000000118e+02 2.997909500000000094e+02 -3.664370000000000118e+02 3.105324500000000398e+02
4.775000000000000355e+00 -3.664440000000000168e+02 2.998047000000000253e+02 -3.664440000000000168e+02 3.105428999999999746e+02
4.799999999999999822e+00 -3.664329999999999927e+02 2.998076999999999543e+02 -3.664329999999999927e+02 3.105418999999999983e+02
4.825000000000000178e+00 -3.664080000000000155e+02 2.997990500000000225e+02 -3.664080000000000155e+02 3.105282499999999573e+02
4.849999999999999645e+00 -3.663650000000000091e+02 2.997788000000000466e+02 -3.663650000000000091e+02 3.105020000000000095e+02
4.875000000000000000e+00 -3.663039999999999736e+02 2.997440500000000156e+02 -3.663039999999999736e+02 3.104599499999999921e+02
4.900000000000000355e+00 -3.662210000000000036e+02 2.996937500000000227e+02 -3.662210000000000036e+02 3.104012500000000045e+02
4.924999999999999822e+00 -3.661159999999999854e+02 2.996280000000000427e+02 -3.661159999999999854e+02 3.103256999999999834e+02
4.950000000000000178e+00 -3.659820000000000277e+02 2.995428999999999746e+02 -3.659820000000000277e+02 3.102292999999999665e+02
4.974999999999999645e+00 -3.658240000000000123e+02 2.994394499999999653e+02 -3.658240000000000123e+02 3.101129500000000121e+02
5.000000000000000000e+00 -3.656360000000000241e+02 2.993136999999999830e+02 -3.656360000000000241e+02 3.099726999999999748e+02
5.025000000000000355e+00 -3.654180000000000064e+02 2.991666999999999916e+02 -3.654180000000000064e+02 3.098093999999999824e+02
5.049999999999999822e+00 -3.651689999999999827e+02 2.989954999999999927e+02 -3.651689999999999827e+02 3.096200999999999794e+02
5.075000000000000178e+00 -3.648860000000000241e+02 2.987991499999999974e+02 -3.648860000000000241e+02 3.094036499999999705e+02
5.099999999999999645e+00 -3.645659999999999741e+02 2.985746000000000322e+02 -3.645659999999999741e+02 3.091571999999999889e+02
5.125000000000000000e+00 -3.642090000000000032e+02 2.983220000000000027e+02 -3.642090000000000032e+02 3.088805000000000405e+02
5.150000000000000355e+00 -3.638120000000000118e+02 2.980403499999999894e+02 -3.638120000000000118e+02 3.085726500000000101e+02
5.174999999999999822e+00 -3.633740000000000236e+02 2.977255999999999858e+02 -3.633740000000000236e+02 3.082297000000000367e+02
5.200000000000000178e+00 -3.628919999999999959e+02 2.973788499999999999e+02 -3.628919999999999959e+02 3.078524499999999762e+02
5.224999999999999645e+00 -3.623650000000000091e+02 2.969970999999999890e+02 -3.623650000000000091e+02 3.074379000000000133e+02
5.250000000000000000e+00 -3.617919999999999732e+02 2.965783999999999878e+02 -3.617919999999999732e+02 3.069840999999999553e+02
5.275000000000000355e+00 -3.611700000000000159e+02 2.961226499999999646e+02 -3.611700000000000159e+02 3.064910500000000297e+02
5.299999999999999822e+00 -3.604970000000000141e+02 2.956270000000000095e+02 -3.604970000000000141e+02 3.059556999999999789e+02
5.325000000000000178e+00 -3.597730000000000246e+02 2.950914000000000215e+02 -3.597730000000000246e+02 3.053781000000000176e+02
5.349999999999999645e+00 -3.589950000000000045e+02 2.945138000000000034e+02 -3.589950000000000045e+02 3.047561999999999216e+02
5.375000000000000000e+00 -3.581619999999999777e+02 2.938913000000000011e+02 -3.581619999999999777e+02 3.040869999999999891e+02
5.400000000000000355e+00 -3.572710000000000150e+02 2.932248000000000161e+02 -3.572710000000000150e+02 3.033716000000000008e+02
5.424999999999999822e+00 -3.563229999999999791e+02 2.925123499999999694e+02 -3.563229999999999791e+02 3.026078499999999849e+02
5.450000000000000178e+00 -3.553149999999999977e+02 2.917509499999999889e+02 -3.553149999999999977e+02 3.017927500000000123e+02
5.474999999999999645e+00 -3.542459999999999809e+02 2.909414999999999623e+02 -3.542459999999999809e+02 3.009275999999999840e+02
5.500000000000000000e+00 -3.531150000000000091e+02 2.900810999999999922e+02 -3.531150000000000091e+02 3.000091000000000463e+02
5.525000000000000355e+00 -3.519200000000000159e+02 2.891696499999999901e+02 -3.519200000000000159e+02 2.990374500000000353e+02
5.549999999999999822e+00 -3.506600000000000250e+02 2.882061500000000365e+02 -3.506600000000000250e+02 2.980116500000000315e+02
5.575000000000000178e+00 -3.493349999999999795e+02 2.871886000000000081e+02 -3.493349999999999795e+02 2.969296000000000504e+02
5.599999999999999645e+00 -3.479420000000000073e+02 2.861168999999999869e+02 -3.479420000000000073e+02 2.957916000000000167e+02
5.625000000000000000e+00 -3.464820000000000277e+02 2.849890499999999633e+02 -3.464820000000000277e+02 2.945954500000000280e+02
5.650000000000000355e+00 -3.449529999999999745e+02 2.838040000000000305e+02 -3.449529999999999745e+02 2.933403000000000134e+02
5.674999999999999822e+00 -3.433539999999999850e+02 2.825617500000000177e+02 -3.433539999999999850e+02 2.920261500000000296e+02
5.700000000000000178e+00 -3.416859999999999786e+02 2.812622499999999945e+02 -3.416859999999999786e+02 2.906530500000000075e+02
5.724999999999999645e+00 -3.399470000000000027e+02 2.799034000000000333e+02 -3.399470000000000027e+02 2.892190999999999690e+02
5.750000000000000000e+00 -3.381360000000000241e+02 2.784852000000000203e+02 -3.381360000000000241e+02 2.877244000000000028e+02
5.775000000000000355e+00 -3.362549999999999955e+02 2.770065500000000043e+02 -3.362549999999999955e+02 2.861678500000000440e+02
5.799999999999999822e+00 -3.343009999999999877e+02 2.754664500000000089e+02 -3.343009999999999877e+02 2.845486500000000092e+02
5.825000000000000178e+00 -3.322760000000000105e+02 2.738668000000000120e+02 -3.322760000000000105e+02 2.828688000000000216e+02
5.849999999999999645e+00 -3.301779999999999973e+02 2.722065499999999929e+02 -3.301779999999999973e+02 2.811273499999999785e+02
5.875000000000000000e+00 -3.280090000000000146e+02 2.704836000000000240e+02 -3.280090000000000146e+02 2.793224000000000160e+02
5.900000000000000355e+00 -3.257679999999999723e+02 2.686980000000000359e+02 -3.257679999999999723e+02 2.774540000000000077e+02
5.924999999999999822e+00 -3.234540000000000077e+02 2.668515500000000316e+02 -3.234540000000000077e+02 2.755243500000000267e+02
5.950000000000000178e+00 -3.210699999999999932e+02 2.649433000000000220e+02 -3.210699999999999932e+02 2.735323000000000206e+02
5.974999999999999645e+00 -3.186159999999999854e+02 2.629730500000000006e+02 -3.186159999999999854e+02 2.714780499999999961e+02
6.000000000000000000e+00 -3.160930000000000177e+02 2.609418000000000006e+02 -3.160930000000000177e+02 2.693627000000000180e+02
6.025000000000000355e+00 -3.134990000000000236e+02 2.588484500000000139e+02 -3.134990000000000236e+02 2.671853499999999713e+02
6.049999999999999822e+00 -3.108360000000000127e+02 2.566959499999999821e+02 -3.108360000000000127e+02 2.649490499999999997e+02
6.075000000000000178e+00 -3.081059999999999945e+02 2.544821499999999901e+02 -3.081059999999999945e+02 2.626518500000000245e+02
6.099999999999999645e+00 -3.053090000000000259e+02 2.522080999999999733e+02 -3.053090000000000259e+02 2.602948999999999842e+02
6.125000000000000000e+00 -3.024460000000000264e+02 2.498756000000000199e+02 -3.024460000000000264e+02 2.578802000000000021e+02
6.150000000000000355e+00 -2.995199999999999818e+02 2.474846000000000004e+02 -2.995199999999999818e+02 2.554079999999999586e+02
6.174999999999999822e+00 -2.965299999999999727e+02 2.450370499999999936e+02 -2.965299999999999727e+02 2.528802500000000180e+02
6.200000000000000178e+00 -2.934789999999999850e+02 2.425318000000000040e+02 -2.934789999999999850e+02 2.502961000000000240e+02
6.224999999999999645e+00 -2.903670000000000186e+02 2.399718500000000176e+02 -2.903670000000000186e+02 2.476585500000000195e+02
6.250000000000000000e+00 -2.871979999999999791e+02 2.373570500000000152e+02 -2.871979999999999791e+02 2.449677500000000236e+02
6.275000000000000355e+00 -2.839689999999999941e+02 2.346903499999999951e+02 -2.839689999999999941e+02 2.422268500000000131e+02
6.299999999999999822e+00 -2.806909999999999741e+02 2.319716499999999826e+02 -2.806909999999999741e+02 2.394359499999999912e+02
6.325000000000000178e+00 -2.773570000000000277e+02 2.292018999999999949e+02 -2.773570000000000277e+02 2.365960000000000036e+02
6.349999999999999645e+00 -2.739719999999999800e+02 2.263839999999999861e+02 -2.739719999999999800e+02 2.337101000000000113e+02
6.375000000000000000e+00 -2.705380000000000109e+02 2.235198499999999910e+02 -2.705380000000000109e+02 2.307805500000000052e+02
6.400000000000000355e+00 -2.670579999999999927e+02 2.206093500000000063e+02 -2.670579999999999927e+02 2.278072500000000105e+02
6.424999999999999822e+00 -2.635339999999999918e+02 2.176564999999999941e+02 -2.635339999999999918e+02 2.247942999999999927e+02
6.450000000000000178e+00 -2.599669999999999845e+02 2.146612000000000080e+02 -2.599669999999999845e+02 2.217418000000000120e+02
6.474999999999999645e+00 -2.563609999999999900e+02 2.116263500000000022e+02 -2.563609999999999900e+02 2.186528499999999724e+02
6.500000000000000000e+00 -2.527170000000000130e+02 2.085538999999999987e+02 -2.527170000000000130e+02 2.155296000000000163e+02
6.525000000000000355e+00 -2.490380000000000109e+02 2.054467999999999961e+02 -2.490380000000000109e+02 2.123748999999999967e+02
6.549999999999999822e+00 -2.453280000000000030e+02 2.023059499999999957e+02 -2.453280000000000030e+02 2.091900500000000136e+02
6.575000000000000178e+00 -2.415869999999999891e+02 1.991333500000000072e+02 -2.415869999999999891e+02 2.059769500000000164e+02
6.599999999999999645e+00 -2.378199999999999932e+02 1.959328500000000020e+02 -2.378199999999999932e+02 2.027397500000000150e+02
6.625000000000000000e+00 -2.340279999999999916e+02 1.927065000000000055e+02 -2.340279999999999916e+02 1.994805000000000064e+02
6.650000000000000355e+00 -2.302150000000000034e+02 1.894551999999999907e+02 -2.302150000000000034e+02 1.962003000000000270e+02
6.674999999999999822e+00 -2.263830000000000098e+02 1.861828999999999894e+02 -2.263830000000000098e+02 1.929030999999999949e+02
6.700000000000000178e+00 -2.225339999999999918e+02 1.828926000000000158e+02 -2.225339999999999918e+02 1.895918999999999812e+02
6.724999999999999645e+00 -2.186730000000000018e+02 1.795852500000000020e+02 -2.186730000000000018e+02 1.862679499999999848e+02
6.750000000000000000e+00 -2.148000000000000114e+02 1.762648500000000240e+02 -2.148000000000000114e+02 1.829350499999999897e+02
6.775000000000000355e+00 -2.109190000000000111e+02 1.729323499999999854e+02 -2.109190000000000111e+02 1.795944499999999948e+02
6.799999999999999822e+00 -2.070339999999999918e+02 1.695917000000000030e+02 -2.070339999999999918e+02 1.762499999999999716e+02
6.825000000000000178e+00 -2.031459999999999866e+02 1.662459499999999935e+02 -2.031459999999999866e+02 1.729048500000000104e+02
6.849999999999999645e+00 -1.992589999999999861e+02 1.628970499999999788e+02 -1.992589999999999861e+02 1.695608499999999879e+02
6.875000000000000000e+00 -1.953739999999999952e+02 1.595470500000000129e+02 -1.953739999999999952e+02 1.662201499999999896e+02
6.900000000000000355e+00 -1.914960000000000093e+02 1.561989500000000248e+02 -1.914960000000000093e+02 1.628856499999999983e+02
6.924999999999999822e+00 -1.876260000000000048e+02 1.528566999999999894e+02 -1.876260000000000048e+02 1.595614000000000203e+02
6.950000000000000178e+00 -1.837669999999999959e+02 1.495213999999999999e+02 -1.837669999999999959e+02 1.562483000000000004e+02
6.974999999999999645e+00 -1.799209999999999923e+02 1.461960500000000138e+02 -1.799209999999999923e+02 1.529494500000000130e+02
7.000000000000000000e+00 -1.760920000000000130e+02 1.428826300000000060e+02 -1.760920000000000130e+02 1.496668699999999887e+02
7.025000000000000355e+00 -1.722820000000000107e+02 1.395852250000000083e+02 -1.722820000000000107e+02 1.464043750000000159e+02
7.049999999999999822e+00 -1.684929999999999950e+02 1.363048599999999908e+02 -1.684929999999999950e+02 1.431629399999999919e+02
7.075000000000000178e+00 -1.647270000000000039e+02 1.330445850000000121e+02 -1.647270000000000039e+02 1.399456150000000036e+02
7.099999999999999645e+00 -1.609869999999999948e+02 1.298074499999999887e+02 -1.609869999999999948e+02 1.367553499999999929e+02
7.125000000000000000e+00 -1.572760000000000105e+02 1.265945049999999981e+02 -1.572760000000000105e+02 1.335930950000000053e+02
7.150000000000000355e+00 -1.535939999999999941e+02 1.234078099999999978e+02 -1.535939999999999941e+02 1.304606899999999996e+02
7.174999999999999822e+00 -1.499449999999999932e+02 1.202504349999999960e+02 -1.499449999999999932e+02 1.273611649999999997e+02
7.200000000000000178e+00 -1.463300000000000125e+02 1.171244400000000070e+02 -1.463300000000000125e+02 1.242964600000000104e+02
7.224999999999999645e+00 -1.427520000000000095e+02 1.140309049999999900e+02 -1.427520000000000095e+02 1.212674949999999967e+02
7.250000000000000000e+00 -1.392119999999999891e+02 1.109728950000000083e+02 -1.392119999999999891e+02 1.182772050000000092e+02
7.275000000000000355e+00 -1.357110000000000127e+02 1.079514999999999958e+02 -1.357110000000000127e+02 1.153264000000000067e+02
7.299999999999999822e+00 -1.322520000000000095e+02 1.049687849999999969e+02 -1.322520000000000095e+02 1.124172149999999988e+02
7.325000000000000178e+00 -1.288369999999999891e+02 1.020263449999999921e+02 -1.288369999999999891e+02 1.095509549999999876e+02
7.349999999999999645e+00 -1.254659999999999940e+02 9.912565999999999633e+01 -1.254659999999999940e+02 1.067289399999999944e+02
7.375000000000000000e+00 -1.221410000000000053e+02 9.626811499999999455e+01 -1.221410000000000053e+02 1.039523850000000067e+02
7.400000000000000355e+00 -1.188640000000000043e+02 9.345569999999999311e+01 -1.188640000000000043e+02 1.012231000000000023e+02
7.424999999999999822e+00 -1.156350000000000051e+02 9.068840500000000304e+01 -1.156350000000000051e+02 9.854099500000000944e+01
7.450000000000000178e+00 -1.124560000000000031e+02 8.796801500000000829e+01 -1.124560000000000031e+02 9.590748499999999410e+01
7.474999999999999645e+00 -1.093280000000000030e+02 8.529561999999999955e+01 -1.093280000000000030e+02 9.332367999999999597e+01
7.500000000000000000e+00 -1.062519999999999953e+02 8.267211500000000513e+01 -1.062519999999999953e+02 9.079018499999999392e+01
7.525000000000000355e+00 -1.032270000000000039e+02 8.009828999999999155e+01 -1.032270000000000039e+02 8.830760999999999683e+01
7.549999999999999822e+00 -1.002570000000000050e+02 7.757492499999999325e+01 -1.002570000000000050e+02 8.587667500000000587e+01
7.575000000000000178e+00 -9.734090000000000487e+01 7.510261500000000012e+01 -9.734090000000000487e+01 8.349768500000001836e+01
7.599999999999999645e+00 -9.447910000000000252e+01 7.268194499999999891e+01 -9.447910000000000252e+01 8.117105500000000973e+01
7.625000000000000000e+00 -9.167230000000000700e+01 7.031329499999999655e+01 -9.167230000000000700e+01 7.889700500000000716e+01
7.650000000000000355e+00 -8.892100000000000648e+01 6.799709500000000162e+01 -8.892100000000000648e+01 7.667580499999999688e+01
7.674999999999999822e+00 -8.622549999999999670e+01 6.573294500000000085e+01 -8.622549999999999670e+01 7.450695500000000493e+01
7.700000000000000178e+00 -8.358610000000000184e+01 6.352217000000000269e+01 -8.358610000000000184e+01 7.239163000000000636e+01
7.724999999999999645e+00 -8.100289999999999679e+01 6.136434500000000014e+01 -8.100289999999999679e+01 7.032915500000000009e+01
7.750000000000000000e+00 -7.847599999999999909e+01 5.925933999999999457e+01 -7.847599999999999909e+01 6.831925999999999988e+01
7.775000000000000355e+00 -7.600549999999999784e+01 5.720713500000000096e+01 -7.600549999999999784e+01 6.636186500000000876e+01
7.799999999999999822e+00 -7.359120000000000061e+01 5.520749500000000154e+01 -7.359120000000000061e+01 6.445650499999999283e+01
7.825000000000000178e+00 -7.123300000000000409e+01 5.326026499999999686e+01 -7.123300000000000409e+01 6.260303499999999843e+01
7.849999999999999645e+00 -6.893070000000000164e+01 5.136515500000000145e+01 -6.893070000000000164e+01 6.080084500000000247e+01
7.875000000000000000e+00 -6.668410000000000082e+01 4.952180500000000052e+01 -6.668410000000000082e+01 5.904959500000000361e+01
7.900000000000000355e+00 -6.449290000000000589e+01 4.772966999999999871e+01 -6.449290000000000589e+01 5.734852999999999668e+01
7.924999999999999822e+00 -6.235669999999999646e+01 4.598830999999999847e+01 -6.235669999999999646e+01 5.569709000000000287e+01
7.950000000000000178e+00 -6.027490000000000236e+01 4.429717000000000127e+01 -6.027490000000000236e+01 5.409473000000000553e+01
7.974999999999999645e+00 -5.824730000000000274e+01 4.265570499999999754e+01 -5.824730000000000274e+01 5.254069499999999948e+01
8.000000000000000000e+00 -5.627309999999999945e+01 4.106316000000000344e+01 -5.627309999999999945e+01 5.103414000000000073e+01
8.025000000000000355e+00 -5.435199999999999676e+01 3.951887499999999420e+01 -5.435199999999999676e+01 4.957442499999999797e+01
8.050000000000000711e+00 -5.248310000000000031e+01 3.802219000000000193e+01 -5.248310000000000031e+01 4.816080999999999790e+01
8.074999999999999289e+00 -5.066590000000000060e+01 3.657234499999999855e+01 -5.066590000000000060e+01 4.679235500000000059e+01
8.099999999999999645e+00 -4.889970000000000283e+01 3.516846499999999764e+01 -4.889970000000000283e+01 4.546813499999999664e+01
8.125000000000000000e+00 -4.718370000000000175e+01 3.380969000000000335e+01 -4.718370000000000175e+01 4.418731000000000364e+01
8.150000000000000355e+00 -4.551720000000000255e+01 3.249523500000000098e+01 -4.551720000000000255e+01 4.294896500000000117e+01
8.175000000000000711e+00 -4.389939999999999998e+01 3.122423500000000018e+01 -4.389939999999999998e+01 4.175216500000000508e+01
8.199999999999999289e+00 -4.232930000000000348e+01 2.999570999999999898e+01 -4.232930000000000348e+01 4.059599000000000046e+01
8.224999999999999645e+00 -4.080639999999999645e+01 2.880877500000000069e+01 -4.080639999999999645e+01 3.947952500000000242e+01
8.250000000000000000e+00 -3.932970000000000255e+01 2.766254999999999953e+01 -3.932970000000000255e+01 3.840165000000000362e+01
8.275000000000000355e+00 -3.789829999999999899e+01 2.655604500000000101e+01 -3.789829999999999899e+01 3.736155499999999563e+01
8.300000000000000711e+00 -3.651129999999999853e+01 2.548827500000000157e+01 -3.651129999999999853e+01 3.635822500000000446e+01
8.324999999999999289e+00 -3.516779999999999973e+01 2.445823999999999998e+01 -3.516779999999999973e+01 3.539045999999999736e+01
8.349999999999999645e+00 -3.386690000000000111e+01 2.346515999999999735e+01 -3.386690000000000111e+01 3.445763999999999783e+01
8.375000000000000000e+00 -3.260770000000000124e+01 2.250792999999999822e+01 -3.260770000000000124e+01 3.355866999999999933e+01
8.400000000000000355e+00 -3.138919999999999888e+01 2.158564999999999756e+01 -3.138919999999999888e+01 3.269245000000000090e+01
8.425000000000000711e+00 -3.021059999999999945e+01 2.069733000000000089e+01 -3.021059999999999945e+01 3.185817000000000121e+01
8.449999999999999289e+00 -2.907079999999999842e+01 1.984196000000000026e+01 -2.907079999999999842e+01 3.105483999999999867e+01
8.474999999999999645e+00 -2.796900000000000119e+01 1.901864000000000132e+01 -2.796900000000000119e+01 3.028135999999999939e+01
8.500000000000000000e+00 -2.690419999999999945e+01 1.822645999999999944e+01 -2.690419999999999945e+01 2.953703999999999752e+01
8.525000000000000355e+00 -2.587549999999999883e+01 1.746452500000000185e+01 -2.587549999999999883e+01 2.882087500000000091e+01
8.550000000000000711e+00 -2.488190000000000168e+01 1.673181500000000099e+01 -2.488190000000000168e+01 2.813188500000000047e+01
8.574999999999999289e+00 -2.392249999999999943e+01 1.602742500000000092e+01 -2.392249999999999943e+01 2.746927499999999966e+01
8.599999999999999645e+00 -2.299650000000000105e+01 1.535044500000000056e+01 -2.299650000000000105e+01 2.683205499999999688e+01
8.625000000000000000e+00 -2.210290000000000177e+01 1.470006000000000057e+01 -2.210290000000000177e+01 2.621943999999999875e+01
8.650000000000000355e+00 -2.124070000000000036e+01 1.407535999999999987e+01 -2.124070000000000036e+01 2.563053999999999988e+01
8.675000000000000711e+00 -2.040919999999999845e+01 1.347552999999999912e+01 -2.040919999999999845e+01 2.506456999999999979e+01
8.699999999999999289e+00 -1.960739999999999839e+01 1.289975499999999897e+01 -1.960739999999999839e+01 2.452084500000000133e+01
8.724999999999999645e+00 -1.883449999999999847e+01 1.234701999999999877e+01 -1.883449999999999847e+01 2.399817999999999785e+01
8.750000000000000000e+00 -1.808960000000000079e+01 1.181680500000000045e+01 -1.808960000000000079e+01 2.349629500000000348e+01
8.775000000000000355e+00 -1.737180000000000035e+01 1.130810000000000137e+01 -1.737180000000000035e+01 2.301409999999999911e+01
8.800000000000000711e+00 -1.668039999999999878e+01 1.082019000000000020e+01 -1.668039999999999878e+01 2.255093000000000103e+01
8.824999999999999289e+00 -1.601450000000000173e+01 1.035238499999999995e+01 -1.601450000000000173e+01 2.210613500000000187e+01
8.849999999999999645e+00 -1.537330000000000041e+01 9.903924999999999201e+00 -1.537330000000000041e+01 2.167897500000000122e+01
8.875000000000000000e+00 -1.475609999999999999e+01 9.474109999999999587e+00 -1.475609999999999999e+01 2.126878999999999920e+01
8.900000000000000355e+00 -1.416210000000000058e+01 9.062219999999999942e+00 -1.416210000000000058e+01 2.087501999999999924e+01
8.925000000000000711e+00 -1.359050000000000047e+01 8.667605000000000004e+00 -1.359050000000000047e+01 2.049683500000000080e+01
8.949999999999999289e+00 -1.304049999999999976e+01 8.289590000000000458e+00 -1.304049999999999976e+01 2.013371000000000066e+01
8.974999999999999645e+00 -1.251159999999999961e+01 7.927559999999999718e+00 -1.251159999999999961e+01 1.978515999999999764e+01
9.000000000000000000e+00 -1.200290000000000035e+01 7.580890000000000128e+00 -1.200290000000000035e+01 1.945040999999999798e+01
9.025000000000000355e+00 -1.151379999999999981e+01 7.248974999999999724e+00 -1.151379999999999981e+01 1.912898500000000013e+01
9.050000000000000711e+00 -1.104359999999999964e+01 6.931244999999999656e+00 -1.104359999999999964e+01 1.882047499999999829e+01
9.074999999999999289e+00 -1.059159999999999968e+01 6.627139999999999809e+00 -1.059159999999999968e+01 1.852413999999999916e+01
9.099999999999999645e+00 -1.015729999999999933e+01 6.336104999999999876e+00 -1.015729999999999933e+01 1.823957499999999854e+01
9.125000000000000000e+00 -9.739990000000000592e+00 6.057634999999999437e+00 -9.739990000000000592e+00 1.796630499999999842e+01
9.150000000000000355e+00 -9.339079999999999160e+00 5.791210500000000039e+00 -9.339079999999999160e+00 1.770386950000000326e+01
9.175000000000000711e+00 -8.954000000000000625e+00 5.536338500000000273e+00 -8.954000000000000625e+00 1.745180149999999841e+01
9.199999999999999289e+00 -8.584170000000000300e+00 5.292548000000000030e+00 -8.584170000000000300e+00 1.720967200000000119e+01
9.224999999999999645e+00 -8.229039999999999466e+00 5.059389499999999984e+00 -8.229039999999999466e+00 1.697697050000000019e+01
9.250000000000000000e+00 -7.888080000000000425e+00 4.836413999999999547e+00 -7.888080000000000425e+00 1.675348599999999877e+01
9.275000000000000355e+00 -7.560760000000000147e+00 4.623202000000000034e+00 -7.560760000000000147e+00 1.653863800000000239e+01
9.300000000000000711e+00 -7.246590000000000309e+00 4.419345999999999997e+00 -7.246590000000000309e+00 1.633215399999999917e+01
9.324999999999999289e+00 -6.945059999999999789e+00 4.224457000000000129e+00 -6.945059999999999789e+00 1.613368299999999778e+01
9.349999999999999645e+00 -6.655710000000000015e+00 4.038146999999999487e+00 -6.655710000000000015e+00 1.594287300000000052e+01
9.375000000000000000e+00 -6.378090000000000259e+00 3.860048000000000368e+00 -6.378090000000000259e+00 1.575939200000000007e+01
9.400000000000000355e+00 -6.111740000000000173e+00 3.689813999999999705e+00 -6.111740000000000173e+00 1.558282600000000073e+01
9.425000000000000711e+00 -5.856239999999999668e+00 3.527116499999999988e+00 -5.856239999999999668e+00 1.541298349999999928e+01
9.449999999999999289e+00 -5.611170000000000435e+00 3.371630000000000127e+00 -5.611170000000000435e+00 1.524957000000000029e+01
9.474999999999999645e+00 -5.376129999999999853e+00 3.223037499999999778e+00 -5.376129999999999853e+00 1.509230249999999884e+01
9.500000000000000000e+00 -5.150730000000000253e+00 3.081033500000000203e+00 -5.150730000000000253e+00 1.494080649999999899e+01
9.525000000000000355e+00 -4.934599999999999653e+00 2.945342499999999752e+00 -4.934599999999999653e+00 1.479493749999999963e+01
9.550000000000000711e+00 -4.727380000000000138e+00 2.815688999999999886e+00 -4.727380000000000138e+00 1.465445099999999989e+01
9.574999999999999289e+00 -4.528710000000000235e+00 2.691799000000000053e+00 -4.528710000000000235e+00 1.451900100000000116e+01
9.599999999999999645e+00 -4.338260000000000005e+00 2.573437500000000266e+00 -4.338260000000000005e+00 1.438848250000000029e+01
9.625000000000000000e+00 -4.155710000000000015e+00 2.460340499999999597e+00 -4.155710000000000015e+00 1.426265949999999982e+01
9.650000000000000355e+00 -3.980739999999999945e+00 2.352294499999999733e+00 -3.980739999999999945e+00 1.414124550000000013e+01
9.675000000000000711e+00 -3.813050000000000050e+00 2.249066500000000079e+00 -3.813050000000000050e+00 1.402413350000000136e+01
9.699999999999999289e+00 -3.652350000000000207e+00 2.150443500000000174e+00 -3.652350000000000207e+00 1.391113649999999957e+01
9.724999999999999645e+00 -3.498349999999999849e+00 2.056223000000000134e+00 -3.498349999999999849e+00 1.380197699999999905e+01
9.750000000000000000e+00 -3.350789999999999935e+00 1.966202499999999853e+00 -3.350789999999999935e+00 1.369657750000000007e+01
9.775000000000000355e+00 -3.209410000000000096e+00 1.880210500000000007e+00 -3.209410000000000096e+00 1.359468950000000120e+01
9.800000000000000711e+00 -3.073960000000000026e+00 1.798045499999999963e+00 -3.073960000000000026e+00 1.349623450000000169e+01
9.824999999999999289e+00 -2.944179999999999797e+00 1.719557000000000002e+00 -2.944179999999999797e+00 1.340108299999999986e+01
9.849999999999999645e+00 -2.819869999999999877e+00 1.644563500000000067e+00 -2.819869999999999877e+00 1.330897649999999999e+01
9.875000000000000000e+00 -2.700779999999999959e+00 1.572925499999999976e+00 -2.700779999999999959e+00 1.321979449999999900e+01
9.900000000000000355e+00 -2.586710000000000065e+00 1.504481999999999875e+00 -2.586710000000000065e+00 1.313349799999999945e+01
9.925000000000000711e+00 -2.477450000000000152e+00 1.439084000000000030e+00 -2.477450000000000152e+00 1.304995599999999989e+01
9.949999999999999289e+00 -2.372799999999999798e+00 1.376611999999999947e+00 -2.372799999999999798e+00 1.296896800000000027e+01
9.974999999999999645e+00 -2.272559999999999913e+00 1.316917000000000115e+00 -2.272559999999999913e+00 1.289050299999999893e+01
1.000000000000000000e+01 -2.176569999999999894e+00 1.259879500000000041e+00 -2.176569999999999894e+00 1.281436049999999938e+01
1.002500000000000036e+01 -2.084639999999999826e+00 1.205381999999999953e+00 -2.084639999999999826e+00 1.274053800000000081e+01
1.005000000000000071e+01 -1.996599999999999930e+00 1.153305999999999942e+00 -1.996599999999999930e+00 1.266883399999999860e+01
1.007499999999999929e+01 -1.912290000000000045e+00 1.103550500000000101e+00 -1.912290000000000045e+00 1.259916349999999952e+01
1.009999999999999964e+01 -1.831550000000000011e+00 1.056002499999999955e+00 -1.831550000000000011e+00 1.253152749999999926e+01
1.012500000000000000e+01 -1.754240000000000022e+00 1.010563499999999948e+00 -1.754240000000000022e+00 1.246584449999999933e+01
1.015000000000000036e+01 -1.680209999999999981e+00 9.671404999999999585e-01 -1.680209999999999981e+00 1.240183349999999862e+01
1.017500000000000071e+01 -1.609329999999999927e+00 9.256415000000000060e-01 -1.609329999999999927e+00 1.233971649999999975e+01
1.019999999999999929e+01 -1.541449999999999987e+00 8.859789999999999610e-01 -1.541449999999999987e+00 1.227911899999999967e+01
1.022499999999999964e+01 -1.476460000000000106e+00 8.480699999999999905e-01 -1.476460000000000106e+00 1.222017200000000159e+01
1.025000000000000000e+01 -1.414230000000000098e+00 8.118364999999999609e-01 -1.414230000000000098e+00 1.216280750000000133e+01
1.027500000000000036e+01 -1.354640000000000066e+00 7.772010000000000307e-01 -1.354640000000000066e+00 1.210686100000000032e+01
1.030000000000000071e+01 -1.297590000000000021e+00 7.440924999999999345e-01 -1.297590000000000021e+00 1.205227350000000008e+01
1.032499999999999929e+01 -1.242969999999999908e+00 7.124420000000000197e-01 -1.242969999999999908e+00 1.199898400000000009e+01
1.034999999999999964e+01 -1.190669999999999895e+00 6.821825000000000250e-01 -1.190669999999999895e+00 1.194703950000000070e+01
1.037500000000000000e+01 -1.140600000000000058e+00 6.532534999999999314e-01 -1.140600000000000058e+00 1.189628650000000043e+01
1.040000000000000036e+01 -1.092649999999999899e+00 6.255924999999999958e-01 -1.092649999999999899e+00 1.184667350000000141e+01
1.042500000000000071e+01 -1.046750000000000069e+00 5.991429999999999811e-01 -1.046750000000000069e+00 1.179825300000000077e+01
1.044999999999999929e+01 -1.002790000000000070e+00 5.738505000000000411e-01 -1.002790000000000070e+00 1.175087949999999992e+01
1.047499999999999964e+01 -9.607120000000000104e-01 5.496640000000000414e-01 -9.607120000000000104e-01 1.170461000000000062e+01
1.050000000000000000e+01 -9.204189999999999872e-01 5.265320000000000000e-01 -9.204189999999999872e-01 1.165920200000000051e+01
1.052500000000000036e+01 -8.818399999999999572e-01 5.044079999999999675e-01 -8.818399999999999572e-01 1.161481600000000114e+01
1.055000000000000071e+01 -8.449010000000000131e-01 4.832454999999999945e-01 -8.449010000000000131e-01 1.157131449999999973e+01
1.057499999999999929e+01 -8.095329999999999471e-01 4.630039499999999975e-01 -8.095329999999999471e-01 1.152876204999999921e+01
1.059999999999999964e+01 -7.756669999999999954e-01 4.436391499999999821e-01 -7.756669999999999954e-01 1.148692285000000091e+01
1.062500000000000000e+01 -7.432400000000000118e-01 4.251129000000000158e-01 -7.432400000000000118e-01 1.144596509999999867e+01
1.065000000000000036e+01 -7.121899999999999897e-01 4.073880500000000016e-01 -7.121899999999999897e-01 1.140585794999999969e+01
1.067500000000000071e+01 -6.824580000000000091e-01 3.904275500000000121e-01 -6.824580000000000091e-01 1.136637044999999979e+01
1.069999999999999929e+01 -6.539880000000000138e-01 3.741983500000000129e-01 -6.539880000000000138e-01 1.132767564999999976e+01
1.072499999999999964e+01 -6.267260000000000053e-01 3.586676999999999782e-01 -6.267260000000000053e-01 1.128954629999999959e+01
1.075000000000000000e+01 -6.006190000000000140e-01 3.438038999999999956e-01 -6.006190000000000140e-01 1.125215610000000055e+01
1.077500000000000036e+01 -5.756189999999999918e-01 3.295773499999999911e-01 -5.756189999999999918e-01 1.121538065000000017e+01
1.080000000000000071e+01 -5.516769999999999730e-01 3.159595000000000042e-01 -5.516769999999999730e-01 1.117929649999999953e+01
1.082499999999999929e+01 -5.287490000000000245e-01 3.029239499999999974e-01 -5.287490000000000245e-01 1.114368205000000067e+01
1.084999999999999964e+01 -5.067909999999999915e-01 2.904444999999999943e-01 -5.067909999999999915e-01 1.110871550000000063e+01
1.087500000000000000e+01 -4.857609999999999983e-01 2.784958499999999892e-01 -4.857609999999999983e-01 1.107427614999999932e+01
1.090000000000000036e+01 -4.656199999999999783e-01 2.670560000000000156e-01 -4.656199999999999783e-01 1.104034600000000133e+01
1.092500000000000071e+01 -4.463289999999999758e-01 2.561008000000000173e-01 -4.463289999999999758e-01 1.100690520000000028e+01
1.094999999999999929e+01 -4.278520000000000101e-01 2.456104500000000079e-01 -4.278520000000000101e-01 1.097393755000000048e+01
1.097499999999999964e+01 -4.101540000000000186e-01 2.355629499999999932e-01 -4.101540000000000186e-01 1.094152504999999920e+01
1.100000000000000000e+01 -3.932019999999999960e-01 2.259396499999999919e-01 -3.932019999999999960e-01 1.090945234999999869e+01
1.102500000000000036e+01 -3.769629999999999925e-01 2.167217499999999908e-01 -3.769629999999999925e-01 1.087790424999999850e+01
1.105000000000000071e+01 -3.614080000000000070e-01 2.078916500000000112e-01 -3.614080000000000070e-01 1.084666635000000134e+01
1.107499999999999929e+01 -3.465059999999999807e-01 1.994317999999999924e-01 -3.465059999999999807e-01 1.081592419999999954e+01
1.109999999999999964e+01 -3.322300000000000253e-01 1.913266500000000148e-01 -3.322300000000000253e-01 1.078556534999999883e+01
1.112500000000000000e+01 -3.185540000000000038e-01 1.835607999999999962e-01 -3.185540000000000038e-01 1.075557719999999939e+01
1.115000000000000036e+01 -3.054509999999999725e-01 1.761188499999999935e-01 -3.054509999999999725e-01 1.072594714999999965e+01
1.117500000000000071e+01 -2.928959999999999897e-01 1.689864999999999839e-01 -2.928959999999999897e-01 1.069666349999999966e+01
1.119999999999999929e+01 -2.808680000000000065e-01 1.621514500000000025e-01 -2.808680000000000065e-01 1.066771654999999974e+01
1.122499999999999964e+01 -2.693420000000000258e-01 1.556005000000000027e-01 -2.693420000000000258e-01 1.063909549999999982e+01
1.125000000000000000e+01 -2.582980000000000276e-01 1.493204500000000212e-01 -2.582980000000000276e-01 1.061088954999999956e+01
1.127500000000000036e+01 -2.477149999999999908e-01 1.433002500000000179e-01 -2.477149999999999908e-01 1.058288974999999965e+01
1.130000000000000071e+01 -2.375740000000000074e-01 1.375287500000000052e-01 -2.375740000000000074e-01 1.055518724999999947e+01
1.132499999999999929e+01 -2.278550000000000020e-01 1.319960000000000022e-01 -2.278550000000000020e-01 1.052787399999999884e+01
1.134999999999999964e+01 -2.185410000000000130e-01 1.266899499999999956e-01 -2.185410000000000130e-01 1.050074004999999921e+01
1.137500000000000000e+01 -2.096139999999999948e-01 1.216017000000000070e-01 -2.096139999999999948e-01 1.047387830000000086e+01
1.140000000000000036e+01 -2.010579999999999867e-01 1.167233000000000021e-01 -2.010579999999999867e-01 1.044738270000000036e+01
1.142500000000000071e+01 -1.928580000000000017e-01 1.120441499999999951e-01 -1.928580000000000017e-01 1.042104424999999956e+01
1.144999999999999929e+01 -1.849969999999999948e-01 1.075564499999999979e-01 -1.849969999999999948e-01 1.039495695000000097e+01
1.147499999999999964e+01 -1.774630000000000096e-01 1.032520500000000119e-01 -1.774630000000000096e-01 1.036921414999999946e+01
1.150000000000000000e+01 -1.702400000000000024e-01 9.912309999999999177e-02 -1.702400000000000024e-01 1.034360949999999946e+01
1.152500000000000036e+01 -1.633159999999999890e-01 9.516220000000000234e-02 -1.633159999999999890e-01 1.031823720000000044e+01
1.155000000000000071e+01 -1.566790000000000127e-01 9.136239999999999639e-02 -1.566790000000000127e-01 1.029319160000000011e+01
1.157499999999999929e+01 -1.503160000000000052e-01 8.771689999999998655e-02 -1.503160000000000052e-01 1.026826729999999976e+01
1.159999999999999964e+01 -1.442150000000000098e-01 8.421914999999999263e-02 -1.442150000000000098e-01 1.024355905000000000e+01
1.162500000000000000e+01 -1.383659999999999890e-01 8.086345000000000338e-02 -1.383659999999999890e-01 1.021906234999999974e+01
1.165000000000000036e+01 -1.327579999999999871e-01 7.764310000000000656e-02 -1.327579999999999871e-01 1.019477170000000044e+01
1.167500000000000071e+01 -1.273799999999999932e-01 7.455285000000000384e-02 -1.273799999999999932e-01 1.017068294999999978e+01
1.169999999999999929e+01 -1.222239999999999993e-01 7.158729999999999261e-02 -1.222239999999999993e-01 1.014679190000000020e+01
1.172499999999999964e+01 -1.172799999999999954e-01 6.874134999999999274e-02 -1.172799999999999954e-01 1.012309444999999997e+01
1.175000000000000000e+01 -1.125390000000000001e-01 6.600999999999999923e-02 -1.125390000000000001e-01 1.009958659999999853e+01
1.177500000000000036e+01 -1.079920000000000047e-01 6.338865000000000471e-02 -1.079920000000000047e-01 1.007616454999999966e+01
1.180000000000000071e+01 -1.036320000000000019e-01 6.087255000000000443e-02 -1.036320000000000019e-01 1.005302485000000168e+01
1.182499999999999929e+01 -9.945080000000000586e-02 5.845759999999999845e-02 -9.945080000000000586e-02 1.002998399999999890e+01
1.184999999999999964e+01 -9.544060000000000044e-02 5.613960000000000478e-02 -9.544060000000000044e-02 1.000712880000000027e+01
1.187500000000000000e+01 -9.159470000000000112e-02 5.391469999999999596e-02 -9.159470000000000112e-02 9.984446099999999547e+00
1.190000000000000036e+01 -8.790599999999999803e-02 5.177895000000000414e-02 -8.790599999999999803e-02 9.961912850000000930e+00
1.192500000000000071e+01 -8.436820000000000430e-02 4.972885000000000499e-02 -8.436820000000000430e-02 9.939526149999998950e+00
1.194999999999999929e+01 -8.097500000000000531e-02 4.776085000000000053e-02 -8.097500000000000531e-02 9.917303349999999185e+00
1.197499999999999964e+01 -7.772039999999999504e-02 4.587160000000000543e-02 -7.772039999999999504e-02 9.895221799999999845e+00
1.200000000000000000e+01 -7.459860000000000102e-02 4.405804999999999444e-02 -7.459860000000000102e-02 9.873288950000000952e+00
1.202500000000000036e+01 -7.160420000000000673e-02 4.231709999999999638e-02 -7.160420000000000673e-02 9.851492500000000874e+00
1.205000000000000071e+01 -6.873189999999999855e-02 4.064588000000000229e-02 -6.873189999999999855e-02 9.829840120000000070e+00
1.207499999999999929e+01 -6.597680000000000211e-02 3.904147499999999910e-02 -6.597680000000000211e-02 9.808319524999999928e+00
1.209999999999999964e+01 -6.333389999999999853e-02 3.750140999999999891e-02 -6.333389999999999853e-02 9.786938790000000665e+00
1.212500000000000000e+01 -6.079869999999999719e-02 3.602280000000000065e-02 -6.079869999999999719e-02 9.765685600000001187e+00
1.215000000000000036e+01 -5.836680000000000340e-02 3.460349000000000064e-02 -5.836680000000000340e-02 9.744558310000000390e+00
1.217500000000000071e+01 -5.603389999999999760e-02 3.324101499999999876e-02 -5.603389999999999760e-02 9.723564985000001215e+00
1.219999999999999929e+01 -5.379590000000000066e-02 3.193304000000000281e-02 -5.379590000000000066e-02 9.702683760000001101e+00
1.222499999999999964e+01 -5.164900000000000047e-02 3.067752999999999799e-02 -5.164900000000000047e-02 9.681933069999999475e+00
1.225000000000000000e+01 -4.958950000000000163e-02 2.947225000000000192e-02 -4.958950000000000163e-02 9.661301149999999893e+00
1.227500000000000036e+01 -4.761370000000000186e-02 2.831528499999999907e-02 -4.761370000000000186e-02 9.640786515000000279e+00
1.230000000000000071e+01 -4.571830000000000338e-02 2.720463000000000048e-02 -4.571830000000000338e-02 9.620387570000000110e+00
1.232499999999999929e+01 -4.389989999999999865e-02 2.613857999999999807e-02 -4.389989999999999865e-02 9.600103020000000598e+00
1.234999999999999964e+01 -4.215549999999999853e-02 2.511524500000000132e-02 -4.215549999999999853e-02 9.579921355000001526e+00
1.237500000000000000e+01 -4.048199999999999715e-02 2.413302999999999976e-02 -4.048199999999999715e-02 9.559861370000000136e+00
1.240000000000000036e+01 -3.887650000000000133e-02 2.319025999999999726e-02 -3.887650000000000133e-02 9.539901739999999464e+00
1.242500000000000071e+01 -3.733619999999999994e-02 2.228526000000000118e-02 -3.733619999999999994e-02 9.520051139999999634e+00
1.244999999999999929e+01 -3.585850000000000148e-02 2.141666000000000056e-02 -3.585850000000000148e-02 9.500308540000000690e+00
1.247499999999999964e+01 -3.444080000000000058e-02 2.058300500000000144e-02 -3.444080000000000058e-02 9.480662795000000642e+00
1.250000000000000000e+01 -3.308080000000000048e-02 1.978284000000000292e-02 -3.308080000000000048e-02 9.461122759999998522e+00
1.252500000000000036e+01 -3.177590000000000275e-02 1.901490999999999945e-02 -3.177590000000000275e-02 9.441687489999999627e+00
1.255000000000000071e+01 -3.052399999999999905e-02 1.827777499999999958e-02 -3.052399999999999905e-02 9.422345825000000730e+00
1.257499999999999929e+01 -2.932299999999999837e-02 1.757028999999999883e-02 -2.932299999999999837e-02 9.403106909999999985e+00
1.259999999999999964e+01 -2.817069999999999991e-02 1.689132999999999954e-02 -2.817069999999999991e-02 9.383959869999999981e+00
1.262500000000000000e+01 -2.706510000000000166e-02 1.623966500000000035e-02 -2.706510000000000166e-02 9.364903734999998619e+00
1.265000000000000036e+01 -2.600440000000000043e-02 1.561426500000000044e-02 -2.600440000000000043e-02 9.345947735000001089e+00
1.267500000000000071e+01 -2.498679999999999998e-02 1.501400999999999951e-02 -2.498679999999999998e-02 9.327080989999998906e+00
1.269999999999999929e+01 -2.401040000000000119e-02 1.443789499999999920e-02 -2.401040000000000119e-02 9.308302704999999122e+00
1.272499999999999964e+01 -2.307359999999999967e-02 1.388499999999999977e-02 -2.307359999999999967e-02 9.289612200000000541e+00
1.275000000000000000e+01 -2.217469999999999858e-02 1.335432000000000112e-02 -2.217469999999999858e-02 9.271018679999999179e+00
1.277500000000000036e+01 -2.131229999999999930e-02 1.284505499999999932e-02 -2.131229999999999930e-02 9.252501544999999439e+00
1.280000000000000071e+01 -2.048480000000000092e-02 1.235620000000000121e-02 -2.048480000000000092e-02 9.234079999999998734e+00
1.282499999999999929e+01 -1.969090000000000076e-02 1.188706499999999874e-02 -1.969090000000000076e-02 9.215743534999999653e+00
1.284999999999999964e+01 -1.892900000000000138e-02 1.143665500000000043e-02 -1.892900000000000138e-02 9.197491344999999541e+00
1.287500000000000000e+01 -1.819799999999999890e-02 1.100445499999999979e-02 -1.819799999999999890e-02 9.179323085000000049e+00
1.290000000000000036e+01 -1.749660000000000104e-02 1.058955499999999876e-02 -1.749660000000000104e-02 9.161228024999999775e+00
1.292500000000000071e+01 -1.682350000000000165e-02 1.019129499999999952e-02 -1.682350000000000165e-02 9.143225664999999225e+00
1.294999999999999929e+01 -1.617760000000000031e-02 9.808995000000000908e-03 -1.617760000000000031e-02 9.125295485000000539e+00
1.297499999999999964e+01 -1.555780000000000010e-02 9.442004999999999842e-03 -1.555780000000000010e-02 9.107446975000000222e+00
1.300000000000000000e+01 -1.496310000000000001e-02 9.089685000000000126e-03 -1.496310000000000001e-02 9.089679675000001069e+00
1.302500000000000036e+01 -1.439230000000000023e-02 8.751464999999999939e-03 -1.439230000000000023e-02 9.071993114999999719e+00
1.305000000000000071e+01 -1.384449999999999917e-02 8.426750000000000212e-03 -1.384449999999999917e-02 9.054376830000000709e+00
1.307499999999999929e+01 -1.331880000000000043e-02 8.114989999999999010e-03 -1.331880000000000043e-02 9.036840429999999813e+00
1.309999999999999964e+01 -1.281440000000000010e-02 7.815655000000001212e-03 -1.281440000000000010e-02 9.019383505000000412e+00
1.312500000000000000e+01 -1.233019999999999949e-02 7.528169999999999827e-03 -1.233019999999999949e-02 9.001995589999999936e+00
1.315000000000000036e+01 -1.186549999999999931e-02 7.252195000000000343e-03 -1.186549999999999931e-02 8.984686465000001121e+00
1.317500000000000071e+01 -1.141950000000000083e-02 6.987184999999999924e-03 -1.141950000000000083e-02 8.967445695000000327e+00
1.319999999999999929e+01 -1.099140000000000013e-02 6.732764999999999930e-03 -1.099140000000000013e-02 8.950283015000000120e+00
1.322499999999999964e+01 -1.058060000000000077e-02 6.488370000000000248e-03 -1.058060000000000077e-02 8.933187950000000654e+00
1.325000000000000000e+01 -1.018619999999999942e-02 6.253669999999999368e-03 -1.018619999999999942e-02 8.916160269999998889e+00
1.327500000000000036e+01 -9.807740000000000555e-03 6.028265000000000533e-03 -9.807740000000000555e-03 8.899209674999999820e+00
1.330000000000000071e+01 -9.444430000000000186e-03 5.811784999999999868e-03 -9.444430000000000186e-03 8.882325874999999371e+00
1.332499999999999929e+01 -9.095709999999999906e-03 5.603910000000000141e-03 -9.095709999999999906e-03 8.865508629999999002e+00
1.334999999999999964e+01 -8.760979999999999809e-03 5.404214999999999540e-03 -8.760979999999999809e-03 8.848767625000000692e+00
1.337500000000000000e+01 -8.439679999999999752e-03 5.212424999999999697e-03 -8.439679999999999752e-03 8.832092635000000413e+00
1.340000000000000036e+01 -8.131279999999999411e-03 5.028209999999999971e-03 -8.131279999999999411e-03 8.815483430000000453e+00
1.342500000000000071e+01 -7.835240000000000260e-03 4.851285000000000319e-03 -7.835240000000000260e-03 8.798939775000000907e+00
1.344999999999999929e+01 -7.551089999999999886e-03 4.681364999999999832e-03 -7.551089999999999886e-03 8.782461454999999972e+00
1.347499999999999964e+01 -7.278340000000000330e-03 4.518154999999999394e-03 -7.278340000000000330e-03 8.766048265000000228e+00
1.350000000000000000e+01 -7.016529999999999989e-03 4.361420000000000401e-03 -7.016529999999999989e-03 8.749699999999998923e+00
1.352500000000000036e+01 -6.765239999999999622e-03 4.210900000000000060e-03 -6.765239999999999622e-03 8.733426480000000325e+00
1.355000000000000071e+01 -6.524040000000000047e-03 4.066349000000000352e-03 -6.524040000000000047e-03 8.717207511000001574e+00
1.357499999999999929e+01 -6.292530000000000172e-03 3.927547999999999456e-03 -6.292530000000000172e-03 8.701052931999999629e+00
1.359999999999999964e+01 -6.070329999999999650e-03 3.794260500000000425e-03 -6.070329999999999650e-03 8.684962559500000623e+00
1.362500000000000000e+01 -5.857069999999999811e-03 3.666301999999999756e-03 -5.857069999999999811e-03 8.668936258000000450e+00
1.365000000000000036e+01 -5.652400000000000133e-03 3.543448499999999994e-03 -5.652400000000000133e-03 8.652973851500000535e+00
1.367500000000000071e+01 -5.455980000000000031e-03 3.425516500000000148e-03 -5.455980000000000031e-03 8.637075203500000242e+00
1.369999999999999929e+01 -5.267489999999999672e-03 3.312324000000000171e-03 -5.267489999999999672e-03 8.621230175999999190e+00
1.372499999999999964e+01 -5.086600000000000149e-03 3.203689499999999753e-03 -5.086600000000000149e-03 8.605448630500001528e+00
1.375000000000000000e+01 -4.913039999999999595e-03 3.099433500000000133e-03 -4.913039999999999595e-03 8.589730426499999183e+00
1.377500000000000036e+01 -4.746499999999999851e-03 2.999415000000000067e-03 -4.746499999999999851e-03 8.574065465000000330e+00
1.380000000000000071e+01 -4.586709999999999919e-03 2.903456999999999913e-03 -4.586709999999999919e-03 8.558473602999999486e+00
1.382499999999999929e+01 -4.433399999999999667e-03 2.811419999999999805e-03 -4.433399999999999667e-03 8.542924740000000128e+00
1.384999999999999964e+01 -4.286329999999999654e-03 2.723157999999999829e-03 -4.286329999999999654e-03 8.527448762000000571e+00
1.387500000000000000e+01 -4.145249999999999629e-03 2.638502000000000035e-03 -4.145249999999999629e-03 8.512025538000001390e+00
1.390000000000000036e+01 -4.009910000000000210e-03 2.557360500000000012e-03 -4.009910000000000210e-03 8.496654999499998695e+00
1.392500000000000071e+01 -3.880109999999999983e-03 2.479585999999999769e-03 -3.880109999999999983e-03 8.481347033999998786e+00
1.394999999999999929e+01 -3.755609999999999938e-03 2.405054000000000219e-03 -3.755609999999999938e-03 8.466091545999999468e+00
1.397499999999999964e+01 -3.636209999999999963e-03 2.333630499999999903e-03 -3.636209999999999963e-03 8.450898429500000475e+00
1.400000000000000000e+01 -3.521700000000000004e-03 2.265211500000000218e-03 -3.521700000000000004e-03 8.435757608499999449e+00
1.402500000000000036e+01 -3.411899999999999829e-03 2.199683999999999928e-03 -3.411899999999999829e-03 8.420678996000001248e+00
1.405000000000000071e+01 -3.306610000000000191e-03 2.136925499999999759e-03 -3.306610000000000191e-03 8.405652494499999960e+00
1.407499999999999929e+01 -3.205649999999999993e-03 2.076834000000000059e-03 -3.205649999999999993e-03 8.390678025999999790e+00
1.409999999999999964e+01 -3.108849999999999808e-03 2.019308000000000040e-03 -3.108849999999999808e-03 8.375765511999999191e+00
1.412500000000000000e+01 -3.016040000000000214e-03 1.964245500000000050e-03 -3.016040000000000214e-03 8.360904874500000972e+00
1.415000000000000036e+01 -2.927050000000000051e-03 1.911545499999999908e-03 -2.927050000000000051e-03 8.346096034500000371e+00
1.417500000000000071e+01 -2.841740000000000151e-03 1.861118000000000147e-03 -2.841740000000000151e-03 8.331338922000000480e+00
1.419999999999999929e+01 -2.759950000000000164e-03 1.812861999999999937e-03 -2.759950000000000164e-03 8.316643458000001488e+00
1.422499999999999964e+01 -2.681520000000000171e-03 1.766688499999999936e-03 -2.681520000000000171e-03 8.301989571500000054e+00
1.425000000000000000e+01 -2.606330000000000018e-03 1.722517000000000015e-03 -2.606330000000000018e-03 8.287397203000001156e+00
1.427500000000000036e+01 -2.534230000000000163e-03 1.680258500000000182e-03 -2.534230000000000163e-03 8.272856281499999298e+00
1.430000000000000071e+01 -2.465090000000000076e-03 1.639823499999999842e-03 -2.465090000000000076e-03 8.258366736499999305e+00
1.432499999999999929e+01 -2.398780000000000096e-03 1.601133999999999934e-03 -2.398780000000000096e-03 8.243928505999999601e+00
1.434999999999999964e+01 -2.335190000000000009e-03 1.564121000000000131e-03 -2.335190000000000009e-03 8.229541538999999517e+00
1.437500000000000000e+01 -2.274180000000000212e-03 1.528695999999999961e-03 -2.274180000000000212e-03 8.215205764000000244e+00
1.440000000000000036e+01 -2.215649999999999998e-03 1.494781000000000148e-03 -2.215649999999999998e-03 8.200921119000000203e+00
1.442500000000000071e+01 -2.159480000000000080e-03 1.462318500000000165e-03 -2.159480000000000080e-03 8.186677561499999811e+00
1.444999999999999929e+01 -2.105570000000000185e-03 1.431220999999999882e-03 -2.105570000000000185e-03 8.172495018999999417e+00
1.447499999999999964e+01 -2.053810000000000097e-03 1.401420499999999963e-03 -2.053810000000000097e-03 8.158363439500000425e+00
1.450000000000000000e+01 -2.004090000000000038e-03 1.372859999999999836e-03 -2.004090000000000038e-03 8.144282779999999278e+00
1.452500000000000036e+01 -1.956330000000000048e-03 1.345472999999999808e-03 -1.956330000000000048e-03 8.130242986999999033e+00
1.455000000000000071e+01 -1.910430000000000071e-03 1.319192000000000064e-03 -1.910430000000000071e-03 8.116254008000000297e+00
1.457499999999999929e+01 -1.866290000000000050e-03 1.293950999999999782e-03 -1.866290000000000050e-03 8.102315789000000379e+00
1.459999999999999964e+01 -1.823839999999999966e-03 1.269693500000000077e-03 -1.823839999999999966e-03 8.088428286499999231e+00
1.462500000000000000e+01 -1.782979999999999982e-03 1.246373500000000009e-03 -1.782979999999999982e-03 8.074591466500001147e+00
1.465000000000000036e+01 -1.743629999999999920e-03 1.223914500000000162e-03 -1.743629999999999920e-03 8.060795265499999473e+00
1.467500000000000071e+01 -1.705719999999999979e-03 1.202281500000000093e-03 -1.705719999999999979e-03 8.047049658499998870e+00
1.469999999999999929e+01 -1.669169999999999985e-03 1.181407999999999894e-03 -1.669169999999999985e-03 8.033344592000000617e+00
1.472499999999999964e+01 -1.633909999999999920e-03 1.161249000000000049e-03 -1.633909999999999920e-03 8.019700030999999285e+00
1.475000000000000000e+01 -1.599869999999999981e-03 1.141769499999999897e-03 -1.599869999999999981e-03 8.006095950500000669e+00
1.477500000000000036e+01 -1.566969999999999995e-03 1.122894000000000149e-03 -1.566969999999999995e-03 7.992532286000000319e+00
1.480000000000000071e+01 -1.535169999999999981e-03 1.104607500000000025e-03 -1.535169999999999981e-03 7.979019032500000108e+00
1.482499999999999929e+01 -1.504389999999999981e-03 1.086851999999999914e-03 -1.504389999999999981e-03 7.965556140000000340e+00
1.484999999999999964e+01 -1.474580000000000075e-03 1.069589500000000084e-03 -1.474580000000000075e-03 7.952133580499999965e+00
1.487500000000000000e+01 -1.445679999999999969e-03 1.052782500000000107e-03 -1.445679999999999969e-03 7.938761325499999799e+00
1.490000000000000036e+01 -1.417630000000000019e-03 1.036391999999999912e-03 -1.417630000000000019e-03 7.925429343999999432e+00
1.492500000000000071e+01 -1.390390000000000029e-03 1.020384999999999955e-03 -1.390390000000000029e-03 7.912137611000000348e+00
1.494999999999999929e+01 -1.363910000000000079e-03 1.004728999999999995e-03 -1.363910000000000079e-03 7.898896101000000058e+00
1.497499999999999964e+01 -1.338140000000000033e-03 9.893894999999999773e-04 -1.338140000000000033e-03 7.885704788500000006e+00
1.500000000000000000e+01 -1.313039999999999910e-03 9.743404999999999254e-04 -1.313039999999999910e-03 7.872553653499999804e+00
1.502500000000000036e+01 -1.288560000000000009e-03 9.595520000000000178e-04 -1.288560000000000009e-03 7.859442672000000130e+00
1.505000000000000071e+01 -1.264659999999999916e-03 9.449989999999999692e-04 -1.264659999999999916e-03 7.846371826999999577e+00
1.507499999999999929e+01 -1.241319999999999967e-03 9.306559999999999746e-04 -1.241319999999999967e-03 7.833351098000000512e+00
1.509999999999999964e+01 -1.218490000000000024e-03 9.165030000000000442e-04 -1.218490000000000024e-03 7.820380471000000000e+00
1.512500000000000000e+01 -1.196129999999999893e-03 9.025160000000000170e-04 -1.196129999999999893e-03 7.807439927999999973e+00
1.515000000000000036e+01 -1.174230000000000065e-03 8.886789999999999664e-04 -1.174230000000000065e-03 7.794549456999999570e+00
1.517500000000000071e+01 -1.152739999999999971e-03 8.749714999999999489e-04 -1.152739999999999971e-03 7.781699042499999663e+00
1.519999999999999929e+01 -1.131650000000000104e-03 8.613794999999999612e-04 -1.131650000000000104e-03 7.768888676499999590e+00
1.522499999999999964e+01 -1.110929999999999990e-03 8.478879999999999837e-04 -1.110929999999999990e-03 7.756128345999999674e+00
1.525000000000000000e+01 -1.090550000000000026e-03 8.344804999999999194e-04 -1.090550000000000026e-03 7.743398043500000050e+00
1.527500000000000036e+01 -1.070489999999999896e-03 8.211340000000000566e-04 -1.070489999999999896e-03 7.730717740000000227e+00
1.530000000000000071e+01 -1.050729999999999937e-03 8.078875000000000335e-04 -1.050729999999999937e-03 7.718077486499999473e+00
1.532499999999999929e+01 -1.031250000000000049e-03 7.946790000000000668e-04 -1.031250000000000049e-03 7.705477221000000654e+00
1.534999999999999964e+01 -1.012050000000000016e-03 7.815179999999999263e-04 -1.012050000000000016e-03 7.692916958000000527e+00
1.537500000000000000e+01 -9.930900000000000751e-04 7.683985000000000598e-04 -9.930900000000000751e-04 7.680396691500000372e+00
1.540000000000000036e+01 -9.743700000000000104e-04 7.553154999999999548e-04 -9.743700000000000104e-04 7.667926420499999729e+00
1.542500000000000071e+01 -9.558750000000000189e-04 7.422645000000000284e-04 -9.558750000000000189e-04 7.655486143500000118e+00
1.544999999999999929e+01 -9.375920000000000044e-04 7.292425000000000166e-04 -9.375920000000000044e-04 7.643085857499999136e+00
1.547499999999999964e+01 -9.195120000000000420e-04 7.162460000000000267e-04 -9.195120000000000420e-04 7.630735562000000805e+00
1.550000000000000000e+01 -9.016259999999999900e-04 7.032749999999999505e-04 -9.016259999999999900e-04 7.618415258999999828e+00
1.552500000000000036e+01 -8.839260000000000476e-04 6.903275000000000817e-04 -8.839260000000000476e-04 7.606134948500000270e+00
1.555000000000000071e+01 -8.664049999999999963e-04 6.774059999999999717e-04 -8.664049999999999963e-04 7.593894632000000477e+00
1.557499999999999929e+01 -8.490579999999999742e-04 6.645089999999999764e-04 -8.490579999999999742e-04 7.581704310999999308e+00
1.559999999999999964e+01 -8.318789999999999952e-04 6.516399999999999883e-04 -8.318789999999999952e-04 7.569543989999999667e+00
1.562500000000000000e+01 -8.148650000000000121e-04 6.388009999999999305e-04 -8.148650000000000121e-04 7.557423670999999565e+00
1.565000000000000036e+01 -7.980129999999999776e-04 6.259945000000000049e-04 -7.980129999999999776e-04 7.545333357499999671e+00
1.567500000000000071e+01 -7.813199999999999529e-04 6.132239999999999957e-04 -7.813199999999999529e-04 7.533293054000000488e+00
1.569999999999999929e+01 -7.647829999999999993e-04 6.004944999999999814e-04 -7.647829999999999993e-04 7.521292765500000144e+00
1.572499999999999964e+01 -7.484040000000000397e-04 5.878095000000000715e-04 -7.484040000000000397e-04 7.509322496500000277e+00
1.575000000000000000e+01 -7.321800000000000270e-04 5.751744999999999731e-04 -7.321800000000000270e-04 7.497392251499999993e+00
1.577500000000000036e+01 -7.161119999999999769e-04 5.625939999999999197e-04 -7.161119999999999769e-04 7.485502035999999748e+00
1.580000000000000071e+01 -7.001999999999999977e-04 5.500717499999999973e-04 -7.001999999999999977e-04 7.473651854249999893e+00
1.582499999999999929e+01 -6.844460000000000127e-04 5.376162500000000689e-04 -6.844460000000000127e-04 7.461831713749999651e+00
1.584999999999999964e+01 -6.688510000000000375e-04 5.252323500000000535e-04 -6.688510000000000375e-04 7.450051619649999957e+00
1.587500000000000000e+01 -6.534159999999999795e-04 5.129251000000000470e-04 -6.534159999999999795e-04 7.438311576900000333e+00
1.590000000000000036e+01 -6.381429999999999785e-04 5.007006499999999780e-04 -6.381429999999999785e-04 7.426611591349999486e+00
1.592500000000000071e+01 -6.230359999999999891e-04 4.885650999999999753e-04 -6.230359999999999891e-04 7.414941668900000060e+00
1.594999999999999929e+01 -6.080950000000000114e-04 4.765256000000000374e-04 -6.080950000000000114e-04 7.403311816399999579e+00
1.597499999999999964e+01 -5.933250000000000156e-04 4.645872999999999691e-04 -5.933250000000000156e-04 7.391712038699999709e+00
1.600000000000000000e+01 -5.787270000000000175e-04 4.527563999999999872e-04 -5.787270000000000175e-04 7.380152341600000554e+00
1.602499999999999858e+01 -5.643049999999999716e-04 4.410390999999999834e-04 -5.643049999999999716e-04 7.368632730899999927e+00
1.605000000000000071e+01 -5.500610000000000178e-04 4.294405499999999791e-04 -5.500610000000000178e-04 7.357143211450000386e+00
1.607499999999999929e+01 -5.360000000000000181e-04 4.179680499999999699e-04 -5.360000000000000181e-04 7.345693789949999442e+00
1.610000000000000142e+01 -5.221219999999999724e-04 4.066257500000000158e-04 -5.221219999999999724e-04 7.334274470250000455e+00
1.612500000000000000e+01 -5.084329999999999752e-04 3.954198500000000085e-04 -5.084329999999999752e-04 7.322895258149999975e+00
1.614999999999999858e+01 -4.949340000000000423e-04 3.843555999999999492e-04 -4.949340000000000423e-04 7.311556158400000172e+00
1.617500000000000071e+01 -4.816290000000000198e-04 3.734374500000000002e-04 -4.816290000000000198e-04 7.300247174549999940e+00
1.619999999999999929e+01 -4.685199999999999933e-04 3.626710999999999911e-04 -4.685199999999999933e-04 7.288968312899999802e+00
1.622500000000000142e+01 -4.556100000000000102e-04 3.520609500000000127e-04 -4.556100000000000102e-04 7.277729577050000564e+00
1.625000000000000000e+01 -4.429030000000000250e-04 3.416132999999999908e-04 -4.429030000000000250e-04 7.266530972700000035e+00
1.627499999999999858e+01 -4.303989999999999834e-04 3.313272000000000352e-04 -4.303989999999999834e-04 7.255352498800000660e+00
1.630000000000000071e+01 -4.181020000000000027e-04 3.212089500000000174e-04 -4.181020000000000027e-04 7.244224161049999999e+00
1.632499999999999929e+01 -4.060140000000000060e-04 3.112636000000000330e-04 -4.060140000000000060e-04 7.233115964399999598e+00
1.635000000000000142e+01 -3.941360000000000089e-04 3.014923500000000036e-04 -3.941360000000000089e-04 7.222047909649999653e+00
1.637500000000000000e+01 -3.824720000000000203e-04 2.918992999999999718e-04 -3.824720000000000203e-04 7.211020000699999599e+00
1.639999999999999858e+01 -3.710210000000000244e-04 2.824865999999999662e-04 -3.710210000000000244e-04 7.200022239399999968e+00
1.642500000000000071e+01 -3.597860000000000142e-04 2.732573500000000139e-04 -3.597860000000000142e-04 7.189054628650000112e+00
1.644999999999999929e+01 -3.487669999999999898e-04 2.642136000000000007e-04 -3.487669999999999898e-04 7.178117170400000191e+00
1.647500000000000142e+01 -3.379669999999999983e-04 2.553564499999999766e-04 -3.379669999999999983e-04 7.167219865549999902e+00
1.650000000000000000e+01 -3.273850000000000241e-04 2.466869000000000115e-04 -3.273850000000000241e-04 7.156352715100000594e+00
1.652499999999999858e+01 -3.170219999999999744e-04 2.382080499999999969e-04 -3.170219999999999744e-04 7.145525721950000353e+00
1.655000000000000071e+01 -3.068789999999999734e-04 2.299188999999999985e-04 -3.068789999999999734e-04 7.134718885099999852e+00
1.657499999999999929e+01 -2.969550000000000054e-04 2.218214500000000207e-04 -2.969550000000000054e-04 7.123952206550000277e+00
1.660000000000000142e+01 -2.872509999999999777e-04 2.139157000000000092e-04 -2.872509999999999777e-04 7.113215686300000229e+00
1.662500000000000000e+01 -2.777659999999999830e-04 2.062015500000000112e-04 -2.777659999999999830e-04 7.102519324450000227e+00
1.664999999999999858e+01 -2.684990000000000055e-04 1.986790500000000168e-04 -2.684990000000000055e-04 7.091843120950000134e+00
1.667500000000000071e+01 -2.594510000000000067e-04 1.913491999999999873e-04 -2.594510000000000067e-04 7.081207076800000166e+00
1.669999999999999929e+01 -2.506200000000000094e-04 1.842086500000000003e-04 -2.506200000000000094e-04 7.070601189350000482e+00
1.672500000000000142e+01 -2.420059999999999865e-04 1.772584999999999970e-04 -2.420059999999999865e-04 7.060025459499999378e+00
1.675000000000000000e+01 -2.336059999999999992e-04 1.704966000000000034e-04 -2.336059999999999992e-04 7.049479885400000256e+00
1.677499999999999858e+01 -2.254190000000000046e-04 1.639218000000000066e-04 -2.254190000000000046e-04 7.038974466200000002e+00
1.680000000000000071e+01 -2.174439999999999869e-04 1.575330000000000111e-04 -2.174439999999999869e-04 7.028489201000000186e+00
1.682499999999999929e+01 -2.096789999999999960e-04 1.513280500000000156e-04 -2.096789999999999960e-04 7.018044087949999899e+00
1.685000000000000142e+01 -2.021220000000000004e-04 1.453057499999999903e-04 -2.021220000000000004e-04 7.007629126250000340e+00
1.687500000000000000e+01 -1.947700000000000071e-04 1.394639500000000151e-04 -1.947700000000000071e-04 6.997244314050000469e+00
1.689999999999999858e+01 -1.876220000000000004e-04 1.337982999999999892e-04 -1.876220000000000004e-04 6.986889647700000872e+00
1.692500000000000071e+01 -1.806749999999999871e-04 1.283099000000000164e-04 -1.806749999999999871e-04 6.976565128100000734e+00
1.694999999999999929e+01 -1.739269999999999900e-04 1.229953000000000047e-04 -1.739269999999999900e-04 6.966270752699999846e+00
1.697500000000000142e+01 -1.673740000000000004e-04 1.178495500000000006e-04 -1.673740000000000004e-04 6.956006516450000454e+00
1.700000000000000000e+01 -1.610150000000000025e-04 1.128741500000000008e-04 -1.610150000000000025e-04 6.945772421850000100e+00
1.702499999999999858e+01 -1.548449999999999989e-04 1.080629500000000086e-04 -1.548449999999999989e-04 6.935568463050000076e+00
1.705000000000000071e+01 -1.488630000000000010e-04 1.034135499999999918e-04 -1.488630000000000010e-04 6.925394638049999330e+00
1.707499999999999929e+01 -1.430640000000000113e-04 9.892320000000000182e-05 -1.430640000000000113e-04 6.915250944799999466e+00
1.710000000000000142e+01 -1.374469999999999869e-04 9.458859999999999762e-05 -1.374469999999999869e-04 6.905137380399999358e+00
1.712500000000000000e+01 -1.320070000000000119e-04 9.040689999999999664e-05 -1.320070000000000119e-04 6.895053942500000588e+00
1.714999999999999858e+01 -1.267420000000000005e-04 8.637449999999999100e-05 -1.267420000000000005e-04 6.885000628099999354e+00
1.717500000000000071e+01 -1.216469999999999959e-04 8.248825000000000428e-05 -1.216469999999999959e-04 6.874977434549999877e+00
1.719999999999999929e+01 -1.167199999999999938e-04 7.874469999999999842e-05 -1.167199999999999938e-04 6.864974359099999646e+00
1.722500000000000142e+01 -1.119569999999999989e-04 7.514060000000000357e-05 -1.119569999999999989e-04 6.855011398799999434e+00
1.725000000000000000e+01 -1.073540000000000025e-04 7.167250000000000877e-05 -1.073540000000000025e-04 6.845068550900000659e+00
1.727499999999999858e+01 -1.029079999999999980e-04 6.833684999999999608e-05 -1.029079999999999980e-04 6.835165812550000553e+00
1.730000000000000071e+01 -9.861589999999999885e-05 6.513039999999999563e-05 -9.861589999999999885e-05 6.825283180800000515e+00
1.732499999999999929e+01 -9.447329999999999552e-05 6.204954999999999954e-05 -9.447329999999999552e-05 6.815430652849999937e+00
1.735000000000000142e+01 -9.047699999999999449e-05 5.909085000000000363e-05 -9.047699999999999449e-05 6.805608225749999463e+00
1.737500000000000000e+01 -8.662329999999999444e-05 5.625090000000000043e-05 -8.662329999999999444e-05 6.795815896699999747e+00
1.739999999999999858e+01 -8.290860000000000102e-05 5.352637499999999453e-05 -8.290860000000000102e-05 6.786053662825000110e+00
1.742500000000000071e+01 -7.932930000000000634e-05 5.091372500000000185e-05 -7.932930000000000634e-05 6.776311521274999805e+00
1.744999999999999929e+01 -7.588189999999999595e-05 4.840959000000000418e-05 -7.588189999999999595e-05 6.766599469209999995e+00
1.747500000000000142e+01 -7.256289999999999605e-05 4.601068500000000212e-05 -7.256289999999999605e-05 6.756917503915000012e+00
1.750000000000000000e+01 -6.936860000000000530e-05 4.371363000000000315e-05 -6.936860000000000530e-05 6.747265622569999621e+00
1.752499999999999858e+01 -6.629560000000000270e-05 4.151515500000000215e-05 -6.629560000000000270e-05 6.737633822444999865e+00
1.755000000000000071e+01 -6.334040000000000091e-05 3.941208000000000027e-05 -6.334040000000000091e-05 6.728042100920000657e+00
1.757499999999999929e+01 -6.049959999999999924e-05 3.740113999999999949e-05 -6.049959999999999924e-05 6.718470455260000307e+00
1.760000000000000142e+01 -5.776969999999999680e-05 3.547917000000000204e-05 -5.776969999999999680e-05 6.708918882829999930e+00
1.762500000000000000e+01 -5.514739999999999990e-05 3.364320499999999699e-05 -5.514739999999999990e-05 6.699407381194999900e+00
1.764999999999999858e+01 -5.262950000000000153e-05 3.189008500000000047e-05 -5.262950000000000153e-05 6.689915947714999866e+00
1.767500000000000071e+01 -5.021260000000000100e-05 3.021695999999999944e-05 -5.021260000000000100e-05 6.680444580039999636e+00
1.769999999999999929e+01 -4.789339999999999787e-05 2.862078000000000078e-05 -4.789339999999999787e-05 6.671013275620000016e+00
1.772500000000000142e+01 -4.566899999999999931e-05 2.709869999999999857e-05 -4.566899999999999931e-05 6.661602032100000237e+00
1.775000000000000000e+01 -4.353609999999999810e-05 2.564808500000000162e-05 -4.353609999999999810e-05 6.652220847314999297e+00
1.777499999999999858e+01 -4.149170000000000120e-05 2.426600000000000111e-05 -4.149170000000000120e-05 6.642859718799999591e+00
1.780000000000000071e+01 -3.953280000000000205e-05 2.294991000000000267e-05 -3.953280000000000205e-05 6.633528644490000126e+00
1.782499999999999929e+01 -3.765650000000000106e-05 2.169719499999999920e-05 -3.765650000000000106e-05 6.624227622204999832e+00
1.785000000000000142e+01 -3.585989999999999865e-05 2.050533500000000075e-05 -3.585989999999999865e-05 6.614946649864999806e+00
1.787500000000000000e+01 -3.414020000000000222e-05 1.937182500000000151e-05 -3.414020000000000222e-05 6.605695725375000826e+00
1.789999999999999858e+01 -3.249469999999999908e-05 1.829434500000000179e-05 -3.249469999999999908e-05 6.596464846854999564e+00
1.792500000000000071e+01 -3.092069999999999687e-05 1.727050500000000042e-05 -3.092069999999999687e-05 6.587264012294999915e+00
1.794999999999999929e+01 -2.941560000000000005e-05 1.629809999999999901e-05 -2.941560000000000005e-05 6.578093219899999511e+00
1.797500000000000142e+01 -2.797679999999999953e-05 1.537484500000000035e-05 -2.797679999999999953e-05 6.568942467754999903e+00
1.800000000000000000e+01 -2.660179999999999999e-05 1.449875000000000073e-05 -2.660179999999999999e-05 6.559821754249999692e+00
1.802499999999999858e+01 -2.528829999999999978e-05 1.366764000000000049e-05 -2.528829999999999978e-05 6.550721077559999550e+00
1.805000000000000071e+01 -2.403390000000000040e-05 1.287963500000000023e-05 -2.403390000000000040e-05 6.541640436164999350e+00
1.807499999999999929e+01 -2.283630000000000021e-05 1.213276999999999971e-05 -2.283630000000000021e-05 6.532599828429999533e+00
1.810000000000000142e+01 -2.169320000000000094e-05 1.142518500000000096e-05 -2.169320000000000094e-05 6.523569252815000219e+00
1.812500000000000000e+01 -2.060260000000000159e-05 1.075505500000000167e-05 -2.060260000000000159e-05 6.514578707824999704e+00
1.814999999999999858e+01 -1.956230000000000073e-05 1.012071000000000021e-05 -1.956230000000000073e-05 6.505598192089999898e+00
1.817500000000000071e+01 -1.857030000000000074e-05 9.520460000000000324e-06 -1.857030000000000074e-05 6.496647704219999930e+00
1.819999999999999929e+01 -1.762470000000000085e-05 8.952710000000000550e-06 -1.762470000000000085e-05 6.487727242890000134e+00
1.822500000000000142e+01 -1.672350000000000006e-05 8.415910000000000879e-06 -1.672350000000000006e-05 6.478826806829999896e+00
1.825000000000000000e+01 -1.586490000000000120e-05 7.908570000000000413e-06 -1.586490000000000120e-05 6.469956394829999624e+00
1.827499999999999858e+01 -1.504710000000000032e-05 7.429284999999999970e-06 -1.504710000000000032e-05 6.461096005715000423e+00
1.830000000000000071e+01 -1.426840000000000047e-05 6.976654999999999867e-06 -1.426840000000000047e-05 6.452275638345000175e+00
1.832499999999999929e+01 -1.352719999999999984e-05 6.549379999999999795e-06 -1.352719999999999984e-05 6.443475291659999549e+00
1.835000000000000142e+01 -1.282179999999999979e-05 6.146205000000000051e-06 -1.282179999999999979e-05 6.434694964614999790e+00
1.837500000000000000e+01 -1.215060000000000018e-05 5.765944999999999900e-06 -1.215060000000000018e-05 6.425934656255000377e+00
1.839999999999999858e+01 -1.151229999999999987e-05 5.407354999999999493e-06 -1.151229999999999987e-05 6.417204365545000400e+00
1.842500000000000071e+01 -1.090520000000000022e-05 5.069378499999999630e-06 -1.090520000000000022e-05 6.408494091621499855e+00
1.844999999999999929e+01 -1.032820000000000049e-05 4.750902499999999869e-06 -1.032820000000000049e-05 6.399813833577500333e+00
1.847500000000000142e+01 -9.779709999999999578e-06 4.451004500000000051e-06 -9.779709999999999578e-06 6.391153590655499706e+00
1.850000000000000000e+01 -9.258590000000000746e-06 4.168661999999999798e-06 -9.258590000000000746e-06 6.382513362017999903e+00
1.852499999999999858e+01 -8.763569999999999851e-06 3.902950500000000165e-06 -8.763569999999999851e-06 6.373903146909499995e+00
1.855000000000000071e+01 -8.293460000000000044e-06 3.652979999999999879e-06 -8.293460000000000044e-06 6.365312944600000300e+00
1.857499999999999929e+01 -7.847099999999999797e-06 3.417913000000000067e-06 -7.847099999999999797e-06 6.356742754407000540e+00
1.860000000000000142e+01 -7.423419999999999646e-06 3.196926000000000128e-06 -7.423419999999999646e-06 6.348202575654000590e+00
1.862500000000000000e+01 -7.021330000000000418e-06 2.989268499999999991e-06 -7.021330000000000418e-06 6.339682407731500824e+00
1.864999999999999858e+01 -6.639849999999999625e-06 2.794203999999999971e-06 -6.639849999999999625e-06 6.331182250035999992e+00
1.867500000000000071e+01 -6.277990000000000010e-06 2.611037999999999852e-06 -6.277990000000000010e-06 6.322702102002000224e+00
1.869999999999999929e+01 -5.934829999999999893e-06 2.439100000000000076e-06 -5.934829999999999893e-06 6.314251963080000252e+00
1.872500000000000142e+01 -5.609469999999999844e-06 2.277761500000000130e-06 -5.609469999999999844e-06 6.305821832758499390e+00
1.875000000000000000e+01 -5.301049999999999839e-06 2.126417499999999619e-06 -5.301049999999999839e-06 6.297411710542499819e+00
1.877499999999999858e+01 -5.008769999999999819e-06 1.984515000000000006e-06 -5.008769999999999819e-06 6.289031595985000500e+00
1.880000000000000071e+01 -4.731829999999999722e-06 1.851494500000000142e-06 -4.731829999999999722e-06 6.280671488625499954e+00
1.882499999999999929e+01 -4.469490000000000299e-06 1.726858500000000163e-06 -4.469490000000000299e-06 6.272321388061500080e+00
1.885000000000000142e+01 -4.221019999999999610e-06 1.610111500000000051e-06 -4.221019999999999610e-06 6.264011293888500198e+00
1.887500000000000000e+01 -3.985749999999999913e-06 1.500800500000000006e-06 -3.985749999999999913e-06 6.255711205739499903e+00
1.889999999999999858e+01 -3.763019999999999930e-06 1.398474999999999981e-06 -3.763019999999999930e-06 6.247431123244999718e+00
1.892500000000000071e+01 -3.552200000000000058e-06 1.302726499999999817e-06 -3.552200000000000058e-06 6.239181046073499992e+00
1.894999999999999929e+01 -3.352700000000000104e-06 1.213157999999999990e-06 -3.352700000000000104e-06 6.230950973901999923e+00
1.897500000000000142e+01 -3.163929999999999877e-06 1.129415500000000046e-06 -3.163929999999999877e-06 6.222740906444499842e+00
1.900000000000000000e+01 -2.985369999999999845e-06 1.051126000000000065e-06 -2.985369999999999845e-06 6.214550843396000168e+00
1.902499999999999858e+01 -2.816490000000000202e-06 9.779710000000000425e-07 -2.816490000000000202e-06 6.206390784498999835e+00
1.905000000000000071e+01 -2.656800000000000126e-06 9.096345000000000447e-07 -2.656800000000000126e-06 6.198240729495499757e+00
1.907499999999999929e+01 -2.505810000000000069e-06 8.458190000000000116e-07 -2.505810000000000069e-06 6.190120678144999999e+00
1.910000000000000142e+01 -2.363090000000000019e-06 7.862449999999999574e-07 -2.363090000000000019e-06 6.182020630220999458e+00
1.912500000000000000e+01 -2.228209999999999966e-06 7.306490000000000200e-07 -2.228209999999999966e-06 6.173940585509000378e+00
1.914999999999999858e+01 -2.100750000000000173e-06 6.787825000000000101e-07 -2.100750000000000173e-06 6.165880543807499947e+00
1.917500000000000071e+01 -1.980329999999999893e-06 6.304105000000000055e-07 -1.980329999999999893e-06 6.157840504925499836e+00
1.919999999999999929e+01 -1.866570000000000071e-06 5.853115000000000329e-07 -1.866570000000000071e-06 6.149820468684500163e+00
1.922500000000000142e+01 -1.759140000000000068e-06 5.432759999999999210e-07 -1.759140000000000068e-06 6.141820434913999982e+00
1.925000000000000000e+01 -1.657679999999999899e-06 5.041100000000000320e-07 -1.657679999999999899e-06 6.133840403458000523e+00
1.927499999999999858e+01 -1.561889999999999966e-06 4.676284999999999710e-07 -1.561889999999999966e-06 6.125890374165500418e+00
1.930000000000000071e+01 -1.471459999999999969e-06 4.336567000000000268e-07 -1.471459999999999969e-06 6.117950346895300484e+00
1.932499999999999929e+01 -1.386099999999999951e-06 4.020320000000000096e-07 -1.386099999999999951e-06 6.110040321515999295e+00
1.935000000000000142e+01 -1.305540000000000082e-06 3.726006999999999862e-07 -1.305540000000000082e-06 6.102150297903300213e+00
1.937500000000000000e+01 -1.229519999999999961e-06 3.452180499999999841e-07 -1.229519999999999961e-06 6.094270275939949855e+00
1.939999999999999858e+01 -1.157799999999999952e-06 3.197479999999999856e-07 -1.157799999999999952e-06 6.086420255516000744e+00
1.942500000000000071e+01 -1.090150000000000057e-06 2.960653499999999969e-07 -1.090150000000000057e-06 6.078580236530649827e+00
1.944999999999999929e+01 -1.026330000000000006e-06 2.740476000000000246e-07 -1.026330000000000006e-06 6.070770218884400826e+00
1.947500000000000142e+01 -9.661369999999999115e-07 2.535850000000000039e-07 -9.661369999999999115e-07 6.062980202488999382e+00
1.950000000000000000e+01 -9.093770000000000306e-07 2.345704000000000105e-07 -9.093770000000000306e-07 6.055210187257599408e+00
1.952499999999999858e+01 -8.558559999999999843e-07 2.169061999999999812e-07 -8.558559999999999843e-07 6.047450173111799998e+00
1.955000000000000071e+01 -8.054009999999999736e-07 2.004995500000000108e-07 -8.054009999999999736e-07 6.039720159976449843e+00
1.957499999999999929e+01 -7.578349999999999829e-07 1.852640499999999800e-07 -7.578349999999999829e-07 6.032010147781949883e+00
1.960000000000000142e+01 -7.129989999999999645e-07 1.711167500000000026e-07 -7.129989999999999645e-07 6.024310136461250131e+00
1.962500000000000000e+01 -6.707409999999999576e-07 1.579833499999999917e-07 -6.707409999999999576e-07 6.016640125954650031e+00
1.964999999999999858e+01 -6.309159999999999831e-07 1.457918499999999980e-07 -6.309159999999999831e-07 6.008980116204150512e+00
1.967500000000000071e+01 -5.933869999999999652e-07 1.344747499999999846e-07 -5.933869999999999652e-07 6.001350107155250413e+00
1.969999999999999929e+01 -5.580250000000000486e-07 1.239689999999999899e-07 -5.580250000000000486e-07 5.993730098757000135e+00
1.972500000000000142e+01 -5.247070000000000146e-07 1.142168499999999948e-07 -5.247070000000000146e-07 5.986130090963150074e+00
1.975000000000000000e+01 -4.933160000000000215e-07 1.051625999999999917e-07 -4.933160000000000215e-07 5.978560083728799768e+00
1.977499999999999858e+01 -4.637430000000000253e-07 9.675475000000000154e-08 -4.637430000000000253e-07 5.971000077012449836e+00
1.980000000000000071e+01 -4.358840000000000139e-07 8.894485000000000517e-08 -4.358840000000000139e-07 5.963460070775150612e+00
1.982499999999999929e+01 -4.096409999999999820e-07 8.168745000000000002e-08 -4.096409999999999820e-07 5.955940064980350002e+00
1.985000000000000142e+01 -3.849199999999999819e-07 7.493995000000001189e-08 -3.849199999999999819e-07 5.948440059593649742e+00
1.987500000000000000e+01 -3.616330000000000196e-07 6.866210000000000177e-08 -3.616330000000000196e-07 5.940960054582899552e+00
1.989999999999999858e+01 -3.396969999999999746e-07 6.281630000000000114e-08 -3.396969999999999746e-07 5.933490049917700127e+00
1.992500000000000071e+01 -3.190349999999999977e-07 5.736694999999999741e-08 -3.190349999999999977e-07 5.926050045569450475e+00
1.994999999999999929e+01 -2.995699999999999753e-07 5.228030000000000526e-08 -2.995699999999999753e-07 5.918620041511100105e+00
1.997500000000000142e+01 -2.812330000000000143e-07 4.752646499999999755e-08 -2.812330000000000143e-07 5.911210037718534593e+00
2.000000000000000000e+01 -2.639559999999999847e-07 4.307019999999999878e-08 -2.639559999999999847e-07 5.903830034163400242e+00
