# raxis[fm], SN, VN, SP, VP [MeV]
0.000000000000000000e+00 -4.665860000000000127e+02 3.865271700000000124e+02 -4.665860000000000127e+02 3.936480300000000625e+02
2.500000000000000139e-02 -4.665860000000000127e+02 3.865271700000000124e+02 -4.665860000000000127e+02 3.936480300000000625e+02
5.000000000000000278e-02 -4.662359999999999900e+02 3.859762150000000247e+02 -4.662359999999999900e+02 3.931023850000000266e+02
7.499999999999999722e-02 -4.660419999999999732e+02 3.857921349999999734e+02 -4.660419999999999732e+02 3.929195649999999773e+02
1.000000000000000056e-01 -4.657769999999999868e+02 3.855487150000000156e+02 -4.657769999999999868e+02 3.926778850000000034e+02
1.250000000000000000e-01 -4.654540000000000077e+02 3.852640299999999911e+02 -4.654540000000000077e+02 3.923949700000000007e+02
1.499999999999999944e-01 -4.650649999999999977e+02 3.849260349999999562e+02 -4.650649999999999977e+02 3.920591650000000072e+02
1.749999999999999889e-01 -4.646109999999999900e+02 3.845347199999999930e+02 -4.646109999999999900e+02 3.916702799999999343e+02
2.000000000000000111e-01 -4.640930000000000177e+02 3.840880950000000098e+02 -4.640930000000000177e+02 3.912263050000000248e+02
2.250000000000000056e-01 -4.635129999999999768e+02 3.835871650000000272e+02 -4.635129999999999768e+02 3.907284350000000472e+02
2.500000000000000000e-01 -4.628709999999999809e+02 3.830349400000000060e+02 -4.628709999999999809e+02 3.901794599999999491e+02
2.750000000000000222e-01 -4.621659999999999968e+02 3.824314350000000218e+02 -4.621659999999999968e+02 3.895793650000000525e+02
2.999999999999999889e-01 -4.614080000000000155e+02 3.817776650000000132e+02 -4.614080000000000155e+02 3.889293349999999805e+02
3.250000000000000111e-01 -4.605950000000000273e+02 3.810776450000000182e+02 -4.605950000000000273e+02 3.882331550000000107e+02
3.499999999999999778e-01 -4.597309999999999945e+02 3.803283800000000383e+02 -4.597309999999999945e+02 3.874879199999999742e+02
3.750000000000000000e-01 -4.588170000000000073e+02 3.795399250000000393e+02 -4.588170000000000073e+02 3.867034750000000258e+02
4.000000000000000222e-01 -4.578570000000000277e+02 3.787112799999999879e+02 -4.578570000000000277e+02 3.858790200000000254e+02
4.249999999999999889e-01 -4.568550000000000182e+02 3.778444650000000138e+02 -4.568550000000000182e+02 3.850163349999999696e+02
4.500000000000000111e-01 -4.558120000000000118e+02 3.769425099999999702e+02 -4.558120000000000118e+02 3.841184900000000084e+02
4.749999999999999778e-01 -4.547309999999999945e+02 3.760074399999999741e+02 -4.547309999999999945e+02 3.831874599999999873e+02
5.000000000000000000e-01 -4.536190000000000282e+02 3.750432700000000068e+02 -4.536190000000000282e+02 3.822271299999999883e+02
5.250000000000000222e-01 -4.524769999999999754e+02 3.740520399999999768e+02 -4.524769999999999754e+02 3.812396600000000149e+02
5.500000000000000444e-01 -4.513100000000000023e+02 3.730387699999999995e+02 -4.513100000000000023e+02 3.802299300000000244e+02
5.749999999999999556e-01 -4.501220000000000141e+02 3.720044900000000325e+02 -4.501220000000000141e+02 3.791988099999999804e+02
5.999999999999999778e-01 -4.489159999999999968e+02 3.709532300000000191e+02 -4.489159999999999968e+02 3.781504700000000412e+02
6.250000000000000000e-01 -4.476960000000000264e+02 3.698890200000000164e+02 -4.476960000000000264e+02 3.770886800000000108e+02
6.500000000000000222e-01 -4.464660000000000082e+02 3.688148899999999912e+02 -4.464660000000000082e+02 3.760166099999999574e+02
6.750000000000000444e-01 -4.452309999999999945e+02 3.677348700000000008e+02 -4.452309999999999945e+02 3.749380299999999693e+02
6.999999999999999556e-01 -4.439950000000000045e+02 3.666510000000000105e+02 -4.439950000000000045e+02 3.738550999999999362e+02
7.249999999999999778e-01 -4.427610000000000241e+02 3.655683000000000220e+02 -4.427610000000000241e+02 3.727726999999999862e+02
7.500000000000000000e-01 -4.415339999999999918e+02 3.644858099999999581e+02 -4.415339999999999918e+02 3.716897900000000163e+02
7.750000000000000222e-01 -4.403179999999999836e+02 3.634145449999999755e+02 -4.403179999999999836e+02 3.706173549999999750e+02
8.000000000000000444e-01 -4.391170000000000186e+02 3.623545699999999670e+02 -4.391170000000000186e+02 3.695553300000000263e+02
8.249999999999999556e-01 -4.379340000000000259e+02 3.613078999999999610e+02 -4.379340000000000259e+02 3.685058000000000220e+02
8.499999999999999778e-01 -4.367749999999999773e+02 3.602805649999999673e+02 -4.367749999999999773e+02 3.674746349999999779e+02
8.750000000000000000e-01 -4.356419999999999959e+02 3.592736050000000319e+02 -4.356419999999999959e+02 3.664627950000000283e+02
9.000000000000000222e-01 -4.345400000000000205e+02 3.582920499999999606e+02 -4.345400000000000205e+02 3.654752500000000168e+02
9.250000000000000444e-01 -4.334719999999999800e+02 3.573379249999999843e+02 -4.334719999999999800e+02 3.645140749999999912e+02
9.499999999999999556e-01 -4.324409999999999741e+02 3.564142650000000003e+02 -4.324409999999999741e+02 3.635820350000000190e+02
9.749999999999999778e-01 -4.314510000000000218e+02 3.555241050000000200e+02 -4.314510000000000218e+02 3.626823949999999854e+02
1.000000000000000000e+00 -4.305059999999999718e+02 3.546714750000000436e+02 -4.305059999999999718e+02 3.618188250000000039e+02
1.024999999999999911e+00 -4.296080000000000041e+02 3.538583949999999732e+02 -4.296080000000000041e+02 3.609936050000000023e+02
1.050000000000000044e+00 -4.287599999999999909e+02 3.530869050000000016e+02 -4.287599999999999909e+02 3.602083949999999959e+02
1.074999999999999956e+00 -4.279649999999999750e+02 3.523600250000000074e+02 -4.279649999999999750e+02 3.594663749999999709e+02
1.100000000000000089e+00 -4.272259999999999991e+02 3.516807850000000144e+02 -4.272259999999999991e+02 3.587704149999999572e+02
1.125000000000000000e+00 -4.265439999999999827e+02 3.510492099999999596e+02 -4.265439999999999827e+02 3.581205899999999929e+02
1.149999999999999911e+00 -4.259220000000000255e+02 3.504693300000000136e+02 -4.259220000000000255e+02 3.575207700000000273e+02
1.175000000000000044e+00 -4.253629999999999995e+02 3.499411599999999680e+02 -4.253629999999999995e+02 3.569710399999999595e+02
1.199999999999999956e+00 -4.248659999999999854e+02 3.494677250000000299e+02 -4.248659999999999854e+02 3.564742750000000342e+02
1.225000000000000089e+00 -4.244350000000000023e+02 3.490490449999999782e+02 -4.244350000000000023e+02 3.560305549999999926e+02
1.250000000000000000e+00 -4.240690000000000168e+02 3.486871449999999868e+02 -4.240690000000000168e+02 3.556417549999999892e+02
1.274999999999999911e+00 -4.237699999999999818e+02 3.483830399999999941e+02 -4.237699999999999818e+02 3.553088600000000383e+02
1.300000000000000044e+00 -4.235400000000000205e+02 3.481357450000000426e+02 -4.235400000000000205e+02 3.550309550000000058e+02
1.324999999999999956e+00 -4.233759999999999764e+02 3.479482800000000111e+02 -4.233759999999999764e+02 3.548110199999999850e+02
1.350000000000000089e+00 -4.232810000000000059e+02 3.478186499999999910e+02 -4.232810000000000059e+02 3.546469499999999471e+02
1.375000000000000000e+00 -4.232540000000000191e+02 3.477478750000000218e+02 -4.232540000000000191e+02 3.545398250000000075e+02
1.399999999999999911e+00 -4.232939999999999827e+02 3.477349650000000452e+02 -4.232939999999999827e+02 3.544885350000000130e+02
1.425000000000000044e+00 -4.234019999999999868e+02 3.477799249999999915e+02 -4.234019999999999868e+02 3.544930749999999762e+02
1.449999999999999956e+00 -4.235749999999999886e+02 3.478827650000000062e+02 -4.235749999999999886e+02 3.545535350000000108e+02
1.475000000000000089e+00 -4.238120000000000118e+02 3.480414900000000102e+02 -4.238120000000000118e+02 3.546678099999999745e+02
1.500000000000000000e+00 -4.241129999999999995e+02 3.482551050000000146e+02 -4.241129999999999995e+02 3.548349949999999922e+02
1.524999999999999911e+00 -4.244750000000000227e+02 3.485246250000000146e+02 -4.244750000000000227e+02 3.550559750000000463e+02
1.550000000000000044e+00 -4.248960000000000150e+02 3.488460349999999721e+02 -4.248960000000000150e+02 3.553268649999999980e+02
1.574999999999999956e+00 -4.253740000000000236e+02 3.492153250000000071e+02 -4.253740000000000236e+02 3.556435749999999985e+02
1.600000000000000089e+00 -4.259060000000000059e+02 3.496334949999999822e+02 -4.259060000000000059e+02 3.560071049999999673e+02
1.625000000000000000e+00 -4.264900000000000091e+02 3.500945600000000013e+02 -4.264900000000000091e+02 3.564114399999999705e+02
1.649999999999999911e+00 -4.271229999999999905e+02 3.506015050000000315e+02 -4.271229999999999905e+02 3.568596949999999879e+02
1.675000000000000044e+00 -4.278009999999999877e+02 3.511493199999999888e+02 -4.278009999999999877e+02 3.573468799999999987e+02
1.699999999999999956e+00 -4.285210000000000150e+02 3.517329849999999851e+02 -4.285210000000000150e+02 3.578678150000000642e+02
1.725000000000000089e+00 -4.292799999999999727e+02 3.523545149999999921e+02 -4.292799999999999727e+02 3.584246850000000109e+02
1.750000000000000000e+00 -4.300729999999999791e+02 3.530068850000000111e+02 -4.300729999999999791e+02 3.590104150000000232e+02
1.774999999999999911e+00 -4.308960000000000150e+02 3.536890799999999899e+02 -4.308960000000000150e+02 3.596240199999999732e+02
1.800000000000000044e+00 -4.317459999999999809e+02 3.543960849999999709e+02 -4.317459999999999809e+02 3.602605149999999981e+02
1.824999999999999956e+00 -4.326179999999999950e+02 3.551248849999999493e+02 -4.326179999999999950e+02 3.609170149999999921e+02
1.850000000000000089e+00 -4.335070000000000050e+02 3.558724599999999896e+02 -4.335070000000000050e+02 3.615904399999999441e+02
1.875000000000000000e+00 -4.344089999999999918e+02 3.566337950000000205e+02 -4.344089999999999918e+02 3.622757050000000163e+02
1.899999999999999911e+00 -4.353199999999999932e+02 3.574068599999999947e+02 -4.353199999999999932e+02 3.629710400000000163e+02
1.925000000000000044e+00 -4.362339999999999804e+02 3.581856400000000349e+02 -4.362339999999999804e+02 3.636703600000000165e+02
1.949999999999999956e+00 -4.371460000000000150e+02 3.589671100000000479e+02 -4.371460000000000150e+02 3.643706900000000246e+02
1.975000000000000089e+00 -4.380520000000000209e+02 3.597482449999999972e+02 -4.380520000000000209e+02 3.650690549999999917e+02
2.000000000000000000e+00 -4.389460000000000264e+02 3.605230099999999993e+02 -4.389460000000000264e+02 3.657594899999999711e+02
2.024999999999999911e+00 -4.398240000000000123e+02 3.612893899999999689e+02 -4.398240000000000123e+02 3.664399099999999976e+02
2.049999999999999822e+00 -4.406800000000000068e+02 3.620423450000000116e+02 -4.406800000000000068e+02 3.671055549999999812e+02
2.075000000000000178e+00 -4.415079999999999814e+02 3.627768550000000118e+02 -4.415079999999999814e+02 3.677513449999999580e+02
2.100000000000000089e+00 -4.423050000000000068e+02 3.634898749999999836e+02 -4.423050000000000068e+02 3.683742250000000240e+02
2.125000000000000000e+00 -4.430640000000000214e+02 3.641773850000000152e+02 -4.430640000000000214e+02 3.689703149999999710e+02
2.149999999999999911e+00 -4.437810000000000059e+02 3.648343399999999974e+02 -4.437810000000000059e+02 3.695346599999999739e+02
2.174999999999999822e+00 -4.444510000000000218e+02 3.654577099999999632e+02 -4.444510000000000218e+02 3.700642900000000282e+02
2.200000000000000178e+00 -4.450679999999999836e+02 3.660434600000000387e+02 -4.450679999999999836e+02 3.705552400000000262e+02
2.225000000000000089e+00 -4.456279999999999859e+02 3.665865499999999884e+02 -4.456279999999999859e+02 3.710025500000000420e+02
2.250000000000000000e+00 -4.461259999999999764e+02 3.670829350000000204e+02 -4.461259999999999764e+02 3.714021650000000250e+02
2.274999999999999911e+00 -4.465570000000000164e+02 3.675305849999999737e+02 -4.465570000000000164e+02 3.717522150000000352e+02
2.299999999999999822e+00 -4.469169999999999732e+02 3.679244499999999789e+02 -4.469169999999999732e+02 3.720477500000000077e+02
2.325000000000000178e+00 -4.472010000000000218e+02 3.682614899999999807e+02 -4.472010000000000218e+02 3.722857099999999946e+02
2.350000000000000089e+00 -4.474039999999999964e+02 3.685366650000000277e+02 -4.474039999999999964e+02 3.724612350000000447e+02
2.375000000000000000e+00 -4.475219999999999914e+02 3.687479199999999651e+02 -4.475219999999999914e+02 3.725724199999999655e+02
2.399999999999999911e+00 -4.475520000000000209e+02 3.688912200000000325e+02 -4.475520000000000209e+02 3.726151899999999841e+02
2.424999999999999822e+00 -4.474889999999999759e+02 3.689635099999999852e+02 -4.474889999999999759e+02 3.725866400000000453e+02
2.450000000000000178e+00 -4.473299999999999841e+02 3.689617499999999950e+02 -4.473299999999999841e+02 3.724838199999999802e+02
2.475000000000000089e+00 -4.470699999999999932e+02 3.688818850000000111e+02 -4.470699999999999932e+02 3.723027650000000222e+02
2.500000000000000000e+00 -4.467080000000000268e+02 3.687218599999999924e+02 -4.467080000000000268e+02 3.720415600000000040e+02
2.524999999999999911e+00 -4.462379999999999995e+02 3.684796350000000302e+02 -4.462379999999999995e+02 3.716982150000000047e+02
2.549999999999999822e+00 -4.456589999999999918e+02 3.681501549999999838e+02 -4.456589999999999918e+02 3.712678150000000414e+02
2.575000000000000178e+00 -4.449680000000000177e+02 3.677333600000000047e+02 -4.449680000000000177e+02 3.707504000000000133e+02
2.600000000000000089e+00 -4.441610000000000014e+02 3.672252050000000168e+02 -4.441610000000000014e+02 3.701420249999999896e+02
2.625000000000000000e+00 -4.432330000000000041e+02 3.666236349999999788e+02 -4.432330000000000041e+02 3.694407549999999674e+02
2.649999999999999911e+00 -4.421929999999999836e+02 3.659275900000000092e+02 -4.421929999999999836e+02 3.686456400000000144e+02
2.674999999999999822e+00 -4.410280000000000200e+02 3.651340200000000209e+02 -4.410280000000000200e+02 3.677537400000000503e+02
2.700000000000000178e+00 -4.397400000000000091e+02 3.642408649999999852e+02 -4.397400000000000091e+02 3.667631249999999454e+02
2.725000000000000089e+00 -4.383269999999999982e+02 3.632480699999999842e+02 -4.383269999999999982e+02 3.656738300000000095e+02
2.750000000000000000e+00 -4.367880000000000109e+02 3.621515800000000240e+02 -4.367880000000000109e+02 3.644819400000000087e+02
2.774999999999999911e+00 -4.351220000000000141e+02 3.609523399999999924e+02 -4.351220000000000141e+02 3.631884999999999764e+02
2.799999999999999822e+00 -4.333279999999999745e+02 3.596482899999999745e+02 -4.333279999999999745e+02 3.617915700000000356e+02
2.825000000000000178e+00 -4.314060000000000059e+02 3.582383749999999623e+02 -4.314060000000000059e+02 3.602902249999999640e+02
2.850000000000000089e+00 -4.293550000000000182e+02 3.567215400000000045e+02 -4.293550000000000182e+02 3.586835100000000125e+02
2.875000000000000000e+00 -4.271759999999999877e+02 3.550977250000000254e+02 -4.271759999999999877e+02 3.569715049999999792e+02
2.899999999999999911e+00 -4.248679999999999950e+02 3.533648749999999836e+02 -4.248679999999999950e+02 3.551522549999999683e+02
2.924999999999999822e+00 -4.224320000000000164e+02 3.515239399999999819e+02 -4.224320000000000164e+02 3.532268300000000067e+02
2.950000000000000178e+00 -4.198679999999999950e+02 3.495757750000000215e+02 -4.198679999999999950e+02 3.511963750000000459e+02
2.975000000000000089e+00 -4.171770000000000209e+02 3.475184949999999731e+02 -4.171770000000000209e+02 3.490587749999999687e+02
3.000000000000000000e+00 -4.143609999999999900e+02 3.453519650000000070e+02 -4.143609999999999900e+02 3.468141749999999774e+02
3.024999999999999911e+00 -4.114200000000000159e+02 3.430762450000000285e+02 -4.114200000000000159e+02 3.444625249999999710e+02
3.049999999999999822e+00 -4.083559999999999945e+02 3.406940649999999664e+02 -4.083559999999999945e+02 3.420071050000000241e+02
3.075000000000000178e+00 -4.051709999999999923e+02 3.382034850000000006e+02 -4.051709999999999923e+02 3.394458549999999946e+02
3.100000000000000089e+00 -4.018670000000000186e+02 3.356074549999999590e+02 -4.018670000000000186e+02 3.367818350000000009e+02
3.125000000000000000e+00 -3.984440000000000168e+02 3.329049299999999789e+02 -3.984440000000000168e+02 3.340141000000000417e+02
3.149999999999999911e+00 -3.949069999999999823e+02 3.300988699999999767e+02 -3.949069999999999823e+02 3.311456999999999766e+02
3.174999999999999822e+00 -3.912570000000000050e+02 3.271892300000000091e+02 -3.912570000000000050e+02 3.281766799999999762e+02
3.200000000000000178e+00 -3.874959999999999809e+02 3.241789699999999925e+02 -3.874959999999999809e+02 3.251100900000000138e+02
3.225000000000000089e+00 -3.836290000000000191e+02 3.210680549999999585e+02 -3.836290000000000191e+02 3.219459750000000327e+02
3.250000000000000000e+00 -3.796569999999999823e+02 3.178594499999999812e+02 -3.796569999999999823e+02 3.186873800000000188e+02
3.274999999999999911e+00 -3.755840000000000032e+02 3.145541200000000117e+02 -3.755840000000000032e+02 3.153353500000000054e+02
3.299999999999999822e+00 -3.714130000000000109e+02 3.111560400000000186e+02 -3.714130000000000109e+02 3.118939199999999801e+02
3.325000000000000178e+00 -3.671469999999999914e+02 3.076651849999999513e+02 -3.671469999999999914e+02 3.083631149999999934e+02
3.350000000000000089e+00 -3.627900000000000205e+02 3.040855250000000183e+02 -3.627900000000000205e+02 3.047469850000000520e+02
3.375000000000000000e+00 -3.583439999999999941e+02 3.004190399999999954e+02 -3.583439999999999941e+02 3.010475499999999442e+02
3.399999999999999911e+00 -3.538159999999999741e+02 2.966697199999999839e+02 -3.538159999999999741e+02 2.972688399999999547e+02
3.424999999999999822e+00 -3.492080000000000268e+02 2.928385399999999663e+02 -3.492080000000000268e+02 2.934118799999999965e+02
3.450000000000000178e+00 -3.445249999999999773e+02 2.889304999999999950e+02 -3.445249999999999773e+02 2.894816800000000399e+02
3.475000000000000089e+00 -3.397690000000000055e+02 2.849465850000000273e+02 -3.397690000000000055e+02 2.854792649999999981e+02
3.500000000000000000e+00 -3.349470000000000027e+02 2.808927949999999782e+02 -3.349470000000000027e+02 2.814106550000000198e+02
3.524999999999999911e+00 -3.300609999999999786e+02 2.767701200000000199e+02 -3.300609999999999786e+02 2.772768500000000245e+02
3.549999999999999822e+00 -3.251159999999999854e+02 2.725835850000000278e+02 -3.251159999999999854e+02 2.730828549999999950e+02
3.575000000000000178e+00 -3.201159999999999854e+02 2.683371799999999894e+02 -3.201159999999999854e+02 2.688326699999999505e+02
3.600000000000000089e+00 -3.150659999999999741e+02 2.640329199999999901e+02 -3.150659999999999741e+02 2.645283000000000015e+02
3.625000000000000000e+00 -3.099700000000000273e+02 2.596768200000000206e+02 -3.099700000000000273e+02 2.601757499999999936e+02
3.649999999999999911e+00 -3.048330000000000268e+02 2.552718950000000007e+02 -3.048330000000000268e+02 2.557779950000000042e+02
3.674999999999999822e+00 -2.996600000000000250e+02 2.508221650000000125e+02 -2.996600000000000250e+02 2.513390250000000208e+02
3.700000000000000178e+00 -2.944529999999999745e+02 2.463316599999999994e+02 -2.944529999999999745e+02 2.468628299999999740e+02
3.725000000000000089e+00 -2.892189999999999941e+02 2.418043999999999869e+02 -2.892189999999999941e+02 2.423533999999999935e+02
3.750000000000000000e+00 -2.839619999999999891e+02 2.372454249999999831e+02 -2.839619999999999891e+02 2.378157050000000083e+02
3.774999999999999911e+00 -2.786859999999999786e+02 2.326597600000000057e+02 -2.786859999999999786e+02 2.332547099999999887e+02
3.799999999999999822e+00 -2.733949999999999818e+02 2.280494549999999947e+02 -2.733949999999999818e+02 2.286723949999999945e+02
3.825000000000000178e+00 -2.680950000000000273e+02 2.234205399999999884e+02 -2.680950000000000273e+02 2.240747300000000166e+02
3.850000000000000089e+00 -2.627889999999999873e+02 2.187770649999999932e+02 -2.627889999999999873e+02 2.194656750000000045e+02
3.875000000000000000e+00 -2.574809999999999945e+02 2.141240699999999890e+02 -2.574809999999999945e+02 2.148502000000000010e+02
3.899999999999999911e+00 -2.521769999999999925e+02 2.094646149999999807e+02 -2.521769999999999925e+02 2.102312450000000013e+02
3.924999999999999822e+00 -2.468789999999999907e+02 2.048037450000000206e+02 -2.468789999999999907e+02 2.056137850000000071e+02
3.950000000000000178e+00 -2.415929999999999893e+02 2.001465149999999937e+02 -2.415929999999999893e+02 2.010027650000000108e+02
3.975000000000000089e+00 -2.363230000000000075e+02 1.954959849999999904e+02 -2.363230000000000075e+02 1.964011350000000107e+02
4.000000000000000000e+00 -2.310720000000000027e+02 1.908572100000000091e+02 -2.310720000000000027e+02 1.918138399999999990e+02
4.025000000000000355e+00 -2.258439999999999941e+02 1.862332550000000140e+02 -2.258439999999999941e+02 1.872438449999999932e+02
4.049999999999999822e+00 -2.206440000000000055e+02 1.816301750000000084e+02 -2.206440000000000055e+02 1.826970749999999839e+02
4.075000000000000178e+00 -2.154739999999999895e+02 1.770510449999999878e+02 -2.154739999999999895e+02 1.781764849999999853e+02
4.099999999999999645e+00 -2.103389999999999986e+02 1.724999200000000030e+02 -2.103389999999999986e+02 1.736860100000000102e+02
4.125000000000000000e+00 -2.052410000000000139e+02 1.679798750000000211e+02 -2.052410000000000139e+02 1.692285850000000096e+02
4.150000000000000355e+00 -2.001850000000000023e+02 1.634949750000000108e+02 -2.001850000000000023e+02 1.648081650000000025e+02
4.174999999999999822e+00 -1.951730000000000018e+02 1.590492849999999976e+02 -1.951730000000000018e+02 1.604286750000000268e+02
4.200000000000000178e+00 -1.902090000000000032e+02 1.546458800000000053e+02 -1.902090000000000032e+02 1.560930500000000052e+02
4.224999999999999645e+00 -1.852959999999999923e+02 1.502888200000000154e+02 -1.852959999999999923e+02 1.518052299999999946e+02
4.250000000000000000e+00 -1.804350000000000023e+02 1.459811850000000106e+02 -1.804350000000000023e+02 1.475681550000000186e+02
4.275000000000000355e+00 -1.756310000000000002e+02 1.417250399999999786e+02 -1.756310000000000002e+02 1.433837599999999952e+02
4.299999999999999822e+00 -1.708859999999999957e+02 1.375244549999999890e+02 -1.708859999999999957e+02 1.392559750000000065e+02
4.325000000000000178e+00 -1.662019999999999982e+02 1.333815000000000168e+02 -1.662019999999999982e+02 1.351867400000000146e+02
4.349999999999999645e+00 -1.615809999999999889e+02 1.292982450000000085e+02 -1.615809999999999889e+02 1.311779950000000099e+02
4.375000000000000000e+00 -1.570260000000000105e+02 1.252787500000000023e+02 -1.570260000000000105e+02 1.272336600000000004e+02
4.400000000000000355e+00 -1.525380000000000109e+02 1.213240899999999982e+02 -1.525380000000000109e+02 1.233546900000000051e+02
4.424999999999999822e+00 -1.481200000000000045e+02 1.174363249999999965e+02 -1.481200000000000045e+02 1.195430249999999859e+02
4.450000000000000178e+00 -1.437719999999999914e+02 1.136175300000000021e+02 -1.437719999999999914e+02 1.158005799999999965e+02
4.474999999999999645e+00 -1.394979999999999905e+02 1.098707550000000026e+02 -1.394979999999999905e+02 1.121303249999999991e+02
4.500000000000000000e+00 -1.352980000000000018e+02 1.061950750000000028e+02 -1.352980000000000018e+02 1.085311749999999904e+02
4.525000000000000355e+00 -1.311730000000000018e+02 1.025935400000000044e+02 -1.311730000000000018e+02 1.050060900000000004e+02
4.549999999999999822e+00 -1.271250000000000000e+02 9.906671000000000049e+01 -1.271250000000000000e+02 1.015555200000000013e+02
4.575000000000000178e+00 -1.231539999999999964e+02 9.561595000000001221e+01 -1.231539999999999964e+02 9.818067999999999529e+01
4.599999999999999645e+00 -1.192630000000000052e+02 9.224230499999998756e+01 -1.192630000000000052e+02 9.488255499999999643e+01
4.625000000000000000e+00 -1.154500000000000028e+02 8.894633500000000481e+01 -1.154500000000000028e+02 9.166156499999999596e+01
4.650000000000000355e+00 -1.117169999999999987e+02 8.572868499999999869e+01 -1.117169999999999987e+02 8.851828499999999167e+01
4.674999999999999822e+00 -1.080649999999999977e+02 8.258970999999999663e+01 -1.080649999999999977e+02 8.545293999999999812e+01
4.700000000000000178e+00 -1.044929999999999950e+02 7.952984999999999616e+01 -1.044929999999999950e+02 8.246591999999999700e+01
4.724999999999999645e+00 -1.010019999999999953e+02 7.654915000000001157e+01 -1.010019999999999953e+02 7.955715999999999610e+01
4.750000000000000000e+00 -9.759290000000000020e+01 7.364755000000000962e+01 -9.759290000000000020e+01 7.672652999999999679e+01
4.775000000000000355e+00 -9.426449999999999818e+01 7.082500000000000284e+01 -9.426449999999999818e+01 7.397387000000000512e+01
4.799999999999999822e+00 -9.101709999999999923e+01 6.808112500000000011e+01 -9.101709999999999923e+01 7.129877500000000623e+01
4.825000000000000178e+00 -8.785049999999999670e+01 6.541576000000000590e+01 -8.785049999999999670e+01 6.870099999999999341e+01
4.849999999999999645e+00 -8.476449999999999818e+01 6.282814500000000635e+01 -8.476449999999999818e+01 6.617970499999999845e+01
4.875000000000000000e+00 -8.175860000000000127e+01 6.031780499999999989e+01 -8.175860000000000127e+01 6.373436499999999683e+01
4.900000000000000355e+00 -7.883220000000000027e+01 5.788406499999999966e+01 -7.883220000000000027e+01 6.136426499999999606e+01
4.924999999999999822e+00 -7.598489999999999611e+01 5.552595000000000169e+01 -7.598489999999999611e+01 5.906836000000000553e+01
4.950000000000000178e+00 -7.321599999999999397e+01 5.324268500000000159e+01 -7.321599999999999397e+01 5.684585499999999314e+01
4.974999999999999645e+00 -7.052469999999999573e+01 5.103329000000000093e+01 -7.052469999999999573e+01 5.469570000000000221e+01
5.000000000000000000e+00 -6.791009999999999991e+01 4.889658000000000015e+01 -6.791009999999999991e+01 5.261670000000000158e+01
5.025000000000000355e+00 -6.537139999999999418e+01 4.683158499999999691e+01 -6.537139999999999418e+01 5.060781500000000221e+01
5.049999999999999822e+00 -6.290760000000000218e+01 4.483689499999999839e+01 -6.290760000000000218e+01 4.866765499999999633e+01
5.075000000000000178e+00 -6.051769999999999783e+01 4.291143499999999733e+01 -6.051769999999999783e+01 4.679510499999999951e+01
5.099999999999999645e+00 -5.820060000000000144e+01 4.105370500000000078e+01 -5.820060000000000144e+01 4.498864499999999822e+01
5.125000000000000000e+00 -5.595519999999999783e+01 3.926251999999999498e+01 -5.595519999999999783e+01 4.324707999999999686e+01
5.150000000000000355e+00 -5.378029999999999688e+01 3.753638499999999567e+01 -5.378029999999999688e+01 4.156889499999999771e+01
5.174999999999999822e+00 -5.167470000000000141e+01 3.587389999999999901e+01 -5.167470000000000141e+01 3.995268999999999693e+01
5.200000000000000178e+00 -4.963709999999999667e+01 3.427346500000000162e+01 -4.963709999999999667e+01 3.839685500000000218e+01
5.224999999999999645e+00 -4.766620000000000346e+01 3.273368500000000125e+01 -4.766620000000000346e+01 3.689999499999999699e+01
5.250000000000000000e+00 -4.576059999999999661e+01 3.125305500000000336e+01 -4.576059999999999661e+01 3.546061499999999711e+01
5.275000000000000355e+00 -4.391919999999999646e+01 2.983006999999999920e+01 -4.391919999999999646e+01 3.407721999999999696e+01
5.299999999999999822e+00 -4.214030000000000342e+01 2.846302999999999983e+01 -4.214030000000000342e+01 3.274809000000000481e+01
5.325000000000000178e+00 -4.042280000000000229e+01 2.715052500000000180e+01 -4.042280000000000229e+01 3.147185499999999791e+01
5.349999999999999645e+00 -3.876509999999999678e+01 2.589094500000000210e+01 -3.876509999999999678e+01 3.024692500000000095e+01
5.375000000000000000e+00 -3.716579999999999728e+01 2.468268499999999932e+01 -3.716579999999999728e+01 2.907168500000000222e+01
5.400000000000000355e+00 -3.562349999999999994e+01 2.352433500000000066e+01 -3.562349999999999994e+01 2.794475500000000068e+01
5.424999999999999822e+00 -3.413680000000000092e+01 2.241417999999999822e+01 -3.413680000000000092e+01 2.686444000000000187e+01
5.450000000000000178e+00 -3.270420000000000016e+01 2.135080999999999918e+01 -3.270420000000000016e+01 2.582936999999999728e+01
5.474999999999999645e+00 -3.132440000000000069e+01 2.033261500000000055e+01 -3.132440000000000069e+01 2.483792499999999848e+01
5.500000000000000000e+00 -2.999569999999999936e+01 1.935817999999999728e+01 -2.999569999999999936e+01 2.388873999999999853e+01
5.525000000000000355e+00 -2.871689999999999898e+01 1.842588500000000096e+01 -2.871689999999999898e+01 2.298022499999999724e+01
5.549999999999999822e+00 -2.748649999999999949e+01 1.753442000000000078e+01 -2.748649999999999949e+01 2.211109000000000080e+01
5.575000000000000178e+00 -2.630310000000000059e+01 1.668226500000000101e+01 -2.630310000000000059e+01 2.127984499999999812e+01
5.599999999999999645e+00 -2.516529999999999845e+01 1.586810999999999972e+01 -2.516529999999999845e+01 2.048521000000000214e+01
5.625000000000000000e+00 -2.407169999999999987e+01 1.509033550000000012e+01 -2.407169999999999987e+01 1.972560450000000287e+01
5.650000000000000355e+00 -2.302100000000000080e+01 1.434772150000000046e+01 -2.302100000000000080e+01 1.899982849999999956e+01
5.674999999999999822e+00 -2.201180000000000092e+01 1.363905199999999951e+01 -2.201180000000000092e+01 1.830671800000000005e+01
5.700000000000000178e+00 -2.104269999999999996e+01 1.296280950000000054e+01 -2.104269999999999996e+01 1.764477049999999991e+01
5.724999999999999645e+00 -2.011250000000000071e+01 1.231777549999999977e+01 -2.011250000000000071e+01 1.701282450000000068e+01
5.750000000000000000e+00 -1.921989999999999910e+01 1.170283250000000130e+01 -1.921989999999999910e+01 1.640976750000000095e+01
5.775000000000000355e+00 -1.836370000000000147e+01 1.111666149999999931e+01 -1.836370000000000147e+01 1.583433850000000120e+01
5.799999999999999822e+00 -1.754250000000000043e+01 1.055814450000000093e+01 -1.754250000000000043e+01 1.528544549999999802e+01
5.825000000000000178e+00 -1.675509999999999877e+01 1.002603299999999997e+01 -1.675509999999999877e+01 1.476187700000000014e+01
5.849999999999999645e+00 -1.600049999999999883e+01 9.519349000000000061e+00 -1.600049999999999883e+01 1.426269100000000023e+01
5.875000000000000000e+00 -1.527730000000000032e+01 9.036953500000000972e+00 -1.527730000000000032e+01 1.378678649999999983e+01
5.900000000000000355e+00 -1.458460000000000001e+01 8.577828999999999482e+00 -1.458460000000000001e+01 1.333316100000000048e+01
5.924999999999999822e+00 -1.392109999999999914e+01 8.140957500000000735e+00 -1.392109999999999914e+01 1.290085249999999917e+01
5.950000000000000178e+00 -1.328589999999999982e+01 7.725370499999999474e+00 -1.328589999999999982e+01 1.248891949999999973e+01
5.974999999999999645e+00 -1.267779999999999951e+01 7.330121000000000109e+00 -1.267779999999999951e+01 1.209644899999999978e+01
6.000000000000000000e+00 -1.209580000000000055e+01 6.954311500000000201e+00 -1.209580000000000055e+01 1.172257849999999912e+01
6.025000000000000355e+00 -1.153889999999999993e+01 6.597054499999999599e+00 -1.153889999999999993e+01 1.136644550000000109e+01
6.049999999999999822e+00 -1.100619999999999976e+01 6.257524000000000086e+00 -1.100619999999999976e+01 1.102725600000000128e+01
6.075000000000000178e+00 -1.049680000000000035e+01 5.934892500000000126e+00 -1.049680000000000035e+01 1.070422750000000001e+01
6.099999999999999645e+00 -1.000960000000000072e+01 5.628384500000000124e+00 -1.000960000000000072e+01 1.039659550000000010e+01
6.125000000000000000e+00 -9.543939999999999202e+00 5.337253500000000095e+00 -9.543939999999999202e+00 1.010365649999999960e+01
6.150000000000000355e+00 -9.098810000000000286e+00 5.060764000000000706e+00 -9.098810000000000286e+00 9.824705999999999051e+00
6.174999999999999822e+00 -8.673450000000000770e+00 4.798241499999999604e+00 -8.673450000000000770e+00 9.559088499999999655e+00
6.200000000000000178e+00 -8.267030000000000101e+00 4.549020500000000133e+00 -8.267030000000000101e+00 9.306179500000000715e+00
6.224999999999999645e+00 -7.878800000000000026e+00 4.312457000000000207e+00 -7.878800000000000026e+00 9.065352999999999994e+00
6.250000000000000000e+00 -7.507990000000000386e+00 4.087936000000000014e+00 -7.507990000000000386e+00 8.836013999999998703e+00
6.275000000000000355e+00 -7.153900000000000148e+00 3.874884999999999913e+00 -7.153900000000000148e+00 8.617625000000000313e+00
6.299999999999999822e+00 -6.815809999999999924e+00 3.672740000000000116e+00 -6.815809999999999924e+00 8.409649999999999181e+00
6.325000000000000178e+00 -6.493079999999999963e+00 3.480967999999999840e+00 -6.493079999999999963e+00 8.211581999999999937e+00
6.349999999999999645e+00 -6.185019999999999740e+00 3.299057000000000350e+00 -6.185019999999999740e+00 8.022912999999999073e+00
6.375000000000000000e+00 -5.891040000000000276e+00 3.126523999999999859e+00 -5.891040000000000276e+00 7.843206000000000344e+00
6.400000000000000355e+00 -5.610520000000000174e+00 2.962887999999999966e+00 -5.610520000000000174e+00 7.671991999999999479e+00
6.424999999999999822e+00 -5.342880000000000074e+00 2.807717499999999866e+00 -5.342880000000000074e+00 7.508852499999999708e+00
6.450000000000000178e+00 -5.087579999999999991e+00 2.660590999999999706e+00 -5.087579999999999991e+00 7.353398999999999575e+00
6.474999999999999645e+00 -4.844070000000000320e+00 2.521088000000000218e+00 -4.844070000000000320e+00 7.205232000000000525e+00
6.500000000000000000e+00 -4.611839999999999939e+00 2.388838500000000309e+00 -4.611839999999999939e+00 7.063981499999999691e+00
6.525000000000000355e+00 -4.390390000000000015e+00 2.263472499999999776e+00 -4.390390000000000015e+00 6.929317499999999797e+00
6.549999999999999822e+00 -4.179249999999999687e+00 2.144640500000000394e+00 -4.179249999999999687e+00 6.800899499999999875e+00
6.575000000000000178e+00 -3.977970000000000006e+00 2.031992999999999938e+00 -3.977970000000000006e+00 6.678397000000000361e+00
6.599999999999999645e+00 -3.786099999999999799e+00 1.925231499999999984e+00 -3.786099999999999799e+00 6.561528500000000541e+00
6.625000000000000000e+00 -3.603219999999999867e+00 1.824057500000000109e+00 -3.603219999999999867e+00 6.450002500000000083e+00
6.650000000000000355e+00 -3.428939999999999877e+00 1.728161999999999976e+00 -3.428939999999999877e+00 6.343528000000000056e+00
6.674999999999999822e+00 -3.262869999999999937e+00 1.637297999999999920e+00 -3.262869999999999937e+00 6.241882000000000374e+00
6.700000000000000178e+00 -3.104629999999999779e+00 1.551187499999999941e+00 -3.104629999999999779e+00 6.144792499999999436e+00
6.724999999999999645e+00 -2.953870000000000218e+00 1.469593499999999997e+00 -2.953870000000000218e+00 6.052036499999999819e+00
6.750000000000000000e+00 -2.810259999999999980e+00 1.392279000000000044e+00 -2.810259999999999980e+00 5.963391000000000552e+00
6.775000000000000355e+00 -2.673459999999999948e+00 1.319026499999999880e+00 -2.673459999999999948e+00 5.878653500000000420e+00
6.799999999999999822e+00 -2.543159999999999865e+00 1.249630500000000088e+00 -2.543159999999999865e+00 5.797619499999999704e+00
6.825000000000000178e+00 -2.419080000000000119e+00 1.183874499999999941e+00 -2.419080000000000119e+00 5.720095500000000222e+00
6.849999999999999645e+00 -2.300910000000000011e+00 1.121572999999999931e+00 -2.300910000000000011e+00 5.645896999999999721e+00
6.875000000000000000e+00 -2.188400000000000123e+00 1.062539450000000052e+00 -2.188400000000000123e+00 5.574850549999999849e+00
6.900000000000000355e+00 -2.081269999999999953e+00 1.006625099999999939e+00 -2.081269999999999953e+00 5.506816899999999571e+00
6.924999999999999822e+00 -1.979279999999999928e+00 9.536516000000000437e-01 -1.979279999999999928e+00 5.441628400000000809e+00
6.950000000000000178e+00 -1.882190000000000030e+00 9.034679999999999378e-01 -1.882190000000000030e+00 5.379144000000000148e+00
6.974999999999999645e+00 -1.789770000000000083e+00 8.559286000000000394e-01 -1.789770000000000083e+00 5.319227399999999939e+00
7.000000000000000000e+00 -1.701810000000000045e+00 8.108948000000000267e-01 -1.701810000000000045e+00 5.261739200000000061e+00
7.025000000000000355e+00 -1.618100000000000094e+00 7.682352500000000362e-01 -1.618100000000000094e+00 5.206566749999999466e+00
7.049999999999999822e+00 -1.538429999999999964e+00 7.278258499999999964e-01 -1.538429999999999964e+00 5.153584149999999475e+00
7.075000000000000178e+00 -1.462620000000000031e+00 6.895486499999999852e-01 -1.462620000000000031e+00 5.102691349999999737e+00
7.099999999999999645e+00 -1.390479999999999938e+00 6.532917999999999781e-01 -1.390479999999999938e+00 5.053764200000000706e+00
7.125000000000000000e+00 -1.321849999999999969e+00 6.189486999999999073e-01 -1.321849999999999969e+00 5.006723299999999988e+00
7.150000000000000355e+00 -1.256559999999999899e+00 5.864198999999999939e-01 -1.256559999999999899e+00 4.961456100000000369e+00
7.174999999999999822e+00 -1.194439999999999946e+00 5.556091499999999961e-01 -1.194439999999999946e+00 4.917892849999999427e+00
7.200000000000000178e+00 -1.135359999999999925e+00 5.264261999999999553e-01 -1.135359999999999925e+00 4.875919800000000137e+00
7.224999999999999645e+00 -1.079150000000000054e+00 4.987861499999999837e-01 -1.079150000000000054e+00 4.835487850000000698e+00
7.250000000000000000e+00 -1.025700000000000056e+00 4.726071000000000022e-01 -1.025700000000000056e+00 4.796500899999999845e+00
7.275000000000000355e+00 -9.748630000000000351e-01 4.478132499999999960e-01 -9.748630000000000351e-01 4.758888750000000556e+00
7.299999999999999822e+00 -9.265170000000000350e-01 4.243300499999999587e-01 -9.265170000000000350e-01 4.722581949999999473e+00
7.325000000000000178e+00 -8.805439999999999934e-01 4.020889999999999742e-01 -8.805439999999999934e-01 4.687526999999999333e+00
7.349999999999999645e+00 -8.368299999999999628e-01 3.810257499999999964e-01 -8.368299999999999628e-01 4.653654250000000658e+00
7.375000000000000000e+00 -7.952649999999999997e-01 3.610769499999999521e-01 -7.952649999999999997e-01 4.620895049999999671e+00
7.400000000000000355e+00 -7.557479999999999754e-01 3.421845499999999762e-01 -7.557479999999999754e-01 4.589215450000000196e+00
7.424999999999999822e+00 -7.181790000000000118e-01 3.242923500000000070e-01 -7.181790000000000118e-01 4.558543650000000724e+00
7.450000000000000178e+00 -6.824639999999999596e-01 3.073475499999999694e-01 -6.824639999999999596e-01 4.528840450000000573e+00
7.474999999999999645e+00 -6.485140000000000349e-01 2.913001000000000063e-01 -6.485140000000000349e-01 4.500049900000000491e+00
7.500000000000000000e+00 -6.162429999999999852e-01 2.761023499999999964e-01 -6.162429999999999852e-01 4.472137650000000519e+00
7.525000000000000355e+00 -5.855690000000000062e-01 2.617075500000000110e-01 -5.855690000000000062e-01 4.445050450000000097e+00
7.549999999999999822e+00 -5.564160000000000217e-01 2.480770999999999948e-01 -5.564160000000000217e-01 4.418752900000000317e+00
7.575000000000000178e+00 -5.287079999999999558e-01 2.351693000000000255e-01 -5.287079999999999558e-01 4.393216699999999975e+00
7.599999999999999645e+00 -5.023760000000000447e-01 2.229439000000000004e-01 -5.023760000000000447e-01 4.368394100000000613e+00
7.625000000000000000e+00 -4.773519999999999985e-01 2.113674000000000108e-01 -4.773519999999999985e-01 4.344244599999999679e+00
7.650000000000000355e+00 -4.535719999999999752e-01 2.004024500000000097e-01 -4.535719999999999752e-01 4.320753550000000054e+00
7.674999999999999822e+00 -4.309760000000000257e-01 1.900187999999999877e-01 -4.309760000000000257e-01 4.297873200000000615e+00
7.700000000000000178e+00 -4.095039999999999791e-01 1.801842000000000166e-01 -4.095039999999999791e-01 4.275583799999999712e+00
7.724999999999999645e+00 -3.891029999999999767e-01 1.708695000000000075e-01 -3.891029999999999767e-01 4.253858499999999765e+00
7.750000000000000000e+00 -3.697190000000000198e-01 1.620476499999999875e-01 -3.697190000000000198e-01 4.232672350000000527e+00
7.775000000000000355e+00 -3.513020000000000032e-01 1.536925000000000097e-01 -3.513020000000000032e-01 4.211991500000000777e+00
7.799999999999999822e+00 -3.338039999999999896e-01 1.457780999999999938e-01 -3.338039999999999896e-01 4.191791900000000126e+00
7.825000000000000178e+00 -3.171800000000000175e-01 1.382815000000000016e-01 -3.171800000000000175e-01 4.172062500000000007e+00
7.849999999999999645e+00 -3.013859999999999872e-01 1.311807500000000126e-01 -3.013859999999999872e-01 4.152773250000000083e+00
7.875000000000000000e+00 -2.863820000000000254e-01 1.244550500000000115e-01 -2.863820000000000254e-01 4.133904950000000689e+00
7.900000000000000355e+00 -2.721279999999999810e-01 1.180824999999999930e-01 -2.721279999999999810e-01 4.115437499999999638e+00
7.924999999999999822e+00 -2.585870000000000113e-01 1.120453999999999894e-01 -2.585870000000000113e-01 4.097354600000000069e+00
7.950000000000000178e+00 -2.457229999999999970e-01 1.063269000000000020e-01 -2.457229999999999970e-01 4.079641099999999909e+00
7.974999999999999645e+00 -2.335029999999999883e-01 1.009076000000000001e-01 -2.335029999999999883e-01 4.062278799999999634e+00
8.000000000000000000e+00 -2.218940000000000079e-01 9.577289999999999415e-02 -2.218940000000000079e-01 4.045254700000000092e+00
8.025000000000000355e+00 -2.108659999999999979e-01 9.090726500000000099e-02 -2.108659999999999979e-01 4.028554334999999931e+00
8.050000000000000711e+00 -2.003900000000000126e-01 8.629621499999999557e-02 -2.003900000000000126e-01 4.012154585000000218e+00
8.074999999999999289e+00 -1.904389999999999972e-01 8.192627999999999022e-02 -1.904389999999999972e-01 3.996043119999999949e+00
8.099999999999999645e+00 -1.809850000000000070e-01 7.778420500000000903e-02 -1.809850000000000070e-01 3.980227794999999791e+00
8.125000000000000000e+00 -1.720039999999999902e-01 7.385806000000000315e-02 -1.720039999999999902e-01 3.964677739999999950e+00
8.150000000000000355e+00 -1.634720000000000062e-01 7.013603499999999935e-02 -1.634720000000000062e-01 3.949382164999999834e+00
8.175000000000000711e+00 -1.553670000000000051e-01 6.660725000000000673e-02 -1.553670000000000051e-01 3.934331150000000221e+00
8.199999999999999289e+00 -1.476679999999999937e-01 6.326145499999999422e-02 -1.476679999999999937e-01 3.919525344999999827e+00
8.224999999999999645e+00 -1.403530000000000055e-01 6.008870999999999657e-02 -1.403530000000000055e-01 3.904945689999999914e+00
8.250000000000000000e+00 -1.334029999999999938e-01 5.707970500000000141e-02 -1.334029999999999938e-01 3.890583694999999675e+00
8.275000000000000355e+00 -1.268009999999999970e-01 5.422584000000000432e-02 -1.268009999999999970e-01 3.876431559999999887e+00
8.300000000000000711e+00 -1.205279999999999963e-01 5.151874499999999774e-02 -1.205279999999999963e-01 3.862481654999999847e+00
8.324999999999999289e+00 -1.145680000000000032e-01 4.895046499999999856e-02 -1.145680000000000032e-01 3.848716735000000000e+00
8.349999999999999645e+00 -1.089060000000000028e-01 4.651376000000000122e-02 -1.089060000000000028e-01 3.835150239999999933e+00
8.375000000000000000e+00 -1.035250000000000059e-01 4.420150999999999941e-02 -1.035250000000000059e-01 3.821765690000000326e+00
8.400000000000000355e+00 -9.841289999999999760e-02 4.200710499999999598e-02 -9.841289999999999760e-02 3.808547095000000215e+00
8.425000000000000711e+00 -9.355489999999999640e-02 3.992435999999999902e-02 -9.355489999999999640e-02 3.795498840000000040e+00
8.449999999999999289e+00 -8.893869999999999554e-02 3.794729500000000588e-02 -8.893869999999999554e-02 3.782615504999999878e+00
8.474999999999999645e+00 -8.455200000000000216e-02 3.607024500000000078e-02 -8.455200000000000216e-02 3.769881954999999785e+00
8.500000000000000000e+00 -8.038320000000000187e-02 3.428795999999999927e-02 -8.038320000000000187e-02 3.757293439999999762e+00
8.525000000000000355e+00 -7.642140000000000044e-02 3.259560999999999709e-02 -7.642140000000000044e-02 3.744865589999999855e+00
8.550000000000000711e+00 -7.265620000000000411e-02 3.098826000000000011e-02 -7.265620000000000411e-02 3.732563939999999914e+00
8.574999999999999289e+00 -6.907760000000000289e-02 2.946149999999999811e-02 -6.907760000000000289e-02 3.720404499999999892e+00
8.599999999999999645e+00 -6.567639999999999589e-02 2.801112500000000130e-02 -6.567639999999999589e-02 3.708373475000000141e+00
8.625000000000000000e+00 -6.244360000000000188e-02 2.663324499999999984e-02 -6.244360000000000188e-02 3.696467354999999788e+00
8.650000000000000355e+00 -5.937069999999999848e-02 2.532407000000000061e-02 -5.937069999999999848e-02 3.684692730000000083e+00
8.675000000000000711e+00 -5.644980000000000137e-02 2.407992499999999855e-02 -5.644980000000000137e-02 3.673026274999999785e+00
8.699999999999999289e+00 -5.367319999999999730e-02 2.289765000000000203e-02 -5.367319999999999730e-02 3.661485149999999855e+00
8.724999999999999645e+00 -5.103379999999999722e-02 2.177387500000000156e-02 -5.103379999999999722e-02 3.650056324999999990e+00
8.750000000000000000e+00 -4.852460000000000107e-02 2.070566499999999810e-02 -4.852460000000000107e-02 3.638727134999999890e+00
8.775000000000000355e+00 -4.613930000000000115e-02 1.969026499999999846e-02 -4.613930000000000115e-02 3.627515134999999891e+00
8.800000000000000711e+00 -4.387150000000000077e-02 1.872494499999999978e-02 -4.387150000000000077e-02 3.616397855000000217e+00
8.824999999999999289e+00 -4.171550000000000258e-02 1.780717999999999884e-02 -4.171550000000000258e-02 3.605393020000000170e+00
8.849999999999999645e+00 -3.966569999999999818e-02 1.693463499999999997e-02 -3.966569999999999818e-02 3.594478564999999737e+00
8.875000000000000000e+00 -3.771680000000000171e-02 1.610490499999999922e-02 -3.771680000000000171e-02 3.583652294999999821e+00
8.900000000000000355e+00 -3.586389999999999717e-02 1.531596999999999993e-02 -3.586389999999999717e-02 3.572932429999999826e+00
8.925000000000000711e+00 -3.410219999999999918e-02 1.456573499999999979e-02 -3.410219999999999918e-02 3.562297065000000096e+00
8.949999999999999289e+00 -3.242710000000000037e-02 1.385228999999999974e-02 -3.242710000000000037e-02 3.551744510000000243e+00
8.974999999999999645e+00 -3.083440000000000139e-02 1.317384500000000000e-02 -3.083440000000000139e-02 3.541283154999999905e+00
9.000000000000000000e+00 -2.932010000000000172e-02 1.252861000000000079e-02 -2.932010000000000172e-02 3.530911389999999983e+00
9.025000000000000355e+00 -2.788020000000000082e-02 1.191509500000000055e-02 -2.788020000000000082e-02 3.520617904999999936e+00
9.050000000000000711e+00 -2.651109999999999925e-02 1.133152499999999854e-02 -2.651109999999999925e-02 3.510401075000000315e+00
9.074999999999999289e+00 -2.520930000000000046e-02 1.077671000000000011e-02 -2.520930000000000046e-02 3.500269890000000217e+00
9.099999999999999645e+00 -2.397159999999999916e-02 1.024898999999999949e-02 -2.397159999999999916e-02 3.490212810000000054e+00
9.125000000000000000e+00 -2.279470000000000107e-02 9.747195000000000165e-03 -2.279470000000000107e-02 3.480228825000000192e+00
9.150000000000000355e+00 -2.167579999999999854e-02 9.270040000000000224e-03 -2.167579999999999854e-02 3.470326780000000166e+00
9.175000000000000711e+00 -2.061179999999999957e-02 8.816314999999999916e-03 -2.061179999999999957e-02 3.460485584999999809e+00
9.199999999999999289e+00 -1.960030000000000105e-02 8.384874999999999967e-03 -1.960030000000000105e-02 3.450724224999999645e+00
9.224999999999999645e+00 -1.863849999999999882e-02 7.974672500000000094e-03 -1.863849999999999882e-02 3.441031767500000171e+00
9.250000000000000000e+00 -1.772409999999999958e-02 7.584674500000000187e-03 -1.772409999999999958e-02 3.431407285500000182e+00
9.275000000000000355e+00 -1.685470000000000024e-02 7.213866500000000806e-03 -1.685470000000000024e-02 3.421849873499999806e+00
9.300000000000000711e+00 -1.602809999999999999e-02 6.861352000000000249e-03 -1.602809999999999999e-02 3.412358728000000063e+00
9.324999999999999289e+00 -1.524230000000000029e-02 6.526221000000000452e-03 -1.524230000000000029e-02 3.402923039000000038e+00
9.349999999999999645e+00 -1.449519999999999975e-02 6.207649499999999716e-03 -1.449519999999999975e-02 3.393562070499999805e+00
9.375000000000000000e+00 -1.378500000000000038e-02 5.904824500000000094e-03 -1.378500000000000038e-02 3.384265095500000431e+00
9.400000000000000355e+00 -1.310979999999999958e-02 5.616974500000000009e-03 -1.310979999999999958e-02 3.375021425499999950e+00
9.425000000000000711e+00 -1.246790000000000051e-02 5.343370999999999538e-03 -1.246790000000000051e-02 3.365840409000000033e+00
9.449999999999999289e+00 -1.185770000000000053e-02 5.083326499999999727e-03 -1.185770000000000053e-02 3.356721433499999740e+00
9.474999999999999645e+00 -1.127769999999999988e-02 4.836166000000000249e-03 -1.127769999999999988e-02 3.347653894000000019e+00
9.500000000000000000e+00 -1.072629999999999938e-02 4.601265499999999953e-03 -1.072629999999999938e-02 3.338647234500000227e+00
9.525000000000000355e+00 -1.020210000000000040e-02 4.378034000000000266e-03 -1.020210000000000040e-02 3.329700926000000116e+00
9.550000000000000711e+00 -9.703899999999999679e-03 4.165868999999999996e-03 -9.703899999999999679e-03 3.320814431000000067e+00
9.574999999999999289e+00 -9.230310000000000251e-03 3.964252500000000311e-03 -9.230310000000000251e-03 3.311967287499999912e+00
9.599999999999999645e+00 -8.780150000000000454e-03 3.772656499999999836e-03 -8.780150000000000454e-03 3.303189023499999877e+00
9.625000000000000000e+00 -8.352250000000000299e-03 3.590574499999999759e-03 -8.352250000000000299e-03 3.294459185500000054e+00
9.650000000000000355e+00 -7.945529999999999260e-03 3.417551000000000009e-03 -7.945529999999999260e-03 3.285777368999999837e+00
9.675000000000000711e+00 -7.558930000000000163e-03 3.253122500000000389e-03 -7.558930000000000163e-03 3.277153157499999914e+00
9.699999999999999289e+00 -7.191470000000000154e-03 3.096874999999999802e-03 -7.191470000000000154e-03 3.268576185000000134e+00
9.724999999999999645e+00 -6.842199999999999671e-03 2.948387499999999967e-03 -6.842199999999999671e-03 3.260046072500000225e+00
9.750000000000000000e+00 -6.510209999999999782e-03 2.807288499999999968e-03 -6.510209999999999782e-03 3.251572491500000162e+00
9.775000000000000355e+00 -6.194660000000000270e-03 2.673198500000000064e-03 -6.194660000000000270e-03 3.243145101499999683e+00
9.800000000000000711e+00 -5.894719999999999994e-03 2.545767999999999903e-03 -5.894719999999999994e-03 3.234763591999999743e+00
9.824999999999999289e+00 -5.609629999999999998e-03 2.424678500000000160e-03 -5.609629999999999998e-03 3.226437681500000210e+00
9.849999999999999645e+00 -5.338640000000000399e-03 2.309583000000000035e-03 -5.338640000000000399e-03 3.218157056999999988e+00
9.875000000000000000e+00 -5.081060000000000090e-03 2.200225500000000268e-03 -5.081060000000000090e-03 3.209911494500000018e+00
9.900000000000000355e+00 -4.836219999999999582e-03 2.096278499999999767e-03 -4.836219999999999582e-03 3.201720701499999766e+00
9.925000000000000711e+00 -4.603480000000000072e-03 1.997498500000000066e-03 -4.603480000000000072e-03 3.193574461499999906e+00
9.949999999999999289e+00 -4.382239999999999920e-03 1.903600499999999821e-03 -4.382239999999999920e-03 3.185472519499999766e+00
9.974999999999999645e+00 -4.171929999999999909e-03 1.814361499999999966e-03 -4.171929999999999909e-03 3.177414678499999923e+00
1.000000000000000000e+01 -3.972009999999999777e-03 1.729546999999999899e-03 -3.972009999999999777e-03 3.169400732999999803e+00
1.002500000000000036e+01 -3.781950000000000069e-03 1.648914999999999929e-03 -3.781950000000000069e-03 3.161430465000000023e+00
1.005000000000000071e+01 -3.601259999999999791e-03 1.572272999999999900e-03 -3.601259999999999791e-03 3.153503707000000045e+00
1.007499999999999929e+01 -3.429479999999999942e-03 1.499410999999999973e-03 -3.429479999999999942e-03 3.145620269000000135e+00
1.009999999999999964e+01 -3.266150000000000216e-03 1.430126500000000050e-03 -3.266150000000000216e-03 3.137779973500000263e+00
1.012500000000000000e+01 -3.110860000000000014e-03 1.364260500000000122e-03 -3.110860000000000014e-03 3.129972679499999799e+00
1.015000000000000036e+01 -2.963200000000000035e-03 1.301621999999999892e-03 -2.963200000000000035e-03 3.122218217999999990e+00
1.017500000000000071e+01 -2.822779999999999994e-03 1.242062500000000111e-03 -2.822779999999999994e-03 3.114496457500000037e+00
1.019999999999999929e+01 -2.689249999999999800e-03 1.185402000000000114e-03 -2.689249999999999800e-03 3.106817237999999648e+00
1.022499999999999964e+01 -2.562259999999999798e-03 1.131513000000000007e-03 -2.562259999999999798e-03 3.099170447000000106e+00
1.025000000000000000e+01 -2.441469999999999838e-03 1.080236499999999997e-03 -2.441469999999999838e-03 3.091575943500000090e+00
1.027500000000000036e+01 -2.326579999999999968e-03 1.031449000000000038e-03 -2.326579999999999968e-03 3.084013619000000261e+00
1.030000000000000071e+01 -2.217279999999999859e-03 9.850105000000000926e-04 -2.217279999999999859e-03 3.076483347499999965e+00
1.032499999999999929e+01 -2.113299999999999814e-03 9.408020000000000228e-04 -2.113299999999999814e-03 3.069005026000000136e+00
1.034999999999999964e+01 -2.014360000000000196e-03 8.987069999999999998e-04 -2.014360000000000196e-03 3.061558548999999907e+00
1.037500000000000000e+01 -1.920199999999999945e-03 8.586129999999999327e-04 -1.920199999999999945e-03 3.054143816999999927e+00
1.040000000000000036e+01 -1.830599999999999936e-03 8.204129999999999799e-04 -1.830599999999999936e-03 3.046770737000000118e+00
1.042500000000000071e+01 -1.745309999999999917e-03 7.840079999999999922e-04 -1.745309999999999917e-03 3.039439219999999775e+00
1.044999999999999929e+01 -1.664120000000000052e-03 7.493025000000000380e-04 -1.664120000000000052e-03 3.032139181499999836e+00
1.047499999999999964e+01 -1.586809999999999913e-03 7.162042499999999928e-04 -1.586809999999999913e-03 3.024870539749999754e+00
1.050000000000000000e+01 -1.513199999999999918e-03 6.846280500000000765e-04 -1.513199999999999918e-03 3.017643219949999622e+00
1.052500000000000036e+01 -1.443089999999999954e-03 6.544929500000000065e-04 -1.443089999999999954e-03 3.010447149049999993e+00
1.055000000000000071e+01 -1.376309999999999947e-03 6.257218999999999628e-04 -1.376309999999999947e-03 3.003292260099999833e+00
1.057499999999999929e+01 -1.312680000000000097e-03 5.982418000000000631e-04 -1.312680000000000097e-03 2.996168488199999924e+00
1.059999999999999964e+01 -1.252049999999999995e-03 5.719857000000000283e-04 -1.252049999999999995e-03 2.989085774299999887e+00
1.062500000000000000e+01 -1.194270000000000097e-03 5.468887999999999874e-04 -1.194270000000000097e-03 2.982034061199999808e+00
1.065000000000000036e+01 -1.139199999999999935e-03 5.228945000000000468e-04 -1.139199999999999935e-03 2.975013299500000041e+00
1.067500000000000071e+01 -1.086689999999999965e-03 4.999372999999999881e-04 -1.086689999999999965e-03 2.968023430699999743e+00
1.069999999999999929e+01 -1.036629999999999973e-03 4.779690000000000175e-04 -1.036629999999999973e-03 2.961074412999999961e+00
1.072499999999999964e+01 -9.888810000000000482e-04 4.569394500000000013e-04 -9.888810000000000482e-04 2.954156202550000110e+00
1.075000000000000000e+01 -9.433409999999999929e-04 4.368036999999999528e-04 -9.433409999999999929e-04 2.947268760299999624e+00
1.077500000000000036e+01 -8.998969999999999799e-04 4.175168999999999734e-04 -8.998969999999999799e-04 2.940412047099999704e+00
1.080000000000000071e+01 -8.584480000000000452e-04 3.990403499999999851e-04 -8.584480000000000452e-04 2.933586029650000260e+00
1.082499999999999929e+01 -8.188969999999999626e-04 3.813355499999999780e-04 -8.188969999999999626e-04 2.926800674449999917e+00
1.084999999999999964e+01 -7.811540000000000497e-04 3.643660499999999908e-04 -7.811540000000000497e-04 2.920045949949999997e+00
1.087500000000000000e+01 -7.451320000000000209e-04 3.481034500000000425e-04 -7.451320000000000209e-04 2.913321832549999879e+00
1.090000000000000036e+01 -7.107500000000000102e-04 3.325164000000000136e-04 -7.107500000000000102e-04 2.906618295599999957e+00
1.092500000000000071e+01 -6.779309999999999980e-04 3.175771000000000193e-04 -6.779309999999999980e-04 2.899955314900000136e+00
1.094999999999999929e+01 -6.466030000000000432e-04 3.032583000000000370e-04 -6.466030000000000432e-04 2.893322867700000245e+00
1.097499999999999964e+01 -6.166970000000000351e-04 2.895370999999999557e-04 -6.166970000000000351e-04 2.886720934900000035e+00
1.100000000000000000e+01 -5.881499999999999576e-04 2.763916000000000051e-04 -5.881499999999999576e-04 2.880149498400000230e+00
1.102500000000000036e+01 -5.608990000000000113e-04 2.637990500000000167e-04 -5.608990000000000113e-04 2.873608538950000124e+00
1.105000000000000071e+01 -5.348869999999999493e-04 2.517407500000000105e-04 -5.348869999999999493e-04 2.867098041250000229e+00
1.107499999999999929e+01 -5.100589999999999898e-04 2.401990500000000122e-04 -5.100589999999999898e-04 2.860617990949999800e+00
1.109999999999999964e+01 -4.863639999999999804e-04 2.291543999999999959e-04 -4.863639999999999804e-04 2.854168371599999698e+00
1.112500000000000000e+01 -4.637509999999999853e-04 2.185912499999999987e-04 -4.637509999999999853e-04 2.847739170750000159e+00
1.115000000000000036e+01 -4.421739999999999850e-04 2.084932500000000015e-04 -4.421739999999999850e-04 2.841350374750000185e+00
1.117500000000000071e+01 -4.215889999999999915e-04 1.988449499999999943e-04 -4.215889999999999915e-04 2.834981971049999938e+00
1.119999999999999929e+01 -4.019520000000000167e-04 1.896320999999999966e-04 -4.019520000000000167e-04 2.828653947899999910e+00
1.122499999999999964e+01 -3.832229999999999730e-04 1.808384999999999865e-04 -3.832229999999999730e-04 2.822346291500000159e+00
1.125000000000000000e+01 -3.653640000000000208e-04 1.724528500000000136e-04 -3.653640000000000208e-04 2.816058993149999967e+00
1.127500000000000036e+01 -3.483369999999999956e-04 1.644580499999999932e-04 -3.483369999999999956e-04 2.809812037950000008e+00
1.130000000000000071e+01 -3.321059999999999811e-04 1.568410500000000016e-04 -3.321059999999999811e-04 2.803595414949999753e+00
1.132499999999999929e+01 -3.166369999999999840e-04 1.495877999999999910e-04 -3.166369999999999840e-04 2.797399112199999927e+00
1.134999999999999964e+01 -3.018970000000000269e-04 1.426862999999999894e-04 -3.018970000000000269e-04 2.791233119700000209e+00
1.137500000000000000e+01 -2.878539999999999853e-04 1.361216500000000116e-04 -2.878539999999999853e-04 2.785087424349999896e+00
1.140000000000000036e+01 -2.744779999999999833e-04 1.298809499999999952e-04 -2.744779999999999833e-04 2.778972015049999911e+00
1.142500000000000071e+01 -2.617389999999999821e-04 1.239494000000000164e-04 -2.617389999999999821e-04 2.772886878600000049e+00
1.144999999999999929e+01 -2.496089999999999746e-04 1.183161000000000038e-04 -2.496089999999999746e-04 2.766832005900000002e+00
1.147499999999999964e+01 -2.380589999999999920e-04 1.129643500000000088e-04 -2.380589999999999920e-04 2.760797381649999771e+00
1.150000000000000000e+01 -2.270639999999999931e-04 1.078833999999999978e-04 -2.270639999999999931e-04 2.754792996599999988e+00
1.152500000000000036e+01 -2.165970000000000135e-04 1.030589000000000104e-04 -2.165970000000000135e-04 2.748808837699999952e+00
1.155000000000000071e+01 -2.066340000000000006e-04 9.847800000000000141e-05 -2.066340000000000006e-04 2.742854893400000105e+00
1.157499999999999929e+01 -1.971510000000000103e-04 9.412820000000000453e-05 -1.971510000000000103e-04 2.736931152399999956e+00
1.159999999999999964e+01 -1.881239999999999898e-04 8.999665000000000171e-05 -1.881239999999999898e-04 2.731027603149999816e+00
1.162500000000000000e+01 -1.795319999999999880e-04 8.607119999999999680e-05 -1.795319999999999880e-04 2.725154234400000153e+00
1.165000000000000036e+01 -1.713530000000000109e-04 8.234009999999999452e-05 -1.713530000000000109e-04 2.719301035500000019e+00
1.167500000000000071e+01 -1.635650000000000103e-04 7.879159999999999961e-05 -1.635650000000000103e-04 2.713477995799999931e+00
1.169999999999999929e+01 -1.561509999999999895e-04 7.541479999999999495e-05 -1.561509999999999895e-04 2.707675105199999877e+00
1.172499999999999964e+01 -1.490899999999999973e-04 7.219904000000000729e-05 -1.490899999999999973e-04 2.701902353960000003e+00
1.175000000000000000e+01 -1.423639999999999942e-04 6.913415500000000995e-05 -1.423639999999999942e-04 2.696149732844999924e+00
1.177500000000000036e+01 -1.359560000000000109e-04 6.621076000000000370e-05 -1.359560000000000109e-04 2.690417233240000261e+00
1.180000000000000071e+01 -1.298510000000000007e-04 6.341975500000000246e-05 -1.298510000000000007e-04 2.684714846844999947e+00
1.182499999999999929e+01 -1.240319999999999943e-04 6.075286500000000333e-05 -1.240319999999999943e-04 2.679042566135000136e+00
1.184999999999999964e+01 -1.184839999999999993e-04 5.820242999999999901e-05 -1.184839999999999993e-04 2.673390384170000189e+00
1.187500000000000000e+01 -1.131940000000000008e-04 5.576100000000000365e-05 -1.131940000000000008e-04 2.667758294199999991e+00
1.190000000000000036e+01 -1.081479999999999952e-04 5.342263000000000117e-05 -1.081479999999999952e-04 2.662146290969999995e+00
1.192500000000000071e+01 -1.033339999999999969e-04 5.118110000000000367e-05 -1.033339999999999969e-04 2.656564368899999806e+00
1.194999999999999929e+01 -9.874159999999999665e-05 4.903127999999999789e-05 -9.874159999999999665e-05 2.651012523519999942e+00
1.197499999999999964e+01 -9.435850000000000129e-05 4.696867000000000105e-05 -9.435850000000000129e-05 2.645470750930000392e+00
1.200000000000000000e+01 -9.017519999999999681e-05 4.498865500000000201e-05 -9.017519999999999681e-05 2.639959047145000071e+00
1.202500000000000036e+01 -8.618219999999999624e-05 4.308816000000000252e-05 -8.618219999999999624e-05 2.634467409640000035e+00
1.205000000000000071e+01 -8.237080000000000085e-05 4.126406000000000079e-05 -8.237080000000000085e-05 2.629005835939999702e+00
1.207499999999999929e+01 -7.873280000000000621e-05 3.951366500000000516e-05 -7.873280000000000621e-05 2.623554323935000099e+00
1.209999999999999964e+01 -7.526079999999999608e-05 3.783483500000000145e-05 -7.526079999999999608e-05 2.618132871964999886e+00
1.212500000000000000e+01 -7.194759999999999535e-05 3.622579000000000066e-05 -7.194759999999999535e-05 2.612731478809999786e+00
1.215000000000000036e+01 -6.878680000000000352e-05 3.468504000000000021e-05 -6.878680000000000352e-05 2.607360143560000232e+00
1.217500000000000071e+01 -6.577230000000000045e-05 3.321143500000000096e-05 -6.577230000000000045e-05 2.601998865565000152e+00
1.219999999999999929e+01 -6.289850000000000096e-05 3.180371499999999608e-05 -6.289850000000000096e-05 2.596667644084999615e+00
1.222499999999999964e+01 -6.015999999999999999e-05 3.046123500000000144e-05 -6.015999999999999999e-05 2.591356478965000321e+00
1.225000000000000000e+01 -5.755180000000000013e-05 2.918305499999999871e-05 -5.755180000000000013e-05 2.586065369745000009e+00
1.227500000000000036e+01 -5.506919999999999784e-05 2.796863499999999755e-05 -5.506919999999999784e-05 2.580804316365000073e+00
1.230000000000000071e+01 -5.270779999999999704e-05 2.681725000000000146e-05 -5.270779999999999704e-05 2.575553318549999915e+00
1.232499999999999929e+01 -5.046320000000000162e-05 2.572808500000000085e-05 -5.046320000000000162e-05 2.570332375915000078e+00
1.234999999999999964e+01 -4.833110000000000216e-05 2.470031999999999935e-05 -4.833110000000000216e-05 2.565121488079999956e+00
1.237500000000000000e+01 -4.630769999999999711e-05 2.373296000000000189e-05 -4.630769999999999711e-05 2.559940654440000074e+00
1.240000000000000036e+01 -4.438899999999999801e-05 2.282491499999999998e-05 -4.438899999999999801e-05 2.554779874284999863e+00
1.242500000000000071e+01 -4.257120000000000332e-05 2.197509499999999869e-05 -4.257120000000000332e-05 2.549639146905000153e+00
1.244999999999999929e+01 -4.084970000000000295e-05 2.118183500000000012e-05 -4.084970000000000295e-05 2.544518470965000390e+00
1.247499999999999964e+01 -3.922139999999999687e-05 2.044356999999999983e-05 -3.922139999999999687e-05 2.539417845230000026e+00
1.250000000000000000e+01 -3.768220000000000320e-05 1.975825500000000045e-05 -3.768220000000000320e-05 2.534337267945000249e+00
1.252500000000000036e+01 -3.622819999999999985e-05 1.912394500000000143e-05 -3.622819999999999985e-05 2.529286737455000100e+00
1.255000000000000071e+01 -3.485549999999999857e-05 1.853831499999999938e-05 -3.485549999999999857e-05 2.524246251685000164e+00
1.257499999999999929e+01 -3.355999999999999717e-05 1.799853999999999997e-05 -3.355999999999999717e-05 2.519225808060000293e+00
1.259999999999999964e+01 -3.233790000000000086e-05 1.750222000000000130e-05 -3.233790000000000086e-05 2.514225404379999862e+00
1.262500000000000000e+01 -3.118510000000000065e-05 1.704645500000000042e-05 -3.118510000000000065e-05 2.509245037944999979e+00
1.265000000000000036e+01 -3.009760000000000132e-05 1.662725999999999977e-05 -3.009760000000000132e-05 2.504284704939999884e+00
1.267500000000000071e+01 -2.907130000000000066e-05 1.624235499999999909e-05 -2.907130000000000066e-05 2.499344403244999846e+00
1.269999999999999929e+01 -2.810220000000000006e-05 1.588817499999999972e-05 -2.810220000000000006e-05 2.494424129424999581e+00
1.272499999999999964e+01 -2.718620000000000070e-05 1.556116500000000028e-05 -2.718620000000000070e-05 2.489523880035000136e+00
1.275000000000000000e+01 -2.631940000000000080e-05 1.525807000000000010e-05 -2.631940000000000080e-05 2.484643651929999919e+00
1.277500000000000036e+01 -2.549789999999999858e-05 1.497515000000000010e-05 -2.549789999999999858e-05 2.479783441449999959e+00
1.280000000000000071e+01 -2.471789999999999927e-05 1.470926999999999952e-05 -2.471789999999999927e-05 2.474943245530000002e+00
1.282499999999999929e+01 -2.397550000000000110e-05 1.445689999999999875e-05 -2.397550000000000110e-05 2.470113060700000140e+00
1.284999999999999964e+01 -2.326719999999999976e-05 1.421491499999999941e-05 -2.326719999999999976e-05 2.465312883885000250e+00
1.287500000000000000e+01 -2.258960000000000137e-05 1.398009499999999985e-05 -2.258960000000000137e-05 2.460522711905000381e+00
1.290000000000000036e+01 -2.193929999999999847e-05 1.374963000000000002e-05 -2.193929999999999847e-05 2.455752541969999925e+00
1.292500000000000071e+01 -2.131320000000000119e-05 1.352070499999999949e-05 -2.131320000000000119e-05 2.451002371294999982e+00
1.294999999999999929e+01 -2.070850000000000002e-05 1.329091000000000079e-05 -2.070850000000000002e-05 2.446272197489999911e+00
1.297499999999999964e+01 -2.012229999999999875e-05 1.305802999999999973e-05 -2.012229999999999875e-05 2.441562018369999976e+00
1.300000000000000000e+01 -1.955229999999999913e-05 1.282006750000000056e-05 -1.955229999999999913e-05 2.436861831932500166e+00
1.302500000000000036e+01 -1.899629999999999971e-05 1.257540700000000074e-05 -1.899629999999999971e-05 2.432181636593000018e+00
1.305000000000000071e+01 -1.845229999999999950e-05 1.232274100000000027e-05 -1.845229999999999950e-05 2.427521431058999646e+00
1.307499999999999929e+01 -1.791869999999999837e-05 1.206105949999999965e-05 -1.791869999999999837e-05 2.422881214340500300e+00
1.309999999999999964e+01 -1.739399999999999982e-05 1.178965099999999925e-05 -1.739399999999999982e-05 2.418260985748999836e+00
1.312500000000000000e+01 -1.687700000000000121e-05 1.150810099999999853e-05 -1.687700000000000121e-05 2.413650744898999889e+00
1.315000000000000036e+01 -1.636700000000000101e-05 1.121649249999999957e-05 -1.636700000000000101e-05 2.409060491907500268e+00
1.317500000000000071e+01 -1.586330000000000108e-05 1.091500549999999973e-05 -1.586330000000000108e-05 2.404490226994500102e+00
1.319999999999999929e+01 -1.536550000000000052e-05 1.060431749999999895e-05 -1.536550000000000052e-05 2.399939950882500117e+00
1.322499999999999964e+01 -1.487359999999999935e-05 1.028509200000000063e-05 -1.487359999999999935e-05 2.395399664287999997e+00
1.325000000000000000e+01 -1.438750000000000074e-05 9.958559000000001023e-06 -1.438750000000000074e-05 2.390879368500999913e+00
1.327500000000000036e+01 -1.390760000000000047e-05 9.626017000000000506e-06 -1.390760000000000047e-05 2.386379064882999668e+00
1.330000000000000071e+01 -1.343449999999999987e-05 9.289018000000001261e-06 -1.343449999999999987e-05 2.381888755062000040e+00
1.332499999999999929e+01 -1.296880000000000024e-05 8.949223000000000223e-06 -1.296880000000000024e-05 2.377418440776999820e+00
1.334999999999999964e+01 -1.251119999999999975e-05 8.608650999999998700e-06 -1.251119999999999975e-05 2.372968124129000156e+00
1.337500000000000000e+01 -1.206289999999999931e-05 8.269157499999999102e-06 -1.206289999999999931e-05 2.368537807062499834e+00
1.340000000000000036e+01 -1.162470000000000070e-05 7.932835500000000122e-06 -1.162470000000000070e-05 2.364117491764500034e+00
1.342500000000000071e+01 -1.119779999999999975e-05 7.601791999999999570e-06 -1.119779999999999975e-05 2.359717180448000384e+00
1.344999999999999929e+01 -1.078340000000000081e-05 7.278222499999999923e-06 -1.078340000000000081e-05 2.355326875397500075e+00
1.347499999999999964e+01 -1.038259999999999949e-05 6.964053999999999952e-06 -1.038259999999999949e-05 2.350956578646000050e+00
1.350000000000000000e+01 -9.996530000000000324e-06 6.661405499999999490e-06 -9.996530000000000324e-06 2.346606292414500139e+00
1.352500000000000036e+01 -9.626439999999999265e-06 6.372205499999999785e-06 -9.626439999999999265e-06 2.342266018734500133e+00
1.355000000000000071e+01 -9.273349999999999906e-06 6.098282999999999868e-06 -9.273349999999999906e-06 2.337945759537000345e+00
1.357499999999999929e+01 -8.938280000000000758e-06 5.841318500000000069e-06 -8.938280000000000758e-06 2.333635516601499926e+00
1.359999999999999964e+01 -8.622130000000000405e-06 5.602804000000000067e-06 -8.622130000000000405e-06 2.329345291516000227e+00
1.362500000000000000e+01 -8.325689999999999903e-06 5.384063000000000293e-06 -8.325689999999999903e-06 2.325075085697000166e+00
1.365000000000000036e+01 -8.049619999999999681e-06 5.186182500000000045e-06 -8.049619999999999681e-06 2.320814900317499596e+00
1.367500000000000071e+01 -7.794429999999999843e-06 5.010020999999999411e-06 -7.794429999999999843e-06 2.316574736319000127e+00
1.369999999999999929e+01 -7.560470000000000307e-06 4.856211000000000285e-06 -7.560470000000000307e-06 2.312344594408999754e+00
1.372499999999999964e+01 -7.347929999999999967e-06 4.725129000000000038e-06 -7.347929999999999967e-06 2.308134475030999777e+00
1.375000000000000000e+01 -7.156799999999999817e-06 4.616884999999999589e-06 -7.156799999999999817e-06 2.303934378354999701e+00
1.377500000000000036e+01 -6.986919999999999675e-06 4.531331500000000476e-06 -6.986919999999999675e-06 2.299754304288499807e+00
1.380000000000000071e+01 -6.837939999999999620e-06 4.468117999999999697e-06 -6.837939999999999620e-06 2.295584252522000046e+00
1.382499999999999929e+01 -6.709339999999999700e-06 4.426585499999999599e-06 -6.709339999999999700e-06 2.291434222434499901e+00
1.384999999999999964e+01 -6.600420000000000072e-06 4.405862499999999527e-06 -6.600420000000000072e-06 2.287304213177500323e+00
1.387500000000000000e+01 -6.510310000000000015e-06 4.404849000000000455e-06 -6.510310000000000015e-06 2.283174223671000203e+00
1.390000000000000036e+01 -6.437990000000000172e-06 4.422240499999999728e-06 -6.437990000000000172e-06 2.279074252619500029e+00
1.392500000000000071e+01 -6.382280000000000158e-06 4.456537000000000832e-06 -6.382280000000000158e-06 2.274984298522999993e+00
1.394999999999999929e+01 -6.341919999999999921e-06 4.506061499999999615e-06 -6.341919999999999921e-06 2.270904359698500130e+00
1.397499999999999964e+01 -6.315490000000000074e-06 4.569021500000000280e-06 -6.315490000000000074e-06 2.266844434338500136e+00
1.400000000000000000e+01 -6.301480000000000017e-06 4.643467999999999636e-06 -6.301480000000000017e-06 2.262794520471999693e+00
1.402500000000000036e+01 -6.298279999999999776e-06 4.727354499999999531e-06 -6.298279999999999776e-06 2.258764616025500160e+00
1.405000000000000071e+01 -6.304249999999999822e-06 4.818568399999999630e-06 -6.304249999999999822e-06 2.254744718851600105e+00
1.407499999999999929e+01 -6.317679999999999963e-06 4.914988300000000709e-06 -6.317679999999999963e-06 2.250734826791700005e+00
1.409999999999999964e+01 -6.336879999999999712e-06 5.014435750000000095e-06 -6.336879999999999712e-06 2.246744937624249872e+00
1.412500000000000000e+01 -6.360129999999999870e-06 5.114763600000000660e-06 -6.360129999999999870e-06 2.242765049156400181e+00
1.415000000000000036e+01 -6.385739999999999952e-06 5.213875850000000449e-06 -6.385739999999999952e-06 2.238805159244150023e+00
1.417500000000000071e+01 -6.412049999999999875e-06 5.309707200000000031e-06 -6.412049999999999875e-06 2.234855265772799804e+00
1.419999999999999929e+01 -6.437460000000000365e-06 5.400312699999999684e-06 -6.437460000000000365e-06 2.230925366747299687e+00
1.422499999999999964e+01 -6.460450000000000123e-06 5.483887199999999438e-06 -6.460450000000000123e-06 2.227005460312800000e+00
1.425000000000000000e+01 -6.479609999999999614e-06 5.558634899999999569e-06 -6.479609999999999614e-06 2.223095544625099951e+00
1.427500000000000036e+01 -6.493619999999999671e-06 5.623139009999999419e-06 -6.493619999999999671e-06 2.219205618220990051e+00
1.430000000000000071e+01 -6.501290000000000057e-06 5.675921349999999887e-06 -6.501290000000000057e-06 2.215325679578650231e+00
1.432499999999999929e+01 -6.501580000000000015e-06 5.715831950000000466e-06 -6.501580000000000015e-06 2.211455727508050195e+00
1.434999999999999964e+01 -6.493590000000000114e-06 5.741898749999999944e-06 -6.493590000000000114e-06 2.207605761001249611e+00
1.437500000000000000e+01 -6.476580000000000255e-06 5.753347250000000551e-06 -6.476580000000000255e-06 2.203765779252750079e+00
1.440000000000000036e+01 -6.449949999999999969e-06 5.749600349999999762e-06 -6.449949999999999969e-06 2.199935781659650313e+00
1.442500000000000071e+01 -6.413329999999999632e-06 5.730328049999999902e-06 -6.413329999999999632e-06 2.196125767871949908e+00
1.444999999999999929e+01 -6.366430000000000132e-06 5.695397299999999661e-06 -6.366430000000000132e-06 2.192325737742700120e+00
1.447499999999999964e+01 -6.309210000000000364e-06 5.644931850000000071e-06 -6.309210000000000364e-06 2.188545691388150249e+00
1.450000000000000000e+01 -6.241769999999999702e-06 5.579262249999999320e-06 -6.241769999999999702e-06 2.184765629137749965e+00
1.452500000000000036e+01 -6.164370000000000240e-06 5.498885700000000205e-06 -6.164370000000000240e-06 2.181005551494299866e+00
1.455000000000000071e+01 -6.077430000000000019e-06 5.404555999999999522e-06 -6.077430000000000019e-06 2.177255459223999878e+00
1.457499999999999929e+01 -5.981560000000000207e-06 5.297184300000000091e-06 -5.981560000000000207e-06 2.173525353255699955e+00
1.459999999999999964e+01 -5.877440000000000092e-06 5.177857649999999487e-06 -5.877440000000000092e-06 2.169805234702349761e+00
1.462500000000000000e+01 -5.765929999999999698e-06 5.047820900000000194e-06 -5.765929999999999698e-06 2.166095104839099950e+00
1.465000000000000036e+01 -5.647999999999999965e-06 4.908485899999999774e-06 -5.647999999999999965e-06 2.162394965114099676e+00
1.467500000000000071e+01 -5.524730000000000211e-06 4.761331699999999847e-06 -5.524730000000000211e-06 2.158714817048299928e+00
1.469999999999999929e+01 -5.397280000000000271e-06 4.607985200000000281e-06 -5.397280000000000271e-06 2.155044662314800075e+00
1.472499999999999964e+01 -5.266869999999999939e-06 4.450131150000000518e-06 -5.266869999999999939e-06 2.151384502648850283e+00
1.475000000000000000e+01 -5.134810000000000225e-06 4.289542450000000644e-06 -5.134810000000000225e-06 2.147734339877550358e+00
1.477500000000000036e+01 -5.002430000000000147e-06 4.127980699999999988e-06 -5.002430000000000147e-06 2.144104175819300018e+00
1.480000000000000071e+01 -4.871070000000000273e-06 3.967266150000000356e-06 -4.871070000000000273e-06 2.140484012353850218e+00
1.482499999999999929e+01 -4.742209999999999952e-06 3.809188550000000066e-06 -4.742209999999999952e-06 2.136873851331450247e+00
1.484999999999999964e+01 -4.616990000000000158e-06 3.655516899999999878e-06 -4.616990000000000158e-06 2.133273694583099900e+00
1.487500000000000000e+01 -4.496699999999999654e-06 3.507960350000000079e-06 -4.496699999999999654e-06 2.129683543879650198e+00
1.490000000000000036e+01 -4.382859999999999741e-06 3.368178249999999874e-06 -4.382859999999999741e-06 2.126113400941750164e+00
1.492500000000000071e+01 -4.276580000000000142e-06 3.237700550000000024e-06 -4.276580000000000142e-06 2.122553267359450047e+00
1.494999999999999929e+01 -4.178979999999999586e-06 3.118018150000000030e-06 -4.178979999999999586e-06 2.119003144681850248e+00
1.497499999999999964e+01 -4.091120000000000227e-06 3.010423200000000312e-06 -4.091120000000000227e-06 2.115463034256800157e+00
1.500000000000000000e+01 -4.013940000000000062e-06 2.916129500000000199e-06 -4.013940000000000062e-06 2.111942937350500316e+00
1.502500000000000036e+01 -3.948299999999999958e-06 2.836152550000000087e-06 -3.948299999999999958e-06 2.108422855027450193e+00
1.505000000000000071e+01 -3.894889999999999905e-06 2.771380100000000076e-06 -3.894889999999999905e-06 2.104922788219899754e+00
1.507499999999999929e+01 -3.854330000000000077e-06 2.722532100000000167e-06 -3.854330000000000077e-06 2.101432737687900065e+00
1.509999999999999964e+01 -3.827050000000000060e-06 2.690121099999999759e-06 -3.827050000000000060e-06 2.097952703978899880e+00
1.512500000000000000e+01 -3.813380000000000071e-06 2.674502199999999907e-06 -3.813380000000000071e-06 2.094482687477799754e+00
1.515000000000000036e+01 -3.813479999999999867e-06 2.675853549999999930e-06 -3.813479999999999867e-06 2.091032688386449845e+00
1.517500000000000071e+01 -3.827390000000000128e-06 2.694146050000000145e-06 -3.827390000000000128e-06 2.087582706693949852e+00
1.519999999999999929e+01 -3.854969999999999956e-06 2.729183499999999922e-06 -3.854969999999999956e-06 2.084152742216500265e+00
1.522499999999999964e+01 -3.895970000000000071e-06 2.780622899999999747e-06 -3.895970000000000071e-06 2.080732794617099923e+00
1.525000000000000000e+01 -3.949989999999999598e-06 2.847814099999999978e-06 -3.949989999999999598e-06 2.077322863245899764e+00
1.527500000000000036e+01 -4.016489999999999724e-06 2.930100000000000118e-06 -4.016489999999999724e-06 2.073922947440000275e+00
1.530000000000000071e+01 -4.094829999999999723e-06 3.026576299999999959e-06 -4.094829999999999723e-06 2.070533046283700163e+00
1.532499999999999929e+01 -4.184210000000000381e-06 3.136271300000000016e-06 -4.184210000000000381e-06 2.067153158788699763e+00
1.534999999999999964e+01 -4.283729999999999727e-06 3.257986500000000134e-06 -4.283729999999999727e-06 2.063783283733499729e+00
1.537500000000000000e+01 -4.392410000000000353e-06 3.390435349999999878e-06 -4.392410000000000353e-06 2.060433419804650335e+00
1.540000000000000036e+01 -4.509159999999999701e-06 3.532223850000000156e-06 -4.509159999999999701e-06 2.057083565576149908e+00
1.542500000000000071e+01 -4.632830000000000331e-06 3.681899949999999880e-06 -4.632830000000000331e-06 2.053753719560050151e+00
1.544999999999999929e+01 -4.762199999999999908e-06 3.837903600000000488e-06 -4.762199999999999908e-06 2.050423880156400092e+00
1.547499999999999964e+01 -4.895990000000000366e-06 3.998606249999999728e-06 -4.895990000000000366e-06 2.047114045693749773e+00
1.550000000000000000e+01 -5.032879999999999999e-06 4.162360750000000296e-06 -5.032879999999999999e-06 2.043814214479250158e+00
1.552500000000000036e+01 -5.171549999999999639e-06 4.327490950000000065e-06 -5.171549999999999639e-06 2.040524384789049961e+00
1.555000000000000071e+01 -5.310649999999999713e-06 4.492311599999999898e-06 -5.310649999999999713e-06 2.037244554888399950e+00
1.557499999999999929e+01 -5.448839999999999656e-06 4.655147949999999358e-06 -5.448839999999999656e-06 2.033974723052049960e+00
1.559999999999999964e+01 -5.584789999999999599e-06 4.814365349999999898e-06 -5.584789999999999599e-06 2.030714887594649909e+00
1.562500000000000000e+01 -5.717229999999999639e-06 4.968339200000000253e-06 -5.717229999999999639e-06 2.027465046840799978e+00
1.565000000000000036e+01 -5.844959999999999685e-06 5.115544600000000407e-06 -5.844959999999999685e-06 2.024225199215400117e+00
1.567500000000000071e+01 -5.966709999999999832e-06 5.254495850000000240e-06 -5.966709999999999832e-06 2.020995343184149640e+00
1.569999999999999929e+01 -6.081380000000000210e-06 5.383846550000000533e-06 -6.081380000000000210e-06 2.017775477353449975e+00
1.572499999999999964e+01 -6.187889999999999805e-06 5.502288999999999726e-06 -6.187889999999999805e-06 2.014575600370999808e+00
1.575000000000000000e+01 -6.285440000000000252e-06 5.608714499999999848e-06 -6.285440000000000252e-06 2.011375711085499951e+00
1.577500000000000036e+01 -6.373130000000000423e-06 5.702062000000000227e-06 -6.373130000000000423e-06 2.008185808397999761e+00
1.580000000000000071e+01 -6.450239999999999927e-06 5.781418999999999712e-06 -6.450239999999999927e-06 2.005005891360999826e+00
1.582499999999999929e+01 -6.516129999999999732e-06 5.846051999999999335e-06 -6.516129999999999732e-06 2.001845959208000014e+00
1.584999999999999964e+01 -6.570310000000000287e-06 5.895333500000000093e-06 -6.570310000000000287e-06 1.998686011286499919e+00
1.587500000000000000e+01 -6.612439999999999831e-06 5.928776000000000070e-06 -6.612439999999999831e-06 1.995536047084000009e+00
1.590000000000000036e+01 -6.642270000000000357e-06 5.946166999999999646e-06 -6.642270000000000357e-06 1.992396066373000041e+00
1.592500000000000071e+01 -6.659719999999999656e-06 5.947323500000000759e-06 -6.659719999999999656e-06 1.989276068956500110e+00
1.594999999999999929e+01 -6.664819999999999828e-06 5.932288999999999844e-06 -6.664819999999999828e-06 1.986156054870999998e+00
1.597499999999999964e+01 -6.657740000000000058e-06 5.901225500000000104e-06 -6.657740000000000058e-06 1.983046024274499830e+00
1.600000000000000000e+01 -6.638780000000000158e-06 5.854501000000000683e-06 -6.638780000000000158e-06 1.979945977539000035e+00
1.602499999999999858e+01 -6.608380000000000416e-06 5.792641499999999586e-06 -6.608380000000000416e-06 1.976855915198499902e+00
1.605000000000000071e+01 -6.567090000000000342e-06 5.716221500000000070e-06 -6.567090000000000342e-06 1.973775837838499969e+00
1.607499999999999929e+01 -6.515609999999999777e-06 5.626061000000000207e-06 -6.515609999999999777e-06 1.970705746298999861e+00
1.610000000000000142e+01 -6.454719999999999925e-06 5.523099499999999990e-06 -6.454719999999999925e-06 1.967645641540500145e+00
1.612500000000000000e+01 -6.385320000000000217e-06 5.408382999999999917e-06 -6.385320000000000217e-06 1.964595524637000157e+00
1.614999999999999858e+01 -6.308439999999999862e-06 5.283085499999999784e-06 -6.308439999999999862e-06 1.961555396794499861e+00
1.617500000000000071e+01 -6.225159999999999873e-06 5.148490000000000066e-06 -6.225159999999999873e-06 1.958525259329999990e+00
1.619999999999999929e+01 -6.136669999999999641e-06 5.005966000000000345e-06 -6.136669999999999641e-06 1.955505113654000038e+00
1.622500000000000142e+01 -6.044230000000000066e-06 4.856993000000000272e-06 -6.044230000000000066e-06 1.952484961286999887e+00
1.625000000000000000e+01 -5.949170000000000166e-06 4.703127500000000144e-06 -5.949170000000000166e-06 1.949484803832500113e+00
1.627499999999999858e+01 -5.852850000000000214e-06 4.545895249999999461e-06 -5.852850000000000214e-06 1.946494642864750046e+00
1.630000000000000071e+01 -5.756700000000000296e-06 4.386991399999999815e-06 -5.756700000000000296e-06 1.943504480128600109e+00
1.632499999999999929e+01 -5.662160000000000351e-06 4.228069600000000065e-06 -5.662160000000000351e-06 1.940524317330400095e+00
1.635000000000000142e+01 -5.570709999999999727e-06 4.070842900000000245e-06 -5.570709999999999727e-06 1.937564156237099988e+00
1.637500000000000000e+01 -5.483819999999999615e-06 3.917024050000000568e-06 -5.483819999999999615e-06 1.934603998615950005e+00
1.639999999999999858e+01 -5.402920000000000102e-06 3.768315399999999947e-06 -5.402920000000000102e-06 1.931653846224600013e+00
1.642500000000000071e+01 -5.329560000000000350e-06 3.626419400000000196e-06 -5.329560000000000350e-06 1.928713700820599897e+00
1.644999999999999929e+01 -5.265130000000000190e-06 3.492968600000000291e-06 -5.265130000000000190e-06 1.925783564091400057e+00
1.647500000000000142e+01 -5.211020000000000296e-06 3.369576050000000046e-06 -5.211020000000000296e-06 1.922863437703949963e+00
1.650000000000000000e+01 -5.168590000000000094e-06 3.257795350000000247e-06 -5.168590000000000094e-06 1.919943323264649893e+00
1.652499999999999858e+01 -5.139130000000000041e-06 3.159170900000000074e-06 -5.139130000000000041e-06 1.917043222369100075e+00
1.655000000000000071e+01 -5.123890000000000336e-06 3.075108150000000130e-06 -5.123890000000000336e-06 1.914143136471849971e+00
1.657499999999999929e+01 -5.124020000000000113e-06 3.006923649999999987e-06 -5.124020000000000113e-06 1.911263066936349952e+00
1.660000000000000142e+01 -5.140579999999999832e-06 2.955885649999999765e-06 -5.140579999999999832e-06 1.908383015074349931e+00
1.662500000000000000e+01 -5.174539999999999588e-06 2.923103149999999796e-06 -5.174539999999999588e-06 1.905512982036849934e+00
1.664999999999999858e+01 -5.226849999999999770e-06 2.909657800000000089e-06 -5.226849999999999770e-06 1.902652968942200040e+00
1.667500000000000071e+01 -5.298260000000000328e-06 2.916461899999999803e-06 -5.298260000000000328e-06 1.899792976738100103e+00
1.669999999999999929e+01 -5.389470000000000256e-06 2.944300950000000184e-06 -5.389470000000000256e-06 1.896953006239049833e+00
1.672500000000000142e+01 -5.501049999999999618e-06 2.993861300000000053e-06 -5.501049999999999618e-06 1.894113058158700014e+00
1.675000000000000000e+01 -5.633460000000000100e-06 3.065701950000000227e-06 -5.633460000000000100e-06 1.891293133078050026e+00
1.677499999999999858e+01 -5.787049999999999929e-06 3.160233750000000073e-06 -5.787049999999999929e-06 1.888473231426250010e+00
1.680000000000000071e+01 -5.962040000000000095e-06 3.277769900000000274e-06 -5.962040000000000095e-06 1.885663353530099950e+00
1.682499999999999929e+01 -6.158520000000000118e-06 3.418455899999999659e-06 -6.158520000000000118e-06 1.882863499544100039e+00
1.685000000000000142e+01 -6.376509999999999703e-06 3.582309000000000026e-06 -6.376509999999999703e-06 1.880063669491000011e+00
1.687500000000000000e+01 -6.615879999999999920e-06 3.769269150000000175e-06 -6.615879999999999920e-06 1.877283863310849954e+00
1.689999999999999858e+01 -6.876370000000000369e-06 3.979068500000000238e-06 -6.876370000000000369e-06 1.874504080731500100e+00
1.692500000000000071e+01 -7.157619999999999582e-06 4.211371499999999562e-06 -7.157619999999999582e-06 1.871734321408499824e+00
1.694999999999999929e+01 -7.459150000000000403e-06 4.465693500000000005e-06 -7.459150000000000403e-06 1.868974584846500031e+00
1.697500000000000142e+01 -7.780379999999999528e-06 4.741434000000000554e-06 -7.780379999999999528e-06 1.866224870426000049e+00
1.700000000000000000e+01 -8.120630000000000209e-06 5.037862999999999270e-06 -8.120630000000000209e-06 1.863475177396999971e+00
1.702499999999999858e+01 -8.479110000000000545e-06 5.354203000000000209e-06 -8.479110000000000545e-06 1.860745504957000085e+00
1.705000000000000071e+01 -8.854939999999999960e-06 5.689528000000000256e-06 -8.854939999999999960e-06 1.858015852152000047e+00
1.707499999999999929e+01 -9.247150000000000056e-06 6.042813999999999942e-06 -9.247150000000000056e-06 1.855296217926000191e+00
1.710000000000000142e+01 -9.654679999999999523e-06 6.412958500000000071e-06 -9.654679999999999523e-06 1.852586601141499978e+00
1.712500000000000000e+01 -1.007640000000000063e-05 6.798791000000000412e-06 -1.007640000000000063e-05 1.849877000588999953e+00
1.714999999999999858e+01 -1.051110000000000004e-05 7.199041499999999368e-06 -1.051110000000000004e-05 1.847187414958500140e+00
1.717500000000000071e+01 -1.095759999999999992e-05 7.612401500000000100e-06 -1.095759999999999992e-05 1.844497842898499940e+00
1.719999999999999929e+01 -1.141450000000000057e-05 8.037484499999999804e-06 -1.141450000000000057e-05 1.841818282975499876e+00
1.722500000000000142e+01 -1.188040000000000064e-05 8.472863499999999960e-06 -1.188040000000000064e-05 1.839138733716499940e+00
1.725000000000000000e+01 -1.235400000000000064e-05 8.917124000000000380e-06 -1.235400000000000064e-05 1.836479193656000097e+00
1.727499999999999858e+01 -1.283380000000000069e-05 9.368660499999999203e-06 -1.283380000000000069e-05 1.833819661139499901e+00
1.730000000000000071e+01 -1.331829999999999918e-05 9.826009499999999760e-06 -1.331829999999999918e-05 1.831170134650499826e+00
1.732499999999999929e+01 -1.380620000000000005e-05 1.028761649999999969e-05 -1.380620000000000005e-05 1.828530612583499915e+00
1.735000000000000142e+01 -1.429579999999999957e-05 1.075189799999999902e-05 -1.429579999999999957e-05 1.825891093302000057e+00
1.737500000000000000e+01 -1.478559999999999952e-05 1.121745149999999958e-05 -1.478559999999999952e-05 1.823271575348500040e+00
1.739999999999999858e+01 -1.527430000000000045e-05 1.168250349999999995e-05 -1.527430000000000045e-05 1.820652056896500115e+00
1.742500000000000071e+01 -1.576029999999999884e-05 1.214578049999999981e-05 -1.576029999999999884e-05 1.818032536619500039e+00
1.744999999999999929e+01 -1.624219999999999841e-05 1.260550750000000037e-05 -1.624219999999999841e-05 1.815433012692500014e+00
1.747500000000000142e+01 -1.671849999999999926e-05 1.306051199999999921e-05 -1.671849999999999926e-05 1.812833483888000030e+00
1.750000000000000000e+01 -1.718780000000000169e-05 1.350901750000000012e-05 -1.718780000000000169e-05 1.810243948382499912e+00
1.752499999999999858e+01 -1.764869999999999926e-05 1.394995000000000016e-05 -1.764869999999999926e-05 1.807664405049999923e+00
1.755000000000000071e+01 -1.809999999999999950e-05 1.438173250000000046e-05 -1.809999999999999950e-05 1.805084852267500040e+00
1.757499999999999929e+01 -1.854029999999999933e-05 1.480308849999999914e-05 -1.854029999999999933e-05 1.802525288711499973e+00
1.760000000000000142e+01 -1.896839999999999952e-05 1.521284000000000053e-05 -1.896839999999999952e-05 1.799965713159999980e+00
1.762500000000000000e+01 -1.938320000000000104e-05 1.560980799999999940e-05 -1.938320000000000104e-05 1.797406124392000093e+00
1.764999999999999858e+01 -1.978340000000000103e-05 1.599291250000000152e-05 -1.978340000000000103e-05 1.794866521287500127e+00
1.767500000000000071e+01 -2.016820000000000114e-05 1.636097249999999949e-05 -2.016820000000000114e-05 1.792326902627500163e+00
1.769999999999999929e+01 -2.053639999999999874e-05 1.671330599999999776e-05 -2.053639999999999874e-05 1.789797267693999938e+00
1.772500000000000142e+01 -2.088719999999999883e-05 1.704862849999999933e-05 -2.088719999999999883e-05 1.787267615171499902e+00
1.775000000000000000e+01 -2.121969999999999946e-05 1.736585599999999882e-05 -2.121969999999999946e-05 1.784757943944000003e+00
1.777499999999999858e+01 -2.153309999999999887e-05 1.766490199999999969e-05 -2.153309999999999887e-05 1.782248253898000012e+00
1.780000000000000071e+01 -2.182679999999999912e-05 1.794487750000000004e-05 -2.182679999999999912e-05 1.779738544122499988e+00
1.782499999999999929e+01 -2.210009999999999869e-05 1.820509599999999860e-05 -2.210009999999999869e-05 1.777248813904000135e+00
1.785000000000000142e+01 -2.235249999999999986e-05 1.844506600000000098e-05 -2.235249999999999986e-05 1.774759062733999970e+00
1.787500000000000000e+01 -2.258350000000000155e-05 1.866429599999999922e-05 -2.258350000000000155e-05 1.772279290103999871e+00
1.789999999999999858e+01 -2.279269999999999948e-05 1.886259300000000218e-05 -2.279269999999999948e-05 1.769799495806999801e+00
1.792500000000000071e+01 -2.297969999999999955e-05 1.903946199999999894e-05 -2.297969999999999955e-05 1.767329679338000004e+00
1.794999999999999929e+01 -2.314449999999999838e-05 1.919490750000000203e-05 -2.314449999999999838e-05 1.764869840692500080e+00
1.797500000000000142e+01 -2.328679999999999870e-05 1.932863249999999878e-05 -2.328679999999999870e-05 1.762419979567499961e+00
1.800000000000000000e+01 -2.340640000000000006e-05 1.944063799999999877e-05 -2.340640000000000006e-05 1.759970095961999936e+00
1.802499999999999858e+01 -2.350319999999999886e-05 1.953092450000000000e-05 -2.350319999999999886e-05 1.757530189875499804e+00
1.805000000000000071e+01 -2.357739999999999893e-05 1.959959099999999989e-05 -2.357739999999999893e-05 1.755090261408999819e+00
1.807499999999999929e+01 -2.362910000000000048e-05 1.964673499999999851e-05 -2.362910000000000048e-05 1.752670310665000120e+00
1.810000000000000142e+01 -2.365840000000000035e-05 1.967265399999999971e-05 -2.365840000000000035e-05 1.750240337946000091e+00
1.812500000000000000e+01 -2.366559999999999920e-05 1.967754300000000019e-05 -2.366559999999999920e-05 1.747830343457000168e+00
1.814999999999999858e+01 -2.365090000000000085e-05 1.966189700000000072e-05 -2.365090000000000085e-05 1.745420327703000041e+00
1.817500000000000071e+01 -2.361469999999999940e-05 1.962580900000000236e-05 -2.361469999999999940e-05 1.743020290791000182e+00
1.819999999999999929e+01 -2.355739999999999912e-05 1.956997149999999935e-05 -2.355739999999999912e-05 1.740630233428499984e+00
1.822500000000000142e+01 -2.347940000000000088e-05 1.949477700000000222e-05 -2.347940000000000088e-05 1.738240156023000083e+00
1.825000000000000000e+01 -2.338119999999999901e-05 1.940071549999999780e-05 -2.338119999999999901e-05 1.735860059084500140e+00
1.827499999999999858e+01 -2.326330000000000138e-05 1.928847799999999988e-05 -2.326330000000000138e-05 1.733479943322000061e+00
1.830000000000000071e+01 -2.312629999999999913e-05 1.915845450000000185e-05 -2.312629999999999913e-05 1.731119809145500010e+00
1.832499999999999929e+01 -2.297080000000000037e-05 1.901143350000000060e-05 -2.297080000000000037e-05 1.728749657366499992e+00
1.835000000000000142e+01 -2.279749999999999984e-05 1.884810300000000158e-05 -2.279749999999999984e-05 1.726399488696999995e+00
1.837500000000000000e+01 -2.260689999999999865e-05 1.866895150000000099e-05 -2.260689999999999865e-05 1.724049303648499842e+00
1.839999999999999858e+01 -2.239989999999999877e-05 1.847496650000000017e-05 -2.239989999999999877e-05 1.721709103233499905e+00
1.842500000000000071e+01 -2.217700000000000129e-05 1.826673499999999817e-05 -2.217700000000000129e-05 1.719368888064999989e+00
1.844999999999999929e+01 -2.193920000000000164e-05 1.804494400000000102e-05 -2.193920000000000164e-05 1.717038658856000044e+00
1.847500000000000142e+01 -2.168700000000000090e-05 1.781047949999999889e-05 -2.168700000000000090e-05 1.714718416520499833e+00
1.850000000000000000e+01 -2.142120000000000084e-05 1.756393100000000116e-05 -2.142120000000000084e-05 1.712398161669000052e+00
1.852499999999999858e+01 -2.114270000000000003e-05 1.730627999999999924e-05 -2.114270000000000003e-05 1.710087895320000051e+00
1.855000000000000071e+01 -2.085220000000000002e-05 1.703831500000000019e-05 -2.085220000000000002e-05 1.707787618285000031e+00
1.857499999999999929e+01 -2.055049999999999916e-05 1.676062249999999828e-05 -2.055049999999999916e-05 1.705487331177500065e+00
1.860000000000000142e+01 -2.023839999999999922e-05 1.647418850000000081e-05 -2.023839999999999922e-05 1.703197035011499993e+00
1.862500000000000000e+01 -1.991659999999999833e-05 1.617959900000000067e-05 -1.991659999999999833e-05 1.700906730400999933e+00
1.864999999999999858e+01 -1.958590000000000165e-05 1.587774099999999757e-05 -1.958590000000000165e-05 1.698626418258999848e+00
1.867500000000000071e+01 -1.924720000000000098e-05 1.556930149999999756e-05 -1.924720000000000098e-05 1.696356099298500064e+00
1.869999999999999929e+01 -1.890120000000000125e-05 1.525506649999999903e-05 -1.890120000000000125e-05 1.694085774333500050e+00
1.872500000000000142e+01 -1.854860000000000059e-05 1.493572349999999927e-05 -1.854860000000000059e-05 1.691825444076499929e+00
1.875000000000000000e+01 -1.819010000000000055e-05 1.461205999999999914e-05 -1.819010000000000055e-05 1.689565109340000149e+00
1.877499999999999858e+01 -1.782649999999999949e-05 1.428466299999999941e-05 -1.782649999999999949e-05 1.687314770736999980e+00
1.880000000000000071e+01 -1.745859999999999917e-05 1.395432100000000032e-05 -1.745859999999999917e-05 1.685074429079000069e+00
1.882499999999999929e+01 -1.708690000000000068e-05 1.362162250000000004e-05 -1.708690000000000068e-05 1.682834084977500089e+00
1.885000000000000142e+01 -1.671229999999999922e-05 1.328715549999999869e-05 -1.671229999999999922e-05 1.680603739044500111e+00
1.887500000000000000e+01 -1.633519999999999905e-05 1.295161050000000019e-05 -1.633519999999999905e-05 1.678373391989500085e+00
1.889999999999999858e+01 -1.595639999999999854e-05 1.261547600000000078e-05 -1.595639999999999854e-05 1.676153044324000030e+00
1.892500000000000071e+01 -1.557649999999999901e-05 1.227944249999999928e-05 -1.557649999999999901e-05 1.673942696757499959e+00
1.894999999999999929e+01 -1.519610000000000008e-05 1.194400000000000118e-05 -1.519610000000000008e-05 1.671732349800000073e+00
1.897500000000000142e+01 -1.481569999999999945e-05 1.160963949999999949e-05 -1.481569999999999945e-05 1.669532003960499944e+00
1.900000000000000000e+01 -1.443579999999999992e-05 1.127695250000000068e-05 -1.443579999999999992e-05 1.667331659847499870e+00
1.902499999999999858e+01 -1.405699999999999941e-05 1.094623049999999874e-05 -1.405699999999999941e-05 1.665141317769500029e+00
1.905000000000000071e+01 -1.367980000000000072e-05 1.061796649999999900e-05 -1.367980000000000072e-05 1.662950978233500132e+00
1.907499999999999929e+01 -1.330469999999999986e-05 1.029265200000000094e-05 -1.330469999999999986e-05 1.660770641747999932e+00
1.910000000000000142e+01 -1.293199999999999917e-05 9.970482499999999283e-06 -1.293199999999999917e-05 1.658600308517500066e+00
1.912500000000000000e+01 -1.256219999999999977e-05 9.652010000000000784e-06 -1.256219999999999977e-05 1.656429979109999895e+00
1.914999999999999858e+01 -1.219560000000000060e-05 9.337429500000000450e-06 -1.219560000000000060e-05 1.654269653730500167e+00
1.917500000000000071e+01 -1.183269999999999938e-05 9.027075000000000303e-06 -1.183269999999999938e-05 1.652109332724999824e+00
1.919999999999999929e+01 -1.147369999999999994e-05 8.721212499999999638e-06 -1.147369999999999994e-05 1.649959016367499975e+00
1.922500000000000142e+01 -1.111899999999999976e-05 8.420087500000000044e-06 -1.111899999999999976e-05 1.647818704912499932e+00
1.925000000000000000e+01 -1.076889999999999950e-05 8.123925500000000015e-06 -1.076889999999999950e-05 1.645678398594500047e+00
1.927499999999999858e+01 -1.042349999999999939e-05 7.832904000000000112e-06 -1.042349999999999939e-05 1.643538097595999892e+00
1.930000000000000071e+01 -1.008330000000000051e-05 7.547189000000000256e-06 -1.008330000000000051e-05 1.641407802090999901e+00
1.932499999999999929e+01 -9.748220000000000664e-06 7.266959000000000400e-06 -9.748220000000000664e-06 1.639287512261000002e+00
1.935000000000000142e+01 -9.418610000000000613e-06 6.992271499999999483e-06 -9.418610000000000613e-06 1.637167228168499911e+00
1.937500000000000000e+01 -9.094609999999999988e-06 6.723245000000000035e-06 -9.094609999999999988e-06 1.635056949934999837e+00
1.939999999999999858e+01 -8.776349999999999413e-06 6.459947499999999698e-06 -8.776349999999999413e-06 1.632946677632500121e+00
1.942500000000000071e+01 -8.463939999999999807e-06 6.202419000000000424e-06 -8.463939999999999807e-06 1.630846411301000165e+00
1.944999999999999929e+01 -8.157479999999999696e-06 5.950688499999999836e-06 -8.157479999999999696e-06 1.628746150971499995e+00
1.947500000000000142e+01 -7.857049999999999592e-06 5.704756000000000476e-06 -7.857049999999999592e-06 1.626655896643999899e+00
1.950000000000000000e+01 -7.562710000000000306e-06 5.464602500000000337e-06 -7.562710000000000306e-06 1.624575648297500008e+00
1.952499999999999858e+01 -7.274489999999999701e-06 5.230167500000000607e-06 -7.274489999999999701e-06 1.622495405872500074e+00
1.955000000000000071e+01 -6.992410000000000024e-06 5.001402999999999962e-06 -6.992410000000000024e-06 1.620415169316999915e+00
1.957499999999999929e+01 -6.716469999999999579e-06 4.778199999999999416e-06 -6.716469999999999579e-06 1.618344938519999943e+00
1.960000000000000142e+01 -6.446639999999999657e-06 4.560460500000000075e-06 -6.446639999999999657e-06 1.616284713379499971e+00
1.962500000000000000e+01 -6.182899999999999705e-06 4.348056999999999797e-06 -6.182899999999999705e-06 1.614224493762999924e+00
1.964999999999999858e+01 -5.925199999999999615e-06 4.140830000000000637e-06 -5.925199999999999615e-06 1.612174279510000030e+00
1.967500000000000071e+01 -5.673459999999999717e-06 3.938594499999999819e-06 -5.673459999999999717e-06 1.610124070425499987e+00
1.969999999999999929e+01 -5.427600000000000347e-06 3.741173499999999867e-06 -5.427600000000000347e-06 1.608073866326500179e+00
1.972500000000000142e+01 -5.187540000000000141e-06 3.548319499999999985e-06 -5.187540000000000141e-06 1.606043666960499827e+00
1.975000000000000000e+01 -4.953150000000000171e-06 3.359817000000000260e-06 -4.953150000000000171e-06 1.604003472103000094e+00
1.977499999999999858e+01 -4.724320000000000365e-06 3.175370500000000263e-06 -4.724320000000000365e-06 1.601983281449499863e+00
1.980000000000000071e+01 -4.500900000000000393e-06 2.994694499999999844e-06 -4.500900000000000393e-06 1.599953094705500067e+00
1.982499999999999929e+01 -4.282759999999999633e-06 2.817474150000000167e-06 -4.282759999999999633e-06 1.597942911545849887e+00
1.985000000000000142e+01 -4.069719999999999890e-06 2.643344899999999991e-06 -4.069719999999999890e-06 1.595922731595099897e+00
1.987500000000000000e+01 -3.861620000000000138e-06 2.471952650000000193e-06 -3.861620000000000138e-06 1.593922554487350096e+00
1.989999999999999858e+01 -3.658269999999999789e-06 2.302863949999999892e-06 -3.658269999999999789e-06 1.591912379776049935e+00
1.992500000000000071e+01 -3.459470000000000100e-06 2.135635549999999929e-06 -3.459470000000000100e-06 1.589922207004450083e+00
1.994999999999999929e+01 -3.265020000000000208e-06 1.969785449999999706e-06 -3.265020000000000208e-06 1.587922035674550036e+00
1.997500000000000142e+01 -3.074739999999999804e-06 1.804909650000000140e-06 -3.074739999999999804e-06 1.585941865370349868e+00
2.000000000000000000e+01 -2.888249999999999833e-06 1.640072349999999837e-06 -2.888249999999999833e-06 1.583951695127649995e+00
