# raxis[fm], SN, VN, SP, VP [MeV]
0.000000000000000000e+00 -2.909929999999999950e+02 2.322669649999999990e+02 -2.909929999999999950e+02 2.450039349999999843e+02
2.500000000000000139e-02 -2.909929999999999950e+02 2.322669649999999990e+02 -2.909929999999999950e+02 2.450039349999999843e+02
5.000000000000000278e-02 -2.909900000000000091e+02 2.321262349999999799e+02 -2.909900000000000091e+02 2.448684650000000147e+02
7.499999999999999722e-02 -2.911610000000000014e+02 2.322772050000000092e+02 -2.911610000000000014e+02 2.450170949999999834e+02
1.000000000000000056e-01 -2.914039999999999964e+02 2.324956850000000088e+02 -2.914039999999999964e+02 2.452321150000000216e+02
1.250000000000000000e-01 -2.917189999999999941e+02 2.327888000000000090e+02 -2.917189999999999941e+02 2.455203999999999951e+02
1.499999999999999944e-01 -2.921080000000000041e+02 2.331514699999999891e+02 -2.921080000000000041e+02 2.458769299999999873e+02
1.749999999999999889e-01 -2.925690000000000168e+02 2.335806900000000041e+02 -2.925690000000000168e+02 2.462987100000000282e+02
2.000000000000000111e-01 -2.930980000000000132e+02 2.340754699999999957e+02 -2.930980000000000132e+02 2.467848299999999995e+02
2.250000000000000056e-01 -2.936970000000000027e+02 2.346348099999999874e+02 -2.936970000000000027e+02 2.473342900000000100e+02
2.500000000000000000e-01 -2.943629999999999995e+02 2.352577300000000093e+02 -2.943629999999999995e+02 2.479459699999999884e+02
2.750000000000000222e-01 -2.950950000000000273e+02 2.359432500000000061e+02 -2.950950000000000273e+02 2.486189499999999839e+02
2.999999999999999889e-01 -2.958929999999999723e+02 2.366893799999999999e+02 -2.958929999999999723e+02 2.493511200000000372e+02
3.250000000000000111e-01 -2.967549999999999955e+02 2.374951549999999827e+02 -2.967549999999999955e+02 2.501415450000000078e+02
3.499999999999999778e-01 -2.976800000000000068e+02 2.383585600000000113e+02 -2.976800000000000068e+02 2.509881400000000156e+02
3.750000000000000000e-01 -2.986659999999999968e+02 2.392806799999999896e+02 -2.986659999999999968e+02 2.518918199999999956e+02
4.000000000000000222e-01 -2.997119999999999891e+02 2.402585149999999885e+02 -2.997119999999999891e+02 2.528496849999999938e+02
4.249999999999999889e-01 -3.008170000000000073e+02 2.412900850000000048e+02 -3.008170000000000073e+02 2.538597150000000227e+02
4.500000000000000111e-01 -3.019780000000000086e+02 2.423744199999999864e+02 -3.019780000000000086e+02 2.549206800000000044e+02
4.749999999999999778e-01 -3.031929999999999836e+02 2.435095499999999902e+02 -3.031929999999999836e+02 2.560308499999999867e+02
5.000000000000000000e-01 -3.044619999999999891e+02 2.446935049999999876e+02 -3.044619999999999891e+02 2.571878949999999691e+02
5.250000000000000222e-01 -3.057819999999999823e+02 2.459243100000000197e+02 -3.057819999999999823e+02 2.583899900000000116e+02
5.500000000000000444e-01 -3.071510000000000105e+02 2.472009950000000060e+02 -3.071510000000000105e+02 2.596360050000000115e+02
5.749999999999999556e-01 -3.085670000000000073e+02 2.485205949999999859e+02 -3.085670000000000073e+02 2.609229050000000143e+02
5.999999999999999778e-01 -3.100289999999999964e+02 2.498811350000000004e+02 -3.100289999999999964e+02 2.622487649999999917e+02
6.250000000000000000e-01 -3.115319999999999823e+02 2.512816449999999975e+02 -3.115319999999999823e+02 2.636124550000000113e+02
6.500000000000000222e-01 -3.130769999999999982e+02 2.527181599999999833e+02 -3.130769999999999982e+02 2.650099399999999719e+02
6.750000000000000444e-01 -3.146589999999999918e+02 2.541896950000000004e+02 -3.146589999999999918e+02 2.664402049999999917e+02
6.999999999999999556e-01 -3.162780000000000200e+02 2.556942899999999952e+02 -3.162780000000000200e+02 2.679012099999999919e+02
7.249999999999999778e-01 -3.179300000000000068e+02 2.572289650000000165e+02 -3.179300000000000068e+02 2.693900350000000117e+02
7.500000000000000000e-01 -3.196129999999999995e+02 2.587917449999999917e+02 -3.196129999999999995e+02 2.709044549999999845e+02
7.750000000000000222e-01 -3.213249999999999886e+02 2.603796550000000138e+02 -3.213249999999999886e+02 2.724416449999999941e+02
8.000000000000000444e-01 -3.230629999999999882e+02 2.619917149999999992e+02 -3.230629999999999882e+02 2.740004849999999692e+02
8.249999999999999556e-01 -3.248249999999999886e+02 2.636239499999999794e+02 -3.248249999999999886e+02 2.755768500000000358e+02
8.499999999999999778e-01 -3.266080000000000041e+02 2.652753700000000094e+02 -3.266080000000000041e+02 2.771699300000000221e+02
8.750000000000000000e-01 -3.284089999999999918e+02 2.669429999999999836e+02 -3.284089999999999918e+02 2.787765999999999735e+02
9.000000000000000222e-01 -3.302269999999999754e+02 2.686248499999999808e+02 -3.302269999999999754e+02 2.803947500000000446e+02
9.250000000000000444e-01 -3.320570000000000164e+02 2.703179300000000467e+02 -3.320570000000000164e+02 2.820214699999999652e+02
9.499999999999999556e-01 -3.338990000000000009e+02 2.720192499999999995e+02 -3.338990000000000009e+02 2.836538499999999772e+02
9.749999999999999778e-01 -3.357490000000000236e+02 2.737278200000000083e+02 -3.357490000000000236e+02 2.852906800000000658e+02
1.000000000000000000e+00 -3.376050000000000182e+02 2.754406399999999735e+02 -3.376050000000000182e+02 2.869290599999999927e+02
1.024999999999999911e+00 -3.394630000000000223e+02 2.771557099999999991e+02 -3.394630000000000223e+02 2.885668900000000008e+02
1.050000000000000044e+00 -3.413229999999999791e+02 2.788700299999999856e+02 -3.413229999999999791e+02 2.902013699999999972e+02
1.074999999999999956e+00 -3.431809999999999832e+02 2.805795950000000403e+02 -3.431809999999999832e+02 2.918283050000000003e+02
1.100000000000000089e+00 -3.450339999999999918e+02 2.822883999999999673e+02 -3.450339999999999918e+02 2.934517999999999915e+02
1.125000000000000000e+00 -3.468809999999999718e+02 2.839884250000000065e+02 -3.468809999999999718e+02 2.950637750000000210e+02
1.149999999999999911e+00 -3.487180000000000177e+02 2.856786600000000362e+02 -3.487180000000000177e+02 2.966634399999999800e+02
1.175000000000000044e+00 -3.505439999999999827e+02 2.873580800000000295e+02 -3.505439999999999827e+02 2.982495200000000182e+02
1.199999999999999956e+00 -3.523570000000000277e+02 2.890246750000000020e+02 -3.523570000000000277e+02 2.998203250000000253e+02
1.225000000000000089e+00 -3.541530000000000200e+02 2.906754050000000120e+02 -3.541530000000000200e+02 3.013726949999999647e+02
1.250000000000000000e+00 -3.559309999999999832e+02 2.923082549999999742e+02 -3.559309999999999832e+02 3.029046450000000164e+02
1.274999999999999911e+00 -3.576890000000000214e+02 2.939221850000000131e+02 -3.576890000000000214e+02 3.044153149999999641e+02
1.300000000000000044e+00 -3.594239999999999782e+02 2.955151549999999929e+02 -3.594239999999999782e+02 3.059027450000000385e+02
1.324999999999999956e+00 -3.611349999999999909e+02 2.970861350000000130e+02 -3.611349999999999909e+02 3.073658649999999852e+02
1.350000000000000089e+00 -3.628199999999999932e+02 2.986310700000000224e+02 -3.628199999999999932e+02 3.088007299999999873e+02
1.375000000000000000e+00 -3.644769999999999754e+02 3.001499249999999961e+02 -3.644769999999999754e+02 3.102074750000000449e+02
1.399999999999999911e+00 -3.661039999999999850e+02 3.016416399999999953e+02 -3.661039999999999850e+02 3.115851600000000303e+02
1.425000000000000044e+00 -3.676999999999999886e+02 3.031041649999999663e+02 -3.676999999999999886e+02 3.129317350000000033e+02
1.449999999999999956e+00 -3.692620000000000005e+02 3.045294450000000097e+02 -3.692620000000000005e+02 3.142392550000000142e+02
1.475000000000000089e+00 -3.707900000000000205e+02 3.059364199999999983e+02 -3.707900000000000205e+02 3.155267800000000307e+02
1.500000000000000000e+00 -3.722810000000000059e+02 3.073029999999999973e+02 -3.722810000000000059e+02 3.167725000000000364e+02
1.524999999999999911e+00 -3.737359999999999900e+02 3.086381650000000150e+02 -3.737359999999999900e+02 3.179854349999999954e+02
1.550000000000000044e+00 -3.751519999999999868e+02 3.099358599999999910e+02 -3.751519999999999868e+02 3.191594400000000178e+02
1.574999999999999956e+00 -3.765289999999999964e+02 3.111979349999999727e+02 -3.765289999999999964e+02 3.202968649999999684e+02
1.600000000000000089e+00 -3.778659999999999854e+02 3.124223499999999945e+02 -3.778659999999999854e+02 3.213957499999999641e+02
1.625000000000000000e+00 -3.791610000000000014e+02 3.136100000000000136e+02 -3.791610000000000014e+02 3.224569999999999936e+02
1.649999999999999911e+00 -3.804150000000000205e+02 3.147599000000000160e+02 -3.804150000000000205e+02 3.234798000000000684e+02
1.675000000000000044e+00 -3.816259999999999764e+02 3.158698500000000422e+02 -3.816259999999999764e+02 3.244622499999999832e+02
1.699999999999999956e+00 -3.827939999999999827e+02 3.169408499999999549e+02 -3.827939999999999827e+02 3.254054499999999734e+02
1.725000000000000089e+00 -3.839180000000000064e+02 3.179718000000000302e+02 -3.839180000000000064e+02 3.263084000000000060e+02
1.750000000000000000e+00 -3.849990000000000236e+02 3.189636000000000422e+02 -3.849990000000000236e+02 3.271722000000000321e+02
1.774999999999999911e+00 -3.860360000000000014e+02 3.199161499999999592e+02 -3.860360000000000014e+02 3.279969500000000266e+02
1.800000000000000044e+00 -3.870299999999999727e+02 3.208283999999999878e+02 -3.870299999999999727e+02 3.287817999999999756e+02
1.824999999999999956e+00 -3.879789999999999850e+02 3.217011999999999716e+02 -3.879789999999999850e+02 3.295278000000000134e+02
1.850000000000000089e+00 -3.888849999999999909e+02 3.225334999999999468e+02 -3.888849999999999909e+02 3.302339999999999804e+02
1.875000000000000000e+00 -3.897470000000000141e+02 3.233271500000000174e+02 -3.897470000000000141e+02 3.309026499999999942e+02
1.899999999999999911e+00 -3.905670000000000073e+02 3.240821500000000128e+02 -3.905670000000000073e+02 3.315336500000000228e+02
1.925000000000000044e+00 -3.913439999999999941e+02 3.247973499999999945e+02 -3.913439999999999941e+02 3.321261499999999955e+02
1.949999999999999956e+00 -3.920799999999999841e+02 3.254756999999999607e+02 -3.920799999999999841e+02 3.326833000000000311e+02
1.975000000000000089e+00 -3.927749999999999773e+02 3.261150499999999965e+02 -3.927749999999999773e+02 3.332030500000000188e+02
2.000000000000000000e+00 -3.934289999999999736e+02 3.267182999999999993e+02 -3.934289999999999736e+02 3.336886999999999830e+02
2.024999999999999911e+00 -3.940459999999999923e+02 3.272864500000000021e+02 -3.940459999999999923e+02 3.341412500000000136e+02
2.049999999999999822e+00 -3.946229999999999905e+02 3.278183500000000095e+02 -3.946229999999999905e+02 3.345597499999999513e+02
2.075000000000000178e+00 -3.951639999999999873e+02 3.283168999999999755e+02 -3.951639999999999873e+02 3.349472999999999843e+02
2.100000000000000089e+00 -3.956689999999999827e+02 3.287820500000000266e+02 -3.956689999999999827e+02 3.353039499999999862e+02
2.125000000000000000e+00 -3.961390000000000100e+02 3.292156999999999698e+02 -3.961390000000000100e+02 3.356319000000000301e+02
2.149999999999999911e+00 -3.965769999999999982e+02 3.296177999999999884e+02 -3.965769999999999982e+02 3.359311999999999898e+02
2.174999999999999822e+00 -3.969830000000000041e+02 3.299902500000000032e+02 -3.969830000000000041e+02 3.362037500000000136e+02
2.200000000000000178e+00 -3.973589999999999804e+02 3.303359500000000253e+02 -3.973589999999999804e+02 3.364528500000000122e+02
2.225000000000000089e+00 -3.977069999999999936e+02 3.306528500000000008e+02 -3.977069999999999936e+02 3.366765499999999633e+02
2.250000000000000000e+00 -3.980280000000000200e+02 3.309458999999999946e+02 -3.980280000000000200e+02 3.368797000000000708e+02
2.274999999999999911e+00 -3.983249999999999886e+02 3.312139999999999986e+02 -3.983249999999999886e+02 3.370616999999999734e+02
2.299999999999999822e+00 -3.985980000000000132e+02 3.314601000000000113e+02 -3.985980000000000132e+02 3.372253000000000043e+02
2.325000000000000178e+00 -3.988500000000000227e+02 3.316852000000000089e+02 -3.988500000000000227e+02 3.373717999999999506e+02
2.350000000000000089e+00 -3.990830000000000268e+02 3.318911500000000387e+02 -3.990830000000000268e+02 3.375030499999999734e+02
2.375000000000000000e+00 -3.992980000000000018e+02 3.320789500000000203e+02 -3.992980000000000018e+02 3.376202499999999986e+02
2.399999999999999911e+00 -3.994979999999999905e+02 3.322515999999999963e+02 -3.994979999999999905e+02 3.377264000000000124e+02
2.424999999999999822e+00 -3.996840000000000259e+02 3.324089999999999918e+02 -3.996840000000000259e+02 3.378215000000000146e+02
2.450000000000000178e+00 -3.998580000000000041e+02 3.325539499999999862e+02 -3.998580000000000041e+02 3.379088500000000295e+02
2.475000000000000089e+00 -4.000230000000000246e+02 3.326889499999999771e+02 -4.000230000000000246e+02 3.379898499999999899e+02
2.500000000000000000e+00 -4.001809999999999832e+02 3.328104999999999905e+02 -4.001809999999999832e+02 3.380619999999999550e+02
2.524999999999999911e+00 -4.003319999999999936e+02 3.329276499999999714e+02 -4.003319999999999936e+02 3.381343499999999835e+02
2.549999999999999822e+00 -4.004800000000000182e+02 3.330384999999999991e+02 -4.004800000000000182e+02 3.382048000000000343e+02
2.575000000000000178e+00 -4.006259999999999764e+02 3.331460000000000150e+02 -4.006259999999999764e+02 3.382762999999999920e+02
2.600000000000000089e+00 -4.007719999999999914e+02 3.332501499999999623e+02 -4.007719999999999914e+02 3.383489500000000021e+02
2.625000000000000000e+00 -4.009189999999999827e+02 3.333528999999999769e+02 -4.009189999999999827e+02 3.384246999999999730e+02
2.649999999999999911e+00 -4.010699999999999932e+02 3.334563500000000431e+02 -4.010699999999999932e+02 3.385055499999999711e+02
2.674999999999999822e+00 -4.012259999999999991e+02 3.335624500000000126e+02 -4.012259999999999991e+02 3.385935499999999934e+02
2.700000000000000178e+00 -4.013899999999999864e+02 3.336712499999999864e+02 -4.013899999999999864e+02 3.386885499999999638e+02
2.725000000000000089e+00 -4.015620000000000118e+02 3.337857500000000073e+02 -4.015620000000000118e+02 3.387935499999999820e+02
2.750000000000000000e+00 -4.017440000000000282e+02 3.339060499999999934e+02 -4.017440000000000282e+02 3.389086499999999660e+02
2.774999999999999911e+00 -4.019379999999999882e+02 3.340341000000000236e+02 -4.019379999999999882e+02 3.390356000000000449e+02
2.799999999999999822e+00 -4.021449999999999818e+02 3.341699500000000285e+02 -4.021449999999999818e+02 3.391746499999999855e+02
2.825000000000000178e+00 -4.023659999999999854e+02 3.343167500000000132e+02 -4.023659999999999854e+02 3.393283500000000004e+02
2.850000000000000089e+00 -4.026019999999999754e+02 3.344754499999999666e+02 -4.026019999999999754e+02 3.394980499999999779e+02
2.875000000000000000e+00 -4.028550000000000182e+02 3.346450999999999567e+02 -4.028550000000000182e+02 3.396825000000000045e+02
2.899999999999999911e+00 -4.031250000000000000e+02 3.348278500000000122e+02 -4.031250000000000000e+02 3.398836500000000456e+02
2.924999999999999822e+00 -4.034139999999999873e+02 3.350246999999999957e+02 -4.034139999999999873e+02 3.401024000000000456e+02
2.950000000000000178e+00 -4.037210000000000036e+02 3.352357499999999959e+02 -4.037210000000000036e+02 3.403386499999999728e+02
2.975000000000000089e+00 -4.040480000000000018e+02 3.354621000000000208e+02 -4.040480000000000018e+02 3.405935000000000059e+02
3.000000000000000000e+00 -4.043949999999999818e+02 3.357067499999999995e+02 -4.043949999999999818e+02 3.408696500000000356e+02
3.024999999999999911e+00 -4.047629999999999768e+02 3.359647999999999683e+02 -4.047629999999999768e+02 3.411622000000000412e+02
3.049999999999999822e+00 -4.051510000000000105e+02 3.362394500000000335e+02 -4.051510000000000105e+02 3.414739500000000021e+02
3.075000000000000178e+00 -4.055559999999999832e+02 3.365316499999999564e+02 -4.055559999999999832e+02 3.418058500000000208e+02
3.100000000000000089e+00 -4.059889999999999759e+02 3.368396500000000060e+02 -4.059889999999999759e+02 3.421557499999999550e+02
3.125000000000000000e+00 -4.064390000000000214e+02 3.371643499999999563e+02 -4.064390000000000214e+02 3.425246500000000083e+02
3.149999999999999911e+00 -4.069089999999999918e+02 3.375060000000000286e+02 -4.069089999999999918e+02 3.429123999999999910e+02
3.174999999999999822e+00 -4.073990000000000009e+02 3.378636000000000195e+02 -4.073990000000000009e+02 3.433179000000000087e+02
3.200000000000000178e+00 -4.079069999999999823e+02 3.382373499999999922e+02 -4.079069999999999823e+02 3.437410499999999729e+02
3.225000000000000089e+00 -4.084340000000000259e+02 3.386263000000000147e+02 -4.084340000000000259e+02 3.441805999999999699e+02
3.250000000000000000e+00 -4.089769999999999754e+02 3.390305999999999926e+02 -4.089769999999999754e+02 3.446367000000000189e+02
3.274999999999999911e+00 -4.095369999999999777e+02 3.394482499999999732e+02 -4.095369999999999777e+02 3.451070500000000152e+02
3.299999999999999822e+00 -4.101120000000000232e+02 3.398795000000000073e+02 -4.101120000000000232e+02 3.455916000000000281e+02
3.325000000000000178e+00 -4.106999999999999886e+02 3.403224000000000160e+02 -4.106999999999999886e+02 3.460882000000000289e+02
3.350000000000000089e+00 -4.113000000000000114e+02 3.407770499999999743e+02 -4.113000000000000114e+02 3.465968500000000176e+02
3.375000000000000000e+00 -4.119110000000000014e+02 3.412425499999999943e+02 -4.119110000000000014e+02 3.471163500000000681e+02
3.399999999999999911e+00 -4.125310000000000059e+02 3.417160000000000082e+02 -4.125310000000000059e+02 3.476435999999999353e+02
3.424999999999999822e+00 -4.131569999999999823e+02 3.421965000000000146e+02 -4.131569999999999823e+02 3.481775000000000091e+02
3.450000000000000178e+00 -4.137880000000000109e+02 3.426832499999999868e+02 -4.137880000000000109e+02 3.487168500000000222e+02
3.475000000000000089e+00 -4.144220000000000255e+02 3.431732499999999959e+02 -4.144220000000000255e+02 3.492587499999999636e+02
3.500000000000000000e+00 -4.150559999999999832e+02 3.436666999999999916e+02 -4.150559999999999832e+02 3.498029000000000224e+02
3.524999999999999911e+00 -4.156890000000000214e+02 3.441616500000000087e+02 -4.156890000000000214e+02 3.503472500000000309e+02
3.549999999999999822e+00 -4.163170000000000073e+02 3.446551999999999794e+02 -4.163170000000000073e+02 3.508887000000000285e+02
3.575000000000000178e+00 -4.169390000000000214e+02 3.451453999999999951e+02 -4.169390000000000214e+02 3.514251999999999612e+02
3.600000000000000089e+00 -4.175509999999999877e+02 3.456313999999999851e+02 -4.175509999999999877e+02 3.519556000000000608e+02
3.625000000000000000e+00 -4.181499999999999773e+02 3.461102999999999952e+02 -4.181499999999999773e+02 3.524768000000000256e+02
3.649999999999999911e+00 -4.187350000000000136e+02 3.465791499999999701e+02 -4.187350000000000136e+02 3.529857499999999959e+02
3.674999999999999822e+00 -4.193020000000000209e+02 3.470380499999999984e+02 -4.193020000000000209e+02 3.534823499999999967e+02
3.700000000000000178e+00 -4.198489999999999895e+02 3.474821000000000026e+02 -4.198489999999999895e+02 3.539615000000000578e+02
3.725000000000000089e+00 -4.203720000000000141e+02 3.479113499999999704e+02 -4.203720000000000141e+02 3.544231500000000210e+02
3.750000000000000000e+00 -4.208679999999999950e+02 3.483218499999999835e+02 -4.208679999999999950e+02 3.548632499999999936e+02
3.774999999999999911e+00 -4.213340000000000032e+02 3.487106999999999744e+02 -4.213340000000000032e+02 3.552787000000000148e+02
3.799999999999999822e+00 -4.217669999999999959e+02 3.490778999999999996e+02 -4.217669999999999959e+02 3.556694999999999709e+02
3.825000000000000178e+00 -4.221650000000000205e+02 3.494186000000000263e+02 -4.221650000000000205e+02 3.560303999999999860e+02
3.850000000000000089e+00 -4.225230000000000246e+02 3.497318500000000085e+02 -4.225230000000000246e+02 3.563605499999999893e+02
3.875000000000000000e+00 -4.228399999999999750e+02 3.500145999999999731e+02 -4.228399999999999750e+02 3.566567999999999756e+02
3.899999999999999911e+00 -4.231109999999999900e+02 3.502639500000000226e+02 -4.231109999999999900e+02 3.569161499999999592e+02
3.924999999999999822e+00 -4.233340000000000032e+02 3.504779499999999643e+02 -4.233340000000000032e+02 3.571365499999999997e+02
3.950000000000000178e+00 -4.235049999999999955e+02 3.506536000000000399e+02 -4.235049999999999955e+02 3.573149999999999977e+02
3.975000000000000089e+00 -4.236220000000000141e+02 3.507899499999999762e+02 -4.236220000000000141e+02 3.574503500000000145e+02
4.000000000000000000e+00 -4.236809999999999832e+02 3.508819799999999987e+02 -4.236809999999999832e+02 3.575377199999999220e+02
4.025000000000000355e+00 -4.236800000000000068e+02 3.509297450000000254e+02 -4.236800000000000068e+02 3.575770550000000298e+02
4.049999999999999822e+00 -4.236150000000000091e+02 3.509292350000000056e+02 -4.236150000000000091e+02 3.575643649999999525e+02
4.075000000000000178e+00 -4.234839999999999804e+02 3.508784600000000182e+02 -4.234839999999999804e+02 3.574976399999999899e+02
4.099999999999999645e+00 -4.232839999999999918e+02 3.507754099999999653e+02 -4.232839999999999918e+02 3.573747900000000186e+02
4.125000000000000000e+00 -4.230120000000000005e+02 3.506170749999999998e+02 -4.230120000000000005e+02 3.571930250000000342e+02
4.150000000000000355e+00 -4.226650000000000205e+02 3.504014450000000238e+02 -4.226650000000000205e+02 3.569501549999999952e+02
4.174999999999999822e+00 -4.222409999999999854e+02 3.501274999999999977e+02 -4.222409999999999854e+02 3.566451999999999884e+02
4.200000000000000178e+00 -4.217379999999999995e+02 3.497912099999999782e+02 -4.217379999999999995e+02 3.562743899999999826e+02
4.224999999999999645e+00 -4.211530000000000200e+02 3.493915450000000078e+02 -4.211530000000000200e+02 3.558365550000000326e+02
4.250000000000000000e+00 -4.204839999999999804e+02 3.489264749999999822e+02 -4.204839999999999804e+02 3.553299249999999461e+02
4.275000000000000355e+00 -4.197289999999999850e+02 3.483929499999999848e+02 -4.197289999999999850e+02 3.547513500000000590e+02
4.299999999999999822e+00 -4.188879999999999768e+02 3.477909300000000030e+02 -4.188879999999999768e+02 3.541009699999999611e+02
4.325000000000000178e+00 -4.179540000000000077e+02 3.471173650000000066e+02 -4.179540000000000077e+02 3.533758349999999950e+02
4.349999999999999645e+00 -4.169250000000000114e+02 3.463711950000000002e+02 -4.169250000000000114e+02 3.525750049999999760e+02
4.375000000000000000e+00 -4.158050000000000068e+02 3.455493599999999788e+02 -4.158050000000000068e+02 3.516954399999999623e+02
4.400000000000000355e+00 -4.145939999999999941e+02 3.446517950000000496e+02 -4.145939999999999941e+02 3.507374050000000238e+02
4.424999999999999822e+00 -4.132830000000000155e+02 3.436764350000000263e+02 -4.132830000000000155e+02 3.496988650000000121e+02
4.450000000000000178e+00 -4.118750000000000000e+02 3.426232049999999845e+02 -4.118750000000000000e+02 3.485798950000000218e+02
4.474999999999999645e+00 -4.103670000000000186e+02 3.414880299999999806e+02 -4.103670000000000186e+02 3.473765700000000152e+02
4.500000000000000000e+00 -4.087610000000000241e+02 3.402728299999999990e+02 -4.087610000000000241e+02 3.460909699999999702e+02
4.525000000000000355e+00 -4.070539999999999736e+02 3.389744999999999777e+02 -4.070539999999999736e+02 3.447201999999999771e+02
4.549999999999999822e+00 -4.052459999999999809e+02 3.375930000000000177e+02 -4.052459999999999809e+02 3.432644000000000233e+02
4.575000000000000178e+00 -4.033349999999999795e+02 3.361272500000000036e+02 -4.033349999999999795e+02 3.417225500000000693e+02
4.599999999999999645e+00 -4.013249999999999886e+02 3.345760500000000093e+02 -4.013249999999999886e+02 3.400938500000000317e+02
4.625000000000000000e+00 -3.992119999999999891e+02 3.329404499999999985e+02 -3.992119999999999891e+02 3.383792499999999563e+02
4.650000000000000355e+00 -3.969929999999999950e+02 3.312182500000000118e+02 -3.969929999999999950e+02 3.365770499999999856e+02
4.674999999999999822e+00 -3.946809999999999832e+02 3.294094000000000051e+02 -3.946809999999999832e+02 3.346872999999999365e+02
4.700000000000000178e+00 -3.922640000000000100e+02 3.275147499999999923e+02 -3.922640000000000100e+02 3.327110500000000002e+02
4.724999999999999645e+00 -3.897470000000000141e+02 3.255332999999999970e+02 -3.897470000000000141e+02 3.306472999999999729e+02
4.750000000000000000e+00 -3.871290000000000191e+02 3.234648500000000126e+02 -3.871290000000000191e+02 3.284964500000000385e+02
4.775000000000000355e+00 -3.844119999999999777e+02 3.213103499999999713e+02 -3.844119999999999777e+02 3.262593500000000404e+02
4.799999999999999822e+00 -3.815980000000000132e+02 3.190697000000000116e+02 -3.815980000000000132e+02 3.239362000000000421e+02
4.825000000000000178e+00 -3.786859999999999786e+02 3.167438000000000216e+02 -3.786859999999999786e+02 3.215280999999999949e+02
4.849999999999999645e+00 -3.756789999999999736e+02 3.143315500000000497e+02 -3.756789999999999736e+02 3.190340499999999793e+02
4.875000000000000000e+00 -3.725769999999999982e+02 3.118358000000000061e+02 -3.725769999999999982e+02 3.164574000000000638e+02
4.900000000000000355e+00 -3.693829999999999814e+02 3.092565000000000168e+02 -3.693829999999999814e+02 3.137980999999999767e+02
4.924999999999999822e+00 -3.660989999999999895e+02 3.065945499999999697e+02 -3.660989999999999895e+02 3.110573499999999854e+02
4.950000000000000178e+00 -3.627250000000000227e+02 3.038508499999999799e+02 -3.627250000000000227e+02 3.082360499999999774e+02
4.974999999999999645e+00 -3.592649999999999864e+02 3.010263000000000488e+02 -3.592649999999999864e+02 3.053355000000000246e+02
5.000000000000000000e+00 -3.557200000000000273e+02 2.981227999999999838e+02 -3.557200000000000273e+02 3.023576999999999657e+02
5.025000000000000355e+00 -3.520919999999999845e+02 2.951422499999999900e+02 -3.520919999999999845e+02 2.993048500000000445e+02
5.049999999999999822e+00 -3.483849999999999909e+02 2.920855999999999995e+02 -3.483849999999999909e+02 2.961779999999999973e+02
5.075000000000000178e+00 -3.446000000000000227e+02 2.889547499999999900e+02 -3.446000000000000227e+02 2.929791500000000610e+02
5.099999999999999645e+00 -3.407400000000000091e+02 2.857505999999999631e+02 -3.407400000000000091e+02 2.897094999999999914e+02
5.125000000000000000e+00 -3.368070000000000164e+02 2.824771000000000072e+02 -3.368070000000000164e+02 2.863730999999999653e+02
5.150000000000000355e+00 -3.328059999999999832e+02 2.791351500000000101e+02 -3.328059999999999832e+02 2.829710500000000479e+02
5.174999999999999822e+00 -3.287379999999999995e+02 2.757277000000000271e+02 -3.287379999999999995e+02 2.795063999999999851e+02
5.200000000000000178e+00 -3.246059999999999945e+02 2.722556499999999460e+02 -3.246059999999999945e+02 2.759802500000000123e+02
5.224999999999999645e+00 -3.204150000000000205e+02 2.687229500000000257e+02 -3.204150000000000205e+02 2.723966500000000224e+02
5.250000000000000000e+00 -3.161659999999999968e+02 2.651315999999999917e+02 -3.161659999999999968e+02 2.687576999999999998e+02
5.275000000000000355e+00 -3.118629999999999995e+02 2.614834500000000048e+02 -3.118629999999999995e+02 2.650654499999999985e+02
5.299999999999999822e+00 -3.075090000000000146e+02 2.577835000000000036e+02 -3.075090000000000146e+02 2.613249999999999886e+02
5.325000000000000178e+00 -3.031080000000000041e+02 2.540316500000000133e+02 -3.031080000000000041e+02 2.575363499999999704e+02
5.349999999999999645e+00 -2.986630000000000109e+02 2.502329500000000166e+02 -2.986630000000000109e+02 2.537045500000000118e+02
5.375000000000000000e+00 -2.941779999999999973e+02 2.463902999999999963e+02 -2.941779999999999973e+02 2.498326999999999884e+02
5.400000000000000355e+00 -2.896560000000000059e+02 2.425056500000000028e+02 -2.896560000000000059e+02 2.459228500000000111e+02
5.424999999999999822e+00 -2.851000000000000227e+02 2.385820500000000095e+02 -2.851000000000000227e+02 2.419779500000000212e+02
5.450000000000000178e+00 -2.805140000000000100e+02 2.346244000000000085e+02 -2.805140000000000100e+02 2.380030000000000143e+02
5.474999999999999645e+00 -2.759019999999999868e+02 2.306347000000000094e+02 -2.759019999999999868e+02 2.340002000000000066e+02
5.500000000000000000e+00 -2.712669999999999959e+02 2.266169500000000028e+02 -2.712669999999999959e+02 2.299734499999999855e+02
5.525000000000000355e+00 -2.666120000000000232e+02 2.225752000000000237e+02 -2.666120000000000232e+02 2.259268000000000143e+02
5.549999999999999822e+00 -2.619420000000000073e+02 2.185103000000000009e+02 -2.619420000000000073e+02 2.218612999999999715e+02
5.575000000000000178e+00 -2.572590000000000146e+02 2.144274000000000058e+02 -2.572590000000000146e+02 2.177818000000000040e+02
5.599999999999999645e+00 -2.525680000000000121e+02 2.103304499999999848e+02 -2.525680000000000121e+02 2.136924500000000080e+02
5.625000000000000000e+00 -2.478710000000000093e+02 2.062213999999999885e+02 -2.478710000000000093e+02 2.095953000000000088e+02
5.650000000000000355e+00 -2.431719999999999970e+02 2.021053499999999872e+02 -2.431719999999999970e+02 2.054952499999999986e+02
5.674999999999999822e+00 -2.384749999999999943e+02 1.979843000000000188e+02 -2.384749999999999943e+02 2.013942000000000121e+02
5.700000000000000178e+00 -2.337829999999999870e+02 1.938622500000000173e+02 -2.337829999999999870e+02 1.972962499999999864e+02
5.724999999999999645e+00 -2.290989999999999895e+02 1.897432799999999986e+02 -2.290989999999999895e+02 1.932053199999999720e+02
5.750000000000000000e+00 -2.244259999999999877e+02 1.856303849999999898e+02 -2.244259999999999877e+02 1.891244149999999991e+02
5.775000000000000355e+00 -2.197680000000000007e+02 1.815255850000000066e+02 -2.197680000000000007e+02 1.850556150000000173e+02
5.799999999999999822e+00 -2.151279999999999859e+02 1.774339500000000100e+02 -2.151279999999999859e+02 1.810036499999999933e+02
5.825000000000000178e+00 -2.105089999999999861e+02 1.733585100000000239e+02 -2.105089999999999861e+02 1.769716899999999953e+02
5.849999999999999645e+00 -2.059130000000000109e+02 1.693013249999999914e+02 -2.059130000000000109e+02 1.729615750000000105e+02
5.875000000000000000e+00 -2.013439999999999941e+02 1.652664450000000045e+02 -2.013439999999999941e+02 1.689773550000000171e+02
5.900000000000000355e+00 -1.968050000000000068e+02 1.612559200000000033e+02 -1.968050000000000068e+02 1.650208800000000053e+02
5.924999999999999822e+00 -1.922980000000000018e+02 1.572748150000000180e+02 -1.922980000000000018e+02 1.610970849999999928e+02
5.950000000000000178e+00 -1.878259999999999934e+02 1.533231849999999952e+02 -1.878259999999999934e+02 1.572060149999999794e+02
5.974999999999999645e+00 -1.833919999999999959e+02 1.494060949999999934e+02 -1.833919999999999959e+02 1.533526050000000112e+02
6.000000000000000000e+00 -1.789970000000000141e+02 1.455256149999999877e+02 -1.789970000000000141e+02 1.495387849999999901e+02
6.025000000000000355e+00 -1.746450000000000102e+02 1.416838050000000067e+02 -1.746450000000000102e+02 1.457663950000000170e+02
6.049999999999999822e+00 -1.703369999999999891e+02 1.378827449999999999e+02 -1.703369999999999891e+02 1.420374549999999942e+02
6.075000000000000178e+00 -1.660759999999999934e+02 1.341264950000000056e+02 -1.660759999999999934e+02 1.383559050000000070e+02
6.099999999999999645e+00 -1.618640000000000043e+02 1.304161400000000128e+02 -1.618640000000000043e+02 1.347226600000000190e+02
6.125000000000000000e+00 -1.577030000000000030e+02 1.267537499999999966e+02 -1.577030000000000030e+02 1.311395500000000141e+02
6.150000000000000355e+00 -1.535920000000000130e+02 1.231413950000000028e+02 -1.535920000000000130e+02 1.276087050000000005e+02
6.174999999999999822e+00 -1.495399999999999920e+02 1.195811599999999970e+02 -1.495399999999999920e+02 1.241319399999999860e+02
6.200000000000000178e+00 -1.455409999999999968e+02 1.160741150000000061e+02 -1.455409999999999968e+02 1.207101850000000098e+02
6.224999999999999645e+00 -1.415999999999999943e+02 1.126233399999999989e+02 -1.415999999999999943e+02 1.173463600000000184e+02
6.250000000000000000e+00 -1.377179999999999893e+02 1.092289149999999864e+02 -1.377179999999999893e+02 1.140403850000000006e+02
6.275000000000000355e+00 -1.338959999999999866e+02 1.058929200000000037e+02 -1.338959999999999866e+02 1.107941800000000114e+02
6.299999999999999822e+00 -1.301349999999999909e+02 1.026161349999999999e+02 -1.301349999999999909e+02 1.076084649999999954e+02
6.325000000000000178e+00 -1.264369999999999976e+02 9.940031999999999357e+01 -1.264369999999999976e+02 1.044846799999999973e+02
6.349999999999999645e+00 -1.228020000000000067e+02 9.624616000000000327e+01 -1.228020000000000067e+02 1.014235400000000027e+02
6.375000000000000000e+00 -1.192309999999999945e+02 9.315453499999999565e+01 -1.192309999999999945e+02 9.842576499999999839e+01
6.400000000000000355e+00 -1.157249999999999943e+02 9.012611499999999864e+01 -1.157249999999999943e+02 9.549168500000000392e+01
6.424999999999999822e+00 -1.122849999999999966e+02 8.716168000000000404e+01 -1.122849999999999966e+02 9.262212000000000955e+01
6.450000000000000178e+00 -1.089120000000000061e+02 8.426159499999999980e+01 -1.089120000000000061e+02 8.981730500000000461e+01
6.474999999999999645e+00 -1.056050000000000040e+02 8.142643000000001052e+01 -1.056050000000000040e+02 8.707747000000000526e+01
6.500000000000000000e+00 -1.023649999999999949e+02 7.865626500000000476e+01 -1.023649999999999949e+02 8.440273500000000695e+01
6.525000000000000355e+00 -9.919209999999999638e+01 7.595145500000000993e+01 -9.919209999999999638e+01 8.179334500000000219e+01
6.549999999999999822e+00 -9.608710000000000662e+01 7.331207499999999300e+01 -9.608710000000000662e+01 7.924912500000000648e+01
6.575000000000000178e+00 -9.304970000000000141e+01 7.073798999999999637e+01 -9.304970000000000141e+01 7.676981000000000677e+01
6.599999999999999645e+00 -9.008010000000000161e+01 6.822905500000000245e+01 -9.008010000000000161e+01 7.435524499999999648e+01
6.625000000000000000e+00 -8.717789999999999395e+01 6.578522999999999854e+01 -8.717789999999999395e+01 7.200517000000000678e+01
6.650000000000000355e+00 -8.434329999999999927e+01 6.340617999999999910e+01 -8.434329999999999927e+01 6.971921999999999287e+01
6.674999999999999822e+00 -8.157590000000000430e+01 6.109174999999999756e+01 -8.157590000000000430e+01 6.749705000000000155e+01
6.700000000000000178e+00 -7.887539999999999907e+01 5.884090499999999935e+01 -7.887539999999999907e+01 6.533759499999999321e+01
6.724999999999999645e+00 -7.624150000000000205e+01 5.665328500000000389e+01 -7.624150000000000205e+01 6.324031500000000250e+01
6.750000000000000000e+00 -7.367359999999999332e+01 5.452844499999999783e+01 -7.367359999999999332e+01 6.120475499999999869e+01
6.775000000000000355e+00 -7.117149999999999466e+01 5.246562999999999732e+01 -7.117149999999999466e+01 5.922996999999999446e+01
6.799999999999999822e+00 -6.873430000000000462e+01 5.046417999999999893e+01 -6.873430000000000462e+01 5.731531999999999982e+01
6.825000000000000178e+00 -6.636169999999999902e+01 4.852323499999999967e+01 -6.636169999999999902e+01 5.545976499999999731e+01
6.849999999999999645e+00 -6.405280000000000484e+01 4.664194000000000528e+01 -6.405280000000000484e+01 5.366245999999999583e+01
6.875000000000000000e+00 -6.180689999999999884e+01 4.481942000000000093e+01 -6.180689999999999884e+01 5.192238000000000397e+01
6.900000000000000355e+00 -5.962339999999999662e+01 4.305472000000000321e+01 -5.962339999999999662e+01 5.023848000000000269e+01
6.924999999999999822e+00 -5.750139999999999674e+01 4.134685999999999950e+01 -5.750139999999999674e+01 4.860983999999999128e+01
6.950000000000000178e+00 -5.543990000000000151e+01 3.969477499999999992e+01 -5.543990000000000151e+01 4.703532499999999317e+01
6.974999999999999645e+00 -5.343820000000000192e+01 3.809748499999999893e+01 -5.343820000000000192e+01 4.551381500000000813e+01
7.000000000000000000e+00 -5.149539999999999651e+01 3.655391499999999638e+01 -5.149539999999999651e+01 4.404428500000000213e+01
7.025000000000000355e+00 -4.961030000000000229e+01 3.506278499999999809e+01 -4.961030000000000229e+01 4.262521499999999719e+01
7.049999999999999822e+00 -4.778220000000000312e+01 3.362322000000000344e+01 -4.778220000000000312e+01 4.125598000000000098e+01
7.075000000000000178e+00 -4.600999999999999801e+01 3.223392499999999927e+01 -4.600999999999999801e+01 3.993507499999999766e+01
7.099999999999999645e+00 -4.429260000000000019e+01 3.089382000000000161e+01 -4.429260000000000019e+01 3.866138000000000119e+01
7.125000000000000000e+00 -4.262890000000000157e+01 2.960161500000000245e+01 -4.262890000000000157e+01 3.743358500000000078e+01
7.150000000000000355e+00 -4.101800000000000068e+01 2.835622000000000043e+01 -4.101800000000000068e+01 3.625067999999999557e+01
7.174999999999999822e+00 -3.945879999999999654e+01 2.715644499999999795e+01 -3.945879999999999654e+01 3.511145499999999942e+01
7.200000000000000178e+00 -3.795009999999999906e+01 2.600099000000000160e+01 -3.795009999999999906e+01 3.401451000000000136e+01
7.224999999999999645e+00 -3.649080000000000013e+01 2.488875499999999974e+01 -3.649080000000000013e+01 3.295874500000000040e+01
7.250000000000000000e+00 -3.507979999999999876e+01 2.381855000000000189e+01 -3.507979999999999876e+01 3.194294999999999973e+01
7.275000000000000355e+00 -3.371609999999999729e+01 2.278927000000000191e+01 -3.371609999999999729e+01 3.096612999999999971e+01
7.299999999999999822e+00 -3.239849999999999852e+01 2.179961000000000126e+01 -3.239849999999999852e+01 3.002688999999999808e+01
7.325000000000000178e+00 -3.112580000000000169e+01 2.084837500000000077e+01 -3.112580000000000169e+01 2.912412499999999937e+01
7.349999999999999645e+00 -2.989699999999999847e+01 1.993454999999999799e+01 -2.989699999999999847e+01 2.825665000000000049e+01
7.375000000000000000e+00 -2.871099999999999852e+01 1.905683000000000149e+01 -2.871099999999999852e+01 2.742336999999999847e+01
7.400000000000000355e+00 -2.756660000000000110e+01 1.821421499999999938e+01 -2.756660000000000110e+01 2.662328499999999565e+01
7.424999999999999822e+00 -2.646259999999999835e+01 1.740558500000000208e+01 -2.646259999999999835e+01 2.585511500000000140e+01
7.450000000000000178e+00 -2.539819999999999922e+01 1.662973500000000016e+01 -2.539819999999999922e+01 2.511786500000000188e+01
7.474999999999999645e+00 -2.437199999999999989e+01 1.588565499999999986e+01 -2.437199999999999989e+01 2.441044499999999928e+01
7.500000000000000000e+00 -2.338309999999999889e+01 1.517221999999999937e+01 -2.338309999999999889e+01 2.373178000000000054e+01
7.525000000000000355e+00 -2.243039999999999878e+01 1.448843000000000103e+01 -2.243039999999999878e+01 2.308097000000000065e+01
7.549999999999999822e+00 -2.151289999999999836e+01 1.383305999999999969e+01 -2.151289999999999836e+01 2.245664000000000016e+01
7.575000000000000178e+00 -2.062940000000000040e+01 1.320550500000000049e+01 -2.062940000000000040e+01 2.185839500000000157e+01
7.599999999999999645e+00 -1.977899999999999991e+01 1.260453499999999849e+01 -1.977899999999999991e+01 2.128496499999999969e+01
7.625000000000000000e+00 -1.896059999999999945e+01 1.202924499999999952e+01 -1.896059999999999945e+01 2.073545499999999819e+01
7.650000000000000355e+00 -1.817340000000000089e+01 1.147860500000000172e+01 -1.817340000000000089e+01 2.020889499999999828e+01
7.674999999999999822e+00 -1.741610000000000014e+01 1.095180500000000023e+01 -1.741610000000000014e+01 1.970449500000000143e+01
7.700000000000000178e+00 -1.668809999999999860e+01 1.044783999999999935e+01 -1.668809999999999860e+01 1.922128000000000014e+01
7.724999999999999645e+00 -1.598809999999999931e+01 9.965944999999999609e+00 -1.598809999999999931e+01 1.875853500000000196e+01
7.750000000000000000e+00 -1.531550000000000011e+01 9.505229999999999180e+00 -1.531550000000000011e+01 1.831550999999999974e+01
7.775000000000000355e+00 -1.466920000000000002e+01 9.064875000000000682e+00 -1.466920000000000002e+01 1.789124500000000140e+01
7.799999999999999822e+00 -1.404840000000000089e+01 8.644070000000001031e+00 -1.404840000000000089e+01 1.748507000000000033e+01
7.825000000000000178e+00 -1.345209999999999972e+01 8.242039999999999367e+00 -1.345209999999999972e+01 1.709620999999999924e+01
7.849999999999999645e+00 -1.287969999999999970e+01 7.858045000000000613e+00 -1.287969999999999970e+01 1.672400499999999823e+01
7.875000000000000000e+00 -1.233009999999999984e+01 7.491340499999999736e+00 -1.233009999999999984e+01 1.636771949999999975e+01
7.900000000000000355e+00 -1.180269999999999975e+01 7.141225500000000004e+00 -1.180269999999999975e+01 1.602669450000000140e+01
7.924999999999999822e+00 -1.129659999999999975e+01 6.807008500000000240e+00 -1.129659999999999975e+01 1.570029150000000051e+01
7.950000000000000178e+00 -1.081109999999999971e+01 6.488039500000000182e+00 -1.081109999999999971e+01 1.538789050000000103e+01
7.974999999999999645e+00 -1.034539999999999971e+01 6.183677499999999938e+00 -1.034539999999999971e+01 1.508889250000000004e+01
8.000000000000000000e+00 -9.898880000000000123e+00 5.893292500000000267e+00 -9.898880000000000123e+00 1.480270750000000035e+01
8.025000000000000355e+00 -9.470700000000000784e+00 5.616294500000000411e+00 -9.470700000000000784e+00 1.452877550000000006e+01
8.050000000000000711e+00 -9.060269999999999158e+00 5.352113499999999746e+00 -9.060269999999999158e+00 1.426657650000000110e+01
8.074999999999999289e+00 -8.666890000000000427e+00 5.100200000000000067e+00 -8.666890000000000427e+00 1.401558999999999955e+01
8.099999999999999645e+00 -8.289920000000000400e+00 4.860003999999999991e+00 -8.289920000000000400e+00 1.377531600000000012e+01
8.125000000000000000e+00 -7.928729999999999833e+00 4.631016500000000313e+00 -7.928729999999999833e+00 1.354526350000000079e+01
8.150000000000000355e+00 -7.582729999999999748e+00 4.412748999999999810e+00 -7.582729999999999748e+00 1.332499099999999892e+01
8.175000000000000711e+00 -7.251330000000000275e+00 4.204722499999999918e+00 -7.251330000000000275e+00 1.311405749999999948e+01
8.199999999999999289e+00 -6.933939999999999770e+00 4.006469000000000058e+00 -6.933939999999999770e+00 1.291203099999999893e+01
8.224999999999999645e+00 -6.630040000000000155e+00 3.817570499999999978e+00 -6.630040000000000155e+00 1.271851950000000109e+01
8.250000000000000000e+00 -6.339080000000000048e+00 3.637578999999999674e+00 -6.339080000000000048e+00 1.253311100000000167e+01
8.275000000000000355e+00 -6.060550000000000104e+00 3.466108500000000259e+00 -6.060550000000000104e+00 1.235545149999999914e+01
8.300000000000000711e+00 -5.793949999999999712e+00 3.302770999999999901e+00 -5.793949999999999712e+00 1.218519900000000078e+01
8.324999999999999289e+00 -5.538809999999999789e+00 3.147170500000000093e+00 -5.538809999999999789e+00 1.202196950000000086e+01
8.349999999999999645e+00 -5.294660000000000366e+00 2.998981499999999745e+00 -5.294660000000000366e+00 1.186547850000000004e+01
8.375000000000000000e+00 -5.061049999999999827e+00 2.857827499999999965e+00 -5.061049999999999827e+00 1.171537250000000085e+01
8.400000000000000355e+00 -4.837550000000000239e+00 2.723414499999999627e+00 -4.837550000000000239e+00 1.157139550000000128e+01
8.425000000000000711e+00 -4.623759999999999870e+00 2.595396499999999662e+00 -4.623759999999999870e+00 1.143322350000000043e+01
8.449999999999999289e+00 -4.419249999999999901e+00 2.473499999999999588e+00 -4.419249999999999901e+00 1.130061999999999856e+01
8.474999999999999645e+00 -4.223659999999999748e+00 2.357420499999999919e+00 -4.223659999999999748e+00 1.117328949999999921e+01
8.500000000000000000e+00 -4.036609999999999587e+00 2.246884500000000173e+00 -4.036609999999999587e+00 1.105099549999999908e+01
8.525000000000000355e+00 -3.857740000000000169e+00 2.141639499999999696e+00 -3.857740000000000169e+00 1.093351050000000058e+01
8.550000000000000711e+00 -3.686700000000000088e+00 2.041422499999999918e+00 -3.686700000000000088e+00 1.082059749999999987e+01
8.574999999999999289e+00 -3.523169999999999913e+00 1.946000500000000022e+00 -3.523169999999999913e+00 1.071202949999999987e+01
8.599999999999999645e+00 -3.366830000000000211e+00 1.855132500000000073e+00 -3.366830000000000211e+00 1.060761749999999992e+01
8.625000000000000000e+00 -3.217369999999999841e+00 1.768616500000000036e+00 -3.217369999999999841e+00 1.050715349999999937e+01
8.650000000000000355e+00 -3.074500000000000011e+00 1.686241499999999949e+00 -3.074500000000000011e+00 1.041046850000000035e+01
8.675000000000000711e+00 -2.937930000000000152e+00 1.607796500000000073e+00 -2.937930000000000152e+00 1.031735349999999940e+01
8.699999999999999289e+00 -2.807389999999999830e+00 1.533091499999999829e+00 -2.807389999999999830e+00 1.022765850000000043e+01
8.724999999999999645e+00 -2.682630000000000070e+00 1.461956499999999881e+00 -2.682630000000000070e+00 1.014121349999999921e+01
8.750000000000000000e+00 -2.563390000000000057e+00 1.394221500000000002e+00 -2.563390000000000057e+00 1.005786850000000143e+01
8.775000000000000355e+00 -2.449440000000000062e+00 1.329707500000000042e+00 -2.449440000000000062e+00 9.977472499999999300e+00
8.800000000000000711e+00 -2.340539999999999843e+00 1.268265499999999824e+00 -2.340539999999999843e+00 9.899894500000000264e+00
8.824999999999999289e+00 -2.236470000000000180e+00 1.209747000000000128e+00 -2.236470000000000180e+00 9.824983000000001354e+00
8.849999999999999645e+00 -2.137020000000000142e+00 1.154012999999999955e+00 -2.137020000000000142e+00 9.752637000000000000e+00
8.875000000000000000e+00 -2.041990000000000194e+00 1.100917000000000145e+00 -2.041990000000000194e+00 9.682712999999999681e+00
8.900000000000000355e+00 -1.951189999999999980e+00 1.050337000000000076e+00 -1.951189999999999980e+00 9.615097000000000449e+00
8.925000000000000711e+00 -1.864419999999999966e+00 1.002150499999999944e+00 -1.864419999999999966e+00 9.549699499999999119e+00
8.949999999999999289e+00 -1.781519999999999992e+00 9.562409999999998966e-01 -1.781519999999999992e+00 9.486389000000000848e+00
8.974999999999999645e+00 -1.702299999999999924e+00 9.124950000000000561e-01 -1.702299999999999924e+00 9.425095000000000667e+00
9.000000000000000000e+00 -1.626609999999999889e+00 8.708099999999999730e-01 -1.626609999999999889e+00 9.365707999999999700e+00
9.025000000000000355e+00 -1.554289999999999949e+00 8.310830000000000162e-01 -1.554289999999999949e+00 9.308137000000000327e+00
9.050000000000000711e+00 -1.485190000000000010e+00 7.932204999999999950e-01 -1.485190000000000010e+00 9.252301499999999734e+00
9.074999999999999289e+00 -1.419170000000000043e+00 7.571299999999999697e-01 -1.419170000000000043e+00 9.198130000000000805e+00
9.099999999999999645e+00 -1.356079999999999952e+00 7.227265000000000494e-01 -1.356079999999999952e+00 9.145527500000000032e+00
9.125000000000000000e+00 -1.295809999999999906e+00 6.899264999999999981e-01 -1.295809999999999906e+00 9.094441499999998513e+00
9.150000000000000355e+00 -1.238220000000000098e+00 6.586539999999999617e-01 -1.238220000000000098e+00 9.044786000000000215e+00
9.175000000000000711e+00 -1.183189999999999964e+00 6.288340000000000041e-01 -1.183189999999999964e+00 8.996496000000000492e+00
9.199999999999999289e+00 -1.130619999999999958e+00 6.003954999999999709e-01 -1.130619999999999958e+00 8.949528499999999553e+00
9.224999999999999645e+00 -1.080379999999999896e+00 5.732727499999999976e-01 -1.080379999999999896e+00 8.903807249999999840e+00
9.250000000000000000e+00 -1.032380000000000075e+00 5.474016000000000437e-01 -1.032380000000000075e+00 8.859276400000000606e+00
9.275000000000000355e+00 -9.865119999999999445e-01 5.227222000000000257e-01 -9.865119999999999445e-01 8.815883799999999937e+00
9.300000000000000711e+00 -9.426860000000000239e-01 4.991767000000000287e-01 -9.426860000000000239e-01 8.773589299999999369e+00
9.324999999999999289e+00 -9.008080000000000531e-01 4.767104500000000078e-01 -9.008080000000000531e-01 8.732325550000000547e+00
9.349999999999999645e+00 -8.607920000000000016e-01 4.552730499999999569e-01 -8.607920000000000016e-01 8.692068950000001237e+00
9.375000000000000000e+00 -8.225529999999999786e-01 4.348141500000000104e-01 -8.225529999999999786e-01 8.652765849999999759e+00
9.400000000000000355e+00 -7.860129999999999617e-01 4.152876500000000082e-01 -7.860129999999999617e-01 8.614366350000000949e+00
9.425000000000000711e+00 -7.510959999999999859e-01 3.966494499999999590e-01 -7.510959999999999859e-01 8.576842549999998511e+00
9.449999999999999289e+00 -7.177280000000000326e-01 3.788588999999999984e-01 -7.177280000000000326e-01 8.540149100000000715e+00
9.474999999999999645e+00 -6.858419999999999517e-01 3.618719499999999978e-01 -6.858419999999999517e-01 8.504268050000000301e+00
9.500000000000000000e+00 -6.553689999999999793e-01 3.456541999999999670e-01 -6.553689999999999793e-01 8.469139799999998885e+00
9.525000000000000355e+00 -6.262480000000000269e-01 3.301680499999999907e-01 -6.262480000000000269e-01 8.434751950000000775e+00
9.550000000000000711e+00 -5.984180000000000055e-01 3.153791999999999707e-01 -5.984180000000000055e-01 8.401064800000000332e+00
9.574999999999999289e+00 -5.718220000000000525e-01 3.012562999999999769e-01 -5.718220000000000525e-01 8.368051700000000537e+00
9.599999999999999645e+00 -5.464040000000000008e-01 2.877673000000000036e-01 -5.464040000000000008e-01 8.335684699999999836e+00
9.625000000000000000e+00 -5.221120000000000205e-01 2.748830499999999621e-01 -5.221120000000000205e-01 8.303948950000000551e+00
9.650000000000000355e+00 -4.988960000000000061e-01 2.625765999999999933e-01 -4.988960000000000061e-01 8.272801400000000527e+00
9.675000000000000711e+00 -4.767069999999999919e-01 2.508200999999999903e-01 -4.767069999999999919e-01 8.242227899999999607e+00
9.699999999999999289e+00 -4.555009999999999892e-01 2.395897000000000165e-01 -4.555009999999999892e-01 8.212208300000000349e+00
9.724999999999999645e+00 -4.352340000000000098e-01 2.288597500000000007e-01 -4.352340000000000098e-01 8.182710249999999519e+00
9.750000000000000000e+00 -4.158640000000000114e-01 2.186086000000000140e-01 -4.158640000000000114e-01 8.153725400000000789e+00
9.775000000000000355e+00 -3.973499999999999810e-01 2.088136999999999910e-01 -3.973499999999999810e-01 8.125224299999999289e+00
9.800000000000000711e+00 -3.796570000000000222e-01 1.994544500000000053e-01 -3.796570000000000222e-01 8.097199549999999135e+00
9.824999999999999289e+00 -3.627460000000000129e-01 1.905125999999999764e-01 -3.627460000000000129e-01 8.069625399999999615e+00
9.849999999999999645e+00 -3.465840000000000032e-01 1.819676499999999808e-01 -3.465840000000000032e-01 8.042494350000000125e+00
9.875000000000000000e+00 -3.311370000000000147e-01 1.738024000000000235e-01 -3.311370000000000147e-01 8.015771600000000774e+00
9.900000000000000355e+00 -3.163730000000000153e-01 1.660005499999999967e-01 -3.163730000000000153e-01 7.989463449999999689e+00
9.925000000000000711e+00 -3.022639999999999771e-01 1.585448999999999886e-01 -3.022639999999999771e-01 7.963535100000000533e+00
9.949999999999999289e+00 -2.887790000000000079e-01 1.514213500000000101e-01 -2.887790000000000079e-01 7.937994650000000263e+00
9.974999999999999645e+00 -2.758909999999999973e-01 1.446137999999999868e-01 -2.758909999999999973e-01 7.912808199999999736e+00
1.000000000000000000e+01 -2.635750000000000037e-01 1.381082000000000143e-01 -2.635750000000000037e-01 7.887983800000000656e+00
1.002500000000000036e+01 -2.518039999999999723e-01 1.318925999999999987e-01 -2.518039999999999723e-01 7.863491400000000020e+00
1.005000000000000071e+01 -2.405559999999999921e-01 1.259530000000000094e-01 -2.405559999999999921e-01 7.839318999999999704e+00
1.007499999999999929e+01 -2.298060000000000103e-01 1.202784499999999951e-01 -2.298060000000000103e-01 7.815467550000000152e+00
1.009999999999999964e+01 -2.195340000000000069e-01 1.148561500000000041e-01 -2.195340000000000069e-01 7.791925850000000153e+00
1.012500000000000000e+01 -2.097169999999999868e-01 1.096746499999999985e-01 -2.097169999999999868e-01 7.768674150000000722e+00
1.015000000000000036e+01 -2.003369999999999873e-01 1.047250500000000001e-01 -2.003369999999999873e-01 7.745715350000000221e+00
1.017500000000000071e+01 -1.913739999999999886e-01 9.999650000000000205e-02 -1.913739999999999886e-01 7.723019899999999716e+00
1.019999999999999929e+01 -1.828100000000000003e-01 9.547920000000000018e-02 -1.828100000000000003e-01 7.700599600000000322e+00
1.022499999999999964e+01 -1.746270000000000044e-01 9.116414999999999935e-02 -1.746270000000000044e-01 7.678446850000000268e+00
1.025000000000000000e+01 -1.668080000000000118e-01 8.704234999999999056e-02 -1.668080000000000118e-01 7.656534050000000313e+00
1.027500000000000036e+01 -1.593380000000000074e-01 8.310544999999999738e-02 -1.593380000000000074e-01 7.634864150000000294e+00
1.030000000000000071e+01 -1.522020000000000040e-01 7.934544999999999793e-02 -1.522020000000000040e-01 7.613430349999999791e+00
1.032499999999999929e+01 -1.453840000000000132e-01 7.575470000000000814e-02 -1.453840000000000132e-01 7.592226300000000094e+00
1.034999999999999964e+01 -1.388709999999999944e-01 7.232565000000000521e-02 -1.388709999999999944e-01 7.571245550000000435e+00
1.037500000000000000e+01 -1.326499999999999901e-01 6.905145000000000033e-02 -1.326499999999999901e-01 7.550482350000000231e+00
1.040000000000000036e+01 -1.267069999999999863e-01 6.592530000000000612e-02 -1.267069999999999863e-01 7.529931099999999766e+00
1.042500000000000071e+01 -1.210309999999999997e-01 6.294075000000000364e-02 -1.210309999999999997e-01 7.509576249999999398e+00
1.044999999999999929e+01 -1.156090000000000034e-01 6.009164999999999646e-02 -1.156090000000000034e-01 7.489412749999999619e+00
1.047499999999999964e+01 -1.104310000000000014e-01 5.737205000000000082e-02 -1.104310000000000014e-01 7.469445549999999656e+00
1.050000000000000000e+01 -1.054859999999999964e-01 5.477635000000000143e-02 -1.054859999999999964e-01 7.449670049999999932e+00
1.052500000000000036e+01 -1.007640000000000063e-01 5.229915000000000258e-02 -1.007640000000000063e-01 7.430071649999999472e+00
1.055000000000000071e+01 -9.625400000000000622e-02 4.993523499999999449e-02 -9.625400000000000622e-02 7.410645964999999613e+00
1.057499999999999929e+01 -9.194789999999999908e-02 4.767964499999999967e-02 -9.194789999999999908e-02 7.391398955000000548e+00
1.059999999999999964e+01 -8.783630000000000604e-02 4.552760000000000140e-02 -8.783630000000000604e-02 7.372316599999999553e+00
1.062500000000000000e+01 -8.391070000000000473e-02 4.347471999999999448e-02 -8.391070000000000473e-02 7.353395279999999978e+00
1.065000000000000036e+01 -8.016280000000000627e-02 4.151643499999999737e-02 -8.016280000000000627e-02 7.334631164999999342e+00
1.067500000000000071e+01 -7.658470000000000555e-02 3.964899500000000632e-02 -7.658470000000000555e-02 7.316021205000000194e+00
1.069999999999999929e+01 -7.316910000000000081e-02 3.786775000000000557e-02 -7.316910000000000081e-02 7.297561449999999894e+00
1.072499999999999964e+01 -6.990870000000000417e-02 3.616919999999999857e-02 -6.990870000000000417e-02 7.279249000000000080e+00
1.075000000000000000e+01 -6.679649999999999477e-02 3.454978000000000216e-02 -6.679649999999999477e-02 7.261081019999999775e+00
1.077500000000000036e+01 -6.382609999999999673e-02 3.300570500000000324e-02 -6.382609999999999673e-02 7.243054294999999421e+00
1.080000000000000071e+01 -6.099099999999999661e-02 3.153388999999999498e-02 -6.099099999999999661e-02 7.225156310000000026e+00
1.082499999999999929e+01 -5.828540000000000110e-02 3.013094000000000189e-02 -5.828540000000000110e-02 7.207404260000000562e+00
1.084999999999999964e+01 -5.570329999999999726e-02 2.879388499999999823e-02 -5.570329999999999726e-02 7.189775714999999678e+00
1.087500000000000000e+01 -5.323930000000000329e-02 2.751956499999999931e-02 -5.323930000000000329e-02 7.172268035000000097e+00
1.090000000000000036e+01 -5.088809999999999861e-02 2.630532500000000093e-02 -5.088809999999999861e-02 7.154889075000000709e+00
1.092500000000000071e+01 -4.864460000000000311e-02 2.514842000000000119e-02 -4.864460000000000311e-02 7.137636579999999675e+00
1.094999999999999929e+01 -4.650390000000000079e-02 2.404611499999999985e-02 -4.650390000000000079e-02 7.120498285000000038e+00
1.097499999999999964e+01 -4.446150000000000102e-02 2.299608499999999944e-02 -4.446150000000000102e-02 7.103472315000000314e+00
1.100000000000000000e+01 -4.251280000000000336e-02 2.199570999999999818e-02 -4.251280000000000336e-02 7.086566490000000051e+00
1.102500000000000036e+01 -4.065370000000000095e-02 2.104297999999999932e-02 -4.065370000000000095e-02 7.069769219999999521e+00
1.105000000000000071e+01 -3.888010000000000077e-02 2.013538999999999954e-02 -3.888010000000000077e-02 7.053078410000000353e+00
1.107499999999999929e+01 -3.718810000000000171e-02 1.927105500000000221e-02 -3.718810000000000171e-02 7.036502545000000275e+00
1.109999999999999964e+01 -3.557389999999999858e-02 1.844777499999999959e-02 -3.557389999999999858e-02 7.020029824999999946e+00
1.112500000000000000e+01 -3.403389999999999888e-02 1.766378500000000129e-02 -3.403389999999999888e-02 7.003658814999999649e+00
1.115000000000000036e+01 -3.256490000000000079e-02 1.691710000000000089e-02 -3.256490000000000079e-02 6.987377900000000253e+00
1.117500000000000071e+01 -3.116350000000000023e-02 1.620605500000000046e-02 -3.116350000000000023e-02 6.971205744999999787e+00
1.119999999999999929e+01 -2.982660000000000172e-02 1.552888000000000011e-02 -2.982660000000000172e-02 6.955130920000000216e+00
1.122499999999999964e+01 -2.855119999999999880e-02 1.488384999999999882e-02 -2.855119999999999880e-02 6.939151950000000291e+00
1.125000000000000000e+01 -2.733439999999999828e-02 1.426960499999999944e-02 -2.733439999999999828e-02 6.923267795000000113e+00
1.127500000000000036e+01 -2.617349999999999885e-02 1.368449500000000138e-02 -2.617349999999999885e-02 6.907467105000000274e+00
1.130000000000000071e+01 -2.506600000000000147e-02 1.312708999999999925e-02 -2.506600000000000147e-02 6.891758709999999510e+00
1.132499999999999929e+01 -2.400930000000000078e-02 1.259606000000000094e-02 -2.400930000000000078e-02 6.876141539999999885e+00
1.134999999999999964e+01 -2.300100000000000061e-02 1.209017999999999898e-02 -2.300100000000000061e-02 6.860614619999999775e+00
1.137500000000000000e+01 -2.203880000000000075e-02 1.160792000000000074e-02 -2.203880000000000075e-02 6.845166679999999282e+00
1.140000000000000036e+01 -2.112059999999999979e-02 1.114848000000000054e-02 -2.112059999999999979e-02 6.829807119999999898e+00
1.142500000000000071e+01 -2.024420000000000039e-02 1.071032999999999881e-02 -2.024420000000000039e-02 6.814534650000000582e+00
1.144999999999999929e+01 -1.940769999999999995e-02 1.029257999999999909e-02 -1.940769999999999995e-02 6.799338579999999688e+00
1.147499999999999964e+01 -1.860919999999999935e-02 9.894159999999999067e-03 -1.860919999999999935e-02 6.784218039999999839e+00
1.150000000000000000e+01 -1.784679999999999947e-02 9.514049999999999591e-03 -1.784679999999999947e-02 6.769182209999999422e+00
1.152500000000000036e+01 -1.711889999999999940e-02 9.151300000000001100e-03 -1.711889999999999940e-02 6.754220319999999944e+00
1.155000000000000071e+01 -1.642369999999999941e-02 8.805020000000000208e-03 -1.642369999999999941e-02 6.739341660000000012e+00
1.157499999999999929e+01 -1.575970000000000149e-02 8.474324999999999566e-03 -1.575970000000000149e-02 6.724535515000000352e+00
1.159999999999999964e+01 -1.512540000000000065e-02 8.158419999999999561e-03 -1.512540000000000065e-02 6.709801240000000000e+00
1.162500000000000000e+01 -1.451930000000000061e-02 7.856510000000000576e-03 -1.451930000000000061e-02 6.695148190000000277e+00
1.165000000000000036e+01 -1.394010000000000041e-02 7.567850000000000098e-03 -1.394010000000000041e-02 6.680555770000000670e+00
1.167500000000000071e+01 -1.338639999999999969e-02 7.291735000000000577e-03 -1.338639999999999969e-02 6.666043425000000688e+00
1.169999999999999929e+01 -1.285709999999999978e-02 7.027509999999999833e-03 -1.285709999999999978e-02 6.651600610000000025e+00
1.172499999999999964e+01 -1.235089999999999973e-02 6.774534999999999932e-03 -1.235089999999999973e-02 6.637226824999999941e+00
1.175000000000000000e+01 -1.186670000000000086e-02 6.532205000000000129e-03 -1.186670000000000086e-02 6.622921575000000338e+00
1.177500000000000036e+01 -1.140350000000000044e-02 6.299970000000000223e-03 -1.140350000000000044e-02 6.608684430000000276e+00
1.180000000000000071e+01 -1.096019999999999980e-02 6.077275000000000038e-03 -1.096019999999999980e-02 6.594514924999999472e+00
1.182499999999999929e+01 -1.053590000000000082e-02 5.863619999999999943e-03 -1.053590000000000082e-02 6.580412680000000236e+00
1.184999999999999964e+01 -1.012960000000000076e-02 5.658540000000000098e-03 -1.012960000000000076e-02 6.566367320000000340e+00
1.187500000000000000e+01 -9.740489999999999218e-03 5.461564999999999823e-03 -9.740489999999999218e-03 6.552398454999999622e+00
1.190000000000000036e+01 -9.367709999999999579e-03 5.272290000000000657e-03 -9.367709999999999579e-03 6.538485770000000308e+00
1.192500000000000071e+01 -9.010469999999999591e-03 5.090299999999999860e-03 -9.010469999999999591e-03 6.524638939999999998e+00
1.194999999999999929e+01 -8.668050000000000060e-03 4.915245500000000115e-03 -8.668050000000000060e-03 6.510857674500000414e+00
1.197499999999999964e+01 -8.339710000000000178e-03 4.746744000000000657e-03 -8.339710000000000178e-03 6.497141676000000032e+00
1.200000000000000000e+01 -8.024800000000000336e-03 4.584484500000000386e-03 -8.024800000000000336e-03 6.483480695499999946e+00
1.202500000000000036e+01 -7.722679999999999996e-03 4.428144999999999651e-03 -7.722679999999999996e-03 6.469884474999999746e+00
1.205000000000000071e+01 -7.432740000000000180e-03 4.277445999999999852e-03 -7.432740000000000180e-03 6.456342794000000218e+00
1.207499999999999929e+01 -7.154409999999999936e-03 4.132119000000000070e-03 -7.154409999999999936e-03 6.442865440999999471e+00
1.209999999999999964e+01 -6.887149999999999869e-03 3.991897999999999801e-03 -6.887149999999999869e-03 6.429452201999999339e+00
1.212500000000000000e+01 -6.630450000000000406e-03 3.856548500000000178e-03 -6.630450000000000406e-03 6.416092891499999951e+00
1.215000000000000036e+01 -6.383810000000000179e-03 3.725847500000000184e-03 -6.383810000000000179e-03 6.402787332499999984e+00
1.217500000000000071e+01 -6.146800000000000007e-03 3.599591999999999983e-03 -6.146800000000000007e-03 6.389545368000000281e+00
1.219999999999999929e+01 -5.918950000000000079e-03 3.477582999999999803e-03 -5.918950000000000079e-03 6.376356837000000333e+00
1.222499999999999964e+01 -5.699880000000000051e-03 3.359650500000000220e-03 -5.699880000000000051e-03 6.363231609500000552e+00
1.225000000000000000e+01 -5.489169999999999813e-03 3.245586999999999864e-03 -5.489169999999999813e-03 6.350159512999999478e+00
1.227500000000000036e+01 -5.286469999999999711e-03 3.135265500000000097e-03 -5.286469999999999711e-03 6.337140454500000075e+00
1.230000000000000071e+01 -5.091430000000000088e-03 3.028517499999999838e-03 -5.091430000000000088e-03 6.324184302499999966e+00
1.232499999999999929e+01 -4.903710000000000360e-03 2.925216000000000014e-03 -4.903710000000000360e-03 6.311270944000000327e+00
1.234999999999999964e+01 -4.722989999999999827e-03 2.825218999999999907e-03 -4.722989999999999827e-03 6.298420281000000287e+00
1.237500000000000000e+01 -4.548990000000000151e-03 2.728406999999999968e-03 -4.548990000000000151e-03 6.285622212999999903e+00
1.240000000000000036e+01 -4.381409999999999645e-03 2.634657000000000318e-03 -4.381409999999999645e-03 6.272886643000000539e+00
1.242500000000000071e+01 -4.219999999999999793e-03 2.543857499999999799e-03 -4.219999999999999793e-03 6.260193482500000073e+00
1.244999999999999929e+01 -4.064479999999999656e-03 2.455908500000000307e-03 -4.064479999999999656e-03 6.247552651500000387e+00
1.247499999999999964e+01 -3.914639999999999613e-03 2.370698999999999983e-03 -3.914639999999999613e-03 6.234974060999999956e+00
1.250000000000000000e+01 -3.770219999999999908e-03 2.288150000000000080e-03 -3.770219999999999908e-03 6.222437649999999820e+00
1.252500000000000036e+01 -3.631029999999999935e-03 2.208162000000000059e-03 -3.631029999999999935e-03 6.209953338000000045e+00
1.255000000000000071e+01 -3.496840000000000191e-03 2.130647500000000007e-03 -3.496840000000000191e-03 6.197531052499999582e+00
1.257499999999999929e+01 -3.367460000000000071e-03 2.055517499999999931e-03 -3.367460000000000071e-03 6.185150722500000420e+00
1.259999999999999964e+01 -3.242699999999999836e-03 1.982705500000000141e-03 -3.242699999999999836e-03 6.172822294500000417e+00
1.262500000000000000e+01 -3.122390000000000061e-03 1.912134000000000012e-03 -3.122390000000000061e-03 6.160545705999999733e+00
1.265000000000000036e+01 -3.006360000000000022e-03 1.843726499999999912e-03 -3.006360000000000022e-03 6.148320893499999329e+00
1.267500000000000071e+01 -2.894429999999999920e-03 1.777416499999999932e-03 -2.894429999999999920e-03 6.136137803499999599e+00
1.269999999999999929e+01 -2.786460000000000152e-03 1.713138500000000071e-03 -2.786460000000000152e-03 6.124016381499999717e+00
1.272499999999999964e+01 -2.682299999999999875e-03 1.650816499999999999e-03 -2.682299999999999875e-03 6.111936563499999586e+00
1.275000000000000000e+01 -2.581799999999999980e-03 1.590405999999999938e-03 -2.581799999999999980e-03 6.099908313999999443e+00
1.277500000000000036e+01 -2.484839999999999879e-03 1.531821999999999958e-03 -2.484839999999999879e-03 6.087921558000000566e+00
1.280000000000000071e+01 -2.391279999999999968e-03 1.475029500000000051e-03 -2.391279999999999968e-03 6.075986270500000508e+00
1.282499999999999929e+01 -2.301010000000000034e-03 1.419964500000000076e-03 -2.301010000000000034e-03 6.064102395499999965e+00
1.284999999999999964e+01 -2.213899999999999983e-03 1.366572500000000096e-03 -2.213899999999999983e-03 6.052269887499999612e+00
1.287500000000000000e+01 -2.129849999999999972e-03 1.314800500000000037e-03 -2.129849999999999972e-03 6.040478699500000381e+00
1.290000000000000036e+01 -2.048739999999999849e-03 1.264594000000000178e-03 -2.048739999999999849e-03 6.028728786000000284e+00
1.292500000000000071e+01 -1.970480000000000148e-03 1.215920500000000062e-03 -1.970480000000000148e-03 6.017030119500000218e+00
1.294999999999999929e+01 -1.894969999999999944e-03 1.168736499999999817e-03 -1.894969999999999944e-03 6.005382663500000717e+00
1.297499999999999964e+01 -1.822119999999999990e-03 1.122979000000000078e-03 -1.822119999999999990e-03 5.993776361000000108e+00
1.300000000000000000e+01 -1.751849999999999892e-03 1.078627999999999879e-03 -1.751849999999999892e-03 5.982221195999999352e+00
1.302500000000000036e+01 -1.684079999999999909e-03 1.035636500000000106e-03 -1.684079999999999909e-03 5.970707127499999878e+00
1.305000000000000071e+01 -1.618709999999999984e-03 9.939709999999999605e-04 -1.618709999999999984e-03 5.959234125000000049e+00
1.307499999999999929e+01 -1.555680000000000040e-03 9.535985000000000078e-04 -1.555680000000000040e-03 5.947812161499999917e+00
1.309999999999999964e+01 -1.494909999999999902e-03 9.144880000000000847e-04 -1.494909999999999902e-03 5.936431208000000126e+00
1.312500000000000000e+01 -1.436360000000000024e-03 8.766134999999999986e-04 -1.436360000000000024e-03 5.925091242499999744e+00
1.315000000000000036e+01 -1.379940000000000073e-03 8.399469999999999593e-04 -1.379940000000000073e-03 5.913802238999999794e+00
1.317500000000000071e+01 -1.325620000000000010e-03 8.044665000000000539e-04 -1.325620000000000010e-03 5.902554179500000053e+00
1.319999999999999929e+01 -1.273320000000000094e-03 7.701504999999999983e-04 -1.273320000000000094e-03 5.891347043499999714e+00
1.322499999999999964e+01 -1.222999999999999912e-03 7.369815000000000046e-04 -1.222999999999999912e-03 5.880180816500000240e+00
1.325000000000000000e+01 -1.174619999999999918e-03 7.049440000000001001e-04 -1.174619999999999918e-03 5.869065484000000055e+00
1.327500000000000036e+01 -1.128120000000000034e-03 6.740229999999999399e-04 -1.128120000000000034e-03 5.857991033000000236e+00
1.330000000000000071e+01 -1.083460000000000065e-03 6.442074999999998931e-04 -1.083460000000000065e-03 5.846957452499999874e+00
1.332499999999999929e+01 -1.040619999999999913e-03 6.154879999999999726e-04 -1.040619999999999913e-03 5.835964736000000208e+00
1.334999999999999964e+01 -9.995419999999999652e-04 5.878584999999999757e-04 -9.995419999999999652e-04 5.825012875499999687e+00
1.337500000000000000e+01 -9.602060000000000152e-04 5.613130000000000246e-04 -9.602060000000000152e-04 5.814111866999999378e+00
1.340000000000000036e+01 -9.225760000000000384e-04 5.358519999999999646e-04 -9.225760000000000384e-04 5.803241712000000163e+00
1.342500000000000071e+01 -8.866269999999999664e-04 5.114661499999999684e-04 -8.866269999999999664e-04 5.792412399849999893e+00
1.344999999999999929e+01 -8.523299999999999930e-04 4.881575499999999930e-04 -8.523299999999999930e-04 5.781633934450000289e+00
1.347499999999999964e+01 -8.196609999999999573e-04 4.659294500000000084e-04 -8.196609999999999573e-04 5.770886318549999672e+00
1.350000000000000000e+01 -7.885989999999999623e-04 4.447828499999999761e-04 -7.885989999999999623e-04 5.760189553150000030e+00
1.352500000000000036e+01 -7.591219999999999869e-04 4.247227000000000120e-04 -7.591219999999999869e-04 5.749523643299999875e+00
1.355000000000000071e+01 -7.312109999999999487e-04 4.057509999999999849e-04 -7.312109999999999487e-04 5.738898590999999882e+00
1.357499999999999929e+01 -7.048469999999999822e-04 3.878736500000000095e-04 -7.048469999999999822e-04 5.728314402349999668e+00
1.359999999999999964e+01 -6.800130000000000367e-04 3.710966500000000175e-04 -6.800130000000000367e-04 5.717771083349999728e+00
1.362500000000000000e+01 -6.566919999999999528e-04 3.554247999999999652e-04 -6.566919999999999528e-04 5.707268639199999605e+00
1.365000000000000036e+01 -6.348690000000000366e-04 3.408639500000000045e-04 -6.348690000000000366e-04 5.696807076049999807e+00
1.367500000000000071e+01 -6.145270000000000203e-04 3.274187499999999863e-04 -6.145270000000000203e-04 5.686386399249999890e+00
1.369999999999999929e+01 -5.956509999999999930e-04 3.150949500000000281e-04 -5.956509999999999930e-04 5.675996615049999861e+00
1.372499999999999964e+01 -5.782269999999999511e-04 3.038971000000000012e-04 -5.782269999999999511e-04 5.665647728899999791e+00
1.375000000000000000e+01 -5.622389999999999680e-04 2.938295499999999793e-04 -5.622389999999999680e-04 5.655339746450000149e+00
1.377500000000000036e+01 -5.476710000000000085e-04 2.848926999999999905e-04 -5.476710000000000085e-04 5.645072669300000179e+00
1.380000000000000071e+01 -5.345070000000000376e-04 2.770896500000000076e-04 -5.345070000000000376e-04 5.634836502350000664e+00
1.382499999999999929e+01 -5.227310000000000203e-04 2.704205500000000277e-04 -5.227310000000000203e-04 5.624641247449999604e+00
1.384999999999999964e+01 -5.123239999999999825e-04 2.648843000000000009e-04 -5.123239999999999825e-04 5.614486905700000641e+00
1.387500000000000000e+01 -5.032689999999999820e-04 2.604802999999999936e-04 -5.032689999999999820e-04 5.604373479700000438e+00
1.390000000000000036e+01 -4.955460000000000290e-04 2.571986499999999909e-04 -4.955460000000000290e-04 5.594290961349999591e+00
1.392500000000000071e+01 -4.891350000000000255e-04 2.550355499999999980e-04 -4.891350000000000255e-04 5.584239350449999861e+00
1.394999999999999929e+01 -4.840119999999999731e-04 2.539821500000000328e-04 -4.840119999999999731e-04 5.574238641849999176e+00
1.397499999999999964e+01 -4.801559999999999748e-04 2.540277000000000073e-04 -4.801559999999999748e-04 5.564258828299999848e+00
1.400000000000000000e+01 -4.775420000000000164e-04 2.551604999999999976e-04 -4.775420000000000164e-04 5.554329901500000055e+00
1.402500000000000036e+01 -4.761419999999999824e-04 2.573632500000000130e-04 -4.761419999999999824e-04 5.544431850750000557e+00
1.405000000000000071e+01 -4.759289999999999896e-04 2.606190000000000199e-04 -4.759289999999999896e-04 5.534564663000000273e+00
1.407499999999999929e+01 -4.768749999999999769e-04 2.649070500000000068e-04 -4.768749999999999769e-04 5.524738322950000224e+00
1.409999999999999964e+01 -4.789460000000000050e-04 2.702056000000000206e-04 -4.789460000000000050e-04 5.514952814399999959e+00
1.412500000000000000e+01 -4.821110000000000196e-04 2.764909500000000027e-04 -4.821110000000000196e-04 5.505198121050000282e+00
1.415000000000000036e+01 -4.863369999999999889e-04 2.837333499999999996e-04 -4.863369999999999889e-04 5.495474216649999910e+00
1.417500000000000071e+01 -4.915829999999999722e-04 2.919037000000000086e-04 -4.915829999999999722e-04 5.485791080300000289e+00
1.419999999999999929e+01 -4.978139999999999605e-04 3.009604999999999724e-04 -4.978139999999999605e-04 5.476138677499999829e+00
1.422499999999999964e+01 -5.049889999999999587e-04 3.108892500000000423e-04 -5.049889999999999587e-04 5.466527000749999310e+00
1.425000000000000000e+01 -5.130690000000000034e-04 3.216430999999999631e-04 -5.130690000000000034e-04 5.456946010900000310e+00
1.427500000000000036e+01 -5.220080000000000206e-04 3.331820999999999893e-04 -5.220080000000000206e-04 5.447395675900000178e+00
1.430000000000000071e+01 -5.317650000000000154e-04 3.454683000000000276e-04 -5.317650000000000154e-04 5.437885965699999602e+00
1.432499999999999929e+01 -5.422919999999999911e-04 3.584565500000000231e-04 -5.422919999999999911e-04 5.428406843450000352e+00
1.434999999999999964e+01 -5.535429999999999821e-04 3.721036000000000265e-04 -5.535429999999999821e-04 5.418958274400000441e+00
1.437500000000000000e+01 -5.654689999999999760e-04 3.863621500000000088e-04 -5.654689999999999760e-04 5.409550219849999841e+00
1.440000000000000036e+01 -5.780219999999999759e-04 4.011857499999999595e-04 -5.780219999999999759e-04 5.400172642250000266e+00
1.442500000000000071e+01 -5.911510000000000462e-04 4.165239500000000221e-04 -5.911510000000000462e-04 5.390825500050000052e+00
1.444999999999999929e+01 -6.048060000000000502e-04 4.323282999999999922e-04 -6.048060000000000502e-04 5.381508753699999481e+00
1.447499999999999964e+01 -6.189330000000000049e-04 4.485451500000000062e-04 -6.189330000000000049e-04 5.372232358849999834e+00
1.450000000000000000e+01 -6.334809999999999747e-04 4.651239999999999737e-04 -6.334809999999999747e-04 5.362986273999999831e+00
1.452500000000000036e+01 -6.483980000000000082e-04 4.820113000000000110e-04 -6.483980000000000082e-04 5.353770454700000236e+00
1.455000000000000071e+01 -6.636289999999999984e-04 4.991534000000000379e-04 -6.636289999999999984e-04 5.344584856600000045e+00
1.457499999999999929e+01 -6.791219999999999939e-04 5.164968000000000250e-04 -6.791219999999999939e-04 5.335429435200000015e+00
1.459999999999999964e+01 -6.948300000000000136e-04 5.339869999999999816e-04 -6.948300000000000136e-04 5.326314145000000444e+00
1.462500000000000000e+01 -7.106859999999999783e-04 5.515715000000000028e-04 -7.106859999999999783e-04 5.317218942500000267e+00
1.465000000000000036e+01 -7.266450000000000469e-04 5.691948499999999363e-04 -7.266450000000000469e-04 5.308163781150000204e+00
1.467500000000000071e+01 -7.426540000000000355e-04 5.868057999999999781e-04 -7.426540000000000355e-04 5.299138618200000650e+00
1.469999999999999929e+01 -7.586609999999999925e-04 6.043509999999999334e-04 -7.586609999999999925e-04 5.290143409000000574e+00
1.472499999999999964e+01 -7.746079999999999806e-04 6.217774999999999604e-04 -7.746079999999999806e-04 5.281178108499999801e+00
1.475000000000000000e+01 -7.904589999999999750e-04 6.390360000000000528e-04 -7.904589999999999750e-04 5.272242675999999406e+00
1.477500000000000036e+01 -8.061589999999999772e-04 6.560754999999999495e-04 -8.061589999999999772e-04 5.263337068500000271e+00
1.480000000000000071e+01 -8.216579999999999587e-04 6.728485000000000412e-04 -8.216579999999999587e-04 5.254461245499999933e+00
1.482499999999999929e+01 -8.369109999999999700e-04 6.893000000000000039e-04 -8.369109999999999700e-04 5.245615160000000721e+00
1.484999999999999964e+01 -8.518710000000000301e-04 7.054010000000000315e-04 -8.518710000000000301e-04 5.236798788999999843e+00
1.487500000000000000e+01 -8.664960000000000197e-04 7.210959999999999549e-04 -8.664960000000000197e-04 5.228012083999999504e+00
1.490000000000000036e+01 -8.807430000000000207e-04 7.363444999999999496e-04 -8.807430000000000207e-04 5.219255011499999597e+00
1.492500000000000071e+01 -8.945720000000000538e-04 7.511080000000000057e-04 -8.945720000000000538e-04 5.210517537999999504e+00
1.494999999999999929e+01 -9.079449999999999544e-04 7.653475000000000512e-04 -9.079449999999999544e-04 5.201819630500000180e+00
1.497499999999999964e+01 -9.208239999999999915e-04 7.790264999999999994e-04 -9.208239999999999915e-04 5.193151259499999561e+00
1.500000000000000000e+01 -9.331749999999999550e-04 7.921129999999999968e-04 -9.331749999999999550e-04 5.184512394999999607e+00
1.502500000000000036e+01 -9.449659999999999917e-04 8.045735000000000040e-04 -9.449659999999999917e-04 5.175893010500000280e+00
1.505000000000000071e+01 -9.561660000000000471e-04 8.163800000000000136e-04 -9.561660000000000471e-04 5.167303079999999937e+00
1.507499999999999929e+01 -9.667540000000000074e-04 8.275049999999999724e-04 -9.667540000000000074e-04 5.158752580999999893e+00
1.509999999999999964e+01 -9.766899999999998933e-04 8.379254999999999516e-04 -9.766899999999998933e-04 5.150221494500000219e+00
1.512500000000000000e+01 -9.859569999999999793e-04 8.476190000000000850e-04 -9.859569999999999793e-04 5.141709799000000025e+00
1.515000000000000036e+01 -9.945340000000000430e-04 8.565654999999999493e-04 -9.945340000000000430e-04 5.133237478500000783e+00
1.517500000000000071e+01 -1.002400000000000079e-03 8.647490000000000515e-04 -1.002400000000000079e-03 5.124784519000000316e+00
1.519999999999999929e+01 -1.009539999999999960e-03 8.721550000000000006e-04 -1.009539999999999960e-03 5.116370907000000301e+00
1.522499999999999964e+01 -1.015939999999999899e-03 8.787709999999999792e-04 -1.015939999999999899e-03 5.107976632999999822e+00
1.525000000000000000e+01 -1.021589999999999955e-03 8.845895000000000320e-04 -1.021589999999999955e-03 5.099601688499999952e+00
1.527500000000000036e+01 -1.026479999999999971e-03 8.896019999999999709e-04 -1.026479999999999971e-03 5.091266065999999313e+00
1.530000000000000071e+01 -1.030590000000000065e-03 8.938039999999999961e-04 -1.030590000000000065e-03 5.082949762000000149e+00
1.532499999999999929e+01 -1.033929999999999962e-03 8.971939999999999213e-04 -1.033929999999999962e-03 5.074662774000000098e+00
1.534999999999999964e+01 -1.036479999999999997e-03 8.997729999999999791e-04 -1.036479999999999997e-03 5.066405103000000132e+00
1.537500000000000000e+01 -1.038260000000000051e-03 9.015109999999999140e-04 -1.038260000000000051e-03 5.058166718999999922e+00
1.540000000000000036e+01 -1.039259999999999967e-03 9.025040000000000449e-04 -1.039259999999999967e-03 5.049957715999999763e+00
1.542500000000000071e+01 -1.039479999999999961e-03 9.026680000000000250e-04 -1.039479999999999961e-03 5.041778007999999645e+00
1.544999999999999929e+01 -1.038929999999999975e-03 9.020435000000000042e-04 -1.038929999999999975e-03 5.033617634500000548e+00
1.547499999999999964e+01 -1.037610000000000008e-03 9.006399999999999692e-04 -1.037610000000000008e-03 5.025486601999999969e+00
1.550000000000000000e+01 -1.035539999999999941e-03 8.984690000000000471e-04 -1.035539999999999941e-03 5.017384921000000553e+00
1.552500000000000036e+01 -1.032719999999999992e-03 8.955450000000000866e-04 -1.032719999999999992e-03 5.009302602999999188e+00
1.555000000000000071e+01 -1.029160000000000101e-03 8.918850000000000302e-04 -1.029160000000000101e-03 5.001239662999999780e+00
1.557499999999999929e+01 -1.024890000000000089e-03 8.875055000000000834e-04 -1.024890000000000089e-03 4.993216112499999859e+00
1.559999999999999964e+01 -1.019909999999999957e-03 8.824255000000000033e-04 -1.019909999999999957e-03 4.985211968499999813e+00
1.562500000000000000e+01 -1.014230000000000079e-03 8.766654999999999500e-04 -1.014230000000000079e-03 4.977227248500000201e+00
1.565000000000000036e+01 -1.007890000000000001e-03 8.702469999999999910e-04 -1.007890000000000001e-03 4.969271969000000233e+00
1.567500000000000071e+01 -1.000889999999999939e-03 8.631910000000000234e-04 -1.000889999999999939e-03 4.961346148999999706e+00
1.569999999999999929e+01 -9.932669999999999347e-04 8.555229999999999606e-04 -9.932669999999999347e-04 4.953439808999999805e+00
1.572499999999999964e+01 -9.850289999999998960e-04 8.472659999999999480e-04 -9.850289999999998960e-04 4.945562967999999948e+00
1.575000000000000000e+01 -9.762020000000000159e-04 8.384465000000000234e-04 -9.762020000000000159e-04 4.937705649500000682e+00
1.577500000000000036e+01 -9.668079999999999903e-04 8.290895000000000382e-04 -9.668079999999999903e-04 4.929867872500000026e+00
1.580000000000000071e+01 -9.568740000000000275e-04 8.192209999999999683e-04 -9.568740000000000275e-04 4.922059660999999586e+00
1.582499999999999929e+01 -9.464189999999999929e-04 8.088700000000000534e-04 -9.464189999999999929e-04 4.914281037999999491e+00
1.584999999999999964e+01 -9.354699999999999864e-04 7.980615000000000365e-04 -9.354699999999999864e-04 4.906522024500000079e+00
1.587500000000000000e+01 -9.240519999999999680e-04 7.868245000000000490e-04 -9.240519999999999680e-04 4.898782645499999866e+00
1.590000000000000036e+01 -9.121910000000000218e-04 7.751875000000000519e-04 -9.121910000000000218e-04 4.891072924499999530e+00
1.592500000000000071e+01 -8.999130000000000150e-04 7.631769999999999743e-04 -8.999130000000000150e-04 4.883382885000000506e+00
1.594999999999999929e+01 -8.872440000000000318e-04 7.508219999999999478e-04 -8.872440000000000318e-04 4.875722549999999877e+00
1.597499999999999964e+01 -8.742100000000000478e-04 7.381494999999999636e-04 -8.742100000000000478e-04 4.868081942499999926e+00
1.600000000000000000e+01 -8.608379999999999461e-04 7.251884999999999365e-04 -8.608379999999999461e-04 4.860471087500000564e+00
1.602499999999999858e+01 -8.471540000000000277e-04 7.119660000000000745e-04 -8.471540000000000277e-04 4.852870008000000013e+00
1.605000000000000071e+01 -8.331830000000000356e-04 6.985089999999999355e-04 -8.331830000000000356e-04 4.845308726999999926e+00
1.607499999999999929e+01 -8.189519999999999612e-04 6.848420000000000679e-04 -8.189519999999999612e-04 4.837757264000000390e+00
1.610000000000000142e+01 -8.044859999999999815e-04 6.709969999999999997e-04 -8.044859999999999815e-04 4.830235647000000299e+00
1.612500000000000000e+01 -7.898119999999999793e-04 6.569960000000000773e-04 -7.898119999999999793e-04 4.822733894000000632e+00
1.614999999999999858e+01 -7.749529999999999917e-04 6.428655000000000133e-04 -7.749529999999999917e-04 4.815262028500000291e+00
1.617500000000000071e+01 -7.599349999999999942e-04 6.286303999999999503e-04 -7.599349999999999942e-04 4.807810071600000512e+00
1.619999999999999929e+01 -7.447810000000000237e-04 6.143139999999999191e-04 -7.447810000000000237e-04 4.800378042000000178e+00
1.622500000000000142e+01 -7.295160000000000403e-04 5.999398999999999444e-04 -7.295160000000000403e-04 4.792965960100000089e+00
1.625000000000000000e+01 -7.141629999999999723e-04 5.855316999999999423e-04 -7.141629999999999723e-04 4.785583846300000666e+00
1.627499999999999858e+01 -6.987430000000000420e-04 5.711111999999999743e-04 -6.987430000000000420e-04 4.778221718799999351e+00
1.630000000000000071e+01 -6.832789999999999610e-04 5.566978999999999678e-04 -6.832789999999999610e-04 4.770879594100000176e+00
1.632499999999999929e+01 -6.677919999999999516e-04 5.423146500000000170e-04 -6.677919999999999516e-04 4.763567491349999905e+00
1.635000000000000142e+01 -6.523020000000000033e-04 5.279783000000000132e-04 -6.523020000000000033e-04 4.756265425699999660e+00
1.637500000000000000e+01 -6.368289999999999975e-04 5.137095000000000593e-04 -6.368289999999999975e-04 4.748993414500000121e+00
1.639999999999999858e+01 -6.213930000000000321e-04 4.995246500000000015e-04 -6.213930000000000321e-04 4.741741471350000126e+00
1.642500000000000071e+01 -6.060110000000000496e-04 4.854450000000000388e-04 -6.060110000000000496e-04 4.734519614999999959e+00
1.644999999999999929e+01 -5.907010000000000082e-04 4.714796500000000218e-04 -5.907010000000000082e-04 4.727307852350000061e+00
1.647500000000000142e+01 -5.754799999999999586e-04 4.576457999999999611e-04 -5.754799999999999586e-04 4.720126198200000012e+00
1.650000000000000000e+01 -5.603630000000000286e-04 4.439595000000000173e-04 -5.603630000000000286e-04 4.712964666499999566e+00
1.652499999999999858e+01 -5.453660000000000365e-04 4.304326500000000199e-04 -5.453660000000000365e-04 4.705823267350000449e+00
1.655000000000000071e+01 -5.305019999999999701e-04 4.170782500000000110e-04 -5.305019999999999701e-04 4.698702011750000018e+00
1.657499999999999929e+01 -5.157859999999999572e-04 4.039070500000000244e-04 -5.157859999999999572e-04 4.691600908949999926e+00
1.660000000000000142e+01 -5.012299999999999698e-04 3.909318500000000338e-04 -5.012299999999999698e-04 4.684529970149999833e+00
1.662500000000000000e+01 -4.868450000000000186e-04 3.781594499999999730e-04 -4.868450000000000186e-04 4.677469200550000039e+00
1.664999999999999858e+01 -4.726439999999999830e-04 3.656013500000000228e-04 -4.726439999999999830e-04 4.670438610650000655e+00
1.667500000000000071e+01 -4.586349999999999889e-04 3.532664499999999658e-04 -4.586349999999999889e-04 4.663428207549999982e+00
1.669999999999999929e+01 -4.448300000000000084e-04 3.411588000000000446e-04 -4.448300000000000084e-04 4.656437995200000124e+00
1.672500000000000142e+01 -4.312359999999999891e-04 3.292860999999999575e-04 -4.312359999999999891e-04 4.649467979899999825e+00
1.675000000000000000e+01 -4.178610000000000028e-04 3.176537500000000281e-04 -4.178610000000000028e-04 4.642518166249999467e+00
1.677499999999999858e+01 -4.047130000000000128e-04 3.062680999999999824e-04 -4.047130000000000128e-04 4.635588559899999517e+00
1.680000000000000071e+01 -3.917980000000000052e-04 2.951324000000000070e-04 -3.917980000000000052e-04 4.628679163600000201e+00
1.682499999999999929e+01 -3.791220000000000202e-04 2.842509499999999962e-04 -3.791220000000000202e-04 4.621799981049999673e+00
1.685000000000000142e+01 -3.666909999999999896e-04 2.736266500000000173e-04 -3.666909999999999896e-04 4.614931015349999832e+00
1.687500000000000000e+01 -3.545080000000000149e-04 2.632614000000000135e-04 -3.545080000000000149e-04 4.608082266599999421e+00
1.689999999999999858e+01 -3.425780000000000123e-04 2.531553999999999987e-04 -3.425780000000000123e-04 4.601263736599999987e+00
1.692500000000000071e+01 -3.309030000000000131e-04 2.433133000000000138e-04 -3.309030000000000131e-04 4.594455428699999899e+00
1.694999999999999929e+01 -3.194879999999999877e-04 2.337349500000000075e-04 -3.194879999999999877e-04 4.587667343049999680e+00
1.697500000000000142e+01 -3.083329999999999903e-04 2.244183000000000126e-04 -3.083329999999999903e-04 4.580909477700000565e+00
1.700000000000000000e+01 -2.974399999999999982e-04 2.153622500000000064e-04 -2.974399999999999982e-04 4.574161831749999685e+00
1.702499999999999858e+01 -2.868090000000000114e-04 2.065727500000000120e-04 -2.868090000000000114e-04 4.567444411249999447e+00
1.705000000000000071e+01 -2.764430000000000229e-04 1.980397000000000006e-04 -2.764430000000000229e-04 4.560737206299999791e+00
1.707499999999999929e+01 -2.663410000000000170e-04 1.897659000000000054e-04 -2.663410000000000170e-04 4.554050220099999713e+00
1.710000000000000142e+01 -2.565019999999999778e-04 1.817481499999999922e-04 -2.565019999999999778e-04 4.547383449849999870e+00
1.712500000000000000e+01 -2.469260000000000140e-04 1.739842000000000070e-04 -2.469260000000000140e-04 4.540746893800000628e+00
1.714999999999999858e+01 -2.376120000000000012e-04 1.664698999999999899e-04 -2.376120000000000012e-04 4.534120548099999759e+00
1.717500000000000071e+01 -2.285570000000000006e-04 1.592039500000000125e-04 -2.285570000000000006e-04 4.527514412050000381e+00
1.719999999999999929e+01 -2.197599999999999966e-04 1.521820000000000009e-04 -2.197599999999999966e-04 4.520928482000000415e+00
1.722500000000000142e+01 -2.112179999999999960e-04 1.453998499999999865e-04 -2.112179999999999960e-04 4.514362754150000434e+00
1.725000000000000000e+01 -2.029300000000000103e-04 1.388541000000000027e-04 -2.029300000000000103e-04 4.507807225900000603e+00
1.727499999999999858e+01 -1.948909999999999879e-04 1.325404500000000195e-04 -1.948909999999999879e-04 4.501281893549999857e+00
1.730000000000000071e+01 -1.870999999999999942e-04 1.264554999999999889e-04 -1.870999999999999942e-04 4.494766754499999628e+00
1.732499999999999929e+01 -1.795520000000000048e-04 1.205929499999999988e-04 -1.795520000000000048e-04 4.488281803049999574e+00
1.735000000000000142e+01 -1.722439999999999995e-04 1.149484500000000023e-04 -1.722439999999999995e-04 4.481807035549999263e+00
1.737500000000000000e+01 -1.651730000000000125e-04 1.095184999999999984e-04 -1.651730000000000125e-04 4.475352449499999885e+00
1.739999999999999858e+01 -1.583339999999999921e-04 1.042973500000000052e-04 -1.583339999999999921e-04 4.468918039649999230e+00
1.742500000000000071e+01 -1.517219999999999951e-04 9.927970000000000425e-05 -1.517219999999999951e-04 4.462503801699999606e+00
1.744999999999999929e+01 -1.453349999999999900e-04 9.446089999999999543e-05 -1.453349999999999900e-04 4.456109731699999799e+00
1.747500000000000142e+01 -1.391669999999999908e-04 8.983550000000000411e-05 -1.391669999999999908e-04 4.449725825099999810e+00
1.750000000000000000e+01 -1.332130000000000000e-04 8.539845000000000227e-05 -1.332130000000000000e-04 4.443372077549999410e+00
1.752499999999999858e+01 -1.274699999999999976e-04 8.114449999999998856e-05 -1.274699999999999976e-04 4.437028484699999886e+00
1.755000000000000071e+01 -1.219329999999999996e-04 7.706844999999999223e-05 -1.219329999999999996e-04 4.430705042150000494e+00
1.757499999999999929e+01 -1.165960000000000065e-04 7.316499999999999491e-05 -1.165960000000000065e-04 4.424401745399999974e+00
1.760000000000000142e+01 -1.114549999999999959e-04 6.942894999999999872e-05 -1.114549999999999959e-04 4.418108590050000117e+00
1.762500000000000000e+01 -1.065049999999999976e-04 6.585514999999999577e-05 -1.065049999999999976e-04 4.411835571850000193e+00
1.764999999999999858e+01 -1.017420000000000027e-04 6.243826000000000551e-05 -1.017420000000000027e-04 4.405592686140000325e+00
1.767500000000000071e+01 -9.715919999999999635e-05 5.917333000000000017e-05 -9.715919999999999635e-05 4.399349928870000426e+00
1.769999999999999929e+01 -9.275319999999999821e-05 5.605528499999999739e-05 -9.275319999999999821e-05 4.393137295715000334e+00
1.772500000000000142e+01 -8.851859999999999644e-05 5.307892999999999970e-05 -8.851859999999999644e-05 4.386934782269999999e+00
1.775000000000000000e+01 -8.445059999999999405e-05 5.023948499999999795e-05 -8.445059999999999405e-05 4.380762384515000107e+00
1.777499999999999858e+01 -8.054439999999999408e-05 4.753197000000000292e-05 -8.054439999999999408e-05 4.374590098230000557e+00
1.780000000000000071e+01 -7.679499999999999911e-05 4.495161499999999940e-05 -7.679499999999999911e-05 4.368447919384999878e+00
1.782499999999999929e+01 -7.319779999999999906e-05 4.249374999999999951e-05 -7.319779999999999906e-05 4.362315844050000280e+00
1.785000000000000142e+01 -6.974799999999999696e-05 4.015362000000000266e-05 -6.974799999999999696e-05 4.356203868179999716e+00
1.787500000000000000e+01 -6.644090000000000282e-05 3.792697499999999613e-05 -6.644090000000000282e-05 4.350111988225000559e+00
1.789999999999999858e+01 -6.327190000000000657e-05 3.580907000000000035e-05 -6.327190000000000657e-05 4.344040200130000251e+00
1.792500000000000071e+01 -6.023649999999999832e-05 3.379577500000000424e-05 -6.023649999999999832e-05 4.337978500424999773e+00
1.794999999999999929e+01 -5.733010000000000189e-05 3.188285499999999614e-05 -5.733010000000000189e-05 4.331936885544999782e+00
1.797500000000000142e+01 -5.454840000000000106e-05 3.006610000000000001e-05 -5.454840000000000106e-05 4.325905351899999474e+00
1.800000000000000000e+01 -5.188699999999999975e-05 2.834159000000000252e-05 -5.188699999999999975e-05 4.319893896209999973e+00
1.802499999999999858e+01 -4.934180000000000250e-05 2.670543499999999921e-05 -4.934180000000000250e-05 4.313902515165000118e+00
1.805000000000000071e+01 -4.690849999999999989e-05 2.515374000000000220e-05 -4.690849999999999989e-05 4.307931205460000079e+00
1.807499999999999929e+01 -4.458309999999999671e-05 2.368301499999999775e-05 -4.458309999999999671e-05 4.301969964184999995e+00
1.810000000000000142e+01 -4.236169999999999796e-05 2.228948999999999994e-05 -4.236169999999999796e-05 4.296028788110000107e+00
1.812500000000000000e+01 -4.024020000000000141e-05 2.096989500000000025e-05 -4.024020000000000141e-05 4.290097674504999681e+00
1.814999999999999858e+01 -3.821509999999999941e-05 1.972087499999999777e-05 -3.821509999999999941e-05 4.284186620524999434e+00
1.817500000000000071e+01 -3.628239999999999672e-05 1.853898000000000186e-05 -3.628239999999999672e-05 4.278295623220000010e+00
1.819999999999999929e+01 -3.443879999999999966e-05 1.742136499999999985e-05 -3.443879999999999966e-05 4.272414680235000262e+00
1.822500000000000142e+01 -3.268070000000000035e-05 1.636489999999999980e-05 -3.268070000000000035e-05 4.266553788899999589e+00
1.825000000000000000e+01 -3.100459999999999788e-05 1.536676500000000092e-05 -3.100459999999999788e-05 4.260712946834999570e+00
1.827499999999999858e+01 -2.940729999999999879e-05 1.442404000000000056e-05 -2.940729999999999879e-05 4.254882151560000381e+00
1.830000000000000071e+01 -2.788549999999999924e-05 1.353412000000000113e-05 -2.788549999999999924e-05 4.249061400880000505e+00
1.832499999999999929e+01 -2.643629999999999963e-05 1.269440000000000165e-05 -2.643629999999999963e-05 4.243270692600000338e+00
1.835000000000000142e+01 -2.505649999999999973e-05 1.190229000000000052e-05 -2.505649999999999973e-05 4.237490024509999564e+00
1.837500000000000000e+01 -2.374319999999999995e-05 1.115570999999999962e-05 -2.374319999999999995e-05 4.231719394889999819e+00
1.839999999999999858e+01 -2.249360000000000094e-05 1.045203499999999996e-05 -2.249360000000000094e-05 4.225968801485000093e+00
1.842500000000000071e+01 -2.130510000000000037e-05 9.789104999999999511e-06 -2.130510000000000037e-05 4.220238242475000234e+00
1.844999999999999929e+01 -2.017479999999999867e-05 9.164990000000000490e-06 -2.017479999999999867e-05 4.214517716249999602e+00
1.847500000000000142e+01 -1.910030000000000075e-05 8.577595000000000331e-06 -1.910030000000000075e-05 4.208817221024999888e+00
1.850000000000000000e+01 -1.807920000000000132e-05 8.024969999999999841e-06 -1.807920000000000132e-05 4.203126755150000449e+00
1.852499999999999858e+01 -1.710909999999999853e-05 7.505295000000000450e-06 -1.710909999999999853e-05 4.197456317084999888e+00
1.855000000000000071e+01 -1.618770000000000088e-05 7.016789999999999611e-06 -1.618770000000000088e-05 4.191795905330000238e+00
1.857499999999999929e+01 -1.531269999999999994e-05 6.557775000000000076e-06 -1.531269999999999994e-05 4.186155518464999226e+00
1.860000000000000142e+01 -1.448220000000000002e-05 6.126657000000000014e-06 -1.448220000000000002e-05 4.180525155142999161e+00
1.862500000000000000e+01 -1.369389999999999945e-05 5.721885499999999717e-06 -1.369389999999999945e-05 4.174914814054499601e+00
1.864999999999999858e+01 -1.294609999999999960e-05 5.342017999999999918e-06 -1.294609999999999960e-05 4.169314493982000158e+00
1.867500000000000071e+01 -1.223669999999999924e-05 4.985657000000000265e-06 -1.223669999999999924e-05 4.163734193743000134e+00
1.869999999999999929e+01 -1.156399999999999974e-05 4.651479500000000025e-06 -1.156399999999999974e-05 4.158173912220499702e+00
1.872500000000000142e+01 -1.092630000000000074e-05 4.338227999999999319e-06 -1.092630000000000074e-05 4.152613648352000197e+00
1.875000000000000000e+01 -1.032190000000000023e-05 4.044710000000000277e-06 -1.032190000000000023e-05 4.147083401129999736e+00
1.877499999999999858e+01 -9.749110000000000244e-06 3.769776999999999889e-06 -9.749110000000000244e-06 4.141563169582999748e+00
1.880000000000000071e+01 -9.206509999999999713e-06 3.512364999999999701e-06 -9.206509999999999713e-06 4.136052952814999628e+00
1.882499999999999929e+01 -8.692609999999999432e-06 3.271444999999999897e-06 -8.692609999999999432e-06 4.130562749954999724e+00
1.885000000000000142e+01 -8.206000000000000715e-06 3.046040500000000097e-06 -8.206000000000000715e-06 4.125082560179500035e+00
1.887500000000000000e+01 -7.745330000000000601e-06 2.835230999999999774e-06 -7.745330000000000601e-06 4.119612382708999654e+00
1.889999999999999858e+01 -7.309320000000000179e-06 2.638158000000000111e-06 -7.309320000000000179e-06 4.114162216821999785e+00
1.892500000000000071e+01 -6.896739999999999803e-06 2.453987500000000109e-06 -6.896739999999999803e-06 4.108732061812500724e+00
1.894999999999999929e+01 -6.506429999999999638e-06 2.281928500000000170e-06 -6.506429999999999638e-06 4.103311917011499332e+00
1.897500000000000142e+01 -6.137239999999999705e-06 2.121253499999999798e-06 -6.137239999999999705e-06 4.097901781806499777e+00
1.900000000000000000e+01 -5.788130000000000095e-06 1.971258499999999890e-06 -5.788130000000000095e-06 4.092511655601500209e+00
1.902499999999999858e+01 -5.458050000000000199e-06 1.831290999999999904e-06 -5.458050000000000199e-06 4.087131537849000296e+00
1.905000000000000071e+01 -5.146039999999999776e-06 1.700723499999999989e-06 -5.146039999999999776e-06 4.081771428016499392e+00
1.907499999999999929e+01 -4.851169999999999837e-06 1.578969499999999943e-06 -4.851169999999999837e-06 4.076421325610499302e+00
1.910000000000000142e+01 -4.572549999999999953e-06 1.465466000000000107e-06 -4.572549999999999953e-06 4.071081230154000252e+00
1.912500000000000000e+01 -4.309329999999999956e-06 1.359702000000000141e-06 -4.309329999999999956e-06 4.065761141218000141e+00
1.914999999999999858e+01 -4.060709999999999785e-06 1.261168499999999968e-06 -4.060709999999999785e-06 4.060451058371500110e+00
1.917500000000000071e+01 -3.825919999999999785e-06 1.169420000000000105e-06 -3.825919999999999785e-06 4.055160981240000240e+00
1.919999999999999929e+01 -3.604230000000000134e-06 1.084011000000000005e-06 -3.604230000000000134e-06 4.049880909447000299e+00
1.922500000000000142e+01 -3.394949999999999996e-06 1.004526999999999979e-06 -3.394949999999999996e-06 4.044610842642999415e+00
1.925000000000000000e+01 -3.197419999999999788e-06 9.305839999999999107e-07 -3.197419999999999788e-06 4.039360780504000381e+00
1.927499999999999858e+01 -3.011000000000000055e-06 8.618180000000000214e-07 -3.011000000000000055e-06 4.034120722721999286e+00
1.930000000000000071e+01 -2.835110000000000033e-06 7.978859999999999490e-07 -2.835110000000000033e-06 4.028900669010000435e+00
1.932499999999999929e+01 -2.669180000000000082e-06 7.384684999999999796e-07 -2.669180000000000082e-06 4.023680619097500077e+00
1.935000000000000142e+01 -2.512649999999999990e-06 6.832619999999999941e-07 -2.512649999999999990e-06 4.018490572728000032e+00
1.937500000000000000e+01 -2.365030000000000208e-06 6.319854999999999650e-07 -2.365030000000000208e-06 4.013300529666500083e+00
1.939999999999999858e+01 -2.225829999999999914e-06 5.843722499999999936e-07 -2.225829999999999914e-06 4.008130489685750142e+00
1.942500000000000071e+01 -2.094589999999999964e-06 5.401739499999999809e-07 -2.094589999999999964e-06 4.002970452578050065e+00
1.944999999999999929e+01 -1.970859999999999795e-06 4.991563499999999723e-07 -1.970859999999999795e-06 3.997830418145650100e+00
1.947500000000000142e+01 -1.854240000000000012e-06 4.611012500000000010e-07 -1.854240000000000012e-06 3.992690386204750030e+00
1.950000000000000000e+01 -1.744320000000000098e-06 4.258035499999999748e-07 -1.744320000000000098e-06 3.987570356582449627e+00
1.952499999999999858e+01 -1.640740000000000066e-06 3.930711500000000012e-07 -1.640740000000000066e-06 3.982470329116850394e+00
1.955000000000000071e+01 -1.543149999999999998e-06 3.627248500000000255e-07 -1.543149999999999998e-06 3.977380303657150229e+00
1.957499999999999929e+01 -1.451199999999999972e-06 3.345963500000000393e-07 -1.451199999999999972e-06 3.972300280061650035e+00
1.960000000000000142e+01 -1.364589999999999966e-06 3.085282999999999980e-07 -1.364589999999999966e-06 3.967230258197699921e+00
1.962500000000000000e+01 -1.283000000000000040e-06 2.843740499999999722e-07 -1.283000000000000040e-06 3.962180237941950178e+00
1.964999999999999858e+01 -1.206170000000000007e-06 2.619956999999999563e-07 -1.206170000000000007e-06 3.957130219178299768e+00
1.967500000000000071e+01 -1.133800000000000054e-06 2.412641499999999972e-07 -1.133800000000000054e-06 3.952110201797849776e+00
1.969999999999999929e+01 -1.065659999999999975e-06 2.220588000000000058e-07 -1.065659999999999975e-06 3.947090185699200227e+00
1.972500000000000142e+01 -1.001500000000000067e-06 2.042687500000000073e-07 -1.001500000000000067e-06 3.942090170789249726e+00
1.975000000000000000e+01 -9.410889999999999906e-07 1.877866999999999831e-07 -9.410889999999999906e-07 3.937100156977300092e+00
1.977499999999999858e+01 -8.842159999999999550e-07 1.725158500000000194e-07 -8.842159999999999550e-07 3.932120144182150057e+00
1.980000000000000071e+01 -8.306749999999999920e-07 1.583639000000000090e-07 -8.306749999999999920e-07 3.927160132326100062e+00
1.982499999999999929e+01 -7.802729999999999619e-07 1.452440499999999962e-07 -7.802729999999999619e-07 3.922200121335950307e+00
1.985000000000000142e+01 -7.328270000000000015e-07 1.330758000000000090e-07 -7.328270000000000015e-07 3.917260111144200252e+00
1.987500000000000000e+01 -6.881660000000000491e-07 1.217833000000000023e-07 -6.881660000000000491e-07 3.912340101686699878e+00
1.989999999999999858e+01 -6.461270000000000523e-07 1.112968499999999925e-07 -6.461270000000000523e-07 3.907420092905149911e+00
1.992500000000000071e+01 -6.065549999999999677e-07 1.015500500000000021e-07 -6.065549999999999677e-07 3.902520084743749784e+00
1.994999999999999929e+01 -5.693050000000000279e-07 9.247889999999999836e-08 -5.693050000000000279e-07 3.897630077148300121e+00
1.997500000000000142e+01 -5.342409999999999728e-07 8.402800000000000307e-08 -5.342409999999999728e-07 3.892750070072399815e+00
2.000000000000000000e+01 -5.012290000000000210e-07 7.613325000000000445e-08 -5.012290000000000210e-07 3.887890063461949985e+00
