# raxis[fm], SN, VN, SP, VP [MeV]
0.000000000000000000e+00 -2.710539999999999736e+02 2.131676199999999994e+02 -2.710539999999999736e+02 2.264492799999999875e+02
2.500000000000000139e-02 -2.710539999999999736e+02 2.131676199999999994e+02 -2.710539999999999736e+02 2.264492799999999875e+02
5.000000000000000278e-02 -2.710480000000000018e+02 2.130367600000000152e+02 -2.710480000000000018e+02 2.263239399999999932e+02
7.499999999999999722e-02 -2.712010000000000218e+02 2.131700749999999971e+02 -2.712010000000000218e+02 2.264562250000000176e+02
1.000000000000000056e-01 -2.714180000000000064e+02 2.133646149999999864e+02 -2.714180000000000064e+02 2.266491850000000170e+02
1.250000000000000000e-01 -2.716999999999999886e+02 2.136255099999999914e+02 -2.716999999999999886e+02 2.269075899999999990e+02
1.499999999999999944e-01 -2.720480000000000018e+02 2.139486749999999802e+02 -2.720480000000000018e+02 2.272277250000000208e+02
1.749999999999999889e-01 -2.724599999999999795e+02 2.143311199999999985e+02 -2.724599999999999795e+02 2.276062799999999982e+02
2.000000000000000111e-01 -2.729350000000000023e+02 2.147718449999999848e+02 -2.729350000000000023e+02 2.280424549999999897e+02
2.250000000000000056e-01 -2.734700000000000273e+02 2.152698699999999974e+02 -2.734700000000000273e+02 2.285352299999999843e+02
2.500000000000000000e-01 -2.740659999999999741e+02 2.158252099999999984e+02 -2.740659999999999741e+02 2.290844899999999882e+02
2.750000000000000222e-01 -2.747219999999999800e+02 2.164348799999999926e+02 -2.747219999999999800e+02 2.296873199999999997e+02
2.999999999999999889e-01 -2.754359999999999786e+02 2.170999150000000100e+02 -2.754359999999999786e+02 2.303445849999999950e+02
3.250000000000000111e-01 -2.762080000000000268e+02 2.178173299999999983e+02 -2.762080000000000268e+02 2.310533700000000010e+02
3.499999999999999778e-01 -2.770350000000000250e+02 2.185851299999999924e+02 -2.770350000000000250e+02 2.318115700000000174e+02
3.750000000000000000e-01 -2.779169999999999732e+02 2.194063850000000002e+02 -2.779169999999999732e+02 2.326221150000000364e+02
4.000000000000000222e-01 -2.788530000000000086e+02 2.202771199999999965e+02 -2.788530000000000086e+02 2.334810799999999915e+02
4.249999999999999889e-01 -2.798410000000000082e+02 2.211953550000000064e+02 -2.798410000000000082e+02 2.343864450000000090e+02
4.500000000000000111e-01 -2.808799999999999955e+02 2.221601150000000189e+02 -2.808799999999999955e+02 2.353369849999999985e+02
4.749999999999999778e-01 -2.819669999999999845e+02 2.231694300000000055e+02 -2.819669999999999845e+02 2.363308700000000044e+02
5.000000000000000000e-01 -2.831009999999999991e+02 2.242233400000000074e+02 -2.831009999999999991e+02 2.373680599999999856e+02
5.250000000000000222e-01 -2.842819999999999823e+02 2.253178700000000276e+02 -2.842819999999999823e+02 2.384444300000000112e+02
5.500000000000000444e-01 -2.855049999999999955e+02 2.264530749999999841e+02 -2.855049999999999955e+02 2.395599250000000211e+02
5.749999999999999556e-01 -2.867710000000000150e+02 2.276269649999999842e+02 -2.867710000000000150e+02 2.407125350000000026e+02
5.999999999999999778e-01 -2.880769999999999982e+02 2.288365599999999915e+02 -2.880769999999999982e+02 2.418993400000000236e+02
6.250000000000000000e-01 -2.894200000000000159e+02 2.300809200000000203e+02 -2.894200000000000159e+02 2.431191800000000001e+02
6.500000000000000222e-01 -2.908000000000000114e+02 2.313580699999999979e+02 -2.908000000000000114e+02 2.443700300000000141e+02
6.750000000000000444e-01 -2.922130000000000223e+02 2.326650300000000016e+02 -2.922130000000000223e+02 2.456488699999999881e+02
6.999999999999999556e-01 -2.936589999999999918e+02 2.340018349999999998e+02 -2.936589999999999918e+02 2.469556650000000104e+02
7.249999999999999778e-01 -2.951329999999999814e+02 2.353645099999999957e+02 -2.951329999999999814e+02 2.482864899999999864e+02
7.500000000000000000e-01 -2.966360000000000241e+02 2.367520800000000065e+02 -2.966360000000000241e+02 2.496401200000000244e+02
7.750000000000000222e-01 -2.981630000000000109e+02 2.381625850000000071e+02 -2.981630000000000109e+02 2.510147149999999669e+02
8.000000000000000444e-01 -2.997139999999999986e+02 2.395920199999999909e+02 -2.997139999999999986e+02 2.524061800000000062e+02
8.249999999999999556e-01 -3.012850000000000250e+02 2.410403849999999863e+02 -3.012850000000000250e+02 2.538144149999999968e+02
8.499999999999999778e-01 -3.028740000000000236e+02 2.425057749999999999e+02 -3.028740000000000236e+02 2.552375249999999767e+02
8.750000000000000000e-01 -3.044800000000000182e+02 2.439841600000000028e+02 -3.044800000000000182e+02 2.566714399999999614e+02
9.000000000000000222e-01 -3.060989999999999895e+02 2.454745749999999873e+02 -3.060989999999999895e+02 2.581150250000000028e+02
9.250000000000000444e-01 -3.077300000000000182e+02 2.469740250000000117e+02 -3.077300000000000182e+02 2.595654749999999922e+02
9.499999999999999556e-01 -3.093700000000000045e+02 2.484824449999999842e+02 -3.093700000000000045e+02 2.610226549999999861e+02
9.749999999999999778e-01 -3.110169999999999959e+02 2.499949499999999887e+02 -3.110169999999999959e+02 2.624815500000000270e+02
1.000000000000000000e+00 -3.126680000000000064e+02 2.515105200000000139e+02 -3.126680000000000064e+02 2.639411800000000312e+02
1.024999999999999911e+00 -3.143210000000000264e+02 2.530281549999999982e+02 -3.143210000000000264e+02 2.654005450000000224e+02
1.050000000000000044e+00 -3.159750000000000227e+02 2.545448149999999998e+02 -3.159750000000000227e+02 2.668566850000000272e+02
1.074999999999999956e+00 -3.176259999999999764e+02 2.560585199999999872e+02 -3.176259999999999764e+02 2.683074799999999982e+02
1.100000000000000089e+00 -3.192719999999999914e+02 2.575632400000000075e+02 -3.192719999999999914e+02 2.697470599999999763e+02
1.125000000000000000e+00 -3.209119999999999777e+02 2.590660300000000120e+02 -3.209119999999999777e+02 2.711822700000000168e+02
1.149999999999999911e+00 -3.225419999999999732e+02 2.605598699999999894e+02 -3.225419999999999732e+02 2.726063299999999572e+02
1.175000000000000044e+00 -3.241619999999999777e+02 2.620407000000000153e+02 -3.241619999999999777e+02 2.740150999999999613e+02
1.199999999999999956e+00 -3.257679999999999723e+02 2.635095100000000343e+02 -3.257679999999999723e+02 2.754095900000000370e+02
1.225000000000000089e+00 -3.273589999999999804e+02 2.649642800000000307e+02 -3.273589999999999804e+02 2.767879199999999855e+02
1.250000000000000000e+00 -3.289329999999999927e+02 2.664019849999999678e+02 -3.289329999999999927e+02 2.781471149999999852e+02
1.274999999999999911e+00 -3.304879999999999995e+02 2.678216449999999895e+02 -3.304879999999999995e+02 2.794860550000000217e+02
1.300000000000000044e+00 -3.320210000000000150e+02 2.692222100000000182e+02 -3.320210000000000150e+02 2.808038900000000240e+02
1.324999999999999956e+00 -3.335319999999999823e+02 2.706016300000000001e+02 -3.335319999999999823e+02 2.820985699999999952e+02
1.350000000000000089e+00 -3.350179999999999723e+02 2.719578849999999761e+02 -3.350179999999999723e+02 2.833681149999999889e+02
1.375000000000000000e+00 -3.364780000000000086e+02 2.732899649999999951e+02 -3.364780000000000086e+02 2.846116349999999784e+02
1.399999999999999911e+00 -3.379100000000000250e+02 2.745957800000000475e+02 -3.379100000000000250e+02 2.858272200000000112e+02
1.425000000000000044e+00 -3.393120000000000118e+02 2.758743200000000115e+02 -3.393120000000000118e+02 2.870137800000000539e+02
1.449999999999999956e+00 -3.406840000000000259e+02 2.771255350000000135e+02 -3.406840000000000259e+02 2.881713649999999802e+02
1.475000000000000089e+00 -3.420230000000000246e+02 2.783463849999999979e+02 -3.420230000000000246e+02 2.892971149999999625e+02
1.500000000000000000e+00 -3.433279999999999745e+02 2.795367650000000026e+02 -3.433279999999999745e+02 2.903910349999999880e+02
1.524999999999999911e+00 -3.445980000000000132e+02 2.806947450000000117e+02 -3.445980000000000132e+02 2.914510549999999967e+02
1.550000000000000044e+00 -3.458319999999999936e+02 2.818232150000000047e+02 -3.458319999999999936e+02 2.924803849999999557e+02
1.574999999999999956e+00 -3.470299999999999727e+02 2.829151099999999701e+02 -3.470299999999999727e+02 2.934719900000000052e+02
1.600000000000000089e+00 -3.481890000000000214e+02 2.839733600000000138e+02 -3.481890000000000214e+02 2.944290399999999863e+02
1.625000000000000000e+00 -3.493090000000000259e+02 2.849959000000000060e+02 -3.493090000000000259e+02 2.953495000000000346e+02
1.649999999999999911e+00 -3.503899999999999864e+02 2.859826950000000352e+02 -3.503899999999999864e+02 2.962334050000000047e+02
1.675000000000000044e+00 -3.514300000000000068e+02 2.869326749999999606e+02 -3.514300000000000068e+02 2.970798250000000280e+02
1.699999999999999956e+00 -3.524300000000000068e+02 2.878447800000000143e+02 -3.524300000000000068e+02 2.978879200000000083e+02
1.725000000000000089e+00 -3.533879999999999768e+02 2.887209500000000162e+02 -3.533879999999999768e+02 2.986596500000000560e+02
1.750000000000000000e+00 -3.543039999999999736e+02 2.895601100000000088e+02 -3.543039999999999736e+02 2.993940900000000056e+02
1.774999999999999911e+00 -3.551789999999999736e+02 2.903601800000000139e+02 -3.551789999999999736e+02 3.000894200000000183e+02
1.800000000000000044e+00 -3.560110000000000241e+02 2.911230850000000032e+02 -3.560110000000000241e+02 3.007476150000000530e+02
1.824999999999999956e+00 -3.568009999999999877e+02 2.918478000000000065e+02 -3.568009999999999877e+02 3.013677000000000703e+02
1.850000000000000089e+00 -3.575480000000000018e+02 2.925341900000000237e+02 -3.575480000000000018e+02 3.019499100000000453e+02
1.875000000000000000e+00 -3.582540000000000191e+02 2.931832099999999741e+02 -3.582540000000000191e+02 3.024951899999999796e+02
1.899999999999999911e+00 -3.589180000000000064e+02 2.937947900000000345e+02 -3.589180000000000064e+02 3.030036100000000374e+02
1.925000000000000044e+00 -3.595400000000000205e+02 2.943677999999999884e+02 -3.595400000000000205e+02 3.034743000000000279e+02
1.949999999999999956e+00 -3.601209999999999809e+02 2.949042800000000284e+02 -3.601209999999999809e+02 3.039093200000000365e+02
1.975000000000000089e+00 -3.606619999999999777e+02 2.954040499999999838e+02 -3.606619999999999777e+02 3.043088500000000067e+02
2.000000000000000000e+00 -3.611619999999999777e+02 2.958670549999999935e+02 -3.611619999999999777e+02 3.046727450000000772e+02
2.024999999999999911e+00 -3.616229999999999905e+02 2.962942199999999957e+02 -3.616229999999999905e+02 3.050022800000000416e+02
2.049999999999999822e+00 -3.620470000000000255e+02 2.966874500000000126e+02 -3.620470000000000255e+02 3.052994499999999789e+02
2.075000000000000178e+00 -3.624320000000000164e+02 2.970457499999999982e+02 -3.624320000000000164e+02 3.055633500000000140e+02
2.100000000000000089e+00 -3.627799999999999727e+02 2.973709000000000060e+02 -3.627799999999999727e+02 3.057961000000000240e+02
2.125000000000000000e+00 -3.630930000000000177e+02 2.976629499999999666e+02 -3.630930000000000177e+02 3.059976500000000215e+02
2.149999999999999911e+00 -3.633720000000000141e+02 2.979237499999999841e+02 -3.633720000000000141e+02 3.061702499999999532e+02
2.174999999999999822e+00 -3.636170000000000186e+02 2.981542999999999779e+02 -3.636170000000000186e+02 3.063148999999999660e+02
2.200000000000000178e+00 -3.638299999999999841e+02 2.983554500000000189e+02 -3.638299999999999841e+02 3.064325500000000488e+02
2.225000000000000089e+00 -3.640129999999999768e+02 2.985271500000000060e+02 -3.640129999999999768e+02 3.065234499999999684e+02
2.250000000000000000e+00 -3.641669999999999732e+02 2.986723500000000513e+02 -3.641669999999999732e+02 3.065906499999999824e+02
2.274999999999999911e+00 -3.642930000000000064e+02 2.987890000000000441e+02 -3.642930000000000064e+02 3.066321000000000367e+02
2.299999999999999822e+00 -3.643929999999999723e+02 2.988839499999999703e+02 -3.643929999999999723e+02 3.066550500000000170e+02
2.325000000000000178e+00 -3.644680000000000177e+02 2.989552500000000350e+02 -3.644680000000000177e+02 3.066573500000000081e+02
2.350000000000000089e+00 -3.645210000000000150e+02 2.990047500000000014e+02 -3.645210000000000150e+02 3.066412500000000136e+02
2.375000000000000000e+00 -3.645520000000000209e+02 2.990333999999999719e+02 -3.645520000000000209e+02 3.066076999999999657e+02
2.399999999999999911e+00 -3.645640000000000214e+02 2.990432000000000130e+02 -3.645640000000000214e+02 3.065588000000000193e+02
2.424999999999999822e+00 -3.645590000000000259e+02 2.990361000000000331e+02 -3.645590000000000259e+02 3.064965000000000259e+02
2.450000000000000178e+00 -3.645369999999999777e+02 2.990129499999999894e+02 -3.645369999999999777e+02 3.064220500000000129e+02
2.475000000000000089e+00 -3.645020000000000095e+02 2.989758499999999799e+02 -3.645020000000000095e+02 3.063372500000000400e+02
2.500000000000000000e+00 -3.644540000000000077e+02 2.989246999999999730e+02 -3.644540000000000077e+02 3.062423000000000002e+02
2.524999999999999911e+00 -3.643969999999999914e+02 2.988634000000000128e+02 -3.643969999999999914e+02 3.061413000000000011e+02
2.549999999999999822e+00 -3.643310000000000173e+02 2.987930499999999938e+02 -3.643310000000000173e+02 3.060351499999999874e+02
2.575000000000000178e+00 -3.642579999999999814e+02 2.987135499999999979e+02 -3.642579999999999814e+02 3.059238500000000158e+02
2.600000000000000089e+00 -3.641809999999999832e+02 2.986288999999999874e+02 -3.641809999999999832e+02 3.058114000000000487e+02
2.625000000000000000e+00 -3.641009999999999991e+02 2.985390499999999747e+02 -3.641009999999999991e+02 3.056979499999999916e+02
2.649999999999999911e+00 -3.640199999999999818e+02 2.984460500000000138e+02 -3.640199999999999818e+02 3.055854500000000371e+02
2.674999999999999822e+00 -3.639390000000000214e+02 2.983509000000000242e+02 -3.639390000000000214e+02 3.054748999999999910e+02
2.700000000000000178e+00 -3.638609999999999900e+02 2.982565999999999917e+02 -3.638609999999999900e+02 3.053693000000000097e+02
2.725000000000000089e+00 -3.637880000000000109e+02 2.981640999999999622e+02 -3.637880000000000109e+02 3.052696000000000254e+02
2.750000000000000000e+00 -3.637200000000000273e+02 2.980745000000000005e+02 -3.637200000000000273e+02 3.051766999999999825e+02
2.774999999999999911e+00 -3.636610000000000014e+02 2.979898000000000025e+02 -3.636610000000000014e+02 3.050927999999999543e+02
2.799999999999999822e+00 -3.636100000000000136e+02 2.979099499999999807e+02 -3.636100000000000136e+02 3.050177499999999782e+02
2.825000000000000178e+00 -3.635699999999999932e+02 2.978391000000000304e+02 -3.635699999999999932e+02 3.049554999999999723e+02
2.850000000000000089e+00 -3.635419999999999732e+02 2.977762500000000045e+02 -3.635419999999999732e+02 3.049050500000000170e+02
2.875000000000000000e+00 -3.635280000000000200e+02 2.977234499999999571e+02 -3.635280000000000200e+02 3.048682499999999891e+02
2.899999999999999911e+00 -3.635289999999999964e+02 2.976817499999999654e+02 -3.635289999999999964e+02 3.048461499999999660e+02
2.924999999999999822e+00 -3.635459999999999923e+02 2.976521999999999935e+02 -3.635459999999999923e+02 3.048396999999999935e+02
2.950000000000000178e+00 -3.635799999999999841e+02 2.976358999999999924e+02 -3.635799999999999841e+02 3.048496999999999844e+02
2.975000000000000089e+00 -3.636320000000000050e+02 2.976348500000000286e+02 -3.636320000000000050e+02 3.048782499999999800e+02
3.000000000000000000e+00 -3.637029999999999745e+02 2.976501999999999839e+02 -3.637029999999999745e+02 3.049261999999999944e+02
3.024999999999999911e+00 -3.637939999999999827e+02 2.976800000000000068e+02 -3.637939999999999827e+02 3.049915000000000305e+02
3.049999999999999822e+00 -3.639060000000000059e+02 2.977273000000000138e+02 -3.639060000000000059e+02 3.050769999999999982e+02
3.075000000000000178e+00 -3.640389999999999873e+02 2.977912499999999909e+02 -3.640389999999999873e+02 3.051816500000000474e+02
3.100000000000000089e+00 -3.641940000000000168e+02 2.978740000000000236e+02 -3.641940000000000168e+02 3.053072999999999979e+02
3.125000000000000000e+00 -3.643700000000000045e+02 2.979744499999999903e+02 -3.643700000000000045e+02 3.054529500000000439e+02
3.149999999999999911e+00 -3.645690000000000168e+02 2.980938499999999749e+02 -3.645690000000000168e+02 3.056194500000000289e+02
3.174999999999999822e+00 -3.647900000000000205e+02 2.982323000000000093e+02 -3.647900000000000205e+02 3.058066000000000031e+02
3.200000000000000178e+00 -3.650339999999999918e+02 2.983897499999999923e+02 -3.650339999999999918e+02 3.060146500000000174e+02
3.225000000000000089e+00 -3.652989999999999782e+02 2.985665300000000002e+02 -3.652989999999999782e+02 3.062429700000000139e+02
3.250000000000000000e+00 -3.655869999999999891e+02 2.987626549999999952e+02 -3.655869999999999891e+02 3.064918450000000121e+02
3.274999999999999911e+00 -3.658960000000000150e+02 2.989772249999999758e+02 -3.658960000000000150e+02 3.067599749999999972e+02
3.299999999999999822e+00 -3.662250000000000227e+02 2.992103700000000117e+02 -3.662250000000000227e+02 3.070472300000000132e+02
3.325000000000000178e+00 -3.665749999999999886e+02 2.994621950000000083e+02 -3.665749999999999886e+02 3.073536050000000159e+02
3.350000000000000089e+00 -3.669440000000000168e+02 2.997308049999999753e+02 -3.669440000000000168e+02 3.076768950000000018e+02
3.375000000000000000e+00 -3.673319999999999936e+02 3.000163150000000201e+02 -3.673319999999999936e+02 3.080170850000000087e+02
3.399999999999999911e+00 -3.677370000000000232e+02 3.003178500000000213e+02 -3.677370000000000232e+02 3.083730499999999779e+02
3.424999999999999822e+00 -3.681580000000000155e+02 3.006345049999999901e+02 -3.681580000000000155e+02 3.087435949999999707e+02
3.450000000000000178e+00 -3.685930000000000177e+02 3.009653899999999567e+02 -3.685930000000000177e+02 3.091276100000000042e+02
3.475000000000000089e+00 -3.690419999999999732e+02 3.013086149999999748e+02 -3.690419999999999732e+02 3.095229849999999487e+02
3.500000000000000000e+00 -3.695020000000000095e+02 3.016642800000000193e+02 -3.695020000000000095e+02 3.099297200000000316e+02
3.524999999999999911e+00 -3.699730000000000132e+02 3.020314899999999625e+02 -3.699730000000000132e+02 3.103467099999999732e+02
3.549999999999999822e+00 -3.704519999999999982e+02 3.024073399999999765e+02 -3.704519999999999982e+02 3.107706599999999639e+02
3.575000000000000178e+00 -3.709370000000000118e+02 3.027909300000000030e+02 -3.709370000000000118e+02 3.112006699999999455e+02
3.600000000000000089e+00 -3.714259999999999877e+02 3.031803349999999568e+02 -3.714259999999999877e+02 3.116345650000000091e+02
3.625000000000000000e+00 -3.719169999999999732e+02 3.035747299999999882e+02 -3.719169999999999732e+02 3.120712699999999700e+02
3.649999999999999911e+00 -3.724089999999999918e+02 3.039710549999999785e+02 -3.724089999999999918e+02 3.125076449999999681e+02
3.674999999999999822e+00 -3.728969999999999914e+02 3.043684700000000021e+02 -3.728969999999999914e+02 3.129427299999999263e+02
3.700000000000000178e+00 -3.733820000000000050e+02 3.047650199999999927e+02 -3.733820000000000050e+02 3.133743800000000306e+02
3.725000000000000089e+00 -3.738580000000000041e+02 3.051587899999999536e+02 -3.738580000000000041e+02 3.138005100000000311e+02
3.750000000000000000e+00 -3.743249999999999886e+02 3.055468549999999937e+02 -3.743249999999999886e+02 3.142180450000000178e+02
3.774999999999999911e+00 -3.747799999999999727e+02 3.059281999999999471e+02 -3.747799999999999727e+02 3.146261000000000081e+02
3.799999999999999822e+00 -3.752189999999999941e+02 3.063000049999999987e+02 -3.752189999999999941e+02 3.150212949999999523e+02
3.825000000000000178e+00 -3.756410000000000196e+02 3.066612650000000144e+02 -3.756410000000000196e+02 3.154027349999999501e+02
3.850000000000000089e+00 -3.760419999999999732e+02 3.070080199999999877e+02 -3.760419999999999732e+02 3.157664800000000014e+02
3.875000000000000000e+00 -3.764200000000000159e+02 3.073383150000000228e+02 -3.764200000000000159e+02 3.161102849999999762e+02
3.899999999999999911e+00 -3.767719999999999914e+02 3.076511750000000234e+02 -3.767719999999999914e+02 3.164333250000000248e+02
3.924999999999999822e+00 -3.770950000000000273e+02 3.079436450000000036e+02 -3.770950000000000273e+02 3.167323549999999841e+02
3.950000000000000178e+00 -3.773860000000000241e+02 3.082127400000000534e+02 -3.773860000000000241e+02 3.170044599999999946e+02
3.975000000000000089e+00 -3.776429999999999723e+02 3.084564799999999991e+02 -3.776429999999999723e+02 3.172477200000000721e+02
4.000000000000000000e+00 -3.778620000000000232e+02 3.086728899999999953e+02 -3.778620000000000232e+02 3.174599099999999225e+02
4.025000000000000355e+00 -3.780409999999999968e+02 3.088589799999999741e+02 -3.780409999999999968e+02 3.176381200000000149e+02
4.049999999999999822e+00 -3.781759999999999877e+02 3.090127500000000396e+02 -3.781759999999999877e+02 3.177803499999999985e+02
4.075000000000000178e+00 -3.782660000000000196e+02 3.091322149999999738e+02 -3.782660000000000196e+02 3.178845850000000155e+02
4.099999999999999645e+00 -3.783059999999999832e+02 3.092143649999999866e+02 -3.783059999999999832e+02 3.179478349999999978e+02
4.125000000000000000e+00 -3.782959999999999923e+02 3.092581999999999880e+02 -3.782959999999999923e+02 3.179691000000000258e+02
4.150000000000000355e+00 -3.782309999999999945e+02 3.092597049999999967e+02 -3.782309999999999945e+02 3.179442949999999541e+02
4.174999999999999822e+00 -3.781089999999999804e+02 3.092168799999999464e+02 -3.781089999999999804e+02 3.178716200000000072e+02
4.200000000000000178e+00 -3.779270000000000209e+02 3.091286999999999807e+02 -3.779270000000000209e+02 3.177499000000000251e+02
4.224999999999999645e+00 -3.776829999999999927e+02 3.089921499999999810e+02 -3.776829999999999927e+02 3.175763500000000477e+02
4.250000000000000000e+00 -3.773750000000000000e+02 3.088052099999999882e+02 -3.773750000000000000e+02 3.173487900000000081e+02
4.275000000000000355e+00 -3.769990000000000236e+02 3.085668499999999881e+02 -3.769990000000000236e+02 3.170663499999999999e+02
4.299999999999999822e+00 -3.765550000000000068e+02 3.082730500000000120e+02 -3.765550000000000068e+02 3.167250500000000102e+02
4.325000000000000178e+00 -3.760389999999999873e+02 3.079237800000000220e+02 -3.760389999999999873e+02 3.163249200000000201e+02
4.349999999999999645e+00 -3.754490000000000123e+02 3.075149999999999864e+02 -3.754490000000000123e+02 3.158620000000000232e+02
4.375000000000000000e+00 -3.747860000000000014e+02 3.070466850000000250e+02 -3.747860000000000014e+02 3.153363150000000132e+02
4.400000000000000355e+00 -3.740430000000000064e+02 3.065167900000000145e+02 -3.740430000000000064e+02 3.147459100000000376e+02
4.424999999999999822e+00 -3.732169999999999845e+02 3.059232849999999644e+02 -3.732169999999999845e+02 3.140888150000000110e+02
4.450000000000000178e+00 -3.723129999999999882e+02 3.052651250000000118e+02 -3.723129999999999882e+02 3.133640750000000139e+02
4.474999999999999645e+00 -3.713249999999999886e+02 3.045402700000000209e+02 -3.713249999999999886e+02 3.125697299999999927e+02
4.500000000000000000e+00 -3.702570000000000050e+02 3.037466750000000388e+02 -3.702570000000000050e+02 3.117038249999999948e+02
4.525000000000000355e+00 -3.690989999999999895e+02 3.028832950000000324e+02 -3.690989999999999895e+02 3.107654049999999870e+02
4.549999999999999822e+00 -3.678539999999999850e+02 3.019500800000000140e+02 -3.678539999999999850e+02 3.097546200000000454e+02
4.575000000000000178e+00 -3.665210000000000150e+02 3.009439900000000421e+02 -3.665210000000000150e+02 3.086684099999999944e+02
4.599999999999999645e+00 -3.650980000000000132e+02 2.998659700000000043e+02 -3.650980000000000132e+02 3.075078299999999558e+02
4.625000000000000000e+00 -3.635849999999999795e+02 2.987129649999999970e+02 -3.635849999999999795e+02 3.062699349999999754e+02
4.650000000000000355e+00 -3.619809999999999945e+02 2.974859299999999962e+02 -3.619809999999999945e+02 3.049558700000000044e+02
4.674999999999999822e+00 -3.602850000000000250e+02 2.961828100000000177e+02 -3.602850000000000250e+02 3.035635899999999765e+02
4.700000000000000178e+00 -3.584970000000000141e+02 2.948025450000000092e+02 -3.584970000000000141e+02 3.020922549999999660e+02
4.724999999999999645e+00 -3.566170000000000186e+02 2.933460850000000164e+02 -3.566170000000000186e+02 3.005428150000000187e+02
4.750000000000000000e+00 -3.546440000000000055e+02 2.918123649999999998e+02 -3.546440000000000055e+02 2.989143350000000510e+02
4.775000000000000355e+00 -3.525779999999999745e+02 2.902003350000000523e+02 -3.525779999999999745e+02 2.972060650000000237e+02
4.799999999999999822e+00 -3.504200000000000159e+02 2.885109249999999861e+02 -3.504200000000000159e+02 2.954188750000000141e+02
4.825000000000000178e+00 -3.481689999999999827e+02 2.867420799999999872e+02 -3.481689999999999827e+02 2.935509199999999623e+02
4.849999999999999645e+00 -3.458260000000000218e+02 2.848957350000000019e+02 -3.458260000000000218e+02 2.916041649999999663e+02
4.875000000000000000e+00 -3.433910000000000196e+02 2.829708200000000033e+02 -3.433910000000000196e+02 2.895778799999999933e+02
4.900000000000000355e+00 -3.408670000000000186e+02 2.809682750000000055e+02 -3.408670000000000186e+02 2.874730250000000069e+02
4.924999999999999822e+00 -3.382500000000000000e+02 2.788880250000000274e+02 -3.382500000000000000e+02 2.852895750000000135e+02
4.950000000000000178e+00 -3.355459999999999923e+02 2.767300099999999929e+02 -3.355459999999999923e+02 2.830277899999999818e+02
4.974999999999999645e+00 -3.327529999999999859e+02 2.744961449999999559e+02 -3.327529999999999859e+02 2.806896550000000161e+02
5.000000000000000000e+00 -3.298709999999999809e+02 2.721853649999999902e+02 -3.298709999999999809e+02 2.782742349999999760e+02
5.025000000000000355e+00 -3.269110000000000014e+02 2.697995950000000107e+02 -3.269110000000000014e+02 2.757837049999999977e+02
5.049999999999999822e+00 -3.238620000000000232e+02 2.673397549999999683e+02 -3.238620000000000232e+02 2.732190449999999942e+02
5.075000000000000178e+00 -3.207300000000000182e+02 2.648057650000000081e+02 -3.207300000000000182e+02 2.705804349999999658e+02
5.099999999999999645e+00 -3.175190000000000055e+02 2.622005399999999895e+02 -3.175190000000000055e+02 2.678708599999999933e+02
5.125000000000000000e+00 -3.142289999999999850e+02 2.595230649999999741e+02 -3.142289999999999850e+02 2.650894349999999804e+02
5.150000000000000355e+00 -3.108629999999999995e+02 2.567771349999999870e+02 -3.108629999999999995e+02 2.622403649999999971e+02
5.174999999999999822e+00 -3.074230000000000018e+02 2.539627250000000060e+02 -3.074230000000000018e+02 2.593236750000000370e+02
5.200000000000000178e+00 -3.039100000000000250e+02 2.510817499999999995e+02 -3.039100000000000250e+02 2.563413499999999772e+02
5.224999999999999645e+00 -3.003269999999999982e+02 2.481361100000000022e+02 -3.003269999999999982e+02 2.532956899999999791e+02
5.250000000000000000e+00 -2.966779999999999973e+02 2.451277200000000107e+02 -2.966779999999999973e+02 2.501886800000000051e+02
5.275000000000000355e+00 -2.929639999999999986e+02 2.420574899999999730e+02 -2.929639999999999986e+02 2.470214100000000030e+02
5.299999999999999822e+00 -2.891879999999999882e+02 2.389293250000000057e+02 -2.891879999999999882e+02 2.437979750000000081e+02
5.325000000000000178e+00 -2.853539999999999850e+02 2.357441300000000126e+02 -2.853539999999999850e+02 2.405195700000000159e+02
5.349999999999999645e+00 -2.814630000000000223e+02 2.325048249999999825e+02 -2.814630000000000223e+02 2.371891750000000059e+02
5.375000000000000000e+00 -2.775190000000000055e+02 2.292122999999999990e+02 -2.775190000000000055e+02 2.338080000000000211e+02
5.400000000000000355e+00 -2.735249999999999773e+02 2.258714600000000132e+02 -2.735249999999999773e+02 2.303811399999999878e+02
5.424999999999999822e+00 -2.694839999999999804e+02 2.224832250000000045e+02 -2.694839999999999804e+02 2.269095749999999896e+02
5.450000000000000178e+00 -2.653990000000000009e+02 2.190504299999999773e+02 -2.653990000000000009e+02 2.233965699999999970e+02
5.474999999999999645e+00 -2.612740000000000009e+02 2.155771100000000047e+02 -2.612740000000000009e+02 2.198460899999999754e+02
5.500000000000000000e+00 -2.571120000000000232e+02 2.120641099999999994e+02 -2.571120000000000232e+02 2.162592899999999929e+02
5.525000000000000355e+00 -2.529170000000000016e+02 2.085153499999999838e+02 -2.529170000000000016e+02 2.126403500000000122e+02
5.549999999999999822e+00 -2.486910000000000025e+02 2.049347349999999892e+02 -2.486910000000000025e+02 2.089931650000000047e+02
5.575000000000000178e+00 -2.444379999999999882e+02 2.013231900000000110e+02 -2.444379999999999882e+02 2.053190099999999916e+02
5.599999999999999645e+00 -2.401620000000000061e+02 1.976856300000000033e+02 -2.401620000000000061e+02 2.016228700000000060e+02
5.625000000000000000e+00 -2.358660000000000139e+02 1.940239799999999946e+02 -2.358660000000000139e+02 1.979069199999999853e+02
5.650000000000000355e+00 -2.315529999999999973e+02 1.903421749999999975e+02 -2.315529999999999973e+02 1.941751250000000084e+02
5.674999999999999822e+00 -2.272280000000000086e+02 1.866441450000000088e+02 -2.272280000000000086e+02 1.904316550000000063e+02
5.700000000000000178e+00 -2.228940000000000055e+02 1.829318250000000035e+02 -2.228940000000000055e+02 1.866785749999999950e+02
5.724999999999999645e+00 -2.185529999999999973e+02 1.792081649999999797e+02 -2.185529999999999973e+02 1.829188350000000014e+02
5.750000000000000000e+00 -2.142100000000000080e+02 1.754781099999999867e+02 -2.142100000000000080e+02 1.791576899999999739e+02
5.775000000000000355e+00 -2.098679999999999950e+02 1.717436250000000086e+02 -2.098679999999999950e+02 1.753969749999999976e+02
5.799999999999999822e+00 -2.055310000000000059e+02 1.680096650000000125e+02 -2.055310000000000059e+02 1.716418349999999862e+02
5.825000000000000178e+00 -2.012009999999999934e+02 1.642772199999999998e+02 -2.012009999999999934e+02 1.678933799999999792e+02
5.849999999999999645e+00 -1.968830000000000098e+02 1.605512349999999913e+02 -1.968830000000000098e+02 1.641564650000000256e+02
5.875000000000000000e+00 -1.925790000000000077e+02 1.568337150000000122e+02 -1.925790000000000077e+02 1.604332849999999837e+02
5.900000000000000355e+00 -1.882920000000000016e+02 1.531296449999999822e+02 -1.882920000000000016e+02 1.567287550000000067e+02
5.924999999999999822e+00 -1.840269999999999868e+02 1.494400300000000072e+02 -1.840269999999999868e+02 1.530438700000000267e+02
5.950000000000000178e+00 -1.797849999999999966e+02 1.457698800000000006e+02 -1.797849999999999966e+02 1.493837199999999825e+02
5.974999999999999645e+00 -1.755699999999999932e+02 1.421202150000000017e+02 -1.755699999999999932e+02 1.457492849999999862e+02
6.000000000000000000e+00 -1.713839999999999861e+02 1.384960499999999968e+02 -1.713839999999999861e+02 1.421454499999999825e+02
6.025000000000000355e+00 -1.672309999999999945e+02 1.348994299999999953e+02 -1.672309999999999945e+02 1.385741699999999810e+02
6.049999999999999822e+00 -1.631129999999999995e+02 1.313323800000000006e+02 -1.631129999999999995e+02 1.350375200000000007e+02
6.075000000000000178e+00 -1.590329999999999870e+02 1.277989599999999939e+02 -1.590329999999999870e+02 1.315394400000000132e+02
6.099999999999999645e+00 -1.549929999999999950e+02 1.243012250000000023e+02 -1.549929999999999950e+02 1.280818749999999966e+02
6.125000000000000000e+00 -1.509960000000000093e+02 1.208412299999999959e+02 -1.509960000000000093e+02 1.246667700000000139e+02
6.150000000000000355e+00 -1.470440000000000111e+02 1.174220499999999987e+02 -1.470440000000000111e+02 1.212969499999999812e+02
6.174999999999999822e+00 -1.431390000000000100e+02 1.140447499999999934e+02 -1.431390000000000100e+02 1.179734499999999997e+02
6.200000000000000178e+00 -1.392829999999999870e+02 1.107134250000000009e+02 -1.392829999999999870e+02 1.147002750000000049e+02
6.224999999999999645e+00 -1.354780000000000086e+02 1.074291549999999944e+02 -1.354780000000000086e+02 1.114781449999999978e+02
6.250000000000000000e+00 -1.317259999999999991e+02 1.041930250000000058e+02 -1.317259999999999991e+02 1.083080750000000023e+02
6.275000000000000355e+00 -1.280289999999999964e+02 1.010078400000000016e+02 -1.280289999999999964e+02 1.051927599999999927e+02
6.299999999999999822e+00 -1.243889999999999958e+02 9.787519500000000505e+01 -1.243889999999999958e+02 1.021334049999999962e+02
6.325000000000000178e+00 -1.208059999999999974e+02 9.479649999999999466e+01 -1.208059999999999974e+02 9.913139999999999930e+01
6.349999999999999645e+00 -1.172819999999999965e+02 9.177294999999999447e+01 -1.172819999999999965e+02 9.618765000000000498e+01
6.375000000000000000e+00 -1.138179999999999978e+02 8.880616499999999292e+01 -1.138179999999999978e+02 9.330353500000001077e+01
6.400000000000000355e+00 -1.104159999999999968e+02 8.589695000000000391e+01 -1.104159999999999968e+02 9.047964999999999236e+01
6.424999999999999822e+00 -1.070759999999999934e+02 8.304652000000000100e+01 -1.070759999999999934e+02 8.771708000000000993e+01
6.450000000000000178e+00 -1.037999999999999972e+02 8.025570999999999344e+01 -1.037999999999999972e+02 8.501628999999999792e+01
6.474999999999999645e+00 -1.005870000000000033e+02 7.752518500000000756e+01 -1.005870000000000033e+02 8.237781499999999824e+01
6.500000000000000000e+00 -9.743899999999999295e+01 7.485568000000000666e+01 -9.743899999999999295e+01 7.980212000000000216e+01
6.525000000000000355e+00 -9.435630000000000450e+01 7.224760999999999456e+01 -9.435630000000000450e+01 7.728948999999998648e+01
6.549999999999999822e+00 -9.133910000000000196e+01 6.970128499999999860e+01 -9.133910000000000196e+01 7.483991500000000485e+01
6.575000000000000178e+00 -8.838779999999999859e+01 6.721721999999999753e+01 -8.838779999999999859e+01 7.245377999999999474e+01
6.599999999999999645e+00 -8.550260000000000105e+01 6.479522000000000048e+01 -8.550260000000000105e+01 7.013057999999999481e+01
6.625000000000000000e+00 -8.268359999999999843e+01 6.243548999999999438e+01 -8.268359999999999843e+01 6.787031000000000347e+01
6.650000000000000355e+00 -7.993089999999999407e+01 6.013803500000000213e+01 -7.993089999999999407e+01 6.567286500000000160e+01
6.674999999999999822e+00 -7.724420000000000641e+01 5.790255499999999955e+01 -7.724420000000000641e+01 6.353764499999999771e+01
6.700000000000000178e+00 -7.462350000000000705e+01 5.572925000000000040e+01 -7.462350000000000705e+01 6.146474999999999511e+01
6.724999999999999645e+00 -7.206860000000000355e+01 5.361690999999999718e+01 -7.206860000000000355e+01 5.945268999999999693e+01
6.750000000000000000e+00 -6.957899999999999352e+01 5.156562499999999716e+01 -6.957899999999999352e+01 5.750137500000000301e+01
6.775000000000000355e+00 -6.715430000000000632e+01 4.957458499999999901e+01 -6.715430000000000632e+01 5.560991500000000087e+01
6.799999999999999822e+00 -6.479420000000000357e+01 4.764347499999999513e+01 -6.479420000000000357e+01 5.377782499999999999e+01
6.825000000000000178e+00 -6.249790000000000134e+01 4.577134999999999820e+01 -6.249790000000000134e+01 5.200384999999999991e+01
6.849999999999999645e+00 -6.026489999999999725e+01 4.395762500000000017e+01 -6.026489999999999725e+01 5.028747500000000059e+01
6.875000000000000000e+00 -5.809459999999999980e+01 4.220154999999999745e+01 -5.809459999999999980e+01 4.862754999999999939e+01
6.900000000000000355e+00 -5.598610000000000042e+01 4.050208999999999548e+01 -5.598610000000000042e+01 4.702320999999999884e+01
6.924999999999999822e+00 -5.393869999999999720e+01 3.885841500000000082e+01 -5.393869999999999720e+01 4.547318500000000085e+01
6.950000000000000178e+00 -5.195150000000000290e+01 3.726957000000000164e+01 -5.195150000000000290e+01 4.397663000000000011e+01
6.974999999999999645e+00 -5.002360000000000184e+01 3.573451999999999629e+01 -5.002360000000000184e+01 4.253237999999999630e+01
7.000000000000000000e+00 -4.815420000000000300e+01 3.425220499999999646e+01 -4.815420000000000300e+01 4.113919500000000085e+01
7.025000000000000355e+00 -4.634219999999999828e+01 3.282157999999999731e+01 -4.634219999999999828e+01 3.979591999999999530e+01
7.049999999999999822e+00 -4.458659999999999712e+01 3.144158000000000186e+01 -4.458659999999999712e+01 3.850151999999999930e+01
7.075000000000000178e+00 -4.288649999999999807e+01 3.011093999999999937e+01 -4.288649999999999807e+01 3.725455999999999790e+01
7.099999999999999645e+00 -4.124080000000000013e+01 2.882859999999999800e+01 -4.124080000000000013e+01 3.605400000000000205e+01
7.125000000000000000e+00 -3.964829999999999899e+01 2.759338499999999783e+01 -3.964829999999999899e+01 3.489851499999999618e+01
7.150000000000000355e+00 -3.810799999999999699e+01 2.640411999999999892e+01 -3.810799999999999699e+01 3.378687999999999647e+01
7.174999999999999822e+00 -3.661880000000000024e+01 2.525962999999999781e+01 -3.661880000000000024e+01 3.271797000000000111e+01
7.200000000000000178e+00 -3.517949999999999733e+01 2.415863499999999675e+01 -3.517949999999999733e+01 3.169036499999999990e+01
7.224999999999999645e+00 -3.378900000000000148e+01 2.310004499999999794e+01 -3.378900000000000148e+01 3.070295499999999933e+01
7.250000000000000000e+00 -3.244619999999999749e+01 2.208267500000000183e+01 -3.244619999999999749e+01 2.975462499999999721e+01
7.275000000000000355e+00 -3.114979999999999905e+01 2.110513499999999709e+01 -3.114979999999999905e+01 2.884386500000000098e+01
7.299999999999999822e+00 -2.989880000000000138e+01 2.016643000000000185e+01 -2.989880000000000138e+01 2.796967000000000070e+01
7.325000000000000178e+00 -2.869200000000000017e+01 1.926527000000000100e+01 -2.869200000000000017e+01 2.713083000000000311e+01
7.349999999999999645e+00 -2.752830000000000155e+01 1.840054999999999907e+01 -2.752830000000000155e+01 2.632614999999999839e+01
7.375000000000000000e+00 -2.640640000000000143e+01 1.757106499999999727e+01 -2.640640000000000143e+01 2.555443499999999801e+01
7.400000000000000355e+00 -2.532519999999999882e+01 1.677572500000000133e+01 -2.532519999999999882e+01 2.481467500000000115e+01
7.424999999999999822e+00 -2.428359999999999985e+01 1.601331000000000060e+01 -2.428359999999999985e+01 2.410549000000000319e+01
7.450000000000000178e+00 -2.328049999999999997e+01 1.528282000000000096e+01 -2.328049999999999997e+01 2.342607999999999890e+01
7.474999999999999645e+00 -2.231480000000000175e+01 1.458305000000000007e+01 -2.231480000000000175e+01 2.277514999999999645e+01
7.500000000000000000e+00 -2.138520000000000110e+01 1.391297999999999924e+01 -2.138520000000000110e+01 2.215182000000000073e+01
7.525000000000000355e+00 -2.049089999999999989e+01 1.327150000000000141e+01 -2.049089999999999989e+01 2.155480000000000018e+01
7.549999999999999822e+00 -1.963060000000000116e+01 1.265759500000000060e+01 -1.963060000000000116e+01 2.098330499999999788e+01
7.575000000000000178e+00 -1.880330000000000013e+01 1.207035499999999928e+01 -1.880330000000000013e+01 2.043634499999999932e+01
7.599999999999999645e+00 -1.800799999999999912e+01 1.150865999999999900e+01 -1.800799999999999912e+01 1.991283999999999921e+01
7.625000000000000000e+00 -1.724370000000000047e+01 1.097169000000000061e+01 -1.724370000000000047e+01 1.941201000000000221e+01
7.650000000000000355e+00 -1.650919999999999987e+01 1.045835999999999899e+01 -1.650919999999999987e+01 1.893281999999999954e+01
7.674999999999999822e+00 -1.580380000000000074e+01 9.967839999999998923e+00 -1.580380000000000074e+01 1.847444000000000131e+01
7.700000000000000178e+00 -1.512630000000000052e+01 9.499204999999999899e+00 -1.512630000000000052e+01 1.803611499999999879e+01
7.724999999999999645e+00 -1.447579999999999956e+01 9.051590000000000913e+00 -1.447579999999999956e+01 1.761681000000000097e+01
7.750000000000000000e+00 -1.385139999999999993e+01 8.624164999999999637e+00 -1.385139999999999993e+01 1.721585499999999769e+01
7.775000000000000355e+00 -1.325229999999999997e+01 8.216100000000000847e+00 -1.325229999999999997e+01 1.683252999999999844e+01
7.799999999999999822e+00 -1.267740000000000045e+01 7.826624999999999943e+00 -1.267740000000000045e+01 1.646599499999999949e+01
7.825000000000000178e+00 -1.212599999999999945e+01 7.454945000000000377e+00 -1.212599999999999945e+01 1.611553500000000128e+01
7.849999999999999645e+00 -1.159720000000000084e+01 7.100349999999999717e+00 -1.159720000000000084e+01 1.578049000000000035e+01
7.875000000000000000e+00 -1.109019999999999939e+01 6.762100000000000222e+00 -1.109019999999999939e+01 1.546016000000000012e+01
7.900000000000000355e+00 -1.060410000000000075e+01 6.439505000000000479e+00 -1.060410000000000075e+01 1.515390499999999996e+01
7.924999999999999822e+00 -1.013829999999999920e+01 6.131909999999999528e+00 -1.013829999999999920e+01 1.486111000000000004e+01
7.950000000000000178e+00 -9.691990000000000549e+00 5.838659999999999961e+00 -9.691990000000000549e+00 1.458117000000000019e+01
7.974999999999999645e+00 -9.264369999999999550e+00 5.559132499999999588e+00 -9.264369999999999550e+00 1.431349750000000043e+01
8.000000000000000000e+00 -8.854760000000000630e+00 5.292728499999999947e+00 -8.854760000000000630e+00 1.405756150000000204e+01
8.025000000000000355e+00 -8.462469999999999715e+00 5.038865999999999623e+00 -8.462469999999999715e+00 1.381279400000000024e+01
8.050000000000000711e+00 -8.086859999999999715e+00 4.797001999999999988e+00 -8.086859999999999715e+00 1.357872799999999813e+01
8.074999999999999289e+00 -7.727260000000000240e+00 4.566583500000000129e+00 -7.727260000000000240e+00 1.335482649999999971e+01
8.099999999999999645e+00 -7.383040000000000269e+00 4.347118499999999663e+00 -7.383040000000000269e+00 1.314066150000000022e+01
8.125000000000000000e+00 -7.053609999999999935e+00 4.138094000000000605e+00 -7.053609999999999935e+00 1.293575599999999959e+01
8.150000000000000355e+00 -6.738369999999999749e+00 3.939038500000000109e+00 -6.738369999999999749e+00 1.273967150000000004e+01
8.175000000000000711e+00 -6.436759999999999593e+00 3.749499999999999833e+00 -6.436759999999999593e+00 1.255201999999999884e+01
8.199999999999999289e+00 -6.148220000000000240e+00 3.569048499999999624e+00 -6.148220000000000240e+00 1.237239149999999910e+01
8.224999999999999645e+00 -5.872230000000000061e+00 3.397261499999999934e+00 -5.872230000000000061e+00 1.220040850000000177e+01
8.250000000000000000e+00 -5.608279999999999710e+00 3.233729999999999993e+00 -5.608279999999999710e+00 1.203570000000000029e+01
8.275000000000000355e+00 -5.355879999999999974e+00 3.078083000000000347e+00 -5.355879999999999974e+00 1.187794700000000070e+01
8.300000000000000711e+00 -5.114539999999999864e+00 2.929941499999999976e+00 -5.114539999999999864e+00 1.172679850000000101e+01
8.324999999999999289e+00 -4.883820000000000050e+00 2.788946500000000217e+00 -4.883820000000000050e+00 1.158192350000000026e+01
8.349999999999999645e+00 -4.663269999999999804e+00 2.654778499999999930e+00 -4.663269999999999804e+00 1.144305150000000104e+01
8.375000000000000000e+00 -4.452469999999999928e+00 2.527109999999999967e+00 -4.452469999999999928e+00 1.130989000000000111e+01
8.400000000000000355e+00 -4.251000000000000334e+00 2.405633499999999980e+00 -4.251000000000000334e+00 1.118215649999999961e+01
8.425000000000000711e+00 -4.058469999999999800e+00 2.290040999999999993e+00 -4.058469999999999800e+00 1.105957899999999938e+01
8.449999999999999289e+00 -3.874509999999999899e+00 2.180065499999999989e+00 -3.874509999999999899e+00 1.094193450000000034e+01
8.474999999999999645e+00 -3.698739999999999917e+00 2.075432000000000166e+00 -3.698739999999999917e+00 1.082895800000000008e+01
8.500000000000000000e+00 -3.530819999999999848e+00 1.975883000000000056e+00 -3.530819999999999848e+00 1.072043700000000044e+01
8.525000000000000355e+00 -3.370420000000000194e+00 1.881183999999999967e+00 -3.370420000000000194e+00 1.061616600000000155e+01
8.550000000000000711e+00 -3.217200000000000060e+00 1.791080000000000005e+00 -3.217200000000000060e+00 1.051592000000000127e+01
8.574999999999999289e+00 -3.070860000000000145e+00 1.705366499999999785e+00 -3.070860000000000145e+00 1.041951350000000076e+01
8.599999999999999645e+00 -2.931099999999999817e+00 1.623829500000000037e+00 -2.931099999999999817e+00 1.032676049999999890e+01
8.625000000000000000e+00 -2.797639999999999905e+00 1.546255500000000005e+00 -2.797639999999999905e+00 1.023748450000000076e+01
8.650000000000000355e+00 -2.670189999999999841e+00 1.472461500000000090e+00 -2.670189999999999841e+00 1.015151849999999989e+01
8.675000000000000711e+00 -2.548490000000000144e+00 1.402263999999999955e+00 -2.548490000000000144e+00 1.006869599999999920e+01
8.699999999999999289e+00 -2.432300000000000129e+00 1.335471999999999992e+00 -2.432300000000000129e+00 9.988868000000000080e+00
8.724999999999999645e+00 -2.321369999999999933e+00 1.271932999999999980e+00 -2.321369999999999933e+00 9.911887000000000114e+00
8.750000000000000000e+00 -2.215460000000000207e+00 1.211485499999999993e+00 -2.215460000000000207e+00 9.837614499999999040e+00
8.775000000000000355e+00 -2.114349999999999952e+00 1.153979000000000088e+00 -2.114349999999999952e+00 9.765931000000000139e+00
8.800000000000000711e+00 -2.017840000000000078e+00 1.099264500000000089e+00 -2.017840000000000078e+00 9.696709500000000759e+00
8.824999999999999289e+00 -1.925720000000000098e+00 1.047206000000000081e+00 -1.925720000000000098e+00 9.629824000000001050e+00
8.849999999999999645e+00 -1.837779999999999969e+00 9.976740000000000608e-01 -1.837779999999999969e+00 9.565153999999999712e+00
8.875000000000000000e+00 -1.753849999999999909e+00 9.505425000000000679e-01 -1.753849999999999909e+00 9.502613500000000712e+00
8.900000000000000355e+00 -1.673740000000000006e+00 9.056950000000000278e-01 -1.673740000000000006e+00 9.442093000000001624e+00
8.925000000000000711e+00 -1.597280000000000033e+00 8.630189999999999806e-01 -1.597280000000000033e+00 9.383487000000000577e+00
8.949999999999999289e+00 -1.524310000000000054e+00 8.224049999999999416e-01 -1.524310000000000054e+00 9.326715000000000089e+00
8.974999999999999645e+00 -1.454679999999999973e+00 7.837540000000000617e-01 -1.454679999999999973e+00 9.271691999999999823e+00
9.000000000000000000e+00 -1.388220000000000010e+00 7.469669999999999366e-01 -1.388220000000000010e+00 9.218315000000000481e+00
9.025000000000000355e+00 -1.324799999999999978e+00 7.119535000000000169e-01 -1.324799999999999978e+00 9.166538499999999701e+00
9.050000000000000711e+00 -1.264270000000000005e+00 6.786245000000000749e-01 -1.264270000000000005e+00 9.116257499999999681e+00
9.074999999999999289e+00 -1.206520000000000037e+00 6.468984999999999319e-01 -1.206520000000000037e+00 9.067423500000000303e+00
9.099999999999999645e+00 -1.151399999999999979e+00 6.166954999999999520e-01 -1.151399999999999979e+00 9.019950500000000204e+00
9.125000000000000000e+00 -1.098810000000000064e+00 5.879410000000000469e-01 -1.098810000000000064e+00 8.973784999999999457e+00
9.150000000000000355e+00 -1.048620000000000108e+00 5.605620000000000047e-01 -1.048620000000000108e+00 8.928867999999999583e+00
9.175000000000000711e+00 -1.000739999999999963e+00 5.344915000000000083e-01 -1.000739999999999963e+00 8.885142500000000609e+00
9.199999999999999289e+00 -9.550380000000000535e-01 5.096659999999999524e-01 -9.550380000000000535e-01 8.842556000000000083e+00
9.224999999999999645e+00 -9.114330000000000487e-01 4.860234999999999972e-01 -9.114330000000000487e-01 8.801036500000000373e+00
9.250000000000000000e+00 -8.698249999999999593e-01 4.635054999999999592e-01 -8.698249999999999593e-01 8.760566500000001255e+00
9.275000000000000355e+00 -8.301209999999999978e-01 4.420560000000000045e-01 -8.301209999999999978e-01 8.721070000000000988e+00
9.300000000000000711e+00 -7.922350000000000225e-01 4.216245000000000132e-01 -7.922350000000000225e-01 8.682523499999998506e+00
9.324999999999999289e+00 -7.560829999999999496e-01 4.021606000000000347e-01 -7.560829999999999496e-01 8.644867400000000757e+00
9.349999999999999645e+00 -7.215859999999999497e-01 3.836146999999999752e-01 -7.215859999999999497e-01 8.608079299999999989e+00
9.375000000000000000e+00 -6.886689999999999756e-01 3.659447000000000116e-01 -6.886689999999999756e-01 8.572115300000000104e+00
9.400000000000000355e+00 -6.572569999999999801e-01 3.491057999999999661e-01 -6.572569999999999801e-01 8.536928200000000189e+00
9.425000000000000711e+00 -6.272830000000000350e-01 3.330594000000000054e-01 -6.272830000000000350e-01 8.502496599999998850e+00
9.449999999999999289e+00 -5.986799999999999899e-01 3.177650499999999933e-01 -5.986799999999999899e-01 8.468776950000000525e+00
9.474999999999999645e+00 -5.713859999999999495e-01 3.031864499999999962e-01 -5.713859999999999495e-01 8.435759550000000218e+00
9.500000000000000000e+00 -5.453390000000000182e-01 2.892894000000000299e-01 -5.453390000000000182e-01 8.403386599999999262e+00
9.525000000000000355e+00 -5.204839999999999467e-01 2.760409999999999808e-01 -5.204839999999999467e-01 8.371651000000001730e+00
9.550000000000000711e+00 -4.967639999999999834e-01 2.634093000000000129e-01 -4.967639999999999834e-01 8.340516700000000228e+00
9.574999999999999289e+00 -4.741279999999999939e-01 2.513657499999999989e-01 -4.741279999999999939e-01 8.309960249999999604e+00
9.599999999999999645e+00 -4.525270000000000126e-01 2.398804499999999951e-01 -4.525270000000000126e-01 8.279967549999998511e+00
9.625000000000000000e+00 -4.319109999999999894e-01 2.289271499999999959e-01 -4.319109999999999894e-01 8.250496849999999327e+00
9.650000000000000355e+00 -4.122370000000000201e-01 2.184803499999999898e-01 -4.122370000000000201e-01 8.221537650000000141e+00
9.675000000000000711e+00 -3.934610000000000052e-01 2.085158500000000026e-01 -3.934610000000000052e-01 8.193070149999998719e+00
9.699999999999999289e+00 -3.755419999999999869e-01 1.990105500000000083e-01 -3.755419999999999869e-01 8.165075449999999790e+00
9.724999999999999645e+00 -3.584399999999999809e-01 1.899432999999999816e-01 -3.584399999999999809e-01 8.137526700000000446e+00
9.750000000000000000e+00 -3.421170000000000044e-01 1.812932499999999891e-01 -3.421170000000000044e-01 8.110416750000000619e+00
9.775000000000000355e+00 -3.265390000000000237e-01 1.730384000000000089e-01 -3.265390000000000237e-01 8.083717599999999948e+00
9.800000000000000711e+00 -3.116709999999999758e-01 1.651631000000000071e-01 -3.116709999999999758e-01 8.057426899999999392e+00
9.824999999999999289e+00 -2.974800000000000222e-01 1.576475499999999974e-01 -2.974800000000000222e-01 8.031518450000000087e+00
9.849999999999999645e+00 -2.839360000000000217e-01 1.504751500000000020e-01 -2.839360000000000217e-01 8.005988849999999601e+00
9.875000000000000000e+00 -2.710080000000000267e-01 1.436303999999999914e-01 -2.710080000000000267e-01 7.980805600000000055e+00
9.900000000000000355e+00 -2.586689999999999823e-01 1.370977999999999919e-01 -2.586689999999999823e-01 7.955976199999999388e+00
9.925000000000000711e+00 -2.468920000000000003e-01 1.308629000000000042e-01 -2.468920000000000003e-01 7.931479099999999782e+00
9.949999999999999289e+00 -2.356499999999999984e-01 1.249113500000000043e-01 -2.356499999999999984e-01 7.907292650000000478e+00
9.974999999999999645e+00 -2.249210000000000098e-01 1.192298999999999998e-01 -2.249210000000000098e-01 7.883426099999999437e+00
1.000000000000000000e+01 -2.146790000000000087e-01 1.138074500000000044e-01 -2.146790000000000087e-01 7.859850750000000552e+00
1.002500000000000036e+01 -2.049030000000000018e-01 1.086307499999999981e-01 -2.049030000000000018e-01 7.836565849999999500e+00
1.005000000000000071e+01 -1.955719999999999958e-01 1.036889000000000005e-01 -1.955719999999999958e-01 7.813552699999999795e+00
1.007499999999999929e+01 -1.866659999999999986e-01 9.897109999999999241e-02 -1.866659999999999986e-01 7.790822699999999656e+00
1.009999999999999964e+01 -1.781639999999999890e-01 9.446710000000001217e-02 -1.781639999999999890e-01 7.768337500000000340e+00
1.012500000000000000e+01 -1.700500000000000067e-01 9.016720000000000290e-02 -1.700500000000000067e-01 7.746109600000000484e+00
1.015000000000000036e+01 -1.623040000000000038e-01 8.606210000000000249e-02 -1.623040000000000038e-01 7.724131300000000699e+00
1.017500000000000071e+01 -1.549109999999999931e-01 8.214285000000000336e-02 -1.549109999999999931e-01 7.702385749999999476e+00
1.019999999999999929e+01 -1.478540000000000132e-01 7.840120000000000422e-02 -1.478540000000000132e-01 7.680866199999999644e+00
1.022499999999999964e+01 -1.411179999999999934e-01 7.482905000000000806e-02 -1.411179999999999934e-01 7.659566350000000412e+00
1.025000000000000000e+01 -1.346890000000000032e-01 7.141865000000000019e-02 -1.346890000000000032e-01 7.638479949999999796e+00
1.027500000000000036e+01 -1.285519999999999996e-01 6.816294999999999993e-02 -1.285519999999999996e-01 7.617601449999999552e+00
1.030000000000000071e+01 -1.226949999999999985e-01 6.505474999999999453e-02 -1.226949999999999985e-01 7.596935250000000472e+00
1.032499999999999929e+01 -1.171039999999999998e-01 6.208759999999999973e-02 -1.171039999999999998e-01 7.576456199999999974e+00
1.034999999999999964e+01 -1.117689999999999934e-01 5.925514999999999949e-02 -1.117689999999999934e-01 7.556169249999999948e+00
1.037500000000000000e+01 -1.066760000000000069e-01 5.655120000000000285e-02 -1.066760000000000069e-01 7.536059599999999747e+00
1.040000000000000036e+01 -1.018160000000000037e-01 5.397024999999999739e-02 -1.018160000000000037e-01 7.516142949999999878e+00
1.042500000000000071e+01 -9.717710000000000237e-02 5.150675000000000392e-02 -9.717710000000000237e-02 7.496394849999999721e+00
1.044999999999999929e+01 -9.275010000000000199e-02 4.915535000000000043e-02 -9.275010000000000199e-02 7.476811249999999909e+00
1.047499999999999964e+01 -8.852519999999999833e-02 4.691099999999999437e-02 -8.852519999999999833e-02 7.457408000000000037e+00
1.050000000000000000e+01 -8.449320000000000441e-02 4.476919999999999511e-02 -8.449320000000000441e-02 7.438151799999999980e+00
1.052500000000000036e+01 -8.064559999999999784e-02 4.272535000000000222e-02 -8.064559999999999784e-02 7.419059049999999544e+00
1.055000000000000071e+01 -7.697379999999999500e-02 4.077485000000000137e-02 -7.697379999999999500e-02 7.400126150000000180e+00
1.057499999999999929e+01 -7.347009999999999652e-02 3.891390000000000127e-02 -7.347009999999999652e-02 7.381330100000000449e+00
1.059999999999999964e+01 -7.012680000000000302e-02 3.713814999999999478e-02 -7.012680000000000302e-02 7.362687649999999806e+00
1.062500000000000000e+01 -6.693670000000000175e-02 3.544405500000000209e-02 -6.693670000000000175e-02 7.344185945000000437e+00
1.065000000000000036e+01 -6.389279999999999959e-02 3.382795000000000246e-02 -6.389279999999999959e-02 7.325822249999999869e+00
1.067500000000000071e+01 -6.098850000000000104e-02 3.228624500000000508e-02 -6.098850000000000104e-02 7.307593755000000080e+00
1.069999999999999929e+01 -5.821760000000000129e-02 3.081574499999999855e-02 -5.821760000000000129e-02 7.289498055000000143e+00
1.072499999999999964e+01 -5.557399999999999840e-02 2.941328500000000082e-02 -5.557399999999999840e-02 7.271532715000000202e+00
1.075000000000000000e+01 -5.305200000000000193e-02 2.807579500000000061e-02 -5.305200000000000193e-02 7.253695404999999319e+00
1.077500000000000036e+01 -5.064599999999999658e-02 2.680044000000000176e-02 -5.064599999999999658e-02 7.235983959999999549e+00
1.080000000000000071e+01 -4.835079999999999933e-02 2.558428000000000091e-02 -4.835079999999999933e-02 7.218396119999999527e+00
1.082499999999999929e+01 -4.616130000000000233e-02 2.442499000000000059e-02 -4.616130000000000233e-02 7.200920210000000488e+00
1.084999999999999964e+01 -4.407289999999999819e-02 2.331967000000000068e-02 -4.407289999999999819e-02 7.183563930000000042e+00
1.087500000000000000e+01 -4.208080000000000154e-02 2.226600999999999927e-02 -4.208080000000000154e-02 7.166315589999999958e+00
1.090000000000000036e+01 -4.018069999999999975e-02 2.126163000000000011e-02 -4.018069999999999975e-02 7.149183370000000259e+00
1.092500000000000071e+01 -3.836849999999999983e-02 2.030455000000000107e-02 -3.836849999999999983e-02 7.132165849999999807e+00
1.094999999999999929e+01 -3.664010000000000183e-02 1.939240499999999798e-02 -3.664010000000000183e-02 7.115251194999999917e+00
1.097499999999999964e+01 -3.499180000000000346e-02 1.852322999999999817e-02 -3.499180000000000346e-02 7.098437969999999986e+00
1.100000000000000000e+01 -3.341979999999999951e-02 1.769508499999999929e-02 -3.341979999999999951e-02 7.081734715000000513e+00
1.102500000000000036e+01 -3.192070000000000324e-02 1.690612500000000101e-02 -3.192070000000000324e-02 7.065130074999999898e+00
1.105000000000000071e+01 -3.049110000000000015e-02 1.615462499999999885e-02 -3.049110000000000015e-02 7.048632774999999739e+00
1.107499999999999929e+01 -2.912790000000000171e-02 1.543865999999999988e-02 -2.912790000000000171e-02 7.032221339999999543e+00
1.109999999999999964e+01 -2.782799999999999857e-02 1.475671500000000011e-02 -2.782799999999999857e-02 7.015914684999999373e+00
1.112500000000000000e+01 -2.658860000000000043e-02 1.410728999999999976e-02 -2.658860000000000043e-02 6.999701710000000077e+00
1.115000000000000036e+01 -2.540680000000000022e-02 1.348887500000000086e-02 -2.540680000000000022e-02 6.983581324999999396e+00
1.117500000000000071e+01 -2.427990000000000009e-02 1.289988999999999893e-02 -2.427990000000000009e-02 6.967542309999999794e+00
1.119999999999999929e+01 -2.320550000000000043e-02 1.233905000000000071e-02 -2.320550000000000043e-02 6.951603750000000304e+00
1.122499999999999964e+01 -2.218109999999999873e-02 1.180507000000000084e-02 -2.218109999999999873e-02 6.935754730000000201e+00
1.125000000000000000e+01 -2.120440000000000172e-02 1.129654499999999985e-02 -2.120440000000000172e-02 6.919994195000000126e+00
1.127500000000000036e+01 -2.027320000000000164e-02 1.081249500000000009e-02 -2.027320000000000164e-02 6.904311445000000269e+00
1.130000000000000071e+01 -1.938540000000000055e-02 1.035160000000000073e-02 -1.938540000000000055e-02 6.888715499999999992e+00
1.132499999999999929e+01 -1.853890000000000052e-02 9.912799999999999390e-03 -1.853890000000000052e-02 6.873205600000000359e+00
1.134999999999999964e+01 -1.773179999999999895e-02 9.495025000000000687e-03 -1.773179999999999895e-02 6.857780954999999956e+00
1.137500000000000000e+01 -1.696229999999999960e-02 9.097249999999999434e-03 -1.696229999999999960e-02 6.842430849999999509e+00
1.140000000000000036e+01 -1.622859999999999928e-02 8.718514999999999598e-03 -1.622859999999999928e-02 6.827164564999999463e+00
1.142500000000000071e+01 -1.552899999999999940e-02 8.357894999999998867e-03 -1.552899999999999940e-02 6.811981445000000690e+00
1.144999999999999929e+01 -1.486190000000000080e-02 8.014500000000000790e-03 -1.486190000000000080e-02 6.796870839999999525e+00
1.147499999999999964e+01 -1.422580000000000025e-02 7.687460000000000127e-03 -1.422580000000000025e-02 6.781832119999999797e+00
1.150000000000000000e+01 -1.361919999999999971e-02 7.375994999999999774e-03 -1.361919999999999971e-02 6.766874724999999202e+00
1.152500000000000036e+01 -1.304070000000000056e-02 7.079310000000000117e-03 -1.304070000000000056e-02 6.751988069999999453e+00
1.155000000000000071e+01 -1.248900000000000010e-02 6.796664999999999478e-03 -1.248900000000000010e-02 6.737181634999999780e+00
1.157499999999999929e+01 -1.196280000000000086e-02 6.527315000000000547e-03 -1.196280000000000086e-02 6.722444864999999936e+00
1.159999999999999964e+01 -1.146080000000000015e-02 6.270689999999999771e-03 -1.146080000000000015e-02 6.707777390000000395e+00
1.162500000000000000e+01 -1.098200000000000044e-02 6.026049999999999809e-03 -1.098200000000000044e-02 6.693188629999999861e+00
1.165000000000000036e+01 -1.052510000000000077e-02 5.792794999999999889e-03 -1.052510000000000077e-02 6.678658165000000757e+00
1.167500000000000071e+01 -1.008919999999999956e-02 5.570359999999999895e-03 -1.008919999999999956e-02 6.664205600000000729e+00
1.169999999999999929e+01 -9.673179999999999973e-03 5.358154999999999862e-03 -9.673179999999999973e-03 6.649820505000000104e+00
1.172499999999999964e+01 -9.276140000000000427e-03 5.155685000000000129e-03 -9.276140000000000427e-03 6.635502514999999768e+00
1.175000000000000000e+01 -8.897149999999999503e-03 4.962414999999999535e-03 -8.897149999999999503e-03 6.621251245000000729e+00
1.177500000000000036e+01 -8.535330000000000694e-03 4.777875000000000004e-03 -8.535330000000000694e-03 6.607066365000000552e+00
1.180000000000000071e+01 -8.189830000000000373e-03 4.601590000000000021e-03 -8.189830000000000373e-03 6.592947530000000000e+00
1.182499999999999929e+01 -7.859879999999999645e-03 4.433150000000000285e-03 -7.859879999999999645e-03 6.578894430000000071e+00
1.184999999999999964e+01 -7.544699999999999671e-03 4.272114999999999940e-03 -7.544699999999999671e-03 6.564896765000000300e+00
1.187500000000000000e+01 -7.243590000000000272e-03 4.118110000000000347e-03 -7.243590000000000272e-03 6.550974249999999444e+00
1.190000000000000036e+01 -6.955839999999999593e-03 3.970745000000000351e-03 -6.955839999999999593e-03 6.537106614999999898e+00
1.192500000000000071e+01 -6.680809999999999700e-03 3.829680000000000237e-03 -6.680809999999999700e-03 6.523313599999999823e+00
1.194999999999999929e+01 -6.417879999999999939e-03 3.694574999999999856e-03 -6.417879999999999939e-03 6.509564965000000036e+00
1.197499999999999964e+01 -6.166450000000000403e-03 3.565115000000000211e-03 -6.166450000000000403e-03 6.495890485000000325e+00
1.200000000000000000e+01 -5.925960000000000082e-03 3.441001999999999863e-03 -5.925960000000000082e-03 6.482269937999999954e+00
1.202500000000000036e+01 -5.695869999999999579e-03 3.321944500000000022e-03 -5.695869999999999579e-03 6.468713115499999944e+00
1.205000000000000071e+01 -5.475680000000000131e-03 3.207676999999999924e-03 -5.475680000000000131e-03 6.455219823000000190e+00
1.207499999999999929e+01 -5.264900000000000309e-03 3.097945500000000123e-03 -5.264900000000000309e-03 6.441779874499999892e+00
1.209999999999999964e+01 -5.063070000000000244e-03 2.992516499999999923e-03 -5.063070000000000244e-03 6.428393103499999484e+00
1.212500000000000000e+01 -4.869759999999999887e-03 2.891160999999999731e-03 -4.869759999999999887e-03 6.415069339000000426e+00
1.215000000000000036e+01 -4.684549999999999999e-03 2.793658999999999986e-03 -4.684549999999999999e-03 6.401798420999999628e+00
1.217500000000000071e+01 -4.507050000000000292e-03 2.699824500000000144e-03 -4.507050000000000292e-03 6.388590215499999836e+00
1.219999999999999929e+01 -4.336890000000000363e-03 2.609451500000000215e-03 -4.336890000000000363e-03 6.375444568499999853e+00
1.222499999999999964e+01 -4.173699999999999806e-03 2.522376500000000389e-03 -4.173699999999999806e-03 6.362341363500000568e+00
1.225000000000000000e+01 -4.017169999999999595e-03 2.438426999999999956e-03 -4.017169999999999595e-03 6.349300472999999556e+00
1.227500000000000036e+01 -3.866950000000000075e-03 2.357441999999999958e-03 -3.866950000000000075e-03 6.336311777999999784e+00
1.230000000000000071e+01 -3.722769999999999812e-03 2.279271999999999722e-03 -3.722769999999999812e-03 6.323385168000000611e+00
1.232499999999999929e+01 -3.584320000000000214e-03 2.203788500000000098e-03 -3.584320000000000214e-03 6.310510551500000176e+00
1.234999999999999964e+01 -3.451339999999999790e-03 2.130854499999999905e-03 -3.451339999999999790e-03 6.297677825500000104e+00
1.237500000000000000e+01 -3.323560000000000143e-03 2.060343000000000070e-03 -3.323560000000000143e-03 6.284916897000000446e+00
1.240000000000000036e+01 -3.200750000000000036e-03 1.992149999999999824e-03 -3.200750000000000036e-03 6.272197690000000492e+00
1.242500000000000071e+01 -3.082689999999999909e-03 1.926160000000000112e-03 -3.082689999999999909e-03 6.259530119999999975e+00
1.244999999999999929e+01 -2.969129999999999946e-03 1.862261000000000038e-03 -2.969129999999999946e-03 6.246914098999999609e+00
1.247499999999999964e+01 -2.859889999999999915e-03 1.800369500000000185e-03 -2.859889999999999915e-03 6.234359570500000558e+00
1.250000000000000000e+01 -2.754760000000000195e-03 1.740394499999999879e-03 -2.754760000000000195e-03 6.221846465499999645e+00
1.252500000000000036e+01 -2.653560000000000120e-03 1.682244500000000011e-03 -2.653560000000000120e-03 6.209384715499999707e+00
1.255000000000000071e+01 -2.556109999999999893e-03 1.625850000000000082e-03 -2.556109999999999893e-03 6.196984269999999739e+00
1.257499999999999929e+01 -2.462250000000000029e-03 1.571131500000000087e-03 -2.462250000000000029e-03 6.184625068499999934e+00
1.259999999999999964e+01 -2.371820000000000178e-03 1.518029499999999903e-03 -2.371820000000000178e-03 6.172317070500000113e+00
1.262500000000000000e+01 -2.284679999999999871e-03 1.466456500000000050e-03 -2.284679999999999871e-03 6.160060203499999609e+00
1.265000000000000036e+01 -2.200670000000000057e-03 1.416364499999999988e-03 -2.200670000000000057e-03 6.147854435499999326e+00
1.267500000000000071e+01 -2.119680000000000088e-03 1.367706000000000000e-03 -2.119680000000000088e-03 6.135699734000000127e+00
1.269999999999999929e+01 -2.041569999999999930e-03 1.320405000000000190e-03 -2.041569999999999930e-03 6.123586034999999761e+00
1.272499999999999964e+01 -1.966229999999999801e-03 1.274425000000000037e-03 -1.966229999999999801e-03 6.111523315000000345e+00
1.275000000000000000e+01 -1.893539999999999980e-03 1.229720500000000072e-03 -1.893539999999999980e-03 6.099511539499999913e+00
1.277500000000000036e+01 -1.823409999999999918e-03 1.186245500000000005e-03 -1.823409999999999918e-03 6.087540674500000470e+00
1.280000000000000071e+01 -1.755719999999999894e-03 1.143960999999999980e-03 -1.755719999999999894e-03 6.075630687000000307e+00
1.282499999999999929e+01 -1.690389999999999948e-03 1.102824999999999986e-03 -1.690389999999999948e-03 6.063751546999999853e+00
1.284999999999999964e+01 -1.627339999999999906e-03 1.062805999999999907e-03 -1.627339999999999906e-03 6.051933229999999497e+00
1.287500000000000000e+01 -1.566469999999999928e-03 1.023870500000000029e-03 -1.566469999999999928e-03 6.040155709500000469e+00
1.290000000000000036e+01 -1.507700000000000056e-03 9.859874999999999716e-04 -1.507700000000000056e-03 6.028418960500000701e+00
1.292500000000000071e+01 -1.450979999999999935e-03 9.491354999999999931e-04 -1.450979999999999935e-03 6.016742968500000011e+00
1.294999999999999929e+01 -1.396220000000000100e-03 9.132850000000000083e-04 -1.396220000000000100e-03 6.005097709000000172e+00
1.297499999999999964e+01 -1.343369999999999981e-03 8.784170000000000433e-04 -1.343369999999999981e-03 5.993503167000000076e+00
1.300000000000000000e+01 -1.292359999999999993e-03 8.445094999999999685e-04 -1.292359999999999993e-03 5.981959324500000008e+00
1.302500000000000036e+01 -1.243130000000000060e-03 8.115460000000000122e-04 -1.243130000000000060e-03 5.970456168000000119e+00
1.305000000000000071e+01 -1.195639999999999984e-03 7.795095000000000149e-04 -1.195639999999999984e-03 5.958993684500000221e+00
1.307499999999999929e+01 -1.149840000000000063e-03 7.483869999999999889e-04 -1.149840000000000063e-03 5.947581862999999913e+00
1.309999999999999964e+01 -1.105670000000000004e-03 7.181684999999999935e-04 -1.105670000000000004e-03 5.936210693499999635e+00
1.312500000000000000e+01 -1.063099999999999982e-03 6.888410000000000409e-04 -1.063099999999999982e-03 5.924880166999999531e+00
1.315000000000000036e+01 -1.022090000000000021e-03 6.603989999999999904e-04 -1.022090000000000021e-03 5.913600276999999572e+00
1.317500000000000071e+01 -9.826010000000000473e-04 6.328364999999999642e-04 -9.826010000000000473e-04 5.902361017499999640e+00
1.319999999999999929e+01 -9.445960000000000207e-04 6.061464999999999605e-04 -9.445960000000000207e-04 5.891162383499999322e+00
1.322499999999999964e+01 -9.080460000000000267e-04 5.803290000000000878e-04 -9.080460000000000267e-04 5.880014372999999850e+00
1.325000000000000000e+01 -8.729210000000000268e-04 5.553799999999999579e-04 -8.729210000000000268e-04 5.868896981999999873e+00
1.327500000000000036e+01 -8.391959999999999524e-04 5.312999999999999581e-04 -8.391959999999999524e-04 5.857830210000000370e+00
1.330000000000000071e+01 -8.068419999999999976e-04 5.080910000000000114e-04 -8.068419999999999976e-04 5.846804056999999943e+00
1.332499999999999929e+01 -7.758389999999999558e-04 4.857530000000000094e-04 -7.758389999999999558e-04 5.835818523000000368e+00
1.334999999999999964e+01 -7.461660000000000384e-04 4.642909999999999767e-04 -7.461660000000000384e-04 5.824873611000000118e+00
1.337500000000000000e+01 -7.178020000000000234e-04 4.437069999999999990e-04 -7.178020000000000234e-04 5.813979320999999700e+00
1.340000000000000036e+01 -6.907289999999999524e-04 4.240115000000000247e-04 -6.907289999999999524e-04 5.803115660499999606e+00
1.342500000000000071e+01 -6.649299999999999915e-04 4.052009999999999987e-04 -6.649299999999999915e-04 5.792292624999999973e+00
1.344999999999999929e+01 -6.403889999999999973e-04 3.872854999999999701e-04 -6.403889999999999973e-04 5.781520224500000360e+00
1.347499999999999964e+01 -6.170909999999999503e-04 3.702715000000000411e-04 -6.170909999999999503e-04 5.770778460499999873e+00
1.350000000000000000e+01 -5.950229999999999712e-04 3.541651500000000323e-04 -5.950229999999999712e-04 5.760087338850000016e+00
1.352500000000000036e+01 -5.741700000000000406e-04 3.389735999999999964e-04 -5.741700000000000406e-04 5.749426864400000170e+00
1.355000000000000071e+01 -5.545209999999999853e-04 3.247026999999999769e-04 -5.545209999999999853e-04 5.738807041300000300e+00
1.357499999999999929e+01 -5.360620000000000185e-04 3.113582999999999629e-04 -5.360620000000000185e-04 5.728227873699999861e+00
1.359999999999999964e+01 -5.187819999999999671e-04 2.989470999999999622e-04 -5.187819999999999671e-04 5.717699366899999802e+00
1.362500000000000000e+01 -5.026679999999999517e-04 2.874746000000000072e-04 -5.026679999999999517e-04 5.707191525399999854e+00
1.365000000000000036e+01 -4.877099999999999773e-04 2.769453500000000233e-04 -4.877099999999999773e-04 5.696734352650000055e+00
1.367500000000000071e+01 -4.738930000000000247e-04 2.673635500000000331e-04 -4.738930000000000247e-04 5.686317852450000210e+00
1.369999999999999929e+01 -4.612069999999999907e-04 2.587324999999999695e-04 -4.612069999999999907e-04 5.675932027500000032e+00
1.372499999999999964e+01 -4.496400000000000115e-04 2.510540500000000294e-04 -4.496400000000000115e-04 5.665586879950000210e+00
1.375000000000000000e+01 -4.391759999999999978e-04 2.443290500000000151e-04 -4.391759999999999978e-04 5.655282410949999949e+00
1.377500000000000036e+01 -4.298050000000000091e-04 2.385580500000000054e-04 -4.298050000000000091e-04 5.645018621950000259e+00
1.380000000000000071e+01 -4.215089999999999787e-04 2.337394499999999970e-04 -4.215089999999999787e-04 5.634785512550000597e+00
1.382499999999999929e+01 -4.142759999999999889e-04 2.298691500000000013e-04 -4.142759999999999889e-04 5.624593080849999538e+00
1.384999999999999964e+01 -4.080889999999999886e-04 2.269445499999999988e-04 -4.080889999999999886e-04 5.614441325450000519e+00
1.387500000000000000e+01 -4.029300000000000199e-04 2.249590499999999888e-04 -4.029300000000000199e-04 5.604330242950000596e+00
1.390000000000000036e+01 -3.987829999999999934e-04 2.239020999999999785e-04 -3.987829999999999934e-04 5.594249825899999529e+00
1.392500000000000071e+01 -3.956279999999999736e-04 2.237678500000000060e-04 -3.956279999999999736e-04 5.584200072150000693e+00
1.394999999999999929e+01 -3.934459999999999867e-04 2.245429000000000012e-04 -3.934459999999999867e-04 5.574200971099999791e+00
1.397499999999999964e+01 -3.922150000000000115e-04 2.262148000000000013e-04 -3.922150000000000115e-04 5.564232517199999783e+00
1.400000000000000000e+01 -3.919120000000000112e-04 2.287674499999999911e-04 -3.919120000000000112e-04 5.554294698550000575e+00
1.402500000000000036e+01 -3.925150000000000188e-04 2.321830499999999995e-04 -3.925150000000000188e-04 5.544397502949999890e+00
1.405000000000000071e+01 -3.939999999999999817e-04 2.364444999999999958e-04 -3.939999999999999817e-04 5.534530919499999868e+00
1.407499999999999929e+01 -3.963400000000000169e-04 2.415304499999999907e-04 -3.963400000000000169e-04 5.524704933549999808e+00
1.409999999999999964e+01 -3.995059999999999931e-04 2.474154999999999692e-04 -3.995059999999999931e-04 5.514919528500000112e+00
1.412500000000000000e+01 -4.034719999999999886e-04 2.540794000000000190e-04 -4.034719999999999886e-04 5.505164688599999856e+00
1.415000000000000036e+01 -4.082080000000000192e-04 2.614913499999999913e-04 -4.082080000000000192e-04 5.495440392649999950e+00
1.417500000000000071e+01 -4.136820000000000145e-04 2.696241000000000262e-04 -4.136820000000000145e-04 5.485756621900000241e+00
1.419999999999999929e+01 -4.198629999999999745e-04 2.784491500000000003e-04 -4.198629999999999745e-04 5.476103356849999493e+00
1.422499999999999964e+01 -4.267170000000000143e-04 2.879329000000000025e-04 -4.267170000000000143e-04 5.466490573099999750e+00
1.425000000000000000e+01 -4.342120000000000094e-04 2.980424000000000181e-04 -4.342120000000000094e-04 5.456908247600000372e+00
1.427500000000000036e+01 -4.423109999999999737e-04 3.087437499999999796e-04 -4.423109999999999737e-04 5.447356356250000253e+00
1.430000000000000071e+01 -4.509779999999999909e-04 3.199986499999999995e-04 -4.509779999999999909e-04 5.437844871349999387e+00
1.432499999999999929e+01 -4.601769999999999819e-04 3.317708500000000221e-04 -4.601769999999999819e-04 5.428363767150000463e+00
1.434999999999999964e+01 -4.698689999999999833e-04 3.440209000000000387e-04 -4.698689999999999833e-04 5.418913015100000230e+00
1.437500000000000000e+01 -4.800170000000000088e-04 3.567091999999999897e-04 -4.800170000000000088e-04 5.409502586800000401e+00
1.440000000000000036e+01 -4.905810000000000249e-04 3.697952000000000335e-04 -4.905810000000000249e-04 5.400122452799999806e+00
1.442500000000000071e+01 -5.015220000000000138e-04 3.832360999999999949e-04 -5.015220000000000138e-04 5.390772581900000304e+00
1.444999999999999929e+01 -5.128010000000000120e-04 3.969901500000000026e-04 -5.128010000000000120e-04 5.381452943850000281e+00
1.447499999999999964e+01 -5.243749999999999930e-04 4.110146000000000069e-04 -5.243749999999999930e-04 5.372173507399999437e+00
1.450000000000000000e+01 -5.362060000000000090e-04 4.252655000000000367e-04 -5.362060000000000090e-04 5.362924240499999939e+00
1.452500000000000036e+01 -5.482520000000000492e-04 4.396989999999999926e-04 -5.482520000000000492e-04 5.353705111000000016e+00
1.455000000000000071e+01 -5.604730000000000259e-04 4.542720000000000308e-04 -5.604730000000000259e-04 5.344516086000000499e+00
1.457499999999999929e+01 -5.728280000000000524e-04 4.689394999999999848e-04 -5.728280000000000524e-04 5.335357134499999709e+00
1.459999999999999964e+01 -5.852770000000000411e-04 4.836574999999999750e-04 -5.852770000000000411e-04 5.326238222499999786e+00
1.462500000000000000e+01 -5.977800000000000127e-04 4.983844999999999985e-04 -5.977800000000000127e-04 5.317139319500000738e+00
1.465000000000000036e+01 -6.102969999999999879e-04 5.130764999999999588e-04 -6.102969999999999879e-04 5.308080393500000049e+00
1.467500000000000071e+01 -6.227890000000000032e-04 5.276904999999999920e-04 -6.227890000000000032e-04 5.299051411500000697e+00
1.469999999999999929e+01 -6.352239999999999883e-04 5.421844999999999790e-04 -6.352239999999999883e-04 5.290052343500000198e+00
1.472499999999999964e+01 -6.475510000000000077e-04 5.565190000000001108e-04 -6.475510000000000077e-04 5.281083159000000471e+00
1.475000000000000000e+01 -6.597410000000000383e-04 5.706484999999999422e-04 -6.597410000000000383e-04 5.272143823499999549e+00
1.477500000000000036e+01 -6.717560000000000241e-04 5.845439999999999924e-04 -6.717560000000000241e-04 5.263234318000000300e+00
1.480000000000000071e+01 -6.835629999999999875e-04 5.981609999999999401e-04 -6.835629999999999875e-04 5.254354606999999788e+00
1.482499999999999929e+01 -6.951260000000000121e-04 6.114644999999999933e-04 -6.951260000000000121e-04 5.245504663500000220e+00
1.484999999999999964e+01 -7.064140000000000436e-04 6.244195000000000344e-04 -7.064140000000000436e-04 5.236684462499999526e+00
1.487500000000000000e+01 -7.173950000000000118e-04 6.369909999999999461e-04 -7.173950000000000118e-04 5.227893976999999914e+00
1.490000000000000036e+01 -7.280379999999999708e-04 6.491495000000000772e-04 -7.280379999999999708e-04 5.219133184499999523e+00
1.492500000000000071e+01 -7.383150000000000216e-04 6.608625000000000783e-04 -7.383150000000000216e-04 5.210402061499999959e+00
1.494999999999999929e+01 -7.481989999999999561e-04 6.721025000000000046e-04 -7.481989999999999561e-04 5.201690585499999742e+00
1.497499999999999964e+01 -7.576629999999999997e-04 6.828430000000000350e-04 -7.576629999999999997e-04 5.193018737000000051e+00
1.500000000000000000e+01 -7.666840000000000070e-04 6.930575000000000234e-04 -7.666840000000000070e-04 5.184376496499999654e+00
1.502500000000000036e+01 -7.752390000000000496e-04 7.027229999999999328e-04 -7.752390000000000496e-04 5.175753845000000020e+00
1.505000000000000071e+01 -7.833070000000000137e-04 7.118194999999999904e-04 -7.833070000000000137e-04 5.167160768499999612e+00
1.507499999999999929e+01 -7.908680000000000180e-04 7.203275000000000520e-04 -7.908680000000000180e-04 5.158607250500000241e+00
1.509999999999999964e+01 -7.979060000000000276e-04 7.282280000000000350e-04 -7.979060000000000276e-04 5.150073277999999810e+00
1.512500000000000000e+01 -8.044029999999999757e-04 7.355074999999999981e-04 -8.044029999999999757e-04 5.141558838499999950e+00
1.515000000000000036e+01 -8.103459999999999830e-04 7.421529999999999534e-04 -8.103459999999999830e-04 5.133083923000000048e+00
1.517500000000000071e+01 -8.157219999999999532e-04 7.481520000000000835e-04 -8.157219999999999532e-04 5.124638521999999696e+00
1.519999999999999929e+01 -8.205210000000000541e-04 7.534950000000000762e-04 -8.205210000000000541e-04 5.116212627000000346e+00
1.522499999999999964e+01 -8.247340000000000356e-04 7.581760000000000539e-04 -8.247340000000000356e-04 5.107816234000000399e+00
1.525000000000000000e+01 -8.283519999999999729e-04 7.621890000000000305e-04 -8.283519999999999729e-04 5.099439336999999739e+00
1.527500000000000036e+01 -8.313720000000000354e-04 7.655305000000000052e-04 -8.313720000000000354e-04 5.091101933500000065e+00
1.530000000000000071e+01 -8.337870000000000047e-04 7.681994999999999622e-04 -8.337870000000000047e-04 5.082784022500000276e+00
1.532499999999999929e+01 -8.355969999999999891e-04 7.701949999999999942e-04 -8.355969999999999891e-04 5.074495602999999910e+00
1.534999999999999964e+01 -8.367999999999999571e-04 7.715209999999999473e-04 -8.367999999999999571e-04 5.066236677000000022e+00
1.537500000000000000e+01 -8.373980000000000486e-04 7.721799999999999151e-04 -8.373980000000000486e-04 5.057997246000000224e+00
1.540000000000000036e+01 -8.373919999999999541e-04 7.721774999999999299e-04 -8.373919999999999541e-04 5.049787314499999624e+00
1.542500000000000071e+01 -8.367859999999999535e-04 7.715209999999999473e-04 -8.367859999999999535e-04 5.041606886999999482e+00
1.544999999999999929e+01 -8.355860000000000327e-04 7.702189999999999384e-04 -8.355860000000000327e-04 5.033445969000000630e+00
1.547499999999999964e+01 -8.337989999999999768e-04 7.682820000000000144e-04 -8.337989999999999768e-04 5.025314569999999925e+00
1.550000000000000000e+01 -8.314299999999999729e-04 7.657219999999999305e-04 -8.314299999999999729e-04 5.017212697999999804e+00
1.552500000000000036e+01 -8.284920000000000088e-04 7.625509999999999840e-04 -8.284920000000000088e-04 5.009130360999999532e+00
1.555000000000000071e+01 -8.249929999999999937e-04 7.587835000000000239e-04 -8.249929999999999937e-04 5.001067570500000059e+00
1.557499999999999929e+01 -8.209450000000000081e-04 7.544344999999999610e-04 -8.209450000000000081e-04 4.993044337499999763e+00
1.559999999999999964e+01 -8.163619999999999471e-04 7.495215000000000167e-04 -8.163619999999999471e-04 4.985040674499999547e+00
1.562500000000000000e+01 -8.112489999999999979e-04 7.440605000000000092e-04 -8.112489999999999979e-04 4.977056593500000403e+00
1.565000000000000036e+01 -8.056330000000000435e-04 7.380719999999999902e-04 -8.056330000000000435e-04 4.969102109999999684e+00
1.567500000000000071e+01 -7.995250000000000403e-04 7.315724999999999485e-04 -7.995250000000000403e-04 4.961177235499999227e+00
1.569999999999999929e+01 -7.929400000000000077e-04 7.245839999999999052e-04 -7.929400000000000077e-04 4.953271988000000015e+00
1.572499999999999964e+01 -7.858949999999999964e-04 7.171264999999999584e-04 -7.858949999999999964e-04 4.945396381500000160e+00
1.575000000000000000e+01 -7.784079999999999645e-04 7.092204999999999430e-04 -7.784079999999999645e-04 4.937540431500000437e+00
1.577500000000000036e+01 -7.704969999999999788e-04 7.008875000000000348e-04 -7.704969999999999788e-04 4.929704154500000435e+00
1.580000000000000071e+01 -7.621789999999999815e-04 6.921515000000000696e-04 -7.621789999999999815e-04 4.921897568499999487e+00
1.582499999999999929e+01 -7.534729999999999466e-04 6.830334999999999445e-04 -7.534729999999999466e-04 4.914120688499999723e+00
1.584999999999999964e+01 -7.443999999999999879e-04 6.735555000000000058e-04 -7.443999999999999879e-04 4.906363532500000346e+00
1.587500000000000000e+01 -7.349779999999999551e-04 6.637424999999999966e-04 -7.349779999999999551e-04 4.898626117499999211e+00
1.590000000000000036e+01 -7.252289999999999778e-04 6.536149999999999686e-04 -7.252289999999999778e-04 4.890918461000000050e+00
1.592500000000000071e+01 -7.151710000000000142e-04 6.431975000000000366e-04 -7.151710000000000142e-04 4.883230580500000251e+00
1.594999999999999929e+01 -7.048249999999999611e-04 6.325124999999999584e-04 -7.048249999999999611e-04 4.875572493499999993e+00
1.597499999999999964e+01 -6.942110000000000251e-04 6.215820000000000806e-04 -6.942110000000000251e-04 4.867934216000000092e+00
1.600000000000000000e+01 -6.833499999999999948e-04 6.104310000000000378e-04 -6.833499999999999948e-04 4.860325766999999964e+00
1.602499999999999858e+01 -6.722609999999999524e-04 5.990805000000000522e-04 -6.722609999999999524e-04 4.852727163499999996e+00
1.605000000000000071e+01 -6.609650000000000117e-04 5.875515000000000208e-04 -6.609650000000000117e-04 4.845168420499999407e+00
1.607499999999999929e+01 -6.494810000000000383e-04 5.758665000000000268e-04 -6.494810000000000383e-04 4.837619555499999890e+00
1.610000000000000142e+01 -6.378290000000000218e-04 5.640489999999999523e-04 -6.378290000000000218e-04 4.830100587000000445e+00
1.612500000000000000e+01 -6.260289999999999518e-04 5.521175000000000345e-04 -6.260289999999999518e-04 4.822601528500000789e+00
1.614999999999999858e+01 -6.140990000000000034e-04 5.400939999999999691e-04 -6.140990000000000034e-04 4.815132396000000092e+00
1.617500000000000071e+01 -6.020589999999999492e-04 5.279980000000000090e-04 -6.020589999999999492e-04 4.807683206000000098e+00
1.619999999999999929e+01 -5.899259999999999487e-04 5.158495000000000354e-04 -5.899259999999999487e-04 4.800253972500000188e+00
1.622500000000000142e+01 -5.777199999999999913e-04 5.036659999999999445e-04 -5.777199999999999913e-04 4.792844709999999786e+00
1.625000000000000000e+01 -5.654559999999999882e-04 4.914674999999999426e-04 -5.654559999999999882e-04 4.785465432500000560e+00
1.627499999999999858e+01 -5.531530000000000214e-04 4.792705000000000186e-04 -5.531530000000000214e-04 4.778106153499999564e+00
1.630000000000000071e+01 -5.408270000000000178e-04 4.670919999999999521e-04 -5.408270000000000178e-04 4.770766885999999651e+00
1.632499999999999929e+01 -5.284940000000000124e-04 4.549494999999999646e-04 -5.284940000000000124e-04 4.763457642500000588e+00
1.635000000000000142e+01 -5.161690000000000245e-04 4.428570000000000054e-04 -5.161690000000000245e-04 4.756158434999999685e+00
1.637500000000000000e+01 -5.038679999999999808e-04 4.308299999999999933e-04 -5.038679999999999808e-04 4.748889276000000770e+00
1.639999999999999858e+01 -4.916049999999999934e-04 4.188843000000000037e-04 -4.916049999999999934e-04 4.741640175699999737e+00
1.642500000000000071e+01 -4.793929999999999958e-04 4.070335999999999919e-04 -4.793929999999999958e-04 4.734421146399999891e+00
1.644999999999999929e+01 -4.672459999999999916e-04 3.952865999999999975e-04 -4.672459999999999916e-04 4.727212193399999762e+00
1.647500000000000142e+01 -4.551770000000000230e-04 3.836576999999999978e-04 -4.551770000000000230e-04 4.720033328299999553e+00
1.650000000000000000e+01 -4.431969999999999920e-04 3.721581500000000343e-04 -4.431969999999999920e-04 4.712874559849999478e+00
1.652499999999999858e+01 -4.313179999999999792e-04 3.607991499999999691e-04 -4.313179999999999792e-04 4.705735896850000266e+00
1.655000000000000071e+01 -4.195499999999999794e-04 3.495898000000000321e-04 -4.195499999999999794e-04 4.698617346199999822e+00
1.657499999999999929e+01 -4.079040000000000031e-04 3.385391999999999655e-04 -4.079040000000000031e-04 4.691518914799999607e+00
1.660000000000000142e+01 -3.963889999999999753e-04 3.276562500000000395e-04 -3.963889999999999753e-04 4.684450609749999828e+00
1.662500000000000000e+01 -3.850139999999999834e-04 3.169488000000000036e-04 -3.850139999999999834e-04 4.677392437199999975e+00
1.664999999999999858e+01 -3.737880000000000065e-04 3.064237000000000254e-04 -3.737880000000000065e-04 4.670364402300000606e+00
1.667500000000000071e+01 -3.627169999999999765e-04 2.960888000000000170e-04 -3.627169999999999765e-04 4.663356511199999943e+00
1.669999999999999929e+01 -3.518099999999999808e-04 2.859473500000000025e-04 -3.518099999999999808e-04 4.656368766649999991e+00
1.672500000000000142e+01 -3.410730000000000055e-04 2.760041000000000295e-04 -3.410730000000000055e-04 4.649401171900000129e+00
1.675000000000000000e+01 -3.305110000000000209e-04 2.662655499999999837e-04 -3.305110000000000209e-04 4.642453732449999926e+00
1.677499999999999858e+01 -3.201300000000000131e-04 2.567361000000000100e-04 -3.201300000000000131e-04 4.635526451899999678e+00
1.680000000000000071e+01 -3.099360000000000222e-04 2.474161000000000112e-04 -3.099360000000000222e-04 4.628619329900000245e+00
1.682499999999999929e+01 -2.999310000000000257e-04 2.383118499999999941e-04 -2.999310000000000257e-04 4.621742372149999944e+00
1.685000000000000142e+01 -2.901210000000000095e-04 2.294222499999999903e-04 -2.901210000000000095e-04 4.614875577750000346e+00
1.687500000000000000e+01 -2.805080000000000052e-04 2.207513499999999985e-04 -2.805080000000000052e-04 4.608028948649999457e+00
1.689999999999999858e+01 -2.710960000000000214e-04 2.122982000000000200e-04 -2.710960000000000214e-04 4.601212485799999641e+00
1.692500000000000071e+01 -2.618860000000000198e-04 2.040665000000000155e-04 -2.618860000000000198e-04 4.594406191500000070e+00
1.694999999999999929e+01 -2.528799999999999776e-04 1.960551499999999892e-04 -2.528799999999999776e-04 4.587620064849999402e+00
1.697500000000000142e+01 -2.440809999999999963e-04 1.882649499999999973e-04 -2.440809999999999963e-04 4.580864107050000023e+00
1.700000000000000000e+01 -2.354889999999999946e-04 1.806929500000000095e-04 -2.354889999999999946e-04 4.574118315049999772e+00
1.702499999999999858e+01 -2.271030000000000108e-04 1.733389500000000118e-04 -2.271030000000000108e-04 4.567402689049999687e+00
1.705000000000000071e+01 -2.189269999999999996e-04 1.662047499999999946e-04 -2.189269999999999996e-04 4.560697231249999817e+00
1.707499999999999929e+01 -2.109579999999999951e-04 1.592862000000000065e-04 -2.109579999999999951e-04 4.554011937800000354e+00
1.710000000000000142e+01 -2.031970000000000130e-04 1.525809999999999948e-04 -2.031970000000000130e-04 4.547346807000000268e+00
1.712500000000000000e+01 -1.956430000000000105e-04 1.460868499999999886e-04 -1.956430000000000105e-04 4.540711837150000818e+00
1.714999999999999858e+01 -1.882949999999999988e-04 1.398024500000000052e-04 -1.882949999999999988e-04 4.534087027550000037e+00
1.717500000000000071e+01 -1.811510000000000008e-04 1.337254999999999922e-04 -1.811510000000000008e-04 4.527482376500000072e+00
1.719999999999999929e+01 -1.742100000000000007e-04 1.278506000000000054e-04 -1.742100000000000007e-04 4.520897879400000541e+00
1.722500000000000142e+01 -1.674710000000000098e-04 1.221773999999999799e-04 -1.674710000000000098e-04 4.514333536599999697e+00
1.725000000000000000e+01 -1.609299999999999923e-04 1.167014000000000072e-04 -1.609299999999999923e-04 4.507779344600000293e+00
1.727499999999999858e+01 -1.545859999999999867e-04 1.114185500000000075e-04 -1.545859999999999867e-04 4.501255300050000407e+00
1.730000000000000071e+01 -1.484359999999999998e-04 1.063257499999999942e-04 -1.484359999999999998e-04 4.494741400849999735e+00
1.732499999999999929e+01 -1.424770000000000116e-04 1.014190500000000027e-04 -1.424770000000000116e-04 4.488257643949999931e+00
1.735000000000000142e+01 -1.367080000000000064e-04 9.669474999999999099e-05 -1.367080000000000064e-04 4.481784026449999736e+00
1.737500000000000000e+01 -1.311239999999999867e-04 9.214854999999999715e-05 -1.311239999999999867e-04 4.475330545249999403e+00
1.739999999999999858e+01 -1.257219999999999865e-04 8.777644999999999881e-05 -1.257219999999999865e-04 4.468897197149999556e+00
1.742500000000000071e+01 -1.205000000000000016e-04 8.357425000000000032e-05 -1.205000000000000016e-04 4.462483979149999946e+00
1.744999999999999929e+01 -1.154539999999999961e-04 7.953775000000000601e-05 -1.154539999999999961e-04 4.456090887850000293e+00
1.747500000000000142e+01 -1.105800000000000018e-04 7.566259999999999620e-05 -1.105800000000000018e-04 4.449707919999999817e+00
1.750000000000000000e+01 -1.058749999999999985e-04 7.194445000000000538e-05 -1.058749999999999985e-04 4.443355072350000157e+00
1.752499999999999858e+01 -1.013350000000000047e-04 6.837900000000000380e-05 -1.013350000000000047e-04 4.437012341600000020e+00
1.755000000000000071e+01 -9.695740000000000109e-05 6.496195000000000235e-05 -9.695740000000000109e-05 4.430689724450000533e+00
1.757499999999999929e+01 -9.273709999999999679e-05 6.168885000000000145e-05 -9.273709999999999679e-05 4.424387217549999640e+00
1.760000000000000142e+01 -8.867100000000000535e-05 5.855545000000000194e-05 -8.867100000000000535e-05 4.418094817550000108e+00
1.762500000000000000e+01 -8.475510000000000444e-05 5.555740000000000445e-05 -8.475510000000000444e-05 4.411822521200000402e+00
1.764999999999999858e+01 -8.098559999999999928e-05 5.269025000000000260e-05 -8.098559999999999928e-05 4.405580325149999865e+00
1.767500000000000071e+01 -7.735880000000000208e-05 4.994995000000000446e-05 -7.735880000000000208e-05 4.399338226250000261e+00
1.769999999999999929e+01 -7.387070000000000409e-05 4.733220000000000060e-05 -7.387070000000000409e-05 4.393126221200000181e+00
1.772500000000000142e+01 -7.051760000000000396e-05 4.483280000000000213e-05 -7.051760000000000396e-05 4.386924306800000117e+00
1.775000000000000000e+01 -6.729550000000000646e-05 4.244765500000000042e-05 -6.729550000000000646e-05 4.380752479945000388e+00
1.777499999999999858e+01 -6.420080000000000372e-05 4.017280499999999628e-05 -6.420080000000000372e-05 4.374580737595000102e+00
1.780000000000000071e+01 -6.122970000000000094e-05 3.800408000000000291e-05 -6.122970000000000094e-05 4.368439076519999631e+00
1.782499999999999929e+01 -5.837830000000000314e-05 3.593771000000000053e-05 -5.837830000000000314e-05 4.362307493890000387e+00
1.785000000000000142e+01 -5.564310000000000263e-05 3.396985499999999835e-05 -5.564310000000000263e-05 4.356195986744999971e+00
1.787500000000000000e+01 -5.302029999999999786e-05 3.209677499999999899e-05 -5.302029999999999786e-05 4.350104552224999921e+00
1.789999999999999858e+01 -5.050640000000000148e-05 3.031462999999999812e-05 -5.050640000000000148e-05 4.344033187369999993e+00
1.792500000000000071e+01 -4.809769999999999860e-05 2.862000000000000042e-05 -4.809769999999999860e-05 4.337971889600000353e+00
1.794999999999999929e+01 -4.579080000000000211e-05 2.700938499999999822e-05 -4.579080000000000211e-05 4.331930656214999509e+00
1.797500000000000142e+01 -4.358229999999999776e-05 2.547917499999999988e-05 -4.358229999999999776e-05 4.325899484424999386e+00
1.800000000000000000e+01 -4.146859999999999799e-05 2.402628499999999963e-05 -4.146859999999999799e-05 4.319888371914999858e+00
1.802499999999999858e+01 -3.944660000000000278e-05 2.264722999999999763e-05 -3.944660000000000278e-05 4.313897315970000257e+00
1.805000000000000071e+01 -3.751299999999999812e-05 2.133905000000000028e-05 -3.751299999999999812e-05 4.307926314349999508e+00
1.807499999999999929e+01 -3.566459999999999731e-05 2.009858500000000334e-05 -3.566459999999999731e-05 4.301965364614999565e+00
1.810000000000000142e+01 -3.389820000000000013e-05 1.892299000000000091e-05 -3.389820000000000013e-05 4.296024464610000315e+00
1.812500000000000000e+01 -3.221090000000000021e-05 1.780922500000000058e-05 -3.221090000000000021e-05 4.290093611974999277e+00
1.814999999999999858e+01 -3.059959999999999753e-05 1.675467499999999896e-05 -3.059959999999999753e-05 4.284182804724999905e+00
1.817500000000000071e+01 -2.906149999999999950e-05 1.575651499999999834e-05 -2.906149999999999950e-05 4.278292040684999797e+00
1.819999999999999929e+01 -2.759369999999999976e-05 1.481225000000000036e-05 -2.759369999999999976e-05 4.272411317950000509e+00
1.822500000000000142e+01 -2.619349999999999917e-05 1.391928499999999967e-05 -2.619349999999999917e-05 4.266550634515000162e+00
1.825000000000000000e+01 -2.485829999999999881e-05 1.307533500000000074e-05 -2.485829999999999881e-05 4.260709988664999948e+00
1.827499999999999858e+01 -2.358539999999999953e-05 1.227793500000000055e-05 -2.358539999999999953e-05 4.254879378465000528e+00
1.830000000000000071e+01 -2.237239999999999945e-05 1.152492000000000010e-05 -2.237239999999999945e-05 4.249058802280000435e+00
1.832499999999999929e+01 -2.121669999999999966e-05 1.081410500000000071e-05 -2.121669999999999966e-05 4.243268258435000106e+00
1.835000000000000142e+01 -2.011609999999999871e-05 1.014340999999999916e-05 -2.011609999999999871e-05 4.237487745329999278e+00
1.837500000000000000e+01 -1.906820000000000151e-05 9.510925000000000761e-06 -1.906820000000000151e-05 4.231717261494999605e+00
1.839999999999999858e+01 -1.807079999999999985e-05 8.914590000000000312e-06 -1.807079999999999985e-05 4.225966805349999689e+00
1.842500000000000071e+01 -1.712169999999999906e-05 8.352550000000000184e-06 -1.712169999999999906e-05 4.220236375469999857e+00
1.844999999999999929e+01 -1.621890000000000153e-05 7.823199999999999908e-06 -1.621890000000000153e-05 4.214515970659999944e+00
1.847500000000000142e+01 -1.536039999999999950e-05 7.324800000000000580e-06 -1.536039999999999950e-05 4.208815589539999458e+00
1.850000000000000000e+01 -1.454420000000000044e-05 6.855719999999999982e-06 -1.454420000000000044e-05 4.203125230880000451e+00
1.852499999999999858e+01 -1.376860000000000062e-05 6.414410000000000645e-06 -1.376860000000000062e-05 4.197454893489999783e+00
1.855000000000000071e+01 -1.303150000000000051e-05 5.999414999999999886e-06 -1.303150000000000051e-05 4.191794576244999959e+00
1.857499999999999929e+01 -1.233150000000000043e-05 5.609299999999999810e-06 -1.233150000000000043e-05 4.186154278059999179e+00
1.860000000000000142e+01 -1.166669999999999962e-05 5.242744999999999556e-06 -1.166669999999999962e-05 4.180523997914999512e+00
1.862500000000000000e+01 -1.103559999999999985e-05 4.898449999999999662e-06 -1.103559999999999985e-05 4.174913734809999610e+00
1.864999999999999858e+01 -1.043659999999999931e-05 4.575189999999999982e-06 -1.043659999999999931e-05 4.169313487810000218e+00
1.867500000000000071e+01 -9.868180000000000105e-06 4.271810000000000186e-06 -9.868180000000000105e-06 4.163733256030000440e+00
1.869999999999999929e+01 -9.329010000000000658e-06 3.987190499999999548e-06 -9.329010000000000658e-06 4.158173038609500161e+00
1.872500000000000142e+01 -8.817659999999999192e-06 3.720277999999999586e-06 -8.817659999999999192e-06 4.152612834742000381e+00
1.875000000000000000e+01 -8.332829999999999634e-06 3.470075500000000095e-06 -8.332829999999999634e-06 4.147082643664499635e+00
1.877499999999999858e+01 -7.873260000000000238e-06 3.235611500000000200e-06 -7.873260000000000238e-06 4.141562464628500528e+00
1.880000000000000071e+01 -7.437719999999999661e-06 3.015989999999999731e-06 -7.437719999999999661e-06 4.136052296949999985e+00
1.882499999999999929e+01 -7.025070000000000317e-06 2.810350500000000241e-06 -7.025070000000000317e-06 4.130562139969500279e+00
1.885000000000000142e+01 -6.634190000000000089e-06 2.617867499999999801e-06 -6.634190000000000089e-06 4.125081993052499563e+00
1.887500000000000000e+01 -6.264020000000000209e-06 2.437770499999999905e-06 -6.264020000000000209e-06 4.119611855609499607e+00
1.889999999999999858e+01 -5.913529999999999775e-06 2.269334000000000116e-06 -5.913529999999999775e-06 4.114161727086000475e+00
1.892500000000000071e+01 -5.581760000000000240e-06 2.111846000000000261e-06 -5.581760000000000240e-06 4.108731606934000524e+00
1.894999999999999929e+01 -5.267770000000000219e-06 1.964649500000000205e-06 -5.267770000000000219e-06 4.103311494650499824e+00
1.897500000000000142e+01 -4.970679999999999985e-06 1.827142500000000057e-06 -4.970679999999999985e-06 4.097901389777500292e+00
1.900000000000000000e+01 -4.689630000000000363e-06 1.698704999999999858e-06 -4.689630000000000363e-06 4.092511291834999732e+00
1.902499999999999858e+01 -4.423809999999999747e-06 1.578802499999999992e-06 -4.423809999999999747e-06 4.087131200417499777e+00
1.905000000000000071e+01 -4.172440000000000323e-06 1.466892999999999899e-06 -4.172440000000000323e-06 4.081771115106999304e+00
1.907499999999999929e+01 -3.934790000000000150e-06 1.362498499999999937e-06 -3.934790000000000150e-06 4.076421035541499371e+00
1.910000000000000142e+01 -3.710159999999999812e-06 1.265134499999999966e-06 -3.710159999999999812e-06 4.071080961345500349e+00
1.912500000000000000e+01 -3.497870000000000020e-06 1.174357999999999828e-06 -3.497870000000000020e-06 4.065760892182000319e+00
1.914999999999999858e+01 -3.297270000000000196e-06 1.089758000000000036e-06 -3.297270000000000196e-06 4.060450827736000079e+00
1.917500000000000071e+01 -3.107770000000000147e-06 1.010939999999999972e-06 -3.107770000000000147e-06 4.055160767705999980e+00
1.919999999999999929e+01 -2.928769999999999828e-06 9.375329999999999818e-07 -2.928769999999999828e-06 4.049880711806999933e+00
1.922500000000000142e+01 -2.759730000000000003e-06 8.691875000000000531e-07 -2.759730000000000003e-06 4.044610659772499339e+00
1.925000000000000000e+01 -2.600110000000000166e-06 8.055765000000000535e-07 -2.600110000000000166e-06 4.039360611351500374e+00
1.927499999999999858e+01 -2.449430000000000196e-06 7.463900000000001078e-07 -2.449430000000000196e-06 4.034120566307999312e+00
1.930000000000000071e+01 -2.307189999999999843e-06 6.913389999999999677e-07 -2.307189999999999843e-06 4.028900524418999929e+00
1.932499999999999929e+01 -2.172959999999999944e-06 6.401500000000000247e-07 -2.172959999999999944e-06 4.023680485477999724e+00
1.935000000000000142e+01 -2.046289999999999936e-06 5.925665000000000804e-07 -2.046289999999999936e-06 4.018490449285500254e+00
1.937500000000000000e+01 -1.926780000000000211e-06 5.483475000000000468e-07 -1.926780000000000211e-06 4.013300415660499887e+00
1.939999999999999858e+01 -1.814050000000000021e-06 5.072689999999999877e-07 -1.814050000000000021e-06 4.008130384429000159e+00
1.942500000000000071e+01 -1.707710000000000036e-06 4.691179999999999527e-07 -1.707710000000000036e-06 4.002970355430000460e+00
1.944999999999999929e+01 -1.607430000000000041e-06 4.336940000000000188e-07 -1.607430000000000041e-06 3.997830328510000086e+00
1.947500000000000142e+01 -1.512880000000000032e-06 4.008127999999999930e-07 -1.512880000000000032e-06 3.992690303527199891e+00
1.950000000000000000e+01 -1.423719999999999940e-06 3.702993000000000288e-07 -1.423719999999999940e-06 3.987570280348699647e+00
1.952499999999999858e+01 -1.339679999999999936e-06 3.419892500000000393e-07 -1.339679999999999936e-06 3.982470258848750166e+00
1.955000000000000071e+01 -1.260459999999999999e-06 3.157295499999999911e-07 -1.260459999999999999e-06 3.977380238910450228e+00
1.957499999999999929e+01 -1.185799999999999938e-06 2.913763000000000308e-07 -1.185799999999999938e-06 3.972300220423700345e+00
1.960000000000000142e+01 -1.115439999999999988e-06 2.687955999999999985e-07 -1.115439999999999988e-06 3.967230203286399970e+00
1.962500000000000000e+01 -1.049140000000000089e-06 2.478614999999999858e-07 -1.049140000000000089e-06 3.962180187402500220e+00
1.964999999999999858e+01 -9.866720000000000885e-07 2.284561500000000058e-07 -9.866720000000000885e-07 3.957130172681849967e+00
1.967500000000000071e+01 -9.278209999999999806e-07 2.104694999999999908e-07 -9.278209999999999806e-07 3.952110159040499671e+00
1.969999999999999929e+01 -8.723820000000000358e-07 1.937993499999999995e-07 -8.723820000000000358e-07 3.947090146400650035e+00
1.972500000000000142e+01 -8.201609999999999813e-07 1.783472500000000090e-07 -8.201609999999999813e-07 3.942090134686750069e+00
1.975000000000000000e+01 -7.709749999999999537e-07 1.640245000000000008e-07 -7.709749999999999537e-07 3.937100123831500209e+00
1.977499999999999858e+01 -7.246510000000000479e-07 1.507461500000000068e-07 -7.246510000000000479e-07 3.932120113769849823e+00
1.980000000000000071e+01 -6.810240000000000504e-07 1.384327499999999993e-07 -6.810240000000000504e-07 3.927160104441250077e+00
1.982499999999999929e+01 -6.399390000000000236e-07 1.270115500000000081e-07 -6.399390000000000236e-07 3.922200095790449925e+00
1.985000000000000142e+01 -6.012490000000000392e-07 1.164113500000000083e-07 -6.012490000000000392e-07 3.917260087762650222e+00
1.987500000000000000e+01 -5.648159999999999934e-07 1.065694000000000013e-07 -5.648159999999999934e-07 3.912340080310599877e+00
1.989999999999999858e+01 -5.305079999999999485e-07 9.742284999999999678e-08 -5.305079999999999485e-07 3.907420073385950321e+00
1.992500000000000071e+01 -4.982020000000000032e-07 8.891515000000000061e-08 -4.982020000000000032e-07 3.902520066945649901e+00
1.994999999999999929e+01 -4.677789999999999961e-07 8.099175000000000789e-08 -4.677789999999999961e-07 3.897630060948050090e+00
1.997500000000000142e+01 -4.391310000000000164e-07 7.360454999999999849e-08 -4.391310000000000164e-07 3.892750055356649863e+00
2.000000000000000000e+01 -4.121490000000000201e-07 6.669809999999999822e-08 -4.121490000000000201e-07 3.887890050128900210e+00
