# raxis[fm], SN, VN, SP, VP [MeV]
0.000000000000000000e+00 -3.647950000000000159e+02 3.031933000000000220e+02 -3.647950000000000159e+02 3.051904999999999859e+02
2.500000000000000139e-02 -3.647950000000000159e+02 3.031933000000000220e+02 -3.647950000000000159e+02 3.051904999999999859e+02
5.000000000000000278e-02 -3.646279999999999859e+02 3.028480500000000006e+02 -3.646279999999999859e+02 3.048793499999999312e+02
7.499999999999999722e-02 -3.646270000000000095e+02 3.028228000000000293e+02 -3.646270000000000095e+02 3.048761000000000081e+02
1.000000000000000056e-01 -3.646299999999999955e+02 3.027984500000000025e+02 -3.646299999999999955e+02 3.048818500000000427e+02
1.250000000000000000e-01 -3.646460000000000150e+02 3.027873500000000035e+02 -3.646460000000000150e+02 3.049080500000000029e+02
1.499999999999999944e-01 -3.646669999999999732e+02 3.027792999999999779e+02 -3.646669999999999732e+02 3.049449999999999932e+02
1.749999999999999889e-01 -3.646949999999999932e+02 3.027743499999999699e+02 -3.646949999999999932e+02 3.049927500000000009e+02
2.000000000000000111e-01 -3.647239999999999895e+02 3.027714500000000157e+02 -3.647239999999999895e+02 3.050501499999999737e+02
2.250000000000000056e-01 -3.647660000000000196e+02 3.027687499999999545e+02 -3.647660000000000196e+02 3.051152500000000032e+02
2.500000000000000000e-01 -3.648090000000000259e+02 3.027673000000000343e+02 -3.648090000000000259e+02 3.051887999999999579e+02
2.750000000000000222e-01 -3.648570000000000277e+02 3.027671499999999583e+02 -3.648570000000000277e+02 3.052709500000000276e+02
2.999999999999999889e-01 -3.649110000000000014e+02 3.027674999999999841e+02 -3.649110000000000014e+02 3.053602999999999383e+02
3.250000000000000111e-01 -3.649689999999999941e+02 3.027693500000000313e+02 -3.649689999999999941e+02 3.054580500000000143e+02
3.499999999999999778e-01 -3.650310000000000059e+02 3.027688999999999737e+02 -3.650310000000000059e+02 3.055597999999999956e+02
3.750000000000000000e-01 -3.650989999999999895e+02 3.027722499999999854e+02 -3.650989999999999895e+02 3.056716500000000565e+02
4.000000000000000222e-01 -3.651709999999999923e+02 3.027775499999999624e+02 -3.651709999999999923e+02 3.057913499999999658e+02
4.249999999999999889e-01 -3.652479999999999905e+02 3.027839999999999918e+02 -3.652479999999999905e+02 3.059176000000000499e+02
4.500000000000000111e-01 -3.653299999999999841e+02 3.027906999999999584e+02 -3.653299999999999841e+02 3.060495000000000232e+02
4.749999999999999778e-01 -3.654159999999999968e+02 3.027998000000000047e+02 -3.654159999999999968e+02 3.061886999999999830e+02
5.000000000000000000e-01 -3.655070000000000050e+02 3.028115000000000236e+02 -3.655070000000000050e+02 3.063351000000000113e+02
5.250000000000000222e-01 -3.656030000000000086e+02 3.028239500000000248e+02 -3.656030000000000086e+02 3.064866500000000542e+02
5.500000000000000444e-01 -3.657019999999999982e+02 3.028383499999999913e+02 -3.657019999999999982e+02 3.066439500000000180e+02
5.749999999999999556e-01 -3.658070000000000164e+02 3.028548499999999990e+02 -3.658070000000000164e+02 3.068069499999999721e+02
5.999999999999999778e-01 -3.659150000000000205e+02 3.028736499999999978e+02 -3.659150000000000205e+02 3.069754499999999666e+02
6.250000000000000000e-01 -3.660280000000000200e+02 3.028939500000000180e+02 -3.660280000000000200e+02 3.071482500000000186e+02
6.500000000000000222e-01 -3.661449999999999818e+02 3.029178499999999872e+02 -3.661449999999999818e+02 3.073271500000000174e+02
6.750000000000000444e-01 -3.662660000000000196e+02 3.029437499999999659e+02 -3.662660000000000196e+02 3.075099500000000035e+02
6.999999999999999556e-01 -3.663910000000000196e+02 3.029727000000000317e+02 -3.663910000000000196e+02 3.076974000000000160e+02
7.249999999999999778e-01 -3.665190000000000055e+02 3.030029000000000110e+02 -3.665190000000000055e+02 3.078874000000000706e+02
7.500000000000000000e-01 -3.666510000000000105e+02 3.030375500000000102e+02 -3.666510000000000105e+02 3.080827500000000327e+02
7.750000000000000222e-01 -3.667869999999999777e+02 3.030739000000000374e+02 -3.667869999999999777e+02 3.082801000000000045e+02
8.000000000000000444e-01 -3.669250000000000114e+02 3.031131000000000313e+02 -3.669250000000000114e+02 3.084804000000000315e+02
8.249999999999999556e-01 -3.670670000000000073e+02 3.031523500000000126e+02 -3.670670000000000073e+02 3.086804500000000075e+02
8.499999999999999778e-01 -3.672110000000000127e+02 3.031988499999999931e+02 -3.672110000000000127e+02 3.088870499999999879e+02
8.750000000000000000e-01 -3.673589999999999804e+02 3.032467499999999632e+02 -3.673589999999999804e+02 3.090939500000000066e+02
9.000000000000000222e-01 -3.675079999999999814e+02 3.032973000000000070e+02 -3.675079999999999814e+02 3.093020000000000209e+02
9.250000000000000444e-01 -3.676589999999999918e+02 3.033516500000000065e+02 -3.676589999999999918e+02 3.095120499999999311e+02
9.499999999999999556e-01 -3.678129999999999882e+02 3.034069499999999948e+02 -3.678129999999999882e+02 3.097208500000000413e+02
9.749999999999999778e-01 -3.679669999999999845e+02 3.034664000000000215e+02 -3.679669999999999845e+02 3.099313000000000216e+02
1.000000000000000000e+00 -3.681229999999999905e+02 3.035272000000000503e+02 -3.681229999999999905e+02 3.101401999999999930e+02
1.024999999999999911e+00 -3.682799999999999727e+02 3.035914999999999964e+02 -3.682799999999999727e+02 3.103492999999999711e+02
1.050000000000000044e+00 -3.684370000000000118e+02 3.036573999999999955e+02 -3.684370000000000118e+02 3.105566000000000031e+02
1.074999999999999956e+00 -3.685950000000000273e+02 3.037251000000000545e+02 -3.685950000000000273e+02 3.107617999999999938e+02
1.100000000000000089e+00 -3.687529999999999859e+02 3.037957499999999982e+02 -3.687529999999999859e+02 3.109658500000000458e+02
1.125000000000000000e+00 -3.689100000000000250e+02 3.038674499999999625e+02 -3.689100000000000250e+02 3.111665500000000293e+02
1.149999999999999911e+00 -3.690659999999999741e+02 3.039403499999999667e+02 -3.690659999999999741e+02 3.113638499999999567e+02
1.175000000000000044e+00 -3.692219999999999800e+02 3.040156000000000063e+02 -3.692219999999999800e+02 3.115585000000000377e+02
1.199999999999999956e+00 -3.693750000000000000e+02 3.040912500000000023e+02 -3.693750000000000000e+02 3.117485499999999661e+02
1.225000000000000089e+00 -3.695269999999999868e+02 3.041674000000000433e+02 -3.695269999999999868e+02 3.119337999999999624e+02
1.250000000000000000e+00 -3.696770000000000209e+02 3.042452000000000112e+02 -3.696770000000000209e+02 3.121152000000000157e+02
1.274999999999999911e+00 -3.698240000000000123e+02 3.043226999999999975e+02 -3.698240000000000123e+02 3.122906000000000404e+02
1.300000000000000044e+00 -3.699680000000000177e+02 3.043999999999999773e+02 -3.699680000000000177e+02 3.124599999999999795e+02
1.324999999999999956e+00 -3.701089999999999804e+02 3.044781999999999584e+02 -3.701089999999999804e+02 3.126242000000000303e+02
1.350000000000000089e+00 -3.702459999999999809e+02 3.045552500000000009e+02 -3.702459999999999809e+02 3.127813499999999749e+02
1.375000000000000000e+00 -3.703790000000000191e+02 3.046312500000000227e+02 -3.703790000000000191e+02 3.129312499999999773e+02
1.399999999999999911e+00 -3.705079999999999814e+02 3.047072999999999752e+02 -3.705079999999999814e+02 3.130747999999999820e+02
1.425000000000000044e+00 -3.706320000000000050e+02 3.047813499999999749e+02 -3.706320000000000050e+02 3.132101499999999987e+02
1.449999999999999956e+00 -3.707509999999999764e+02 3.048533999999999651e+02 -3.707509999999999764e+02 3.133371999999999957e+02
1.475000000000000089e+00 -3.708650000000000091e+02 3.049245500000000106e+02 -3.708650000000000091e+02 3.134569500000000062e+02
1.500000000000000000e+00 -3.709730000000000132e+02 3.049927999999999884e+02 -3.709730000000000132e+02 3.135673000000000457e+02
1.524999999999999911e+00 -3.710749999999999886e+02 3.050610500000000229e+02 -3.710749999999999886e+02 3.136713500000000181e+02
1.550000000000000044e+00 -3.711700000000000159e+02 3.051263000000000147e+02 -3.711700000000000159e+02 3.137662000000000262e+02
1.574999999999999956e+00 -3.712599999999999909e+02 3.051865500000000111e+02 -3.712599999999999909e+02 3.138498500000000604e+02
1.600000000000000089e+00 -3.713430000000000177e+02 3.052447999999999979e+02 -3.713430000000000177e+02 3.139250999999999294e+02
1.625000000000000000e+00 -3.714180000000000064e+02 3.052979000000000269e+02 -3.714180000000000064e+02 3.139893999999999892e+02
1.649999999999999911e+00 -3.714870000000000232e+02 3.053479500000000257e+02 -3.714870000000000232e+02 3.140443500000000085e+02
1.675000000000000044e+00 -3.715489999999999782e+02 3.053947000000000003e+02 -3.715489999999999782e+02 3.140903999999999883e+02
1.699999999999999956e+00 -3.716039999999999850e+02 3.054372000000000185e+02 -3.716039999999999850e+02 3.141265000000000214e+02
1.725000000000000089e+00 -3.716510000000000105e+02 3.054743500000000154e+02 -3.716510000000000105e+02 3.141515499999999861e+02
1.750000000000000000e+00 -3.716909999999999741e+02 3.055080500000000256e+02 -3.716909999999999741e+02 3.141679500000000189e+02
1.774999999999999911e+00 -3.717239999999999895e+02 3.055372000000000412e+02 -3.717239999999999895e+02 3.141745000000000232e+02
1.800000000000000044e+00 -3.717490000000000236e+02 3.055617499999999609e+02 -3.717490000000000236e+02 3.141714499999999930e+02
1.824999999999999956e+00 -3.717669999999999959e+02 3.055805500000000166e+02 -3.717669999999999959e+02 3.141579499999999712e+02
1.850000000000000089e+00 -3.717769999999999868e+02 3.055955000000000155e+02 -3.717769999999999868e+02 3.141359999999999673e+02
1.875000000000000000e+00 -3.717810000000000059e+02 3.056064499999999953e+02 -3.717810000000000059e+02 3.141058500000000322e+02
1.899999999999999911e+00 -3.717780000000000200e+02 3.056123000000000047e+02 -3.717780000000000200e+02 3.140664999999999623e+02
1.925000000000000044e+00 -3.717679999999999723e+02 3.056139500000000453e+02 -3.717679999999999723e+02 3.140190499999999929e+02
1.949999999999999956e+00 -3.717509999999999764e+02 3.056102500000000077e+02 -3.717509999999999764e+02 3.139627500000000282e+02
1.975000000000000089e+00 -3.717280000000000086e+02 3.056030000000000086e+02 -3.717280000000000086e+02 3.138997999999999706e+02
2.000000000000000000e+00 -3.716990000000000123e+02 3.055901499999999942e+02 -3.716990000000000123e+02 3.138281499999999937e+02
2.024999999999999911e+00 -3.716650000000000205e+02 3.055745000000000005e+02 -3.716650000000000205e+02 3.137510000000000332e+02
2.049999999999999822e+00 -3.716259999999999764e+02 3.055529000000000224e+02 -3.716259999999999764e+02 3.136657000000000153e+02
2.075000000000000178e+00 -3.715810000000000173e+02 3.055292499999999905e+02 -3.715810000000000173e+02 3.135760500000000093e+02
2.100000000000000089e+00 -3.715319999999999823e+02 3.055004000000000133e+02 -3.715319999999999823e+02 3.134794999999999732e+02
2.125000000000000000e+00 -3.714789999999999850e+02 3.054691500000000133e+02 -3.714789999999999850e+02 3.133790500000000065e+02
2.149999999999999911e+00 -3.714230000000000018e+02 3.054343499999999949e+02 -3.714230000000000018e+02 3.132738500000000386e+02
2.174999999999999822e+00 -3.713629999999999995e+02 3.053969000000000165e+02 -3.713629999999999995e+02 3.131651000000000522e+02
2.200000000000000178e+00 -3.713020000000000209e+02 3.053566500000000019e+02 -3.713020000000000209e+02 3.130529500000000098e+02
2.225000000000000089e+00 -3.712379999999999995e+02 3.053154000000000110e+02 -3.712379999999999995e+02 3.129394999999999527e+02
2.250000000000000000e+00 -3.711730000000000018e+02 3.052710500000000025e+02 -3.711730000000000018e+02 3.128229499999999916e+02
2.274999999999999911e+00 -3.711080000000000041e+02 3.052264000000000124e+02 -3.711080000000000041e+02 3.127065000000000055e+02
2.299999999999999822e+00 -3.710419999999999732e+02 3.051803499999999758e+02 -3.710419999999999732e+02 3.125891499999999610e+02
2.325000000000000178e+00 -3.709769999999999754e+02 3.051347499999999968e+02 -3.709769999999999754e+02 3.124731499999999755e+02
2.350000000000000089e+00 -3.709139999999999873e+02 3.050884499999999662e+02 -3.709139999999999873e+02 3.123576500000000351e+02
2.375000000000000000e+00 -3.708530000000000086e+02 3.050433500000000322e+02 -3.708530000000000086e+02 3.122447499999999536e+02
2.399999999999999911e+00 -3.707950000000000159e+02 3.049992999999999483e+02 -3.707950000000000159e+02 3.121345000000000027e+02
2.424999999999999822e+00 -3.707400000000000091e+02 3.049571500000000128e+02 -3.707400000000000091e+02 3.120281499999999824e+02
2.450000000000000178e+00 -3.706890000000000214e+02 3.049167999999999665e+02 -3.706890000000000214e+02 3.119257000000000062e+02
2.475000000000000089e+00 -3.706440000000000055e+02 3.048792000000000257e+02 -3.706440000000000055e+02 3.118283999999999878e+02
2.500000000000000000e+00 -3.706039999999999850e+02 3.048440999999999690e+02 -3.706039999999999850e+02 3.117362999999999715e+02
2.524999999999999911e+00 -3.705699999999999932e+02 3.048145499999999970e+02 -3.705699999999999932e+02 3.116524500000000444e+02
2.549999999999999822e+00 -3.705439999999999827e+02 3.047883499999999799e+02 -3.705439999999999827e+02 3.115750500000000329e+02
2.575000000000000178e+00 -3.705249999999999773e+02 3.047674499999999966e+02 -3.705249999999999773e+02 3.115060499999999593e+02
2.600000000000000089e+00 -3.705149999999999864e+02 3.047517499999999586e+02 -3.705149999999999864e+02 3.114457499999999754e+02
2.625000000000000000e+00 -3.705140000000000100e+02 3.047422000000000253e+02 -3.705140000000000100e+02 3.113949999999999818e+02
2.649999999999999911e+00 -3.705230000000000246e+02 3.047386999999999944e+02 -3.705230000000000246e+02 3.113540000000000418e+02
2.674999999999999822e+00 -3.705430000000000064e+02 3.047432000000000016e+02 -3.705430000000000064e+02 3.113248000000000388e+02
2.700000000000000178e+00 -3.705729999999999791e+02 3.047546500000000265e+02 -3.705729999999999791e+02 3.113063500000000090e+02
2.725000000000000089e+00 -3.706150000000000091e+02 3.047750000000000341e+02 -3.706150000000000091e+02 3.113007999999999811e+02
2.750000000000000000e+00 -3.706689999999999827e+02 3.048032499999999914e+02 -3.706689999999999827e+02 3.113072499999999536e+02
2.774999999999999911e+00 -3.707359999999999900e+02 3.048402999999999565e+02 -3.707359999999999900e+02 3.113265999999999849e+02
2.799999999999999822e+00 -3.708159999999999741e+02 3.048871499999999628e+02 -3.708159999999999741e+02 3.113598499999999945e+02
2.825000000000000178e+00 -3.709089999999999918e+02 3.049438499999999976e+02 -3.709089999999999918e+02 3.114071499999999446e+02
2.850000000000000089e+00 -3.710160000000000196e+02 3.050103000000000293e+02 -3.710160000000000196e+02 3.114684000000000310e+02
2.875000000000000000e+00 -3.711379999999999768e+02 3.050875500000000216e+02 -3.711379999999999768e+02 3.115447499999999650e+02
2.899999999999999911e+00 -3.712730000000000246e+02 3.051756500000000187e+02 -3.712730000000000246e+02 3.116359499999999798e+02
2.924999999999999822e+00 -3.714230000000000018e+02 3.052745499999999765e+02 -3.714230000000000018e+02 3.117420500000000061e+02
2.950000000000000178e+00 -3.715880000000000223e+02 3.053842999999999961e+02 -3.715880000000000223e+02 3.118632000000000062e+02
2.975000000000000089e+00 -3.717669999999999959e+02 3.055049000000000206e+02 -3.717669999999999959e+02 3.119991999999999734e+02
3.000000000000000000e+00 -3.719619999999999891e+02 3.056394500000000107e+02 -3.719619999999999891e+02 3.121530500000000643e+02
3.024999999999999911e+00 -3.721700000000000159e+02 3.057829500000000280e+02 -3.721700000000000159e+02 3.123197499999999991e+02
3.049999999999999822e+00 -3.723940000000000055e+02 3.059384999999999764e+02 -3.723940000000000055e+02 3.125022000000000162e+02
3.075000000000000178e+00 -3.726309999999999718e+02 3.061041000000000167e+02 -3.726309999999999718e+02 3.126982999999999606e+02
3.100000000000000089e+00 -3.728829999999999814e+02 3.062818500000000199e+02 -3.728829999999999814e+02 3.129100499999999556e+02
3.125000000000000000e+00 -3.731480000000000246e+02 3.064707999999999970e+02 -3.731480000000000246e+02 3.131363999999999805e+02
3.149999999999999911e+00 -3.734259999999999877e+02 3.066690999999999576e+02 -3.734259999999999877e+02 3.133751000000000317e+02
3.174999999999999822e+00 -3.737139999999999986e+02 3.068787500000000250e+02 -3.737139999999999986e+02 3.136282500000000368e+02
3.200000000000000178e+00 -3.740199999999999818e+02 3.070979000000000383e+02 -3.740199999999999818e+02 3.138937000000000239e+02
3.225000000000000089e+00 -3.743349999999999795e+02 3.073276999999999930e+02 -3.743349999999999795e+02 3.141721999999999753e+02
3.250000000000000000e+00 -3.746589999999999918e+02 3.075650499999999852e+02 -3.746589999999999918e+02 3.144609500000000253e+02
3.274999999999999911e+00 -3.749940000000000282e+02 3.078111999999999853e+02 -3.749940000000000282e+02 3.147606000000000108e+02
3.299999999999999822e+00 -3.753369999999999891e+02 3.080651999999999475e+02 -3.753369999999999891e+02 3.150701999999999998e+02
3.325000000000000178e+00 -3.756870000000000118e+02 3.083272000000000048e+02 -3.756870000000000118e+02 3.153896000000000299e+02
3.350000000000000089e+00 -3.760439999999999827e+02 3.085943000000000325e+02 -3.760439999999999827e+02 3.157155999999999949e+02
3.375000000000000000e+00 -3.764069999999999823e+02 3.088666000000000054e+02 -3.764069999999999823e+02 3.160481000000000336e+02
3.399999999999999911e+00 -3.767730000000000246e+02 3.091442499999999995e+02 -3.767730000000000246e+02 3.163870500000000447e+02
3.424999999999999822e+00 -3.771419999999999959e+02 3.094242500000000291e+02 -3.771419999999999959e+02 3.167294499999999857e+02
3.450000000000000178e+00 -3.775120000000000005e+02 3.097069400000000314e+02 -3.775120000000000005e+02 3.170748600000000010e+02
3.475000000000000089e+00 -3.778820000000000050e+02 3.099901849999999968e+02 -3.778820000000000050e+02 3.174214150000000245e+02
3.500000000000000000e+00 -3.782490000000000236e+02 3.102743750000000205e+02 -3.782490000000000236e+02 3.177688249999999925e+02
3.524999999999999911e+00 -3.786129999999999995e+02 3.105573399999999538e+02 -3.786129999999999995e+02 3.181151600000000030e+02
3.549999999999999822e+00 -3.789719999999999800e+02 3.108374900000000025e+02 -3.789719999999999800e+02 3.184580100000000016e+02
3.575000000000000178e+00 -3.793229999999999791e+02 3.111137250000000449e+02 -3.793229999999999791e+02 3.187965750000000185e+02
3.600000000000000089e+00 -3.796650000000000205e+02 3.113842300000000023e+02 -3.796650000000000205e+02 3.191285700000000247e+02
3.625000000000000000e+00 -3.799950000000000045e+02 3.116481200000000058e+02 -3.799950000000000045e+02 3.194529799999999682e+02
3.649999999999999911e+00 -3.803129999999999882e+02 3.119035150000000272e+02 -3.803129999999999882e+02 3.197674849999999651e+02
3.674999999999999822e+00 -3.806150000000000091e+02 3.121485200000000191e+02 -3.806150000000000091e+02 3.200701799999999935e+02
3.700000000000000178e+00 -3.808999999999999773e+02 3.123812399999999911e+02 -3.808999999999999773e+02 3.203588600000000497e+02
3.725000000000000089e+00 -3.811650000000000205e+02 3.126007849999999735e+02 -3.811650000000000205e+02 3.206324149999999804e+02
3.750000000000000000e+00 -3.814080000000000155e+02 3.128042599999999993e+02 -3.814080000000000155e+02 3.208877399999999511e+02
3.774999999999999911e+00 -3.816259999999999764e+02 3.129907450000000040e+02 -3.816259999999999764e+02 3.211238550000000487e+02
3.799999999999999822e+00 -3.818190000000000168e+02 3.131583499999999844e+02 -3.818190000000000168e+02 3.213384499999999662e+02
3.825000000000000178e+00 -3.819820000000000277e+02 3.133051550000000134e+02 -3.819820000000000277e+02 3.215296449999999595e+02
3.850000000000000089e+00 -3.821139999999999759e+02 3.134291799999999739e+02 -3.821139999999999759e+02 3.216953200000000379e+02
3.875000000000000000e+00 -3.822130000000000223e+02 3.135276450000000068e+02 -3.822130000000000223e+02 3.218322550000000319e+02
3.899999999999999911e+00 -3.822749999999999773e+02 3.135995500000000220e+02 -3.822749999999999773e+02 3.219394500000000221e+02
3.924999999999999822e+00 -3.822989999999999782e+02 3.136429699999999912e+02 -3.822989999999999782e+02 3.220148300000000177e+02
3.950000000000000178e+00 -3.822819999999999823e+02 3.136549650000000042e+02 -3.822819999999999823e+02 3.220553350000000137e+02
3.975000000000000089e+00 -3.822219999999999800e+02 3.136346049999999650e+02 -3.822219999999999800e+02 3.220598949999999832e+02
4.000000000000000000e+00 -3.821159999999999854e+02 3.135789349999999445e+02 -3.821159999999999854e+02 3.220254649999999970e+02
4.025000000000000355e+00 -3.819619999999999891e+02 3.134860099999999647e+02 -3.819619999999999891e+02 3.219499899999999570e+02
4.049999999999999822e+00 -3.817579999999999814e+02 3.133548749999999927e+02 -3.817579999999999814e+02 3.218324250000000575e+02
4.075000000000000178e+00 -3.815000000000000000e+02 3.131825599999999667e+02 -3.815000000000000000e+02 3.216697399999999902e+02
4.099999999999999645e+00 -3.811879999999999882e+02 3.129671050000000037e+02 -3.811879999999999882e+02 3.214598950000000173e+02
4.125000000000000000e+00 -3.808179999999999836e+02 3.127065349999999739e+02 -3.808179999999999836e+02 3.212008650000000216e+02
4.150000000000000355e+00 -3.803879999999999768e+02 3.123988699999999881e+02 -3.803879999999999768e+02 3.208906300000000442e+02
4.174999999999999822e+00 -3.798960000000000150e+02 3.120421299999999860e+02 -3.798960000000000150e+02 3.205271699999999555e+02
4.200000000000000178e+00 -3.793410000000000082e+02 3.116353199999999788e+02 -3.793410000000000082e+02 3.201094799999999623e+02
4.224999999999999645e+00 -3.787189999999999941e+02 3.111754449999999679e+02 -3.787189999999999941e+02 3.196345549999999776e+02
4.250000000000000000e+00 -3.780289999999999964e+02 3.106605000000000132e+02 -3.780289999999999964e+02 3.191004000000000360e+02
4.275000000000000355e+00 -3.772690000000000055e+02 3.100894900000000121e+02 -3.772690000000000055e+02 3.185060100000000034e+02
4.299999999999999822e+00 -3.764379999999999882e+02 3.094603900000000181e+02 -3.764379999999999882e+02 3.178495099999999525e+02
4.325000000000000178e+00 -3.755319999999999823e+02 3.087721900000000232e+02 -3.755319999999999823e+02 3.171297099999999887e+02
4.349999999999999645e+00 -3.745520000000000209e+02 3.080218649999999911e+02 -3.745520000000000209e+02 3.163437349999999810e+02
4.375000000000000000e+00 -3.734940000000000282e+02 3.072083850000000211e+02 -3.734940000000000282e+02 3.154907150000000229e+02
4.400000000000000355e+00 -3.723609999999999900e+02 3.063317200000000184e+02 -3.723609999999999900e+02 3.145704800000000319e+02
4.424999999999999822e+00 -3.711460000000000150e+02 3.053878300000000081e+02 -3.711460000000000150e+02 3.135792699999999513e+02
4.450000000000000178e+00 -3.698500000000000227e+02 3.043776749999999538e+02 -3.698500000000000227e+02 3.125180250000000228e+02
4.474999999999999645e+00 -3.684680000000000177e+02 3.032992049999999722e+02 -3.684680000000000177e+02 3.113847949999999969e+02
4.500000000000000000e+00 -3.670090000000000146e+02 3.021513649999999984e+02 -3.670090000000000146e+02 3.101787350000000174e+02
4.525000000000000355e+00 -3.654639999999999986e+02 3.009320999999999913e+02 -3.654639999999999986e+02 3.088978000000000179e+02
4.549999999999999822e+00 -3.638330000000000268e+02 2.996413550000000328e+02 -3.638330000000000268e+02 3.075420449999999732e+02
4.575000000000000178e+00 -3.621159999999999854e+02 2.982790549999999712e+02 -3.621159999999999854e+02 3.061115449999999782e+02
4.599999999999999645e+00 -3.603140000000000214e+02 2.968431399999999485e+02 -3.603140000000000214e+02 3.046044600000000173e+02
4.625000000000000000e+00 -3.584259999999999877e+02 2.953325300000000198e+02 -3.584259999999999877e+02 3.030197699999999941e+02
4.650000000000000355e+00 -3.564499999999999886e+02 2.937481499999999528e+02 -3.564499999999999886e+02 3.013586500000000115e+02
4.674999999999999822e+00 -3.543879999999999768e+02 2.920889249999999606e+02 -3.543879999999999768e+02 2.996201750000000175e+02
4.700000000000000178e+00 -3.522389999999999759e+02 2.903547649999999862e+02 -3.522389999999999759e+02 2.978043349999999805e+02
4.724999999999999645e+00 -3.500040000000000191e+02 2.885445850000000405e+02 -3.500040000000000191e+02 2.959103150000000255e+02
4.750000000000000000e+00 -3.476820000000000164e+02 2.866592999999999734e+02 -3.476820000000000164e+02 2.939390999999999963e+02
4.775000000000000355e+00 -3.452740000000000009e+02 2.846988150000000246e+02 -3.452740000000000009e+02 2.918908849999999688e+02
4.799999999999999822e+00 -3.427810000000000059e+02 2.826630349999999794e+02 -3.427810000000000059e+02 2.897657649999999876e+02
4.825000000000000178e+00 -3.402019999999999982e+02 2.805518599999999765e+02 -3.402019999999999982e+02 2.875638400000000274e+02
4.849999999999999645e+00 -3.375409999999999968e+02 2.783661999999999921e+02 -3.375409999999999968e+02 2.852861999999999512e+02
4.875000000000000000e+00 -3.347959999999999923e+02 2.761069499999999834e+02 -3.347959999999999923e+02 2.829340500000000134e+02
4.900000000000000355e+00 -3.319700000000000273e+02 2.737740049999999883e+02 -3.319700000000000273e+02 2.805072949999999992e+02
4.924999999999999822e+00 -3.290640000000000214e+02 2.713682650000000081e+02 -3.290640000000000214e+02 2.780071350000000621e+02
4.950000000000000178e+00 -3.260779999999999745e+02 2.688916200000000458e+02 -3.260779999999999745e+02 2.754357800000000225e+02
4.974999999999999645e+00 -3.230149999999999864e+02 2.663439750000000004e+02 -3.230149999999999864e+02 2.727932250000000067e+02
5.000000000000000000e+00 -3.198759999999999764e+02 2.637262099999999805e+02 -3.198759999999999764e+02 2.700805899999999724e+02
5.025000000000000355e+00 -3.166619999999999777e+02 2.610412350000000288e+02 -3.166619999999999777e+02 2.673010649999999941e+02
5.049999999999999822e+00 -3.133770000000000095e+02 2.582889299999999935e+02 -3.133770000000000095e+02 2.644546700000000214e+02
5.075000000000000178e+00 -3.100210000000000150e+02 2.554711949999999945e+02 -3.100210000000000150e+02 2.615436050000000137e+02
5.099999999999999645e+00 -3.065969999999999800e+02 2.525909199999999828e+02 -3.065969999999999800e+02 2.585709799999999632e+02
5.125000000000000000e+00 -3.031070000000000277e+02 2.496480049999999835e+02 -3.031070000000000277e+02 2.555367949999999837e+02
5.150000000000000355e+00 -2.995529999999999973e+02 2.466453449999999918e+02 -2.995529999999999973e+02 2.524443550000000016e+02
5.174999999999999822e+00 -2.959390000000000214e+02 2.435858350000000030e+02 -2.959390000000000214e+02 2.492965650000000153e+02
5.200000000000000178e+00 -2.922649999999999864e+02 2.404693800000000010e+02 -2.922649999999999864e+02 2.460937199999999905e+02
5.224999999999999645e+00 -2.885350000000000250e+02 2.372998750000000143e+02 -2.885350000000000250e+02 2.428397250000000156e+02
5.250000000000000000e+00 -2.847520000000000095e+02 2.340792299999999955e+02 -2.847520000000000095e+02 2.395368699999999649e+02
5.275000000000000355e+00 -2.809189999999999827e+02 2.308093449999999791e+02 -2.809189999999999827e+02 2.361872549999999933e+02
5.299999999999999822e+00 -2.770369999999999777e+02 2.274931349999999952e+02 -2.770369999999999777e+02 2.327937650000000076e+02
5.325000000000000178e+00 -2.731109999999999900e+02 2.241335100000000011e+02 -2.731109999999999900e+02 2.293596899999999721e+02
5.349999999999999645e+00 -2.691419999999999959e+02 2.207323850000000220e+02 -2.691419999999999959e+02 2.258871149999999943e+02
5.375000000000000000e+00 -2.651349999999999909e+02 2.172926799999999901e+02 -2.651349999999999909e+02 2.223790200000000254e+02
5.400000000000000355e+00 -2.610919999999999845e+02 2.138183250000000157e+02 -2.610919999999999845e+02 2.188395749999999964e+02
5.424999999999999822e+00 -2.570149999999999864e+02 2.103102399999999932e+02 -2.570149999999999864e+02 2.152698599999999942e+02
5.450000000000000178e+00 -2.529089999999999918e+02 2.067733599999999967e+02 -2.529089999999999918e+02 2.116749399999999923e+02
5.474999999999999645e+00 -2.487769999999999868e+02 2.032086299999999994e+02 -2.487769999999999868e+02 2.080558699999999703e+02
5.500000000000000000e+00 -2.446210000000000093e+02 1.996209800000000030e+02 -2.446210000000000093e+02 2.044177199999999743e+02
5.525000000000000355e+00 -2.404449999999999932e+02 1.960123700000000042e+02 -2.404449999999999932e+02 2.007625299999999982e+02
5.549999999999999822e+00 -2.362510000000000048e+02 1.923847450000000094e+02 -2.362510000000000048e+02 1.970923549999999977e+02
5.575000000000000178e+00 -2.320440000000000111e+02 1.887430650000000014e+02 -2.320440000000000111e+02 1.934123350000000130e+02
5.599999999999999645e+00 -2.278259999999999934e+02 1.850902949999999976e+02 -2.278259999999999934e+02 1.897254049999999950e+02
5.625000000000000000e+00 -2.236009999999999991e+02 1.814284100000000137e+02 -2.236009999999999991e+02 1.860336900000000071e+02
5.650000000000000355e+00 -2.193710000000000093e+02 1.777603750000000105e+02 -2.193710000000000093e+02 1.823401250000000005e+02
5.674999999999999822e+00 -2.151399999999999864e+02 1.740911849999999959e+02 -2.151399999999999864e+02 1.786498149999999896e+02
5.700000000000000178e+00 -2.109110000000000014e+02 1.704218199999999968e+02 -2.109110000000000014e+02 1.749636800000000108e+02
5.724999999999999645e+00 -2.066870000000000118e+02 1.667562799999999754e+02 -2.066870000000000118e+02 1.712859200000000044e+02
5.750000000000000000e+00 -2.024710000000000036e+02 1.630975549999999998e+02 -2.024710000000000036e+02 1.676193450000000098e+02
5.775000000000000355e+00 -1.982649999999999864e+02 1.594486550000000022e+02 -1.982649999999999864e+02 1.639670450000000130e+02
5.799999999999999822e+00 -1.940740000000000123e+02 1.558116200000000049e+02 -1.940740000000000123e+02 1.603310800000000143e+02
5.825000000000000178e+00 -1.898990000000000009e+02 1.521904199999999889e+02 -1.898990000000000009e+02 1.567152799999999786e+02
5.849999999999999645e+00 -1.857439999999999998e+02 1.485871050000000082e+02 -1.857439999999999998e+02 1.531217949999999917e+02
5.875000000000000000e+00 -1.816109999999999900e+02 1.450046949999999981e+02 -1.816109999999999900e+02 1.495535049999999728e+02
5.900000000000000355e+00 -1.775029999999999859e+02 1.414462300000000141e+02 -1.775029999999999859e+02 1.460133700000000090e+02
5.924999999999999822e+00 -1.734219999999999970e+02 1.379137550000000090e+02 -1.734219999999999970e+02 1.425034449999999993e+02
5.950000000000000178e+00 -1.693710000000000093e+02 1.344102999999999781e+02 -1.693710000000000093e+02 1.390265999999999735e+02
5.974999999999999645e+00 -1.653530000000000086e+02 1.309379299999999944e+02 -1.653530000000000086e+02 1.355847699999999918e+02
6.000000000000000000e+00 -1.613700000000000045e+02 1.274986899999999963e+02 -1.613700000000000045e+02 1.321800100000000100e+02
6.025000000000000355e+00 -1.574230000000000018e+02 1.240946399999999983e+02 -1.574230000000000018e+02 1.288142599999999902e+02
6.049999999999999822e+00 -1.535159999999999911e+02 1.207298449999999974e+02 -1.535159999999999911e+02 1.254914550000000162e+02
6.075000000000000178e+00 -1.496500000000000057e+02 1.174033650000000080e+02 -1.496500000000000057e+02 1.222104350000000039e+02
6.099999999999999645e+00 -1.458280000000000030e+02 1.141202800000000082e+02 -1.458280000000000030e+02 1.189762199999999979e+02
6.125000000000000000e+00 -1.420500000000000114e+02 1.108796650000000028e+02 -1.420500000000000114e+02 1.157876349999999945e+02
6.150000000000000355e+00 -1.383199999999999932e+02 1.076855750000000000e+02 -1.383199999999999932e+02 1.126488250000000022e+02
6.174999999999999822e+00 -1.346380000000000052e+02 1.045381000000000000e+02 -1.346380000000000052e+02 1.095594999999999999e+02
6.200000000000000178e+00 -1.310060000000000002e+02 1.014388199999999927e+02 -1.310060000000000002e+02 1.065212800000000044e+02
6.224999999999999645e+00 -1.274260000000000019e+02 9.838992000000000360e+01 -1.274260000000000019e+02 1.035359799999999950e+02
6.250000000000000000e+00 -1.238990000000000009e+02 9.539218500000001200e+01 -1.238990000000000009e+02 1.006044150000000030e+02
6.275000000000000355e+00 -1.204270000000000067e+02 9.244699500000000114e+01 -1.204270000000000067e+02 9.772770500000000027e+01
6.299999999999999822e+00 -1.170100000000000051e+02 8.955533499999999947e+01 -1.170100000000000051e+02 9.490656500000000051e+01
6.325000000000000178e+00 -1.136490000000000009e+02 8.671819500000000858e+01 -1.136490000000000009e+02 9.214200499999999749e+01
6.349999999999999645e+00 -1.103469999999999942e+02 8.393636499999999501e+01 -1.103469999999999942e+02 8.943453499999999678e+01
6.375000000000000000e+00 -1.071020000000000039e+02 8.121062499999999318e+01 -1.071020000000000039e+02 8.678477500000001044e+01
6.400000000000000355e+00 -1.039170000000000016e+02 7.854166499999999473e+01 -1.039170000000000016e+02 8.419333500000000470e+01
6.424999999999999822e+00 -1.007920000000000016e+02 7.592986999999999398e+01 -1.007920000000000016e+02 8.166033000000001607e+01
6.450000000000000178e+00 -9.772750000000000625e+01 7.337582999999999345e+01 -9.772750000000000625e+01 7.918617000000000417e+01
6.474999999999999645e+00 -9.472379999999999711e+01 7.087982500000001096e+01 -9.472379999999999711e+01 7.677097499999999286e+01
6.500000000000000000e+00 -9.178159999999999741e+01 6.844204000000000576e+01 -9.178159999999999741e+01 7.441476000000000113e+01
6.525000000000000355e+00 -8.890099999999999625e+01 6.606255500000000325e+01 -8.890099999999999625e+01 7.211754499999999268e+01
6.549999999999999822e+00 -8.608240000000000691e+01 6.374165499999999440e+01 -8.608240000000000691e+01 6.987944500000000403e+01
6.575000000000000178e+00 -8.332580000000000098e+01 6.147901000000000238e+01 -8.332580000000000098e+01 6.769979000000000724e+01
6.599999999999999645e+00 -8.063129999999999598e+01 5.927459999999999951e+01 -8.063129999999999598e+01 6.557860000000000866e+01
6.625000000000000000e+00 -7.799899999999999523e+01 5.712830000000000297e+01 -7.799899999999999523e+01 6.351559999999999917e+01
6.650000000000000355e+00 -7.542860000000000298e+01 5.503978000000000037e+01 -7.542860000000000298e+01 6.151022000000000389e+01
6.674999999999999822e+00 -7.291989999999999839e+01 5.300851000000000113e+01 -7.291989999999999839e+01 5.956179000000000201e+01
6.700000000000000178e+00 -7.047289999999999566e+01 5.103455999999999904e+01 -7.047289999999999566e+01 5.767033999999999594e+01
6.724999999999999645e+00 -6.808700000000000330e+01 4.911678500000000014e+01 -6.808700000000000330e+01 5.583451500000000323e+01
6.750000000000000000e+00 -6.576200000000000045e+01 4.725485000000000468e+01 -6.576200000000000045e+01 5.405395000000000039e+01
6.775000000000000355e+00 -6.349739999999999895e+01 4.544811500000000137e+01 -6.349739999999999895e+01 5.232778499999999156e+01
6.799999999999999822e+00 -6.129260000000000019e+01 4.369603500000000196e+01 -6.129260000000000019e+01 5.065536500000000331e+01
6.825000000000000178e+00 -5.914710000000000178e+01 4.199775999999999954e+01 -5.914710000000000178e+01 4.903584000000000032e+01
6.849999999999999645e+00 -5.706040000000000134e+01 4.035264000000000095e+01 -5.706040000000000134e+01 4.746836000000000411e+01
6.875000000000000000e+00 -5.503159999999999741e+01 3.875962499999999977e+01 -5.503159999999999741e+01 4.595187499999999403e+01
6.900000000000000355e+00 -5.306020000000000181e+01 3.721805499999999967e+01 -5.306020000000000181e+01 4.448554500000000189e+01
6.924999999999999822e+00 -5.114540000000000219e+01 3.572696499999999986e+01 -5.114540000000000219e+01 4.306843500000000091e+01
6.950000000000000178e+00 -4.928629999999999711e+01 3.428550500000000056e+01 -4.928629999999999711e+01 4.169949499999999887e+01
6.974999999999999645e+00 -4.748210000000000264e+01 3.289249499999999671e+01 -4.748210000000000264e+01 4.037760500000000263e+01
7.000000000000000000e+00 -4.573199999999999932e+01 3.154718000000000089e+01 -4.573199999999999932e+01 3.910181999999999647e+01
7.025000000000000355e+00 -4.403509999999999991e+01 3.024847499999999911e+01 -4.403509999999999991e+01 3.787102500000000305e+01
7.049999999999999822e+00 -4.239039999999999964e+01 2.899532000000000309e+01 -4.239039999999999964e+01 3.668417999999999779e+01
7.075000000000000178e+00 -4.079699999999999704e+01 2.778672499999999701e+01 -4.079699999999999704e+01 3.554017499999999785e+01
7.099999999999999645e+00 -3.925399999999999778e+01 2.662152000000000029e+01 -3.925399999999999778e+01 3.443787999999999982e+01
7.125000000000000000e+00 -3.776019999999999754e+01 2.549891500000000022e+01 -3.776019999999999754e+01 3.337638499999999908e+01
7.150000000000000355e+00 -3.631479999999999819e+01 2.441753500000000088e+01 -3.631479999999999819e+01 3.235426499999999805e+01
7.174999999999999822e+00 -3.491669999999999874e+01 2.337638000000000105e+01 -3.491669999999999874e+01 3.137062000000000239e+01
7.200000000000000178e+00 -3.356490000000000151e+01 2.237446999999999875e+01 -3.356490000000000151e+01 3.042433000000000121e+01
7.224999999999999645e+00 -3.225829999999999842e+01 2.141071500000000327e+01 -3.225829999999999842e+01 2.951438499999999721e+01
7.250000000000000000e+00 -3.099579999999999913e+01 2.048391000000000162e+01 -3.099579999999999913e+01 2.863949000000000211e+01
7.275000000000000355e+00 -2.977649999999999864e+01 1.959306500000000284e+01 -2.977649999999999864e+01 2.779863499999999732e+01
7.299999999999999822e+00 -2.859929999999999950e+01 1.873718000000000217e+01 -2.859929999999999950e+01 2.699081999999999937e+01
7.325000000000000178e+00 -2.746310000000000073e+01 1.791505499999999884e+01 -2.746310000000000073e+01 2.621494500000000016e+01
7.349999999999999645e+00 -2.636680000000000135e+01 1.712578999999999851e+01 -2.636680000000000135e+01 2.547001000000000204e+01
7.375000000000000000e+00 -2.530949999999999989e+01 1.636827999999999861e+01 -2.530949999999999989e+01 2.475491999999999848e+01
7.400000000000000355e+00 -2.428999999999999915e+01 1.564141500000000029e+01 -2.428999999999999915e+01 2.406868500000000211e+01
7.424999999999999822e+00 -2.330740000000000123e+01 1.494439999999999991e+01 -2.330740000000000123e+01 2.341029999999999944e+01
7.450000000000000178e+00 -2.236049999999999827e+01 1.427601500000000101e+01 -2.236049999999999827e+01 2.277878499999999917e+01
7.474999999999999645e+00 -2.144839999999999947e+01 1.363545000000000051e+01 -2.144839999999999947e+01 2.217334999999999923e+01
7.500000000000000000e+00 -2.057010000000000005e+01 1.302170499999999898e+01 -2.057010000000000005e+01 2.159279500000000240e+01
7.525000000000000355e+00 -1.972449999999999903e+01 1.243375499999999967e+01 -1.972449999999999903e+01 2.103624500000000097e+01
7.549999999999999822e+00 -1.891069999999999851e+01 1.187069499999999955e+01 -1.891069999999999851e+01 2.050290499999999838e+01
7.575000000000000178e+00 -1.812770000000000081e+01 1.133170999999999928e+01 -1.812770000000000081e+01 1.999188999999999794e+01
7.599999999999999645e+00 -1.737450000000000117e+01 1.081598499999999952e+01 -1.737450000000000117e+01 1.950241499999999917e+01
7.625000000000000000e+00 -1.665030000000000143e+01 1.032244000000000028e+01 -1.665030000000000143e+01 1.903343999999999880e+01
7.650000000000000355e+00 -1.595400000000000063e+01 9.850384999999999280e+00 -1.595400000000000063e+01 1.858431500000000369e+01
7.674999999999999822e+00 -1.528470000000000084e+01 9.398965000000000458e+00 -1.528470000000000084e+01 1.815429499999999763e+01
7.700000000000000178e+00 -1.464160000000000039e+01 8.967374999999998764e+00 -1.464160000000000039e+01 1.774242499999999723e+01
7.724999999999999645e+00 -1.402379999999999960e+01 8.554859999999999687e+00 -1.402379999999999960e+01 1.734808000000000305e+01
7.750000000000000000e+00 -1.343050000000000033e+01 8.160645000000000593e+00 -1.343050000000000033e+01 1.697063500000000147e+01
7.775000000000000355e+00 -1.286069999999999958e+01 7.784010000000000318e+00 -1.286069999999999958e+01 1.660923000000000016e+01
7.799999999999999822e+00 -1.231380000000000052e+01 7.424250000000000682e+00 -1.231380000000000052e+01 1.626328000000000173e+01
7.825000000000000178e+00 -1.178880000000000017e+01 7.080675000000000274e+00 -1.178880000000000017e+01 1.593211499999999958e+01
7.849999999999999645e+00 -1.128500000000000014e+01 6.752609999999999779e+00 -1.128500000000000014e+01 1.561511000000000138e+01
7.875000000000000000e+00 -1.080170000000000030e+01 6.439420000000000144e+00 -1.080170000000000030e+01 1.531165999999999983e+01
7.900000000000000355e+00 -1.033810000000000073e+01 6.140474499999999836e+00 -1.033810000000000073e+01 1.502117550000000001e+01
7.924999999999999822e+00 -9.893480000000000274e+00 5.855178500000000064e+00 -9.893480000000000274e+00 1.474310150000000164e+01
7.950000000000000178e+00 -9.467140000000000555e+00 5.582959999999999923e+00 -9.467140000000000555e+00 1.447689000000000092e+01
7.974999999999999645e+00 -9.058419999999999916e+00 5.323239500000000568e+00 -9.058419999999999916e+00 1.422202049999999929e+01
8.000000000000000000e+00 -8.666650000000000631e+00 5.075486500000000234e+00 -8.666650000000000631e+00 1.397798350000000056e+01
8.025000000000000355e+00 -8.291169999999999263e+00 4.839171999999999585e+00 -8.291169999999999263e+00 1.374429800000000057e+01
8.050000000000000711e+00 -7.931390000000000384e+00 4.613806499999999922e+00 -7.931390000000000384e+00 1.352051349999999985e+01
8.074999999999999289e+00 -7.586710000000000065e+00 4.398901000000000394e+00 -7.586710000000000065e+00 1.330616900000000058e+01
8.099999999999999645e+00 -7.256520000000000081e+00 4.193986999999999910e+00 -7.256520000000000081e+00 1.310083299999999973e+01
8.125000000000000000e+00 -6.940269999999999939e+00 3.998635499999999787e+00 -6.940269999999999939e+00 1.290410449999999898e+01
8.150000000000000355e+00 -6.637400000000000411e+00 3.812388000000000332e+00 -6.637400000000000411e+00 1.271558200000000127e+01
8.175000000000000711e+00 -6.347400000000000375e+00 3.634866500000000222e+00 -6.347400000000000375e+00 1.253491350000000004e+01
8.199999999999999289e+00 -6.069749999999999979e+00 3.465644000000000169e+00 -6.069749999999999979e+00 1.236169600000000024e+01
8.224999999999999645e+00 -5.803950000000000387e+00 3.304362499999999869e+00 -5.803950000000000387e+00 1.219560749999999949e+01
8.250000000000000000e+00 -5.549529999999999852e+00 3.150654999999999983e+00 -5.549529999999999852e+00 1.203632500000000149e+01
8.275000000000000355e+00 -5.306029999999999802e+00 3.004164999999999974e+00 -5.306029999999999802e+00 1.188350499999999954e+01
8.300000000000000711e+00 -5.073000000000000398e+00 2.864566500000000016e+00 -5.073000000000000398e+00 1.173687349999999974e+01
8.324999999999999289e+00 -4.850010000000000154e+00 2.731533000000000211e+00 -4.850010000000000154e+00 1.159612700000000096e+01
8.349999999999999645e+00 -4.636660000000000004e+00 2.604759999999999742e+00 -4.636660000000000004e+00 1.146097999999999928e+01
8.375000000000000000e+00 -4.432540000000000369e+00 2.483972000000000069e+00 -4.432540000000000369e+00 1.133119800000000055e+01
8.400000000000000355e+00 -4.237269999999999648e+00 2.368863500000000233e+00 -4.237269999999999648e+00 1.120649650000000008e+01
8.425000000000000711e+00 -4.050480000000000302e+00 2.259181499999999954e+00 -4.050480000000000302e+00 1.108664849999999902e+01
8.449999999999999289e+00 -3.871820000000000039e+00 2.154671500000000073e+00 -3.871820000000000039e+00 1.097143850000000143e+01
8.474999999999999645e+00 -3.700950000000000184e+00 2.055080000000000240e+00 -3.700950000000000184e+00 1.086062000000000083e+01
8.500000000000000000e+00 -3.537529999999999841e+00 1.960184499999999996e+00 -3.537529999999999841e+00 1.075401549999999951e+01
8.525000000000000355e+00 -3.381260000000000154e+00 1.869761499999999854e+00 -3.381260000000000154e+00 1.065140850000000050e+01
8.550000000000000711e+00 -3.231819999999999915e+00 1.783589499999999939e+00 -3.231819999999999915e+00 1.055260049999999872e+01
8.574999999999999289e+00 -3.088929999999999954e+00 1.701476499999999836e+00 -3.088929999999999954e+00 1.045744350000000011e+01
8.599999999999999645e+00 -2.952310000000000212e+00 1.623220499999999955e+00 -2.952310000000000212e+00 1.036572950000000048e+01
8.625000000000000000e+00 -2.821689999999999809e+00 1.548640999999999934e+00 -2.821689999999999809e+00 1.027731900000000032e+01
8.650000000000000355e+00 -2.696810000000000151e+00 1.477566999999999853e+00 -2.696810000000000151e+00 1.019204299999999996e+01
8.675000000000000711e+00 -2.577420000000000044e+00 1.409818500000000085e+00 -2.577420000000000044e+00 1.010976149999999940e+01
8.699999999999999289e+00 -2.463290000000000202e+00 1.345245000000000024e+00 -2.463290000000000202e+00 1.003033500000000089e+01
8.724999999999999645e+00 -2.354190000000000005e+00 1.283707500000000001e+00 -2.354190000000000005e+00 9.953632499999999439e+00
8.750000000000000000e+00 -2.249899999999999789e+00 1.225036000000000014e+00 -2.249899999999999789e+00 9.879503999999998953e+00
8.775000000000000355e+00 -2.150209999999999955e+00 1.169112499999999999e+00 -2.150209999999999955e+00 9.807867500000000405e+00
8.800000000000000711e+00 -2.054920000000000080e+00 1.115788000000000002e+00 -2.054920000000000080e+00 9.738561999999999941e+00
8.824999999999999289e+00 -1.963840000000000030e+00 1.064956000000000014e+00 -1.963840000000000030e+00 9.671518000000000725e+00
8.849999999999999645e+00 -1.876779999999999893e+00 1.016488000000000058e+00 -1.876779999999999893e+00 9.606612000000000151e+00
8.875000000000000000e+00 -1.793579999999999952e+00 9.702720000000000233e-01 -1.793579999999999952e+00 9.543738000000001165e+00
8.900000000000000355e+00 -1.714050000000000074e+00 9.262019999999999698e-01 -1.714050000000000074e+00 9.482824000000000808e+00
8.925000000000000711e+00 -1.638050000000000006e+00 8.841734999999999456e-01 -1.638050000000000006e+00 9.423760500000000206e+00
8.949999999999999289e+00 -1.565399999999999903e+00 8.440900000000000070e-01 -1.565399999999999903e+00 9.366474000000000188e+00
8.974999999999999645e+00 -1.495980000000000087e+00 8.058594999999999509e-01 -1.495980000000000087e+00 9.310884500000000230e+00
9.000000000000000000e+00 -1.429629999999999956e+00 7.693944999999999812e-01 -1.429629999999999956e+00 9.256907500000000510e+00
9.025000000000000355e+00 -1.366209999999999924e+00 7.346084999999999976e-01 -1.366209999999999924e+00 9.204469500000000082e+00
9.050000000000000711e+00 -1.305609999999999937e+00 7.014244999999998953e-01 -1.305609999999999937e+00 9.153503499999999349e+00
9.074999999999999289e+00 -1.247689999999999966e+00 6.697644999999999849e-01 -1.247689999999999966e+00 9.103953500000001142e+00
9.099999999999999645e+00 -1.192339999999999955e+00 6.395575000000000010e-01 -1.192339999999999955e+00 9.055738500000000357e+00
9.125000000000000000e+00 -1.139450000000000074e+00 6.107359999999999456e-01 -1.139450000000000074e+00 9.008820000000000050e+00
9.150000000000000355e+00 -1.088889999999999914e+00 5.832319999999999727e-01 -1.088889999999999914e+00 8.963122000000000256e+00
9.175000000000000711e+00 -1.040580000000000060e+00 5.569850000000000634e-01 -1.040580000000000060e+00 8.918601000000000667e+00
9.199999999999999289e+00 -9.944110000000000449e-01 5.319365000000000343e-01 -9.944110000000000449e-01 8.875197500000000517e+00
9.224999999999999645e+00 -9.502880000000000216e-01 5.080295000000000227e-01 -9.502880000000000216e-01 8.832874500000000850e+00
9.250000000000000000e+00 -9.081219999999999848e-01 4.852104999999999890e-01 -9.081219999999999848e-01 8.791575500000000432e+00
9.275000000000000355e+00 -8.678249999999999575e-01 4.634287500000000004e-01 -8.678249999999999575e-01 8.751267249999999720e+00
9.300000000000000711e+00 -8.293160000000000531e-01 4.426363500000000117e-01 -8.293160000000000531e-01 8.711889649999999818e+00
9.324999999999999289e+00 -7.925140000000000517e-01 4.227869000000000210e-01 -7.925140000000000517e-01 8.673423100000000829e+00
9.349999999999999645e+00 -7.573440000000000172e-01 4.038360500000000020e-01 -7.573440000000000172e-01 8.635819950000000134e+00
9.375000000000000000e+00 -7.237350000000000172e-01 3.857434499999999877e-01 -7.237350000000000172e-01 8.599036549999999224e+00
9.400000000000000355e+00 -6.916149999999999798e-01 3.684690000000000465e-01 -6.916149999999999798e-01 8.563048999999999467e+00
9.425000000000000711e+00 -6.609209999999999807e-01 3.519748500000000058e-01 -6.609209999999999807e-01 8.527825149999999965e+00
9.449999999999999289e+00 -6.315880000000000383e-01 3.362241000000000257e-01 -6.315880000000000383e-01 8.493333899999999659e+00
9.474999999999999645e+00 -6.035559999999999814e-01 3.211841500000000016e-01 -6.035559999999999814e-01 8.459537850000000248e+00
9.500000000000000000e+00 -5.767679999999999474e-01 3.068213499999999927e-01 -5.767679999999999474e-01 8.426418650000000454e+00
9.525000000000000355e+00 -5.511679999999999913e-01 2.931053000000000130e-01 -5.511679999999999913e-01 8.393940699999999921e+00
9.550000000000000711e+00 -5.267049999999999788e-01 2.800065500000000207e-01 -5.267049999999999788e-01 8.362079449999999525e+00
9.574999999999999289e+00 -5.033260000000000511e-01 2.674959000000000087e-01 -5.033260000000000511e-01 8.330810099999998997e+00
9.599999999999999645e+00 -4.809860000000000246e-01 2.555482000000000031e-01 -4.809860000000000246e-01 8.300111799999999818e+00
9.625000000000000000e+00 -4.596359999999999890e-01 2.441363500000000020e-01 -4.596359999999999890e-01 8.269961649999999054e+00
9.650000000000000355e+00 -4.392349999999999866e-01 2.332374000000000114e-01 -4.392349999999999866e-01 8.240350599999999304e+00
9.675000000000000711e+00 -4.197389999999999732e-01 2.228274000000000088e-01 -4.197389999999999732e-01 8.211238599999999721e+00
9.699999999999999289e+00 -4.011089999999999933e-01 2.128836499999999798e-01 -4.011089999999999933e-01 8.182606350000000361e+00
9.724999999999999645e+00 -3.833059999999999801e-01 2.033862999999999921e-01 -3.833059999999999801e-01 8.154457700000000031e+00
9.750000000000000000e+00 -3.662949999999999817e-01 1.943147500000000083e-01 -3.662949999999999817e-01 8.126755250000000430e+00
9.775000000000000355e+00 -3.500380000000000158e-01 1.856503499999999918e-01 -3.500380000000000158e-01 8.099483649999999813e+00
9.800000000000000711e+00 -3.345049999999999968e-01 1.773736499999999938e-01 -3.345049999999999968e-01 8.072636349999999794e+00
9.824999999999999289e+00 -3.196620000000000017e-01 1.694681500000000118e-01 -3.196620000000000017e-01 8.046189849999999311e+00
9.849999999999999645e+00 -3.054780000000000273e-01 1.619174499999999906e-01 -3.054780000000000273e-01 8.020130550000001080e+00
9.875000000000000000e+00 -2.919260000000000188e-01 1.547051999999999872e-01 -2.919260000000000188e-01 7.994454799999999750e+00
9.900000000000000355e+00 -2.789760000000000018e-01 1.478161500000000073e-01 -2.789760000000000018e-01 7.969139850000000358e+00
9.925000000000000711e+00 -2.666020000000000056e-01 1.412358999999999976e-01 -2.666020000000000056e-01 7.944164100000000062e+00
9.949999999999999289e+00 -2.547789999999999777e-01 1.349515000000000020e-01 -2.547789999999999777e-01 7.919536499999999535e+00
9.974999999999999645e+00 -2.434830000000000050e-01 1.289486999999999994e-01 -2.434830000000000050e-01 7.895225299999999891e+00
1.000000000000000000e+01 -2.326900000000000079e-01 1.232154500000000041e-01 -2.326900000000000079e-01 7.871240549999999558e+00
1.002500000000000036e+01 -2.223769999999999913e-01 1.177395999999999998e-01 -2.223769999999999913e-01 7.847542400000000029e+00
1.005000000000000071e+01 -2.125239999999999907e-01 1.125089999999999979e-01 -2.125239999999999907e-01 7.824150600000000289e+00
1.007499999999999929e+01 -2.031110000000000138e-01 1.075138999999999956e-01 -2.031110000000000138e-01 7.801037299999999952e+00
1.009999999999999964e+01 -1.941170000000000118e-01 1.027434500000000001e-01 -1.941170000000000118e-01 7.778203549999999744e+00
1.012500000000000000e+01 -1.855239999999999945e-01 9.818749999999999700e-02 -1.855239999999999945e-01 7.755630899999999883e+00
1.015000000000000036e+01 -1.773150000000000004e-01 9.383649999999998936e-02 -1.773150000000000004e-01 7.733321700000000298e+00
1.017500000000000071e+01 -1.694720000000000115e-01 8.968149999999999733e-02 -1.694720000000000115e-01 7.711248499999999950e+00
1.019999999999999929e+01 -1.619800000000000129e-01 8.571354999999999946e-02 -1.619800000000000129e-01 7.689424049999999511e+00
1.022499999999999964e+01 -1.548219999999999874e-01 8.192440000000000833e-02 -1.548219999999999874e-01 7.667831600000000414e+00
1.025000000000000000e+01 -1.479840000000000044e-01 7.830615000000000492e-02 -1.479840000000000044e-01 7.646474650000000040e+00
1.027500000000000036e+01 -1.414519999999999944e-01 7.485105000000000230e-02 -1.414519999999999944e-01 7.625326950000000714e+00
1.030000000000000071e+01 -1.352119999999999989e-01 7.155190000000000161e-02 -1.352119999999999989e-01 7.604392500000000332e+00
1.032499999999999929e+01 -1.292510000000000048e-01 6.840174999999999728e-02 -1.292510000000000048e-01 7.583665850000000042e+00
1.034999999999999964e+01 -1.235570000000000002e-01 6.539349999999999330e-02 -1.235570000000000002e-01 7.563141100000000172e+00
1.037500000000000000e+01 -1.181180000000000008e-01 6.252154999999999518e-02 -1.181180000000000008e-01 7.542813850000000819e+00
1.040000000000000036e+01 -1.129219999999999946e-01 5.977939999999999643e-02 -1.129219999999999946e-01 7.522668799999999933e+00
1.042500000000000071e+01 -1.079589999999999994e-01 5.716134999999999966e-02 -1.079589999999999994e-01 7.502711249999999943e+00
1.044999999999999929e+01 -1.032180000000000042e-01 5.466170000000000057e-02 -1.032180000000000042e-01 7.482936699999999774e+00
1.047499999999999964e+01 -9.869010000000000282e-02 5.227514999999999940e-02 -9.869010000000000282e-02 7.463330850000000183e+00
1.050000000000000000e+01 -9.436460000000000681e-02 4.999660000000000215e-02 -9.436460000000000681e-02 7.443899599999999950e+00
1.052500000000000036e+01 -9.023299999999999377e-02 4.782120000000000121e-02 -9.023299999999999377e-02 7.424629000000000367e+00
1.055000000000000071e+01 -8.628660000000000496e-02 4.574435000000000306e-02 -8.628660000000000496e-02 7.405515450000000222e+00
1.057499999999999929e+01 -8.251709999999999601e-02 4.376145000000000035e-02 -8.251709999999999601e-02 7.386565349999999697e+00
1.059999999999999964e+01 -7.891650000000000054e-02 4.186840500000000437e-02 -7.891650000000000054e-02 7.367765195000000489e+00
1.062500000000000000e+01 -7.547729999999999717e-02 4.006100499999999676e-02 -7.547729999999999717e-02 7.349111794999999780e+00
1.065000000000000036e+01 -7.219230000000000091e-02 3.833548500000000248e-02 -7.219230000000000091e-02 7.330602115000000474e+00
1.067500000000000071e+01 -6.905450000000000477e-02 3.668805500000000414e-02 -6.905450000000000477e-02 7.312233144999999546e+00
1.069999999999999929e+01 -6.605729999999999935e-02 3.511505499999999919e-02 -6.605729999999999935e-02 7.294001945000000653e+00
1.072499999999999964e+01 -6.319439999999999780e-02 3.361323000000000089e-02 -6.319439999999999780e-02 7.275905970000000167e+00
1.075000000000000000e+01 -6.045980000000000104e-02 3.217934000000000072e-02 -6.045980000000000104e-02 7.257942660000000323e+00
1.077500000000000036e+01 -5.784759999999999902e-02 3.081017999999999951e-02 -5.784759999999999902e-02 7.240109420000000462e+00
1.080000000000000071e+01 -5.535230000000000011e-02 2.950279499999999833e-02 -5.535230000000000011e-02 7.222394004999999950e+00
1.082499999999999929e+01 -5.296870000000000051e-02 2.825440499999999980e-02 -5.296870000000000051e-02 7.204804195000000355e+00
1.084999999999999964e+01 -5.069169999999999926e-02 2.706231499999999998e-02 -5.069169999999999926e-02 7.187337884999999815e+00
1.087500000000000000e+01 -4.851640000000000119e-02 2.592385000000000175e-02 -4.851640000000000119e-02 7.169992950000000143e+00
1.090000000000000036e+01 -4.643839999999999774e-02 2.483654500000000154e-02 -4.643839999999999774e-02 7.152757454999999709e+00
1.092500000000000071e+01 -4.445310000000000233e-02 2.379803999999999947e-02 -4.445310000000000233e-02 7.135629559999999927e+00
1.094999999999999929e+01 -4.255640000000000117e-02 2.280618499999999965e-02 -4.255640000000000117e-02 7.118627615000000297e+00
1.097499999999999964e+01 -4.074420000000000125e-02 2.185874999999999971e-02 -4.074420000000000125e-02 7.101719849999999390e+00
1.100000000000000000e+01 -3.901269999999999738e-02 2.095360000000000278e-02 -3.901269999999999738e-02 7.084924599999999906e+00
1.102500000000000036e+01 -3.735829999999999707e-02 2.008892500000000053e-02 -3.735829999999999707e-02 7.068230475000000013e+00
1.105000000000000071e+01 -3.577749999999999680e-02 1.926270499999999802e-02 -3.577749999999999680e-02 7.051635894999999543e+00
1.107499999999999929e+01 -3.426680000000000004e-02 1.847323000000000021e-02 -3.426680000000000004e-02 7.035149570000000629e+00
1.109999999999999964e+01 -3.282319999999999682e-02 1.771883500000000222e-02 -3.282319999999999682e-02 7.018750165000000152e+00
1.112500000000000000e+01 -3.144349999999999923e-02 1.699772499999999825e-02 -3.144349999999999923e-02 7.002456275000000119e+00
1.115000000000000036e+01 -3.012480000000000019e-02 1.630851499999999912e-02 -3.012480000000000019e-02 6.986256884999999528e+00
1.117500000000000071e+01 -2.886439999999999839e-02 1.564963499999999855e-02 -2.886439999999999839e-02 6.970150764999999637e+00
1.119999999999999929e+01 -2.765959999999999946e-02 1.501973000000000023e-02 -2.765959999999999946e-02 6.954136870000000137e+00
1.122499999999999964e+01 -2.650790000000000091e-02 1.441754500000000036e-02 -2.650790000000000091e-02 6.938214255000000108e+00
1.125000000000000000e+01 -2.540680000000000022e-02 1.384151499999999868e-02 -2.540680000000000022e-02 6.922371684999999886e+00
1.127500000000000036e+01 -2.435410000000000005e-02 1.329050499999999933e-02 -2.435410000000000005e-02 6.906628294999999973e+00
1.130000000000000071e+01 -2.334750000000000020e-02 1.276348499999999976e-02 -2.334750000000000020e-02 6.890963315000000478e+00
1.132499999999999929e+01 -2.238489999999999924e-02 1.225921499999999865e-02 -2.238489999999999924e-02 6.875385784999999750e+00
1.134999999999999964e+01 -2.146429999999999866e-02 1.177677499999999974e-02 -2.146429999999999866e-02 6.859895025000000146e+00
1.137500000000000000e+01 -2.058389999999999873e-02 1.131493000000000082e-02 -2.058389999999999873e-02 6.844480050000000482e+00
1.140000000000000036e+01 -1.974170000000000091e-02 1.087287500000000059e-02 -1.974170000000000091e-02 6.829150264999999997e+00
1.142500000000000071e+01 -1.893600000000000144e-02 1.044964500000000046e-02 -1.893600000000000144e-02 6.813894935000000430e+00
1.144999999999999929e+01 -1.816529999999999881e-02 1.004436499999999954e-02 -1.816529999999999881e-02 6.798723394999999670e+00
1.147499999999999964e+01 -1.742780000000000024e-02 9.656194999999999362e-03 -1.742780000000000024e-02 6.783635004999999829e+00
1.150000000000000000e+01 -1.672200000000000075e-02 9.284350000000000241e-03 -1.672200000000000075e-02 6.768619150000000140e+00
1.152500000000000036e+01 -1.604650000000000173e-02 8.928054999999998978e-03 -1.604650000000000173e-02 6.753675265000000039e+00
1.155000000000000071e+01 -1.540000000000000049e-02 8.586605000000000626e-03 -1.540000000000000049e-02 6.738812794999999412e+00
1.157499999999999929e+01 -1.478119999999999955e-02 8.259304999999999772e-03 -1.478119999999999955e-02 6.724011214999999986e+00
1.159999999999999964e+01 -1.418860000000000086e-02 7.945510000000001113e-03 -1.418860000000000086e-02 6.709300029999999637e+00
1.162500000000000000e+01 -1.362119999999999997e-02 7.644530000000000075e-03 -1.362119999999999997e-02 6.694648710000000058e+00
1.165000000000000036e+01 -1.307789999999999994e-02 7.355875000000000434e-03 -1.307789999999999994e-02 6.680076904999999954e+00
1.167500000000000071e+01 -1.255749999999999922e-02 7.078944999999999682e-03 -1.255749999999999922e-02 6.665574134999999956e+00
1.169999999999999929e+01 -1.205889999999999913e-02 6.813179999999999410e-03 -1.205889999999999913e-02 6.651129980000000330e+00
1.172499999999999964e+01 -1.158129999999999923e-02 6.558079999999999986e-03 -1.158129999999999923e-02 6.636764059999999965e+00
1.175000000000000000e+01 -1.112360000000000085e-02 6.313189999999999774e-03 -1.112360000000000085e-02 6.622466030000000003e+00
1.177500000000000036e+01 -1.068500000000000005e-02 6.077975000000000218e-03 -1.068500000000000005e-02 6.608235464999999920e+00
1.180000000000000071e+01 -1.026460000000000046e-02 5.852045000000000163e-03 -1.026460000000000046e-02 6.594072074999999700e+00
1.182499999999999929e+01 -9.861520000000000355e-03 5.634954999999999652e-03 -9.861520000000000355e-03 6.579975525000000047e+00
1.184999999999999964e+01 -9.475070000000000367e-03 5.426324999999999205e-03 -9.475070000000000367e-03 6.565945514999999233e+00
1.187500000000000000e+01 -9.104479999999999865e-03 5.225769999999999374e-03 -9.104479999999999865e-03 6.551971749999999872e+00
1.190000000000000036e+01 -8.749029999999999654e-03 5.032924999999999725e-03 -8.749029999999999654e-03 6.538073954999999771e+00
1.192500000000000071e+01 -8.408050000000000246e-03 4.847460000000000484e-03 -8.408050000000000246e-03 6.524231879999999428e+00
1.194999999999999929e+01 -8.080900000000000236e-03 4.669035000000000199e-03 -8.080900000000000236e-03 6.510455245000000168e+00
1.197499999999999964e+01 -7.766949999999999896e-03 4.497340000000000712e-03 -7.766949999999999896e-03 6.496733820000000215e+00
1.200000000000000000e+01 -7.465639999999999950e-03 4.332100000000000187e-03 -7.465639999999999950e-03 6.483087399999999612e+00
1.202500000000000036e+01 -7.176390000000000373e-03 4.173000000000000494e-03 -7.176390000000000373e-03 6.469485740000000540e+00
1.205000000000000071e+01 -6.898679999999999916e-03 4.019810999999999870e-03 -6.898679999999999916e-03 6.455958648999999383e+00
1.207499999999999929e+01 -6.632009999999999815e-03 3.872256499999999872e-03 -6.632009999999999815e-03 6.442485923500000489e+00
1.209999999999999964e+01 -6.375879999999999569e-03 3.730111000000000364e-03 -6.375879999999999569e-03 6.429067388999999189e+00
1.212500000000000000e+01 -6.129840000000000115e-03 3.593126500000000043e-03 -6.129840000000000115e-03 6.415712853500000534e+00
1.215000000000000036e+01 -5.893459999999999671e-03 3.461105499999999648e-03 -5.893459999999999671e-03 6.402422154500000850e+00
1.217500000000000071e+01 -5.666309999999999923e-03 3.333833999999999929e-03 -5.666309999999999923e-03 6.389185125999999215e+00
1.219999999999999929e+01 -5.447999999999999718e-03 3.211114499999999893e-03 -5.447999999999999718e-03 6.376001625499999825e+00
1.222499999999999964e+01 -5.238160000000000385e-03 3.092759999999999954e-03 -5.238160000000000385e-03 6.362881500000000301e+00
1.225000000000000000e+01 -5.036409999999999845e-03 2.978591000000000051e-03 -5.036409999999999845e-03 6.349814609000000054e+00
1.227500000000000036e+01 -4.842420000000000058e-03 2.868448499999999741e-03 -4.842420000000000058e-03 6.336800831500000619e+00
1.230000000000000071e+01 -4.655860000000000380e-03 2.762164999999999586e-03 -4.655860000000000380e-03 6.323840034999999915e+00
1.232499999999999929e+01 -4.476420000000000052e-03 2.659594000000000368e-03 -4.476420000000000052e-03 6.310942105999999718e+00
1.234999999999999964e+01 -4.303799999999999987e-03 2.560580000000000234e-03 -4.303799999999999987e-03 6.298096919999999876e+00
1.237500000000000000e+01 -4.137730000000000054e-03 2.464997500000000192e-03 -4.137730000000000054e-03 6.285304382500000564e+00
1.240000000000000036e+01 -3.977920000000000240e-03 2.372712000000000345e-03 -3.977920000000000240e-03 6.272564388000000157e+00
1.242500000000000071e+01 -3.824129999999999804e-03 2.283590500000000009e-03 -3.824129999999999804e-03 6.259876829500000461e+00
1.244999999999999929e+01 -3.676099999999999854e-03 2.197529499999999886e-03 -3.676099999999999854e-03 6.247251630499999209e+00
1.247499999999999964e+01 -3.533619999999999903e-03 2.114396499999999894e-03 -3.533619999999999903e-03 6.234668683499999808e+00
1.250000000000000000e+01 -3.396450000000000077e-03 2.034109000000000091e-03 -3.396450000000000077e-03 6.222137930999999789e+00
1.252500000000000036e+01 -3.264389999999999827e-03 1.956537500000000117e-03 -3.264389999999999827e-03 6.209669262499999398e+00
1.255000000000000071e+01 -3.137220000000000026e-03 1.881599000000000075e-03 -3.137220000000000026e-03 6.197242621000000007e+00
1.257499999999999929e+01 -3.014769999999999950e-03 1.809205500000000098e-03 -3.014769999999999950e-03 6.184867934499999720e+00
1.259999999999999964e+01 -2.896839999999999919e-03 1.739257500000000083e-03 -2.896839999999999919e-03 6.172545122499999870e+00
1.262500000000000000e+01 -2.783270000000000015e-03 1.671662499999999928e-03 -2.783270000000000015e-03 6.160274117500000202e+00
1.265000000000000036e+01 -2.673880000000000007e-03 1.606363999999999882e-03 -2.673880000000000007e-03 6.148054875999999780e+00
1.267500000000000071e+01 -2.568519999999999918e-03 1.543272000000000047e-03 -2.568519999999999918e-03 6.135887327999999918e+00
1.269999999999999929e+01 -2.467040000000000205e-03 1.482309499999999967e-03 -2.467040000000000205e-03 6.123761410500000224e+00
1.272499999999999964e+01 -2.369280000000000084e-03 1.423417500000000125e-03 -2.369280000000000084e-03 6.111687082499999590e+00
1.275000000000000000e+01 -2.275119999999999833e-03 1.366519500000000021e-03 -2.275119999999999833e-03 6.099664280499999869e+00
1.277500000000000036e+01 -2.184419999999999851e-03 1.311547500000000100e-03 -2.184419999999999851e-03 6.087692952500000310e+00
1.280000000000000071e+01 -2.097059999999999983e-03 1.258445499999999917e-03 -2.097059999999999983e-03 6.075763054500000315e+00
1.282499999999999929e+01 -2.012920000000000074e-03 1.207156000000000028e-03 -2.012920000000000074e-03 6.063884543999999543e+00
1.284999999999999964e+01 -1.931870000000000028e-03 1.157623499999999939e-03 -1.931870000000000028e-03 6.052047376499999132e+00
1.287500000000000000e+01 -1.853819999999999947e-03 1.109792500000000024e-03 -1.853819999999999947e-03 6.040261509500000514e+00
1.290000000000000036e+01 -1.778660000000000050e-03 1.063612499999999975e-03 -1.778660000000000050e-03 6.028526903500000422e+00
1.292500000000000071e+01 -1.706279999999999906e-03 1.019034499999999996e-03 -1.706279999999999906e-03 6.016833519500000449e+00
1.294999999999999929e+01 -1.636599999999999991e-03 9.760114999999999980e-04 -1.636599999999999991e-03 6.005181322500000363e+00
1.297499999999999964e+01 -1.569510000000000089e-03 9.344975000000000157e-04 -1.569510000000000089e-03 5.993580276500000359e+00
1.300000000000000000e+01 -1.504939999999999967e-03 8.944520000000000075e-04 -1.504939999999999967e-03 5.982030347999999442e+00
1.302500000000000036e+01 -1.442799999999999942e-03 8.558335000000000248e-04 -1.442799999999999942e-03 5.970521506499999909e+00
1.305000000000000071e+01 -1.383019999999999996e-03 8.186009999999999641e-04 -1.383019999999999996e-03 5.959053719000000804e+00
1.307499999999999929e+01 -1.325500000000000072e-03 7.827170000000000481e-04 -1.325500000000000072e-03 5.947636957000000280e+00
1.309999999999999964e+01 -1.270190000000000034e-03 7.481484999999999741e-04 -1.270190000000000034e-03 5.936261193500000033e+00
1.312500000000000000e+01 -1.216999999999999983e-03 7.148575000000000111e-04 -1.216999999999999983e-03 5.924926398500000246e+00
1.315000000000000036e+01 -1.165879999999999998e-03 6.828140000000000121e-04 -1.165879999999999998e-03 5.913642549999999609e+00
1.317500000000000071e+01 -1.116760000000000062e-03 6.519845000000000458e-04 -1.116760000000000062e-03 5.902399619499999694e+00
1.319999999999999929e+01 -1.069580000000000097e-03 6.223394999999999188e-04 -1.069580000000000097e-03 5.891197584499999529e+00
1.322499999999999964e+01 -1.024270000000000085e-03 5.938510000000000576e-04 -1.024270000000000085e-03 5.880046422999999578e+00
1.325000000000000000e+01 -9.807830000000000454e-04 5.664889999999999899e-04 -9.807830000000000454e-04 5.868926111000000390e+00
1.327500000000000036e+01 -9.390649999999999952e-04 5.402305000000000041e-04 -9.390649999999999952e-04 5.857856629499999634e+00
1.330000000000000071e+01 -8.990610000000000442e-04 5.150454999999999530e-04 -8.990610000000000442e-04 5.846827956500000312e+00
1.332499999999999929e+01 -8.607209999999999471e-04 4.909140000000000639e-04 -8.607209999999999471e-04 5.835840074000000044e+00
1.334999999999999964e+01 -8.239970000000000324e-04 4.678089999999999657e-04 -8.239970000000000324e-04 5.824902961000000268e+00
1.337500000000000000e+01 -7.888430000000000095e-04 4.457099999999999864e-04 -7.888430000000000095e-04 5.813996601999999569e+00
1.340000000000000036e+01 -7.552130000000000214e-04 4.245974999999999814e-04 -7.552130000000000214e-04 5.803130980499999758e+00
1.342500000000000071e+01 -7.230640000000000418e-04 4.044448999999999874e-04 -7.230640000000000418e-04 5.792316075100000461e+00
1.344999999999999929e+01 -6.923539999999999512e-04 3.852329499999999993e-04 -6.923539999999999512e-04 5.781531871050000326e+00
1.347499999999999964e+01 -6.630440000000000032e-04 3.669438999999999817e-04 -6.630440000000000032e-04 5.770788354099999573e+00
1.350000000000000000e+01 -6.350940000000000014e-04 3.495587499999999606e-04 -6.350940000000000014e-04 5.760095509250000134e+00
1.352500000000000036e+01 -6.084670000000000139e-04 3.330575500000000177e-04 -6.084670000000000139e-04 5.749433320449999663e+00
1.355000000000000071e+01 -5.831260000000000002e-04 3.174234499999999907e-04 -5.831260000000000002e-04 5.738811774550000244e+00
1.357499999999999929e+01 -5.590359999999999514e-04 3.026375499999999939e-04 -5.590359999999999514e-04 5.728240856450000251e+00
1.359999999999999964e+01 -5.361619999999999667e-04 2.886829500000000106e-04 -5.361619999999999667e-04 5.717700553050000245e+00
1.362500000000000000e+01 -5.144709999999999605e-04 2.755427000000000072e-04 -5.144709999999999605e-04 5.707200851300000544e+00
1.365000000000000036e+01 -4.939299999999999550e-04 2.631989499999999680e-04 -4.939299999999999550e-04 5.696731737050000355e+00
1.367500000000000071e+01 -4.745069999999999887e-04 2.516368000000000164e-04 -4.745069999999999887e-04 5.686313199199999779e+00
1.369999999999999929e+01 -4.561710000000000070e-04 2.408382000000000144e-04 -4.561710000000000070e-04 5.675925223800000197e+00
1.372499999999999964e+01 -4.388920000000000256e-04 2.307862999999999896e-04 -4.388920000000000256e-04 5.665587797699999761e+00
1.375000000000000000e+01 -4.226400000000000057e-04 2.214659999999999968e-04 -4.226400000000000057e-04 5.655270909999999596e+00
1.377500000000000036e+01 -4.073850000000000171e-04 2.128600499999999814e-04 -4.073850000000000171e-04 5.645004547950000173e+00
1.380000000000000071e+01 -3.930989999999999983e-04 2.049517999999999848e-04 -3.930989999999999983e-04 5.634768698200000259e+00
1.382499999999999929e+01 -3.797520000000000192e-04 1.977238000000000194e-04 -3.797520000000000192e-04 5.624583348199999833e+00
1.384999999999999964e+01 -3.673179999999999956e-04 1.911619000000000035e-04 -3.673179999999999956e-04 5.614418488100000104e+00
1.387500000000000000e+01 -3.557680000000000130e-04 1.852467999999999964e-04 -3.557680000000000130e-04 5.604304103200000498e+00
1.390000000000000036e+01 -3.450750000000000258e-04 1.799621500000000063e-04 -3.450750000000000258e-04 5.594220181849999918e+00
1.392500000000000071e+01 -3.352119999999999883e-04 1.752906000000000256e-04 -3.352119999999999883e-04 5.584166711399999983e+00
1.394999999999999929e+01 -3.261510000000000017e-04 1.712146499999999956e-04 -3.261510000000000017e-04 5.574163679349999789e+00
1.397499999999999964e+01 -3.178669999999999976e-04 1.677160500000000084e-04 -3.178669999999999976e-04 5.564191071949999845e+00
1.400000000000000000e+01 -3.103320000000000232e-04 1.647767999999999976e-04 -3.103320000000000232e-04 5.554248877200000045e+00
1.402500000000000036e+01 -3.035199999999999942e-04 1.623785499999999939e-04 -3.035199999999999942e-04 5.544347081449999770e+00
1.405000000000000071e+01 -2.974039999999999735e-04 1.605034500000000091e-04 -2.974039999999999735e-04 5.534485672550000679e+00
1.407499999999999929e+01 -2.919590000000000011e-04 1.591308000000000045e-04 -2.919590000000000011e-04 5.524644635199999598e+00
1.409999999999999964e+01 -2.871579999999999771e-04 1.582414999999999993e-04 -2.871579999999999771e-04 5.514853956500000542e+00
1.412500000000000000e+01 -2.829759999999999958e-04 1.578183500000000100e-04 -2.829759999999999958e-04 5.505093623650000545e+00
1.415000000000000036e+01 -2.793860000000000115e-04 1.578391999999999914e-04 -2.793860000000000115e-04 5.495363620800000071e+00
1.417500000000000071e+01 -2.763609999999999786e-04 1.582840999999999979e-04 -2.763609999999999786e-04 5.485673933900000243e+00
1.419999999999999929e+01 -2.738780000000000229e-04 1.591340999999999914e-04 -2.738780000000000229e-04 5.476014549899999473e+00
1.422499999999999964e+01 -2.719099999999999902e-04 1.603672499999999950e-04 -2.719099999999999902e-04 5.466395452749999606e+00
1.425000000000000000e+01 -2.704310000000000134e-04 1.619634500000000121e-04 -2.704310000000000134e-04 5.456806628550000760e+00
1.427500000000000036e+01 -2.694150000000000082e-04 1.639018000000000170e-04 -2.694150000000000082e-04 5.447248062199999907e+00
1.430000000000000071e+01 -2.688370000000000148e-04 1.661601499999999917e-04 -2.688370000000000148e-04 5.437729737849999800e+00
1.432499999999999929e+01 -2.686720000000000189e-04 1.687186000000000078e-04 -2.686720000000000189e-04 5.428241641400000539e+00
1.434999999999999964e+01 -2.688950000000000064e-04 1.715560499999999988e-04 -2.688950000000000064e-04 5.418783757950000002e+00
1.437500000000000000e+01 -2.694800000000000017e-04 1.746495000000000089e-04 -2.694800000000000017e-04 5.409366070499999957e+00
1.440000000000000036e+01 -2.704030000000000062e-04 1.779778999999999888e-04 -2.704030000000000062e-04 5.399978564100000433e+00
1.442500000000000071e+01 -2.716390000000000059e-04 1.815204500000000012e-04 -2.716390000000000059e-04 5.390621223550000174e+00
1.444999999999999929e+01 -2.731629999999999866e-04 1.852559499999999995e-04 -2.731629999999999866e-04 5.381304034050000240e+00
1.447499999999999964e+01 -2.749529999999999813e-04 1.891616000000000152e-04 -2.749529999999999813e-04 5.372006978399999966e+00
1.450000000000000000e+01 -2.769830000000000144e-04 1.932186000000000071e-04 -2.769830000000000144e-04 5.362750043399999278e+00
1.452500000000000036e+01 -2.792299999999999947e-04 1.974050500000000151e-04 -2.792299999999999947e-04 5.353523212949999888e+00
1.455000000000000071e+01 -2.816699999999999781e-04 2.016991999999999949e-04 -2.816699999999999781e-04 5.344326470800000450e+00
1.457499999999999929e+01 -2.842820000000000134e-04 2.060814000000000222e-04 -2.842820000000000134e-04 5.335159802599999779e+00
1.459999999999999964e+01 -2.870430000000000095e-04 2.105318500000000128e-04 -2.870430000000000095e-04 5.326033194149999872e+00
1.462500000000000000e+01 -2.899299999999999837e-04 2.150312499999999989e-04 -2.899299999999999837e-04 5.316936630749999892e+00
1.465000000000000036e+01 -2.929230000000000006e-04 2.195591000000000101e-04 -2.929230000000000006e-04 5.307860096899999824e+00
1.467500000000000071e+01 -2.959990000000000234e-04 2.240958999999999833e-04 -2.959990000000000234e-04 5.298823578100000375e+00
1.469999999999999929e+01 -2.991390000000000238e-04 2.286254000000000151e-04 -2.991390000000000238e-04 5.289817062600000064e+00
1.472499999999999964e+01 -3.023230000000000123e-04 2.331275500000000174e-04 -3.023230000000000123e-04 5.280840534450000234e+00
1.475000000000000000e+01 -3.055309999999999992e-04 2.375869499999999971e-04 -3.055309999999999992e-04 5.271893983050000010e+00
1.477500000000000036e+01 -3.087470000000000036e-04 2.419847500000000043e-04 -3.087470000000000036e-04 5.262977393249999913e+00
1.480000000000000071e+01 -3.119469999999999730e-04 2.463060000000000097e-04 -3.119469999999999730e-04 5.254090753999999919e+00
1.482499999999999929e+01 -3.151179999999999736e-04 2.505340000000000106e-04 -3.151179999999999736e-04 5.245234052000000702e+00
1.484999999999999964e+01 -3.182419999999999932e-04 2.546560000000000230e-04 -3.182419999999999932e-04 5.236407277999999721e+00
1.487500000000000000e+01 -3.213029999999999966e-04 2.586554499999999869e-04 -3.213029999999999966e-04 5.227610418550000304e+00
1.490000000000000036e+01 -3.242860000000000187e-04 2.625208499999999922e-04 -3.242860000000000187e-04 5.218843465149999972e+00
1.492500000000000071e+01 -3.271759999999999859e-04 2.662389000000000032e-04 -3.271759999999999859e-04 5.210106407100000503e+00
1.494999999999999929e+01 -3.299590000000000032e-04 2.697973500000000165e-04 -3.299590000000000032e-04 5.201389234649999693e+00
1.497499999999999964e+01 -3.326219999999999741e-04 2.731851000000000418e-04 -3.326219999999999741e-04 5.192711938899999602e+00
1.500000000000000000e+01 -3.351529999999999809e-04 2.763931500000000457e-04 -3.351529999999999809e-04 5.184064512850000028e+00
1.502500000000000036e+01 -3.375410000000000129e-04 2.794095499999999649e-04 -3.375410000000000129e-04 5.175436946450000519e+00
1.505000000000000071e+01 -3.397739999999999897e-04 2.822276000000000081e-04 -3.397739999999999897e-04 5.166839234400000258e+00
1.507499999999999929e+01 -3.418440000000000020e-04 2.848385999999999735e-04 -3.418440000000000020e-04 5.158281369400000038e+00
1.509999999999999964e+01 -3.437390000000000237e-04 2.872360000000000126e-04 -3.437390000000000237e-04 5.149743346000000166e+00
1.512500000000000000e+01 -3.454539999999999759e-04 2.894133000000000231e-04 -3.454539999999999759e-04 5.141225158700000186e+00
1.515000000000000036e+01 -3.469790000000000266e-04 2.913642499999999878e-04 -3.469790000000000266e-04 5.132746801750000643e+00
1.517500000000000071e+01 -3.483089999999999884e-04 2.930855000000000114e-04 -3.483089999999999884e-04 5.124298272499999918e+00
1.519999999999999929e+01 -3.494370000000000223e-04 2.945730000000000137e-04 -3.494370000000000223e-04 5.115869566999999840e+00
1.522499999999999964e+01 -3.503579999999999954e-04 2.958226500000000060e-04 -3.503579999999999954e-04 5.107470681349999708e+00
1.525000000000000000e+01 -3.510680000000000072e-04 2.968335000000000439e-04 -3.510680000000000072e-04 5.099101614499999435e+00
1.527500000000000036e+01 -3.515640000000000106e-04 2.976037000000000387e-04 -3.515640000000000106e-04 5.090752364300000110e+00
1.530000000000000071e+01 -3.518419999999999968e-04 2.981324499999999885e-04 -3.518419999999999968e-04 5.082432929550000367e+00
1.532499999999999929e+01 -3.519010000000000042e-04 2.984200499999999957e-04 -3.519010000000000042e-04 5.074143309949999292e+00
1.534999999999999964e+01 -3.517390000000000013e-04 2.984669499999999969e-04 -3.517390000000000013e-04 5.065883505049999513e+00
1.537500000000000000e+01 -3.513550000000000267e-04 2.982735000000000030e-04 -3.513550000000000267e-04 5.057643514499999604e+00
1.540000000000000036e+01 -3.507499999999999876e-04 2.978432999999999949e-04 -3.507499999999999876e-04 5.049433340700000272e+00
1.542500000000000071e+01 -3.499239999999999924e-04 2.971779000000000131e-04 -3.499239999999999924e-04 5.041252984099999779e+00
1.544999999999999929e+01 -3.488790000000000185e-04 2.962808999999999842e-04 -3.488790000000000185e-04 5.033092447100000477e+00
1.547499999999999964e+01 -3.476159999999999732e-04 2.951561000000000115e-04 -3.476159999999999732e-04 5.024961731899999506e+00
1.550000000000000000e+01 -3.461369999999999963e-04 2.938081999999999630e-04 -3.461369999999999963e-04 5.016860841799999804e+00
1.552500000000000036e+01 -3.444459999999999883e-04 2.922409999999999960e-04 -3.444459999999999883e-04 5.008779778999999266e+00
1.555000000000000071e+01 -3.425440000000000190e-04 2.904613500000000070e-04 -3.425440000000000190e-04 5.000718548650000095e+00
1.557499999999999929e+01 -3.404400000000000134e-04 2.884731000000000079e-04 -3.404400000000000134e-04 4.992697152899999935e+00
1.559999999999999964e+01 -3.381349999999999872e-04 2.862831500000000205e-04 -3.381349999999999872e-04 4.984695596849999966e+00
1.562500000000000000e+01 -3.356349999999999807e-04 2.838995000000000082e-04 -3.356349999999999807e-04 4.976713886499999795e+00
1.565000000000000036e+01 -3.329450000000000183e-04 2.813270999999999784e-04 -3.329450000000000183e-04 4.968762024900000185e+00
1.567500000000000071e+01 -3.300719999999999934e-04 2.785729000000000243e-04 -3.300719999999999934e-04 4.960840017099999777e+00
1.569999999999999929e+01 -3.270200000000000233e-04 2.756459500000000337e-04 -3.270200000000000233e-04 4.952937870050000413e+00
1.572499999999999964e+01 -3.237949999999999856e-04 2.725531999999999911e-04 -3.237949999999999856e-04 4.945065588799999468e+00
1.575000000000000000e+01 -3.204060000000000220e-04 2.693026999999999856e-04 -3.204060000000000220e-04 4.937213179300000476e+00
1.577500000000000036e+01 -3.168579999999999943e-04 2.659014499999999646e-04 -3.168579999999999943e-04 4.929380646550000300e+00
1.580000000000000071e+01 -3.131589999999999743e-04 2.623595500000000112e-04 -3.131589999999999743e-04 4.921577998449999214e+00
1.582499999999999929e+01 -3.093150000000000023e-04 2.586840000000000190e-04 -3.093150000000000023e-04 4.913805239999999408e+00
1.584999999999999964e+01 -3.053350000000000031e-04 2.548827499999999882e-04 -3.053350000000000031e-04 4.906052377249999985e+00
1.587500000000000000e+01 -3.012269999999999943e-04 2.509659500000000192e-04 -3.012269999999999943e-04 4.898319418049999818e+00
1.590000000000000036e+01 -2.969960000000000004e-04 2.469414999999999870e-04 -2.969960000000000004e-04 4.890616368499999922e+00
1.592500000000000071e+01 -2.926529999999999778e-04 2.428173999999999903e-04 -2.926529999999999778e-04 4.882933234600000283e+00
1.594999999999999929e+01 -2.882040000000000209e-04 2.386016000000000027e-04 -2.882040000000000209e-04 4.875280022400000135e+00
1.597499999999999964e+01 -2.836569999999999847e-04 2.343041499999999817e-04 -2.836569999999999847e-04 4.867646739850000515e+00
1.600000000000000000e+01 -2.790199999999999950e-04 2.299319000000000135e-04 -2.790199999999999950e-04 4.860043392100000581e+00
1.602499999999999858e+01 -2.743010000000000153e-04 2.254938000000000060e-04 -2.743010000000000153e-04 4.852449986199999898e+00
1.605000000000000071e+01 -2.695080000000000088e-04 2.209986999999999954e-04 -2.695080000000000088e-04 4.844896529299999699e+00
1.607499999999999929e+01 -2.646489999999999932e-04 2.164535000000000038e-04 -2.646489999999999932e-04 4.837353026499999764e+00
1.610000000000000142e+01 -2.597310000000000244e-04 2.118660000000000074e-04 -2.597310000000000244e-04 4.829839483999999850e+00
1.612500000000000000e+01 -2.547620000000000114e-04 2.072450499999999886e-04 -2.547620000000000114e-04 4.822345908950000037e+00
1.614999999999999858e+01 -2.497500000000000262e-04 2.025973999999999993e-04 -2.497500000000000262e-04 4.814882306600000383e+00
1.617500000000000071e+01 -2.447010000000000005e-04 1.979309000000000060e-04 -2.447010000000000005e-04 4.807438683099999999e+00
1.619999999999999929e+01 -2.396230000000000061e-04 1.932520500000000025e-04 -2.396230000000000061e-04 4.800015043950000226e+00
1.622500000000000142e+01 -2.345229999999999906e-04 1.885676500000000038e-04 -2.345229999999999906e-04 4.792611394349999721e+00
1.625000000000000000e+01 -2.294080000000000099e-04 1.838853500000000164e-04 -2.294080000000000099e-04 4.785237740650000404e+00
1.627499999999999858e+01 -2.242850000000000117e-04 1.792096999999999928e-04 -2.242850000000000117e-04 4.777884086299999389e+00
1.630000000000000071e+01 -2.191589999999999934e-04 1.745493999999999995e-04 -2.191589999999999934e-04 4.770550438599999943e+00
1.632499999999999929e+01 -2.140379999999999995e-04 1.699079500000000103e-04 -2.140379999999999995e-04 4.763246800050000118e+00
1.635000000000000142e+01 -2.089279999999999892e-04 1.652928500000000077e-04 -2.089279999999999892e-04 4.755953177150000322e+00
1.637500000000000000e+01 -2.038329999999999981e-04 1.607086000000000083e-04 -2.038329999999999981e-04 4.748689573400000086e+00
1.639999999999999858e+01 -1.987609999999999898e-04 1.561595999999999948e-04 -1.987609999999999898e-04 4.741445992400000087e+00
1.642500000000000071e+01 -1.937160000000000000e-04 1.516533999999999938e-04 -1.937160000000000000e-04 4.734232440600000480e+00
1.644999999999999929e+01 -1.887029999999999990e-04 1.471912499999999979e-04 -1.887029999999999990e-04 4.727028918750000308e+00
1.647500000000000142e+01 -1.837270000000000114e-04 1.427795500000000211e-04 -1.837270000000000114e-04 4.719855432450000166e+00
1.650000000000000000e+01 -1.787939999999999961e-04 1.384207000000000146e-04 -1.787939999999999961e-04 4.712701983299999675e+00
1.652499999999999858e+01 -1.739070000000000004e-04 1.341198499999999997e-04 -1.739070000000000004e-04 4.705568576150000126e+00
1.655000000000000071e+01 -1.690700000000000059e-04 1.298794000000000088e-04 -1.690700000000000059e-04 4.698455212599999875e+00
1.657499999999999929e+01 -1.642880000000000100e-04 1.257045000000000092e-04 -1.642880000000000100e-04 4.691361897499999323e+00
1.660000000000000142e+01 -1.595640000000000057e-04 1.215953999999999912e-04 -1.595640000000000057e-04 4.684298630599999846e+00
1.662500000000000000e+01 -1.549010000000000133e-04 1.175572500000000034e-04 -1.549010000000000133e-04 4.677245416749999940e+00
1.664999999999999858e+01 -1.503040000000000029e-04 1.135912500000000079e-04 -1.503040000000000029e-04 4.670222256750000689e+00
1.667500000000000071e+01 -1.457730000000000017e-04 1.096999499999999931e-04 -1.457730000000000017e-04 4.663219152849999993e+00
1.669999999999999929e+01 -1.413139999999999958e-04 1.058847500000000030e-04 -1.413139999999999958e-04 4.656236106450000634e+00
1.672500000000000142e+01 -1.369270000000000122e-04 1.021477499999999945e-04 -1.369270000000000122e-04 4.649273119450000102e+00
1.675000000000000000e+01 -1.326149999999999898e-04 9.849045000000000499e-05 -1.326149999999999898e-04 4.642330193149999396e+00
1.677499999999999858e+01 -1.283799999999999872e-04 9.491409999999999984e-05 -1.283799999999999872e-04 4.635407328699999496e+00
1.680000000000000071e+01 -1.242249999999999973e-04 9.141989999999999524e-05 -1.242249999999999973e-04 4.628504527299999616e+00
1.682499999999999929e+01 -1.201500000000000067e-04 8.800854999999999952e-05 -1.201500000000000067e-04 4.621631789649999433e+00
1.685000000000000142e+01 -1.161560000000000039e-04 8.468085000000000087e-05 -1.161560000000000039e-04 4.614769116549999772e+00
1.687500000000000000e+01 -1.122459999999999956e-04 8.143710000000000673e-05 -1.122459999999999956e-04 4.607926508499999407e+00
1.689999999999999858e+01 -1.084199999999999953e-04 7.827704999999999960e-05 -1.084199999999999953e-04 4.601113965349999724e+00
1.692500000000000071e+01 -1.046790000000000052e-04 7.520210000000000967e-05 -1.046790000000000052e-04 4.594311488499999818e+00
1.694999999999999929e+01 -1.010240000000000004e-04 7.221169999999999846e-05 -1.010240000000000004e-04 4.587529077499999275e+00
1.697500000000000142e+01 -9.745409999999999923e-05 6.930544999999999219e-05 -9.745409999999999923e-05 4.580776732350000380e+00
1.700000000000000000e+01 -9.397090000000000521e-05 6.648319999999999393e-05 -9.397090000000000521e-05 4.574034452999999445e+00
1.702499999999999858e+01 -9.057380000000000346e-05 6.374429999999999886e-05 -9.057380000000000346e-05 4.567322239100000125e+00
1.705000000000000071e+01 -8.726359999999999575e-05 6.108824999999999911e-05 -8.726359999999999575e-05 4.560620090350000488e+00
1.707499999999999929e+01 -8.403960000000000087e-05 5.851434999999999991e-05 -8.403960000000000087e-05 4.553938006250000115e+00
1.710000000000000142e+01 -8.090160000000000482e-05 5.602165000000000259e-05 -8.090160000000000482e-05 4.547275986349999854e+00
1.712500000000000000e+01 -7.784909999999999974e-05 5.360928000000000047e-05 -7.784909999999999974e-05 4.540644029920000158e+00
1.714999999999999858e+01 -7.488180000000000530e-05 5.127624999999999886e-05 -7.488180000000000530e-05 4.534022136349999954e+00
1.717500000000000071e+01 -7.199879999999999919e-05 4.902139000000000398e-05 -7.199879999999999919e-05 4.527420304809999685e+00
1.719999999999999929e+01 -6.919949999999999365e-05 4.684343999999999547e-05 -6.919949999999999365e-05 4.520838534360000160e+00
1.722500000000000142e+01 -6.648310000000000049e-05 4.474121499999999884e-05 -6.648310000000000049e-05 4.514276824184999981e+00
1.725000000000000000e+01 -6.384840000000000350e-05 4.271323999999999900e-05 -6.384840000000000350e-05 4.507725173159999876e+00
1.727499999999999858e+01 -6.129460000000000095e-05 4.075832999999999437e-05 -6.129460000000000095e-05 4.501203580470000354e+00
1.730000000000000071e+01 -5.882059999999999719e-05 3.887480000000000259e-05 -5.882059999999999719e-05 4.494692044799999842e+00
1.732499999999999929e+01 -5.642510000000000293e-05 3.706125999999999420e-05 -5.642510000000000293e-05 4.488210565140000163e+00
1.735000000000000142e+01 -5.410690000000000199e-05 3.531622500000000084e-05 -5.410690000000000199e-05 4.481739140374999764e+00
1.737500000000000000e+01 -5.186479999999999850e-05 3.363799999999999879e-05 -5.186479999999999850e-05 4.475287769199999488e+00
1.739999999999999858e+01 -4.969730000000000274e-05 3.202509999999999938e-05 -4.969730000000000274e-05 4.468856450499999688e+00
1.742500000000000071e+01 -4.760299999999999807e-05 3.047573000000000239e-05 -4.760299999999999807e-05 4.462445182869999805e+00
1.744999999999999929e+01 -4.558060000000000198e-05 2.898840000000000184e-05 -4.558060000000000198e-05 4.456053965199999745e+00
1.747500000000000142e+01 -4.362859999999999763e-05 2.756142499999999845e-05 -4.362859999999999763e-05 4.449672796175000222e+00
1.750000000000000000e+01 -4.174540000000000184e-05 2.619301499999999913e-05 -4.174540000000000184e-05 4.443321674384999476e+00
1.752499999999999858e+01 -3.992949999999999776e-05 2.488168999999999860e-05 -3.992949999999999776e-05 4.436980598709999946e+00
1.755000000000000071e+01 -3.817940000000000244e-05 2.362565500000000004e-05 -3.817940000000000244e-05 4.430659567745000693e+00
1.757499999999999929e+01 -3.649349999999999881e-05 2.242333500000000170e-05 -3.649349999999999881e-05 4.424358580265000285e+00
1.760000000000000142e+01 -3.487009999999999670e-05 2.127285000000000081e-05 -3.487009999999999670e-05 4.418067634749999861e+00
1.762500000000000000e+01 -3.330779999999999982e-05 2.017282000000000246e-05 -3.330779999999999982e-05 4.411796730179999848e+00
1.764999999999999858e+01 -3.180489999999999766e-05 1.912148000000000179e-05 -3.180489999999999766e-05 4.405555865120000192e+00
1.767500000000000071e+01 -3.035980000000000026e-05 1.811725000000000005e-05 -3.035980000000000026e-05 4.399315038350000151e+00
1.769999999999999929e+01 -2.897090000000000074e-05 1.715846999999999972e-05 -2.897090000000000074e-05 4.393104248530000255e+00
1.772500000000000142e+01 -2.763659999999999896e-05 1.624357499999999973e-05 -2.763659999999999896e-05 4.386903494424999828e+00
1.775000000000000000e+01 -2.635539999999999842e-05 1.537100499999999938e-05 -2.635539999999999842e-05 4.380732774794999784e+00
1.777499999999999858e+01 -2.512559999999999878e-05 1.453929999999999986e-05 -2.512559999999999878e-05 4.374562088500000279e+00
1.780000000000000071e+01 -2.394570000000000013e-05 1.374691499999999982e-05 -2.394570000000000013e-05 4.368421434284999627e+00
1.782499999999999929e+01 -2.281419999999999919e-05 1.299229500000000060e-05 -2.281419999999999919e-05 4.362290810904999816e+00
1.785000000000000142e+01 -2.172949999999999922e-05 1.227420000000000015e-05 -2.172949999999999922e-05 4.356180217399999499e+00
1.787500000000000000e+01 -2.069010000000000033e-05 1.159098500000000029e-05 -2.069010000000000033e-05 4.350089652414999897e+00
1.789999999999999858e+01 -1.969449999999999922e-05 1.094131499999999911e-05 -1.969449999999999922e-05 4.344019114884999588e+00
1.792500000000000071e+01 -1.874129999999999961e-05 1.032401499999999910e-05 -1.874129999999999961e-05 4.337958603885000208e+00
1.794999999999999929e+01 -1.782900000000000159e-05 9.737585000000000384e-06 -1.782900000000000159e-05 4.331918118194999501e+00
1.797500000000000142e+01 -1.695619999999999869e-05 9.180809999999999264e-06 -1.695619999999999869e-05 4.325887656829999983e+00
1.800000000000000000e+01 -1.612150000000000142e-05 8.652429999999999082e-06 -1.612150000000000142e-05 4.319877218790000306e+00
1.802499999999999858e+01 -1.532360000000000013e-05 8.151259999999999948e-06 -1.532360000000000013e-05 4.313886803099999945e+00
1.805000000000000071e+01 -1.456110000000000023e-05 7.676104999999999582e-06 -1.456110000000000023e-05 4.307916408794999263e+00
1.807499999999999929e+01 -1.383280000000000078e-05 7.225820000000000047e-06 -1.383280000000000078e-05 4.301956034959999897e+00
1.810000000000000142e+01 -1.313730000000000041e-05 6.799319999999999980e-06 -1.313730000000000041e-05 4.296015680700000061e+00
1.812500000000000000e+01 -1.247339999999999987e-05 6.395515000000000210e-06 -1.247339999999999987e-05 4.290085345145000062e+00
1.814999999999999858e+01 -1.183989999999999992e-05 6.013394000000000146e-06 -1.183989999999999992e-05 4.284175027465999541e+00
1.817500000000000071e+01 -1.123559999999999963e-05 5.651933500000000018e-06 -1.123559999999999963e-05 4.278284726826499629e+00
1.819999999999999929e+01 -1.065939999999999996e-05 5.310192999999999592e-06 -1.065939999999999996e-05 4.272404442466999797e+00
1.822500000000000142e+01 -1.011020000000000020e-05 4.987226999999999981e-06 -1.011020000000000020e-05 4.266544173613000090e+00
1.825000000000000000e+01 -9.586829999999999826e-06 4.682152499999999892e-06 -9.586829999999999826e-06 4.260703919547499829e+00
1.827499999999999858e+01 -9.088300000000000721e-06 4.394091999999999772e-06 -9.088300000000000721e-06 4.254873679547999998e+00
1.830000000000000071e+01 -8.613580000000000292e-06 4.122218000000000179e-06 -8.613580000000000292e-06 4.249053452942000320e+00
1.832499999999999929e+01 -8.161669999999999735e-06 3.865739000000000123e-06 -8.161669999999999735e-06 4.243263239081000116e+00
1.835000000000000142e+01 -7.731629999999999360e-06 3.623885000000000372e-06 -7.731629999999999360e-06 4.237483037335000091e+00
1.837500000000000000e+01 -7.322509999999999624e-06 3.395951999999999703e-06 -7.322509999999999624e-06 4.231712847127999666e+00
1.839999999999999858e+01 -6.933420000000000102e-06 3.181162999999999751e-06 -6.933420000000000102e-06 4.225962667816999918e+00
1.842500000000000071e+01 -6.563499999999999924e-06 2.978867000000000121e-06 -6.563499999999999924e-06 4.220232498873000004e+00
1.844999999999999929e+01 -6.211909999999999619e-06 2.788449999999999958e-06 -6.211909999999999619e-06 4.214512339789999729e+00
1.847500000000000142e+01 -5.877830000000000270e-06 2.609275499999999799e-06 -5.877830000000000270e-06 4.208812190044500134e+00
1.850000000000000000e+01 -5.560500000000000379e-06 2.440740500000000150e-06 -5.560500000000000379e-06 4.203122049139500049e+00
1.852499999999999858e+01 -5.259169999999999996e-06 2.282285499999999648e-06 -5.259169999999999996e-06 4.197451916614499901e+00
1.855000000000000071e+01 -4.973099999999999870e-06 2.133362500000000109e-06 -4.973099999999999870e-06 4.191791792017499851e+00
1.857499999999999929e+01 -4.701600000000000013e-06 1.993466500000000085e-06 -4.701600000000000013e-06 4.186151674933499933e+00
1.860000000000000142e+01 -4.444009999999999994e-06 1.862084000000000119e-06 -4.444009999999999994e-06 4.180521564935999912e+00
1.862500000000000000e+01 -4.199670000000000230e-06 1.738764499999999952e-06 -4.199670000000000230e-06 4.174911461655499423e+00
1.864999999999999858e+01 -3.967970000000000398e-06 1.623058999999999896e-06 -3.967970000000000398e-06 4.169311364721000501e+00
1.867500000000000071e+01 -3.748310000000000032e-06 1.514531000000000077e-06 -3.748310000000000032e-06 4.163731273768999763e+00
1.869999999999999929e+01 -3.540119999999999912e-06 1.412774999999999996e-06 -3.540119999999999912e-06 4.158171188465000334e+00
1.872500000000000142e+01 -3.342859999999999958e-06 1.317407999999999881e-06 -3.342859999999999958e-06 4.152611108492000547e+00
1.875000000000000000e+01 -3.155990000000000085e-06 1.228068500000000023e-06 -3.155990000000000085e-06 4.147081033551500262e+00
1.877499999999999858e+01 -2.979019999999999897e-06 1.144406999999999985e-06 -2.979019999999999897e-06 4.141560963353000169e+00
1.880000000000000071e+01 -2.811449999999999992e-06 1.066086000000000087e-06 -2.811449999999999992e-06 4.136050897616000199e+00
1.882499999999999929e+01 -2.652840000000000083e-06 9.927965000000000584e-07 -2.652840000000000083e-06 4.130560836083500220e+00
1.885000000000000142e+01 -2.502740000000000029e-06 9.242409999999999445e-07 -2.502740000000000029e-06 4.125080778509000012e+00
1.887500000000000000e+01 -2.360719999999999820e-06 8.601369999999999947e-07 -2.360719999999999820e-06 4.119610724659000134e+00
1.889999999999999858e+01 -2.226379999999999849e-06 8.002189999999999739e-07 -2.226379999999999849e-06 4.114160674310999966e+00
1.892500000000000071e+01 -2.099339999999999792e-06 7.442329999999999648e-07 -2.099339999999999792e-06 4.108730627255000378e+00
1.894999999999999929e+01 -1.979209999999999893e-06 6.919409999999999621e-07 -1.979209999999999893e-06 4.103310583290999958e+00
1.897500000000000142e+01 -1.865670000000000003e-06 6.431169999999999744e-07 -1.865670000000000003e-06 4.097900542232999932e+00
1.900000000000000000e+01 -1.758350000000000072e-06 5.975466500000000245e-07 -1.758350000000000072e-06 4.092510503901349850e+00
1.902499999999999858e+01 -1.656959999999999929e-06 5.550292999999999631e-07 -1.656959999999999929e-06 4.087130468128700400e+00
1.905000000000000071e+01 -1.561169999999999996e-06 5.153739500000000235e-07 -1.561169999999999996e-06 4.081770434756049504e+00
1.907499999999999929e+01 -1.470690000000000102e-06 4.784018499999999833e-07 -1.470690000000000102e-06 4.076420403634149814e+00
1.910000000000000142e+01 -1.385260000000000057e-06 4.439429500000000505e-07 -1.385260000000000057e-06 4.071080374621049991e+00
1.912500000000000000e+01 -1.304599999999999969e-06 4.118371000000000290e-07 -1.304599999999999969e-06 4.065760347582900280e+00
1.914999999999999858e+01 -1.228459999999999924e-06 3.819339500000000145e-07 -1.228459999999999924e-06 4.060450322394050460e+00
1.917500000000000071e+01 -1.156609999999999926e-06 3.540928000000000087e-07 -1.156609999999999926e-06 4.055160298937200203e+00
1.919999999999999929e+01 -1.088809999999999914e-06 3.281798000000000334e-07 -1.088809999999999914e-06 4.049880277100199599e+00
1.922500000000000142e+01 -1.024839999999999957e-06 3.040686499999999691e-07 -1.024839999999999957e-06 4.044610256777349200e+00
1.925000000000000000e+01 -9.645080000000000496e-07 2.816427499999999959e-07 -9.645080000000000496e-07 4.039360237871250092e+00
1.927499999999999858e+01 -9.076080000000000099e-07 2.607900999999999868e-07 -9.076080000000000099e-07 4.034120220287899627e+00
1.930000000000000071e+01 -8.539550000000000257e-07 2.414072500000000192e-07 -8.539550000000000257e-07 4.028900203940749769e+00
1.932499999999999929e+01 -8.033719999999999757e-07 2.233952000000000071e-07 -8.033719999999999757e-07 4.023680188746800113e+00
1.935000000000000142e+01 -7.556920000000000146e-07 2.066636000000000083e-07 -7.556920000000000146e-07 4.018490174630399814e+00
1.937500000000000000e+01 -7.107549999999999611e-07 1.911244000000000064e-07 -7.107549999999999611e-07 4.013300161517600273e+00
1.939999999999999858e+01 -6.684099999999999879e-07 1.766981499999999999e-07 -6.684099999999999879e-07 4.008130149341850412e+00
1.942500000000000071e+01 -6.285130000000000377e-07 1.633097999999999871e-07 -6.285130000000000377e-07 4.002970138040200077e+00
1.944999999999999929e+01 -5.909279999999999562e-07 1.508865500000000019e-07 -5.909279999999999562e-07 3.997830127551449841e+00
1.947500000000000142e+01 -5.555259999999999943e-07 1.393620999999999930e-07 -5.555259999999999943e-07 3.992690117819900131e+00
1.950000000000000000e+01 -5.221849999999999606e-07 1.286744999999999919e-07 -5.221849999999999606e-07 3.987570108793499823e+00
1.952499999999999858e+01 -4.907880000000000137e-07 1.187660499999999890e-07 -4.907880000000000137e-07 3.982470100423950221e+00
1.955000000000000071e+01 -4.612269999999999782e-07 1.095804000000000010e-07 -4.612269999999999782e-07 3.977380092663600042e+00
1.957499999999999929e+01 -4.333959999999999985e-07 1.010685000000000027e-07 -4.333959999999999985e-07 3.972300085471500264e+00
1.960000000000000142e+01 -4.071990000000000188e-07 9.318115000000000718e-08 -4.071990000000000188e-07 3.967230078806049942e+00
1.962500000000000000e+01 -3.825410000000000107e-07 8.587389999999999976e-08 -3.825410000000000107e-07 3.962180072629899907e+00
1.964999999999999858e+01 -3.593339999999999803e-07 7.910515000000000740e-08 -3.593339999999999803e-07 3.957130066908050026e+00
1.967500000000000071e+01 -3.374959999999999934e-07 7.283565000000000542e-08 -3.374959999999999934e-07 3.952110061607349678e+00
1.969999999999999929e+01 -3.169459999999999848e-07 6.702884999999999607e-08 -3.169459999999999848e-07 3.947090056697150295e+00
1.972500000000000142e+01 -2.976119999999999785e-07 6.165066999999999469e-08 -2.976119999999999785e-07 3.942090052148729651e+00
1.975000000000000000e+01 -2.794219999999999990e-07 5.666914000000000103e-08 -2.794219999999999990e-07 3.937100047935059965e+00
1.977499999999999858e+01 -2.623100000000000241e-07 5.205430499999999874e-08 -2.623100000000000241e-07 3.932120044030894768e+00
1.980000000000000071e+01 -2.462119999999999815e-07 4.777837499999999653e-08 -2.462119999999999815e-07 3.927160040412825293e+00
1.982499999999999929e+01 -2.310699999999999906e-07 4.381512000000000410e-08 -2.310699999999999906e-07 3.922200037058680255e+00
1.985000000000000142e+01 -2.168270000000000132e-07 4.014012499999999760e-08 -2.168270000000000132e-07 3.917260033947875364e+00
1.987500000000000000e+01 -2.034289999999999881e-07 3.673051999999999901e-08 -2.034289999999999881e-07 3.912340031061079859e+00
1.989999999999999858e+01 -1.908279999999999933e-07 3.356483500000000014e-08 -1.908279999999999933e-07 3.907420028380165000e+00
1.992500000000000071e+01 -1.789749999999999996e-07 3.062292500000000156e-08 -1.789749999999999996e-07 3.902520025888074784e+00
1.994999999999999929e+01 -1.678260000000000100e-07 2.788571500000000083e-08 -1.678260000000000100e-07 3.897630023568684710e+00
1.997500000000000142e+01 -1.573390000000000035e-07 2.533629999999999904e-08 -1.573390000000000035e-07 3.892750021407699990e+00
2.000000000000000000e+01 -1.474730000000000130e-07 2.295522999999999994e-08 -1.474730000000000130e-07 3.887890019388569929e+00
