# col1: q[fm^-1] col2: weakFF col3: chargeFF [unitless]
9.999999999999999547e-07 1.000000017674844255e+00 9.999999121463784002e-01
9.999999776482582092e-03 9.997946450921040284e-01 9.998104337132467379e-01
1.999999955296516418e-02 9.991787492076620314e-01 9.992421856007126513e-01
2.999999932944774628e-02 9.981529952511871695e-01 9.982957290991192334e-01
3.999999910593032837e-02 9.967184906658508314e-01 9.969719987293302887e-01
4.999999701976776123e-02 9.948767835898715273e-01 9.952723011580996149e-01
5.999999865889549255e-02 9.926298582970731754e-01 9.931983114317102235e-01
7.000000029802322388e-02 9.899801350719049653e-01 9.907520734254398054e-01
7.999999821186065674e-02 9.869304649137469188e-01 9.879359956427175016e-01
8.999999612569808960e-02 9.834841219403660517e-01 9.847528450067353223e-01
9.999999403953552246e-02 9.796448008381983819e-01 9.812057454270655121e-01
1.099999994039535522e-01 9.754166063652870422e-01 9.772981691372617519e-01
1.199999973177909851e-01 9.708040592639534117e-01 9.730339433063043275e-01
1.299999952316284180e-01 9.658120697043683922e-01 9.684172267463339034e-01
1.400000005960464478e-01 9.604459371610160057e-01 9.634525111411678111e-01
1.499999910593032837e-01 9.547113591520852705e-01 9.581446305909341321e-01
1.599999964237213135e-01 9.486143756565803553e-01 9.524987117143650650e-01
1.700000017881393433e-01 9.421614138430842722e-01 9.465202166717914256e-01
1.799999922513961792e-01 9.353592541216935174e-01 9.402149134673472020e-01
1.899999976158142090e-01 9.282149861117614531e-01 9.335888369046716484e-01
1.999999880790710449e-01 9.207360691134011121e-01 9.266483465087194116e-01
2.099999934434890747e-01 9.129302347572822995e-01 9.194000381498368402e-01
2.199999988079071045e-01 9.048055510738253204e-01 9.118508054608737146e-01
2.299999892711639404e-01 8.963703780772366292e-01 9.040078006707724656e-01
2.399999946355819702e-01 8.876333144021257837e-01 8.958783870361889390e-01
2.500000000000000000e-01 8.786032588545492628e-01 8.874701981784112181e-01
2.599999904632568359e-01 8.692893604476910063e-01 8.787910937997135408e-01
2.699999809265136719e-01 8.597009747645507627e-01 8.698491211726436800e-01
2.800000011920928955e-01 8.498476600175296491e-01 8.606525135684887085e-01
2.899999916553497314e-01 8.397392670282174398e-01 8.512097765013951767e-01
2.999999821186065674e-01 8.293857477504666953e-01 8.415295112152851864e-01
3.100000023841857910e-01 8.187972246622208239e-01 8.316204815189025545e-01
3.199999928474426270e-01 8.079840731626534156e-01 8.214916932071206768e-01
3.299999833106994629e-01 7.969567165218904847e-01 8.111522043474880261e-01
3.400000035762786865e-01 7.857257019339410897e-01 8.006111984558598182e-01
3.499999940395355225e-01 7.743017880143013842e-01 7.898780688903760394e-01
3.599999845027923584e-01 7.626957281266212307e-01 7.789622175882888744e-01
3.700000047683715820e-01 7.509183525725802166e-01 7.678731340899506153e-01
3.799999952316284180e-01 7.389806606017794710e-01 7.566204843508580469e-01
3.899999856948852539e-01 7.268935941177997462e-01 7.452138996393528059e-01
3.999999761581420898e-01 7.146681620634608434e-01 7.336630955072686033e-01
4.099999964237213135e-01 7.023153531788222104e-01 7.219777912969463918e-01
4.199999868869781494e-01 6.898462684110506782e-01 7.101678372408748441e-01
4.299999773502349854e-01 6.772718849436890620e-01 6.982429929624082154e-01
4.399999976158142090e-01 6.646031504123579570e-01 6.862130180230434640e-01
4.499999880790710449e-01 6.518510830172233872e-01 6.740877687734311285e-01
4.599999785423278809e-01 6.390265306453646321e-01 6.618769711119716348e-01
4.699999988079071045e-01 6.261402691668953580e-01 6.495903149880367655e-01
4.799999892711639404e-01 6.132031049392100419e-01 6.372375536936014662e-01
4.899999797344207764e-01 6.002256309952103130e-01 6.248282726278241439e-01
5.000000000000000000e-01 5.872183287346014469e-01 6.123719871338934029e-01
5.099999904632568359e-01 5.741916721589584993e-01 5.998782436197847012e-01
5.199999809265136719e-01 5.611558830345384496e-01 5.873563860422238436e-01
5.299999713897705078e-01 5.481210741105524420e-01 5.748156938334803012e-01
5.399999618530273438e-01 5.350971990353424745e-01 5.622653346837406252e-01
5.500000119209289551e-01 5.220939640181695429e-01 5.497142798966401234e-01
5.600000023841857910e-01 5.091211272772560026e-01 5.371715941119760140e-01
5.699999928474426270e-01 4.961880239362397305e-01 5.246459771734310884e-01
5.799999833106994629e-01 4.833038667263524490e-01 5.121460545774573214e-01
5.899999737739562988e-01 4.704776593903279847e-01 4.996802941628119554e-01
5.999999642372131348e-01 4.577181881593928026e-01 4.872569979813644592e-01
6.100000143051147461e-01 4.450339383712313412e-01 4.748842209612296195e-01
6.200000047683715820e-01 4.324333889327124925e-01 4.625700582247110892e-01
6.299999952316284180e-01 4.199245516265982525e-01 4.503221955450473213e-01
6.399999856948852539e-01 4.075152675533488256e-01 4.381481980955311828e-01
6.499999761581420898e-01 3.952131253327518245e-01 4.260554303439009205e-01
6.599999666213989258e-01 3.830254556612484040e-01 4.140510502537628756e-01
6.699999570846557617e-01 3.709593263881716396e-01 4.021420038901996064e-01
6.800000071525573730e-01 3.590214673502157283e-01 3.903349503737955639e-01
6.899999976158142090e-01 3.472185503398110273e-01 3.786365381982532696e-01
6.999999880790710449e-01 3.355567587377666361e-01 3.670529787491104146e-01
7.099999785423278809e-01 3.240420700708431245e-01 3.555903246947962337e-01
7.199999690055847168e-01 3.126801820958581835e-01 3.442543959434593015e-01
7.299999594688415527e-01 3.014765109224922246e-01 3.330507766907054856e-01
7.400000095367431641e-01 2.904361243145704430e-01 3.219847473318696029e-01
7.500000000000000000e-01 2.795640030314584523e-01 3.110615453281413423e-01
7.599999904632568359e-01 2.688646455111380895e-01 3.002859676549284873e-01
7.699999809265136719e-01 2.583423321204437739e-01 2.896626341264806892e-01
7.799999713897705078e-01 2.480010593272604369e-01 2.791959200412065800e-01
7.899999618530273438e-01 2.378445406085190894e-01 2.688899555795380980e-01
7.999999523162841797e-01 2.278762077848388579e-01 2.587486255739109287e-01
8.100000023841857910e-01 2.180991550699535875e-01 2.487755107079096528e-01
8.199999928474426270e-01 2.085163731839535239e-01 2.389741247840853344e-01
8.299999833106994629e-01 1.991304022123781825e-01 2.293475588698623835e-01
8.399999737739562988e-01 1.899435687810853979e-01 2.198987212824272675e-01
8.499999642372131348e-01 1.809579304782469034e-01 2.106302791513878225e-01
8.599999547004699707e-01 1.721752794696282951e-01 2.015446602516927643e-01
8.700000047683715820e-01 1.635970959258385704e-01 1.926440026512589443e-01
8.799999952316284180e-01 1.552247555813177360e-01 1.839303682610904656e-01
8.899999856948852539e-01 1.470592275022842288e-01 1.754054272417285842e-01
8.999999761581420898e-01 1.391012846747739229e-01 1.670706743412267992e-01
9.099999666213989258e-01 1.313514573712536160e-01 1.589273785709829356e-01
9.199999570846557617e-01 1.238100385086952637e-01 1.509765867427707853e-01
9.300000071525573730e-01 1.164770461546545260e-01 1.432190815893558677e-01
9.399999976158142090e-01 1.093524029263871350e-01 1.356555695777597603e-01
9.499999880790710449e-01 1.024356797593741625e-01 1.282864077087222110e-01
9.599999785423278809e-01 9.572627818130417798e-02 1.211117940679990040e-01
9.699999690055847168e-01 8.922339235380796763e-02 1.141317256483330711e-01
9.799999594688415527e-01 8.292601559777881826e-02 1.073460031695756128e-01
9.899999499320983887e-01 7.683294705747367725e-02 1.007542360695346528e-01
1.000000000000000000e+00 7.094276398149054752e-02 9.435581009061073943e-02
1.009999990463256836e+00 6.525396783836578951e-02 8.815004397032161210e-02
1.019999980926513672e+00 5.976478067017277490e-02 8.213596605220301050e-02
1.029999971389770508e+00 5.447329378969052727e-02 7.631247353316290838e-02
1.039999961853027344e+00 4.937743919795619524e-02 7.067829940907317809e-02
1.049999952316284180e+00 4.447499676206895236e-02 6.523201823026239521e-02
1.059999942779541016e+00 3.976360142794276020e-02 5.997205194188626881e-02
1.069999933242797852e+00 3.524075045438324755e-02 5.489667579735830333e-02
1.079999923706054688e+00 3.090381065522570039e-02 5.000402433319925399e-02
1.090000033378601074e+00 2.674997720002817922e-02 4.529204229214082306e-02
1.100000023841857910e+00 2.277647671215715999e-02 4.075871320940971376e-02
1.110000014305114746e+00 1.898027740878235545e-02 3.640172851862508163e-02
1.120000004768371582e+00 1.535829646283986410e-02 3.221872046822811531e-02
1.129999995231628418e+00 1.190735649725770465e-02 2.820721099255255743e-02
1.139999985694885254e+00 8.624192619247034869e-03 2.436461782284057159e-02
1.149999976158142090e+00 5.505459381226267442e-03 2.068826058458362455e-02
1.159999966621398926e+00 2.547737658507893618e-03 1.717536687155397576e-02
1.169999957084655762e+00 -2.524585656584110629e-04 1.382307828720187592e-02
1.179999947547912598e+00 -2.898675516624774507e-03 1.062845644441473732e-02
1.189999938011169434e+00 -5.394513054932803184e-03 7.588488914963060182e-03
1.199999928474426270e+00 -7.743618220942421332e-03 4.700095120294377378e-03
1.209999918937683105e+00 -9.949678905019807354e-03 1.960132155680962326e-03
1.220000028610229492e+00 -1.201644147224275282e-02 -6.346295387763542040e-04
1.230000019073486328e+00 -1.394760782301804856e-02 -3.087378521478768151e-03
1.240000009536743164e+00 -1.574697723793279033e-02 -5.401442301180601514e-03
1.250000000000000000e+00 -1.741834045714444820e-02 -7.580156439315781022e-03
1.259999990463256836e+00 -1.896549953500849262e-02 -9.626890957485220376e-03
1.269999980926513672e+00 -2.039226239500138357e-02 -1.154504506120993500e-02
1.279999971389770508e+00 -2.170243754963941535e-02 -1.333804197629382890e-02
1.289999961853027344e+00 -2.289982898918803064e-02 -1.500932390290694862e-02
1.299999952316284180e+00 -2.398823124251294597e-02 -1.656234709213510667e-02
1.309999942779541016e+00 -2.497142461299025132e-02 -1.800057704937956665e-02
1.319999933242797852e+00 -2.585317059196566222e-02 -1.932748386863012563e-02
1.329999923706054688e+00 -2.663720745183612362e-02 -2.054653770127863946e-02
1.339999914169311523e+00 -2.732724602041817705e-02 -2.166120436278605108e-02
1.350000023841857910e+00 -2.792697226326030374e-02 -2.267495257696898123e-02
1.360000014305114746e+00 -2.844001591076372737e-02 -2.359120273807571028e-02
1.370000004768371582e+00 -2.886998961257830620e-02 -2.441339539393566974e-02
1.379999995231628418e+00 -2.922045582340118339e-02 -2.514493793637515365e-02
1.389999985694885254e+00 -2.949493117550244792e-02 -2.578921361427147924e-02
1.399999976158142090e+00 -2.969688335428329745e-02 -2.634957801780120693e-02
1.409999966621398926e+00 -2.982972815627028124e-02 -2.682935571430201949e-02
1.419999957084655762e+00 -2.989682672835281343e-02 -2.723183703644526527e-02
1.429999947547912598e+00 -2.990148298677095320e-02 -2.756027502312301258e-02
1.439999938011169434e+00 -2.984694121407325401e-02 -2.781788251316783672e-02
1.449999928474426270e+00 -2.973638383199114429e-02 -2.800782939174736169e-02
1.459999918937683105e+00 -2.957292934791765429e-02 -2.813323998900964934e-02
1.469999909400939941e+00 -2.935963047243187254e-02 -2.819719063029685335e-02
1.480000019073486328e+00 -2.909946903610270350e-02 -2.820270706633412616e-02
1.490000009536743164e+00 -2.879536740969163011e-02 -2.815276276258123211e-02
1.500000000000000000e+00 -2.845016845707610750e-02 -2.805027723900774955e-02
1.509999990463256836e+00 -2.806664619479851824e-02 -2.789811329711348875e-02
1.519999980926513672e+00 -2.764750189095853058e-02 -2.769907571753948278e-02
1.529999971389770508e+00 -2.719536314333139207e-02 -2.745590969221825897e-02
1.539999961853027344e+00 -2.671278310493660491e-02 -2.717129939695483651e-02
1.549999952316284180e+00 -2.620223985304043213e-02 -2.684786670206151804e-02
1.559999942779541016e+00 -2.566613589745435700e-02 -2.648817001850491473e-02
1.569999933242797852e+00 -2.510679782388427345e-02 -2.609470327686826824e-02
1.579999923706054688e+00 -2.452647606798912666e-02 -2.566989503628835587e-02
1.589999914169311523e+00 -2.392734481572644789e-02 -2.521610772039271919e-02
1.599999904632568359e+00 -2.331150202549057623e-02 -2.473563697713843795e-02
1.610000014305114746e+00 -2.268096197120121962e-02 -2.423070500303874802e-02
1.620000004768371582e+00 -2.203768573886605298e-02 -2.370348451311688268e-02
1.629999995231628418e+00 -2.138353645256682589e-02 -2.315606229898696175e-02
1.639999985694885254e+00 -2.072030965654440837e-02 -2.259046286703214959e-02
1.649999976158142090e+00 -2.004972644431099460e-02 -2.200864248987234595e-02
1.659999966621398926e+00 -1.937343411467352949e-02 -2.141248923889849456e-02
1.669999957084655762e+00 -1.869300691706595602e-02 -2.080382311639760937e-02
1.679999947547912598e+00 -1.800994688152687123e-02 -2.018439628353595194e-02
1.689999938011169434e+00 -1.732568472868034268e-02 -1.955589338042892228e-02
1.699999928474426270e+00 -1.664158085510866400e-02 -1.891993193449697380e-02
1.709999918937683105e+00 -1.595892638954351031e-02 -1.827806285328646696e-02
1.719999909400939941e+00 -1.527894431534775749e-02 -1.763177099792017852e-02
1.730000019073486328e+00 -1.460278262164167902e-02 -1.698246808067467931e-02
1.740000009536743164e+00 -1.393154774255997604e-02 -1.633152438699266018e-02
1.750000000000000000e+00 -1.326625747018974309e-02 -1.568022310232497149e-02
1.759999990463256836e+00 -1.260787460095363736e-02 -1.502979211414441976e-02
1.769999980926513672e+00 -1.195730023825145906e-02 -1.438139720602704327e-02
1.779999971389770508e+00 -1.131537522098333311e-02 -1.373614303455636919e-02
1.789999961853027344e+00 -1.068288158848170431e-02 -1.309507416026104744e-02
1.799999952316284180e+00 -1.006054407790796072e-02 -1.245917612890063732e-02
1.809999942779541016e+00 -9.449031650263997259e-03 -1.182937659946167383e-02
1.819999933242797852e+00 -8.848959041267227474e-03 -1.120654651527636970e-02
1.829999923706054688e+00 -8.260888333439483575e-03 -1.059150131473371101e-02
1.839999914169311523e+00 -7.685330545864550375e-03 -9.985002178112855828e-03
1.849999904632568359e+00 -7.122747238176899663e-03 -9.387757307134612927e-03
1.860000014305114746e+00 -6.573545659837347170e-03 -8.800416293852633340e-03
1.870000004768371582e+00 -6.038106401168254547e-03 -8.223599344667835778e-03
1.879999995231628418e+00 -5.516745732433466290e-03 -7.657856618047161404e-03
1.889999985694885254e+00 -5.009743585357673452e-03 -7.103697735607071746e-03
1.899999976158142090e+00 -4.517338553116798973e-03 -6.561586114830923744e-03
1.909999966621398926e+00 -4.039729513797951817e-03 -6.031940377549996866e-03
1.919999957084655762e+00 -3.577077247197270153e-03 -5.515135769435426834e-03
1.929999947547912598e+00 -3.129506042439121009e-03 -5.011505587737824854e-03
1.939999938011169434e+00 -2.697105294019096385e-03 -4.521342614602821136e-03
1.949999928474426270e+00 -2.279931083992114711e-03 -4.044900553383011001e-03
1.959999918937683105e+00 -1.878007748145595936e-03 -3.582395465461015588e-03
1.969999909400939941e+00 -1.491329424116116364e-03 -3.134007205193303173e-03
1.979999899864196777e+00 -1.119861579525174584e-03 -2.699880850680316108e-03
1.990000009536743164e+00 -7.635383606407710648e-04 -2.280123210340279268e-03
2.000000000000000000e+00 -4.222808849158495026e-04 -1.874824082784509261e-03
2.009999990463256836e+00 -9.597321443025444746e-05 -1.484027637775860511e-03
2.019999980926513672e+00 2.155190426215911601e-04 -1.107753997385662725e-03
2.029999971389770508e+00 5.123516663235483945e-04 -7.459955251561175421e-04
2.039999961853027344e+00 7.947004507494471711e-04 -3.987181890653320208e-04
2.049999952316284180e+00 1.062759859933048090e-03 -6.586290696814036175e-05
2.059999942779541016e+00 1.316741715128624248e-03 2.526531270093753832e-04
2.069999933242797852e+00 1.556873914291448391e-03 5.569351365493842602e-04
2.079999923706054688e+00 1.783399184607344350e-03 8.471094790302119513e-04
2.089999914169311523e+00 1.996573868802681024e-03 1.123322384464847277e-03
2.099999904632568359e+00 2.196666745871156835e-03 1.385738718641438098e-03
2.109999895095825195e+00 2.383957886761519165e-03 1.634540771527724819e-03
2.119999885559082031e+00 2.558737545481086680e-03 1.869927071913492266e-03
2.129999876022338867e+00 2.721305085983519167e-03 2.092111229179136403e-03
2.139999866485595703e+00 2.871967945126062492e-03 2.301320802993821104e-03
2.149999856948852539e+00 3.011040631901320316e-03 2.497796201664426521e-03
2.159999847412109375e+00 3.138843763071514498e-03 2.681789609775907246e-03
2.169999837875366211e+00 3.255703135259390910e-03 2.853563945685083994e-03
2.180000066757202148e+00 3.361951242693506526e-03 3.013395519755638578e-03
2.190000057220458984e+00 3.457916544139368227e-03 3.161558096636468002e-03
2.200000047683715820e+00 3.543937830618598683e-03 3.298344798422885461e-03
2.210000038146972656e+00 3.620353066304711920e-03 3.424051666182732680e-03
2.220000028610229492e+00 3.687501299651856426e-03 3.538980724462134977e-03
2.230000019073486328e+00 3.745721951634762778e-03 3.643439125587402076e-03
2.240000009536743164e+00 3.795354139027212401e-03 3.737738325744200708e-03
2.250000000000000000e+00 3.836736032297978407e-03 3.822193292849584197e-03
2.259999990463256836e+00 3.870204247657766175e-03 3.897121746174765124e-03
2.269999980926513672e+00 3.896093272748534040e-03 3.962843427621591530e-03
2.279999971389770508e+00 3.914734925426972476e-03 4.019679404502825293e-03
2.289999961853027344e+00 3.926457845057662252e-03 4.067951403626515229e-03
2.299999952316284180e+00 3.931587015697504336e-03 4.107981176436747289e-03
2.309999942779541016e+00 3.930443320522073770e-03 4.140089894918041157e-03
2.319999933242797852e+00 3.923343126816234740e-03 4.164597577927920714e-03
2.329999923706054688e+00 3.910597900825481081e-03 4.181822547581732531e-03
2.339999914169311523e+00 3.892513851741230286e-03 4.192080915275962598e-03
2.349999904632568359e+00 3.869391604072376124e-03 4.195686096900797836e-03
2.359999895095825195e+00 3.841525897636876002e-03 4.192948356759404298e-03
2.369999885559082031e+00 3.809205314390835817e-03 4.184174379680600901e-03
2.379999876022338867e+00 3.772712031298374596e-03 4.169666870782953380e-03
2.389999866485595703e+00 3.732321598433702148e-03 4.149724182322160441e-03
2.399999856948852539e+00 3.688302741496634132e-03 4.124639967029100282e-03
2.409999847412109375e+00 3.640917187914960093e-03 4.094702857324358618e-03
2.419999837875366211e+00 3.590419515700701836e-03 4.060196169774777861e-03
2.429999828338623047e+00 3.537057024223148362e-03 4.021397634139924938e-03
2.440000057220458984e+00 3.481068261784176290e-03 3.978578079669588610e-03
2.450000047683715820e+00 3.422688340473553550e-03 3.932005391610818128e-03
2.460000038146972656e+00 3.362140850264361963e-03 3.881938175205735045e-03
2.470000028610229492e+00 3.299643092438887381e-03 3.828629571435154030e-03
2.480000019073486328e+00 3.235404742861908156e-03 3.772326124724328846e-03
2.490000009536743164e+00 3.169627836642489611e-03 3.713267645080657858e-03
2.500000000000000000e+00 3.102506768869101733e-03 3.651687089917819967e-03
2.509999990463256836e+00 3.034228310603561893e-03 3.587810464838803604e-03
2.519999980926513672e+00 2.964971639328323194e-03 3.521856742648322904e-03
2.529999971389770508e+00 2.894908383051963702e-03 3.454037799864740927e-03
2.539999961853027344e+00 2.824202677288977122e-03 3.384558370002682757e-03
2.549999952316284180e+00 2.753011234142457245e-03 3.313616012899615534e-03
2.559999942779541016e+00 2.681483422731619371e-03 3.241401099363542659e-03
2.569999933242797852e+00 2.609761360220594177e-03 3.168096810423717737e-03
2.579999923706054688e+00 2.537980012719913241e-03 3.093879150472164576e-03
2.589999914169311523e+00 2.466267305348424782e-03 3.018916973591089653e-03
2.599999904632568359e+00 2.394744240759864168e-03 2.943372022369238929e-03
2.609999895095825195e+00 2.323525025455947576e-03 2.867398978519403261e-03
2.619999885559082031e+00 2.252717203225884039e-03 2.791145524619373201e-03
2.629999876022338867e+00 2.182421795070782575e-03 2.714752416309441311e-03
2.639999866485595703e+00 2.112733444990480113e-03 2.638353564291175384e-03
2.649999856948852539e+00 2.043740571030085683e-03 2.562076125484798704e-03
2.659999847412109375e+00 1.975525521002963105e-03 2.486040602715269311e-03
2.669999837875366211e+00 1.908164732327541878e-03 2.410360952311270486e-03
2.679999828338623047e+00 1.841728895435359266e-03 2.335144699015227147e-03
2.690000057220458984e+00 1.776281572165807135e-03 2.260491285280174373e-03
2.700000047683715820e+00 1.711885582720023072e-03 2.186499305217196303e-03
2.710000038146972656e+00 1.648593812501688389e-03 2.113255955570296583e-03
2.720000028610229492e+00 1.586455651548651039e-03 2.040844309699830442e-03
2.730000019073486328e+00 1.525515595981714358e-03 1.969341673599115609e-03
2.740000009536743164e+00 1.465813422603432122e-03 1.898819732892501619e-03
2.750000000000000000e+00 1.407384363848235200e-03 1.829344703368955202e-03
2.759999990463256836e+00 1.350259282705570897e-03 1.760977484577787994e-03
2.769999980926513672e+00 1.294464847257681493e-03 1.693773816030349610e-03
2.779999971389770508e+00 1.240023704493214887e-03 1.627784435568787160e-03
2.789999961853027344e+00 1.186954653077130183e-03 1.563055239480062126e-03
2.799999952316284180e+00 1.135272814776226409e-03 1.499627443950842789e-03
2.809999942779541016e+00 1.084989804258202316e-03 1.437537747476022934e-03
2.819999933242797852e+00 1.036113897000173973e-03 1.376818493850810211e-03
2.829999923706054688e+00 9.886501950603365785e-04 1.317497835393486097e-03
2.839999914169311523e+00 9.426007904835940901e-04 1.259599896062775981e-03
2.849999904632568359e+00 8.979649261288295608e-04 1.203144934150734806e-03
2.859999895095825195e+00 8.547391537217516669e-04 1.148149504248616171e-03
2.869999885559082031e+00 8.129174889529976883e-04 1.094626618199569029e-03
2.879999876022338867e+00 7.724915634566524711e-04 1.042585904768379094e-03
2.889999866485595703e+00 7.334507735190560649e-04 9.920337677743040067e-04
2.899999856948852539e+00 6.957824253821510941e-04 9.429735424487570815e-04
2.909999847412109375e+00 6.594718770196038738e-04 8.954056497951085047e-04
2.919999837875366211e+00 6.245026762771450479e-04 8.493277487428346414e-04
2.929999828338623047e+00 5.908566952816790823e-04 8.047348859031407597e-04
2.939999818801879883e+00 5.585142610359976941e-04 7.616196427475609588e-04
2.950000047683715820e+00 5.274535567126618571e-04 7.199713045021229746e-04
2.960000038146972656e+00 4.976536758455823257e-04 6.797799384192091321e-04
2.970000028610229492e+00 4.690902987357161466e-04 6.410305750161218556e-04
2.980000019073486328e+00 4.417387992753216597e-04 6.037073499411158917e-04
2.990000009536743164e+00 4.155735998983330765e-04 5.677926256642988135e-04
3.000000000000000000e+00 3.905682781832222716e-04 5.332671202104361441e-04
3.009999990463256836e+00 3.666956693702562160e-04 5.001100324396076484e-04
3.019999980926513672e+00 3.439279647935277861e-04 4.682991637995889472e-04
3.029999971389770508e+00 3.222368062366301336e-04 4.378110364847664069e-04
3.039999961853027344e+00 3.015933762290305795e-04 4.086210079470693974e-04
3.049999952316284180e+00 2.819684843078447043e-04 3.807033817145535513e-04
3.059999942779541016e+00 2.633326492771029671e-04 3.540315144830792258e-04
3.069999933242797852e+00 2.456561775034768903e-04 3.285779194559077139e-04
3.079999923706054688e+00 2.289092372939871805e-04 3.043143659149860560e-04
3.089999914169311523e+00 2.130619294073959999e-04 2.812119750162773665e-04
3.099999904632568359e+00 1.980843537566833259e-04 2.592413118096180630e-04
3.109999895095825195e+00 1.839466723654421755e-04 2.383724734913465141e-04
3.119999885559082031e+00 1.706191686460008380e-04 2.185751739053109013e-04
3.129999876022338867e+00 1.580723030716665997e-04 1.998188243147766649e-04
3.139999866485595703e+00 1.462767653197664431e-04 1.820726104743448774e-04
3.149999856948852539e+00 1.352035229659809853e-04 1.653055660371693426e-04
3.159999847412109375e+00 1.248238668139582382e-04 1.494866423385146517e-04
3.169999837875366211e+00 1.151094529473249228e-04 1.345847746021684157e-04
3.179999828338623047e+00 1.060323415939421149e-04 1.205689446212163460e-04
3.189999818801879883e+00 9.756503289467873962e-05 1.074082399694148893e-04
3.199999809265136719e+00 8.968049967096726287e-05 9.507190980369514843e-05
3.210000038146972656e+00 8.235204899064995667e-05 8.352915134995069900e-05
3.220000028610229492e+00 7.555403474533866118e-05 7.275024082090998656e-05
3.230000019073486328e+00 6.926083460632160541e-05 6.270492930997379681e-05
3.240000009536743164e+00 6.344758316924243343e-05 5.336360449645932854e-05
3.250000000000000000e+00 5.809000993157094090e-05 4.469704590283488040e-05
3.259999990463256836e+00 5.316445610559934201e-05 3.667646171547931858e-05
3.269999980926513672e+00 4.864788912002442170e-05 2.927352271365279377e-05
3.279999971389770508e+00 4.451791490931215710e-05 2.246039339016885441e-05
3.289999961853027344e+00 4.075278808943440847e-05 1.620976034872994838e-05
3.299999952316284180e+00 3.733142011770422124e-05 1.049485806418644255e-05
3.309999942779541016e+00 3.423338553343583979e-05 5.289492093047193223e-06
3.319999933242797852e+00 3.143892637480614241e-05 5.680598222445606022e-07
3.329999923706054688e+00 2.892895486601257493e-05 -3.694431155171201647e-06
3.339999914169311523e+00 2.668505446715325007e-05 -7.522346948490246162e-06
3.349999904632568359e+00 2.468947937760583157e-05 -1.093941347287837696e-05
3.359999895095825195e+00 2.292515258183107246e-05 -1.396870465895106505e-05
3.369999885559082031e+00 2.137566252463515037e-05 -1.663263267968859656e-05
3.379999876022338867e+00 2.002525850084899400e-05 -1.895294010635816518e-05
3.389999866485595703e+00 1.885884484237163020e-05 -2.095069390572991140e-05
3.399999856948852539e+00 1.786197398330666955e-05 -2.264628119167610379e-05
3.409999847412109375e+00 1.702083848180687754e-05 -2.405940664503789187e-05
3.419999837875366211e+00 1.632226207493755435e-05 -2.520909151681556811e-05
3.429999828338623047e+00 1.575368984067364195e-05 -2.611367413078812384e-05
3.439999818801879883e+00 1.530317753889924397e-05 -2.679081180300729967e-05
3.449999809265136719e+00 1.495938020092904060e-05 -2.725748409699122615e-05
3.460000038146972656e+00 1.471153518783259394e-05 -2.753000164310439679e-05
3.470000028610229492e+00 1.454947079331292322e-05 -2.762399051959228455e-05
3.480000019073486328e+00 1.446355788403909396e-05 -2.755443746690642366e-05
3.490000009536743164e+00 1.444472176540075842e-05 -2.733566753250706212e-05
3.500000000000000000e+00 1.448442096745802471e-05 -2.698136158988554079e-05
3.509999990463256836e+00 1.457463266113206342e-05 -2.650456599188094590e-05
3.519999980926513672e+00 1.470783774741866536e-05 -2.591770303736600035e-05
3.529999971389770508e+00 1.487700567152098197e-05 -2.523258218410927932e-05
3.539999961853027344e+00 1.507557901176447382e-05 -2.446041194246084517e-05
3.549999952316284180e+00 1.529745789093153041e-05 -2.361181238672531565e-05
3.559999942779541016e+00 1.553698425571984314e-05 -2.269682822295696363e-05
3.569999933242797852e+00 1.578892606786955338e-05 -2.172494235410157899e-05
3.579999923706054688e+00 1.604846144852439013e-05 -2.070508988545016310e-05
3.589999914169311523e+00 1.631116281539169609e-05 -1.964567251544689473e-05
3.599999904632568359e+00 1.657298105018791516e-05 -1.855457325907149791e-05
3.609999895095825195e+00 1.683022973195463386e-05 -1.743917145304214278e-05
3.619999885559082031e+00 1.707956946982918260e-05 -1.630635799425633604e-05
3.629999876022338867e+00 1.731799236683304640e-05 -1.516255076499079054e-05
3.639999866485595703e+00 1.754280664443819466e-05 -1.401371020039205420e-05
3.649999856948852539e+00 1.775162145558736908e-05 -1.286535495601110478e-05
3.659999847412109375e+00 1.794233191203042444e-05 -1.172257763507755230e-05
3.669999837875366211e+00 1.811310434993780339e-05 -1.059006053732428057e-05
3.679999828338623047e+00 1.826236185581279594e-05 -9.472091393200809411e-06
3.689999818801879883e+00 1.838877007297966802e-05 -8.372579049245763028e-06
3.699999809265136719e+00 1.849122330699586991e-05 -7.295069072471621464e-06
3.709999799728393555e+00 1.856883094662003343e-05 -6.242759243452297209e-06
3.720000028610229492e+00 1.862090514798140628e-05 -5.218490845295427119e-06
3.730000019073486328e+00 1.864694357306096744e-05 -4.224860866704090326e-06
3.740000009536743164e+00 1.864662430633794347e-05 -3.264090388238191255e-06
3.750000000000000000e+00 1.861978807778892549e-05 -2.338137789814872666e-06
3.759999990463256836e+00 1.856642799892016063e-05 -1.448688533643397978e-06
3.769999980926513672e+00 1.848667813034254143e-05 -5.971694582223650339e-07
3.779999971389770508e+00 1.838080243442407000e-05 2.152371995658493399e-07
3.789999961853027344e+00 1.824918411690823033e-05 9.875800703953009547e-07
3.799999952316284180e+00 1.809231536007301869e-05 1.719125221057916398e-06
3.809999942779541016e+00 1.791078744873273845e-05 2.409343038701474580e-06
3.819999933242797852e+00 1.770528128922280091e-05 3.057895442362671730e-06
3.829999923706054688e+00 1.747655832041675810e-05 3.664623432004653927e-06
3.839999914169311523e+00 1.722545181476970856e-05 4.229534983901159483e-06
3.849999904632568359e+00 1.695285856649503885e-05 4.752793299957907006e-06
3.859999895095825195e+00 1.665973096305937924e-05 5.234705417264768628e-06
3.869999885559082031e+00 1.634706943543136077e-05 5.675711183042765154e-06
3.879999876022338867e+00 1.601591528182077503e-05 6.076372598984993315e-06
3.889999866485595703e+00 1.566734385898499806e-05 6.437363537932537276e-06
3.899999856948852539e+00 1.530245813464120266e-05 6.759459834808083010e-06
3.909999847412109375e+00 1.492238259404069635e-05 7.043529752765778686e-06
3.919999837875366211e+00 1.452825749333182617e-05 7.290524824594267477e-06
3.929999828338623047e+00 1.412123345198649598e-05 7.501471068575891520e-06
3.939999818801879883e+00 1.370246637626763075e-05 7.677460577183653904e-06
3.949999809265136719e+00 1.327311270548043439e-05 7.819643476240654140e-06
3.959999799728393555e+00 1.283432497253569036e-05 7.929220251479921367e-06
3.970000028610229492e+00 1.238723692127263635e-05 8.007435939767443839e-06
3.980000019073486328e+00 1.193300250830654305e-05 8.055566472928403097e-06
3.990000009536743164e+00 1.147272835893493043e-05 8.074923224433799390e-06
4.000000000000000000e+00 1.100751296871215109e-05 8.066838590648272442e-06
4.009999752044677734e+00 1.053844436129897051e-05 8.032663435600015910e-06
4.019999980926513672e+00 1.006654124443526842e-05 7.973755948582705806e-06
4.029999732971191406e+00 9.592874046344074276e-06 7.891489786614936354e-06
4.039999961853027344e+00 9.118393927908496527e-06 7.787226864554487880e-06
4.049999713897705078e+00 8.644111250033893076e-06 7.662343834621600924e-06
4.059999942779541016e+00 8.170913013908388274e-06 7.518188327245082184e-06
4.069999694824218750e+00 7.699742021483679547e-06 7.356122297875059213e-06
4.079999923706054688e+00 7.231415216415330802e-06 7.177463637662885881e-06
4.089999675750732422e+00 6.766802082535457687e-06 6.983544285390884268e-06
4.099999904632568359e+00 6.306645219047622440e-06 6.775639226936836830e-06
4.110000133514404297e+00 5.851715072808192949e-06 6.555026505401768726e-06
4.119999885559082031e+00 5.402741752171359642e-06 6.322959589354098854e-06
4.130000114440917969e+00 4.960351482795604442e-06 6.080629075381423569e-06
4.139999866485595703e+00 4.525215400702413355e-06 5.829239224833901404e-06
4.150000095367431641e+00 4.097880809407854333e-06 5.569913885161901979e-06
4.159999847412109375e+00 3.678937057251565931e-06 5.303790453623242538e-06
4.170000076293945312e+00 3.268852793875915413e-06 5.031919733103722103e-06
4.179999828338623047e+00 2.868135945915011960e-06 4.755365946636425149e-06
4.190000057220458984e+00 2.477177777234924946e-06 4.475102187256188645e-06
4.199999809265136719e+00 2.096406153956378268e-06 4.192114806543304494e-06
4.210000038146972656e+00 1.726137091991647365e-06 3.907296005348001437e-06
4.219999790191650391e+00 1.366720623480460099e-06 3.621551036570821035e-06
4.230000019073486328e+00 1.018400396792865635e-06 3.335689364572802698e-06
4.239999771118164062e+00 6.814515747997033365e-07 3.050533245138431076e-06
4.250000000000000000e+00 3.560489379857969789e-07 2.766808758195462731e-06
4.259999752044677734e+00 4.239635942965158939e-08 2.485254454294802095e-06
4.269999980926513672e+00 -2.593962479012909114e-07 2.206513439879890319e-06
4.279999732971191406e+00 -5.491922249673010681e-07 1.931240907737074182e-06
4.289999961853027344e+00 -8.269421378213247973e-07 1.659998328219576839e-06
4.299999713897705078e+00 -1.092572081741128180e-06 1.393358809307215725e-06
4.309999942779541016e+00 -1.346088430621488271e-06 1.131804322449007207e-06
4.319999694824218750e+00 -1.587475295245187137e-06 8.758279646217515658e-07
4.329999923706054688e+00 -1.816790000686260646e-06 6.258350251430833499e-07
4.339999675750732422e+00 -2.034069751644305139e-06 3.822413461299066100e-07
4.349999904632568359e+00 -2.239417870175643638e-06 1.453789179366021660e-07
4.360000133514404297e+00 -2.432928584132944323e-06 -8.442112986715006260e-08
4.369999885559082031e+00 -2.614719398363397454e-06 -3.068639087393916012e-07
4.380000114440917969e+00 -2.784953317689957862e-06 -5.217200534358640132e-07
4.389999866485595703e+00 -2.943778305999902548e-06 -7.287513123390501418e-07
4.400000095367431641e+00 -3.091391038756203119e-06 -9.277913578950961617e-07
4.409999847412109375e+00 -3.227975068686123825e-06 -1.118665720385418768e-06
4.420000076293945312e+00 -3.353755991417657651e-06 -1.301266525450388963e-06
4.429999828338623047e+00 -3.468948128618794873e-06 -1.475478534190751770e-06
4.440000057220458984e+00 -3.573801416427830030e-06 -1.641247587944844068e-06
4.449999809265136719e+00 -3.668556291581120362e-06 -1.798512966479527839e-06
4.460000038146972656e+00 -3.753482653848069510e-06 -1.947269406188648381e-06
4.469999790191650391e+00 -3.828842598244103275e-06 -2.087505901860588058e-06
4.480000019073486328e+00 -3.894921837508233413e-06 -2.219261243256784593e-06
4.489999771118164062e+00 -3.951999888133548338e-06 -2.342569307046616001e-06
4.500000000000000000e+00 -4.000374367450915170e-06 -2.457508128294606132e-06
4.509999752044677734e+00 -4.040338212627403451e-06 -2.564151657671088346e-06
4.519999980926513672e+00 -4.072197289472332215e-06 -2.662612448709136384e-06
4.529999732971191406e+00 -4.096254201426814239e-06 -2.752999791360370940e-06
4.539999961853027344e+00 -4.112819664144436909e-06 -2.835456153018504998e-06
4.549999713897705078e+00 -4.122202445448459452e-06 -2.910121542824494139e-06
4.559999942779541016e+00 -4.124714971416350436e-06 -2.977163894537127893e-06
4.569999694824218750e+00 -4.120668927886974611e-06 -3.036749466528353900e-06
4.579999923706054688e+00 -4.110375570552809874e-06 -3.089067397810297122e-06
4.589999675750732422e+00 -4.094146513419263482e-06 -3.134305906183891526e-06
4.599999904632568359e+00 -4.072289217621233568e-06 -3.172671285354015775e-06
4.610000133514404297e+00 -4.045111073864336418e-06 -3.204370983920449169e-06
4.619999885559082031e+00 -4.012917632362169851e-06 -3.229620561703542503e-06
4.630000114440917969e+00 -3.976006296857728958e-06 -3.248644957340820263e-06
4.639999866485595703e+00 -3.934677101203718668e-06 -3.261669914943663699e-06
4.650000095367431641e+00 -3.889218199211882346e-06 -3.268928440407915810e-06
4.659999847412109375e+00 -3.839921101234865785e-06 -3.270654962319866933e-06
4.670000076293945312e+00 -3.787062963645132195e-06 -3.267087367289850061e-06
4.679999828338623047e+00 -3.730924929266797001e-06 -3.258465536053516535e-06
4.690000057220458984e+00 -3.671771653560362822e-06 -3.245029317135447555e-06
4.699999809265136719e+00 -3.609872318663079952e-06 -3.227021077500015715e-06
4.710000038146972656e+00 -3.545477816328877244e-06 -3.204679979895647877e-06
4.719999790191650391e+00 -3.478844023133154608e-06 -3.178248182117694372e-06
4.730000019073486328e+00 -3.410207040832705065e-06 -3.147961785125476016e-06
4.739999771118164062e+00 -3.339808340003334299e-06 -3.114060313876502386e-06
4.750000000000000000e+00 -3.267868437103829557e-06 -3.076774701131844855e-06
4.759999752044677734e+00 -3.194613535149613073e-06 -3.036339685541842224e-06
4.769999980926513672e+00 -3.120247993720251733e-06 -2.992979190356744950e-06
4.779999732971191406e+00 -3.044982117871633639e-06 -2.946921280552274599e-06
4.789999961853027344e+00 -2.969003753037656787e-06 -2.898381286859504816e-06
4.799999713897705078e+00 -2.892506896941680271e-06 -2.847578972845440117e-06
4.809999942779541016e+00 -2.815662726148318530e-06 -2.794719743140726313e-06
4.819999694824218750e+00 -2.738648729951096421e-06 -2.740013683110372418e-06
4.829999923706054688e+00 -2.661619449662460014e-06 -2.683655176354954512e-06
4.839999675750732422e+00 -2.584735858029971261e-06 -2.625843493527191644e-06
4.849999904632568359e+00 -2.508136066527147072e-06 -2.566761128444093185e-06
4.859999656677246094e+00 -2.431964698579538906e-06 -2.506595628403958570e-06
4.869999885559082031e+00 -2.356343794461987056e-06 -2.445516940957897028e-06
4.880000114440917969e+00 -2.281398395589515961e-06 -2.383697232601497003e-06
4.889999866485595703e+00 -2.207245629721325682e-06 -2.321302333650116005e-06
4.900000095367431641e+00 -2.133984387965178407e-06 -2.258482568177487214e-06
4.909999847412109375e+00 -2.061720122045361189e-06 -2.195393566484399440e-06
4.920000076293945312e+00 -1.990537084404521011e-06 -2.132172292753586542e-06
4.929999828338623047e+00 -1.920526049738035497e-06 -2.068961057666025489e-06
4.940000057220458984e+00 -1.851757363362803716e-06 -2.005883428165414265e-06
4.949999809265136719e+00 -1.784307822504795434e-06 -1.943068325834258691e-06
4.960000038146972656e+00 -1.718234656272433380e-06 -1.880626022536291071e-06
4.969999790191650391e+00 -1.653601444059186938e-06 -1.818672122626210122e-06
4.980000019073486328e+00 -1.590453129926412613e-06 -1.757303827947216515e-06
4.989999771118164062e+00 -1.528840876364071197e-06 -1.696623622371837635e-06
5.000000000000000000e+00 -1.468798196661659619e-06 -1.636715969567633991e-06
5.009999752044677734e+00 -1.410364662024162258e-06 -1.577670538570825467e-06
5.019999980926513672e+00 -1.353563217646559229e-06 -1.519559478103426530e-06
5.029999732971191406e+00 -1.298422679720405472e-06 -1.462460041685730740e-06
5.039999961853027344e+00 -1.244956284389893890e-06 -1.406432563218073564e-06
5.049999713897705078e+00 -1.193182928465266067e-06 -1.351542359393084617e-06
5.059999942779541016e+00 -1.143106985180891872e-06 -1.297838512861542869e-06
5.069999694824218750e+00 -1.094738258404026194e-06 -1.245374948277621338e-06
5.079999923706054688e+00 -1.048073085100598776e-06 -1.194190111756554536e-06
5.089999675750732422e+00 -1.003112987454295292e-06 -1.144327134641452290e-06
5.099999904632568359e+00 -9.598470691214578188e-07 -1.095814481216908481e-06
5.109999656677246094e+00 -9.182693629484469231e-07 -1.048685131137313962e-06
5.119999885559082031e+00 -8.783625163959703333e-07 -1.002958251539464733e-06
5.130000114440917969e+00 -8.401120597779838020e-07 -9.586552666492795160e-07
5.139999866485595703e+00 -8.035002890781362528e-07 -9.157929870271815579e-07
5.150000095367431641e+00 -7.685015666755206295e-07 -8.743779615769770726e-07
5.159999847412109375e+00 -7.350945303149524938e-07 -8.344207919352765625e-07
5.170000076293945312e+00 -7.032489141209362725e-07 -7.959205163620433372e-07
5.179999828338623047e+00 -6.729384730182164582e-07 -7.588800330490184755e-07
5.190000057220458984e+00 -6.441289998408831240e-07 -7.232915947933229309e-07
5.199999809265136719e+00 -6.167900637641908185e-07 -6.891511210055004634e-07
5.210000038146972656e+00 -5.908841790727790029e-07 -6.564448006917743113e-07
5.219999790191650391e+00 -5.663774051066960585e-07 -6.251622978970130679e-07
5.230000019073486328e+00 -5.432296161004354605e-07 -5.952844503997710330e-07
5.239999771118164062e+00 -5.214040153864764140e-07 -5.667953831169849913e-07
5.250000000000000000e+00 -5.008584505432803565e-07 -5.396712808878536873e-07
5.259999752044677734e+00 -4.815538987899810688e-07 -5.138914330231223200e-07
5.269999980926513672e+00 -4.634467674894303103e-07 -4.894280506059642235e-07
5.279999732971191406e+00 -4.464964109331362634e-07 -4.662562729645659919e-07
5.289999961853027344e+00 -4.306583529869821367e-07 -4.443449929908095607e-07
5.299999713897705078e+00 -4.158908978470349839e-07 -4.236658628649721579e-07
5.309999942779541016e+00 -4.021492093438250998e-07 -4.041850850354743021e-07
5.319999694824218750e+00 -3.893910798166208823e-07 -3.858714600459880152e-07
5.329999923706054688e+00 -3.775717992131732846e-07 -3.686890959456197479e-07
5.339999675750732422e+00 -3.666491470916522408e-07 -3.526045456597668174e-07
5.349999904632568359e+00 -3.565789841679963866e-07 -3.375803836937832423e-07
5.359999656677246094e+00 -3.473195326170912016e-07 -3.235814841485067658e-07
5.369999885559082031e+00 -3.388276230842631327e-07 -3.105694106071240319e-07
5.380000114440917969e+00 -3.310619743918221039e-07 -2.985073356078564244e-07
5.389999866485595703e+00 -3.239817982807996052e-07 -2.873579530002650018e-07
5.400000095367431641e+00 -3.175460211143093728e-07 -2.770822002373037745e-07
5.409999847412109375e+00 -3.117156429546633677e-07 -2.676429843704465819e-07
5.420000076293945312e+00 -3.064513391215265511e-07 -2.590013562549974410e-07
5.429999828338623047e+00 -3.017157516889812811e-07 -2.511202168025017558e-07
5.440000057220458984e+00 -2.974715250151506162e-07 -2.439611034503942051e-07
5.449999809265136719e+00 -2.936831660354932382e-07 -2.374872908237803915e-07
5.460000038146972656e+00 -2.903154564480293448e-07 -2.316611317408218691e-07
5.469999790191650391e+00 -2.873349386350695549e-07 -2.264466098364565503e-07
5.480000019073486328e+00 -2.847086505195192800e-07 -2.218071783203108619e-07
5.489999771118164062e+00 -2.824052911752793502e-07 -2.177078212581924958e-07
5.500000000000000000e+00 -2.803942279274586385e-07 -2.141133347491265531e-07
5.509999752044677734e+00 -2.786463926956560480e-07 -2.109899522398347551e-07
5.519999980926513672e+00 -2.771335145438118637e-07 -2.083040146092688748e-07
5.529999732971191406e+00 -2.758287945914579293e-07 -2.060232131684843522e-07
5.539999961853027344e+00 -2.747063208875561625e-07 -2.041155973176543952e-07
5.549999713897705078e+00 -2.737415663330661970e-07 -2.025504867685230118e-07
5.559999942779541016e+00 -2.729109463719626773e-07 -2.012977678823197133e-07
5.569999694824218750e+00 -2.721921808892811747e-07 -2.003285242664435182e-07
5.579999923706054688e+00 -2.715639587070632827e-07 -1.996145755272214417e-07
5.589999675750732422e+00 -2.710062008746035214e-07 -1.991288727412509678e-07
5.599999904632568359e+00 -2.704997993241110748e-07 -1.988452361619629042e-07
5.609999656677246094e+00 -2.700268153969577858e-07 -1.987385592092050996e-07
5.619999885559082031e+00 -2.695702632158483461e-07 -1.987847045687004366e-07
5.629999637603759766e+00 -2.691142737419915390e-07 -1.989605573393205368e-07
5.639999866485595703e+00 -2.686438964625569103e-07 -1.992440419421861110e-07
5.650000095367431641e+00 -2.681452311164679707e-07 -1.996140813307507546e-07
5.659999847412109375e+00 -2.676053474894645079e-07 -2.000506032134700226e-07
5.670000076293945312e+00 -2.670121811896738417e-07 -2.005346186767355498e-07
5.679999828338623047e+00 -2.663546994316776875e-07 -2.010480665593732950e-07
5.690000057220458984e+00 -2.656226515710809952e-07 -2.015739877282730333e-07
5.699999809265136719e+00 -2.648068016306860579e-07 -2.020963248809865766e-07
5.710000038146972656e+00 -2.638986265700490635e-07 -2.026001098140986645e-07
5.719999790191650391e+00 -2.628906090997722548e-07 -2.030712561476946812e-07
5.730000019073486328e+00 -2.617758693083040602e-07 -2.034967355249960274e-07
5.739999771118164062e+00 -2.605485304183043639e-07 -2.038643865097448534e-07
5.750000000000000000e+00 -2.592032718053985767e-07 -2.041630585636250125e-07
5.759999752044677734e+00 -2.577357776971284023e-07 -2.043824573540192468e-07
5.769999980926513672e+00 -2.561422019908294487e-07 -2.045132382153683072e-07
5.779999732971191406e+00 -2.544197074054390638e-07 -2.045469051622857006e-07
5.789999961853027344e+00 -2.525658348453683885e-07 -2.044758383503287560e-07
5.799999713897705078e+00 -2.505791382420725478e-07 -2.042932612852106664e-07
5.809999942779541016e+00 -2.484584534648158836e-07 -2.039931894891175505e-07
5.819999694824218750e+00 -2.462036320239407120e-07 -2.035704777465303165e-07
5.829999923706054688e+00 -2.438147067230385821e-07 -2.030206797826115145e-07
5.839999675750732422e+00 -2.412927255137780487e-07 -2.023401848737612338e-07
5.849999904632568359e+00 -2.386388131809487437e-07 -2.015259808231431847e-07
5.859999656677246094e+00 -2.358551049588177879e-07 -2.005758869294676154e-07
5.869999885559082031e+00 -2.329437055058202430e-07 -1.994882148802990559e-07
5.879999637603759766e+00 -2.299077203809294701e-07 -1.982621028879653693e-07
5.889999866485595703e+00 -2.267501153949091625e-07 -1.968970713292228723e-07
5.900000095367431641e+00 -2.234746837779159017e-07 -1.953933858467382079e-07
5.909999847412109375e+00 -2.200856052570347412e-07 -1.937518815555539731e-07
5.920000076293945312e+00 -2.165869037245828713e-07 -1.919736680977919480e-07
5.929999828338623047e+00 -2.129835589881322064e-07 -1.900606632002662418e-07
5.940000057220458984e+00 -2.092801407014793451e-07 -1.880148840827286318e-07
5.949999809265136719e+00 -2.054821495517033672e-07 -1.858391461146198640e-07
5.960000038146972656e+00 -2.015945737288149270e-07 -1.835362525362898553e-07
5.969999790191650391e+00 -1.976233051738519674e-07 -1.811097935675834127e-07
5.980000019073486328e+00 -1.935736271882361653e-07 -1.785632388528325276e-07
5.989999771118164062e+00 -1.894516984071845776e-07 -1.759008329198958669e-07
6.000000000000000000e+00 -1.852629806848119927e-07 -1.731265958826917363e-07
6.009999752044677734e+00 -1.810137829188255396e-07 -1.702453100675525581e-07
6.019999980926513672e+00 -1.767096386606665439e-07 -1.672614354479322986e-07
6.029999732971191406e+00 -1.723569014940471049e-07 -1.641801813189918402e-07
6.039999961853027344e+00 -1.679610818989654177e-07 -1.610063436789578731e-07
6.049999713897705078e+00 -1.635284856041364221e-07 -1.577454550676136078e-07
6.059999942779541016e+00 -1.590645191020591892e-07 -1.544025516447077148e-07
6.069999694824218750e+00 -1.545753622227101965e-07 -1.509833936884489431e-07
6.079999923706054688e+00 -1.500662514218400887e-07 -1.474931705072100427e-07
6.089999675750732422e+00 -1.455431777610135240e-07 -1.439377836079082226e-07
6.099999904632568359e+00 -1.410111566746793991e-07 -1.403224978002140287e-07
6.109999656677246094e+00 -1.364759425935054366e-07 -1.366532786975712594e-07
6.119999885559082031e+00 -1.319422934172985721e-07 -1.329353984842899031e-07
6.129999637603759766e+00 -1.274156931408002278e-07 -1.291748191633557787e-07
6.139999866485595703e+00 -1.229006187394590091e-07 -1.253767614640049710e-07
6.150000095367431641e+00 -1.184020483640994739e-07 -1.215469418624121746e-07
6.159999847412109375e+00 -1.139248079705454626e-07 -1.176910294233988857e-07
6.170000076293945312e+00 -1.094729331181594803e-07 -1.138140763453862873e-07
6.179999828338623047e+00 -1.050511599703352156e-07 -1.099217973290630369e-07
6.190000057220458984e+00 -1.006632283770561203e-07 -1.060190825890280459e-07
6.199999809265136719e+00 -9.631356864263890024e-08 -1.021114730111011763e-07
6.210000038146972656e+00 -9.200562986523163639e-08 -9.820366479321037857e-08
6.219999790191650391e+00 -8.774353987695437622e-08 -9.430099184653659813e-08
6.230000019073486328e+00 -8.353046434869729557e-08 -9.040792965950229309e-08
6.239999771118164062e+00 -7.937023344624036929e-08 -8.652957696018200892e-08
6.250000000000000000e+00 -7.526573686292766841e-08 -8.267016611293331972e-08
6.259999752044677734e+00 -7.122051127918977461e-08 -7.883453640509009424e-08
6.269999980926513672e+00 -6.723717617831482007e-08 -7.502665797237239676e-08
6.279999732971191406e+00 -6.331897678353409504e-08 -7.125108949973866483e-08
6.289999961853027344e+00 -5.946826522385064656e-08 -6.751152232294556756e-08
6.299999713897705078e+00 -5.568799420993224571e-08 -6.381221579492329667e-08
6.309999942779541016e+00 -5.198024785308158528e-08 -6.015656785456364411e-08
6.319999694824218750e+00 -4.834768192980964381e-08 -5.654852180667832086e-08
6.329999923706054688e+00 -4.479210837671485565e-08 -5.299116925845852364e-08
6.339999675750732422e+00 -4.131587857495711542e-08 -4.948812258553717270e-08
6.349999904632568359e+00 -3.792052524795174621e-08 -4.604215572952815877e-08
6.359999656677246094e+00 -3.460808574691852190e-08 -4.265653714789571533e-08
6.369999885559082031e+00 -3.137980474835711363e-08 -3.933371353447055473e-08
6.379999637603759766e+00 -2.823739506030196314e-08 -3.607659860072823044e-08
6.389999866485595703e+00 -2.518180411628181507e-08 -3.288730429693587618e-08
6.399999618530273438e+00 -2.221441033369143662e-08 -2.976838132027071576e-08
6.409999847412109375e+00 -1.933585596262599369e-08 -2.672160192538954771e-08
6.420000076293945312e+00 -1.654704667100073107e-08 -2.374900863885845623e-08
6.429999828338623047e+00 -1.384870693936177128e-08 -2.085245193770026900e-08
6.440000057220458984e+00 -1.124101303884863215e-08 -1.803319202176183655e-08
6.449999809265136719e+00 -8.724483324945793067e-09 -1.529285715668968753e-08
6.460000038146972656e+00 -6.298984718428151315e-09 -1.263236978575765614e-08
6.469999790191650391e+00 -3.964694618806966698e-09 -1.005299342184547963e-08
6.480000019073486328e+00 -1.721178407794653764e-09 -7.555320316740656615e-09
6.489999771118164062e+00 4.317164446890252415e-10 -5.140258111938997639e-09
6.500000000000000000e+00 2.494711869789911239e-09 -2.808080622997503972e-09
6.509999752044677734e+00 4.468272586615910722e-09 -5.593529478004105803e-10
6.519999980926513672e+00 6.353387211118240549e-09 1.605953657012279658e-09
6.529999732971191406e+00 8.150808486887388834e-09 3.687599056502346514e-09
6.539999961853027344e+00 9.861765208084132571e-09 5.685894841426484702e-09
6.549999713897705078e+00 1.148726833562993640e-08 7.600904418580068717e-09
6.559999942779541016e+00 1.302875545035185057e-08 9.433199191004893714e-09
6.569999694824218750e+00 1.448746149971782305e-08 1.118312147190311375e-08
6.579999923706054688e+00 1.586499794736562029e-08 1.285147681834001380e-08
6.589999675750732422e+00 1.716278661908010637e-08 1.443885939841191179e-08
6.599999904632568359e+00 1.838257608284926904e-08 1.594628148997085004e-08
6.609999656677246094e+00 1.952593680375364502e-08 1.737456057065927564e-08
6.619999885559082031e+00 2.059471756153618367e-08 1.872488736602606213e-08
6.629999637603759766e+00 2.159059988984531019e-08 1.999827360396833215e-08
6.639999866485595703e+00 2.251549751783866099e-08 2.119606030861799217e-08
6.649999618530273438e+00 2.337116784998350870e-08 2.231942485182525688e-08
6.659999847412109375e+00 2.415955751055131622e-08 2.336983144633414086e-08
6.670000076293945312e+00 2.488250137137568465e-08 2.434864083753551381e-08
6.679999828338623047e+00 2.554185257773589186e-08 2.525728019931597698e-08
6.690000057220458984e+00 2.613955711038725163e-08 2.609735192106636456e-08
6.699999809265136719e+00 2.667743603355432142e-08 2.687033297422213581e-08
6.710000038146972656e+00 2.715740967066065094e-08 2.757789059820072869e-08
6.719999790191650391e+00 2.758128851054992598e-08 2.822158235015254326e-08
6.730000019073486328e+00 2.795095395126808872e-08 2.880312203901320175e-08
6.739999771118164062e+00 2.826819414081789179e-08 2.932412986792223540e-08
6.750000000000000000e+00 2.853484401161981666e-08 2.978635108990088631e-08
6.759999752044677734e+00 2.875266308797919586e-08 3.019145369333805562e-08
6.769999980926513672e+00 2.892343738369841827e-08 3.054120227039257076e-08
6.779999732971191406e+00 2.904889617594090024e-08 3.083730058001895598e-08
6.789999961853027344e+00 2.913077820418197044e-08 3.108152312995512017e-08
6.799999713897705078e+00 2.917078440872214414e-08 3.127559986460453606e-08
6.809999942779541016e+00 2.917061075886851878e-08 3.142130796216533400e-08
6.819999694824218750e+00 2.913193397682270815e-08 3.152039583334378031e-08
6.829999923706054688e+00 2.905641325844555951e-08 3.157463764876868307e-08
6.839999675750732422e+00 2.894570604702465088e-08 3.158579379488347715e-08
6.849999904632568359e+00 2.880144087360424731e-08 3.155563065448922534e-08
6.859999656677246094e+00 2.862526032476213321e-08 3.148591466622564561e-08
6.869999885559082031e+00 2.841876722912935368e-08 3.137839989493447651e-08
6.879999637603759766e+00 2.818359205285724655e-08 3.123485285529824900e-08
6.889999866485595703e+00 2.792131469245563478e-08 3.105701043007747303e-08
6.899999618530273438e+00 2.763355364626425249e-08 3.084663266605143423e-08
6.909999847412109375e+00 2.732186572178605131e-08 3.060543361475736635e-08
6.920000076293945312e+00 2.698783800747381291e-08 3.033514580372068170e-08
6.929999828338623047e+00 2.663305006128779058e-08 3.003749438872215832e-08
6.940000057220458984e+00 2.625901650744621441e-08 2.971414618301310914e-08
6.949999809265136719e+00 2.586730549430788141e-08 2.936680976115550557e-08
6.960000038146972656e+00 2.545939376023554827e-08 2.899711006514293841e-08
6.969999790191650391e+00 2.503681281901493776e-08 2.860671799865880813e-08
6.980000019073486328e+00 2.460099051932643148e-08 2.819720712993696585e-08
6.989999771118164062e+00 2.415340855308207330e-08 2.777019955890057566e-08
7.000000000000000000e+00 2.369543301606146900e-08 2.732720731667426909e-08
7.009999752044677734e+00 2.322848125141065726e-08 2.686979216350093836e-08
7.019999980926513672e+00 2.275384387475117009e-08 2.639939422841933208e-08
7.029999732971191406e+00 2.227285909496080255e-08 2.591750352136433791e-08
7.039999961853027344e+00 2.178672856974293888e-08 2.542547826423848367e-08
7.049999713897705078e+00 2.129669744979294583e-08 2.492472600394971648e-08
7.059999942779541016e+00 2.080386631004659916e-08 2.441651399211473219e-08
7.069999694824218750e+00 2.030937526616022206e-08 2.390215789492929046e-08
7.079999923706054688e+00 1.981421403798483518e-08 2.338282642710298562e-08
7.089999675750732422e+00 1.931940859848967113e-08 2.285973577934814830e-08
7.099999904632568359e+00 1.882583120964725703e-08 2.233395054639871035e-08
7.109999656677246094e+00 1.833438816156503159e-08 2.180658210450502293e-08
7.119999885559082031e+00 1.784583137479896555e-08 2.127858768395115831e-08
7.129999637603759766e+00 1.736094589542295494e-08 2.075097105450918969e-08
7.139999866485595703e+00 1.688036439193904218e-08 2.022458138518358026e-08
7.149999618530273438e+00 1.640475316974676020e-08 1.970031470780457525e-08
7.159999847412109375e+00 1.593463063784507949e-08 1.917891400933430136e-08
7.170000076293945312e+00 1.547052872730686025e-08 1.866114546782713685e-08
7.179999828338623047e+00 1.501292603890458035e-08 1.814772396334805337e-08
7.190000057220458984e+00 1.456218648896549321e-08 1.763924195219011968e-08
7.199999809265136719e+00 1.411871433945296213e-08 1.713634202027308364e-08
7.210000038146972656e+00 1.368278567361233827e-08 1.663952501650928383e-08
7.219999790191650391e+00 1.325472100439860965e-08 1.614934390639850342e-08
7.230000019073486328e+00 1.283472265341897459e-08 1.566621662175677481e-08
7.239999771118164062e+00 1.242304163396714598e-08 1.519061528312781007e-08
7.250000000000000000e+00 1.201982110378903842e-08 1.472288438453266562e-08
7.259999752044677734e+00 1.162525689809684836e-08 1.426342452423532627e-08
7.269999980926513672e+00 1.123944712795787835e-08 1.381251641421743548e-08
7.279999732971191406e+00 1.086254584538196749e-08 1.337049836901611382e-08
7.289999961853027344e+00 1.049461882232425801e-08 1.293759654929956104e-08
7.299999713897705078e+00 1.013578993978271035e-08 1.251409557316648373e-08
7.309999942779541016e+00 9.786103161134806974e-09 1.210017532430838689e-08
7.319999694824218750e+00 9.445661351707624468e-09 1.169607417029483559e-08
7.329999923706054688e+00 9.114494480952459317e-09 1.130193262329139360e-08
7.339999675750732422e+00 8.792690674802737245e-09 1.091794875304577987e-08
7.349999904632568359e+00 8.480270717782167086e-09 1.054422895634311145e-08
7.359999656677246094e+00 8.177311242986530954e-09 1.018093526670651920e-08
7.369999885559082031e+00 7.883825647069252269e-09 9.828143464240103465e-09
7.379999637603759766e+00 7.599879402533010501e-09 9.485982075826530648e-09
7.389999866485595703e+00 7.325477555240311875e-09 9.154498056808847437e-09
7.399999618530273438e+00 7.060672213074247250e-09 8.833787359849495088e-09
7.409999847412109375e+00 6.805456829013084123e-09 8.523868402507422830e-09
7.419999599456787109e+00 6.559865986062333394e-09 8.224804168980326328e-09
7.429999828338623047e+00 6.323876687708798029e-09 7.936583659195128941e-09
7.440000057220458984e+00 6.097490041353633897e-09 7.659222590298859636e-09
7.449999809265136719e+00 5.880692603020351043e-09 7.392717826961247110e-09
7.460000038146972656e+00 5.673425983148610271e-09 7.137011111730974414e-09
7.469999790191650391e+00 5.475656711531835217e-09 6.892076279552948190e-09
7.480000019073486328e+00 5.287295916798738397e-09 6.657821294873846012e-09
7.489999771118164062e+00 5.108273706159714294e-09 6.434181370846089452e-09
7.500000000000000000e+00 4.938466415087931432e-09 6.221029358921399510e-09
7.509999752044677734e+00 4.777764281798464660e-09 6.018260981861221395e-09
7.519999980926513672e+00 4.626006263091994223e-09 5.825713537286298537e-09
7.529999732971191406e+00 4.483041272888782634e-09 5.643243485902305734e-09
7.539999961853027344e+00 4.348670453008586351e-09 5.470653346350699330e-09
7.549999713897705078e+00 4.222702250224036286e-09 5.307761906510193145e-09
7.559999942779541016e+00 4.104901912025029325e-09 5.154339093482780366e-09
7.569999694824218750e+00 3.995040680780863068e-09 5.010169097718128810e-09
7.579999923706054688e+00 3.892852169792960211e-09 4.874992912548189302e-09
7.589999675750732422e+00 3.798075951490013394e-09 4.748564673241712454e-09
7.599999904632568359e+00 3.710420364810097495e-09 4.630601477149191596e-09
7.609999656677246094e+00 3.629600776397420519e-09 4.520833253005979508e-09
7.619999885559082031e+00 3.555308279845825930e-09 4.418959396094370810e-09
7.629999637603759766e+00 3.487242912594784086e-09 4.324692494144576477e-09
7.639999866485595703e+00 3.425087642425834160e-09 4.237721253134402520e-09
7.649999618530273438e+00 3.368536826855742743e-09 4.157748413986844071e-09
7.659999847412109375e+00 3.317274845356508264e-09 4.084459404743463492e-09
7.669999599456787109e+00 3.271000094626101630e-09 4.017554789837916941e-09
7.679999828338623047e+00 3.229407617989499950e-09 3.956724065448183594e-09
7.690000057220458984e+00 3.192207263436264888e-09 3.901670497264881794e-09
7.699999809265136719e+00 3.159118053513101351e-09 3.852101939632512526e-09
7.710000038146972656e+00 3.129866118428616314e-09 3.807726482741260086e-09
7.719999790191650391e+00 3.104196768989617056e-09 3.768269722760190706e-09
7.730000019073486328e+00 3.081864503002842777e-09 3.733458939100298274e-09
7.739999771118164062e+00 3.062643793285962381e-09 3.703039180408578969e-09
7.750000000000000000e+00 3.046321170854893978e-09 3.676760701159195447e-09
7.759999752044677734e+00 3.032702960591165339e-09 3.654391182622429427e-09
7.769999980926513672e+00 3.021609074044431016e-09 3.635706004282198657e-09
7.779999732971191406e+00 3.012878021180061560e-09 3.620496962978691201e-09
7.789999961853027344e+00 3.006362144465445167e-09 3.608565025240517803e-09
7.799999713897705078e+00 3.001930230670570698e-09 3.599725902354452850e-09
7.809999942779541016e+00 2.999464013548500786e-09 3.593805001542333755e-09
7.819999694824218750e+00 2.998858704790747752e-09 3.590640211130838434e-09
7.829999923706054688e+00 3.000020673265309151e-09 3.590078831746828058e-09
7.839999675750732422e+00 3.002866203912265293e-09 3.591977917397538084e-09
7.849999904632568359e+00 3.007320330337547938e-09 3.596203027690070950e-09
7.859999656677246094e+00 3.013314112496005625e-09 3.602626456125804006e-09
7.869999885559082031e+00 3.020784645085756190e-09 3.611127688666812706e-09
7.879999637603759766e+00 3.029671125460899546e-09 3.621589835421326814e-09
7.889999866485595703e+00 3.039916083794188026e-09 3.633901710883502101e-09
7.899999618530273438e+00 3.051460487601708140e-09 3.647952765288680051e-09
7.909999847412109375e+00 3.064246239201034355e-09 3.663636714642664514e-09
7.919999599456787109e+00 3.078210537159984750e-09 3.680845246552216389e-09
7.929999828338623047e+00 3.093289665781028311e-09 3.699473125893539532e-09
7.940000057220458984e+00 3.109413596458551348e-09 3.719411904933379068e-09
7.949999809265136719e+00 3.126507093589982733e-09 3.740551513645277610e-09
7.960000038146972656e+00 3.144491936216876361e-09 3.762783124760339587e-09
7.969999790191650391e+00 3.163280887658878165e-09 3.785991688575295498e-09
7.980000019073486328e+00 3.182784542569325143e-09 3.810064269882017750e-09
7.989999771118164062e+00 3.202904406800022614e-09 3.834881265226961864e-09
8.000000000000000000e+00 3.223540753965480744e-09 3.860325764285338802e-09
8.010000228881835938e+00 3.244586618669959024e-09 3.886275713688986541e-09
8.019999504089355469e+00 3.265930376213870413e-09 3.912606595379673033e-09
8.029999732971191406e+00 3.287463936404480707e-09 3.939200970055081733e-09
8.039999961853027344e+00 3.309071609429284220e-09 3.965934130180305280e-09
8.050000190734863281e+00 3.330639426984072327e-09 3.992684950661806772e-09
8.059999465942382812e+00 3.352052354046737692e-09 4.019331761778920561e-09
8.069999694824218750e+00 3.373203748116724244e-09 4.045763453238896164e-09
8.079999923706054688e+00 3.393984400530700113e-09 4.071865180358573237e-09
8.090000152587890625e+00 3.414292018128570149e-09 4.097529523480141514e-09
8.099999427795410156e+00 3.434028549366899465e-09 4.122652518718684496e-09
8.109999656677246094e+00 3.453108806079190525e-09 4.147144090879314945e-09
8.119999885559082031e+00 3.471450190864511542e-09 4.170914492147961370e-09
8.130000114440917969e+00 3.488981191594406976e-09 4.193884688238437825e-09
8.139999389648437500e+00 3.505638669514556623e-09 4.215982501037840896e-09
8.149999618530273438e+00 3.521374704923490323e-09 4.237151463217342447e-09
8.159999847412109375e+00 3.536147446826338410e-09 4.257338533379321044e-09
8.170000076293945312e+00 3.549927754731694033e-09 4.276502840112605444e-09
8.179999351501464844e+00 3.562696399254510299e-09 4.294611925445638296e-09
8.189999580383300781e+00 3.574448642974849130e-09 4.311648467772971818e-09
8.199999809265136719e+00 3.585186548088433415e-09 4.327599674820458097e-09
8.210000038146972656e+00 3.594923380870298634e-09 4.342463904559717236e-09
8.220000267028808594e+00 3.603681612747804292e-09 4.356248352279490583e-09
8.229999542236328125e+00 3.611491335306042100e-09 4.368967219215614489e-09
8.239999771118164062e+00 3.618392133741414558e-09 4.380645675458200603e-09
8.250000000000000000e+00 3.624427499633325407e-09 4.391311694029744035e-09
8.260000228881835938e+00 3.629646689323014823e-09 4.401000026494579305e-09
8.269999504089355469e+00 3.634102279320310567e-09 4.409749108104425839e-09
8.279999732971191406e+00 3.637850496174053465e-09 4.417603220159935370e-09
8.289999961853027344e+00 3.640947376075350839e-09 4.424606383803294245e-09
8.300000190734863281e+00 3.643449256486141595e-09 4.430804677665813156e-09
8.309999465942382812e+00 3.645410928348363027e-09 4.436243794051478636e-09
8.319999694824218750e+00 3.646885182758385583e-09 4.440970004288760476e-09
8.329999923706054688e+00 3.647920644590669086e-09 4.445026082060600186e-09
8.340000152587890625e+00 3.648561633394081787e-09 4.448452559540253540e-09
8.349999427795410156e+00 3.648847142794438152e-09 4.451286145726749236e-09
8.359999656677246094e+00 3.648810267887665783e-09 4.453560082013321648e-09
8.369999885559082031e+00 3.648477560384984009e-09 4.455301985634751687e-09
8.380000114440917969e+00 3.647868848381793788e-09 4.456534579970153511e-09
8.389999389648437500e+00 3.646997140945698635e-09 4.457275089742169441e-09
8.399999618530273438e+00 3.645868293447852965e-09 4.457535362767642006e-09
8.409999847412109375e+00 3.644481696775516317e-09 4.457321480186870901e-09
8.420000076293945312e+00 3.642830316297861870e-09 4.456634258166811941e-09
8.429999351501464844e+00 3.640901455434456846e-09 4.455469597677464607e-09
8.439999580383300781e+00 3.638676621915911526e-09 4.453818430474007648e-09
8.449999809265136719e+00 3.636133373004437294e-09 4.451667933366463250e-09
8.460000038146972656e+00 3.633245448641786224e-09 4.449001778092798520e-09
8.470000267028808594e+00 3.629983858694168990e-09 4.445800950330481800e-09
8.479999542236328125e+00 3.626318222941541398e-09 4.442044929964849721e-09
8.489999771118164062e+00 3.622216334884605243e-09 4.437711045143478173e-09
8.500000000000000000e+00 3.617647262200001826e-09 4.432777483149783431e-09
8.510000228881835938e+00 3.612580980982769327e-09 4.427222781032619931e-09
8.519999504089355469e+00 3.606990216601199565e-09 4.421027631231305050e-09
8.529999732971191406e+00 3.600849152631612839e-09 4.414173273035194663e-09
8.539999961853027344e+00 3.594137438910292454e-09 4.406645796427167655e-09
8.550000190734863281e+00 3.586838826368733310e-09 4.398434530296016297e-09
8.559999465942382812e+00 3.578943060458138565e-09 4.389534086254804595e-09
8.569999694824218750e+00 3.570443289588928357e-09 4.379941396098359145e-09
8.579999923706054688e+00 3.561340928428205291e-09 4.369661193004421016e-09
8.590000152587890625e+00 3.551642908969685633e-09 4.358702949254403345e-09
8.599999427795410156e+00 3.541363475624177805e-09 4.347082972491015166e-09
8.609999656677246094e+00 3.530520127991336106e-09 4.334819920849219790e-09
8.619999885559082031e+00 3.519139288037663561e-09 4.321941339168815255e-09
8.630000114440917969e+00 3.507252081953471413e-09 4.308479045310985355e-09
8.639999389648437500e+00 3.494896019799407513e-09 4.294471206802346990e-09
8.649999618530273438e+00 3.482109651712330844e-09 4.279956470987534502e-09
8.659999847412109375e+00 3.468938964362808772e-09 4.264981414838093546e-09
8.670000076293945312e+00 3.455431946972122459e-09 4.249594589453771261e-09
8.679999351501464844e+00 3.441640252463395351e-09 4.233848616993597453e-09
8.689999580383300781e+00 3.427613041185511338e-09 4.217793361744849249e-09
8.699999809265136719e+00 3.413403990006302713e-09 4.201484123705977596e-09
8.710000038146972656e+00 3.399065158428867906e-09 4.184974816850146520e-09
8.720000267028808594e+00 3.384647411558291365e-09 4.168318608694359247e-09
8.729999542236328125e+00 3.370200954498223988e-09 4.151568694306323488e-09
8.739999771118164062e+00 3.355769025577762066e-09 4.134771103771210836e-09
8.750000000000000000e+00 3.341395447996146134e-09 4.117973555255355426e-09
8.760000228881835938e+00 3.327118477128104844e-09 4.101218396040827317e-09
8.769999504089355469e+00 3.312972978858798492e-09 4.084545193283547829e-09
8.779999732971191406e+00 3.298984609818427008e-09 4.067983884448532423e-09
8.789999961853027344e+00 3.285177596558001467e-09 4.051563932568582691e-09
8.800000190734863281e+00 3.271569123522222640e-09 4.035307674841811096e-09
8.809999465942382812e+00 3.258171878360630006e-09 4.019233278132632857e-09
8.819999694824218750e+00 3.244989006418168893e-09 4.003348581289917976e-09
8.829999923706054688e+00 3.232021941113861281e-09 3.987660369824744886e-09
8.840000152587890625e+00 3.219265549838709725e-09 3.972168417025431570e-09
8.849999427795410156e+00 3.206710992094999147e-09 3.956868777244260352e-09
8.859999656677246094e+00 3.194341427823393244e-09 3.941748372673301678e-09
8.869999885559082031e+00 3.182139760532931066e-09 3.926794244174523412e-09
8.880000114440917969e+00 3.170084459806749404e-09 3.911988274489498578e-09
8.889999389648437500e+00 3.158152585364167231e-09 3.897310695832000543e-09
8.899999618530273438e+00 3.146315969397776930e-09 3.882735199734499730e-09
8.909999847412109375e+00 3.134548784196054024e-09 3.868238065363722727e-09
8.920000076293945312e+00 3.122823728692801563e-09 3.853793301852160379e-09
8.929999351501464844e+00 3.111115024567064805e-09 3.839376183123380199e-09
8.939999580383300781e+00 3.099394657645553287e-09 3.824958489767231880e-09
8.949999809265136719e+00 3.087639737755998357e-09 3.810517464602310554e-09
8.960000038146972656e+00 3.075828638471729077e-09 3.796030975295207600e-09
8.970000267028808594e+00 3.063942649296987558e-09 3.781479492518906473e-09
8.979999542236328125e+00 3.051967575859948349e-09 3.766848017836557854e-09
8.989999771118164062e+00 3.039889526921975441e-09 3.752120938592079986e-09
9.000000000000000000e+00 3.027702032691480633e-09 3.737290749505316894e-09
9.010000228881835938e+00 3.015401652896672621e-09 3.722352730623136698e-09
9.019999504089355469e+00 3.002990366799837955e-09 3.707307924122854630e-09
9.029999732971191406e+00 2.990470788320433255e-09 3.692157422799641464e-09
9.039999961853027344e+00 2.977853130099422244e-09 3.676910911938464258e-09
9.050000190734863281e+00 2.965150244360177448e-09 3.661580767227088344e-09
9.059999465942382812e+00 2.952379699865338306e-09 3.646184684759191595e-09
9.069999694824218750e+00 2.939558500296652267e-09 3.630739436721138153e-09
9.079999923706054688e+00 2.926709923635727806e-09 3.615269238641007180e-09
9.090000152587890625e+00 2.913858125916558644e-09 3.599799362228725623e-09
9.099999427795410156e+00 2.901030004238773167e-09 3.584358493726948599e-09
9.109999656677246094e+00 2.888249700301249808e-09 3.568972222201668065e-09
9.119999885559082031e+00 2.875545324163749166e-09 3.553671225262945176e-09
9.130000114440917969e+00 2.862943432082222277e-09 3.538484702335404061e-09
9.139999389648437500e+00 2.850470822338257937e-09 3.523442604439960993e-09
9.149999618530273438e+00 2.838149203715250619e-09 3.508569253328362801e-09
9.159999847412109375e+00 2.826001789128432332e-09 3.493891326329259213e-09
9.170000076293945312e+00 2.814048025078052771e-09 3.479431517171199880e-09
9.179999351501464844e+00 2.802305462402673531e-09 3.465210796712021706e-09
9.189999580383300781e+00 2.790784930336613285e-09 3.451242551086426618e-09
9.199999809265136719e+00 2.779496970748802471e-09 3.437540342337508151e-09
9.210000038146972656e+00 2.768447131198106312e-09 3.424112163876532913e-09
9.220000267028808594e+00 2.757636977774571676e-09 3.410961608010718631e-09
9.229999542236328125e+00 2.747065062031662315e-09 3.398088975305416467e-09
9.239999771118164062e+00 2.736722969245064341e-09 3.385486384514468954e-09
9.250000000000000000e+00 2.726601511463951671e-09 3.373145230432101914e-09
9.260000228881835938e+00 2.716686897378631446e-09 3.361051434286794507e-09
9.269999504089355469e+00 2.706962971860165543e-09 3.349188084506982716e-09
9.279999732971191406e+00 2.697407894385942809e-09 3.337531297019442177e-09
9.289999961853027344e+00 2.688000128843818000e-09 3.326057440143725279e-09
9.300000190734863281e+00 2.678715194408907310e-09 3.314739093559186072e-09
9.309999465942382812e+00 2.669527989942738757e-09 3.303547813310953973e-09
9.319999694824218750e+00 2.660409839480199319e-09 3.292450475932910306e-09
9.329999923706054688e+00 2.651334301019477264e-09 3.281416308535706195e-09
9.340000152587890625e+00 2.642274211858196886e-09 3.270413255063007799e-09
9.349999427795410156e+00 2.633203982314005827e-09 3.259410745439003701e-09
9.359999656677246094e+00 2.624096658025877299e-09 3.248376129116337254e-09
9.369999885559082031e+00 2.614929597444931383e-09 3.237281571129893537e-09
9.380000114440917969e+00 2.605681463058194188e-09 3.226100422800014713e-09
9.389999389648437500e+00 2.596334376111930938e-09 3.214809864490272803e-09
9.399999618530273438e+00 2.586870675554882670e-09 3.203387037296930184e-09
9.409999847412109375e+00 2.577278531362370898e-09 3.191815877526512106e-09
9.420000076293945312e+00 2.567548586455267220e-09 3.180083120688986738e-09
9.429999351501464844e+00 2.557675911607899711e-09 3.168180727024235798e-09
9.439999580383300781e+00 2.547656270832640418e-09 3.156101448284771865e-09
9.449999809265136719e+00 2.537491739439678181e-09 3.143845669906916125e-09
9.460000038146972656e+00 2.527186846639242167e-09 3.131416828383255713e-09
9.469999313354492188e+00 2.516750336304137465e-09 3.118823599650865778e-09
9.479999542236328125e+00 2.506190932251439851e-09 3.106074847610573515e-09
9.489999771118164062e+00 2.495523012619485837e-09 3.093186522500755541e-09
9.500000000000000000e+00 2.484762288140599804e-09 3.080176489636466409e-09
9.510000228881835938e+00 2.473926399269494929e-09 3.067065282544890951e-09
9.519999504089355469e+00 2.463035528897283404e-09 3.053876869160997446e-09
9.529999732971191406e+00 2.452107792172022022e-09 3.040633080334047113e-09
9.539999961853027344e+00 2.441165008020014639e-09 3.027360599363776061e-09
9.550000190734863281e+00 2.430228082700307453e-09 3.014085361455210348e-09
9.559999465942382812e+00 2.419318625579877031e-09 3.000834491324607960e-09
9.569999694824218750e+00 2.408454350559796995e-09 2.987630685039852323e-09
9.579999923706054688e+00 2.397654908699600982e-09 2.974499253078875205e-09
9.590000152587890625e+00 2.386937344524229795e-09 2.961462552149221007e-09
9.599999427795410156e+00 2.376317812714340121e-09 2.948542015008608278e-09
9.609999656677246094e+00 2.365807253242531534e-09 2.935752826423618357e-09
9.619999885559082031e+00 2.355417243214996092e-09 2.923110977960167308e-09
9.630000114440917969e+00 2.345155766335056946e-09 2.910628054000133470e-09
9.639999389648437500e+00 2.335029086016518851e-09 2.898313443367020190e-09
9.649999618530273438e+00 2.325037852687882252e-09 2.886169541990882483e-09
9.659999847412109375e+00 2.315182921240723813e-09 2.874198767945156760e-09
9.670000076293945312e+00 2.305461558036701643e-09 2.862398895043204160e-09
9.679999351501464844e+00 2.295869465045810346e-09 2.850765465744383589e-09
9.689999580383300781e+00 2.286397329305007586e-09 2.839287571791174164e-09
9.699999809265136719e+00 2.277036556845512206e-09 2.827954783713923216e-09
9.710000038146972656e+00 2.267775891120632337e-09 2.816753035439930005e-09
9.719999313354492188e+00 2.258603528228694715e-09 2.805667184932050900e-09
9.729999542236328125e+00 2.249503978153158069e-09 2.794677234212109120e-09
9.739999771118164062e+00 2.240463681706698793e-09 2.783765142764634120e-09
9.750000000000000000e+00 2.231467885641805236e-09 2.772911086617404725e-09
9.760000228881835938e+00 2.222501902478830663e-09 2.762095028846328504e-09
9.769999504089355469e+00 2.213552339512591841e-09 2.751298260435989018e-09
9.779999732971191406e+00 2.204604044365028187e-09 2.740499781657186098e-09
9.789999961853027344e+00 2.195645560039338676e-09 2.729682955513020372e-09
9.800000190734863281e+00 2.186666014504145330e-09 2.718831833166854247e-09
9.809999465942382812e+00 2.177657103197508442e-09 2.707933629216304287e-09
9.819999694824218750e+00 2.168609872219667685e-09 2.696974909041022423e-09
9.829999923706054688e+00 2.159520048977341326e-09 2.685948115284324097e-09
9.840000152587890625e+00 2.150384734937842621e-09 2.674847643072053622e-09
9.849999427795410156e+00 2.141204212767185446e-09 2.663672101993269543e-09
9.859999656677246094e+00 2.131978458149889873e-09 2.652420128943825796e-09
9.869999885559082031e+00 2.122712357807470696e-09 2.641096791670907608e-09
9.880000114440917969e+00 2.113412124623485066e-09 2.629709268147959013e-09
9.889999389648437500e+00 2.104086923453602153e-09 2.618268863364089149e-09
9.899999618530273438e+00 2.094745128407732378e-09 2.606786433453155496e-09
9.909999847412109375e+00 2.085399436323912415e-09 2.595278663820294351e-09
9.920000076293945312e+00 2.076063050907263385e-09 2.583763380890892070e-09
9.929999351501464844e+00 2.066751168214230964e-09 2.572261359051789450e-09
9.939999580383300781e+00 2.057477114759990116e-09 2.560791515455766210e-09
9.949999809265136719e+00 2.048257351216564409e-09 2.549377045131323720e-09
9.960000038146972656e+00 2.039107581026488103e-09 2.538040558350107275e-09
9.969999313354492188e+00 2.030044164795683490e-09 2.526805763185571404e-09
9.979999542236328125e+00 2.021080342547507092e-09 2.515692707199701943e-09
9.989999771118164062e+00 2.012231108657499071e-09 2.504723738923788934e-09
1.000000000000000000e+01 2.003509451813822283e-09 2.493918760203421357e-09
1.001000022888183594e+01 1.994926958490272917e-09 2.483295884273013364e-09
1.001999950408935547e+01 1.986494377315177599e-09 2.472872041390408668e-09
1.002999973297119141e+01 1.978218221388338855e-09 2.462658690639480520e-09
1.003999996185302734e+01 1.970105441255632343e-09 2.452667511443541261e-09
1.005000019073486328e+01 1.962160083230832766e-09 2.442906191884653250e-09
1.005999946594238281e+01 1.954384770856906565e-09 2.433380180464410735e-09
1.006999969482421875e+01 1.946777737926876145e-09 2.424088992799256431e-09
1.007999992370605469e+01 1.939337307652205674e-09 2.415031651087760902e-09
1.009000015258789062e+01 1.932058984680487398e-09 2.406203083856704680e-09
1.009999942779541016e+01 1.924936994331560441e-09 2.397595980414813244e-09
1.010999965667724609e+01 1.917961738157092218e-09 2.389197717142148222e-09
1.011999988555908203e+01 1.911124060913289913e-09 2.380995528573288071e-09
1.013000011444091797e+01 1.904412743461675846e-09 2.372973505189443930e-09
1.013999938964843750e+01 1.897816062303182458e-09 2.365114514190201622e-09
1.014999961853027344e+01 1.891319553353113409e-09 2.357397603721528390e-09
1.015999984741210938e+01 1.884910067429278951e-09 2.349802913240902563e-09
1.017000007629394531e+01 1.878573533256222398e-09 2.342309097567840507e-09
1.017999935150146484e+01 1.872296478867208692e-09 2.334895235365834526e-09
1.018999958038330078e+01 1.866063926752639046e-09 2.327538455661869655e-09
1.019999980926513672e+01 1.859863256844982257e-09 2.320218616192110996e-09
1.021000003814697266e+01 1.853682062413595390e-09 2.312915889267944335e-09
1.021999931335449219e+01 1.847509572482354243e-09 2.305612562234642582e-09
1.022999954223632812e+01 1.841334502134358291e-09 2.298290607178795840e-09
1.023999977111816406e+01 1.835148755989217801e-09 2.290936170474958474e-09
1.025000000000000000e+01 1.828945212281427967e-09 2.283537052063506310e-09
1.026000022888183594e+01 1.822718412420531930e-09 2.276083609269898147e-09
1.026999950408935547e+01 1.816465220409468714e-09 2.268569624741472598e-09
1.027999973297119141e+01 1.810182457357523398e-09 2.260989521063294353e-09
1.028999996185302734e+01 1.803870462852781198e-09 2.253342683828673648e-09
1.030000019073486328e+01 1.797530656807805728e-09 2.245630561668001683e-09
1.030999946594238281e+01 1.791166651815016343e-09 2.237858023968089451e-09
1.031999969482421875e+01 1.784781697658402065e-09 2.230030230074053750e-09
1.032999992370605469e+01 1.778382169070814539e-09 2.222156865004548356e-09
1.034000015258789062e+01 1.771974958169716072e-09 2.214248916415243271e-09
1.034999942779541016e+01 1.765568488900789699e-09 2.206319865677706187e-09
1.035999965667724609e+01 1.759170053041902989e-09 2.198382319795933310e-09
1.036999988555908203e+01 1.752789246654829772e-09 2.190452183229415900e-09
1.038000011444091797e+01 1.746435288155225859e-09 2.182545247101464226e-09
1.038999938964843750e+01 1.740117992556648519e-09 2.174678296354425261e-09
1.039999961853027344e+01 1.733845131487722364e-09 2.166865714161408868e-09
1.040999984741210938e+01 1.727625826521573996e-09 2.159123596629791348e-09
1.042000007629394531e+01 1.721467926785191225e-09 2.151466373766074309e-09
1.042999935150146484e+01 1.715379001232080370e-09 2.143907929501033461e-09
1.043999958038330078e+01 1.709363856231558285e-09 2.136458411986676520e-09
1.044999980926513672e+01 1.703427881344017583e-09 2.129128284504842426e-09
1.046000003814697266e+01 1.697574609114500696e-09 2.121925200517146342e-09
1.046999931335449219e+01 1.691806765520255593e-09 2.114855215505520843e-09
1.047999954223632812e+01 1.686124031700700842e-09 2.107919975842449838e-09
1.048999977111816406e+01 1.680526330686512113e-09 2.101120692980507783e-09
1.050000000000000000e+01 1.675011638134031348e-09 2.094455419143178705e-09
1.051000022888183594e+01 1.669576587167669938e-09 2.087919770142550487e-09
1.051999950408935547e+01 1.664217057722552572e-09 2.081507630029557408e-09
1.052999973297119141e+01 1.658926247822485525e-09 2.075208867313197061e-09
1.053999996185302734e+01 1.653697873576281681e-09 2.069013202849312810e-09
1.055000019073486328e+01 1.648524273882920219e-09 2.062907997407150306e-09
1.055999946594238281e+01 1.643397584960018666e-09 2.056879722704248253e-09
1.056999969482421875e+01 1.638307975871691695e-09 2.050911983247204649e-09
1.057999992370605469e+01 1.633246776694181210e-09 2.044989302011068979e-09
1.059000015258789062e+01 1.628204719808226609e-09 2.039095170129551281e-09
1.059999942779541016e+01 1.623173110389889812e-09 2.033213548721027551e-09
1.060999965667724609e+01 1.618142104095003743e-09 2.027326990402108109e-09
1.061999988555908203e+01 1.613103771657933596e-09 2.021420357748031580e-09
1.063000011444091797e+01 1.608050353281813388e-09 2.015478919733928567e-09
1.063999938964843750e+01 1.602975381044971143e-09 2.009489802697385307e-09
1.064999961853027344e+01 1.597871877923270722e-09 2.003439986763701367e-09
1.065999984741210938e+01 1.592735375357166866e-09 1.997319980513500282e-09
1.067000007629394531e+01 1.587562068932415435e-09 1.991121748959153037e-09
1.067999935150146484e+01 1.582349863159387416e-09 1.984840046852825053e-09
1.068999958038330078e+01 1.577096413752082569e-09 1.978470125118690628e-09
1.069999980926513672e+01 1.571802117018790019e-09 1.972011384907213045e-09
1.071000003814697266e+01 1.566468103994540878e-09 1.965464996283318994e-09
1.071999931335449219e+01 1.561097201643539069e-09 1.958835084089308220e-09
1.072999954223632812e+01 1.555691806482323279e-09 1.952126093568077604e-09
1.073999977111816406e+01 1.550256861086943296e-09 1.945346439369558475e-09
1.075000000000000000e+01 1.544797690572112779e-09 1.938505793811028106e-09
1.076000022888183594e+01 1.539320376632323821e-09 1.931615483906357673e-09
1.076999950408935547e+01 1.533832130043000822e-09 1.924688886883535124e-09
1.077999973297119141e+01 1.528339033526318037e-09 1.917738488816288550e-09
1.078999996185302734e+01 1.522849013807990164e-09 1.910779533041328529e-09
1.080000019073486328e+01 1.517369574374808799e-09 1.903827046480162364e-09
1.080999946594238281e+01 1.511908665747963337e-09 1.896896818709266787e-09
1.081999969482421875e+01 1.506472434655588732e-09 1.890002419345642971e-09
1.082999992370605469e+01 1.501068189231717614e-09 1.883158833594795315e-09
1.084000015258789062e+01 1.495702163323390452e-09 1.876379496640730955e-09
1.084999942779541016e+01 1.490380408586852441e-09 1.869677295313188515e-09
1.085999965667724609e+01 1.485106650170861414e-09 1.863061750328151767e-09
1.086999988555908203e+01 1.479885234468778319e-09 1.856542619295890596e-09
1.088000011444091797e+01 1.474719017172341629e-09 1.850127136089847325e-09
1.088999938964843750e+01 1.469610303390112832e-09 1.843821097688032760e-09
1.089999961853027344e+01 1.464558873643598548e-09 1.837626362279175936e-09
1.090999984741210938e+01 1.459564900920199538e-09 1.831544399610524512e-09
1.092000007629394531e+01 1.454627013619505672e-09 1.825573864817601180e-09
1.092999935150146484e+01 1.449743288839084037e-09 1.819711797555738852e-09
1.093999958038330078e+01 1.444909456760333483e-09 1.813951482648575559e-09
1.094999980926513672e+01 1.440121776768365463e-09 1.808285934855501219e-09
1.096000003814697266e+01 1.435375269552644679e-09 1.802705825926712552e-09
1.096999931335449219e+01 1.430664748429123389e-09 1.797200781310048451e-09
1.097999954223632812e+01 1.425983153759327065e-09 1.791757530871803887e-09
1.098999977111816406e+01 1.421324385259843694e-09 1.786363328076207199e-09
1.100000000000000000e+01 1.416681645803182759e-09 1.781004135085224074e-09
1.101000022888183594e+01 1.412048039628379447e-09 1.775665457348202856e-09
1.101999950408935547e+01 1.407417160634507552e-09 1.770333165170380142e-09
1.102999973297119141e+01 1.402781469376337998e-09 1.764991773781140134e-09
1.103999996185302734e+01 1.398135078906713002e-09 1.759627799706502437e-09
1.105000019073486328e+01 1.393472115970969169e-09 1.754228021399319646e-09
1.105999946594238281e+01 1.388787725693224521e-09 1.748780784022701735e-09
1.106999969482421875e+01 1.384076383377815033e-09 1.743274165801425685e-09
1.107999992370605469e+01 1.379334658704647888e-09 1.737699311459291909e-09
1.109000015258789062e+01 1.374559497656792232e-09 1.732048542643721495e-09
1.109999942779541016e+01 1.369749175851747149e-09 1.726316569363262124e-09
1.110999965667724609e+01 1.364901487394694294e-09 1.720498397258385661e-09
1.111999988555908203e+01 1.360016504637866187e-09 1.714592665317830866e-09
1.113000011444091797e+01 1.355094734013978605e-09 1.708599481053984265e-09
1.113999938964843750e+01 1.350138015706732363e-09 1.702521516174417031e-09
1.114999961853027344e+01 1.345147579128873584e-09 1.696361605272070185e-09
1.115999984741210938e+01 1.340126812991783711e-09 1.690126109187773236e-09
1.117000007629394531e+01 1.335079295863801933e-09 1.683822450423335774e-09
1.117999935150146484e+01 1.330009657152349033e-09 1.677460109845524423e-09
1.118999958038330078e+01 1.324921535966163421e-09 1.671047975644899070e-09
1.119999980926513672e+01 1.319820369881647093e-09 1.664597742546844525e-09
1.121000003814697266e+01 1.314711344441131959e-09 1.658121227116716554e-09
1.121999931335449219e+01 1.309600242493047651e-09 1.651631316008351135e-09
1.122999954223632812e+01 1.304491373537761124e-09 1.645139206437662489e-09
1.123999977111816406e+01 1.299390381848449886e-09 1.638657839325263294e-09
1.125000000000000000e+01 1.294302184383841310e-09 1.632199146829315327e-09
1.125999927520751953e+01 1.289231836818367472e-09 1.625775016949118731e-09
1.126999950408935547e+01 1.284182507063203615e-09 1.619394599200614049e-09
1.127999973297119141e+01 1.279158295558501090e-09 1.613067758767403531e-09
1.128999996185302734e+01 1.274162230731266829e-09 1.606802425782330281e-09
1.130000019073486328e+01 1.269196700462650909e-09 1.600605046581512741e-09
1.130999946594238281e+01 1.264263883744422934e-09 1.594481036410129757e-09
1.131999969482421875e+01 1.259363851233592510e-09 1.588432360537833487e-09
1.132999992370605469e+01 1.254497384124783349e-09 1.582460989392717700e-09
1.134000015258789062e+01 1.249664101380604631e-09 1.576566545635893732e-09
1.134999942779541016e+01 1.244863416325336274e-09 1.570747474563799746e-09
1.135999965667724609e+01 1.240092751469543075e-09 1.564998902109705059e-09
1.136999988555908203e+01 1.235350342234572739e-09 1.559316072456131900e-09
1.138000011444091797e+01 1.230633471465483082e-09 1.553692264026687072e-09
1.138999938964843750e+01 1.225939455118569268e-09 1.548120051854088576e-09
1.139999961853027344e+01 1.221263941171323682e-09 1.542589387812385127e-09
1.140999984741210938e+01 1.216603689352704095e-09 1.537091011770390123e-09
1.142000007629394531e+01 1.211954876641151399e-09 1.531614562736350373e-09
1.142999935150146484e+01 1.207314087967554226e-09 1.526149885889132049e-09
1.143999958038330078e+01 1.202676645755182267e-09 1.520685207372505671e-09
1.144999980926513672e+01 1.198039361140839202e-09 1.515210517831777658e-09
1.146000003814697266e+01 1.193398854777560175e-09 1.509715740410610058e-09
1.146999931335449219e+01 1.188752527316477154e-09 1.504192021266945660e-09
1.147999954223632812e+01 1.184096861927505928e-09 1.498629843737934822e-09
1.148999977111816406e+01 1.179430147751819437e-09 1.493022390045491601e-09
1.150000000000000000e+01 1.174750761849136799e-09 1.487363614061405392e-09
1.150999927520751953e+01 1.170058100755814369e-09 1.481649460184885848e-09
1.151999950408935547e+01 1.165350816170360606e-09 1.475875791109741722e-09
1.152999973297119141e+01 1.160629513662078128e-09 1.470041735003656963e-09
1.153999996185302734e+01 1.155894962940971180e-09 1.464147551773407611e-09
1.155000019073486328e+01 1.151148530403516453e-09 1.458195178553554576e-09
1.155999946594238281e+01 1.146392605402326517e-09 1.452188770625071260e-09
1.156999969482421875e+01 1.141628744668722033e-09 1.446132333757233724e-09
1.157999992370605469e+01 1.136860342520627989e-09 1.440033056321772478e-09
1.159000015258789062e+01 1.132090755921979563e-09 1.433898885380502955e-09
1.159999942779541016e+01 1.127324141504302625e-09 1.427739518337818822e-09
1.160999965667724609e+01 1.122563560438499854e-09 1.421563859135551830e-09
1.161999988555908203e+01 1.117813624531367863e-09 1.415383332040855652e-09
1.163000011444091797e+01 1.113078592039898292e-09 1.409209305419232135e-09
1.163999938964843750e+01 1.108363184487947395e-09 1.403054024979544516e-09
1.164999961853027344e+01 1.103670703985672578e-09 1.396928023296984471e-09
1.165999984741210938e+01 1.099005649125655381e-09 1.390843400018111507e-09
1.167000007629394531e+01 1.094371834799444913e-09 1.384811231875824562e-09
1.167999935150146484e+01 1.089773207195247555e-09 1.378842499172412557e-09
1.168999958038330078e+01 1.085212027626312138e-09 1.372945602618899462e-09
1.169999980926513672e+01 1.080691448207992989e-09 1.367129588278878937e-09
1.171000003814697266e+01 1.076213707410905174e-09 1.361401695675472665e-09
1.171999931335449219e+01 1.071780955746335297e-09 1.355768323398191262e-09
1.172999954223632812e+01 1.067393544521268337e-09 1.350232779335974122e-09
1.173999977111816406e+01 1.063052550452298172e-09 1.344798428895228311e-09
1.175000000000000000e+01 1.058758079521600403e-09 1.339466494093596089e-09
1.175999927520751953e+01 1.054510105901750597e-09 1.334237082144156740e-09
1.176999950408935547e+01 1.050306878015342272e-09 1.329107227924152244e-09
1.177999973297119141e+01 1.046147381835057241e-09 1.324073947541108825e-09
1.178999996185302734e+01 1.042029758239132173e-09 1.319132327526422476e-09
1.180000019073486328e+01 1.037951760774666949e-09 1.314276151884130852e-09
1.180999946594238281e+01 1.033911197132842867e-09 1.309498504819205135e-09
1.181999969482421875e+01 1.029904454867511747e-09 1.304790129826960598e-09
1.182999992370605469e+01 1.025928880766411135e-09 1.300142355521059127e-09
1.184000015258789062e+01 1.021981306566791277e-09 1.295545474655769556e-09
1.184999942779541016e+01 1.018058880526250726e-09 1.290989854603628679e-09
1.185999965667724609e+01 1.014157644199423475e-09 1.286464427005758805e-09
1.186999988555908203e+01 1.010274845389991092e-09 1.281959517134386953e-09
1.188000011444091797e+01 1.006407504843582620e-09 1.277465322354075344e-09
1.188999938964843750e+01 1.002553218801726198e-09 1.272972986804287876e-09
1.189999961853027344e+01 9.987087438371096358e-10 1.268473083480665521e-09
1.190999984741210938e+01 9.948722487401666957e-10 1.263958361082822416e-09
1.192000007629394531e+01 9.910418819619636612e-10 1.259422186678041848e-09
1.192999935150146484e+01 9.872165339597976329e-10 1.254859540560755007e-09
1.193999958038330078e+01 9.833943988922329090e-10 1.250265375600260610e-09
1.194999980926513672e+01 9.795751742550704586e-10 1.245637299790260724e-09
1.196000003814697266e+01 9.757586025759944047e-10 1.240973880005592178e-09
1.196999931335449219e+01 9.719451918262727408e-10 1.236275534895898346e-09
1.197999954223632812e+01 9.681347437149149360e-10 1.231542716591896129e-09
1.198999977111816406e+01 9.643285103002935481e-10 1.226778546144097295e-09
1.200000000000000000e+01 9.605277056705432139e-10 1.221986941752432020e-09
1.200999927520751953e+01 9.567341910367215044e-10 1.217173414969409267e-09
1.201999950408935547e+01 9.529489825954401701e-10 1.212343097658023310e-09
1.202999973297119141e+01 9.491743721288305441e-10 1.207503341172707403e-09
1.203999996185302734e+01 9.454124255918279723e-10 1.202661708205785310e-09
1.205000019073486328e+01 9.416652895880237547e-10 1.197826243599011756e-09
1.205999946594238281e+01 9.379354900978698791e-10 1.193005736902466526e-09
1.206999969482421875e+01 9.342244555459621579e-10 1.188207683523184512e-09
1.207999992370605469e+01 9.305345978119188991e-10 1.183440843316215899e-09
1.209000015258789062e+01 9.268678368086179996e-10 1.178713202388290193e-09
1.209999942779541016e+01 9.232262567968989111e-10 1.174032689745647666e-09
1.210999965667724609e+01 9.196106782255973125e-10 1.169405221049538346e-09
1.211999988555908203e+01 9.160227066403763520e-10 1.164837219821975744e-09
1.213000011444091797e+01 9.124633123821902404e-10 1.160333688702500168e-09
1.213999938964843750e+01 9.089334931652039456e-10 1.155898963143108927e-09
1.214999961853027344e+01 9.054329165878400879e-10 1.151534937064513577e-09
1.215999984741210938e+01 9.019619342638736635e-10 1.147243539439722976e-09
1.217000007629394531e+01 8.985202343129048309e-10 1.143025002727032283e-09
1.217999935150146484e+01 8.951075130164331100e-10 1.138878677480521605e-09
1.218999958038330078e+01 8.917221924091585017e-10 1.134801482955507877e-09
1.219999980926513672e+01 8.883633964729292367e-10 1.130790333174332279e-09
1.221000003814697266e+01 8.850296761151680851e-10 1.126840629162642091e-09
1.221999931335449219e+01 8.817196853583355452e-10 1.122947132185044293e-09
1.222999954223632812e+01 8.784309601112698247e-10 1.119102611944275247e-09
1.223999977111816406e+01 8.751618546405319114e-10 1.115300221049039565e-09
1.225000000000000000e+01 8.719103217670507486e-10 1.111532168325583508e-09
1.225999927520751953e+01 8.686745839486814760e-10 1.107790624199757713e-09
1.226999950408935547e+01 8.654519469131633164e-10 1.104066479629797518e-09
1.227999973297119141e+01 8.622406968362745854e-10 1.100351673822616290e-09
1.228999996185302734e+01 8.590389085225238701e-10 1.096637952730767859e-09
1.230000019073486328e+01 8.558447959431119110e-10 1.092917410318235642e-09
1.230999946594238281e+01 8.526570533890867906e-10 1.089183020225098765e-09
1.231999969482421875e+01 8.494736729964055987e-10 1.085427372303824475e-09
1.232999992370605469e+01 8.462937965174198520e-10 1.081644955154064713e-09
1.234000015258789062e+01 8.431165209835305565e-10 1.077830861159297655e-09
1.234999942779541016e+01 8.399415217740180141e-10 1.073981616459928808e-09
1.235999965667724609e+01 8.367678513147281381e-10 1.070093790890499739e-09
1.236999988555908203e+01 8.335957592352958519e-10 1.066166256452958272e-09
1.238000011444091797e+01 8.304254777948332899e-10 1.062198751870651923e-09
1.238999938964843750e+01 8.272578175282125895e-10 1.058192634107166161e-09
1.239999961853027344e+01 8.240929436696109715e-10 1.054149321121721632e-09
1.240999984741210938e+01 8.209321683172330063e-10 1.050072533352808875e-09
1.242000007629394531e+01 8.177767160154085492e-10 1.045966692395783471e-09
1.242999935150146484e+01 8.146282961398964113e-10 1.041837596316171876e-09
1.243999958038330078e+01 8.114878689920207427e-10 1.037690721286730587e-09
1.244999980926513672e+01 8.083574117406003148e-10 1.033533446727791898e-09
1.246000003814697266e+01 8.052386785696516054e-10 1.029373327908564480e-09
1.246999931335449219e+01 8.021337579597718397e-10 1.025218719475833004e-09
1.247999954223632812e+01 7.990438505083224942e-10 1.021077018009630684e-09
1.248999977111816406e+01 7.959710078553868625e-10 1.016956864075226928e-09
1.250000000000000000e+01 7.929169100725949993e-10 1.012866379192239978e-09
1.250999927520751953e+01 7.898834167615823188e-10 1.008813774476294291e-09
1.251999950408935547e+01 7.868713805483431343e-10 1.004805643117988025e-09
1.252999973297119141e+01 7.838823559247521824e-10 1.000849126996863880e-09
1.253999996185302734e+01 7.809174167259390153e-10 9.969502272056310137e-10
1.255000019073486328e+01 7.779774280701778737e-10 9.931140711432060316e-10
1.255999946594238281e+01 7.750633094572029136e-10 9.893451671557962205e-10
1.256999969482421875e+01 7.721749172243936234e-10 9.856458940790098864e-10
1.257999992370605469e+01 7.693127090142258882e-10 9.820186028207967875e-10
1.259000015258789062e+01 7.664766316164288989e-10 9.784641410528427076e-10
1.259999942779541016e+01 7.636666738937048523e-10 9.749825390033191414e-10
1.260999965667724609e+01 7.608818089894073490e-10 9.715717077428223767e-10
1.261999988555908203e+01 7.581216183628282534e-10 9.682294754150714905e-10
1.263000011444091797e+01 7.553852372393736344e-10 9.649523193913975811e-10
1.263999938964843750e+01 7.526719048579252722e-10 9.617360946952448518e-10
1.264999961853027344e+01 7.499799575499015276e-10 9.585749212231822946e-10
1.265999984741210938e+01 7.473084092713849130e-10 9.554631485731429097e-10
1.267000007629394531e+01 7.446559438774763291e-10 9.523942628382593508e-10
1.267999935150146484e+01 7.420214555715764849e-10 9.493616337129068236e-10
1.268999958038330078e+01 7.394030756354943254e-10 9.463575181137140224e-10
1.269999980926513672e+01 7.367997091341958740e-10 9.433749551844687915e-10
1.271000003814697266e+01 7.342100565283693423e-10 9.404067678192311107e-10
1.271999931335449219e+01 7.316331369362301450e-10 9.374462929191469759e-10
1.272999954223632812e+01 7.290673298802516920e-10 9.344864032913184007e-10
1.273999977111816406e+01 7.265118703546192181e-10 9.315213410159979030e-10
1.275000000000000000e+01 7.239658820290690619e-10 9.285457151297492790e-10
1.275999927520751953e+01 7.214288785348796399e-10 9.255551810277650774e-10
1.276999950408935547e+01 7.188998063050348173e-10 9.225453909942873531e-10
1.277999973297119141e+01 7.163785019028724397e-10 9.195137772905312819e-10
1.278999996185302734e+01 7.138647250100493248e-10 9.164584638885890075e-10
1.279999923706054688e+01 7.113586371286985707e-10 9.133788739301728376e-10
1.280999946594238281e+01 7.088598400817188077e-10 9.102745574520896844e-10
1.281999969482421875e+01 7.063688004895267706e-10 9.071469359260727539e-10
1.282999992370605469e+01 7.038858798436662619e-10 9.039980892459563728e-10
1.284000015258789062e+01 7.014115582736665977e-10 9.008309869379653963e-10
1.284999942779541016e+01 6.989466508266425500e-10 8.976497107438386996e-10
1.285999965667724609e+01 6.964913478428626378e-10 8.944581405319465315e-10
1.286999988555908203e+01 6.940466039822786129e-10 8.912616609928743327e-10
1.288000011444091797e+01 6.916131746244259138e-10 8.880658221603734618e-10
1.288999938964843750e+01 6.891920587785899159e-10 8.848768088364049343e-10
1.289999961853027344e+01 6.867835542463208951e-10 8.817000815809677744e-10
1.290999984741210938e+01 6.843886213758689577e-10 8.785420559178039370e-10
1.292000007629394531e+01 6.820079376853436399e-10 8.754087380309737390e-10
1.292999935150146484e+01 6.796423354399607229e-10 8.723061805718947898e-10
1.293999958038330078e+01 6.772918839546768323e-10 8.692391654484231833e-10
1.294999980926513672e+01 6.749572291238250453e-10 8.662128531672418181e-10
1.296000003814697266e+01 6.726386779283113479e-10 8.632314811329736744e-10
1.296999931335449219e+01 6.703366350201532070e-10 8.602988388281637483e-10
1.297999954223632812e+01 6.680507205437553294e-10 8.574170710699871761e-10
1.298999977111816406e+01 6.657810851310190242e-10 8.545882927878422439e-10
1.300000000000000000e+01 6.635275308221746618e-10 8.518134214888566664e-10
1.300999927520751953e+01 6.612899479217710422e-10 8.490926935616728345e-10
1.301999950408935547e+01 6.590674694604399918e-10 8.464246300362766329e-10
1.302999973297119141e+01 6.568597609031859069e-10 8.438076131433566464e-10
1.303999996185302734e+01 6.546661767385978817e-10 8.412388837492133495e-10
1.304999923706054688e+01 6.524861956282407747e-10 8.387151021415031537e-10
1.305999946594238281e+01 6.503186054619206848e-10 8.362314678510729144e-10
1.306999969482421875e+01 6.481627673693614391e-10 8.337832577209414653e-10
1.307999992370605469e+01 6.460178004546293526e-10 8.313649680224658481e-10
1.309000015258789062e+01 6.438828082631294319e-10 8.289706773133565706e-10
1.309999942779541016e+01 6.417570991663634192e-10 8.265944016480715432e-10
1.310999965667724609e+01 6.396393937949654232e-10 8.242293246917952419e-10
1.311999988555908203e+01 6.375290581438151013e-10 8.218692945061732144e-10
1.313000011444091797e+01 6.354253073969686371e-10 8.195080536083092716e-10
1.313999938964843750e+01 6.333276230606245872e-10 8.171398271808744846e-10
1.314999961853027344e+01 6.312349654577501617e-10 8.147585469700225682e-10
1.315999984741210938e+01 6.291469842807758193e-10 8.123593247331445724e-10
1.317000007629394531e+01 6.270632259088023473e-10 8.099376575612254841e-10
1.317999935150146484e+01 6.249835375064487386e-10 8.074899814570907300e-10
1.318999958038330078e+01 6.229072772611798187e-10 8.050128125893249198e-10
1.319999980926513672e+01 6.208345052057561362e-10 8.025042073980315299e-10
1.321000003814697266e+01 6.187651879114540511e-10 7.999628729153702148e-10
1.321999931335449219e+01 6.166995899368406077e-10 7.973886674913924445e-10
1.322999954223632812e+01 6.146374800812819747e-10 7.947816171718308140e-10
1.323999977111816406e+01 6.125793054456692740e-10 7.921433706373310146e-10
1.325000000000000000e+01 6.105253934070869416e-10 7.894761828785632920e-10
1.325999927520751953e+01 6.084763327928057046e-10 7.867833611408558990e-10
1.326999950408935547e+01 6.064321803845129802e-10 7.840681623051758004e-10
1.327999973297119141e+01 6.043936204037922635e-10 7.813352462269196001e-10
1.328999996185302734e+01 6.023611687920700302e-10 7.785895493268671540e-10
1.329999923706054688e+01 6.003355478994878946e-10 7.758366906793239603e-10
1.330999946594238281e+01 5.983169007831642663e-10 7.730818005327801432e-10
1.331999969482421875e+01 5.963059373252476824e-10 7.703309703587795046e-10
1.332999992370605469e+01 5.943031483651266086e-10 7.675900738030451035e-10
1.334000015258789062e+01 5.923089879225731596e-10 7.648649001478480853e-10
1.334999942779541016e+01 5.903240519665486317e-10 7.621612851615641094e-10
1.335999965667724609e+01 5.883483133976227136e-10 7.594839613978069275e-10
1.336999988555908203e+01 5.863822509643843259e-10 7.568379942174754630e-10
1.338000011444091797e+01 5.844260857944352723e-10 7.542276465061016569e-10
1.338999938964843750e+01 5.824801527449880938e-10 7.516567924936195411e-10
1.339999961853027344e+01 5.805441572999931096e-10 7.491278670808198549e-10
1.340999984741210938e+01 5.786182891702688240e-10 7.466432799829342813e-10
1.342000007629394531e+01 5.767024808010970938e-10 7.442043907208666949e-10
1.342999935150146484e+01 5.747967781031873269e-10 7.418119597266544337e-10
1.343999958038330078e+01 5.729006193063789964e-10 7.394652364757747944e-10
1.344999980926513672e+01 5.710139316104291536e-10 7.371633432977648463e-10
1.346000003814697266e+01 5.691364105599493633e-10 7.349043908352159784e-10
1.346999931335449219e+01 5.672678882105779197e-10 7.326859677879007879e-10
1.347999954223632812e+01 5.654076300174738844e-10 7.305043638970644779e-10
1.348999977111816406e+01 5.635554132203373650e-10 7.283559184327780934e-10
1.350000000000000000e+01 5.617108226441018013e-10 7.262362621101651983e-10
1.350999927520751953e+01 5.598736135177186318e-10 7.241408312696232055e-10
1.351999950408935547e+01 5.580430202966977736e-10 7.220641804766031626e-10
1.352999973297119141e+01 5.562188164555823444e-10 7.200012958007580594e-10
1.353999996185302734e+01 5.544006206915344068e-10 7.179469110839228693e-10
1.354999923706054688e+01 5.525882520318451100e-10 7.158960220661842931e-10
1.355999946594238281e+01 5.507810447911075684e-10 7.138432191357896761e-10
1.356999969482421875e+01 5.489788904006114478e-10 7.117839699296057933e-10
1.357999992370605469e+01 5.471815489832865056e-10 7.097139392615906504e-10
1.359000015258789062e+01 5.453888247570570058e-10 7.076292771036052307e-10
1.359999942779541016e+01 5.436007372962135011e-10 7.055269004516065832e-10
1.360999965667724609e+01 5.418168395944418059e-10 7.034037566392137370e-10
1.361999988555908203e+01 5.400372398304378360e-10 7.012580781044325402e-10
1.363000011444091797e+01 5.382619161918476428e-10 6.990886184709551558e-10
1.363999938964843750e+01 5.364910528135351181e-10 6.968950821072700581e-10
1.364999961853027344e+01 5.347243601491442568e-10 6.946772875042176778e-10
1.365999984741210938e+01 5.329620832906029031e-10 6.924364083472439940e-10
1.367000007629394531e+01 5.312043201756219189e-10 6.901741082135583105e-10
1.367999935150146484e+01 5.294513518109916822e-10 6.878929210068109164e-10
1.368999958038330078e+01 5.277029675676606677e-10 6.855953179078744538e-10
1.369999980926513672e+01 5.259594621960441560e-10 6.832849396419923276e-10
1.371000003814697266e+01 5.242209605234086771e-10 6.809656429186527068e-10
1.371999931335449219e+01 5.224877442219089449e-10 6.786418448421915108e-10
1.372999954223632812e+01 5.207595858222857515e-10 6.763175346985848739e-10
1.373999977111816406e+01 5.190367358858291986e-10 6.739974986078473552e-10
1.375000000000000000e+01 5.173192574994121634e-10 6.716863250346799098e-10
1.375999927520751953e+01 5.156073516514461620e-10 6.693887365291172413e-10
1.376999950408935547e+01 5.139007025017527236e-10 6.671086091860407285e-10
1.377999973297119141e+01 5.121994557708460987e-10 6.648501876588301468e-10
1.378999996185302734e+01 5.105035647750433770e-10 6.626171136421581094e-10
1.379999923706054688e+01 5.088131154576684285e-10 6.604127703895661186e-10
1.380999946594238281e+01 5.071276835376151027e-10 6.582393716432050189e-10
1.381999969482421875e+01 5.054473040620348151e-10 6.560991630269990229e-10
1.382999992370605469e+01 5.037718290430884051e-10 6.539935315701753744e-10
1.384000015258789062e+01 5.021010925076670440e-10 6.519231857430775208e-10
1.384999942779541016e+01 5.004350733942171921e-10 6.498883318279098405e-10
1.385999965667724609e+01 4.987732648705049700e-10 6.478879005884209008e-10
1.386999988555908203e+01 4.971156324208238943e-10 6.459207268999074142e-10
1.388000011444091797e+01 4.954619827685843605e-10 6.439848007738528607e-10
1.388999938964843750e+01 4.938122849013292625e-10 6.420776886109538208e-10
1.389999961853027344e+01 4.921660457234406121e-10 6.401958669091436144e-10
1.390999984741210938e+01 4.905232583639254871e-10 6.383358834867068405e-10
1.392000007629394531e+01 4.888837764087412488e-10 6.364937083679482755e-10
1.392999935150146484e+01 4.872476305864163953e-10 6.346651799963038214e-10
1.393999958038330078e+01 4.856144076740879974e-10 6.328454049014284482e-10
1.394999980926513672e+01 4.839841887973775854e-10 6.310299034364886753e-10
1.396000003814697266e+01 4.823569261837763435e-10 6.292140134103969246e-10
1.396999931335449219e+01 4.807327547298611369e-10 6.273933410680310307e-10
1.397999954223632812e+01 4.791113723815642551e-10 6.255631654175663510e-10
1.398999977111816406e+01 4.774929686347955447e-10 6.237195742728428549e-10
1.400000000000000000e+01 4.758776028483340645e-10 6.218588584465869142e-10
1.400999927520751953e+01 4.742655106756414478e-10 6.199779450656128036e-10
1.401999950408935547e+01 4.726564863609076901e-10 6.180737468565752983e-10
1.402999973297119141e+01 4.710508019178757273e-10 6.161442953028200776e-10
1.403999996185302734e+01 4.694485880430710917e-10 6.141880694152391527e-10
1.404999923706054688e+01 4.678501363316807297e-10 6.122043948787765265e-10
1.405999946594238281e+01 4.662552856160689075e-10 6.101927002580398932e-10
1.406999969482421875e+01 4.646643325662118188e-10 6.081536530584206359e-10
1.407999992370605469e+01 4.630774174947121355e-10 6.060883919709821681e-10
1.409000015258789062e+01 4.614946731900763631e-10 6.039986867781518203e-10
1.409999942779541016e+01 4.599163717427836385e-10 6.018870990918212237e-10
1.410999965667724609e+01 4.583423198533245266e-10 5.997561205351588579e-10
1.411999988555908203e+01 4.567727595437694703e-10 5.976093161804984200e-10
1.413000011444091797e+01 4.552077636764095286e-10 5.954504456253905882e-10
1.413999938964843750e+01 4.536475341097329691e-10 5.932837871308708690e-10
1.414999961853027344e+01 4.520918063256895014e-10 5.911132210070272672e-10
1.415999984741210938e+01 4.505407424533671514e-10 5.889433766790603994e-10
1.417000007629394531e+01 4.489943364237123482e-10 5.867787109795922144e-10
1.417999935150146484e+01 4.474527113244088733e-10 5.846238241978782789e-10
1.418999958038330078e+01 4.459155338315387393e-10 5.824825456475833681e-10
1.419999980926513672e+01 4.443828990835734380e-10 5.803590786497407526e-10
1.421000003814697266e+01 4.428547451969338356e-10 5.782570942684185235e-10
1.421999931335449219e+01 4.413311492127032651e-10 5.761800595245201728e-10
1.422999954223632812e+01 4.398117499710415376e-10 5.741303821290794535e-10
1.423999977111816406e+01 4.382966239214351003e-10 5.721105451147205938e-10
1.425000000000000000e+01 4.367857074165419790e-10 5.701222695225829609e-10
1.425999927520751953e+01 4.352790895215658678e-10 5.681668691373671796e-10
1.426999950408935547e+01 4.337764413100312558e-10 5.662444916017107088e-10
1.427999973297119141e+01 4.322778812729021259e-10 5.643552350394029285e-10
1.428999996185302734e+01 4.307834030464686457e-10 5.624984100419203980e-10
1.429999923706054688e+01 4.292931635125561287e-10 5.606729246584001429e-10
1.430999946594238281e+01 4.278069163514144457e-10 5.588766279904122838e-10
1.431999969482421875e+01 4.263248659040397453e-10 5.571074030323821396e-10
1.432999992370605469e+01 4.248470984338629040e-10 5.553625263682645889e-10
1.434000015258789062e+01 4.233737240379832147e-10 5.536389116924576144e-10
1.434999942779541016e+01 4.219050152491532805e-10 5.519333471981549162e-10
1.435999965667724609e+01 4.204408451731473983e-10 5.502419276955912074e-10
1.436999988555908203e+01 4.189815252518013315e-10 5.485611150274607623e-10
1.438000011444091797e+01 4.175272411859241020e-10 5.468871728474087526e-10
1.438999938964843750e+01 4.160783272027121861e-10 5.452165760732905737e-10
1.439999961853027344e+01 4.146347094077880396e-10 5.435454585589176695e-10
1.440999984741210938e+01 4.131967301464288478e-10 5.418706493505371896e-10
1.442000007629394531e+01 4.117645897181403858e-10 5.401891105180375115e-10
1.442999935150146484e+01 4.103386153139115627e-10 5.384983260886198703e-10
1.443999958038330078e+01 4.089187124737874460e-10 5.367957150303400400e-10
1.444999980926513672e+01 4.075051760902227388e-10 5.350796473437134342e-10
1.446000003814697266e+01 4.060981410833448104e-10 5.333488379224872183e-10
1.446999931335449219e+01 4.046978476106927769e-10 5.316027005511273193e-10
1.447999954223632812e+01 4.033041037302088748e-10 5.298406937832146272e-10
1.448999977111816406e+01 4.019170835732684725e-10 5.280633210741848477e-10
1.450000000000000000e+01 4.005367901356825544e-10 5.262714546547335219e-10
1.450999927520751953e+01 3.991633182338966504e-10 5.244666503364903695e-10
1.451999950408935547e+01 3.977963304891301976e-10 5.226504223450600961e-10
1.452999973297119141e+01 3.964358435022898536e-10 5.208252305437333193e-10
1.453999996185302734e+01 3.950817044112733691e-10 5.189937373704501116e-10
1.454999923706054688e+01 3.937338525148737329e-10 5.171590907563387765e-10
1.455999946594238281e+01 3.923918086769825382e-10 5.153241531873447737e-10
1.456999969482421875e+01 3.910554503256100210e-10 5.134924763899917320e-10
1.457999992370605469e+01 3.897245012766600230e-10 5.116675222601827921e-10
1.458999919891357422e+01 3.883987919707797398e-10 5.098529295371735002e-10
1.459999942779541016e+01 3.870777599352740690e-10 5.080517418868178108e-10
1.460999965667724609e+01 3.857612145412380886e-10 5.062673683317841400e-10
1.461999988555908203e+01 3.844488371988984946e-10 5.045028149216376578e-10
1.463000011444091797e+01 3.831403145762747558e-10 5.027607890162758003e-10
1.463999938964843750e+01 3.818354693590616668e-10 5.010437994375733595e-10
1.464999961853027344e+01 3.805337691089909988e-10 4.993534497966817981e-10
1.465999984741210938e+01 3.792350788398965913e-10 4.976913767694799393e-10
1.467000007629394531e+01 3.779391683405386004e-10 4.960585582385267824e-10
1.467999935150146484e+01 3.766459648143505334e-10 4.944556068019127015e-10
1.468999958038330078e+01 3.753550638014966900e-10 4.928821496555625314e-10
1.469999980926513672e+01 3.740664723306754919e-10 4.913377462368411552e-10
1.471000003814697266e+01 3.727801175610649908e-10 4.898212859143529445e-10
1.471999931335449219e+01 3.714960937775819291e-10 4.883313066720015035e-10
1.472999954223632812e+01 3.702141728517858348e-10 4.868654634995122120e-10
1.473999977111816406e+01 3.689345380978531482e-10 4.854214249966753586e-10
1.475000000000000000e+01 3.676572921753130346e-10 4.839963558123735417e-10
1.475999927520751953e+01 3.663826980528720139e-10 4.825872546758133999e-10
1.476999950408935547e+01 3.651106890180044877e-10 4.811904856048345254e-10
1.477999973297119141e+01 3.638415931578609989e-10 4.798026558841336274e-10
1.478999996185302734e+01 3.625756412305014394e-10 4.784201525278771191e-10
1.479999923706054688e+01 3.613132023276536247e-10 4.770394858823501680e-10
1.480999946594238281e+01 3.600542957605169034e-10 4.756568396598219474e-10
1.481999969482421875e+01 3.587993064288172969e-10 4.742689350724051546e-10
1.482999992370605469e+01 3.575484956175848708e-10 4.728725755942389374e-10
1.483999919891357422e+01 3.563022329334305107e-10 4.714649795027286895e-10
1.484999942779541016e+01 3.550605142090887044e-10 4.700433013672895165e-10
1.485999965667724609e+01 3.538236680316604901e-10 4.686054889835788345e-10
1.486999988555908203e+01 3.525918736297605786e-10 4.671497906598803145e-10
1.488000011444091797e+01 3.513652744966939335e-10 4.656749219981177414e-10
1.488999938964843750e+01 3.501440899289844905e-10 4.641802322481274796e-10
1.489999961853027344e+01 3.489281459315587722e-10 4.626651439627513381e-10
1.490999984741210938e+01 3.477175713722937690e-10 4.611300092537900628e-10
1.492000007629394531e+01 3.465123300446197395e-10 4.595755313716529889e-10
1.492999935150146484e+01 3.453124512039467767e-10 4.580030363586472540e-10
1.493999958038330078e+01 3.441175731153889663e-10 4.564138405078969327e-10
1.494999980926513672e+01 3.429276317344343381e-10 4.548101101522645409e-10
1.496000003814697266e+01 3.417424055462149782e-10 4.531942147334993875e-10
1.496999931335449219e+01 3.405617469651603078e-10 4.515689753381035684e-10
1.497999954223632812e+01 3.393851375817137652e-10 4.499369818320219792e-10
1.498999977111816406e+01 3.382123699073960697e-10 4.483014568547757772e-10
1.500000000000000000e+01 3.370431034190913107e-10 4.466655669083654493e-10
