# col1: q[fm^-1] col2: weakFF col3: chargeFF [unitless]
9.999999999999999547e-07 9.999999162437044342e-01 9.999999249521210887e-01
9.999999776482582092e-03 9.998101438085762460e-01 9.998039871165768089e-01
1.999999955296516418e-02 9.992410134165874425e-01 9.992163748964691949e-01
2.999999932944774628e-02 9.982930855405102166e-01 9.982376918433500945e-01
3.999999910593032837e-02 9.969672933479483135e-01 9.968689427854194873e-01
4.999999701976776123e-02 9.952649416312351338e-01 9.951115325634880548e-01
5.999999865889549255e-02 9.931877030577777044e-01 9.929672619379902310e-01
7.000000029802322388e-02 9.907376186490648440e-01 9.904383277994658341e-01
7.999999821186065674e-02 9.879170936082201093e-01 9.875273185160551304e-01
8.999999612569808960e-02 9.847288911426986813e-01 9.842372071530907096e-01
9.999999403953552246e-02 9.811761310752141751e-01 9.805713495770317367e-01
1.099999994039535522e-01 9.772622812196071207e-01 9.765334750373652062e-01
1.199999973177909851e-01 9.729911640602627587e-01 9.721276924829158617e-01
1.299999952316284180e-01 9.683669334846816135e-01 9.673584659308898104e-01
1.400000005960464478e-01 9.633940760805321801e-01 9.622306151328188228e-01
1.499999910593032837e-01 9.580774207673566911e-01 9.567493247779726984e-01
1.599999964237213135e-01 9.524220888916553607e-01 9.509200922704090786e-01
1.700000017881393433e-01 9.464335373994293699e-01 9.447487714296683992e-01
1.799999922513961792e-01 9.401175291715153648e-01 9.382415410495058561e-01
1.899999976158142090e-01 9.334800939970497868e-01 9.314048638097172095e-01
1.999999880790710449e-01 9.265275866808152516e-01 9.242455452170098562e-01
2.099999934434890747e-01 9.192665986043827564e-01 9.167706415642800089e-01
2.199999988079071045e-01 9.117040193392909053e-01 9.089875224078423077e-01
2.299999892711639404e-01 9.038469975047795923e-01 9.009038292496784894e-01
2.399999946355819702e-01 8.957028932054871273e-01 8.925274255958758340e-01
2.500000000000000000e-01 8.872793375662770821e-01 8.838664571758753086e-01
2.599999904632568359e-01 8.785841884620179121e-01 8.749293053326511194e-01
2.699999809265136719e-01 8.696254920261561328e-01 8.657245464112464095e-01
2.800000011920928955e-01 8.604114811637623150e-01 8.562609492079337192e-01
2.899999916553497314e-01 8.509506620487731210e-01 8.465475627179716023e-01
2.999999821186065674e-01 8.412516373631234723e-01 8.365935335244863991e-01
3.100000023841857910e-01 8.313231733387381750e-01 8.264081736593166250e-01
3.199999928474426270e-01 8.211742794187851802e-01 8.160010412230402910e-01
3.299999833106994629e-01 8.108140182501459847e-01 8.053817444240501944e-01
3.400000035762786865e-01 8.002515790733687462e-01 7.945600159148147323e-01
3.499999940395355225e-01 7.894963623624690063e-01 7.835457984422369293e-01
3.599999845027923584e-01 7.785577782192310003e-01 7.723490373100161399e-01
3.700000047683715820e-01 7.674453256161989367e-01 7.609797606867473307e-01
3.799999952316284180e-01 7.561686814573930215e-01 7.494481697201341719e-01
3.899999856948852539e-01 7.447374890840542383e-01 7.377644212521744516e-01
3.999999761581420898e-01 7.331614775426911201e-01 7.259387489977691121e-01
4.099999964237213135e-01 7.214503809609462692e-01 7.139813803095603761e-01
4.199999868869781494e-01 7.096140659662303340e-01 7.019026654522372288e-01
4.299999773502349854e-01 6.976623097293617182e-01 6.897128502173914821e-01
4.399999976158142090e-01 6.856048907336416143e-01 6.774221679792811202e-01
4.499999880790710449e-01 6.734516858715707821e-01 6.650409378973809460e-01
4.599999785423278809e-01 6.612124426999552718e-01 6.525793321306204708e-01
4.699999988079071045e-01 6.488968741636984561e-01 6.400474719101566512e-01
4.799999892711639404e-01 6.365147581287567968e-01 6.274555281746894142e-01
4.899999797344207764e-01 6.240757056004762049e-01 6.148134852220368263e-01
5.000000000000000000e-01 6.115892587789206747e-01 6.021312401516252244e-01
5.099999904632568359e-01 5.990649924153048644e-01 5.894187053015756961e-01
5.199999809265136719e-01 5.865122797119622922e-01 5.766855701283003510e-01
5.299999713897705078e-01 5.739404305582959109e-01 5.639414413423926575e-01
5.399999618530273438e-01 5.613586441699316421e-01 5.511957945576611007e-01
5.500000119209289551e-01 5.487759241966280177e-01 5.384578881657251515e-01
5.600000023841857910e-01 5.362013691390583592e-01 5.257370571272829141e-01
5.699999928474426270e-01 5.236437130176364585e-01 5.130422478754405047e-01
5.799999833106994629e-01 5.111116165054453431e-01 5.003823130481612758e-01
5.899999737739562988e-01 4.986135833567248987e-01 4.877659268707577045e-01
5.999999642372131348e-01 4.861579522017360766e-01 4.752015769137373224e-01
6.100000143051147461e-01 4.737528149384192533e-01 4.626974819436732167e-01
6.200000047683715820e-01 4.614063047411309793e-01 4.502618823082636945e-01
6.299999952316284180e-01 4.491261452768409712e-01 4.379025857417367940e-01
6.399999856948852539e-01 4.369199401412903749e-01 4.256272594008545518e-01
6.499999761581420898e-01 4.247950924746010659e-01 4.134433490936504918e-01
6.599999666213989258e-01 4.127587990757558001e-01 4.013580736748847966e-01
6.699999570846557617e-01 4.008180449205893670e-01 3.893784198918650574e-01
6.800000071525573730e-01 3.889795278411259938e-01 3.775110672944745338e-01
6.899999976158142090e-01 3.772499355039507507e-01 3.657626662562336040e-01
6.999999880790710449e-01 3.656355177156985770e-01 3.541394097046465794e-01
7.099999785423278809e-01 3.541423654789467856e-01 3.426473134183092850e-01
7.199999690055847168e-01 3.427763366746368612e-01 3.312921420372433312e-01
7.299999594688415527e-01 3.315430530249424135e-01 3.200794065889582818e-01
7.400000095367431641e-01 3.204478317496824991e-01 3.090142969467738476e-01
7.500000000000000000e-01 3.094959470441037142e-01 2.981019431552559551e-01
7.599999904632568359e-01 2.986922314034655690e-01 2.873470184818257556e-01
7.699999809265136719e-01 2.880413395695669010e-01 2.767540033739148697e-01
7.799999713897705078e-01 2.775476809260293831e-01 2.663271186989671357e-01
7.899999618530273438e-01 2.672154188243525130e-01 2.560703257827544599e-01
7.999999523162841797e-01 2.570484702850812653e-01 2.459873268390032897e-01
8.100000023841857910e-01 2.470504469850376417e-01 2.360815072725509223e-01
8.199999928474426270e-01 2.372248930525315824e-01 2.263561719803650618e-01
8.299999833106994629e-01 2.275749282634768611e-01 2.168141926098113847e-01
8.399999737739562988e-01 2.181034885695256331e-01 2.074582467053216195e-01
8.499999642372131348e-01 2.088132674588540905e-01 1.982907603680360564e-01
8.599999547004699707e-01 1.997067177417267692e-01 1.893139108172096907e-01
8.700000047683715820e-01 1.907860010378543414e-01 1.805295774856949809e-01
8.799999952316284180e-01 1.820532017603010144e-01 1.719395534859249342e-01
8.899999856948852539e-01 1.735100107692309490e-01 1.635452349134547678e-01
8.999999761581420898e-01 1.651579421625232469e-01 1.553478351875825503e-01
9.099999666213989258e-01 1.569982828026678656e-01 1.473483361274479375e-01
9.199999570846557617e-01 1.490320958312556232e-01 1.395474922128225603e-01
9.300000071525573730e-01 1.412601786883186938e-01 1.319457903668830312e-01
9.399999976158142090e-01 1.336832512492042990e-01 1.245436347275639399e-01
9.499999880790710449e-01 1.263016820985176092e-01 1.173410797192753069e-01
9.599999785423278809e-01 1.191156794250970707e-01 1.103380176082786324e-01
9.699999690055847168e-01 1.121252487532922726e-01 1.035341379088956931e-01
9.799999594688415527e-01 1.053301977652006671e-01 9.692893286190405744e-02
9.899999499320983887e-01 9.873014129750877499e-02 9.052170306796977761e-02
1.000000000000000000e+00 9.232446889781825705e-02 8.431152683252884916e-02
1.009999990463256836e+00 8.611250169515242969e-02 7.829741295353259689e-02
1.019999980926513672e+00 8.009326876866687539e-02 7.247808465636217112e-02
1.029999971389770508e+00 7.426566659440801688e-02 6.685213494213375351e-02
1.039999961853027344e+00 6.862842596827899155e-02 6.141799519316181594e-02
1.049999952316284180e+00 6.318011778834406456e-02 5.617394145569522268e-02
1.059999942779541016e+00 5.791915892499242130e-02 5.111810078554758496e-02
1.069999933242797852e+00 5.284381816698648093e-02 4.624845764423372169e-02
1.079999923706054688e+00 4.795222223158994435e-02 4.156286033347945941e-02
1.090000033378601074e+00 4.324230675606396956e-02 3.705897484030137162e-02
1.100000023841857910e+00 3.871204481342245540e-02 3.273450390009077782e-02
1.110000014305114746e+00 3.435911620856851867e-02 2.858687137985961232e-02
1.120000004768371582e+00 3.018114035231578979e-02 2.461344564458376252e-02
1.129999995231628418e+00 2.617562519709623267e-02 2.081149124304657733e-02
1.139999985694885254e+00 2.233997339560218898e-02 1.717817533418158557e-02
1.149999976158142090e+00 1.867148844719195011e-02 1.371057407534240734e-02
1.159999966621398926e+00 1.516738082224755244e-02 1.040567896294458498e-02
1.169999957084655762e+00 1.182477405498402225e-02 7.260403116295904673e-03
1.179999947547912598e+00 8.640710795532538513e-03 4.271587495810099874e-03
1.189999938011169434e+00 5.612158812450591082e-03 1.436007047183578871e-03
1.199999928474426270e+00 2.736016937152504006e-03 -1.249623236495451964e-03
1.209999918937683105e+00 9.120942101262352717e-06 -3.788642342342374986e-03
1.220000028610229492e+00 -2.571780564034744331e-03 -6.184465082241253839e-03
1.230000019073486328e+00 -5.009899095732024688e-03 -8.440463795178111336e-03
1.240000009536743164e+00 -7.308585196389777959e-03 -1.056013398513495384e-02
1.250000000000000000e+00 -9.471198138295498434e-03 -1.254697287544320403e-02
1.259999990463256836e+00 -1.150113211580237708e-02 -1.440450339254461913e-02
1.269999980926513672e+00 -1.340181091579552286e-02 -1.613626886987796702e-02
1.279999971389770508e+00 -1.517668270137747036e-02 -1.774582788376776257e-02
1.289999961853027344e+00 -1.682921491400559896e-02 -1.923674922577100002e-02
1.299999952316284180e+00 -1.836288929894280830e-02 -2.061260701554887623e-02
1.309999942779541016e+00 -1.978119705851382609e-02 -2.187697595794677041e-02
1.319999933242797852e+00 -2.108763413729238673e-02 -2.303342674758629763e-02
1.329999923706054688e+00 -2.228569664298119674e-02 -2.408552162390137016e-02
1.339999914169311523e+00 -2.337887640638573392e-02 -2.503681007918240331e-02
1.350000023841857910e+00 -2.437066791589223569e-02 -2.589083433666516249e-02
1.360000014305114746e+00 -2.526451808818142367e-02 -2.665108581463821597e-02
1.370000004768371582e+00 -2.606389313794977777e-02 -2.732106232641984961e-02
1.379999995231628418e+00 -2.677222626906369807e-02 -2.790422258583017193e-02
1.389999985694885254e+00 -2.739292638920300463e-02 -2.840399345989212676e-02
1.399999976158142090e+00 -2.792937455631506680e-02 -2.882376662921211363e-02
1.409999966621398926e+00 -2.838492057834455726e-02 -2.916689540971165867e-02
1.419999957084655762e+00 -2.876287976696943749e-02 -2.943669173563531402e-02
1.429999947547912598e+00 -2.906652984577372950e-02 -2.963642330347251649e-02
1.439999938011169434e+00 -2.929910801299664622e-02 -2.976931087615400373e-02
1.449999928474426270e+00 -2.946380815871467787e-02 -2.983852574661717202e-02
1.459999918937683105e+00 -2.956377823604214305e-02 -2.984718735957988742e-02
1.469999909400939941e+00 -2.960211778567107058e-02 -2.979836109011687467e-02
1.480000019073486328e+00 -2.958187503429420342e-02 -2.969505463297263462e-02
1.490000009536743164e+00 -2.950604639189751202e-02 -2.954022167041687325e-02
1.500000000000000000e+00 -2.937757292832489028e-02 -2.933675266876190763e-02
1.509999990463256836e+00 -2.919933880847507338e-02 -2.908747758365947886e-02
1.519999980926513672e+00 -2.897416966673646566e-02 -2.879516348114569135e-02
1.529999971389770508e+00 -2.870483102388411700e-02 -2.846251321525311226e-02
1.539999961853027344e+00 -2.839402684606780539e-02 -2.809216424668957782e-02
1.549999952316284180e+00 -2.804439824348195151e-02 -2.768668759962919501e-02
1.559999942779541016e+00 -2.765852230613969481e-02 -2.724858695351693727e-02
1.569999933242797852e+00 -2.723891107401603742e-02 -2.678029786665706707e-02
1.579999923706054688e+00 -2.678801063867696647e-02 -2.628418712823341052e-02
1.589999914169311523e+00 -2.630820037337628509e-02 -2.576255223530030114e-02
1.599999904632568359e+00 -2.580179228847479661e-02 -2.521762099118190006e-02
1.610000014305114746e+00 -2.527102404529533997e-02 -2.465154435591386875e-02
1.620000004768371582e+00 -2.471808415512270068e-02 -2.406642352434965743e-02
1.629999995231628418e+00 -2.414507368862172168e-02 -2.346426934072944406e-02
1.639999985694885254e+00 -2.355403114815316293e-02 -2.284702911540453796e-02
1.649999976158142090e+00 -2.294692621253521109e-02 -2.221658014777019852e-02
1.659999966621398926e+00 -2.232565977260010312e-02 -2.157472997401545245e-02
1.669999957084655762e+00 -2.169206406738931336e-02 -2.092321670940036973e-02
1.679999947547912598e+00 -2.104790291719778328e-02 -2.026370948105686923e-02
1.689999938011169434e+00 -2.039487204963803813e-02 -1.959780894729370310e-02
1.699999928474426270e+00 -1.973459951486636679e-02 -1.892704789938024282e-02
1.709999918937683105e+00 -1.906864618609206696e-02 -1.825289194178548319e-02
1.719999909400939941e+00 -1.839850634147746286e-02 -1.757674024685720524e-02
1.730000019073486328e+00 -1.772560029099573206e-02 -1.689991831284466672e-02
1.740000009536743164e+00 -1.705130723080763161e-02 -1.622371113842316706e-02
1.750000000000000000e+00 -1.637691789213945384e-02 -1.554931574457876081e-02
1.759999990463256836e+00 -1.570366748274371754e-02 -1.487787447062929001e-02
1.769999980926513672e+00 -1.503272860954989881e-02 -1.421046797480073412e-02
1.779999971389770508e+00 -1.436521226741602902e-02 -1.354811635262862142e-02
1.789999961853027344e+00 -1.370216888229388273e-02 -1.289178030252412753e-02
1.799999952316284180e+00 -1.304458940507286294e-02 -1.224236233479861907e-02
1.809999942779541016e+00 -1.239340645241594763e-02 -1.160070802050424885e-02
1.819999933242797852e+00 -1.174949549095356295e-02 -1.096760727651557334e-02
1.829999923706054688e+00 -1.111367606125958189e-02 -1.034379568334931922e-02
1.839999914169311523e+00 -1.048671303809604882e-02 -9.729955832295338752e-03
1.849999904632568359e+00 -9.869317923480579180e-03 -9.126718698511114211e-03
1.860000014305114746e+00 -9.262142994619502329e-03 -8.534658047799358743e-03
1.870000004768371582e+00 -8.665811483502428025e-03 -7.954319950621431892e-03
1.879999995231628418e+00 -8.080875509556630781e-03 -7.386181857325587602e-03
1.889999985694885254e+00 -7.507846553841141662e-03 -6.830682415756970764e-03
1.899999976158142090e+00 -6.947189566913676041e-03 -6.288215801346405676e-03
1.909999966621398926e+00 -6.399324390683270095e-03 -5.759133180505339455e-03
1.919999957084655762e+00 -5.864627191139116548e-03 -5.243744179011366330e-03
1.929999947547912598e+00 -5.343431899165819975e-03 -4.742318352765349625e-03
1.939999938011169434e+00 -4.836031656748820441e-03 -4.255086658399883162e-03
1.949999928474426270e+00 -4.342680265967945388e-03 -3.782242921318525707e-03
1.959999918937683105e+00 -3.863593638272906118e-03 -3.323945298845352569e-03
1.969999909400939941e+00 -3.398951241631620844e-03 -2.880317736265221393e-03
1.979999899864196777e+00 -2.948897543239722106e-03 -2.451451413635682454e-03
1.990000009536743164e+00 -2.513538343709396071e-03 -2.037401334033619223e-03
2.000000000000000000e+00 -2.092962788352317315e-03 -1.638207312334758348e-03
2.009999990463256836e+00 -1.687213643317369552e-03 -1.253865767267155250e-03
2.019999980926513672e+00 -1.296309635295457346e-03 -8.843510326942225636e-04
2.029999971389770508e+00 -9.202415631753469881e-04 -5.296117057817304038e-04
2.039999961853027344e+00 -5.589736710937438791e-04 -1.895719995629442742e-04
2.049999952316284180e+00 -2.124450036228602750e-04 1.358669257589929325e-04
2.059999942779541016e+00 1.194292584311964031e-04 4.468256540997548069e-04
2.069999933242797852e+00 4.367564830500936354e-04 7.434452286080075458e-04
2.079999923706054688e+00 7.396652941814407366e-04 1.025885891746449070e-03
2.089999914169311523e+00 1.028304302316424999e-03 1.294325851390105801e-03
2.099999904632568359e+00 1.302840859618019983e-03 1.548960073902946964e-03
2.109999895095825195e+00 1.563459840660378014e-03 1.789999105066259746e-03
2.119999885559082031e+00 1.810362449751224366e-03 2.017667919646689862e-03
2.129999876022338867e+00 2.043765055722025856e-03 2.232204800308314630e-03
2.139999866485595703e+00 2.263898054985440545e-03 2.433860246491666417e-03
2.149999856948852539e+00 2.471004763576260550e-03 2.622895913803332570e-03
2.159999847412109375e+00 2.665340338810941092e-03 2.799583584382886719e-03
2.169999837875366211e+00 2.847170731121404733e-03 2.964204168639026585e-03
2.180000066757202148e+00 3.016775566602195469e-03 3.117050244662354294e-03
2.190000057220458984e+00 3.174431278980729271e-03 3.258410829477633493e-03
2.200000047683715820e+00 3.320434405969280040e-03 3.388592330221932430e-03
2.210000038146972656e+00 3.455084207648863575e-03 3.507902824986549369e-03
2.220000028610229492e+00 3.578685963173656569e-03 3.616655008126899197e-03
2.230000019073486328e+00 3.691550111174303310e-03 3.715165384568549188e-03
2.240000009536743164e+00 3.793991422200704115e-03 3.803753496339125611e-03
2.250000000000000000e+00 3.886328203209866994e-03 3.882741181208840785e-03
2.259999990463256836e+00 3.968881534046655481e-03 3.952451863269959044e-03
2.269999980926513672e+00 4.041974535810040695e-03 4.013209875235798120e-03
2.279999971389770508e+00 4.105931670944517990e-03 4.065339812192565218e-03
2.289999961853027344e+00 4.161078074846336940e-03 4.109165916492625407e-03
2.299999952316284180e+00 4.207738918726168856e-03 4.145011493435510862e-03
2.309999942779541016e+00 4.246238803424885917e-03 4.173198357343241294e-03
2.319999933242797852e+00 4.276901183836027617e-03 4.194046307599117937e-03
2.329999923706054688e+00 4.300047823548661108e-03 4.207872634184367869e-03
2.339999914169311523e+00 4.315998279285991612e-03 4.214991652214313336e-03
2.349999904632568359e+00 4.325069414680184250e-03 4.215714264945662378e-03
2.359999895095825195e+00 4.327574942890298655e-03 4.210347554698568896e-03
2.369999885559082031e+00 4.323824997540018020e-03 4.199194401111442515e-03
2.379999876022338867e+00 4.314125731422986665e-03 4.182553126123082776e-03
2.389999866485595703e+00 4.298778942397904999e-03 4.160717165055408985e-03
2.399999856948852539e+00 4.278081725871246341e-03 4.133974763150895237e-03
2.409999847412109375e+00 4.252326153244076132e-03 4.102608696901701053e-03
2.419999837875366211e+00 4.221798975679524717e-03 4.066896019492322219e-03
2.429999828338623047e+00 4.186781352530213017e-03 4.027107829664448510e-03
2.440000057220458984e+00 4.147547620269548090e-03 3.983507980466057148e-03
2.450000047683715820e+00 4.104368911199007472e-03 3.936357142529884300e-03
2.460000038146972656e+00 4.057507329810284245e-03 3.885906392836569866e-03
2.470000028610229492e+00 4.007219421589136230e-03 3.832401144510367251e-03
2.480000019073486328e+00 3.953755128138091920e-03 3.776080027000261637e-03
2.490000009536743164e+00 3.897357648952922814e-03 3.717174780451943262e-03
2.500000000000000000e+00 3.838263322905061808e-03 3.655910168444011839e-03
2.509999990463256836e+00 3.776701528696866598e-03 3.592503908354218595e-03
2.519999980926513672e+00 3.712894603554956017e-03 3.527166618623196054e-03
2.529999971389770508e+00 3.647057779426966535e-03 3.460101782185820169e-03
2.539999961853027344e+00 3.579399135948506394e-03 3.391505725344668831e-03
2.549999952316284180e+00 3.510119569449622352e-03 3.321567611365149573e-03
2.559999942779541016e+00 3.439412777274300677e-03 3.250469448078421777e-03
2.569999933242797852e+00 3.367465256691710464e-03 3.178386108785795968e-03
2.579999923706054688e+00 3.294456317684152716e-03 3.105485365766600878e-03
2.589999914169311523e+00 3.220558108904324462e-03 3.031927935701258896e-03
2.599999904632568359e+00 3.145935656102806077e-03 2.957867536331354637e-03
2.609999895095825195e+00 3.070746912336252618e-03 2.883450953689834645e-03
2.619999885559082031e+00 2.995142819277057770e-03 2.808818119246362602e-03
2.629999876022338867e+00 2.919267378956466163e-03 2.734102196325463672e-03
2.639999866485595703e+00 2.843257735284943251e-03 2.659429675168332313e-03
2.649999856948852539e+00 2.767244264706589414e-03 2.584920476023230915e-03
2.659999847412109375e+00 2.691350675357269146e-03 2.510688059663524624e-03
2.669999837875366211e+00 2.615694114110540466e-03 2.436839544747656378e-03
2.679999828338623047e+00 2.540385280909664926e-03 2.363475831450420964e-03
2.690000057220458984e+00 2.465526771255737229e-03 2.290690003128403526e-03
2.700000047683715820e+00 2.391220331781814586e-03 2.218574388525057246e-03
2.710000038146972656e+00 2.317556281126210548e-03 2.147210285918449597e-03
2.720000028610229492e+00 2.244620800206775096e-03 2.076675064074994925e-03
2.730000019073486328e+00 2.172494283981044050e-03 2.007040566656451228e-03
2.740000009536743164e+00 2.101251487728102423e-03 1.938373262399203240e-03
2.750000000000000000e+00 2.030961676846197977e-03 1.870734398026966186e-03
2.759999990463256836e+00 1.961688779694040728e-03 1.804180153458885202e-03
2.769999980926513672e+00 1.893491543020958245e-03 1.738761798892323298e-03
2.779999971389770508e+00 1.826423689548360013e-03 1.674525853356764217e-03
2.789999961853027344e+00 1.760534077282314026e-03 1.611514244352395177e-03
2.799999952316284180e+00 1.695866860154235899e-03 1.549764468203917609e-03
2.809999942779541016e+00 1.632461649604231499e-03 1.489309750777307803e-03
2.819999933242797852e+00 1.570353676738551292e-03 1.430179208223803389e-03
2.829999923706054688e+00 1.509573954710045560e-03 1.372398007432370842e-03
2.839999914169311523e+00 1.450149440987266421e-03 1.315987525888159424e-03
2.849999904632568359e+00 1.392103199194907534e-03 1.260965510650919295e-03
2.859999895095825195e+00 1.335454560224874111e-03 1.207346236183394874e-03
2.869999885559082031e+00 1.280219282333622168e-03 1.155140660775418569e-03
2.879999876022338867e+00 1.226409709957908137e-03 1.104356581325145921e-03
2.889999866485595703e+00 1.174034930996800284e-03 1.054998786254039873e-03
2.899999856948852539e+00 1.123100932323672181e-03 1.007069206347124476e-03
2.909999847412109375e+00 1.073610753307286791e-03 9.605670633248359963e-04
2.919999837875366211e+00 1.025564637136170071e-03 9.154890159669086926e-04
2.929999828338623047e+00 9.789601797552500376e-04 8.718293036228370136e-04
2.939999818801879883e+00 9.337924762382273682e-04 8.295798869569497198e-04
2.950000047683715820e+00 8.900532386021694055e-04 7.887296284633958567e-04
2.960000038146972656e+00 8.477350736277502324e-04 7.492682895121362523e-04
2.970000028610229492e+00 8.068253641550952393e-04 7.111808189125804923e-04
2.980000019073486328e+00 7.673106087655824289e-04 6.744514101057315575e-04
2.990000009536743164e+00 7.291754933562535120e-04 6.390626356836830212e-04
3.000000000000000000e+00 6.924030191817478423e-04 6.049955690667027132e-04
3.009999990463256836e+00 6.569746274695522845e-04 5.722299027005868597e-04
3.019999980926513672e+00 6.228703205340069748e-04 5.407440627173542170e-04
3.029999971389770508e+00 5.900687793254951038e-04 5.105153200124321489e-04
3.039999961853027344e+00 5.585474773617786362e-04 4.815198977011432070e-04
3.049999952316284180e+00 5.282827909985197577e-04 4.537330749265728680e-04
3.059999942779541016e+00 4.992501060057916206e-04 4.271292869997318103e-04
3.069999933242797852e+00 4.714239204265865675e-04 4.016822218613910148e-04
3.079999923706054688e+00 4.447779437022658959e-04 3.773649128629889089e-04
3.089999914169311523e+00 4.192851920583137324e-04 3.541498278716999045e-04
3.099999904632568359e+00 3.949180801517764537e-04 3.320089547119448731e-04
3.109999895095825195e+00 3.716485089894695261e-04 3.109138829625443978e-04
3.119999885559082031e+00 3.494479501331895907e-04 2.908358821351710380e-04
3.129999876022338867e+00 3.282875262150468745e-04 2.717459762658194279e-04
3.139999866485595703e+00 3.081380877924622748e-04 2.536150149568034318e-04
3.149999856948852539e+00 2.889702865784190286e-04 2.364137409120994286e-04
3.159999847412109375e+00 2.707546450882171137e-04 2.201128540138441627e-04
3.169999837875366211e+00 2.534616227493119347e-04 2.046830719924803553e-04
3.179999828338623047e+00 2.370616785257254869e-04 1.900951877473135610e-04
3.189999818801879883e+00 2.215253301130702657e-04 1.763201233781979771e-04
3.199999809265136719e+00 2.068232097645067576e-04 1.633289809927305895e-04
3.210000038146972656e+00 1.929257948450109497e-04 1.510928074072094194e-04
3.220000028610229492e+00 1.798047631410448115e-04 1.395837875019095029e-04
3.230000019073486328e+00 1.674310520198872077e-04 1.287735364302812393e-04
3.240000009536743164e+00 1.557762451686206691e-04 1.186343223512450513e-04
3.250000000000000000e+00 1.448122717896490230e-04 1.091388015682203929e-04
3.259999990463256836e+00 1.345114436727052915e-04 1.002600515051789524e-04
3.269999980926513672e+00 1.248464894104893386e-04 9.197160098475880242e-05
3.279999971389770508e+00 1.157905858404999731e-04 8.424745789113768013e-05
3.289999961853027344e+00 1.073173867971119748e-04 7.706213430144439767e-05
3.299999952316284180e+00 9.940104925915324021e-05 7.039066917035432310e-05
3.309999942779541016e+00 9.201625697929410777e-05 6.420864865318976064e-05
3.319999933242797852e+00 8.513824168222819595e-05 5.849222415317085279e-05
3.329999923706054688e+00 7.874280191922373279e-05 5.321812817881941708e-05
3.339999914169311523e+00 7.280631966694693234e-05 4.836368809743497881e-05
3.349999904632568359e+00 6.730577475849786940e-05 4.390683787045560277e-05
3.359999895095825195e+00 6.221875723463651917e-05 3.982612785622054619e-05
3.369999885559082031e+00 5.752347770281594823e-05 3.610073276509167688e-05
3.379999876022338867e+00 5.319877579126647445e-05 3.271045785129075861e-05
3.389999866485595703e+00 4.922412678476037891e-05 2.963574342504763390e-05
3.399999856948852539e+00 4.557964652791013236e-05 2.685766776763854173e-05
3.409999847412109375e+00 4.224609468103757517e-05 2.435794853097856852e-05
3.419999837875366211e+00 3.920487641251296237e-05 2.211894270213658512e-05
3.429999828338623047e+00 3.643804261038593545e-05 2.012364521194394507e-05
3.439999818801879883e+00 3.392828869485707360e-05 1.835568626549196003e-05
3.449999809265136719e+00 3.165895211167244936e-05 1.679932747077567481e-05
3.460000038146972656e+00 2.961396238137094404e-05 1.543942664442476799e-05
3.470000028610229492e+00 2.777802580890296197e-05 1.426155671420917083e-05
3.480000019073486328e+00 2.613632750443086426e-05 1.325180467141142128e-05
3.490000009536743164e+00 2.467472430390223325e-05 1.239689758219239566e-05
3.500000000000000000e+00 2.337968544682349464e-05 1.168415908965103632e-05
3.509999990463256836e+00 2.223828374969484865e-05 1.110149984228270613e-05
3.519999980926513672e+00 2.123818597544737554e-05 1.063740720761161919e-05
3.529999971389770508e+00 2.036764246502170418e-05 1.028093433311809506e-05
3.539999961853027344e+00 1.961547609535733595e-05 1.002168861473423580e-05
3.549999952316284180e+00 1.897107062587550765e-05 9.849819631043738952e-06
3.559999942779541016e+00 1.842435849361059581e-05 9.756006599416030574e-06
3.569999933242797852e+00 1.796580811499202932e-05 9.731445408249422493e-06
3.579999923706054688e+00 1.758641075019457291e-05 9.767835277437214540e-06
3.589999914169311523e+00 1.727766698393325069e-05 9.857365097212913350e-06
3.599999904632568359e+00 1.703157287434620373e-05 9.992699493359131612e-06
3.609999895095825195e+00 1.684060581964003016e-05 1.016696466491135066e-05
3.619999885559082031e+00 1.669771018996504309e-05 1.037373403830315003e-05
3.629999876022338867e+00 1.659628276990711415e-05 1.060701377996087963e-05
3.639999866485595703e+00 1.653015805497330717e-05 1.086122820741533140e-05
3.649999856948852539e+00 1.649359344327122162e-05 1.113120513688284660e-05
3.659999847412109375e+00 1.648125436160636633e-05 1.141216120346248990e-05
3.669999837875366211e+00 1.648819936319396152e-05 1.169968718807869411e-05
3.679999828338623047e+00 1.650986523214326057e-05 1.198973338340940091e-05
3.689999818801879883e+00 1.654205212796738708e-05 1.227859502924456565e-05
3.699999809265136719e+00 1.658090880137348138e-05 1.256289784576227390e-05
3.709999799728393555e+00 1.662291791074283485e-05 1.283958369153017665e-05
3.720000028610229492e+00 1.666488244318657875e-05 1.310590257677077815e-05
3.730000019073486328e+00 1.670390730545729275e-05 1.335937348840170698e-05
3.740000009536743164e+00 1.673739120652932498e-05 1.359780874965730004e-05
3.750000000000000000e+00 1.676300854576506327e-05 1.381927469183197500e-05
3.759999990463256836e+00 1.677869662301758282e-05 1.402208476037164646e-05
3.769999980926513672e+00 1.678264207497487647e-05 1.420478638726874894e-05
3.779999971389770508e+00 1.677326756811993994e-05 1.436614812847148190e-05
3.789999961853027344e+00 1.674921876401178685e-05 1.450514708018740259e-05
3.799999952316284180e+00 1.670935157107747920e-05 1.462095658652885447e-05
3.809999942779541016e+00 1.665271969567431849e-05 1.471293424960207888e-05
3.819999933242797852e+00 1.657856250376001810e-05 1.478061025183691303e-05
3.829999923706054688e+00 1.648629320318115328e-05 1.482367599909194280e-05
3.839999914169311523e+00 1.637548735526829868e-05 1.484197309186520462e-05
3.849999904632568359e+00 1.624587172320577711e-05 1.483548263078698887e-05
3.859999895095825195e+00 1.609731346342969753e-05 1.480431486145575655e-05
3.869999885559082031e+00 1.592980966516417801e-05 1.474869916263092441e-05
3.879999876022338867e+00 1.574347724214575017e-05 1.466897438079434273e-05
3.889999866485595703e+00 1.553854317948023507e-05 1.456557951310295817e-05
3.899999856948852539e+00 1.531533513767052951e-05 1.443904473989408471e-05
3.909999847412109375e+00 1.507427241482658887e-05 1.428998280700378070e-05
3.919999837875366211e+00 1.481585726725660354e-05 1.411908075736334116e-05
3.929999828338623047e+00 1.454066658772845722e-05 1.392709201056939297e-05
3.939999818801879883e+00 1.424934393995378486e-05 1.371482878840570188e-05
3.949999809265136719e+00 1.394259194705477321e-05 1.348315488360738346e-05
3.959999799728393555e+00 1.362116503111248599e-05 1.323297876853981689e-05
3.970000028610229492e+00 1.328585434713420540e-05 1.296524045507560180e-05
3.980000019073486328e+00 1.293751352509012690e-05 1.268093122660163605e-05
3.990000009536743164e+00 1.257700444327978446e-05 1.238104940625583909e-05
4.000000000000000000e+00 1.220522299944106249e-05 1.206661992187920026e-05
4.009999752044677734e+00 1.182309493534191785e-05 1.173869083861910226e-05
4.019999980926513672e+00 1.143152445316726468e-05 1.139828855033880128e-05
4.029999732971191406e+00 1.103149118207378393e-05 1.104650135819603824e-05
4.039999961853027344e+00 1.062390512560458321e-05 1.068435282828132603e-05
4.049999713897705078e+00 1.020975472926492613e-05 1.031293168996015594e-05
4.059999942779541016e+00 9.789947580405606255e-06 9.933250139407259278e-06
4.069999694824218750e+00 9.365464439297199102e-06 9.546381783651479588e-06
4.079999923706054688e+00 8.937195837155182150e-06 9.153313790266616684e-06
4.089999675750732422e+00 8.506100598104793665e-06 8.755091251496811890e-06
4.099999904632568359e+00 8.073039733346154060e-06 8.352664726721156899e-06
4.110000133514404297e+00 7.638917292175184497e-06 7.947020031254656882e-06
4.119999885559082031e+00 7.204616473082745332e-06 7.539119691539963934e-06
4.130000114440917969e+00 6.770935052418159345e-06 7.129841855568765481e-06
4.139999866485595703e+00 6.338728276194840927e-06 6.720114767199467082e-06
4.150000095367431641e+00 5.908741837065450132e-06 6.310759216522848100e-06
4.159999847412109375e+00 5.481775013277237765e-06 5.902643224977156818e-06
4.170000076293945312e+00 5.058515449213185876e-06 5.496524840080742696e-06
4.179999828338623047e+00 4.639700697179444045e-06 5.093206590316887919e-06
4.190000057220458984e+00 4.225955921548936163e-06 4.693379853700844702e-06
4.199999809265136719e+00 3.817952698430229056e-06 4.297777834031471105e-06
4.210000038146972656e+00 3.416250671189300542e-06 3.907022634240042971e-06
4.219999790191650391e+00 3.021452559721463025e-06 3.521775608223844474e-06
4.230000019073486328e+00 2.634050697004034093e-06 3.142588166207921862e-06
4.239999771118164062e+00 2.254577301701135029e-06 2.770048463676510698e-06
4.250000000000000000e+00 1.883456723436227133e-06 2.404636858988653788e-06
4.259999752044677734e+00 1.521150137798026592e-06 2.046868011003583316e-06
4.269999980926513672e+00 1.168014224042891430e-06 1.697151800652712040e-06
4.279999732971191406e+00 8.244395484712065371e-07 1.355930020045806972e-06
4.289999961853027344e+00 4.907162938731885197e-07 1.023543461151210019e-06
4.299999713897705078e+00 1.671657041294773118e-07 7.003624899526399385e-07
4.309999942779541016e+00 -1.459866186647050683e-07 3.866608981747535092e-07
4.319999694824218750e+00 -4.484867300347753721e-07 8.273976516947697882e-08
4.329999923706054688e+00 -7.401710635408441765e-07 -2.111914361110447439e-07
4.339999675750732422e+00 -1.020850325821531697e-06 -4.948981805759162099e-07
4.349999904632568359e+00 -1.290419917580706625e-06 -7.682321407452156941e-07
4.360000133514404297e+00 -1.548764077006212906e-06 -1.031034398295280351e-06
4.369999885559082031e+00 -1.795797529855501010e-06 -1.283177366007546965e-06
4.380000114440917969e+00 -2.031497470929262357e-06 -1.524597639357274042e-06
4.389999866485595703e+00 -2.255821469178129250e-06 -1.755212116461849854e-06
4.400000095367431641e+00 -2.468796355501540057e-06 -1.975009053707047896e-06
4.409999847412109375e+00 -2.670431602452608620e-06 -2.183959050985795233e-06
4.420000076293945312e+00 -2.860799506799156847e-06 -2.382097826191936373e-06
4.429999828338623047e+00 -3.039957175496617840e-06 -2.569445418525163522e-06
4.440000057220458984e+00 -3.208018064972938804e-06 -2.746080684575841455e-06
4.449999809265136719e+00 -3.365082510740185306e-06 -2.912068713056693973e-06
4.460000038146972656e+00 -3.511300752973757047e-06 -3.067527115769742101e-06
4.469999790191650391e+00 -3.646811879366815204e-06 -3.212561576542453784e-06
4.480000019073486328e+00 -3.771798527528237158e-06 -3.347324074292264054e-06
4.489999771118164062e+00 -3.886434049668324160e-06 -3.471956425103489398e-06
4.500000000000000000e+00 -3.990929136638661154e-06 -3.586640631895809128e-06
4.509999752044677734e+00 -4.085486958814833427e-06 -3.691550221513174169e-06
4.519999980926513672e+00 -4.170342004224982138e-06 -3.786892966137186101e-06
4.529999732971191406e+00 -4.245722902537720366e-06 -3.872869766956032140e-06
4.539999961853027344e+00 -4.311883810755568310e-06 -3.949710036525284141e-06
4.549999713897705078e+00 -4.369074586456698300e-06 -4.017637836957846781e-06
4.559999942779541016e+00 -4.417565089094485417e-06 -4.076900250055883573e-06
4.569999694824218750e+00 -4.457622334394463473e-06 -4.127740440824564171e-06
4.579999923706054688e+00 -4.489528107633383666e-06 -4.170419373610630068e-06
4.589999675750732422e+00 -4.513562703115578694e-06 -4.205195440879232446e-06
4.599999904632568359e+00 -4.530016268194744703e-06 -4.232339909034037112e-06
4.610000133514404297e+00 -4.539178977484485866e-06 -4.252123499727810653e-06
4.619999885559082031e+00 -4.541345204366678986e-06 -4.264822107714947539e-06
4.630000114440917969e+00 -4.536811466357271935e-06 -4.270716231609672870e-06
4.639999866485595703e+00 -4.525875726941213250e-06 -4.270086765302869495e-06
4.650000095367431641e+00 -4.508834995286362281e-06 -4.263216563332191235e-06
4.659999847412109375e+00 -4.485988726999175193e-06 -4.250389903672213292e-06
4.670000076293945312e+00 -4.457631717896113492e-06 -4.231889247194724980e-06
4.679999828338623047e+00 -4.424062114038328370e-06 -4.207999416495947730e-06
4.690000057220458984e+00 -4.385570053994102949e-06 -4.178999982262272178e-06
4.699999809265136719e+00 -4.342449836225365044e-06 -4.145173726607025649e-06
4.710000038146972656e+00 -4.294984759903751803e-06 -4.106795087623587217e-06
4.719999790191650391e+00 -4.243463002460405128e-06 -4.064142477739396666e-06
4.730000019073486328e+00 -4.188159101046319743e-06 -4.017483212501517783e-06
4.739999771118164062e+00 -4.129353101347154581e-06 -3.967089260126073335e-06
4.750000000000000000e+00 -4.067309110606746022e-06 -3.913219072027408940e-06
4.759999752044677734e+00 -4.002297290288316365e-06 -3.856136348678346705e-06
4.769999980926513672e+00 -3.934569897575625754e-06 -3.796089177917220618e-06
4.779999732971191406e+00 -3.864385708722574205e-06 -3.733331414055766671e-06
4.789999961853027344e+00 -3.791983949511304216e-06 -3.668099515964159516e-06
4.799999713897705078e+00 -3.717610752814643496e-06 -3.600636150711632974e-06
4.809999942779541016e+00 -3.641491359946863283e-06 -3.531165107165438577e-06
4.819999694824218750e+00 -3.563858234685265103e-06 -3.459916751956182455e-06
4.829999923706054688e+00 -3.484921897232378830e-06 -3.387101376249589326e-06
4.839999675750732422e+00 -3.404900337294172485e-06 -3.312936150089850001e-06
4.849999904632568359e+00 -3.323988820794341948e-06 -3.237617240429462218e-06
4.859999656677246094e+00 -3.242390266307609885e-06 -3.161347929653911368e-06
4.869999885559082031e+00 -3.160284342031476380e-06 -3.084309822174650257e-06
4.880000114440917969e+00 -3.077854557137416705e-06 -3.006688101495855078e-06
4.889999866485595703e+00 -2.995276620293662338e-06 -2.928660682654877071e-06
4.900000095367431641e+00 -2.912706538532096650e-06 -2.850386882138593980e-06
4.909999847412109375e+00 -2.830308179477923890e-06 -2.772033467197423743e-06
4.920000076293945312e+00 -2.748221828710122553e-06 -2.693744828610652438e-06
4.929999828338623047e+00 -2.666595627518034268e-06 -2.615672850430642334e-06
4.940000057220458984e+00 -2.585554345469446570e-06 -2.537947108117283652e-06
4.949999809265136719e+00 -2.505230559383047526e-06 -2.460704666774362804e-06
4.960000038146972656e+00 -2.425733851560354220e-06 -2.384060521486235040e-06
4.969999790191650391e+00 -2.347181523923519755e-06 -2.308137111344945297e-06
4.980000019073486328e+00 -2.269668408862890902e-06 -2.233035196381288315e-06
4.989999771118164062e+00 -2.193296935905306093e-06 -2.158862897100524358e-06
5.000000000000000000e+00 -2.118147719162008692e-06 -2.085707180344703864e-06
5.009999752044677734e+00 -2.044308816723593843e-06 -2.013662256033876842e-06
5.019999980926513672e+00 -1.971847236447469027e-06 -1.942801822830242529e-06
5.029999732971191406e+00 -1.900837250386551635e-06 -1.873206675174030634e-06
5.039999961853027344e+00 -1.831332939234532301e-06 -1.804937838845523224e-06
5.049999713897705078e+00 -1.763395445357628555e-06 -1.738063262063148068e-06
5.059999942779541016e+00 -1.697066655751943207e-06 -1.672631951077238446e-06
5.069999694824218750e+00 -1.632395297532655629e-06 -1.608699638944308655e-06
5.079999923706054688e+00 -1.569411839848858326e-06 -1.546304012248585818e-06
5.089999675750732422e+00 -1.508153354910453909e-06 -1.485489270061792584e-06
5.099999904632568359e+00 -1.448639701016713979e-06 -1.426282514857765594e-06
5.109999656677246094e+00 -1.390897090284377680e-06 -1.368717132040604022e-06
5.119999885559082031e+00 -1.334935597859783523e-06 -1.312810401159580676e-06
5.130000114440917969e+00 -1.280768854477723166e-06 -1.258583097737755211e-06
5.139999866485595703e+00 -1.228405610613142993e-06 -1.206051092213818877e-06
5.150000095367431641e+00 -1.177842840279031231e-06 -1.155218390249136504e-06
5.159999847412109375e+00 -1.129083214742242274e-06 -1.106094660851033897e-06
5.170000076293945312e+00 -1.082116023446769835e-06 -1.058676042733127599e-06
5.179999828338623047e+00 -1.036935984233680359e-06 -1.012964079506156514e-06
5.190000057220458984e+00 -9.935255316313741947e-07 -9.689478256257872027e-07
5.199999809265136719e+00 -9.518722597614746803e-07 -9.266214798465860713e-07
5.210000038146972656e+00 -9.119525617004031623e-07 -8.859677848170719031e-07
5.219999790191650391e+00 -8.737477234678996212e-07 -8.469743670342097341e-07
5.230000019073486328e+00 -8.372288879940343234e-07 -8.096184135935399479e-07
5.239999771118164062e+00 -8.023718285322039476e-07 -7.738817371952382817e-07
5.250000000000000000e+00 -7.691432018305658675e-07 -7.397367041784879871e-07
5.259999752044677734e+00 -7.375140380047404476e-07 -7.071600522532540805e-07
5.269999980926513672e+00 -7.074472397905142920e-07 -6.761200357296817369e-07
5.279999732971191406e+00 -6.789098334403885880e-07 -6.465890316490024680e-07
5.289999961853027344e+00 -6.518616643189622367e-07 -6.185318609755779703e-07
5.299999713897705078e+00 -6.262664597732210422e-07 -5.919172257029206819e-07
5.309999942779541016e+00 -6.020816658629658555e-07 -5.667071587346811581e-07
5.319999694824218750e+00 -5.792683784311083943e-07 -5.428673403712872862e-07
5.329999923706054688e+00 -5.577822612997351073e-07 -5.203576245565092681e-07
5.339999675750732422e+00 -5.375824060432145286e-07 -4.991412880043486358e-07
5.349999904632568359e+00 -5.186232685189115648e-07 -4.791765764181580907e-07
5.359999656677246094e+00 -5.008625211158248065e-07 -4.604249433844152890e-07
5.369999885559082031e+00 -4.842539419555740395e-07 -4.428435570295803485e-07
5.380000114440917969e+00 -4.687536123783330746e-07 -4.263918305974715931e-07
5.389999866485595703e+00 -4.543172584085789026e-07 -4.110286186773013203e-07
5.400000095367431641e+00 -4.408985377629734216e-07 -3.967103776923018400e-07
5.409999847412109375e+00 -4.284538467290307527e-07 -3.833962807290410036e-07
5.420000076293945312e+00 -4.169372946516828546e-07 -3.710428516978382958e-07
5.429999828338623047e+00 -4.063055588926985285e-07 -3.596091539241421417e-07
5.440000057220458984e+00 -3.965135739284018297e-07 -3.490521633523223784e-07
5.449999809265136719e+00 -3.875186835540389094e-07 -3.393312293124721150e-07
5.460000038146972656e+00 -3.792769771356498761e-07 -3.304041227445605599e-07
5.469999790191650391e+00 -3.717468064231440814e-07 -3.222308331882386714e-07
5.480000019073486328e+00 -3.648857028272250356e-07 -3.147702287717750613e-07
5.489999771118164062e+00 -3.586533247590938142e-07 -3.079832525945209643e-07
5.500000000000000000e+00 -3.530088916456800963e-07 -3.018301325301206515e-07
5.509999752044677734e+00 -3.479136258090922941e-07 -2.962730388103788150e-07
5.519999980926513672e+00 -3.433286411578520391e-07 -2.912737834015449668e-07
5.529999732971191406e+00 -3.392169413146033994e-07 -2.867959988159199865e-07
5.539999961853027344e+00 -3.355417035342737433e-07 -2.828032689365269154e-07
5.549999713897705078e+00 -3.322678921046763050e-07 -2.792608868959662111e-07
5.559999942779541016e+00 -3.293608809495011650e-07 -2.761343616650642393e-07
5.569999694824218750e+00 -3.267877383848274797e-07 -2.733908103549892467e-07
5.579999923706054688e+00 -3.245161349963792574e-07 -2.709977875806847579e-07
5.589999675750732422e+00 -3.225153526429764960e-07 -2.689243647835920358e-07
5.599999904632568359e+00 -3.207554275452800568e-07 -2.671402323130416619e-07
5.609999656677246094e+00 -3.192079330486534439e-07 -2.656165153874122531e-07
5.619999885559082031e+00 -3.178453113328520669e-07 -2.643251019296724481e-07
5.629999637603759766e+00 -3.166414759468193168e-07 -2.632392416490810493e-07
5.639999866485595703e+00 -3.155712891175449095e-07 -2.623330558866771182e-07
5.650000095367431641e+00 -3.146109829393490546e-07 -2.615819305342333183e-07
5.659999847412109375e+00 -3.137379605633262104e-07 -2.609623299465649368e-07
5.670000076293945312e+00 -3.129306892865614054e-07 -2.604517414984328274e-07
5.679999828338623047e+00 -3.121689761116053390e-07 -2.600288669244458780e-07
5.690000057220458984e+00 -3.114336446362430415e-07 -2.596734176128416277e-07
5.699999809265136719e+00 -3.107068169548957094e-07 -2.593662729266830571e-07
5.710000038146972656e+00 -3.099716140949149061e-07 -2.590893306503326045e-07
5.719999790191650391e+00 -3.092124199714345993e-07 -2.588256164230900730e-07
5.730000019073486328e+00 -3.084145785338870673e-07 -2.585591606191215050e-07
5.739999771118164062e+00 -3.075646659925341136e-07 -2.582750869852583705e-07
5.750000000000000000e+00 -3.066501612511282865e-07 -2.579594904829175356e-07
5.759999752044677734e+00 -3.056597492254942936e-07 -2.575995299746805635e-07
5.769999980926513672e+00 -3.045829444447968302e-07 -2.571832847347270511e-07
5.779999732971191406e+00 -3.034104449759045742e-07 -2.566998728422641266e-07
5.789999961853027344e+00 -3.021336922658420500e-07 -2.561392671583424372e-07
5.799999713897705078e+00 -3.007452920341067985e-07 -2.554924580267973062e-07
5.809999942779541016e+00 -2.992384964347962742e-07 -2.547512124551653608e-07
5.819999694824218750e+00 -2.976077052970603995e-07 -2.539082968079337886e-07
5.829999923706054688e+00 -2.958478595404781790e-07 -2.529571657415820532e-07
5.839999675750732422e+00 -2.939550333154124128e-07 -2.518922577928737623e-07
5.849999904632568359e+00 -2.919257302785230310e-07 -2.507086032797081870e-07
5.859999656677246094e+00 -2.897575745568193519e-07 -2.494022030708675879e-07
5.869999885559082031e+00 -2.874485039683429073e-07 -2.479695471572689919e-07
5.879999637603759766e+00 -2.849975652773369361e-07 -2.464080844310800334e-07
5.889999866485595703e+00 -2.824040007573877898e-07 -2.447156459733715791e-07
5.900000095367431641e+00 -2.796680170937753042e-07 -2.428909212037387726e-07
5.909999847412109375e+00 -2.767904330087415005e-07 -2.409332329579199349e-07
5.920000076293945312e+00 -2.737722049552479147e-07 -2.388421991615329114e-07
5.929999828338623047e+00 -2.706153724019102689e-07 -2.366183722542983302e-07
5.940000057220458984e+00 -2.673218752583528439e-07 -2.342624118676033199e-07
5.949999809265136719e+00 -2.638947263604358194e-07 -2.317759034101620885e-07
5.960000038146972656e+00 -2.603367248555140650e-07 -2.291604303526346060e-07
5.969999790191650391e+00 -2.566517324717874997e-07 -2.264184933731342107e-07
5.980000019073486328e+00 -2.528432871603930390e-07 -2.235524845351544344e-07
5.989999771118164062e+00 -2.489159786307832156e-07 -2.205657044908614456e-07
6.000000000000000000e+00 -2.448739677696658436e-07 -2.174612421612020383e-07
6.009999752044677734e+00 -2.407224557252382511e-07 -2.142430861936023659e-07
6.019999980926513672e+00 -2.364661156820515374e-07 -2.109149149220766902e-07
6.029999732971191406e+00 -2.321106487512122921e-07 -2.074812971336232282e-07
6.039999961853027344e+00 -2.276611355587861559e-07 -2.039463980794105893e-07
6.049999713897705078e+00 -2.231236713591652938e-07 -2.003152636446606877e-07
6.059999942779541016e+00 -2.185036455904809000e-07 -1.965924489943883590e-07
6.069999694824218750e+00 -2.138074479539712905e-07 -1.927833794413350672e-07
6.079999923706054688e+00 -2.090406846447618144e-07 -1.888929089843726493e-07
6.089999675750732422e+00 -2.042099466140792093e-07 -1.849267505137279891e-07
6.099999904632568359e+00 -1.993209715738763784e-07 -1.808899720145664039e-07
6.109999656677246094e+00 -1.943804652901692581e-07 -1.767884882454413536e-07
6.119999885559082031e+00 -1.893942187312947674e-07 -1.726275027768304553e-07
6.129999637603759766e+00 -1.843689729758629055e-07 -1.684130528810286848e-07
6.139999866485595703e+00 -1.793105010255700451e-07 -1.641504058509233010e-07
6.150000095367431641e+00 -1.742252637823236414e-07 -1.598454424070493606e-07
6.159999847412109375e+00 -1.691196811388123972e-07 -1.555040468246889547e-07
6.170000076293945312e+00 -1.639993809588448304e-07 -1.511314615520297251e-07
6.179999828338623047e+00 -1.588708908913251918e-07 -1.467337255043028801e-07
6.190000057220458984e+00 -1.537396733377102665e-07 -1.423159936906690139e-07
6.199999809265136719e+00 -1.486120681972148824e-07 -1.378842007442529668e-07
6.210000038146972656e+00 -1.434933253031194629e-07 -1.334433648574279302e-07
6.219999790191650391e+00 -1.383895485222179261e-07 -1.289992658573093472e-07
6.230000019073486328e+00 -1.333057345088355917e-07 -1.245567417850031711e-07
6.239999771118164062e+00 -1.282477093616552499e-07 -1.201213731789783766e-07
6.250000000000000000e+00 -1.232201821872619772e-07 -1.156977803972884599e-07
6.259999752044677734e+00 -1.182286658837415769e-07 -1.112913060226354322e-07
6.269999980926513672e+00 -1.132775535874906670e-07 -1.069063207265773189e-07
6.279999732971191406e+00 -1.083720155941828797e-07 -1.025478960410528475e-07
6.289999961853027344e+00 -1.035161062822744569e-07 -9.822012619544824272e-08
6.299999713897705078e+00 -9.871462966805929110e-08 -9.392778388387512113e-08
6.309999942779541016e+00 -9.397128388808855057e-08 -8.967466509934387843e-08
6.319999694824218750e+00 -8.929048841212381187e-08 -8.546522095664125590e-08
6.329999923706054688e+00 -8.467557261200206254e-08 -8.130293209405108581e-08
6.339999675750732422e+00 -8.013055821751582686e-08 -7.719191007998289762e-08
6.349999904632568359e+00 -7.565839793307390461e-08 -7.313530748055877060e-08
6.359999656677246094e+00 -7.126270728612323320e-08 -6.913688285796769367e-08
6.369999885559082031e+00 -6.694605867520374565e-08 -6.519945210824461559e-08
6.379999637603759766e+00 -6.271165735892371225e-08 -6.132641157902973554e-08
6.389999866485595703e+00 -5.856169570800767991e-08 -5.752023574932976179e-08
6.399999618530273438e+00 -5.449896868654810974e-08 -5.378395352597971525e-08
6.409999847412109375e+00 -5.052529249033359356e-08 -5.011969681154098018e-08
6.420000076293945312e+00 -4.664287254565175081e-08 -4.652995621136077946e-08
6.429999828338623047e+00 -4.285370470638798297e-08 -4.301703127804808143e-08
6.440000057220458984e+00 -3.915905508833756349e-08 -3.958254505085920826e-08
6.449999809265136719e+00 -3.556071624744637398e-08 -3.622860873948445972e-08
6.460000038146972656e+00 -3.205960113766885296e-08 -3.295651383003885460e-08
6.469999790191650391e+00 -2.865711882893798193e-08 -2.976801335002389135e-08
6.480000019073486328e+00 -2.535384280063802370e-08 -2.666407649850197853e-08
6.489999771118164062e+00 -2.215081257699285877e-08 -2.364610749695047456e-08
6.500000000000000000e+00 -1.904827792311419288e-08 -2.071476487556541231e-08
6.509999752044677734e+00 -1.604692494152614650e-08 -1.787111588861627149e-08
6.519999980926513672e+00 -1.314669719997898428e-08 -1.511552207544991405e-08
6.529999732971191406e+00 -1.034794535853483404e-08 -1.244872771648166674e-08
6.539999961853027344e+00 -7.650325754443443312e-09 -9.870812799940444051e-09
6.549999713897705078e+00 -5.053873125153832232e-09 -7.382214470575586749e-09
6.559999942779541016e+00 -2.557976694309297728e-09 -4.982748064428068658e-09
6.569999694824218750e+00 -1.623760276257616421e-10 -2.672560957479188443e-09
6.579999923706054688e+00 2.133785784922780282e-09 -4.512218892634976783e-10
6.589999675750732422e+00 4.331042663426108713e-09 1.681392950378526979e-09
6.599999904632568359e+00 6.430476084414208206e-09 3.725942503984263102e-09
6.609999656677246094e+00 8.432871118197596692e-09 5.682802277675390541e-09
6.619999885559082031e+00 1.033951191035521951e-08 7.552839408105306210e-09
6.629999637603759766e+00 1.215141196357117731e-08 9.336660994325546586e-09
6.639999866485595703e+00 1.387003611026598080e-08 1.103532258001659802e-08
6.649999618530273438e+00 1.549660343416486783e-08 1.264964241707926061e-08
6.659999847412109375e+00 1.703273760678379104e-08 1.418084461685103871e-08
6.670000076293945312e+00 1.847990744907565394e-08 1.563000522540123762e-08
6.679999828338623047e+00 1.983967323363048963e-08 1.699829576803120581e-08
6.690000057220458984e+00 2.111385671699698199e-08 1.828715644830471449e-08
6.699999809265136719e+00 2.230409210085681054e-08 1.949784398009128817e-08
6.710000038146972656e+00 2.341230722076179344e-08 2.063191871770524973e-08
6.719999790191650391e+00 2.444026393603024599e-08 2.169077773508990396e-08
6.730000019073486328e+00 2.538997622205687698e-08 2.267608309375176126e-08
6.739999771118164062e+00 2.626331264510570423e-08 2.358935298119754645e-08
6.750000000000000000e+00 2.706235423295995265e-08 2.443233343678636999e-08
6.759999752044677734e+00 2.778905614271033396e-08 2.520664519688629172e-08
6.769999980926513672e+00 2.844554831451378252e-08 2.591410135079142128e-08
6.779999732971191406e+00 2.903385331071067372e-08 2.655640738323133228e-08
6.789999961853027344e+00 2.955613286083366084e-08 2.713542736129279631e-08
6.799999713897705078e+00 3.001445875294083531e-08 2.765293454012676990e-08
6.809999942779541016e+00 3.041100845343837840e-08 2.811082878404677078e-08
6.819999694824218750e+00 3.074788585208345219e-08 2.851093499346651604e-08
6.829999923706054688e+00 3.102726920270649885e-08 2.885517455405000981e-08
6.839999675750732422e+00 3.125127847143647157e-08 2.914540876286268932e-08
6.849999904632568359e+00 3.142207886538383676e-08 2.938356715172988986e-08
6.859999656677246094e+00 3.154179151907020915e-08 2.957153304522503630e-08
6.869999885559082031e+00 3.161255588362554516e-08 2.971123164300243820e-08
6.879999637603759766e+00 3.163648048148838826e-08 2.980455480663908219e-08
6.889999866485595703e+00 3.161566741258730651e-08 2.985341180367650510e-08
6.899999618530273438e+00 3.155219993831652080e-08 2.985969042142396259e-08
6.909999847412109375e+00 3.144813231793980602e-08 2.982527326636091383e-08
6.920000076293945312e+00 3.130550332986663785e-08 2.975202791828335634e-08
6.929999828338623047e+00 3.112633305790380808e-08 2.964181362239830909e-08
6.940000057220458984e+00 3.091258670523119529e-08 2.949645475690624021e-08
6.949999809265136719e+00 3.066623635308984699e-08 2.931777946376537550e-08
6.960000038146972656e+00 3.038917784954544072e-08 2.910756239111541628e-08
6.969999790191650391e+00 3.008332248122462536e-08 2.886759035148021168e-08
6.980000019073486328e+00 2.975048995585467342e-08 2.859958053143627948e-08
6.989999771118164062e+00 2.939252304964528995e-08 2.830526976828312028e-08
7.000000000000000000e+00 2.901115955425561057e-08 2.798631092569805792e-08
7.009999752044677734e+00 2.860816706782206782e-08 2.764438313236861029e-08
7.019999980926513672e+00 2.818519666342569183e-08 2.728106893752048414e-08
7.029999732971191406e+00 2.774393512303340760e-08 2.689798295963053373e-08
7.039999961853027344e+00 2.728594295146000799e-08 2.649663232926129170e-08
7.049999713897705078e+00 2.681282146985999450e-08 2.607856128725659006e-08
7.059999942779541016e+00 2.632603768598247233e-08 2.564519733277323737e-08
7.069999694824218750e+00 2.582710378933900204e-08 2.519800941202279035e-08
7.079999923706054688e+00 2.531739124411325085e-08 2.473834206678894434e-08
7.089999675750732422e+00 2.479832037206482792e-08 2.426758497571947570e-08
7.099999904632568359e+00 2.427116589499617705e-08 2.378699727808237463e-08
7.109999656677246094e+00 2.373725442731640667e-08 2.329788634443175818e-08
7.119999885559082031e+00 2.319776354845894621e-08 2.280142432104795620e-08
7.129999637603759766e+00 2.265392517817434145e-08 2.229883413820784150e-08
7.139999866485595703e+00 2.210682010745440073e-08 2.179120018434282825e-08
7.149999618530273438e+00 2.155758536774380455e-08 2.127965968026365424e-08
7.159999847412109375e+00 2.100720601287348823e-08 2.076520926909417307e-08
7.170000076293945312e+00 2.045669849666481834e-08 2.024887536052302846e-08
7.179999828338623047e+00 1.990703253251616179e-08 1.973164152903096981e-08
7.190000057220458984e+00 1.935905290639440739e-08 1.921437436930427320e-08
7.199999809265136719e+00 1.881366328219598531e-08 1.869799646811343506e-08
7.210000038146972656e+00 1.827161796566163877e-08 1.818328968488304878e-08
7.219999790191650391e+00 1.773373044870538239e-08 1.767109242658939609e-08
7.230000019073486328e+00 1.720066753490821748e-08 1.716210401795311989e-08
7.239999771118164062e+00 1.667315514404741852e-08 1.665708051500333152e-08
7.250000000000000000e+00 1.615177594339145741e-08 1.615664134793349207e-08
7.259999752044677734e+00 1.563717130472599684e-08 1.566146251672259819e-08
7.269999980926513672e+00 1.512984344800681009e-08 1.517208655946817607e-08
7.279999732971191406e+00 1.463035256481059776e-08 1.468911208850039058e-08
7.289999961853027344e+00 1.413912436803415616e-08 1.421300803102612585e-08
7.299999713897705078e+00 1.365664151928131472e-08 1.374429858211892578e-08
7.309999942779541016e+00 1.318325734825886568e-08 1.328338254059654057e-08
7.319999694824218750e+00 1.271938084779400964e-08 1.283071287844418974e-08
7.329999923706054688e+00 1.226529721684757937e-08 1.238662188964395574e-08
7.339999675750732422e+00 1.182134579456685753e-08 1.195149467972964410e-08
7.349999904632568359e+00 1.138774797173566847e-08 1.152560074178305189e-08
7.359999656677246094e+00 1.096477755280242867e-08 1.110926078543988662e-08
7.369999885559082031e+00 1.055259647199399283e-08 1.070268524828597891e-08
7.379999637603759766e+00 1.015141717115713685e-08 1.030613398213514652e-08
7.389999866485595703e+00 9.761346471679638827e-09 9.919762125332514543e-09
7.399999618530273438e+00 9.382539646390266565e-09 9.543772253972457458e-09
7.409999847412109375e+00 9.015052706445087178e-09 9.178267950080472841e-09
7.419999599456787109e+00 8.658987939529885571e-09 8.823398119897821535e-09
7.429999828338623047e+00 8.314354788179021411e-09 8.479218510131464836e-09
7.440000057220458984e+00 7.981191093914786433e-09 8.145812336603642416e-09
7.449999809265136719e+00 7.659510730012652035e-09 7.823238123093848498e-09
7.460000038146972656e+00 7.349261060795454596e-09 7.511486777284037046e-09
7.469999790191650391e+00 7.050429962779331666e-09 7.210588885284446642e-09
7.480000019073486328e+00 6.762928464324746843e-09 6.920496700390026019e-09
7.489999771118164062e+00 6.486705742985734349e-09 6.641199842495038003e-09
7.500000000000000000e+00 6.221640411586144053e-09 6.372615537850438259e-09
7.509999752044677734e+00 5.967646875129088567e-09 6.114696083806761176e-09
7.519999980926513672e+00 5.724575142731319319e-09 5.867327281506607045e-09
7.529999732971191406e+00 5.492308685481760602e-09 5.630427748951122235e-09
7.539999961853027344e+00 5.270672605829407674e-09 5.403855434841587078e-09
7.549999713897705078e+00 5.059523184081068452e-09 5.187498912241825340e-09
7.559999942779541016e+00 4.858664189508332636e-09 4.981191810242230577e-09
7.569999694824218750e+00 4.667928346967476796e-09 4.784796266827412029e-09
7.579999923706054688e+00 4.487101536052436222e-09 4.598125071527779309e-09
7.589999675750732422e+00 4.315996440307464117e-09 4.421017491195430137e-09
7.599999904632568359e+00 4.154384349197600499e-09 4.253268879507443011e-09
7.609999656677246094e+00 4.002061284744226623e-09 4.094699125596108603e-09
7.619999885559082031e+00 3.858787090210953527e-09 3.945089450367923631e-09
7.629999637603759766e+00 3.724344353142533309e-09 3.804243755661736595e-09
7.639999866485595703e+00 3.598484443454480458e-09 3.671932301911547461e-09
7.649999618530273438e+00 3.480979572044876972e-09 3.547946259246035855e-09
7.659999847412109375e+00 3.371575421819782791e-09 3.432047937792426872e-09
7.669999599456787109e+00 3.270036696946910060e-09 3.324018862142508373e-09
7.679999828338623047e+00 3.176105978035091998e-09 3.223616209608744347e-09
7.690000057220458984e+00 3.089539171937823497e-09 3.130610482202500601e-09
7.699999809265136719e+00 3.010089994109584710e-09 3.044769107158646164e-09
7.710000038146972656e+00 2.937500742550749793e-09 2.965846355026637331e-09
7.719999790191650391e+00 2.871528533140559295e-09 2.893611749887144067e-09
7.730000019073486328e+00 2.811918054747408473e-09 2.827820455825683335e-09
7.739999771118164062e+00 2.758427261677634936e-09 2.768241396945622744e-09
7.750000000000000000e+00 2.710805020517311946e-09 2.714632585561050553e-09
7.759999752044677734e+00 2.668811980464869445e-09 2.666764345339109538e-09
7.769999980926513672e+00 2.632202733434623094e-09 2.624399218162736728e-09
7.779999732971191406e+00 2.600742238840753011e-09 2.587310651963993573e-09
7.789999961853027344e+00 2.574192127251366047e-09 2.555267130475911171e-09
7.799999713897705078e+00 2.552323048040472690e-09 2.528046682018823484e-09
7.809999942779541016e+00 2.534904756886257784e-09 2.505424885616931944e-09
7.819999694824218750e+00 2.521714748667676974e-09 2.487185552998112199e-09
7.829999923706054688e+00 2.512531777783394059e-09 2.473112272136458147e-09
7.839999675750732422e+00 2.507141129215303753e-09 2.462995607591708274e-09
7.849999904632568359e+00 2.505331235294729718e-09 2.456627855866931690e-09
7.859999656677246094e+00 2.506895924748332823e-09 2.453807097911456773e-09
7.869999885559082031e+00 2.511633812078344803e-09 2.454334852071737162e-09
7.879999637603759766e+00 2.519347852922753905e-09 2.458017302515129221e-09
7.889999866485595703e+00 2.529847197166276755e-09 2.464665548709160415e-09
7.899999618530273438e+00 2.542944363095546729e-09 2.474094319443378478e-09
7.909999847412109375e+00 2.558459260466644725e-09 2.486124531135479729e-09
7.919999599456787109e+00 2.576214281506802728e-09 2.500579783521888047e-09
7.929999828338623047e+00 2.596040214749441087e-09 2.517290951818130158e-09
7.940000057220458984e+00 2.617770613580754212e-09 2.536091688715608495e-09
7.949999809265136719e+00 2.641243942368909250e-09 2.556820070772300869e-09
7.960000038146972656e+00 2.666307350136444322e-09 2.579322033826079553e-09
7.969999790191650391e+00 2.692808647476488997e-09 2.603444261575267673e-09
7.980000019073486328e+00 2.720605826471525038e-09 2.629042747541597195e-09
7.989999771118164062e+00 2.749556970247105847e-09 2.655973634612790594e-09
8.000000000000000000e+00 2.779530806962512870e-09 2.684102953720152962e-09
8.010000228881835938e+00 2.810397162742510185e-09 2.713297798281301339e-09
8.019999504089355469e+00 2.842029358614139947e-09 2.743428490058700460e-09
8.029999732971191406e+00 2.874314965891327915e-09 2.774378907041944632e-09
8.039999961853027344e+00 2.907137650882537636e-09 2.806029216419540361e-09
8.050000190734863281e+00 2.940389140687519347e-09 2.838267281541487305e-09
8.059999465942382812e+00 2.973962980789326733e-09 2.870982675212793836e-09
8.069999694824218750e+00 3.007767324480427820e-09 2.904079185997274748e-09
8.079999923706054688e+00 3.041705650703365833e-09 2.937456055346888748e-09
8.090000152587890625e+00 3.075689491908697920e-09 2.971020391226505593e-09
8.099999427795410156e+00 3.109631946232851929e-09 3.004680815856577805e-09
8.109999656677246094e+00 3.143460552364111131e-09 3.038360270400660236e-09
8.119999885559082031e+00 3.177097776811103093e-09 3.071976684910358429e-09
8.130000114440917969e+00 3.210473891929986220e-09 3.105455755802014426e-09
8.139999389648437500e+00 3.243520511196436086e-09 3.138724504875181963e-09
8.149999618530273438e+00 3.276183069751643549e-09 3.171723870559393252e-09
8.159999847412109375e+00 3.308401802216157095e-09 3.204389569595920495e-09
8.170000076293945312e+00 3.340124279174659327e-09 3.236664716471377998e-09
8.179999351501464844e+00 3.371299177681801309e-09 3.268493517603978004e-09
8.189999580383300781e+00 3.401888002350660677e-09 3.299833255460046312e-09
8.199999809265136719e+00 3.431847112161607446e-09 3.330635941922272718e-09
8.210000038146972656e+00 3.461139539463866113e-09 3.360860376763345610e-09
8.220000267028808594e+00 3.489731853500521930e-09 3.390468950842047379e-09
8.229999542236328125e+00 3.517591398001977987e-09 3.419424771216773703e-09
8.239999771118164062e+00 3.544696706629782459e-09 3.447702496646019155e-09
8.250000000000000000e+00 3.571021409619232442e-09 3.475271609759569688e-09
8.260000228881835938e+00 3.596544786360815284e-09 3.502107373314313453e-09
8.269999504089355469e+00 3.621246607020856163e-09 3.528185429179853426e-09
8.279999732971191406e+00 3.645116328069955101e-09 3.553491517465425181e-09
8.289999961853027344e+00 3.668138805132479244e-09 3.578006394155355435e-09
8.300000190734863281e+00 3.690303648713298110e-09 3.601715699566881739e-09
8.309999465942382812e+00 3.711600693879093527e-09 3.624605140260836330e-09
8.319999694824218750e+00 3.732027899884977783e-09 3.646668996560467077e-09
8.329999923706054688e+00 3.751579023660762829e-09 3.667896881298793791e-09
8.340000152587890625e+00 3.770251694441946824e-09 3.688282416657418599e-09
8.349999427795410156e+00 3.788043557710727423e-09 3.707819061182269059e-09
8.359999656677246094e+00 3.804958856208845911e-09 3.726507361960538007e-09
8.369999885559082031e+00 3.820998132804873176e-09 3.744343662660537606e-09
8.380000114440917969e+00 3.836164992606938504e-09 3.761327534839152411e-09
8.389999389648437500e+00 3.850462939605104208e-09 3.777458282093126455e-09
8.399999618530273438e+00 3.863900653008997346e-09 3.792740926811031880e-09
8.409999847412109375e+00 3.876483719093410322e-09 3.807176903731230511e-09
8.420000076293945312e+00 3.888220086939193328e-09 3.820770226385420716e-09
8.429999351501464844e+00 3.899117590831253951e-09 3.833524672036960520e-09
8.439999580383300781e+00 3.909187960999248896e-09 3.845448515393983121e-09
8.449999809265136719e+00 3.918440528727008792e-09 3.856547185846502784e-09
8.460000038146972656e+00 3.926886408743301931e-09 3.866828174152503224e-09
8.470000267028808594e+00 3.934537371662506897e-09 3.876299743384704804e-09
8.479999542236328125e+00 3.941405182265162115e-09 3.884970111662509730e-09
8.489999771118164062e+00 3.947504105517957185e-09 3.892850659080548938e-09
8.500000000000000000e+00 3.952846943206025568e-09 3.899950946544134788e-09
8.510000228881835938e+00 3.957447694441421463e-09 3.906282079159377329e-09
8.519999504089355469e+00 3.961320498531165750e-09 3.911855327513000687e-09
8.529999732971191406e+00 3.964481014103777947e-09 3.916684163126337899e-09
8.539999961853027344e+00 3.966944178007332618e-09 3.920781052750811981e-09
8.550000190734863281e+00 3.968725722871608539e-09 3.924159634868293769e-09
8.559999465942382812e+00 3.969841671880773596e-09 3.926833909267992328e-09
8.569999694824218750e+00 3.970308672101716820e-09 3.928819164486994979e-09
8.579999923706054688e+00 3.970143329729669775e-09 3.930130422421073449e-09
8.590000152587890625e+00 3.969362667198899406e-09 3.930783493156840904e-09
8.599999427795410156e+00 3.967984112472269235e-09 3.930794680821050369e-09
8.609999656677246094e+00 3.966024882051148748e-09 3.930180688310551573e-09
8.619999885559082031e+00 3.963502736461004134e-09 3.928958571305570268e-09
8.630000114440917969e+00 3.960435471497350670e-09 3.927145756408022124e-09
8.639999389648437500e+00 3.956841349377416074e-09 3.924760215543969508e-09
8.649999618530273438e+00 3.952737635222068269e-09 3.921819449022090369e-09
8.659999847412109375e+00 3.948142613673676006e-09 3.918341799217710987e-09
8.670000076293945312e+00 3.943074221955330367e-09 3.914345537175163957e-09
8.679999351501464844e+00 3.937550870983079201e-09 3.909849457784322046e-09
8.689999580383300781e+00 3.931589249487507673e-09 3.904871058567806404e-09
8.699999809265136719e+00 3.925207442066570661e-09 3.899429056875837257e-09
8.710000038146972656e+00 3.918422819867514978e-09 3.893541663640997728e-09
8.720000267028808594e+00 3.911252501931662444e-09 3.887226931810623294e-09
8.729999542236328125e+00 3.903714050698839822e-09 3.880503363678815119e-09
8.739999771118164062e+00 3.895822520983123961e-09 3.873387255015624071e-09
8.750000000000000000e+00 3.887594740167290491e-09 3.865896498007575621e-09
8.760000228881835938e+00 3.879046431442010499e-09 3.858048008903125376e-09
8.769999504089355469e+00 3.870193745351515247e-09 3.849859108853053020e-09
8.779999732971191406e+00 3.861049826254595140e-09 3.841344331757195851e-09
8.789999961853027344e+00 3.851629858996282979e-09 3.832520083844118267e-09
8.800000190734863281e+00 3.841947702122693977e-09 3.823401526956980207e-09
8.809999465942382812e+00 3.832017663041542788e-09 3.814004233862900669e-09
8.819999694824218750e+00 3.821850678370899341e-09 3.804340564345420187e-09
8.829999923706054688e+00 3.811459993916505550e-09 3.794425036816953507e-09
8.840000152587890625e+00 3.800857400370707239e-09 3.784270767183616401e-09
8.849999427795410156e+00 3.790055212760267380e-09 3.773891354656978561e-09
8.859999656677246094e+00 3.779062139641889107e-09 3.763296908176202106e-09
8.869999885559082031e+00 3.767889479423164010e-09 3.752499999825843758e-09
8.880000114440917969e+00 3.756547033047725484e-09 3.741511740264197076e-09
8.889999389648437500e+00 3.745045248689244786e-09 3.730343850424908361e-09
8.899999618530273438e+00 3.733390840053794127e-09 3.719004404739238919e-09
8.909999847412109375e+00 3.721593393075197134e-09 3.707504246476079046e-09
8.920000076293945312e+00 3.709661016813471341e-09 3.695852767204723803e-09
8.929999351501464844e+00 3.697602614804068103e-09 3.684060119908732108e-09
8.939999580383300781e+00 3.685423298354298627e-09 3.672132731132720634e-09
8.949999809265136719e+00 3.673131313469722357e-09 3.660080074570213149e-09
8.960000038146972656e+00 3.660733476772123521e-09 3.647910207907089095e-09
8.970000267028808594e+00 3.648236343286909325e-09 3.635630912306503293e-09
8.979999542236328125e+00 3.635647432780573296e-09 3.623250896599070229e-09
8.989999771118164062e+00 3.622970438170613403e-09 3.610775081414905485e-09
9.000000000000000000e+00 3.610212447530941187e-09 3.598211698377597570e-09
9.010000228881835938e+00 3.597379164210879355e-09 3.585567586834252279e-09
9.019999504089355469e+00 3.584477348479326047e-09 3.572850593574182973e-09
9.029999732971191406e+00 3.571509897652689076e-09 3.560064718724750274e-09
9.039999961853027344e+00 3.558483235793714474e-09 3.547217395319536310e-09
9.050000190734863281e+00 3.545402400099645608e-09 3.534314641972376974e-09
9.059999465942382812e+00 3.532273523155163203e-09 3.521363505807017390e-09
9.069999694824218750e+00 3.519098816350354743e-09 3.508367109255258382e-09
9.079999923706054688e+00 3.505884078671553182e-09 3.495332053112890746e-09
9.090000152587890625e+00 3.492633685029636579e-09 3.482263468764295023e-09
9.099999427795410156e+00 3.479353095284973046e-09 3.469167489063194083e-09
9.109999656677246094e+00 3.466043774415070935e-09 3.456046236277671603e-09
9.119999885559082031e+00 3.452710781883245743e-09 3.442905303539634267e-09
9.130000114440917969e+00 3.439357696183322161e-09 3.429748747763659399e-09
9.139999389648437500e+00 3.425989143603872456e-09 3.416581580459520968e-09
9.149999618530273438e+00 3.412605686319393997e-09 3.403404732791021777e-09
9.159999847412109375e+00 3.399211462440551089e-09 3.390222580873592702e-09
9.170000076293945312e+00 3.385809078186319603e-09 3.377037915418147317e-09
9.179999351501464844e+00 3.372402154601669771e-09 3.363854449809428229e-09
9.189999580383300781e+00 3.358990206858957920e-09 3.350671787813314842e-09
9.199999809265136719e+00 3.345576314654002514e-09 3.337492969402235879e-09
9.210000038146972656e+00 3.332162007455556721e-09 3.324319444586702373e-09
9.220000267028808594e+00 3.318748546874307281e-09 3.311152339215129022e-09
9.229999542236328125e+00 3.305338210866596773e-09 3.297993719840400184e-09
9.239999771118164062e+00 3.291929187584670801e-09 3.284841589444249867e-09
9.250000000000000000e+00 3.278523261711875105e-09 3.271697435320317454e-09
9.260000228881835938e+00 3.265120713118194269e-09 3.258561229099076509e-09
9.269999504089355469e+00 3.251722891575029090e-09 3.245433957654103676e-09
9.279999732971191406e+00 3.238327126883806897e-09 3.232312642799609070e-09
9.289999961853027344e+00 3.224934418572256682e-09 3.219197881996112834e-09
9.300000190734863281e+00 3.211544348914136432e-09 3.206088869910687418e-09
9.309999465942382812e+00 3.198157664738703867e-09 3.192985932879617977e-09
9.319999694824218750e+00 3.184771198110200761e-09 3.179885563221777018e-09
9.329999923706054688e+00 3.171385555555713475e-09 3.166787950749782304e-09
9.340000152587890625e+00 3.158000039672152574e-09 3.153692016676461501e-09
9.349999427795410156e+00 3.144615232129514752e-09 3.140597945678831082e-09
9.359999656677246094e+00 3.131227915018634796e-09 3.127502221524818712e-09
9.369999885559082031e+00 3.117838757275673949e-09 3.114405149784299324e-09
9.380000114440917969e+00 3.104447235250655738e-09 3.101305891393100787e-09
9.389999389648437500e+00 3.091054209687126719e-09 3.088204985732037805e-09
9.399999618530273438e+00 3.077656838279852568e-09 3.075099375713328370e-09
9.409999847412109375e+00 3.064256258333968302e-09 3.061989923840150990e-09
9.420000076293945312e+00 3.050852494839170152e-09 3.048876431918113493e-09
9.429999351501464844e+00 3.037447028399166765e-09 3.035760153329507757e-09
9.439999580383300781e+00 3.024037691784081426e-09 3.022638799201152233e-09
9.449999809265136719e+00 3.010626347815424325e-09 3.009514049868022848e-09
9.460000038146972656e+00 2.997213778488728322e-09 2.996386553298129127e-09
9.469999313354492188e+00 2.983802242885116254e-09 2.983258427104616115e-09
9.479999542236328125e+00 2.970390357790127506e-09 2.970128245699659036e-09
9.489999771118164062e+00 2.956980766999869867e-09 2.956998545925525000e-09
9.500000000000000000e+00 2.943575014690537367e-09 2.943870807233482632e-09
9.510000228881835938e+00 2.930174815130201195e-09 2.930746692860501790e-09
9.519999504089355469e+00 2.916783314699182034e-09 2.917629284474755205e-09
9.529999732971191406e+00 2.903399969202012033e-09 2.904518062669763744e-09
9.539999961853027344e+00 2.890028190054441925e-09 2.891416395264062209e-09
9.550000190734863281e+00 2.876670217866550138e-09 2.878326514787807299e-09
9.559999465942382812e+00 2.863329651800622234e-09 2.865251995660790441e-09
9.569999694824218750e+00 2.850006344025505466e-09 2.852192749476052942e-09
9.579999923706054688e+00 2.836704015525802044e-09 2.839152488273753254e-09
9.590000152587890625e+00 2.823425146706542490e-09 2.826133716707489946e-09
9.599999427795410156e+00 2.810173496164505676e-09 2.813140200836927415e-09
9.609999656677246094e+00 2.796949032112216825e-09 2.800171997969152974e-09
9.619999885559082031e+00 2.783755501937762116e-09 2.787232878716937516e-09
9.630000114440917969e+00 2.770595360609869033e-09 2.774325354308140719e-09
9.639999389648437500e+00 2.757472276606860681e-09 2.761453134187622838e-09
9.649999618530273438e+00 2.744386119476850816e-09 2.748616209319769096e-09
9.659999847412109375e+00 2.731340464279903401e-09 2.735818213176644720e-09
9.670000076293945312e+00 2.718337577197060359e-09 2.723061503183400416e-09
9.679999351501464844e+00 2.705380901646046298e-09 2.710349599346694127e-09
9.689999580383300781e+00 2.692470119261699971e-09 2.697682338079408850e-09
9.699999809265136719e+00 2.679608567220158277e-09 2.685063148849132035e-09
9.710000038146972656e+00 2.666798295904885843e-09 2.672494204468654493e-09
9.719999313354492188e+00 2.654042525937513733e-09 2.659978830692590996e-09
9.729999542236328125e+00 2.641340794707413629e-09 2.647516742984262022e-09
9.739999771118164062e+00 2.628696264083545547e-09 2.635111215014231381e-09
9.750000000000000000e+00 2.616110858550258940e-09 2.622764306689345791e-09
9.760000228881835938e+00 2.603586492815581750e-09 2.610478066669535677e-09
9.769999504089355469e+00 2.591126267711393548e-09 2.598255703283838329e-09
9.779999732971191406e+00 2.578729731095837381e-09 2.586096933681604476e-09
9.789999961853027344e+00 2.566400017604421083e-09 2.574004984924041432e-09
9.800000190734863281e+00 2.554139095806674632e-09 2.561981929263928775e-09
9.809999465942382812e+00 2.541950126185477549e-09 2.550030994089128272e-09
9.819999694824218750e+00 2.529832821832143731e-09 2.538152010873179328e-09
9.829999923706054688e+00 2.517790427148163214e-09 2.526348255227602312e-09
9.840000152587890625e+00 2.505825062730293801e-09 2.514621880287661413e-09
9.849999427795410156e+00 2.493940019526566339e-09 2.502976163300883085e-09
9.859999656677246094e+00 2.482135229755960545e-09 2.491411066139348102e-09
9.869999885559082031e+00 2.470414063025501024e-09 2.479929893053487458e-09
9.880000114440917969e+00 2.458778777825764865e-09 2.468534832424838776e-09
9.889999389648437500e+00 2.447232745649188470e-09 2.457229134556789778e-09
9.899999618530273438e+00 2.435776043984970082e-09 2.446012796242221024e-09
9.909999847412109375e+00 2.424412050487929171e-09 2.434889017720233397e-09
9.920000076293945312e+00 2.413143014881121834e-09 2.423859867089371023e-09
9.929999351501464844e+00 2.401972208961406344e-09 2.412928385911984412e-09
9.939999580383300781e+00 2.390899657423363639e-09 2.402094413078262822e-09
9.949999809265136719e+00 2.379928512589729050e-09 2.391360824777470378e-09
9.960000038146972656e+00 2.369060764869612845e-09 2.380729338996151253e-09
9.969999313354492188e+00 2.358299315952576605e-09 2.370202546595401454e-09
9.979999542236328125e+00 2.347643865259060274e-09 2.359779890490079304e-09
9.989999771118164062e+00 2.337097050877085262e-09 2.349463675907519086e-09
1.000000000000000000e+01 2.326660317367480005e-09 2.339255031725518231e-09
1.001000022888183594e+01 2.316334931917749432e-09 2.329154908156489576e-09
1.001999950408935547e+01 2.306122939164201986e-09 2.319165014585480551e-09
1.002999973297119141e+01 2.296023264380161374e-09 2.309284011227504170e-09
1.003999996185302734e+01 2.286037547436635257e-09 2.299513219902515861e-09
1.005000019073486328e+01 2.276166228740801944e-09 2.289852798819482127e-09
1.005999946594238281e+01 2.266410448522263727e-09 2.280303604624348235e-09
1.006999969482421875e+01 2.256768333184052744e-09 2.270863560406952483e-09
1.007999992370605469e+01 2.247240578242443739e-09 2.261533123319876141e-09
1.009000015258789062e+01 2.237826717929134915e-09 2.252311635945101407e-09
1.009999942779541016e+01 2.228526947662619836e-09 2.243199113321608098e-09
1.010999965667724609e+01 2.219338594774093621e-09 2.234192786224229803e-09
1.011999988555908203e+01 2.210261449644905242e-09 2.225292326206904689e-09
1.013000011444091797e+01 2.201294219195176566e-09 2.216496371644233338e-09
1.013999938964843750e+01 2.192436272163311456e-09 2.207804239421182883e-09
1.014999961853027344e+01 2.183684285753068137e-09 2.199212633902512222e-09
1.015999984741210938e+01 2.175037331006645992e-09 2.190720636517847985e-09
1.017000007629394531e+01 2.166493500397632245e-09 2.182326395827904829e-09
1.017999935150146484e+01 2.158051576946314305e-09 2.174028765293153603e-09
1.018999958038330078e+01 2.149707841548934479e-09 2.165824163063766349e-09
1.019999980926513672e+01 2.141460922390066963e-09 2.157711336482009292e-09
1.021000003814697266e+01 2.133308582848083176e-09 2.149688202906491497e-09
1.021999931335449219e+01 2.125249313878213456e-09 2.141753413678804363e-09
1.022999954223632812e+01 2.117279284634657042e-09 2.133903348920670827e-09
1.023999977111816406e+01 2.109396969565114881e-09 2.126136670551177858e-09
1.025000000000000000e+01 2.101600079759633107e-09 2.118451298717599418e-09
1.026000022888183594e+01 2.093886348369032031e-09 2.110845182417414701e-09
1.026999950408935547e+01 2.086254265217238497e-09 2.103317021822517627e-09
1.027999973297119141e+01 2.078700182124474688e-09 2.095863410594504973e-09
1.028999996185302734e+01 2.071222687087771685e-09 2.088483148599319332e-09
1.030000019073486328e+01 2.063819689500026889e-09 2.081174365398481921e-09
1.030999946594238281e+01 2.056489851231241542e-09 2.073935931307467981e-09
1.031999969482421875e+01 2.049229797898810184e-09 2.066764702273669131e-09
1.032999992370605469e+01 2.042038312612285417e-09 2.059659660765412590e-09
1.034000015258789062e+01 2.034913530023244773e-09 2.052619144693500743e-09
1.034999942779541016e+01 2.027854305725595213e-09 2.045642200380716761e-09
1.035999965667724609e+01 2.020857523834517846e-09 2.038725921792447523e-09
1.036999988555908203e+01 2.013922130173433084e-09 2.031869437511913843e-09
1.038000011444091797e+01 2.007046426081597494e-09 2.025071237134244410e-09
1.038999938964843750e+01 2.000229384838927544e-09 2.018330473848381930e-09
1.039999961853027344e+01 1.993468048270602267e-09 2.011644391475764873e-09
1.040999984741210938e+01 1.986761419579575518e-09 2.005012175205472240e-09
1.042000007629394531e+01 1.980107850111681622e-09 1.998432369163043049e-09
1.042999935150146484e+01 1.973506312035395816e-09 1.991904136339085504e-09
1.043999958038330078e+01 1.966953878362147265e-09 1.985424767965330397e-09
1.044999980926513672e+01 1.960449495052703101e-09 1.978993414996833574e-09
1.046000003814697266e+01 1.953991453785894654e-09 1.972608589933322212e-09
1.046999931335449219e+01 1.947578629935998872e-09 1.966269391473128482e-09
1.047999954223632812e+01 1.941208039441927003e-09 1.959973089976215370e-09
1.048999977111816406e+01 1.934878507829043826e-09 1.953718754406695283e-09
1.050000000000000000e+01 1.928588221343782809e-09 1.947504831131545808e-09
1.051000022888183594e+01 1.922335343417555146e-09 1.941329752598586941e-09
1.051999950408935547e+01 1.916118610997546740e-09 1.935192524714698988e-09
1.052999973297119141e+01 1.909934971685344777e-09 1.929090392798392425e-09
1.053999996185302734e+01 1.903783148340057774e-09 1.923022358570972298e-09
1.055000019073486328e+01 1.897661273107961488e-09 1.916986841768315695e-09
1.055999946594238281e+01 1.891568071004167690e-09 1.910982844637281414e-09
1.056999969482421875e+01 1.885500548390265089e-09 1.905007671451362813e-09
1.057999992370605469e+01 1.879457490338667830e-09 1.899060371303351319e-09
1.059000015258789062e+01 1.873437145074752410e-09 1.893139452540115086e-09
1.059999942779541016e+01 1.867438388390522814e-09 1.887244024811541197e-09
1.060999965667724609e+01 1.861458448770962249e-09 1.881371560051935784e-09
1.061999988555908203e+01 1.855496350427487279e-09 1.875521272436569500e-09
1.063000011444091797e+01 1.849550633178105877e-09 1.869691873445425461e-09
1.063999938964843750e+01 1.843620499382692731e-09 1.863882693686125020e-09
1.064999961853027344e+01 1.837703561351056956e-09 1.858091473490957861e-09
1.065999984741210938e+01 1.831799241484246515e-09 1.852317690807954161e-09
1.067000007629394531e+01 1.825906513681663570e-09 1.846560345642047942e-09
1.067999935150146484e+01 1.820025034196150099e-09 1.840819063860845872e-09
1.068999958038330078e+01 1.814152900668942905e-09 1.835091908575371178e-09
1.069999980926513672e+01 1.808290018198489810e-09 1.829378664954904277e-09
1.071000003814697266e+01 1.802435852876766824e-09 1.823678646428784229e-09
1.071999931335449219e+01 1.796590547284837817e-09 1.817991781976431766e-09
1.072999954223632812e+01 1.790752686263351204e-09 1.812316443743733080e-09
1.073999977111816406e+01 1.784922635010024733e-09 1.806652696011059008e-09
1.075000000000000000e+01 1.779100300523196991e-09 1.801000118967190561e-09
1.076000022888183594e+01 1.773285679903979399e-09 1.795358344970392788e-09
1.076999950408935547e+01 1.767479402764743453e-09 1.789727587565539214e-09
1.077999973297119141e+01 1.761680505423545359e-09 1.784106486890580341e-09
1.078999996185302734e+01 1.755889741277001122e-09 1.778495323963825763e-09
1.080000019073486328e+01 1.750107351328956904e-09 1.772893862827569165e-09
1.080999946594238281e+01 1.744334156012564314e-09 1.767302413507069888e-09
1.081999969482421875e+01 1.738569339833137488e-09 1.761719691448528348e-09
1.082999992370605469e+01 1.732813742243569884e-09 1.756146009784991346e-09
1.084000015258789062e+01 1.727067641650446536e-09 1.750581138172704135e-09
1.084999942779541016e+01 1.721331841311772605e-09 1.745025359736435990e-09
1.085999965667724609e+01 1.715605470984295419e-09 1.739477346583024689e-09
1.086999988555908203e+01 1.709889259540949283e-09 1.733937334360874277e-09
1.088000011444091797e+01 1.704183337399049049e-09 1.728404998223299888e-09
1.088999938964843750e+01 1.698488319701145597e-09 1.722880507009985636e-09
1.089999961853027344e+01 1.692803129054555174e-09 1.717362414518820204e-09
1.090999984741210938e+01 1.687128250679173397e-09 1.711850820320846579e-09
1.092000007629394531e+01 1.681463556813561769e-09 1.706345262251858168e-09
1.092999935150146484e+01 1.675809388400463063e-09 1.700845769199834228e-09
1.093999958038330078e+01 1.670164400475961696e-09 1.695350766548204524e-09
1.094999980926513672e+01 1.664528800382949127e-09 1.689860226611771209e-09
1.096000003814697266e+01 1.658902194157634509e-09 1.684373574656613906e-09
1.096999931335449219e+01 1.653284667325351010e-09 1.678890741640407896e-09
1.097999954223632812e+01 1.647674649572696065e-09 1.673410078752935332e-09
1.098999977111816406e+01 1.642072137431605766e-09 1.667931501385692043e-09
1.100000000000000000e+01 1.636476558963477033e-09 1.662454403658455798e-09
1.101000022888183594e+01 1.630887319895378397e-09 1.656978188936274479e-09
1.101999950408935547e+01 1.625304345525863098e-09 1.651502798913996639e-09
1.102999973297119141e+01 1.619725961547491707e-09 1.646026631810239309e-09
1.103999996185302734e+01 1.614152099091793429e-09 1.640549682594018039e-09
1.105000019073486328e+01 1.608582174207762715e-09 1.635071460580021021e-09
1.105999946594238281e+01 1.603016160659942444e-09 1.629592040310402775e-09
1.106999969482421875e+01 1.597452475853603928e-09 1.624109976649011105e-09
1.107999992370605469e+01 1.591891173765529646e-09 1.618625445020487298e-09
1.109000015258789062e+01 1.586331828349304762e-09 1.613138155313248361e-09
1.109999942779541016e+01 1.580774600272822498e-09 1.607648401268164693e-09
1.110999965667724609e+01 1.575218121749295468e-09 1.602154968259866459e-09
1.111999988555908203e+01 1.569662679924643724e-09 1.596658276192913571e-09
1.113000011444091797e+01 1.564108098730941886e-09 1.591158286022231895e-09
1.113999938964843750e+01 1.558554799249702144e-09 1.585655547816963151e-09
1.114999961853027344e+01 1.553001680534153071e-09 1.580149099965880754e-09
1.115999984741210938e+01 1.547449295475291910e-09 1.574639616033242361e-09
1.117000007629394531e+01 1.541897729004756388e-09 1.569127303032054633e-09
1.117999935150146484e+01 1.536347652646957332e-09 1.563612948580833365e-09
1.118999958038330078e+01 1.530798202152153113e-09 1.558095813020434471e-09
1.119999980926513672e+01 1.525250147322559591e-09 1.552576780448339084e-09
1.121000003814697266e+01 1.519703767759138849e-09 1.547056250247492517e-09
1.121999931335449219e+01 1.514159903701750742e-09 1.541535184486776191e-09
1.122999954223632812e+01 1.508617833637843718e-09 1.536012996149132910e-09
1.123999977111816406e+01 1.503078439080154090e-09 1.530490703251008995e-09
1.125000000000000000e+01 1.497542081861933661e-09 1.524968817440073777e-09
1.125999927520751953e+01 1.492009653135649168e-09 1.519448391897208243e-09
1.126999950408935547e+01 1.486480456261124194e-09 1.513928910657665111e-09
1.127999973297119141e+01 1.480955366533161432e-09 1.508411443334369153e-09
1.128999996185302734e+01 1.475434714706308236e-09 1.502896534974660586e-09
1.130000019073486328e+01 1.469918810401092745e-09 1.497384729357417388e-09
1.130999946594238281e+01 1.464408463784743053e-09 1.491877091184543611e-09
1.131999969482421875e+01 1.458902881450269097e-09 1.486373103095455087e-09
1.132999992370605469e+01 1.453402818476238926e-09 1.480873815921675463e-09
1.134000015258789062e+01 1.447908475605342919e-09 1.475379746158928561e-09
1.134999942779541016e+01 1.442420549247919775e-09 1.469891924262455131e-09
1.135999965667724609e+01 1.436938140609938985e-09 1.464409801853459722e-09
1.136999988555908203e+01 1.431461899472019221e-09 1.458934392995885389e-09
1.138000011444091797e+01 1.425991934210415771e-09 1.453466181262139568e-09
1.138999938964843750e+01 1.420528861683262650e-09 1.448006165793591108e-09
1.139999961853027344e+01 1.415071729329333549e-09 1.442553780792120803e-09
1.140999984741210938e+01 1.409621148176577009e-09 1.437110022650665014e-09
1.142000007629394531e+01 1.404177215094582629e-09 1.431675368680242447e-09
1.142999935150146484e+01 1.398740559643375641e-09 1.426250817780821701e-09
1.143999958038330078e+01 1.393310278097511295e-09 1.420835824516858424e-09
1.144999980926513672e+01 1.387887051820033034e-09 1.415431405825231046e-09
1.146000003814697266e+01 1.382471079834550577e-09 1.410038073139886520e-09
1.146999931335449219e+01 1.377063119453180097e-09 1.404656864710480768e-09
1.147999954223632812e+01 1.371662430067548258e-09 1.399287295657239954e-09
1.148999977111816406e+01 1.366269872956536157e-09 1.393930438575213923e-09
1.150000000000000000e+01 1.360885851970535052e-09 1.388586870449868767e-09
1.150999927520751953e+01 1.355511344903957817e-09 1.383257694162875444e-09
1.151999950408935547e+01 1.350145856310470996e-09 1.377942506559495181e-09
1.152999973297119141e+01 1.344790494137555746e-09 1.372642447390212166e-09
1.153999996185302734e+01 1.339445918010652323e-09 1.367358163228601730e-09
1.155000019073486328e+01 1.334112850791125811e-09 1.362090314527944005e-09
1.155999946594238281e+01 1.328792582674676759e-09 1.356840073034473967e-09
1.156999969482421875e+01 1.323484938574987780e-09 1.351607117372943900e-09
1.157999992370605469e+01 1.318191317378479621e-09 1.346392633846242891e-09
1.159000015258789062e+01 1.312912655183727678e-09 1.341197308316155464e-09
1.159999942779541016e+01 1.307650426656604807e-09 1.336022315598928578e-09
1.160999965667724609e+01 1.302404631147000399e-09 1.330867342811399045e-09
1.161999988555908203e+01 1.297176795275897360e-09 1.325733546053086434e-09
1.163000011444091797e+01 1.291967954439505235e-09 1.320621569409173736e-09
1.163999938964843750e+01 1.286779639500125476e-09 1.315532518806406875e-09
1.164999961853027344e+01 1.281611889538056050e-09 1.310466018048974561e-09
1.165999984741210938e+01 1.276466211187006567e-09 1.305423116590692458e-09
1.167000007629394531e+01 1.271343587279479007e-09 1.300404341336417891e-09
1.167999935150146484e+01 1.266245448434443896e-09 1.295410654247288699e-09
1.168999958038330078e+01 1.261171721634901294e-09 1.290441546168378035e-09
1.169999980926513672e+01 1.256123739464607053e-09 1.285497891267852053e-09
1.171000003814697266e+01 1.251102285344015624e-09 1.280580036943108044e-09
1.171999931335449219e+01 1.246108549757134503e-09 1.275688744804503162e-09
1.172999954223632812e+01 1.241142222038761859e-09 1.270823325419913261e-09
1.173999977111816406e+01 1.236204344077808131e-09 1.265984436825028865e-09
1.175000000000000000e+01 1.231295399436251038e-09 1.261172215773432011e-09
1.175999927520751953e+01 1.226416253061847123e-09 1.256387201131524532e-09
1.176999950408935547e+01 1.221566292144160268e-09 1.251628512093499966e-09
1.177999973297119141e+01 1.216746218839192296e-09 1.246896588114363433e-09
1.178999996185302734e+01 1.211956187904951899e-09 1.242191363167733535e-09
1.180000019073486328e+01 1.207196276288170208e-09 1.237512726134485283e-09
1.180999946594238281e+01 1.202466936615522386e-09 1.232860966345018091e-09
1.181999969482421875e+01 1.197767200860042666e-09 1.228235005278669363e-09
1.182999992370605469e+01 1.193097392194731540e-09 1.223635062241033121e-09
1.184000015258789062e+01 1.188457324116024985e-09 1.219060881356975028e-09
1.184999942779541016e+01 1.183847198181881765e-09 1.214512613532929984e-09
1.185999965667724609e+01 1.179265855013961407e-09 1.209989087905643163e-09
1.186999988555908203e+01 1.174713419814228370e-09 1.205490419038991853e-09
1.188000011444091797e+01 1.170189548097692555e-09 1.201016273583012837e-09
1.188999938964843750e+01 1.165694301443997883e-09 1.196566732698937565e-09
1.189999961853027344e+01 1.161226442176635612e-09 1.192140600797257732e-09
1.190999984741210938e+01 1.156786012164364295e-09 1.187737955317580450e-09
1.192000007629394531e+01 1.152372621324361976e-09 1.183358450426032197e-09
1.192999935150146484e+01 1.147986299865347551e-09 1.179002159638948555e-09
1.193999958038330078e+01 1.143625832193381419e-09 1.174667918825666653e-09
1.194999980926513672e+01 1.139291270512524803e-09 1.170355820995315071e-09
1.196000003814697266e+01 1.134982261831282006e-09 1.166065553957879645e-09
1.196999931335449219e+01 1.130698876802190071e-09 1.161797224096367224e-09
1.197999954223632812e+01 1.126439979077561479e-09 1.157549730893083990e-09
1.198999977111816406e+01 1.122205676409883923e-09 1.153323209615007741e-09
1.200000000000000000e+01 1.117995683505335893e-09 1.149117400947636366e-09
1.200999927520751953e+01 1.113810128053300184e-09 1.144932456661413738e-09
1.201999950408935547e+01 1.109647954114472216e-09 1.140767344435862246e-09
1.202999973297119141e+01 1.105509314047355103e-09 1.136622241296039819e-09
1.203999996185302734e+01 1.101393966141376732e-09 1.132496934051714834e-09
1.205000019073486328e+01 1.097301670852076805e-09 1.128391217736403632e-09
1.205999946594238281e+01 1.093232573637459980e-09 1.124305282818204019e-09
1.206999969482421875e+01 1.089185650399327953e-09 1.120238156577577153e-09
1.207999992370605469e+01 1.085161031548387024e-09 1.116190039564069429e-09
1.209000015258789062e+01 1.081158443178923229e-09 1.112160743293039935e-09
1.209999942779541016e+01 1.077177970840959426e-09 1.108150460961839956e-09
1.210999965667724609e+01 1.073218539399088700e-09 1.104158237909566380e-09
1.211999988555908203e+01 1.069280187615789891e-09 1.100184265256060681e-09
1.213000011444091797e+01 1.065362545031785030e-09 1.096228347290301007e-09
1.213999938964843750e+01 1.061465581419802596e-09 1.092290658810852392e-09
1.214999961853027344e+01 1.057588120981561637e-09 1.088370244229227513e-09
1.215999984741210938e+01 1.053730071944372962e-09 1.084467270689047362e-09
1.217000007629394531e+01 1.049890938656336530e-09 1.080581524459536189e-09
1.217999935150146484e+01 1.046070559029318544e-09 1.076713155854499689e-09
1.218999958038330078e+01 1.042267651241118578e-09 1.072861205944213069e-09
1.219999980926513672e+01 1.038482002892143264e-09 1.069025821199060305e-09
1.221000003814697266e+01 1.034713015862031517e-09 1.065206777466025885e-09
1.221999931335449219e+01 1.030960433245524794e-09 1.061404213070809396e-09
1.222999954223632812e+01 1.027222914648939744e-09 1.057617181478205632e-09
1.223999977111816406e+01 1.023500189346656408e-09 1.053845829075434245e-09
1.225000000000000000e+01 1.019791629411023492e-09 1.050089944882465806e-09
1.225999927520751953e+01 1.016096966794797531e-09 1.046349682048226409e-09
1.226999950408935547e+01 1.012414891805310612e-09 1.042624134314760457e-09
1.227999973297119141e+01 1.008745174147505767e-09 1.038913478339969978e-09
1.228999996185302734e+01 1.005087258824107013e-09 1.035217547091495771e-09
1.230000019073486328e+01 1.001440625738251873e-09 1.031536189070359960e-09
1.230999946594238281e+01 9.978051419188106107e-10 1.027869618705836280e-09
1.231999969482421875e+01 9.941796813556863599e-10 1.024217020293583115e-09
1.232999992370605469e+01 9.905642103392105127e-10 1.020578647122184458e-09
1.234000015258789062e+01 9.869584038542716166e-10 1.016954422017569957e-09
1.234999942779541016e+01 9.833623388372713853e-10 1.013344631700669572e-09
1.235999965667724609e+01 9.797751258909289396e-10 1.009748551119674475e-09
1.236999988555908203e+01 9.761969687985935163e-10 1.006166508865831791e-09
1.238000011444091797e+01 9.726277924570534237e-10 1.002598508006977189e-09
1.238999938964843750e+01 9.690679252220795947e-10 9.990449084862742123e-10
1.239999961853027344e+01 9.655167404745700056e-10 9.955050714590179412e-10
1.240999984741210938e+01 9.619746915504211671e-10 9.919793913178799645e-10
1.242000007629394531e+01 9.584419497104020536e-10 9.884679368067746329e-10
1.242999935150146484e+01 9.549190757862791799e-10 9.849711215074016154e-10
1.243999958038330078e+01 9.514056722563279268e-10 9.814883687876473535e-10
1.244999980926513672e+01 9.479023940120132250e-10 9.780201106578356207e-10
1.246000003814697266e+01 9.444095973544176234e-10 9.745664497079566280e-10
1.246999931335449219e+01 9.409280015958832367e-10 9.711278180753233302e-10
1.247999954223632812e+01 9.374573551395717271e-10 9.677036644692407677e-10
1.248999977111816406e+01 9.339984208311813476e-10 9.642944193508106943e-10
1.250000000000000000e+01 9.305516396235075270e-10 9.609001791912287431e-10
1.250999927520751953e+01 9.271177830787297770e-10 9.575213543956049302e-10
1.251999950408935547e+01 9.236966377244918432e-10 9.541573795019649484e-10
1.252999973297119141e+01 9.202889636632990579e-10 9.508086447607711052e-10
1.253999996185302734e+01 9.168951772014983112e-10 9.474752039019503705e-10
1.255000019073486328e+01 9.135156734967850749e-10 9.441570957046771895e-10
1.255999946594238281e+01 9.101511417337389416e-10 9.408546569430183778e-10
1.256999969482421875e+01 9.068012788056811932e-10 9.375672631539491976e-10
1.257999992370605469e+01 9.034667111924381449e-10 9.342952178139268455e-10
1.259000015258789062e+01 9.001477073852980821e-10 9.310384908140170847e-10
1.259999942779541016e+01 8.968448118454980557e-10 9.277973425337515974e-10
1.260999965667724609e+01 8.935575855041357287e-10 9.245710891996635068e-10
1.261999988555908203e+01 8.902864957083076583e-10 9.213599582404199933e-10
1.263000011444091797e+01 8.870316552603855140e-10 9.181638512444200763e-10
1.263999938964843750e+01 8.837934476509730848e-10 9.149829576454827373e-10
1.264999961853027344e+01 8.805712953469739043e-10 9.118165440128004455e-10
1.265999984741210938e+01 8.773655155523863721e-10 9.086647758295388170e-10
1.267000007629394531e+01 8.741760864996732884e-10 9.055275042797142067e-10
1.267999935150146484e+01 8.710032625898634510e-10 9.024048692783116827e-10
1.268999958038330078e+01 8.678463695456554536e-10 8.992961114651583706e-10
1.269999980926513672e+01 8.647056241269585879e-10 8.962013608338991040e-10
1.271000003814697266e+01 8.615809267156145923e-10 8.931204462513911221e-10
1.271999931335449219e+01 8.584724645407039881e-10 8.900534874753072294e-10
1.272999954223632812e+01 8.553795316281006936e-10 8.869997282448304540e-10
1.273999977111816406e+01 8.523023115599598536e-10 8.839592929330544013e-10
1.275000000000000000e+01 8.492406938388355475e-10 8.809320168449027529e-10
1.275999927520751953e+01 8.461948639573887901e-10 8.779180273314858928e-10
1.276999950408935547e+01 8.431641458786680251e-10 8.749165965580684519e-10
1.277999973297119141e+01 8.401487471572097294e-10 8.719278671143992828e-10
1.278999996185302734e+01 8.371485971227350788e-10 8.689517016701565563e-10
1.279999923706054688e+01 8.341639230404302759e-10 8.659882536162942429e-10
1.280999946594238281e+01 8.311941133191351116e-10 8.630368380383673736e-10
1.281999969482421875e+01 8.282394252439696307e-10 8.600976276715559004e-10
1.282999992370605469e+01 8.252998437434483010e-10 8.571705208458072606e-10
1.284000015258789062e+01 8.223753654964551285e-10 8.542554246691845146e-10
1.284999942779541016e+01 8.194662734071926093e-10 8.513525307071534607e-10
1.285999965667724609e+01 8.165720257024550402e-10 8.484612080702599031e-10
1.286999988555908203e+01 8.136929175267219962e-10 8.455816637996134483e-10
1.288000011444091797e+01 8.108289664845673310e-10 8.427138335701854317e-10
1.288999938964843750e+01 8.079804578450459399e-10 8.398579297923779918e-10
1.289999961853027344e+01 8.051468557265594743e-10 8.370133524470228880e-10
1.290999984741210938e+01 8.023284291095773923e-10 8.341803222715414493e-10
1.292000007629394531e+01 7.995251598986405723e-10 8.313587891980953370e-10
1.292999935150146484e+01 7.967372767434966993e-10 8.285489717526548494e-10
1.293999958038330078e+01 7.939641894835201799e-10 8.257502853963535116e-10
1.294999980926513672e+01 7.912060813441365580e-10 8.229629496530006581e-10
1.296000003814697266e+01 7.884628411480871099e-10 8.201869143403516339e-10
1.296999931335449219e+01 7.857345872416237758e-10 8.174223907342001897e-10
1.297999954223632812e+01 7.830206264111973636e-10 8.146687975673487451e-10
1.298999977111816406e+01 7.803210140033345496e-10 8.119263427360566670e-10
1.300000000000000000e+01 7.776355112892799649e-10 8.091949674114288356e-10
1.300999927520751953e+01 7.749641008172987447e-10 8.064748692719378439e-10
1.301999950408935547e+01 7.723059695110952414e-10 8.037654659063189137e-10
1.302999973297119141e+01 7.696610389477383606e-10 8.010669517663236007e-10
1.303999996185302734e+01 7.670289472619962558e-10 7.983792598306189492e-10
1.304999923706054688e+01 7.644095567221531564e-10 7.957025768859684325e-10
1.305999946594238281e+01 7.618019591351530359e-10 7.930363240964876263e-10
1.306999969482421875e+01 7.592059786726168480e-10 7.903806893881584757e-10
1.307999992370605469e+01 7.566211759981020606e-10 7.877356061958291375e-10
1.309000015258789062e+01 7.540471033190911619e-10 7.851010099502974667e-10
1.309999942779541016e+01 7.514835536045457795e-10 7.824770888054226036e-10
1.310999965667724609e+01 7.489295887192537700e-10 7.798632843759537351e-10
1.311999988555908203e+01 7.463850116591289348e-10 7.772597940591593728e-10
1.313000011444091797e+01 7.438493928461116038e-10 7.746665697417136771e-10
1.313999938964843750e+01 7.413225609166291420e-10 7.720838151591392324e-10
1.314999961853027344e+01 7.388036443031341205e-10 7.695110019526587578e-10
1.315999984741210938e+01 7.362925217165164086e-10 7.669483481657636098e-10
1.317000007629394531e+01 7.337888615871384228e-10 7.643958322933737595e-10
1.317999935150146484e+01 7.312926046538825969e-10 7.618536821264518796e-10
1.318999958038330078e+01 7.288030154924839967e-10 7.593214060114425109e-10
1.319999980926513672e+01 7.263201132684755682e-10 7.567992473546643875e-10
1.321000003814697266e+01 7.238437205802174462e-10 7.542872136047521601e-10
1.321999931335449219e+01 7.213739381276970905e-10 7.517855568088818679e-10
1.322999954223632812e+01 7.189102034035075398e-10 7.492938195805406014e-10
1.323999977111816406e+01 7.164527036351594300e-10 7.468122659404394095e-10
1.325000000000000000e+01 7.140014319003793972e-10 7.443409250987156529e-10
1.325999927520751953e+01 7.115566540374916676e-10 7.418800637326154821e-10
1.326999950408935547e+01 7.091179742342582310e-10 7.394292470903942305e-10
1.327999973297119141e+01 7.066857310155090313e-10 7.369887460266524759e-10
1.328999996185302734e+01 7.042600605782066560e-10 7.345585960259395422e-10
1.329999923706054688e+01 7.018413566454579346e-10 7.321390613663859122e-10
1.330999946594238281e+01 6.994293441275531807e-10 7.297297118170458062e-10
1.331999969482421875e+01 6.970244587872776933e-10 7.273308059776237536e-10
1.332999992370605469e+01 6.946269190816123226e-10 7.249423659938818768e-10
1.334000015258789062e+01 6.922369524800334115e-10 7.225644076533770427e-10
1.334999942779541016e+01 6.898550175290989917e-10 7.201971645962326090e-10
1.335999965667724609e+01 6.874808912699461191e-10 7.178401852138295711e-10
1.336999988555908203e+01 6.851150279261591449e-10 7.154936864333920773e-10
1.338000011444091797e+01 6.827576453569488881e-10 7.131576488534682398e-10
1.338999938964843750e+01 6.804091723544507630e-10 7.108322636924175721e-10
1.339999961853027344e+01 6.780693503215822995e-10 7.085170462173014460e-10
1.340999984741210938e+01 6.757385742899476926e-10 7.062121660701717540e-10
1.342000007629394531e+01 6.734169939040295191e-10 7.039175590574984912e-10
1.342999935150146484e+01 6.711049561448381678e-10 7.016333667758923410e-10
1.343999958038330078e+01 6.688021230058786412e-10 6.993590663115413116e-10
1.344999980926513672e+01 6.665087940345532690e-10 6.970947776725761923e-10
1.346000003814697266e+01 6.642250233926914519e-10 6.948403918640128724e-10
1.346999931335449219e+01 6.619510578024349959e-10 6.925960033460434267e-10
1.347999954223632812e+01 6.596864710600885295e-10 6.903610555005478001e-10
1.348999977111816406e+01 6.574314668842451450e-10 6.881356256891428988e-10
1.350000000000000000e+01 6.551860124590533804e-10 6.859195689780006646e-10
1.350999927520751953e+01 6.529502709458116171e-10 6.837129436462880091e-10
1.351999950408935547e+01 6.507237520796507178e-10 6.815151712021430636e-10
1.352999973297119141e+01 6.485065944646903741e-10 6.793263001379996061e-10
1.353999996185302734e+01 6.462987146705612542e-10 6.771461642184895399e-10
1.354999923706054688e+01 6.441002333178925432e-10 6.749748011639362589e-10
1.355999946594238281e+01 6.419106401743863889e-10 6.728116260401266569e-10
1.356999969482421875e+01 6.397300551632612159e-10 6.706566747728196146e-10
1.357999992370605469e+01 6.375583915467342558e-10 6.685097758810378573e-10
1.359000015258789062e+01 6.353955684899276240e-10 6.663707588371680235e-10
1.359999942779541016e+01 6.332417181940864523e-10 6.642396576858515067e-10
1.360999965667724609e+01 6.310963669059975928e-10 6.621158995074153108e-10
1.361999988555908203e+01 6.289596688159449739e-10 6.599995245192101087e-10
1.363000011444091797e+01 6.268315843877572281e-10 6.578903727814404948e-10
1.363999938964843750e+01 6.247122884422745352e-10 6.557884884554111856e-10
1.364999961853027344e+01 6.226013623810333548e-10 6.536933188561633242e-10
1.365999984741210938e+01 6.204990065138964351e-10 6.516049175703878381e-10
1.367000007629394531e+01 6.184052295635407214e-10 6.495231418891734765e-10
1.367999935150146484e+01 6.163202484493551000e-10 6.474480515402341559e-10
1.368999958038330078e+01 6.142436916474176003e-10 6.453791174769587253e-10
1.369999980926513672e+01 6.121757901696158781e-10 6.433164093193324513e-10
1.371000003814697266e+01 6.101165787979707303e-10 6.412598030075642437e-10
1.371999931335449219e+01 6.080662877167612378e-10 6.392093741934245759e-10
1.372999954223632812e+01 6.060245581567382142e-10 6.371646163253333683e-10
1.373999977111816406e+01 6.039916125682569764e-10 6.351256138032099289e-10
1.375000000000000000e+01 6.019674686218104351e-10 6.330922591007935345e-10
1.375999927520751953e+01 5.999523237427621880e-10 6.310646414100091573e-10
1.376999950408935547e+01 5.979457843066315974e-10 6.290422735603430491e-10
1.377999973297119141e+01 5.959480160142589260e-10 6.270252521306672182e-10
1.378999996185302734e+01 5.939589718310816905e-10 6.250134833144411515e-10
1.379999923706054688e+01 5.919787707945023851e-10 6.230070675493423763e-10
1.380999946594238281e+01 5.900069417242932755e-10 6.210055346471612215e-10
1.381999969482421875e+01 5.880435549851905554e-10 6.190089919288869238e-10
1.382999992370605469e+01 5.860884653653748545e-10 6.170173583723627382e-10
1.384000015258789062e+01 5.841415009462080496e-10 6.150305563257149087e-10
1.384999942779541016e+01 5.822026478755745037e-10 6.130487005317758733e-10
1.385999965667724609e+01 5.802713120845214551e-10 6.110713427103400088e-10
1.386999988555908203e+01 5.783474299655747086e-10 6.090986058570281694e-10
1.388000011444091797e+01 5.764307297544595921e-10 6.071304281331474533e-10
1.388999938964843750e+01 5.745211007836465481e-10 6.051669394003739889e-10
1.389999961853027344e+01 5.726178682655090206e-10 6.032077129362101011e-10
1.390999984741210938e+01 5.707208890934038492e-10 6.012528893743807806e-10
1.392000007629394531e+01 5.688298261129824074e-10 5.993024275915018889e-10
1.392999935150146484e+01 5.669445137063279450e-10 5.973564778331091141e-10
1.393999958038330078e+01 5.650642430549779503e-10 5.954146401207973259e-10
1.394999980926513672e+01 5.631888449766846943e-10 5.934770781208233077e-10
1.396000003814697266e+01 5.613179741648580398e-10 5.915437764772605844e-10
1.396999931335449219e+01 5.594514712559771866e-10 5.896149106895150604e-10
1.397999954223632812e+01 5.575886550720394078e-10 5.876901117164704311e-10
1.398999977111816406e+01 5.557293945563279229e-10 5.857695699178958950e-10
1.400000000000000000e+01 5.538733997564759798e-10 5.838532986292422206e-10
1.400999927520751953e+01 5.520205800459214706e-10 5.819415006010471357e-10
1.401999950408935547e+01 5.501703403551739205e-10 5.800338387577012328e-10
1.402999973297119141e+01 5.483226439031957518e-10 5.781305300822667635e-10
1.403999996185302734e+01 5.464773071283142591e-10 5.762316155176557717e-10
1.404999923706054688e+01 5.446343537601365735e-10 5.743373226727525540e-10
1.405999946594238281e+01 5.427933129231757429e-10 5.724473430548523068e-10
1.406999969482421875e+01 5.409542742268492703e-10 5.705619156060160840e-10
1.407999992370605469e+01 5.391171844772468416e-10 5.686811030761765275e-10
1.409000015258789062e+01 5.372820230208188594e-10 5.668049723080267034e-10
1.409999942779541016e+01 5.354489753611401596e-10 5.649337717828297925e-10
1.410999965667724609e+01 5.336177325388584065e-10 5.630672175306894995e-10
1.411999988555908203e+01 5.317885381952852474e-10 5.612055632928414508e-10
1.413000011444091797e+01 5.299614866594236696e-10 5.593488854133676222e-10
1.413999938964843750e+01 5.281368691713276842e-10 5.574974371468410257e-10
1.414999961853027344e+01 5.263144750881535632e-10 5.556509421584007215e-10
1.415999984741210938e+01 5.244946329291080321e-10 5.538096533031084431e-10
1.417000007629394531e+01 5.226775107327735284e-10 5.519736450908002479e-10
1.417999935150146484e+01 5.208634598353873411e-10 5.501431642727293228e-10
1.418999958038330078e+01 5.190523197092708061e-10 5.483179313674326467e-10
1.419999980926513672e+01 5.172444528564483565e-10 5.464981876487109090e-10
1.421000003814697266e+01 5.154400493506823952e-10 5.446839957742986836e-10
1.421999931335449219e+01 5.136394686962957462e-10 5.428755864567258252e-10
1.422999954223632812e+01 5.118425505627054819e-10 5.410726686742924978e-10
1.423999977111816406e+01 5.100496428677414647e-10 5.392754642689325890e-10
1.425000000000000000e+01 5.082609125180286515e-10 5.374840172470679668e-10
1.425999927520751953e+01 5.064766856314452886e-10 5.356985363543251455e-10
1.426999950408935547e+01 5.046967660731236258e-10 5.339187144030872553e-10
1.427999973297119141e+01 5.029214556431347098e-10 5.321447499326324972e-10
1.428999996185302734e+01 5.011508726548821047e-10 5.303766655577879612e-10
1.429999923706054688e+01 4.993852903794610173e-10 5.286146463430843817e-10
1.430999946594238281e+01 4.976244644270754971e-10 5.268583682889621749e-10
1.431999969482421875e+01 4.958686438394557025e-10 5.251080068384475451e-10
1.432999992370605469e+01 4.941178981590286881e-10 5.233635642820526190e-10
1.434000015258789062e+01 4.923722874228694733e-10 5.216250383270369488e-10
1.434999942779541016e+01 4.906320295444489267e-10 5.198925873252623850e-10
1.435999965667724609e+01 4.888968387457021170e-10 5.181658701957015105e-10
1.436999988555908203e+01 4.871669233493170775e-10 5.164450380939371661e-10
1.438000011444091797e+01 4.854423234654735134e-10 5.147300732334020115e-10
1.438999938964843750e+01 4.837232429015592539e-10 5.130211174027794124e-10
1.439999961853027344e+01 4.820093959224574124e-10 5.113178208569266025e-10
1.440999984741210938e+01 4.803009928891765998e-10 5.096203205296470784e-10
1.442000007629394531e+01 4.785980856657293615e-10 5.079285878361242083e-10
1.442999935150146484e+01 4.769008949990061768e-10 5.062427526510319197e-10
1.443999958038330078e+01 4.752091648920185591e-10 5.045624610024331576e-10
1.444999980926513672e+01 4.735231347751318201e-10 5.028878399870172985e-10
1.446000003814697266e+01 4.718428922337480432e-10 5.012188542617605549e-10
1.446999931335449219e+01 4.701686948418136176e-10 4.995556256737174443e-10
1.447999954223632812e+01 4.685003319972110527e-10 4.978977994252884853e-10
1.448999977111816406e+01 4.668380825743551636e-10 4.962454959910881144e-10
1.450000000000000000e+01 4.651820749400284545e-10 4.945986761931936817e-10
1.450999927520751953e+01 4.635326027415713908e-10 4.929574565132122183e-10
1.451999950408935547e+01 4.618894948030720969e-10 4.913214835441376300e-10
1.452999973297119141e+01 4.602530573155550194e-10 4.896908733135895187e-10
1.453999996185302734e+01 4.586234418437594101e-10 4.880655846971947478e-10
1.454999923706054688e+01 4.570009551594663995e-10 4.864457305758684744e-10
1.455999946594238281e+01 4.553854384526342979e-10 4.848309604653029558e-10
1.456999969482421875e+01 4.537771932027355938e-10 4.832213875309282210e-10
1.457999992370605469e+01 4.521763589389372763e-10 4.816169702526827736e-10
1.458999919891357422e+01 4.505832171789023116e-10 4.800178195825452825e-10
1.459999942779541016e+01 4.489975817804997797e-10 4.784235894318779365e-10
1.460999965667724609e+01 4.474197080524617628e-10 4.768343919509236829e-10
1.461999988555908203e+01 4.458496819666481562e-10 4.752501871277661865e-10
1.463000011444091797e+01 4.442875702348702360e-10 4.736709357014323132e-10
1.463999938964843750e+01 4.427335662734347711e-10 4.720967492736462431e-10
1.464999961853027344e+01 4.411873965683254773e-10 4.705272903567566414e-10
1.465999984741210938e+01 4.396492086716270076e-10 4.689626734929945143e-10
1.467000007629394531e+01 4.381189767047711282e-10 4.674028643319827949e-10
1.467999935150146484e+01 4.365967943519448463e-10 4.658479783732576081e-10
1.468999958038330078e+01 4.350822947725210390e-10 4.642976883990549837e-10
1.469999980926513672e+01 4.335755220704862349e-10 4.627521144858674325e-10
1.471000003814697266e+01 4.320763505365157515e-10 4.612112305395185786e-10
1.471999931335449219e+01 4.305847733668754461e-10 4.596751593384226590e-10
1.472999954223632812e+01 4.291003358215119337e-10 4.581435870969669874e-10
1.473999977111816406e+01 4.276229907112688269e-10 4.566166427020584128e-10
1.475000000000000000e+01 4.261525308471694545e-10 4.550943113568177371e-10
1.475999927520751953e+01 4.246888734915887057e-10 4.535767259554625111e-10
1.476999950408935547e+01 4.232315053052588863e-10 4.520635886613095651e-10
1.477999973297119141e+01 4.217803228408336759e-10 4.505550394229999301e-10
1.478999996185302734e+01 4.203350765421765604e-10 4.490510765583696516e-10
1.479999923706054688e+01 4.188956508094583505e-10 4.475518445540324167e-10
1.480999946594238281e+01 4.174615185402980742e-10 4.460570624446674100e-10
1.481999969482421875e+01 4.160325677881028933e-10 4.445668816880455751e-10
1.482999992370605469e+01 4.146085551269934234e-10 4.430813137197312582e-10
1.483999919891357422e+01 4.131893811416976108e-10 4.416005139723035422e-10
1.484999942779541016e+01 4.117745520072769220e-10 4.401242172353253096e-10
1.485999965667724609e+01 4.103639939124476211e-10 4.386525848682173764e-10
1.486999988555908203e+01 4.089575133094942351e-10 4.371856391733539867e-10
1.488000011444091797e+01 4.075549341286293987e-10 4.357234046269801530e-10
1.488999938964843750e+01 4.061562324389385508e-10 4.342660463516281666e-10
1.489999961853027344e+01 4.047610040899975523e-10 4.328133143159078914e-10
1.490999984741210938e+01 4.033692658000956249e-10 4.313653770051131064e-10
1.492000007629394531e+01 4.019809213734481094e-10 4.299222646565882743e-10
1.492999935150146484e+01 4.005960270710799973e-10 4.284841451224559325e-10
1.493999958038330078e+01 3.992142630861142022e-10 4.270507753414926006e-10
1.494999980926513672e+01 3.978357251700340838e-10 4.256223240329329522e-10
1.496000003814697266e+01 3.964603948311747073e-10 4.241988222553874627e-10
1.496999931335449219e+01 3.950884008305757074e-10 4.227804355381277098e-10
1.497999954223632812e+01 3.937194943921854994e-10 4.213669229898815412e-10
1.498999977111816406e+01 3.923538324623992709e-10 4.199584486707229658e-10
1.500000000000000000e+01 3.909914519310599210e-10 4.185550397862036222e-10
