# col1: q[fm^-1] col2: weakFF col3: chargeFF [unitless]
9.999999999999999547e-07 9.999999187415018476e-01 9.999999267679826609e-01
9.999999776482582092e-03 9.998087641883484089e-01 9.998028509968686084e-01
1.999999955296516418e-02 9.992354894403232546e-01 9.992118265143935529e-01
2.999999932944774628e-02 9.982806609609305992e-01 9.982274615032067366e-01
3.999999910593032837e-02 9.969452218905646701e-01 9.968507685031752219e-01
4.999999701976776123e-02 9.952304909614047013e-01 9.950831631392652588e-01
5.999999865889549255e-02 9.931381587104040065e-01 9.929264600037277511e-01
7.000000029802322388e-02 9.906702879488623603e-01 9.903828728663826020e-01
7.999999821186065674e-02 9.878293095438804849e-01 9.874550099933040448e-01
8.999999612569808960e-02 9.846180161777083883e-01 9.841458673249040556e-01
9.999999403953552246e-02 9.810395609273456774e-01 9.804588265661956514e-01
1.099999994039535522e-01 9.770974485540319110e-01 9.763976457110218332e-01
1.199999973177909851e-01 9.727955422041700828e-01 9.719664653909501073e-01
1.299999952316284180e-01 9.681380399446182228e-01 9.671697840976702931e-01
1.400000005960464478e-01 9.631294760376204467e-01 9.620124588477918515e-01
1.499999910593032837e-01 9.577747306070156785e-01 9.564997144329474565e-01
1.599999964237213135e-01 9.520789793387782751e-01 9.506370908901232708e-01
1.700000017881393433e-01 9.460477369239893575e-01 9.444304874454478860e-01
1.799999922513961792e-01 9.396868271396997541e-01 9.378861308833094101e-01
1.899999976158142090e-01 9.330023435019475508e-01 9.310105342141338225e-01
1.999999880790710449e-01 9.260007077400731479e-01 9.238105559401026401e-01
2.099999934434890747e-01 9.186885806835193291e-01 9.162933074781912657e-01
2.199999988079071045e-01 9.110729242613859746e-01 9.084662159788360336e-01
2.299999892711639404e-01 9.031609620311488174e-01 9.003369827576992446e-01
2.399999946355819702e-01 8.949601312315501600e-01 8.919135330566314579e-01
2.500000000000000000e-01 8.864781426790463437e-01 8.832040765839476171e-01
2.599999904632568359e-01 8.777229361303953148e-01 8.742170606212412709e-01
2.699999809265136719e-01 8.687026414681977560e-01 8.649611291640096900e-01
2.800000011920928955e-01 8.594255771479067940e-01 8.554451203353174993e-01
2.899999916553497314e-01 8.499003372241793475e-01 8.456781545925370347e-01
2.999999821186065674e-01 8.401356133189131770e-01 8.356694510776421225e-01
3.100000023841857910e-01 8.301402620648091757e-01 8.254283958282998546e-01
3.199999928474426270e-01 8.199233852352280083e-01 8.149646228044060692e-01
3.299999833106994629e-01 8.094941383924474376e-01 8.042878168224822932e-01
3.400000035762786865e-01 7.988618047134891098e-01 7.934077882676631166e-01
3.499999940395355225e-01 7.880358801189459861e-01 7.823345591643638963e-01
3.599999845027923584e-01 7.770258702673887852e-01 7.710781544814068189e-01
3.700000047683715820e-01 7.658413702639232934e-01 7.596486828368460564e-01
3.799999952316284180e-01 7.544921542252150948e-01 7.480564270413240235e-01
3.899999856948852539e-01 7.429879623475418304e-01 7.363116256177384411e-01
3.999999761581420898e-01 7.313386208840385594e-01 7.244245945761971228e-01
4.099999964237213135e-01 7.195539609401496728e-01 7.124056436957119098e-01
4.199999868869781494e-01 7.076439466241920551e-01 7.002652064118934927e-01
4.299999773502349854e-01 6.956184516309819044e-01 6.880136112083631295e-01
4.399999976158142090e-01 6.834873505257625936e-01 6.756611741001743443e-01
4.499999880790710449e-01 6.712606163599817988e-01 6.632182972670717103e-01
4.599999785423278809e-01 6.589480914705179160e-01 6.506952350410843966e-01
4.699999988079071045e-01 6.465595827301886533e-01 6.381021904123713728e-01
4.799999892711639404e-01 6.341049615969243103e-01 6.254494160880372799e-01
4.899999797344207764e-01 6.215939308977914690e-01 6.127469769291562507e-01
5.000000000000000000e-01 6.090361234170688087e-01 6.000048498270709185e-01
5.099999904632568359e-01 5.964412037605444361e-01 5.872330265523026949e-01
5.199999809265136719e-01 5.838186328595165175e-01 5.744412744468160303e-01
5.299999713897705078e-01 5.711778069437547511e-01 5.616392771611148360e-01
5.399999618530273438e-01 5.585280098550627903e-01 5.488365860115329564e-01
5.500000119209289551e-01 5.458783276514147520e-01 5.360425334127192354e-01
5.600000023841857910e-01 5.332379405102770642e-01 5.232665278943700038e-01
5.699999928474426270e-01 5.206156609024764625e-01 5.105175868907235737e-01
5.799999833106994629e-01 5.080202262333509688e-01 4.978046327150799644e-01
5.899999737739562988e-01 4.954602147783245258e-01 4.851364075054930836e-01
5.999999642372131348e-01 4.829440373917829876e-01 4.725214648864430877e-01
6.100000143051147461e-01 4.704798554701116742e-01 4.599680874372285566e-01
6.200000047683715820e-01 4.580758702827186779e-01 4.474845781550716994e-01
6.299999952316284180e-01 4.457398700043118667e-01 4.350788044120819653e-01
6.399999856948852539e-01 4.334795205013608488e-01 4.227584910929967910e-01
6.499999761581420898e-01 4.213022845292854757e-01 4.105311394487897170e-01
6.599999666213989258e-01 4.092154157899370870e-01 3.984040214189316087e-01
6.699999570846557617e-01 3.972259533975544543e-01 3.863841744083722496e-01
6.800000071525573730e-01 3.853406462379667108e-01 3.744783259089097815e-01
6.899999976158142090e-01 3.735662310090423488e-01 3.626931723682138564e-01
6.999999880790710449e-01 3.619090028152976979e-01 3.510349494879843602e-01
7.099999785423278809e-01 3.503750953189710415e-01 3.395097133990340188e-01
7.199999690055847168e-01 3.389704061105580646e-01 3.281232663916535119e-01
7.299999594688415527e-01 3.277005936493433969e-01 3.168811544011969628e-01
7.400000095367431641e-01 3.165710087040212728e-01 3.057885992731484981e-01
7.500000000000000000e-01 3.055869566241968260e-01 2.948507607009647757e-01
7.599999904632568359e-01 2.947532974278185836e-01 2.840723382705181432e-01
7.699999809265136719e-01 2.840747105768646752e-01 2.734578360630329774e-01
7.799999713897705078e-01 2.735556271626586322e-01 2.630114957105174067e-01
7.899999618530273438e-01 2.632002292377912944e-01 2.527372964239732456e-01
7.999999523162841797e-01 2.530124495275943297e-01 2.426389554179924080e-01
8.100000023841857910e-01 2.429959123286026257e-01 2.327198701410703174e-01
8.199999928474426270e-01 2.331541717502594036e-01 2.229833548855514047e-01
8.299999833106994629e-01 2.234903542718910396e-01 2.134322875813839393e-01
8.399999737739562988e-01 2.140073997532299099e-01 2.040693492864004976e-01
8.499999642372131348e-01 2.047080027089493715e-01 1.948969667803996664e-01
8.599999547004699707e-01 1.955946141290561824e-01 1.859173151510019051e-01
8.700000047683715820e-01 1.866693909848400335e-01 1.771322689201929312e-01
8.799999952316284180e-01 1.779344103483809503e-01 1.685436135484776610e-01
8.899999856948852539e-01 1.693913529307103649e-01 1.601527347510735000e-01
8.999999761581420898e-01 1.610417200425451334e-01 1.519608329103296906e-01
9.099999666213989258e-01 1.528867831393581900e-01 1.439688741879314171e-01
9.199999570846557617e-01 1.449275873908821843e-01 1.361775948363119215e-01
9.300000071525573730e-01 1.371649098200801720e-01 1.285874611108244470e-01
9.399999976158142090e-01 1.295994472669529662e-01 1.211988538115875286e-01
9.499999880790710449e-01 1.222315430563780947e-01 1.140118018309770886e-01
9.599999785423278809e-01 1.150613777517729280e-01 1.070261695102748128e-01
9.699999690055847168e-01 1.080889270028054100e-01 1.002416161774195708e-01
9.799999594688415527e-01 1.013139664378444188e-01 9.365760169702316840e-02
9.899999499320983887e-01 9.473607673303756360e-02 8.727339217832347229e-02
1.000000000000000000e+00 8.835461139304322253e-02 8.108802955046971739e-02
1.009999990463256836e+00 8.216885310804006304e-02 7.510048382769898834e-02
1.019999980926513672e+00 7.617779106591854310e-02 6.930943801409764071e-02
1.029999971389770508e+00 7.038027991267441219e-02 6.371344295498439225e-02
1.039999961853027344e+00 6.477500689377981014e-02 5.831088617116778755e-02
1.049999952316284180e+00 5.936049771780047696e-02 5.309999822963999000e-02
1.059999942779541016e+00 5.413512250887760752e-02 4.807885917872460613e-02
1.069999933242797852e+00 4.909710183595764055e-02 4.324540503509424066e-02
1.079999923706054688e+00 4.424451280682456522e-02 3.859743431032854749e-02
1.090000033378601074e+00 3.957524063813011583e-02 3.413256242214462999e-02
1.100000023841857910e+00 3.508720529846750397e-02 2.984843897434284049e-02
1.110000014305114746e+00 3.077803379769286640e-02 2.574243502580684725e-02
1.120000004768371582e+00 2.664529122715741938e-02 2.181186470713848344e-02
1.129999995231628418e+00 2.268643025574496735e-02 1.805393745839022068e-02
1.139999985694885254e+00 1.889879737391274295e-02 1.446576455040451958e-02
1.149999976158142090e+00 1.527963912529311380e-02 1.104436556791678348e-02
1.159999966621398926e+00 1.182610831592161710e-02 7.786674844688727323e-03
1.169999957084655762e+00 8.535270191472398016e-03 4.689547841313736198e-03
1.179999947547912598e+00 5.404108573206372473e-03 1.749767456718864930e-03
1.189999938011169434e+00 2.429531943672582749e-03 -1.035949735222231605e-03
1.199999928474426270e+00 -3.916205264534563710e-04 -3.670947332156924720e-03
1.209999918937683105e+00 -3.062573018660497050e-03 -6.158623040593686621e-03
1.220000028610229492e+00 -5.586636408275582472e-03 -8.502449808044237889e-03
1.230000019073486328e+00 -7.967083865382104321e-03 -1.070585992510356306e-02
1.240000009536743164e+00 -1.020732561594023084e-02 -1.277240685741789020e-02
1.250000000000000000e+00 -1.231078126519311901e-02 -1.470564618827541713e-02
1.259999990463256836e+00 -1.428090524290231804e-02 -1.650915890401920272e-02
1.269999980926513672e+00 -1.612118139967250521e-02 -1.818654601762764028e-02
1.279999971389770508e+00 -1.783511771802973392e-02 -1.974142332638701217e-02
1.289999961853027344e+00 -1.942624114356244006e-02 -2.117741630821827828e-02
1.299999952316284180e+00 -2.089809254105988098e-02 -2.249815516082398839e-02
1.309999942779541016e+00 -2.225422178020906860e-02 -2.370726998743099764e-02
1.319999933242797852e+00 -2.349818295504056687e-02 -2.480838613251799482e-02
1.329999923706054688e+00 -2.463352974094624656e-02 -2.580511967053838313e-02
1.339999914169311523e+00 -2.566381089272694316e-02 -2.670107305027356881e-02
1.350000023841857910e+00 -2.659257636727894655e-02 -2.749983985387536786e-02
1.360000014305114746e+00 -2.742333004330552854e-02 -2.820496383672562238e-02
1.370000004768371582e+00 -2.815959202630646807e-02 -2.881999211875783257e-02
1.379999995231628418e+00 -2.880484929059133614e-02 -2.934843227380540265e-02
1.389999985694885254e+00 -2.936256359171648608e-02 -2.979375887326970312e-02
1.399999976158142090e+00 -2.983616786360406350e-02 -3.015941009965465019e-02
1.409999966621398926e+00 -3.022906277116035878e-02 -3.044878452438127409e-02
1.419999957084655762e+00 -3.054461341914946337e-02 -3.066523804982406939e-02
1.429999947547912598e+00 -3.078614621777438221e-02 -3.081208101521758572e-02
1.439999938011169434e+00 -3.095694590512277841e-02 -3.089257546579817978e-02
1.449999928474426270e+00 -3.106025272634797135e-02 -3.090993258427343279e-02
1.459999918937683105e+00 -3.109925976918077525e-02 -3.086731028345119504e-02
1.469999909400939941e+00 -3.107711045509978579e-02 -3.076781095860870244e-02
1.480000019073486328e+00 -3.099689489502863854e-02 -3.061447726114195286e-02
1.490000009536743164e+00 -3.086165221150855703e-02 -3.041029812383517009e-02
1.500000000000000000e+00 -3.067436269857357414e-02 -3.015819596105104305e-02
1.509999990463256836e+00 -3.043794909928924930e-02 -2.986103175297751336e-02
1.519999980926513672e+00 -3.015527424030129897e-02 -2.952160205447613289e-02
1.529999971389770508e+00 -2.982913942921958800e-02 -2.914263766353087509e-02
1.539999961853027344e+00 -2.946228299636150308e-02 -2.872680243346195650e-02
1.549999952316284180e+00 -2.905737897842588721e-02 -2.827669222589717507e-02
1.559999942779541016e+00 -2.861703594149654292e-02 -2.779483400134627122e-02
1.569999933242797852e+00 -2.814379594061432524e-02 -2.728368504408848483e-02
1.579999923706054688e+00 -2.764013361300618477e-02 -2.674563231795761345e-02
1.589999914169311523e+00 -2.710845540192129491e-02 -2.618299194949684147e-02
1.599999904632568359e+00 -2.655109890789523336e-02 -2.559800883485159953e-02
1.610000014305114746e+00 -2.597032531013121134e-02 -2.499284904089314058e-02
1.620000004768371582e+00 -2.536834693864350315e-02 -2.436962874832997172e-02
1.629999995231628418e+00 -2.474728540858228340e-02 -2.373037088564845104e-02
1.639999985694885254e+00 -2.410919889241975103e-02 -2.307703383827125476e-02
1.649999976158142090e+00 -2.345607526871772847e-02 -2.241150451878958991e-02
1.659999966621398926e+00 -2.278983216531849099e-02 -2.173559863558309491e-02
1.669999957084655762e+00 -2.211231710497891384e-02 -2.105106105774487077e-02
1.679999947547912598e+00 -2.142530774960747092e-02 -2.035956627222304527e-02
1.689999938011169434e+00 -2.073051223922267247e-02 -1.966271892907273458e-02
1.699999928474426270e+00 -2.002956962172128264e-02 -1.896205447070654221e-02
1.709999918937683105e+00 -1.932405036952207847e-02 -1.825903984103224853e-02
1.719999909400939941e+00 -1.861545697913645839e-02 -1.755507427037495197e-02
1.730000019073486328e+00 -1.790521617880961799e-02 -1.685148175208419502e-02
1.740000009536743164e+00 -1.719471357036420414e-02 -1.614954551377791730e-02
1.750000000000000000e+00 -1.648524362954876046e-02 -1.545045865825806809e-02
1.759999990463256836e+00 -1.577804446439683497e-02 -1.475535878319662528e-02
1.769999980926513672e+00 -1.507429031060187642e-02 -1.406532069201570784e-02
1.779999971389770508e+00 -1.437509254591339339e-02 -1.338135754875663212e-02
1.789999961853027344e+00 -1.368150076006159968e-02 -1.270442208084852399e-02
1.799999952316284180e+00 -1.299450387641329710e-02 -1.203540782598609346e-02
1.809999942779541016e+00 -1.231503132160922248e-02 -1.137515041939107449e-02
1.819999933242797852e+00 -1.164395423948607310e-02 -1.072442891780046349e-02
1.829999923706054688e+00 -1.098208674564428271e-02 -1.008396715659850944e-02
1.839999914169311523e+00 -1.033018721908514348e-02 -9.454435136586386915e-03
1.849999904632568359e+00 -9.688959627408509287e-03 -8.836450436965003277e-03
1.860000014305114746e+00 -9.059047442997908081e-03 -8.230572502949147842e-03
1.870000004768371582e+00 -8.441064927132910234e-03 -7.637332847669118206e-03
1.879999995231628418e+00 -7.835553470506207221e-03 -7.057193179578738831e-03
1.889999985694885254e+00 -7.243013198996691923e-03 -6.490575929958914726e-03
1.899999976158142090e+00 -6.663896838867138829e-03 -5.937858452819047735e-03
1.909999966621398926e+00 -6.098611173874678854e-03 -5.399374528161264043e-03
1.919999957084655762e+00 -5.547518513567161434e-03 -4.875415869998690407e-03
1.929999947547912598e+00 -5.010938169917538744e-03 -4.366233636448117912e-03
1.939999938011169434e+00 -4.489147939542314364e-03 -3.872039939318361237e-03
1.949999928474426270e+00 -3.982385588845524169e-03 -3.393009350717893311e-03
1.959999918937683105e+00 -3.490850339526800974e-03 -2.929280404307601539e-03
1.969999909400939941e+00 -3.014704351989894258e-03 -2.480957088928063044e-03
1.979999899864196777e+00 -2.554074204287065490e-03 -2.048110332433761629e-03
1.990000009536743164e+00 -2.109047152558532392e-03 -1.630774591242568775e-03
2.000000000000000000e+00 -1.679693628465192762e-03 -1.228969023217660111e-03
2.009999990463256836e+00 -1.266036860027155726e-03 -8.426690801473919702e-04
2.019999980926513672e+00 -8.680757185238988528e-04 -4.718280180230021272e-04
2.029999971389770508e+00 -4.857807448793978553e-04 -1.163732354953977917e-04
2.039999961853027344e+00 -1.190955577533839760e-04 2.237923408051235711e-04
2.049999952316284180e+00 2.320617565891830273e-04 5.487888930460764654e-04
2.059999942779541016e+00 5.677972741986349195e-04 8.587583724238295616e-04
2.069999933242797852e+00 8.882398846222713546e-04 1.153863184108675768e-03
2.079999923706054688e+00 1.193539964721988030e-03 1.434284898069108308e-03
2.089999914169311523e+00 1.483868076407667252e-03 1.700222986846658142e-03
2.099999904632568359e+00 1.759413689472657605e-03 1.951893591261282023e-03
2.109999895095825195e+00 2.020383930625291834e-03 2.189528314937184018e-03
2.119999885559082031e+00 2.267002359720089819e-03 2.413373048451154888e-03
2.129999876022338867e+00 2.499507774103349768e-03 2.623686823819785466e-03
2.139999866485595703e+00 2.718153041901016573e-03 2.820740699958300488e-03
2.149999856948852539e+00 2.923203964991467028e-03 3.004816679662229706e-03
2.159999847412109375e+00 3.114938172323200236e-03 3.176206658584320320e-03
2.169999837875366211e+00 3.293644044156154947e-03 3.335211406602158878e-03
2.180000066757202148e+00 3.459623475559964450e-03 3.482142943469948571e-03
2.190000057220458984e+00 3.613175340116778211e-03 3.617309862979738860e-03
2.200000047683715820e+00 3.754618241646839188e-03 3.741037420085161543e-03
2.210000038146972656e+00 3.884273442612255593e-03 3.853652352923156357e-03
2.220000028610229492e+00 4.002468056708232205e-03 3.955485675321834815e-03
2.230000019073486328e+00 4.109534166558139433e-03 4.046871856837174625e-03
2.240000009536743164e+00 4.205807974310923382e-03 4.128148036011092432e-03
2.250000000000000000e+00 4.291628985156058750e-03 4.199653266723438715e-03
2.259999990463256836e+00 4.367339223711816897e-03 4.261727797456518231e-03
2.269999980926513672e+00 4.433282483185794522e-03 4.314712383239886935e-03
2.279999971389770508e+00 4.489803607152263905e-03 4.358947629994346790e-03
2.289999961853027344e+00 4.537247803739189247e-03 4.394773370948379040e-03
2.299999952316284180e+00 4.575959991968565552e-03 4.422528074756698450e-03
2.309999942779541016e+00 4.606284179946853845e-03 4.442548284909809443e-03
2.319999933242797852e+00 4.628562874558387642e-03 4.455168089985176230e-03
2.329999923706054688e+00 4.643136522272744982e-03 4.460718624254692878e-03
2.339999914169311523e+00 4.650342980637984895e-03 4.459527598129780536e-03
2.349999904632568359e+00 4.650517019994931771e-03 4.451918857894481170e-03
2.359999895095825195e+00 4.643989854913393826e-03 4.438211974148197070e-03
2.369999885559082031e+00 4.631088704819249190e-03 4.418721858353589181e-03
2.379999876022338867e+00 4.612136383251769049e-03 4.393758406860826492e-03
2.389999866485595703e+00 4.587450915163469173e-03 4.363626171757977422e-03
2.399999856948852539e+00 4.557345181649513112e-03 4.328624057877287698e-03
2.409999847412109375e+00 4.522126591471317680e-03 4.289045045269868593e-03
2.419999837875366211e+00 4.482096778718025476e-03 4.245175936445649660e-03
2.429999828338623047e+00 4.437551325931398706e-03 4.197297127662084903e-03
2.440000057220458984e+00 4.388778301068336357e-03 4.145681130540451731e-03
2.450000047683715820e+00 4.336062782498741053e-03 4.090597401653029916e-03
2.460000038146972656e+00 4.279679667326160251e-03 4.032304788443167969e-03
2.470000028610229492e+00 4.219898047780089485e-03 3.971056230178077705e-03
2.480000019073486328e+00 4.156979937467616439e-03 3.907097451262653114e-03
2.490000009536743164e+00 4.091180132332646394e-03 3.840666861256293238e-03
2.500000000000000000e+00 4.022746092006035390e-03 3.771995473700714280e-03
2.509999990463256836e+00 3.951917840793979682e-03 3.701306842998919062e-03
2.519999980926513672e+00 3.878927887549984792e-03 3.628817018587366782e-03
2.529999971389770508e+00 3.804001163675267347e-03 3.554734515646334157e-03
2.539999961853027344e+00 3.727354978493465504e-03 3.479260301597898210e-03
2.549999952316284180e+00 3.649198991247887356e-03 3.402587797646550258e-03
2.559999942779541016e+00 3.569735198973150985e-03 3.324902894624102035e-03
2.569999933242797852e+00 3.489157939498247103e-03 3.246383982408656849e-03
2.579999923706054688e+00 3.407653908843893444e-03 3.167201992195991297e-03
2.589999914169311523e+00 3.325402192284631665e-03 3.087520450911893175e-03
2.599999904632568359e+00 3.242574308354271174e-03 3.007495547064493319e-03
2.609999895095825195e+00 3.159334265082593650e-03 2.927276207347433851e-03
2.619999885559082031e+00 3.075838627761800885e-03 2.847004183317152024e-03
2.629999876022338867e+00 2.992236597551979366e-03 2.766814147480565773e-03
2.639999866485595703e+00 2.908670100247028045e-03 2.686833798143356544e-03
2.649999856948852539e+00 2.825273884535362164e-03 2.607183972383599318e-03
2.659999847412109375e+00 2.742175629102714274e-03 2.527978766530112123e-03
2.669999837875366211e+00 2.659496057938965600e-03 2.449325663540855100e-03
2.679999828338623047e+00 2.577349063225142616e-03 2.371325666692329897e-03
2.690000057220458984e+00 2.495839900345929452e-03 2.294071606798425266e-03
2.700000047683715820e+00 2.415073082312660813e-03 2.217655636599716318e-03
2.710000038146972656e+00 2.335140858494730905e-03 2.142158325827040171e-03
2.720000028610229492e+00 2.256131153198720832e-03 2.067656202316298011e-03
2.730000019073486328e+00 2.178125766323590895e-03 1.994220057885273938e-03
2.740000009536743164e+00 2.101200529512444425e-03 1.921915108457049933e-03
2.750000000000000000e+00 2.025425465966931241e-03 1.850801156845085756e-03
2.759999990463256836e+00 1.950864953432549344e-03 1.780932757748653799e-03
2.769999980926513672e+00 1.877577889880674422e-03 1.712359384525241179e-03
2.779999971389770508e+00 1.805617861430932475e-03 1.645125597324248977e-03
2.789999961853027344e+00 1.735033312075260140e-03 1.579271212184198093e-03
2.799999952316284180e+00 1.665867714782718169e-03 1.514831470713246930e-03
2.809999942779541016e+00 1.598159743582038862e-03 1.451837209990582958e-03
2.819999933242797852e+00 1.531943446236426519e-03 1.390315032343470390e-03
2.829999923706054688e+00 1.467248417142956668e-03 1.330287474672409110e-03
2.839999914169311523e+00 1.404099970106271371e-03 1.271773177013566913e-03
2.849999904632568359e+00 1.342519310653751121e-03 1.214787050044875737e-03
2.859999895095825195e+00 1.282523707576583086e-03 1.159340441258715788e-03
2.869999885559082031e+00 1.224126663397984626e-03 1.105441299540465541e-03
2.879999876022338867e+00 1.167338083486862358e-03 1.053094337908478837e-03
2.889999866485595703e+00 1.112164443551532864e-03 1.002301194186698769e-03
2.899999856948852539e+00 1.058608955264505680e-03 9.530605893967561588e-04
2.909999847412109375e+00 1.006671729785297079e-03 9.053684836715430659e-04
2.919999837875366211e+00 9.563499389639066282e-04 8.592182295070281001e-04
2.929999828338623047e+00 9.076379740229421466e-04 8.146007221836405396e-04
2.939999818801879883e+00 8.605276015314391709e-04 7.715045472025547574e-04
2.950000047683715820e+00 8.150070500940944252e-04 7.299151509038918472e-04
2.960000038146972656e+00 7.710654634676283479e-04 6.898189116662472968e-04
2.970000028610229492e+00 7.286865362829520560e-04 6.511973288811079546e-04
2.980000019073486328e+00 6.878530362856198968e-04 6.140311588991043948e-04
2.990000009536743164e+00 6.485458402759238655e-04 5.782995362261834655e-04
3.000000000000000000e+00 6.107440707007201052e-04 5.439801005425491187e-04
3.009999990463256836e+00 5.744252286173166366e-04 5.110491200158165858e-04
3.019999980926513672e+00 5.395653229489132596e-04 4.794816108521684074e-04
3.029999971389770508e+00 5.061389959625562946e-04 4.492514530397191414e-04
3.039999961853027344e+00 4.741196449117071046e-04 4.203315022483329545e-04
3.049999952316284180e+00 4.434795397960180924e-04 3.926936978596914777e-04
3.059999942779541016e+00 4.141899372012544027e-04 3.663091671105806824e-04
3.069999933242797852e+00 3.862211901919928659e-04 3.411483253411317956e-04
3.079999923706054688e+00 3.595428542390734336e-04 3.171809723480070384e-04
3.089999914169311523e+00 3.341237891727908359e-04 2.943763848505159320e-04
3.099999904632568359e+00 3.099322571612021771e-04 2.727034050850829440e-04
3.109999895095825195e+00 2.869360167210927232e-04 2.521305255505936448e-04
3.119999885559082031e+00 2.651024127767898780e-04 2.326259699338723713e-04
3.129999876022338867e+00 2.443984627892341810e-04 2.141577702507895312e-04
3.139999866485595703e+00 2.247909389846227974e-04 1.966938402444391124e-04
3.149999856948852539e+00 2.062464467183550598e-04 1.802020450873717636e-04
3.159999847412109375e+00 1.887314990160564830e-04 1.646502674399500591e-04
3.169999837875366211e+00 1.722125873391646734e-04 1.500064699217662945e-04
3.179999828338623047e+00 1.566562486278009906e-04 1.362387540574363707e-04
3.189999818801879883e+00 1.420291286786136680e-04 1.233154157621713890e-04
3.199999809265136719e+00 1.282980419197736119e-04 1.112049974362604588e-04
3.210000038146972656e+00 1.154297308804072981e-04 9.987607571826841049e-05
3.220000028610229492e+00 1.033921254504961983e-04 8.929836864832859050e-05
3.230000019073486328e+00 9.215255264607074637e-05 7.944115856150446239e-05
3.240000009536743164e+00 8.167902952682164978e-05 7.027442953354913523e-05
3.250000000000000000e+00 7.193998906928044659e-05 6.176862437248892778e-05
3.259999990463256836e+00 6.290431984230217212e-05 5.389467798690096480e-05
3.269999980926513672e+00 5.454140261383758531e-05 4.662404792489992179e-05
3.279999971389770508e+00 4.682114397558558147e-05 3.992874217171398611e-05
3.289999961853027344e+00 3.971400707379783910e-05 3.378134429478368969e-05
3.299999952316284180e+00 3.319103953587366058e-05 2.815503602616735405e-05
3.309999942779541016e+00 2.722389868364655626e-05 2.302361737271457903e-05
3.319999933242797852e+00 2.178487412503860485e-05 1.836152434476014228e-05
3.329999923706054688e+00 1.684690781656684799e-05 1.414384439438713461e-05
3.339999914169311523e+00 1.238361168953409901e-05 1.034632965423417808e-05
3.349999904632568359e+00 8.369282933016886756e-06 6.945408067606262312e-06
3.359999895095825195e+00 4.778917026795317171e-06 3.918192500342410876e-06
3.369999885559082031e+00 1.588218617163284000e-06 1.242487924237194839e-06
3.379999876022338867e+00 -1.226389671777948447e-06 -1.103203238821857406e-06
3.389999866485595703e+00 -3.687760399250108607e-06 -3.139677523718206517e-06
3.399999856948852539e+00 -5.818016350011719808e-06 -4.887028492748425166e-06
3.409999847412109375e+00 -7.638547367082139527e-06 -6.364646383830948031e-06
3.419999837875366211e+00 -9.170008885500988033e-06 -7.591219251470292075e-06
3.429999828338623047e+00 -1.043232207870098741e-05 -8.584735516927505976e-06
3.439999818801879883e+00 -1.144467553036312286e-05 -9.362487845550500682e-06
3.449999809265136719e+00 -1.222552834603039091e-05 -9.941078270827231588e-06
3.460000038146972656e+00 -1.279262572887179879e-05 -1.033643185005005114e-05
3.470000028610229492e+00 -1.316295579102480223e-05 -1.056377076279981341e-05
3.480000019073486328e+00 -1.335283699903453982e-05 -1.063767871876767264e-05
3.490000009536743164e+00 -1.337786752484659397e-05 -1.057206866083487061e-05
3.500000000000000000e+00 -1.325295032495301774e-05 -1.038020452429945246e-05
3.509999990463256836e+00 -1.299230317963083021e-05 -1.007471224887047865e-05
3.519999980926513672e+00 -1.260946961839813158e-05 -9.667591524259159627e-06
3.529999971389770508e+00 -1.211733066023794580e-05 -9.170228203927719419e-06
3.539999961853027344e+00 -1.152811729910206574e-05 -8.593407323589747699e-06
3.549999952316284180e+00 -1.085342366746760169e-05 -7.947326663269737608e-06
3.559999942779541016e+00 -1.010422081272424564e-05 -7.241610793762689559e-06
3.569999933242797852e+00 -9.290871023415114626e-06 -6.485325550511239563e-06
3.579999923706054688e+00 -8.423142644558246362e-06 -5.686992880111583399e-06
3.589999914169311523e+00 -7.510225323368919442e-06 -4.854606006696203533e-06
3.599999904632568359e+00 -6.560745629076280354e-06 -3.995644867747596927e-06
3.609999895095825195e+00 -5.582782992608900084e-06 -3.117091770910077381e-06
3.619999885559082031e+00 -4.583885914218499562e-06 -2.225447225576519428e-06
3.629999876022338867e+00 -3.571088389309918043e-06 -1.326745905156151490e-06
3.639999866485595703e+00 -2.550926504904936553e-06 -4.265726979665380500e-07
3.649999856948852539e+00 -1.529455161437678872e-06 4.699211931265996635e-07
3.659999847412109375e+00 -5.122648766702993260e-07 1.358002140207519781e-06
3.669999837875366211e+00 4.955013692879482677e-07 2.233338004769588379e-06
3.679999828338623047e+00 1.489131286748960138e-06 3.091982110938770753e-06
3.689999818801879883e+00 2.464326463835842609e-06 3.930357309343235250e-06
3.699999809265136719e+00 3.417185623209772917e-06 4.745240161506026166e-06
3.709999799728393555e+00 4.344187980853781969e-06 5.533745272791826687e-06
3.720000028610229492e+00 5.242197778514487557e-06 6.293327545985935155e-06
3.730000019073486328e+00 6.108362983788301284e-06 7.021695135973570217e-06
3.740000009536743164e+00 6.940227690182127675e-06 7.716903115063354827e-06
3.750000000000000000e+00 7.735629757717177234e-06 8.377265448407918629e-06
3.759999990463256836e+00 8.492706871758215676e-06 9.001358890318838097e-06
3.769999980926513672e+00 9.209881092283556274e-06 9.588008695683649003e-06
3.779999971389770508e+00 9.885843680706566424e-06 1.013627462641387545e-05
3.789999961853027344e+00 1.051954022219353458e-05 1.064543726732307229e-05
3.799999952316284180e+00 1.111015605981892406e-05 1.111498466436023692e-05
3.809999942779541016e+00 1.165710205532051229e-05 1.154459929666894126e-05
3.819999933242797852e+00 1.216000068966691298e-05 1.193414539257581821e-05
3.829999923706054688e+00 1.261867251520487813e-05 1.228365659830535466e-05
3.839999914169311523e+00 1.303312296970552973e-05 1.259332400689039196e-05
3.849999904632568359e+00 1.340352956129600377e-05 1.286348455360004570e-05
3.859999895095825195e+00 1.373022943189680459e-05 1.309460978296139094e-05
3.869999885559082031e+00 1.401370730558917568e-05 1.328729499140191117e-05
3.879999876022338867e+00 1.425458382707305888e-05 1.344224874843255351e-05
3.889999866485595703e+00 1.445360429426014637e-05 1.356028279830876645e-05
3.899999856948852539e+00 1.461162778793411143e-05 1.364230234311541030e-05
3.909999847412109375e+00 1.472961670035579829e-05 1.368929670735555603e-05
3.919999837875366211e+00 1.480862666371611874e-05 1.370233038322548596e-05
3.929999828338623047e+00 1.484979687837646676e-05 1.368253445496984226e-05
3.939999818801879883e+00 1.485434083995829140e-05 1.363109839994639800e-05
3.949999809265136719e+00 1.482353746349542839e-05 1.354926226331351911e-05
3.959999799728393555e+00 1.475872260207643315e-05 1.343830920259296189e-05
3.970000028610229492e+00 1.466127825576576874e-05 1.329955476892834550e-05
3.980000019073486328e+00 1.453263494549895536e-05 1.313435407854916158e-05
3.990000009536743164e+00 1.437425040220044445e-05 1.294407554157402362e-05
4.000000000000000000e+00 1.418761117743805210e-05 1.273010744344787322e-05
4.009999752044677734e+00 1.397422952598849023e-05 1.249385516773120843e-05
4.019999980926513672e+00 1.373561022730808301e-05 1.223670641238253453e-05
4.029999732971191406e+00 1.347330520457331601e-05 1.196009186167657950e-05
4.039999961853027344e+00 1.318882146213466296e-05 1.166538753410954003e-05
4.049999713897705078e+00 1.288371565444331441e-05 1.135401560922238027e-05
4.059999942779541016e+00 1.255948108788976691e-05 1.102732824053674892e-05
4.069999694824218750e+00 1.221765928186937591e-05 1.068672224786638979e-05
4.079999923706054688e+00 1.185971244856459021e-05 1.033351130845421568e-05
4.089999675750732422e+00 1.148714969460878518e-05 9.969052376851500217e-06
4.099999904632568359e+00 1.110138724324997098e-05 9.594608298761967796e-06
4.110000133514404297e+00 1.070386775177030673e-05 9.211465416185224650e-06
4.119999885559082031e+00 1.029600654908994740e-05 8.820880867551851977e-06
4.130000114440917969e+00 9.879128047297760652e-06 8.424022656967267755e-06
4.139999866485595703e+00 9.454600483063768269e-06 8.022098805527665561e-06
4.150000095367431641e+00 9.023674988953289000e-06 7.616204497038979325e-06
4.159999847412109375e+00 8.587645296668785600e-06 7.207473638217468410e-06
4.170000076293945312e+00 8.147681910396340862e-06 6.796922962560566573e-06
4.179999828338623047e+00 7.704996673384197233e-06 6.385606607915285423e-06
4.190000057220458984e+00 7.260673913718853488e-06 5.974458811343875808e-06
4.199999809265136719e+00 6.815837987981524708e-06 5.564449858187884456e-06
4.210000038146972656e+00 6.371483144442687110e-06 5.156428879395421794e-06
4.219999790191650391e+00 5.928642287985714322e-06 4.751279651909042241e-06
4.230000019073486328e+00 5.488217172693935406e-06 4.349764883137768254e-06
4.239999771118164062e+00 5.051146769633317584e-06 3.952680473039704746e-06
4.250000000000000000e+00 4.618239262597508486e-06 3.560702540291203532e-06
4.259999752044677734e+00 4.190338542321892616e-06 3.174538889771707779e-06
4.269999980926513672e+00 3.768159337917653437e-06 2.794779903421341248e-06
4.279999732971191406e+00 3.352450505545427820e-06 2.422046091107604810e-06
4.289999961853027344e+00 2.943834485754542171e-06 2.056843837833814187e-06
4.299999713897705078e+00 2.542966199628483136e-06 1.699708049554542394e-06
4.309999942779541016e+00 2.150377880619364893e-06 1.351063618785094323e-06
4.319999694824218750e+00 1.766632535027764385e-06 1.011362308397895665e-06
4.329999923706054688e+00 1.392175057440366109e-06 6.809506710503046697e-07
4.339999675750732422e+00 1.027479353643392537e-06 3.602004420980179889e-07
4.349999904632568359e+00 6.729065128486979575e-07 4.938352574648324582e-08
4.360000133514404297e+00 3.288286772395298851e-07 -2.512187943349117071e-07
4.369999885559082031e+00 -4.424331216819789797e-09 -5.413628757496441942e-07
4.380000114440917969e+00 -3.266093307917162853e-07 -8.208809372841492063e-07
4.389999866485595703e+00 -6.374587101128929459e-07 -1.089584343900807017e-06
4.400000095367431641e+00 -9.368020788821048675e-07 -1.347369028892107907e-06
4.409999847412109375e+00 -1.224446494297401285e-06 -1.594111823730427130e-06
4.420000076293945312e+00 -1.500289344189177978e-06 -1.829767554126386078e-06
4.429999828338623047e+00 -1.764207350449762387e-06 -2.054273693562372425e-06
4.440000057220458984e+00 -2.016160453401268595e-06 -2.267638999786626174e-06
4.449999809265136719e+00 -2.256089812590103906e-06 -2.469856615994040722e-06
4.460000038146972656e+00 -2.484012562105103550e-06 -2.660984201765773041e-06
4.469999790191650391e+00 -2.699928928378860989e-06 -2.841065518604835162e-06
4.480000019073486328e+00 -2.903907819072036278e-06 -3.010202089205032216e-06
4.489999771118164062e+00 -3.096003084935398653e-06 -3.168483224481215037e-06
4.500000000000000000e+00 -3.276329989671751890e-06 -3.316049317360779875e-06
4.509999752044677734e+00 -3.444990558604669185e-06 -3.453030196607368436e-06
4.519999980926513672e+00 -3.602141053506588749e-06 -3.579600226034560821e-06
4.529999732971191406e+00 -3.747926274835243050e-06 -3.695924806290679725e-06
4.539999961853027344e+00 -3.882538233905267924e-06 -3.802207507577508771e-06
4.549999713897705078e+00 -4.006159207790665244e-06 -3.898644484085325270e-06
4.559999942779541016e+00 -4.119011861494345802e-06 -3.985463918071393846e-06
4.569999694824218750e+00 -4.221310795102727326e-06 -4.062888062607906008e-06
4.579999923706054688e+00 -4.313304420997276478e-06 -4.131165317509121660e-06
4.589999675750732422e+00 -4.395234691293173800e-06 -4.190539574219421058e-06
4.599999904632568359e+00 -4.467371079877835733e-06 -4.241275279843199440e-06
4.610000133514404297e+00 -4.529980896975255085e-06 -4.283635547530181045e-06
4.619999885559082031e+00 -4.583341949687490309e-06 -4.317891471658875447e-06
4.630000114440917969e+00 -4.627747061362944410e-06 -4.344324288422516204e-06
4.639999866485595703e+00 -4.663486286081312541e-06 -4.363213959034270450e-06
4.650000095367431641e+00 -4.690862911314360274e-06 -4.374848438991321384e-06
4.659999847412109375e+00 -4.710178791544422019e-06 -4.379515565837127515e-06
4.670000076293945312e+00 -4.721743929464818269e-06 -4.377506753399228070e-06
4.679999828338623047e+00 -4.725868146015755875e-06 -4.369114373296220722e-06
4.690000057220458984e+00 -4.722864705553654934e-06 -4.354630315231245661e-06
4.699999809265136719e+00 -4.713047854740380247e-06 -4.334348420002519966e-06
4.710000038146972656e+00 -4.696730966077034424e-06 -4.308558351110716454e-06
4.719999790191650391e+00 -4.674229469922147121e-06 -4.277552633585209075e-06
4.730000019073486328e+00 -4.645853994651467059e-06 -4.241616281944214998e-06
4.739999771118164062e+00 -4.611918212962665061e-06 -4.201038000010790228e-06
4.750000000000000000e+00 -4.572727456128245799e-06 -4.156096006068506354e-06
4.759999752044677734e+00 -4.528590997255894151e-06 -4.107072953667246460e-06
4.769999980926513672e+00 -4.479806612085777044e-06 -4.054238387015639290e-06
4.779999732971191406e+00 -4.426676827552477467e-06 -3.997866951119762361e-06
4.789999961853027344e+00 -4.369489892791509532e-06 -3.938217899500885805e-06
4.799999713897705078e+00 -4.308539530750119198e-06 -3.875556173465608026e-06
4.809999942779541016e+00 -4.244102770933831208e-06 -3.810129370494571291e-06
4.819999694824218750e+00 -4.176462754491014777e-06 -3.742191286608715443e-06
4.829999923706054688e+00 -4.105883865221504371e-06 -3.671976737689922263e-06
4.839999675750732422e+00 -4.032637154041366585e-06 -3.599727175350298552e-06
4.849999904632568359e+00 -3.956973187302387178e-06 -3.525663735380536992e-06
4.859999656677246094e+00 -3.879149674455512547e-06 -3.450014555921680658e-06
4.869999885559082031e+00 -3.799402433164922218e-06 -3.372986407527990860e-06
4.880000114440917969e+00 -3.717970904545939982e-06 -3.294789609115678538e-06
4.889999866485595703e+00 -3.635087210145347166e-06 -3.215627339599495123e-06
4.900000095367431641e+00 -3.550963787851767015e-06 -3.135683967784982565e-06
4.909999847412109375e+00 -3.465821082780789838e-06 -3.055151494522582486e-06
4.920000076293945312e+00 -3.379855409467684537e-06 -2.974199047653971984e-06
4.929999828338623047e+00 -3.293271314788855975e-06 -2.893003533662914331e-06
4.940000057220458984e+00 -3.206248779851956669e-06 -2.811718784038946645e-06
4.949999809265136719e+00 -3.118976180374955764e-06 -2.730506501056902108e-06
4.960000038146972656e+00 -3.031617123757968575e-06 -2.649505309869506733e-06
4.969999790191650391e+00 -2.944343715653270550e-06 -2.568861748036831352e-06
4.980000019073486328e+00 -2.857303302935777922e-06 -2.488699454503982826e-06
4.989999771118164062e+00 -2.770651780071788156e-06 -2.409149975730120866e-06
5.000000000000000000e+00 -2.684520483907303747e-06 -2.330322299717728762e-06
5.009999752044677734e+00 -2.599049298271094077e-06 -2.252333274601465619e-06
5.019999980926513672e+00 -2.514353921946962554e-06 -2.175277673293668397e-06
5.029999732971191406e+00 -2.430558554514840042e-06 -2.099258042993362558e-06
5.039999961853027344e+00 -2.347763734720274195e-06 -2.024355463951168828e-06
5.049999713897705078e+00 -2.266078414683700898e-06 -1.950658670394339595e-06
5.059999942779541016e+00 -2.185588542329503046e-06 -1.878235645537845057e-06
5.069999694824218750e+00 -2.106388354582738936e-06 -1.807161875742068111e-06
5.079999923706054688e+00 -2.028549854717282683e-06 -1.737492903325358350e-06
5.089999675750732422e+00 -1.952153177875262442e-06 -1.669291596260315519e-06
5.099999904632568359e+00 -1.877257092274933556e-06 -1.602601760693176343e-06
5.109999656677246094e+00 -1.803928312190649327e-06 -1.537474328017460888e-06
5.119999885559082031e+00 -1.732213131032822315e-06 -1.473942110361860793e-06
5.130000114440917969e+00 -1.662162277860130621e-06 -1.412041913207256562e-06
5.139999866485595703e+00 -1.593820269774682606e-06 -1.351805060447807320e-06
5.150000095367431641e+00 -1.527216194887433717e-06 -1.293249321209933558e-06
5.159999847412109375e+00 -1.462386522774838414e-06 -1.236399011874131906e-06
5.170000076293945312e+00 -1.399349912540323050e-06 -1.181262860723948872e-06
5.179999828338623047e+00 -1.338132148434240217e-06 -1.127855889985395573e-06
5.190000057220458984e+00 -1.278742309403644008e-06 -1.076178583960010930e-06
5.199999809265136719e+00 -1.221196330854564213e-06 -1.026237459480649114e-06
5.210000038146972656e+00 -1.165494563916718108e-06 -9.780255508068062221e-07
5.219999790191650391e+00 -1.111643938201904926e-06 -9.315416579491403513e-07
5.230000019073486328e+00 -1.059636924715380618e-06 -8.867721493011229713e-07
5.239999771118164062e+00 -1.009472288539514553e-06 -8.437088893477284346e-07
5.250000000000000000e+00 -9.611354563234326189e-07 -8.023323489166270330e-07
5.259999752044677734e+00 -9.146178605781892290e-07 -7.626282246306550027e-07
5.269999980926513672e+00 -8.698987009710645872e-07 -7.245718367583092358e-07
5.279999732971191406e+00 -8.269628934145619065e-07 -6.881434624489439046e-07
5.289999961853027344e+00 -7.857842039111099696e-07 -6.533139923924209348e-07
5.299999713897705078e+00 -7.463418258524786818e-07 -6.200590083973344302e-07
5.309999942779541016e+00 -7.086048559479419028e-07 -5.883456624560422057e-07
5.319999694824218750e+00 -6.725475321493928598e-07 -5.581455366228246081e-07
5.329999923706054688e+00 -6.381350131366331217e-07 -5.294227015203305819e-07
5.339999675750732422e+00 -6.053373171255672358e-07 -5.021454028254404661e-07
5.349999904632568359e+00 -5.741163594878721138e-07 -4.762752507448391651e-07
5.359999656677246094e+00 -5.444386393711694236e-07 -4.517777827102359489e-07
5.369999885559082031e+00 -5.162634842364202669e-07 -4.286127308396825819e-07
5.380000114440917969e+00 -4.895532974987645861e-07 -4.067425021989298415e-07
5.389999866485595703e+00 -4.642691506020641909e-07 -3.861285306000017094e-07
5.400000095367431641e+00 -4.403676268535491547e-07 -3.667287343920320099e-07
5.409999847412109375e+00 -4.178092380680737044e-07 -3.485043768448431777e-07
5.420000076293945312e+00 -3.965494334893395580e-07 -3.314127753472240925e-07
5.429999828338623047e+00 -3.765473449907732412e-07 -3.154143759687768124e-07
5.440000057220458984e+00 -3.577577924311089921e-07 -3.004663324999041004e-07
5.449999809265136719e+00 -3.401390428028648835e-07 -2.865287214260573919e-07
5.460000038146972656e+00 -3.236457466767366458e-07 -2.735589281355405693e-07
5.469999790191650391e+00 -3.082357771816830017e-07 -2.615170653133232801e-07
5.480000019073486328e+00 -2.938640313145438554e-07 -2.503611034680445762e-07
5.489999771118164062e+00 -2.804884153523362849e-07 -2.400515558011032854e-07
5.500000000000000000e+00 -2.680644446396449306e-07 -2.305472906464366984e-07
5.509999752044677734e+00 -2.565504420809371940e-07 -2.218095453488781698e-07
5.519999980926513672e+00 -2.459028704355981082e-07 -2.137983591385016378e-07
5.529999732971191406e+00 -2.360808100017538153e-07 -2.064759775356875361e-07
5.539999961853027344e+00 -2.270419584346677771e-07 -1.998038455872062000e-07
5.549999713897705078e+00 -2.187464526267678698e-07 -1.937454628188340298e-07
5.559999942779541016e+00 -2.111534725386642002e-07 -1.882638785655787270e-07
5.569999694824218750e+00 -2.042244707228748848e-07 -1.833240556234725987e-07
5.579999923706054688e+00 -1.979203185354068031e-07 -1.788908115381941860e-07
5.589999675750732422e+00 -1.922040047726568963e-07 -1.749307468941021959e-07
5.599999904632568359e+00 -1.870382648887454968e-07 -1.714105788591599477e-07
5.609999656677246094e+00 -1.823878078823136097e-07 -1.682986875483340509e-07
5.619999885559082031e+00 -1.782173716947052778e-07 -1.655637907844311165e-07
5.629999637603759766e+00 -1.744935348611958718e-07 -1.631761592470579900e-07
5.639999866485595703e+00 -1.711831440735215578e-07 -1.611065842598517230e-07
5.650000095367431641e+00 -1.682546332065600078e-07 -1.593272311619954205e-07
5.659999847412109375e+00 -1.656774271757362506e-07 -1.578112467215316506e-07
5.670000076293945312e+00 -1.634216703518781988e-07 -1.565326129062144361e-07
5.679999828338623047e+00 -1.614590606118926531e-07 -1.554666303575374307e-07
5.690000057220458984e+00 -1.597619910838447394e-07 -1.545894278253260563e-07
5.699999809265136719e+00 -1.583043104754146311e-07 -1.538783742160593411e-07
5.710000038146972656e+00 -1.570606724786562876e-07 -1.533117365557231878e-07
5.719999790191650391e+00 -1.560070973237576015e-07 -1.528689513596237972e-07
5.730000019073486328e+00 -1.551204892723832724e-07 -1.525303969814263020e-07
5.739999771118164062e+00 -1.543790384189826117e-07 -1.522775578718253004e-07
5.750000000000000000e+00 -1.537618700500396118e-07 -1.520928803372557754e-07
5.759999752044677734e+00 -1.532493223534850880e-07 -1.519598600769117965e-07
5.769999980926513672e+00 -1.528226947606259977e-07 -1.518629535076733556e-07
5.779999732971191406e+00 -1.524644338551786153e-07 -1.517876158128652681e-07
5.789999961853027344e+00 -1.521579511318034743e-07 -1.517202430784908567e-07
5.799999713897705078e+00 -1.518877460926613496e-07 -1.516481850183958534e-07
5.809999942779541016e+00 -1.516392670658043365e-07 -1.515596961367771574e-07
5.819999694824218750e+00 -1.513989972742593756e-07 -1.514439443406608205e-07
5.829999923706054688e+00 -1.511543354828732891e-07 -1.512909522169753369e-07
5.839999675750732422e+00 -1.508936677042600755e-07 -1.510916198867186990e-07
5.849999904632568359e+00 -1.506062474507477240e-07 -1.508376402363962099e-07
5.859999656677246094e+00 -1.502822727601289842e-07 -1.505215516578631091e-07
5.869999885559082031e+00 -1.499127487006791398e-07 -1.501366136791813667e-07
5.879999637603759766e+00 -1.494895865372408684e-07 -1.496769026516495905e-07
5.889999866485595703e+00 -1.490054338807689317e-07 -1.491371367041897190e-07
5.900000095367431641e+00 -1.484537820964813048e-07 -1.485127931559992934e-07
5.909999847412109375e+00 -1.478288920997663448e-07 -1.478000332739603136e-07
5.920000076293945312e+00 -1.471256620423159742e-07 -1.469955543862892680e-07
5.929999828338623047e+00 -1.463398164738651110e-07 -1.460968107562075765e-07
5.940000057220458984e+00 -1.454676081495313817e-07 -1.451016780881399666e-07
5.949999809265136719e+00 -1.445060895384206113e-07 -1.440087688081856156e-07
5.960000038146972656e+00 -1.434527502991666906e-07 -1.428170241800787632e-07
5.969999790191650391e+00 -1.423058555035402098e-07 -1.415261036297451430e-07
5.980000019073486328e+00 -1.410640144111380098e-07 -1.401359024445606566e-07
5.989999771118164062e+00 -1.397265894216485103e-07 -1.386470168993266595e-07
6.000000000000000000e+00 -1.382931935660167885e-07 -1.370601870469402377e-07
6.009999752044677734e+00 -1.367641724341798854e-07 -1.353768378872167721e-07
6.019999980926513672e+00 -1.351400294302293723e-07 -1.335984481401925423e-07
6.029999732971191406e+00 -1.334219813199685743e-07 -1.317271663394917769e-07
6.039999961853027344e+00 -1.316113117500018982e-07 -1.297651076929470020e-07
6.049999713897705078e+00 -1.297099996456426695e-07 -1.277150427981168699e-07
6.059999942779541016e+00 -1.277200027561277456e-07 -1.255796257320870358e-07
6.069999694824218750e+00 -1.256439568932941108e-07 -1.233621520603019814e-07
6.079999923706054688e+00 -1.234843923762949841e-07 -1.210657221935427976e-07
6.089999675750732422e+00 -1.212445010178304285e-07 -1.186940644844267034e-07
6.099999904632568359e+00 -1.189272892816180662e-07 -1.162506386242913370e-07
6.109999656677246094e+00 -1.165364090029646617e-07 -1.137395188923538652e-07
6.119999885559082031e+00 -1.140752518815226909e-07 -1.111644429867568063e-07
6.129999637603759766e+00 -1.115478391263880879e-07 -1.085297498711916330e-07
6.139999866485595703e+00 -1.089578625716106596e-07 -1.058393799258870004e-07
6.150000095367431641e+00 -1.063095002041689174e-07 -1.030977294925042474e-07
6.159999847412109375e+00 -1.036070477312239236e-07 -1.003092679928644699e-07
6.170000076293945312e+00 -1.008545008298326180e-07 -9.747811180277949924e-08
6.179999828338623047e+00 -9.805644522445563221e-08 -9.460894454290969072e-08
6.190000057220458984e+00 -9.521699056265729376e-08 -9.170592334440088256e-08
6.199999809265136719e+00 -9.234082051007909998e-08 -8.877375837829196214e-08
6.210000038146972656e+00 -8.943209503594555394e-08 -8.581659317259413264e-08
6.219999790191650391e+00 -8.649553182404998057e-08 -8.283910961284029159e-08
6.230000019073486328e+00 -8.353528365914411953e-08 -7.984538901120867404e-08
6.239999771118164062e+00 -8.055604439621461415e-08 -7.684003580929428078e-08
6.250000000000000000e+00 -7.756190817928684538e-08 -7.382702605070321185e-08
6.259999752044677734e+00 -7.455749318347832018e-08 -7.081084308330527760e-08
6.269999980926513672e+00 -7.154678935242636249e-08 -6.779531996554513693e-08
6.279999732971191406e+00 -6.853429320431946199e-08 -6.478478062033117332e-08
6.289999961853027344e+00 -6.552385063941782333e-08 -6.178288251013647175e-08
6.299999713897705078e+00 -6.251979624760313042e-08 -5.879375690665932060e-08
6.309999942779541016e+00 -5.952579754731949536e-08 -5.582085793101659959e-08
6.319999694824218750e+00 -5.654599244476728587e-08 -5.286809587196613746e-08
6.329999923706054688e+00 -5.358384100606839304e-08 -4.993869838610971632e-08
6.339999675750732422e+00 -5.064325499237994352e-08 -4.703633111875974470e-08
6.349999904632568359e+00 -4.772746296877469272e-08 -4.416397652910002707e-08
6.359999656677246094e+00 -4.484012614137282006e-08 -4.132503640498633687e-08
6.369999885559082031e+00 -4.198422227581913867e-08 -3.852223342566577070e-08
6.379999637603759766e+00 -3.916314242038883454e-08 -3.575869054366808055e-08
6.389999866485595703e+00 -3.637959871660297237e-08 -3.303685999169163415e-08
6.399999618530273438e+00 -3.363669698327385023e-08 -3.035957491454902207e-08
6.409999847412109375e+00 -3.093687310711680252e-08 -2.772901012044955704e-08
6.420000076293945312e+00 -2.828281144191541743e-08 -2.514757987394494694e-08
6.429999828338623047e+00 -2.567704115300737521e-08 -2.261754367706779683e-08
6.440000057220458984e+00 -2.312157225267116504e-08 -2.014065458896175175e-08
6.449999809265136719e+00 -2.061875878702372664e-08 -1.771899748006854274e-08
6.460000038146972656e+00 -1.817032434268633694e-08 -1.535404509526440012e-08
6.469999790191650391e+00 -1.577831662716728715e-08 -1.304758233221091396e-08
6.480000019073486328e+00 -1.344417451470177436e-08 -1.080080563911868752e-08
6.489999771118164062e+00 -1.116964116377787996e-08 -8.615204082193420525e-09
6.500000000000000000e+00 -8.955875298853832947e-09 -6.491704393471942290e-09
6.509999752044677734e+00 -6.804320240737632278e-09 -4.431506591919611207e-09
6.519999980926513672e+00 -4.715861667938912499e-09 -2.435276555949346451e-09
6.529999732971191406e+00 -2.691650383518830816e-09 -5.039343913553890447e-10
6.539999961853027344e+00 -7.323083622123492059e-10 1.362104019180495624e-09
6.549999713897705078e+00 1.161296491141453193e-09 3.162187297459482856e-09
6.559999942779541016e+00 2.988794628919812262e-09 4.896137001180377103e-09
6.569999694824218750e+00 4.749589434702306383e-09 6.563557550572998424e-09
6.579999923706054688e+00 6.443550876699327606e-09 8.164493990963425521e-09
6.589999675750732422e+00 8.070340329302464326e-09 9.698792176823633021e-09
6.599999904632568359e+00 9.630053020421945724e-09 1.116670558796175480e-08
6.609999656677246094e+00 1.112259362948622363e-08 1.256830602161994560e-08
6.619999885559082031e+00 1.254826732266532957e-08 1.390403952652775436e-08
6.629999637603759766e+00 1.390720629440806514e-08 1.517418751806373791e-08
6.639999866485595703e+00 1.519990953204871551e-08 1.637937221482499910e-08
6.649999618530273438e+00 1.642672012135168946e-08 1.752006777006085864e-08
6.659999847412109375e+00 1.758831420708837136e-08 1.859705589248002229e-08
6.670000076293945312e+00 1.868527934203568381e-08 1.961103315592530899e-08
6.679999828338623047e+00 1.971829952079282198e-08 2.056278345205111165e-08
6.690000057220458984e+00 2.068828475348525302e-08 2.145329640235480663e-08
6.699999809265136719e+00 2.159602940464012562e-08 2.228345275795464818e-08
6.710000038146972656e+00 2.244257806249796768e-08 2.305436014999259243e-08
6.719999790191650391e+00 2.322887472742116024e-08 2.376703206708053664e-08
6.730000019073486328e+00 2.395608167475356839e-08 2.442267811184309358e-08
6.739999771118164062e+00 2.462527501030063743e-08 2.502242788740719400e-08
6.750000000000000000e+00 2.523771812421782526e-08 2.556757744323522052e-08
6.759999752044677734e+00 2.579460199359760805e-08 2.605935635784696506e-08
6.769999980926513672e+00 2.629727500002830494e-08 2.649913220771101113e-08
6.779999732971191406e+00 2.674702618211447213e-08 2.688821897753023352e-08
6.789999961853027344e+00 2.714527334218627276e-08 2.722804151536973611e-08
6.799999713897705078e+00 2.749338730467500922e-08 2.751998327541331086e-08
6.809999942779541016e+00 2.779284036149692446e-08 2.776551282616704356e-08
6.819999694824218750e+00 2.804506946255378975e-08 2.796606881930333411e-08
6.829999923706054688e+00 2.825158716546726867e-08 2.812315071661354855e-08
6.839999675750732422e+00 2.841388157482592356e-08 2.823823878710784206e-08
6.849999904632568359e+00 2.853349204199151225e-08 2.831285128233627012e-08
6.859999656677246094e+00 2.861194359848443333e-08 2.834849720915429515e-08
6.869999885559082031e+00 2.865078971071689285e-08 2.834670223043620992e-08
6.879999637603759766e+00 2.865157889203826137e-08 2.830899191428582076e-08
6.889999866485595703e+00 2.861586686007575571e-08 2.823688867011128366e-08
6.899999618530273438e+00 2.854521298438731690e-08 2.813192316115615634e-08
6.909999847412109375e+00 2.844116420792964693e-08 2.799560459147600739e-08
6.920000076293945312e+00 2.830527174995809249e-08 2.782944934704715122e-08
6.929999828338623047e+00 2.813908524771951889e-08 2.763497001777047925e-08
6.940000057220458984e+00 2.794411966878627876e-08 2.741363889437355606e-08
6.949999809265136719e+00 2.772191182458139246e-08 2.716695388060131550e-08
6.960000038146972656e+00 2.747394407649247205e-08 2.689635229995869348e-08
6.969999790191650391e+00 2.720172661987919477e-08 2.660330267740521971e-08
6.980000019073486328e+00 2.690670118461034577e-08 2.628919993201941429e-08
6.989999771118164062e+00 2.659034262610198059e-08 2.595547504712539504e-08
7.000000000000000000e+00 2.625404488826647027e-08 2.560347385518527832e-08
7.009999752044677734e+00 2.589923965986488349e-08 2.523458242741022758e-08
7.019999980926513672e+00 2.552726680706338448e-08 2.485009159455241704e-08
7.029999732971191406e+00 2.513950793112623314e-08 2.445133596943944792e-08
7.039999961853027344e+00 2.473724339442154019e-08 2.403954626153550743e-08
7.049999713897705078e+00 2.432179868432253985e-08 2.361599991579455998e-08
7.059999942779541016e+00 2.389439009108063622e-08 2.318186321209921197e-08
7.069999694824218750e+00 2.345628186060193726e-08 2.273835158357457641e-08
7.079999923706054688e+00 2.300862248249267754e-08 2.228656338943302189e-08
7.089999675750732422e+00 2.255261071481514904e-08 2.182764807541288079e-08
7.099999904632568359e+00 2.208932434337802890e-08 2.136263341046525722e-08
7.109999656677246094e+00 2.161989325468665406e-08 2.089259974451415258e-08
7.119999885559082031e+00 2.114532242138301451e-08 2.041850239078246101e-08
7.129999637603759766e+00 2.066667031084030267e-08 1.994135034639214724e-08
7.139999866485595703e+00 2.018486773776808170e-08 1.946202538701346025e-08
7.149999618530273438e+00 1.970089999601858126e-08 1.898146371327004194e-08
7.159999847412109375e+00 1.921562311836957584e-08 1.850047322257421107e-08
7.170000076293945312e+00 1.872992506970878551e-08 1.801989375685664264e-08
7.179999828338623047e+00 1.824465661330533777e-08 1.754052835843236427e-08
7.190000057220458984e+00 1.776056188572233687e-08 1.706307495003834336e-08
7.199999809265136719e+00 1.727844038593722718e-08 1.658828634769050892e-08
7.210000038146972656e+00 1.679896271099111617e-08 1.611678859993295877e-08
7.219999790191650391e+00 1.632285461376844441e-08 1.564926233727406463e-08
7.230000019073486328e+00 1.585071461384868012e-08 1.518626349219831114e-08
7.239999771118164062e+00 1.538319589419868863e-08 1.472840200372305592e-08
7.250000000000000000e+00 1.492082680753147231e-08 1.427616586790732770e-08
7.259999752044677734e+00 1.446418961754408611e-08 1.383009626521824938e-08
7.269999980926513672e+00 1.401374480682184652e-08 1.339061577911853405e-08
7.279999732971191406e+00 1.357000577037657143e-08 1.295819911389639100e-08
7.289999961853027344e+00 1.313336773535770355e-08 1.253320622783300304e-08
7.299999713897705078e+00 1.270427761825258720e-08 1.211604790976187719e-08
7.309999942779541016e+00 1.228306825819987214e-08 1.170702446893226392e-08
7.319999694824218750e+00 1.187012275562847438e-08 1.130648554234148268e-08
7.329999923706054688e+00 1.146571462692132418e-08 1.091467489510598034e-08
7.339999675750732422e+00 1.107016603573814398e-08 1.053188392136712640e-08
7.349999904632568359e+00 1.068369438148111033e-08 1.015830301846750499e-08
7.359999656677246094e+00 1.030656393880407075e-08 9.794168345003491396e-09
7.369999885559082031e+00 9.938939296322121103e-09 9.439620142543128250e-09
7.379999637603759766e+00 9.581030005315417484e-09 9.094842397118363243e-09
7.389999866485595703e+00 9.232951213480176996e-09 8.759928414597109724e-09
7.399999618530273438e+00 8.894861002968991038e-09 8.435013108323809283e-09
7.409999847412109375e+00 8.566828479888439939e-09 8.120146055512090384e-09
7.419999599456787109e+00 8.248963568841163388e-09 7.815416217084314898e-09
7.429999828338623047e+00 7.941292744188860602e-09 7.520832631641156840e-09
7.440000057220458984e+00 7.643867182490271739e-09 7.236428124169351663e-09
7.449999809265136719e+00 7.356715939304982082e-09 6.962214320159342182e-09
7.460000038146972656e+00 7.079807911595004578e-09 6.698145389726264443e-09
7.469999790191650391e+00 6.813147308469576902e-09 6.444209159437904306e-09
7.480000019073486328e+00 6.556668856794484618e-09 6.200327162244436301e-09
7.489999771118164062e+00 6.310340372758363352e-09 5.966452312179905010e-09
7.500000000000000000e+00 6.074065745967958340e-09 5.742476649153091929e-09
7.509999752044677734e+00 5.847779755308248533e-09 5.528321370031525813e-09
7.519999980926513672e+00 5.631358744593288087e-09 5.323852162016966683e-09
7.529999732971191406e+00 5.424707788526299420e-09 5.128961718102471507e-09
7.539999961853027344e+00 5.227678925551379109e-09 4.943492506753520896e-09
7.549999713897705078e+00 5.040150826148413377e-09 4.767311942174506569e-09
7.559999942779541016e+00 4.861954402886637313e-09 4.600242393407879408e-09
7.569999694824218750e+00 4.692945173747179256e-09 4.442129218180022826e-09
7.579999923706054688e+00 4.532936032711809646e-09 4.292777777944276445e-09
7.589999675750732422e+00 4.381762532795682570e-09 4.152014572829090773e-09
7.599999904632568359e+00 4.239222568067478863e-09 4.019630998271543671e-09
7.609999656677246094e+00 4.105134831709212893e-09 3.895437847046748574e-09
7.619999885559082031e+00 3.979285131195272507e-09 3.779215513898787770e-09
7.629999637603759766e+00 3.861478301308943075e-09 3.670762153476531455e-09
7.639999866485595703e+00 3.751490850931412918e-09 3.569850017525323884e-09
7.649999618530273438e+00 3.649116632228430350e-09 3.476267576530403334e-09
7.659999847412109375e+00 3.554125498127031298e-09 3.389781656761718808e-09
7.669999599456787109e+00 3.466303045363280904e-09 3.310173847496538644e-09
7.679999828338623047e+00 3.385414947777136692e-09 3.237208093302185865e-09
7.690000057220458984e+00 3.311237723477677823e-09 3.170658696849713541e-09
7.699999809265136719e+00 3.243545301406499226e-09 3.110298132779590363e-09
7.710000038146972656e+00 3.182101323234869376e-09 3.055890340040130405e-09
7.719999790191650391e+00 3.126681515331732956e-09 3.007210682454551482e-09
7.730000019073486328e+00 3.077050691245924472e-09 2.964025631000424826e-09
7.739999771118164062e+00 3.032984408360809685e-09 2.926111839866491258e-09
7.750000000000000000e+00 2.994250421516230629e-09 2.893240045480612122e-09
7.759999752044677734e+00 2.960625952561726961e-09 2.865189968964173189e-09
7.769999980926513672e+00 2.931883244800919022e-09 2.841738083782837851e-09
7.779999732971191406e+00 2.907802793383948374e-09 2.822668690009150158e-09
7.789999961853027344e+00 2.888162656321114166e-09 2.807765211564441809e-09
7.799999713897705078e+00 2.872747988536944114e-09 2.796817780537498964e-09
7.809999942779541016e+00 2.861343774086804111e-09 2.789617736980520682e-09
7.819999694824218750e+00 2.853741000920964716e-09 2.785962054857661570e-09
7.829999923706054688e+00 2.849732486728712817e-09 2.785650727131844218e-09
7.839999675750732422e+00 2.849116024588876920e-09 2.788488356820397433e-09
7.849999904632568359e+00 2.851692986742618567e-09 2.794284123842857520e-09
7.859999656677246094e+00 2.857268760563337559e-09 2.802850852928749960e-09
7.869999885559082031e+00 2.865653826014969537e-09 2.814007271748175835e-09
7.879999637603759766e+00 2.876661790526601565e-09 2.827574855015282373e-09
7.889999866485595703e+00 2.890112649613523514e-09 2.843382097728275012e-09
7.899999618530273438e+00 2.905828715999259252e-09 2.861259421522329141e-09
7.909999847412109375e+00 2.923639785594499485e-09 2.881045199428226511e-09
7.919999599456787109e+00 2.943377242673700374e-09 2.902578995704491003e-09
7.929999828338623047e+00 2.964880867786641439e-09 2.925709093194787111e-09
7.940000057220458984e+00 2.987992523420280365e-09 2.950285525898677115e-09
7.949999809265136719e+00 3.012558664832231161e-09 2.976162853154596644e-09
7.960000038146972656e+00 3.038434223681314793e-09 3.003204171762870256e-09
7.969999790191650391e+00 3.065474271852876672e-09 3.031272338799389629e-09
7.980000019073486328e+00 3.093543871142384530e-09 3.060240251355502368e-09
7.989999771118164062e+00 3.122507794629063681e-09 3.089980161083141317e-09
8.000000000000000000e+00 3.152241204933079182e-09 3.120374687555215645e-09
8.010000228881835938e+00 3.182620091191101313e-09 3.151306975825248955e-09
8.019999504089355469e+00 3.213523780243254554e-09 3.182663319314184712e-09
8.029999732971191406e+00 3.244845403777997108e-09 3.214343750116462318e-09
8.039999961853027344e+00 3.276474179975134503e-09 3.246244064412338595e-09
8.050000190734863281e+00 3.308307142402673271e-09 3.278267736843100301e-09
8.059999465942382812e+00 3.340243141304098589e-09 3.310319871455632159e-09
8.069999694824218750e+00 3.372195005322793149e-09 3.342319406647004932e-09
8.079999923706054688e+00 3.404071215280774410e-09 3.374180730048650804e-09
8.090000152587890625e+00 3.435788044734497419e-09 3.405825876646933911e-09
8.099999427795410156e+00 3.467263479703575765e-09 3.437178454302058250e-09
8.109999656677246094e+00 3.498429148633009615e-09 3.468175527725324508e-09
8.119999885559082031e+00 3.529212237448173977e-09 3.498749609375000796e-09
8.130000114440917969e+00 3.559547459340956290e-09 3.528840590172704898e-09
8.139999389648437500e+00 3.589371144766876946e-09 3.558389868397181012e-09
8.149999618530273438e+00 3.618632487527400886e-09 3.587351488597154872e-09
8.159999847412109375e+00 3.647276378611682235e-09 3.615675131825217952e-09
8.170000076293945312e+00 3.675254740201490570e-09 3.643317344332305858e-09
8.179999351501464844e+00 3.702520984613474107e-09 3.670236050122550030e-09
8.189999580383300781e+00 3.729040236281203187e-09 3.696400632778329991e-09
8.199999809265136719e+00 3.754773602979958855e-09 3.721776398354524798e-09
8.210000038146972656e+00 3.779688524565732814e-09 3.746334782909719909e-09
8.220000267028808594e+00 3.803756006252416374e-09 3.770050608223817665e-09
8.229999542236328125e+00 3.826948311905045778e-09 3.792899796159184461e-09
8.239999771118164062e+00 3.849247587847388122e-09 3.814867850829063914e-09
8.250000000000000000e+00 3.870632443078756328e-09 3.835936623729377426e-09
8.260000228881835938e+00 3.891086735164097419e-09 3.856092955999015494e-09
8.269999504089355469e+00 3.910595351973749190e-09 3.875324507408533969e-09
8.279999732971191406e+00 3.929151413303824814e-09 3.893626843840133376e-09
8.289999961853027344e+00 3.946744955318787352e-09 3.910992271398650679e-09
8.300000190734863281e+00 3.963370314866708107e-09 3.927417104818330351e-09
8.309999465942382812e+00 3.979022629804891780e-09 3.942898203935900662e-09
8.319999694824218750e+00 3.993703572473985907e-09 3.957438640324341319e-09
8.329999923706054688e+00 4.007412251465192270e-09 3.971038695121353649e-09
8.340000152587890625e+00 4.020151139377034699e-09 3.983701718477651027e-09
8.349999427795410156e+00 4.031923325015585009e-09 3.995431404472678644e-09
8.359999656677246094e+00 4.042736786561519392e-09 4.006236056063577578e-09
8.369999885559082031e+00 4.052597536572172689e-09 4.016121761786947488e-09
8.380000114440917969e+00 4.061514091891773010e-09 4.025096855833613428e-09
8.389999389648437500e+00 4.069495482896050506e-09 4.033169934655109795e-09
8.399999618530273438e+00 4.076554110390329840e-09 4.040352766055696519e-09
8.409999847412109375e+00 4.082701089586918483e-09 4.046655596729672799e-09
8.420000076293945312e+00 4.087949299291667371e-09 4.052090251143432741e-09
8.429999351501464844e+00 4.092312126053684337e-09 4.056668865873720712e-09
8.439999580383300781e+00 4.095804974512917379e-09 4.060405505619233793e-09
8.449999809265136719e+00 4.098442710257449253e-09 4.063313503873937012e-09
8.460000038146972656e+00 4.100241350606138426e-09 4.065407255370190827e-09
8.470000267028808594e+00 4.101217555665914716e-09 4.066701710287997815e-09
8.479999542236328125e+00 4.101388603863865288e-09 4.067212338698934378e-09
8.489999771118164062e+00 4.100772338495615075e-09 4.066955230649083906e-09
8.500000000000000000e+00 4.099387034672704041e-09 4.065946789758518244e-09
8.510000228881835938e+00 4.097251504361461313e-09 4.064203986304922038e-09
8.519999504089355469e+00 4.094385316788626161e-09 4.061744525852945915e-09
8.529999732971191406e+00 4.090807603712378235e-09 4.058585828745219926e-09
8.539999961853027344e+00 4.086538672294285832e-09 4.054746425917417312e-09
8.550000190734863281e+00 4.081598948522936796e-09 4.050245070600555364e-09
8.559999465942382812e+00 4.076009749606327575e-09 4.045101441978782520e-09
8.569999694824218750e+00 4.069791057379234185e-09 4.039334099571617649e-09
8.579999923706054688e+00 4.062964687217159490e-09 4.032963405130623677e-09
8.590000152587890625e+00 4.055552180956027965e-09 4.026009591233709144e-09
8.599999427795410156e+00 4.047576059636684513e-09 4.018493931892024047e-09
8.609999656677246094e+00 4.039056687967059558e-09 4.010435785148086215e-09
8.619999885559082031e+00 4.030016801039655932e-09 4.001856856424730741e-09
8.630000114440917969e+00 4.020478469694742814e-09 3.992778338123696691e-09
8.639999389648437500e+00 4.010464766933245844e-09 3.983222485771585834e-09
8.649999618530273438e+00 3.999995854740640500e-09 3.973208875050218369e-09
8.659999847412109375e+00 3.989094669055152371e-09 3.962759819238340051e-09
8.670000076293945312e+00 3.977783092815279231e-09 3.951896710866906372e-09
8.679999351501464844e+00 3.966083971915604428e-09 3.940641944612495280e-09
8.689999580383300781e+00 3.954016563697658990e-09 3.929014527387220972e-09
8.699999809265136719e+00 3.941603184044586683e-09 3.917036463216077703e-09
8.710000038146972656e+00 3.928864729666220417e-09 3.904728437547013778e-09
8.720000267028808594e+00 3.915821726434330314e-09 3.892110815158267492e-09
8.729999542236328125e+00 3.902495567714196838e-09 3.879204831199132108e-09
8.739999771118164062e+00 3.888903358444107759e-09 3.866027587935254160e-09
8.750000000000000000e+00 3.875065503417474524e-09 3.852599396139431788e-09
8.760000228881835938e+00 3.861000610216959376e-09 3.838938833028530259e-09
8.769999504089355469e+00 3.846728085192166528e-09 3.825065255117771870e-09
8.779999732971191406e+00 3.832262638575239642e-09 3.810993450852511936e-09
8.789999961853027344e+00 3.817622430206690686e-09 3.796741554742490674e-09
8.800000190734863281e+00 3.802823623579799361e-09 3.782325751673727174e-09
8.809999465942382812e+00 3.787883153770063954e-09 3.767762969159618019e-09
8.819999694824218750e+00 3.772813005202782468e-09 3.753065297897132242e-09
8.829999923706054688e+00 3.757628758916045400e-09 3.738248322838056219e-09
8.840000152587890625e+00 3.742343906249986587e-09 3.723325582010698599e-09
8.849999427795410156e+00 3.726972742262146871e-09 3.708311390976835966e-09
8.859999656677246094e+00 3.711524503755566045e-09 3.693215118068441005e-09
8.869999885559082031e+00 3.696012181793883983e-09 3.678049794495995697e-09
8.880000114440917969e+00 3.680446682395514785e-09 3.662826413703025168e-09
8.889999389648437500e+00 3.664839800720481211e-09 3.647556841369482033e-09
8.899999618530273438e+00 3.649198287127943512e-09 3.632248011700730665e-09
8.909999847412109375e+00 3.633532806151159908e-09 3.616910695214170262e-09
8.920000076293945312e+00 3.617852013212667272e-09 3.601553706081644632e-09
8.929999351501464844e+00 3.602165566970454827e-09 3.586186852889409945e-09
8.939999580383300781e+00 3.586478173488700120e-09 3.570815105031702412e-09
8.949999809265136719e+00 3.570798593113624706e-09 3.555447416815419415e-09
8.960000038146972656e+00 3.555133684575741216e-09 3.540090893431326704e-09
8.970000267028808594e+00 3.539489928323210646e-09 3.524752282528743324e-09
8.979999542236328125e+00 3.523874939496589289e-09 3.509439456838343133e-09
8.989999771118164062e+00 3.508291537021549598e-09 3.494155595987408579e-09
9.000000000000000000e+00 3.492746700952523438e-09 3.478907968111021183e-09
9.010000228881835938e+00 3.477245630030529928e-09 3.463702099594959215e-09
9.019999504089355469e+00 3.461794718592678985e-09 3.448544691254845573e-09
9.029999732971191406e+00 3.446395678606085067e-09 3.433437847982231265e-09
9.039999961853027344e+00 3.431054391058566987e-09 3.418387757725201792e-09
9.050000190734863281e+00 3.415775011491168693e-09 3.403398904411193438e-09
9.059999465942382812e+00 3.400562896780644266e-09 3.388476934215807511e-09
9.069999694824218750e+00 3.385418807479101273e-09 3.373622963775439808e-09
9.079999923706054688e+00 3.370347610798988180e-09 3.358842112536281388e-09
9.090000152587890625e+00 3.355352465706875587e-09 3.344137794115883505e-09
9.099999427795410156e+00 3.340437688827867643e-09 3.329514522602543355e-09
9.109999656677246094e+00 3.325603063877584646e-09 3.314972329581442079e-09
9.119999885559082031e+00 3.310852367936984677e-09 3.300515120488031876e-09
9.130000114440917969e+00 3.296187664298427393e-09 3.286145075995384431e-09
9.139999389648437500e+00 3.281612104614219064e-09 3.271865396164023089e-09
9.149999618530273438e+00 3.267124368527405109e-09 3.257674851853479601e-09
9.159999847412109375e+00 3.252726996538944041e-09 3.243575947701531877e-09
9.170000076293945312e+00 3.238420814043919503e-09 3.229569459115629897e-09
9.179999351501464844e+00 3.224207673125984746e-09 3.215657118052579055e-09
9.189999580383300781e+00 3.210085036003207475e-09 3.201836312940339303e-09
9.199999809265136719e+00 3.196054109634388080e-09 3.188108053373351172e-09
9.210000038146972656e+00 3.182114416919018289e-09 3.174471658847705199e-09
9.220000267028808594e+00 3.168265164063142403e-09 3.160926100895005866e-09
9.229999542236328125e+00 3.154506557390098836e-09 3.147471294812296763e-09
9.239999771118164062e+00 3.140834576031919405e-09 3.134102992547835033e-09
9.250000000000000000e+00 3.127248861343770435e-09 3.120820502801695618e-09
9.260000228881835938e+00 3.113747478588753639e-09 3.107621573408598544e-09
9.269999504089355469e+00 3.100329531445381033e-09 3.094504953100726997e-09
9.279999732971191406e+00 3.086990076238527947e-09 3.081465425487528568e-09
9.289999961853027344e+00 3.073727827573059884e-09 3.068501347036775504e-09
9.300000190734863281e+00 3.060540060754118354e-09 3.055609669247058368e-09
9.309999465942382812e+00 3.047425174912013423e-09 3.042788449484250734e-09
9.319999694824218750e+00 3.034377728584834220e-09 3.030032002437667709e-09
9.329999923706054688e+00 3.021395977881666769e-09 3.017338273868082444e-09
9.340000152587890625e+00 3.008476899912218126e-09 3.004703979546307690e-09
9.349999427795410156e+00 2.995618704741924573e-09 2.992127065160769315e-09
9.359999656677246094e+00 2.982815967733434009e-09 2.979601947850347974e-09
9.369999885559082031e+00 2.970067018691015449e-09 2.967126746026238469e-09
9.380000114440917969e+00 2.957369061637584807e-09 2.954698507956707883e-09
9.389999389648437500e+00 2.944720635081254548e-09 2.942315620511682097e-09
9.399999618530273438e+00 2.932116816941143484e-09 2.929973115101367144e-09
9.409999847412109375e+00 2.919556484081841673e-09 2.917669774868284978e-09
9.420000076293945312e+00 2.907037502800974539e-09 2.905403426075577752e-09
9.429999351501464844e+00 2.894559140311234435e-09 2.893173299409916302e-09
9.439999580383300781e+00 2.882117321428825907e-09 2.880975379437666291e-09
9.449999809265136719e+00 2.869711777529095372e-09 2.868809409732580987e-09
9.460000038146972656e+00 2.857341287248869389e-09 2.856674226720811873e-09
9.469999313354492188e+00 2.845006044803726524e-09 2.844570080160921966e-09
9.479999542236328125e+00 2.832702955656815714e-09 2.832494014395587197e-09
9.489999771118164062e+00 2.820432690219664573e-09 2.820446787638932558e-09
9.500000000000000000e+00 2.808194965111058188e-09 2.808428239657020319e-09
9.510000228881835938e+00 2.795989711888347180e-09 2.796438436233462851e-09
9.519999504089355469e+00 2.783818221482980093e-09 2.784478791690175738e-09
9.529999732971191406e+00 2.771678488920759031e-09 2.772547492391344504e-09
9.539999961853027344e+00 2.759572160661168277e-09 2.760646321403084146e-09
9.550000190734863281e+00 2.747499870755064436e-09 2.748776074554643563e-09
9.559999465942382812e+00 2.735463528858514940e-09 2.736938808230648401e-09
9.569999694824218750e+00 2.723461713405028183e-09 2.725133307451946367e-09
9.579999923706054688e+00 2.711496539790873322e-09 2.713361839643774828e-09
9.590000152587890625e+00 2.699569046157325973e-09 2.701625616319801320e-09
9.599999427795410156e+00 2.687681457087563918e-09 2.689927019610524073e-09
9.609999656677246094e+00 2.675832635778337774e-09 2.678265126351315949e-09
9.619999885559082031e+00 2.664024872182238993e-09 2.666642388247511479e-09
9.630000114440917969e+00 2.652259330022456106e-09 2.655060151405652600e-09
9.639999389648437500e+00 2.640538288688375784e-09 2.643520863075173476e-09
9.649999618530273438e+00 2.628860666036358380e-09 2.632023663859013394e-09
9.659999847412109375e+00 2.617228719959729698e-09 2.620570985461603511e-09
9.670000076293945312e+00 2.605643568335307383e-09 2.609164140129156343e-09
9.679999351501464844e+00 2.594107406022843330e-09 2.597805503234909360e-09
9.689999580383300781e+00 2.582619108307434494e-09 2.586494184054731661e-09
9.699999809265136719e+00 2.571180835376227286e-09 2.575232528161768838e-09
9.710000038146972656e+00 2.559793632134650565e-09 2.564021784238550047e-09
9.719999313354492188e+00 2.548459614827643838e-09 2.552864255859496330e-09
9.729999542236328125e+00 2.537177660309772149e-09 2.541759056790713416e-09
9.739999771118164062e+00 2.525949900688515692e-09 2.530708503108555266e-09
9.750000000000000000e+00 2.514777404593944684e-09 2.519713859962162699e-09
9.760000228881835938e+00 2.503661269626296847e-09 2.508776415146296766e-09
9.769999504089355469e+00 2.492603685414196662e-09 2.497898522749374081e-09
9.779999732971191406e+00 2.481603729575579068e-09 2.487079465349664602e-09
9.789999961853027344e+00 2.470663704958056658e-09 2.476321685959300738e-09
9.800000190734863281e+00 2.459784922966449543e-09 2.465626637217449845e-09
9.809999465942382812e+00 2.448969796963364147e-09 2.454996837379957819e-09
9.819999694824218750e+00 2.438217726242107624e-09 2.444431822635182206e-09
9.829999923706054688e+00 2.427531288449538811e-09 2.433934231095425477e-09
9.840000152587890625e+00 2.416912108968160192e-09 2.423505740504048799e-09
9.849999427795410156e+00 2.406362896246737087e-09 2.413149065543222699e-09
9.859999656677246094e+00 2.395883420656438681e-09 2.402864008655445200e-09
9.869999885559082031e+00 2.385476545224980028e-09 2.392653379274283601e-09
9.880000114440917969e+00 2.375144186565903006e-09 2.382519027105976464e-09
9.889999389648437500e+00 2.364889287269097567e-09 2.372463776651679359e-09
9.899999618530273438e+00 2.354711898914951016e-09 2.362487586527401897e-09
9.909999847412109375e+00 2.344615035569457216e-09 2.352593289166951796e-09
9.920000076293945312e+00 2.334600737797922964e-09 2.342782731827285412e-09
9.929999351501464844e+00 2.324671979008907477e-09 2.333058645889628477e-09
9.939999580383300781e+00 2.314828866987102245e-09 2.323420928518244520e-09
9.949999809265136719e+00 2.305074305735798899e-09 2.313872189773764891e-09
9.960000038146972656e+00 2.295410178809720612e-09 2.304414016821951021e-09
9.969999313354492188e+00 2.285839188417201425e-09 2.295048777190027128e-09
9.979999542236328125e+00 2.276361192539515114e-09 2.285776037963089744e-09
9.989999771118164062e+00 2.266978662547200322e-09 2.276597909454357105e-09
1.000000000000000000e+01 2.257693004256823232e-09 2.267515448898139424e-09
1.001000022888183594e+01 2.248505458038250357e-09 2.258529545102199815e-09
1.001999950408935547e+01 2.239417945035060829e-09 2.249641750014313780e-09
1.002999973297119141e+01 2.230429596383154422e-09 2.240850888193464224e-09
1.003999996185302734e+01 2.221541942009984907e-09 2.232158135437164476e-09
1.005000019073486328e+01 2.212755425459327922e-09 2.223563614007591917e-09
1.005999946594238281e+01 2.204071092425661564e-09 2.215068047934375412e-09
1.006999969482421875e+01 2.195487283494016818e-09 2.206669530888717439e-09
1.007999992370605469e+01 2.187004603091464924e-09 2.198368390160433120e-09
1.009000015258789062e+01 2.178622598340585189e-09 2.190163940493363592e-09
1.009999942779541016e+01 2.170341381681727378e-09 2.182056074410141021e-09
1.010999965667724609e+01 2.162158488599981512e-09 2.174042187337893016e-09
1.011999988555908203e+01 2.154073625681206090e-09 2.166121827605384966e-09
1.013000011444091797e+01 2.146085513864531196e-09 2.158293606876331245e-09
1.013999938964843750e+01 2.138193444641607433e-09 2.150556725114952314e-09
1.014999961853027344e+01 2.130394294094201998e-09 2.142908042968378524e-09
1.015999984741210938e+01 2.122687055888649696e-09 2.135346525023547146e-09
1.017000007629394531e+01 2.115069838988497416e-09 2.127870295800408277e-09
1.017999935150146484e+01 2.107541357962115039e-09 2.120478100466069453e-09
1.018999958038330078e+01 2.100098088059685112e-09 2.113166509304680681e-09
1.019999980926513672e+01 2.092738592345126187e-09 2.105934164418191587e-09
1.021000003814697266e+01 2.085460659833648185e-09 2.098778967603509935e-09
1.021999931335449219e+01 2.078262728900733813e-09 2.091699476626160531e-09
1.022999954223632812e+01 2.071141165867027623e-09 2.084692225606870208e-09
1.023999977111816406e+01 2.064094399181539329e-09 2.077755788543503821e-09
1.025000000000000000e+01 2.057120181015331530e-09 2.070888083556097222e-09
1.026000022888183594e+01 2.050216289897653972e-09 2.064087061284967372e-09
1.026999950408935547e+01 2.043381189899368677e-09 2.057351352188261798e-09
1.027999973297119141e+01 2.036611438670705727e-09 2.050677709834421736e-09
1.028999996185302734e+01 2.029905605214698283e-09 2.044064869830201381e-09
1.030000019073486328e+01 2.023261659949157605e-09 2.037510976432268430e-09
1.030999946594238281e+01 2.016678258134005662e-09 2.031014846849904627e-09
1.031999969482421875e+01 2.010152233930415206e-09 2.024573497430620730e-09
1.032999992370605469e+01 2.003682366369244829e-09 2.018185859230434792e-09
1.034000015258789062e+01 1.997266858440789922e-09 2.011850290565665069e-09
1.034999942779541016e+01 1.990904567886253382e-09 2.005565792316414041e-09
1.035999965667724609e+01 1.984592578614907141e-09 1.999329609520700618e-09
1.036999988555908203e+01 1.978329833858798384e-09 1.993140821008450562e-09
1.038000011444091797e+01 1.972114696148504354e-09 1.986997930550060576e-09
1.038999938964843750e+01 1.965946134298455371e-09 1.980900041170329693e-09
1.039999961853027344e+01 1.959821365220393322e-09 1.974844525476830303e-09
1.040999984741210938e+01 1.953739374744791748e-09 1.968830507846504873e-09
1.042000007629394531e+01 1.947698551927146116e-09 1.962856527671459313e-09
1.042999935150146484e+01 1.941697841816000505e-09 1.956921680885850815e-09
1.043999958038330078e+01 1.935734452808995000e-09 1.951023354028917986e-09
1.044999980926513672e+01 1.929807284267154147e-09 1.945160615722625687e-09
1.046000003814697266e+01 1.923914629233709367e-09 1.939331945878230934e-09
1.046999931335449219e+01 1.918055301957686332e-09 1.933536351756854279e-09
1.047999954223632812e+01 1.912226404605097083e-09 1.927771159593420515e-09
1.048999977111816406e+01 1.906426679515778911e-09 1.922035330619037768e-09
1.050000000000000000e+01 1.900654272760070346e-09 1.916327248683406078e-09
1.051000022888183594e+01 1.894907297586271662e-09 1.910645276912384456e-09
1.051999950408935547e+01 1.889184384604156726e-09 1.904988300350949088e-09
1.052999973297119141e+01 1.883482506873777589e-09 1.899353574636554586e-09
1.053999996185302734e+01 1.877800262595321553e-09 1.893739968858844569e-09
1.055000019073486328e+01 1.872135699523520789e-09 1.888145812411161265e-09
1.055999946594238281e+01 1.866487410095637873e-09 1.882569973875590269e-09
1.056999969482421875e+01 1.860852389477110532e-09 1.877009743547991467e-09
1.057999992370605469e+01 1.855229279508347740e-09 1.871464032290887491e-09
1.059000015258789062e+01 1.849616225280917882e-09 1.865931251632448355e-09
1.059999942779541016e+01 1.844011960727363041e-09 1.860410380358059011e-09
1.060999965667724609e+01 1.838413684376822847e-09 1.854898868252850003e-09
1.061999988555908203e+01 1.832820277783974341e-09 1.849395802687040952e-09
1.063000011444091797e+01 1.827230178459669429e-09 1.843899808983054429e-09
1.063999938964843750e+01 1.821642457758339430e-09 1.838410107091684393e-09
1.064999961853027344e+01 1.816054698717960212e-09 1.832924423594669024e-09
1.065999984741210938e+01 1.810466201397995085e-09 1.827442137720819698e-09
1.067000007629394531e+01 1.804875857069163473e-09 1.821962189706303959e-09
1.067999935150146484e+01 1.799283219810863796e-09 1.816484129762687787e-09
1.068999958038330078e+01 1.793686375175935442e-09 1.811006029116393087e-09
1.069999980926513672e+01 1.788085141644820976e-09 1.805527614698281212e-09
1.071000003814697266e+01 1.782478936077838199e-09 1.800048177404521025e-09
1.071999931335449219e+01 1.776867839834562203e-09 1.794567615037626959e-09
1.072999954223632812e+01 1.771250452775615297e-09 1.789084337315481985e-09
1.073999977111816406e+01 1.765627097495942035e-09 1.783598396896615242e-09
1.075000000000000000e+01 1.759997671505791195e-09 1.778109393247128045e-09
1.076000022888183594e+01 1.754362172447615726e-09 1.772616988420648193e-09
1.076999950408935547e+01 1.748721225231735179e-09 1.767121423683542297e-09
1.077999973297119141e+01 1.743073917814420850e-09 1.761621414957830290e-09
1.078999996185302734e+01 1.737421016566952901e-09 1.756117289410622497e-09
1.080000019073486328e+01 1.731762800934026382e-09 1.750608880260149741e-09
1.080999946594238281e+01 1.726100128543368882e-09 1.745096568960085620e-09
1.081999969482421875e+01 1.720432260297872040e-09 1.739579173101236527e-09
1.082999992370605469e+01 1.714760087641280389e-09 1.734057093101719643e-09
1.084000015258789062e+01 1.709083959619291071e-09 1.728530202198478241e-09
1.084999942779541016e+01 1.703404752566085895e-09 1.722998893262387270e-09
1.085999965667724609e+01 1.697721691678995374e-09 1.717461961995620198e-09
1.086999988555908203e+01 1.692035591056101277e-09 1.711919767335575589e-09
1.088000011444091797e+01 1.686346678829371484e-09 1.706372117868998183e-09
1.088999938964843750e+01 1.680655674477128518e-09 1.700819326281131250e-09
1.089999961853027344e+01 1.674961611772982555e-09 1.695260088465342133e-09
1.090999984741210938e+01 1.669265091830003942e-09 1.689694660669401557e-09
1.092000007629394531e+01 1.663566110354250764e-09 1.684122742431946752e-09
1.092999935150146484e+01 1.657865143723349054e-09 1.678544539760283095e-09
1.093999958038330078e+01 1.652160975613493919e-09 1.672958639537222145e-09
1.094999980926513672e+01 1.646453962452330468e-09 1.667365205296509140e-09
1.096000003814697266e+01 1.640743863673334661e-09 1.661763854718014301e-09
1.096999931335449219e+01 1.635030936528698238e-09 1.656154732231054273e-09
1.097999954223632812e+01 1.629313763896478355e-09 1.650536374639561685e-09
1.098999977111816406e+01 1.623592532158750604e-09 1.644908927793729032e-09
1.100000000000000000e+01 1.617866861354118020e-09 1.639272014483901385e-09
1.101000022888183594e+01 1.612136360415316524e-09 1.633625276796856131e-09
1.101999950408935547e+01 1.606401184878667866e-09 1.627968923415479684e-09
1.102999973297119141e+01 1.600659859136733767e-09 1.622301578140287961e-09
1.103999996185302734e+01 1.594912569220412360e-09 1.616623523960949930e-09
1.105000019073486328e+01 1.589158985755115239e-09 1.610934552968243476e-09
1.105999946594238281e+01 1.583399370182793905e-09 1.605235055596624827e-09
1.106999969482421875e+01 1.577632386172388348e-09 1.599523851033625311e-09
1.107999992370605469e+01 1.571858403696774067e-09 1.593801453498122682e-09
1.109000015258789062e+01 1.566077309605047153e-09 1.588067903052886684e-09
1.109999942779541016e+01 1.560289614856056136e-09 1.582323860088192344e-09
1.110999965667724609e+01 1.554494250410762988e-09 1.576568415094153354e-09
1.111999988555908203e+01 1.548691882373412637e-09 1.570802376849531726e-09
1.113000011444091797e+01 1.542882706387685335e-09 1.565026082301350502e-09
1.113999938964843750e+01 1.537067554402872082e-09 1.559240495343213901e-09
1.114999961853027344e+01 1.531245674260412776e-09 1.553444996837942365e-09
1.115999984741210938e+01 1.525418054783263389e-09 1.547640692844630509e-09
1.117000007629394531e+01 1.519585203876397109e-09 1.541828204808721521e-09
1.117999935150146484e+01 1.513748254403348680e-09 1.536008771927037441e-09
1.118999958038330078e+01 1.507906730784394001e-09 1.530182025564913081e-09
1.119999980926513672e+01 1.502061881981990903e-09 1.524349314027197925e-09
1.121000003814697266e+01 1.496214447092856488e-09 1.518511477243524356e-09
1.121999931335449219e+01 1.490365761342398356e-09 1.512669952711658411e-09
1.122999954223632812e+01 1.484515515712132337e-09 1.506824540209652166e-09
1.123999977111816406e+01 1.478665095038898158e-09 1.500976738406948860e-09
1.125000000000000000e+01 1.472815338055541168e-09 1.495127510505768065e-09
1.125999927520751953e+01 1.466967644092016979e-09 1.489278392900995731e-09
1.126999950408935547e+01 1.461121734378757159e-09 1.483429258169407249e-09
1.127999973297119141e+01 1.455278991011626392e-09 1.477581656963185808e-09
1.128999996185302734e+01 1.449440219278281875e-09 1.471736581790791631e-09
1.130000019073486328e+01 1.443606199939778325e-09 1.465895020737623648e-09
1.130999946594238281e+01 1.437778240195681350e-09 1.460058510260589399e-09
1.131999969482421875e+01 1.431955947570222129e-09 1.454226906125345741e-09
1.132999992370605469e+01 1.426140563003469242e-09 1.448401721343818074e-09
1.134000015258789062e+01 1.420332736022890179e-09 1.442583897483285614e-09
1.134999942779541016e+01 1.414533634048161858e-09 1.436774914373388009e-09
1.135999965667724609e+01 1.408742732484908668e-09 1.430974574649830544e-09
1.136999988555908203e+01 1.402961136248063625e-09 1.425184328507270579e-09
1.138000011444091797e+01 1.397189370432342797e-09 1.419405057640162362e-09
1.138999938964843750e+01 1.391428488001926946e-09 1.413638180909057276e-09
1.139999961853027344e+01 1.385677878406986607e-09 1.407883456944275919e-09
1.140999984741210938e+01 1.379938571012670418e-09 1.402142286763557155e-09
1.142000007629394531e+01 1.374211043221952894e-09 1.396415514878117831e-09
1.142999935150146484e+01 1.368496322171101703e-09 1.390704526362048170e-09
1.143999958038330078e+01 1.362793813211313889e-09 1.385009072106044595e-09
1.144999980926513672e+01 1.357104577494321580e-09 1.379330539417998780e-09
1.146000003814697266e+01 1.351429157875698792e-09 1.373669774160427606e-09
1.146999931335449219e+01 1.345768670243553267e-09 1.368028165156628380e-09
1.147999954223632812e+01 1.340122651477387729e-09 1.362405495334087025e-09
1.148999977111816406e+01 1.334492303918927301e-09 1.356803171364238343e-09
1.150000000000000000e+01 1.328878338920803009e-09 1.351222070321914635e-09
1.150999927520751953e+01 1.323282053322112267e-09 1.345663607636650109e-09
1.151999950408935547e+01 1.317703198267741001e-09 1.340127618278733666e-09
1.152999973297119141e+01 1.312143182592251360e-09 1.334615536613788587e-09
1.153999996185302734e+01 1.306602935441707789e-09 1.329128271808728933e-09
1.155000019073486328e+01 1.301083439056744481e-09 1.323666736748530437e-09
1.155999946594238281e+01 1.295586248897125170e-09 1.318232362187093533e-09
1.156999969482421875e+01 1.290111393980360013e-09 1.312825022563366595e-09
1.157999992370605469e+01 1.284660516979189992e-09 1.307446141801245794e-09
1.159000015258789062e+01 1.279234768402445287e-09 1.302096613449721048e-09
1.159999942779541016e+01 1.273835837345455297e-09 1.296777820895070997e-09
1.160999965667724609e+01 1.268463885789421492e-09 1.291489606309900524e-09
1.161999988555908203e+01 1.263120628768605992e-09 1.286233309091166397e-09
1.163000011444091797e+01 1.257807262192522055e-09 1.281009728561004079e-09
1.163999938964843750e+01 1.252525470694495982e-09 1.275820120509436512e-09
1.164999961853027344e+01 1.247275405248376242e-09 1.270664215487707854e-09
1.165999984741210938e+01 1.242058695376332879e-09 1.265543183692143883e-09
1.167000007629394531e+01 1.236876420515530545e-09 1.260457646857024779e-09
1.167999935150146484e+01 1.231730094600881585e-09 1.255408650387535041e-09
1.168999958038330078e+01 1.226619696886315940e-09 1.250395736787252618e-09
1.169999980926513672e+01 1.221546608419860844e-09 1.245419831529486208e-09
1.171000003814697266e+01 1.216511637472024829e-09 1.240481310507397432e-09
1.171999931335449219e+01 1.211515980331901103e-09 1.235580947021747868e-09
1.172999954223632812e+01 1.206559313384325565e-09 1.230718044082078649e-09
1.173999977111816406e+01 1.201642647842285533e-09 1.225893238080591859e-09
1.175000000000000000e+01 1.196766417143048001e-09 1.221106625531943819e-09
1.175999927520751953e+01 1.191931412804546885e-09 1.216358683958656909e-09
1.176999950408935547e+01 1.187136943554989332e-09 1.211648465546329980e-09
1.177999973297119141e+01 1.182383603058450596e-09 1.206976316042596773e-09
1.178999996185302734e+01 1.177671423888311616e-09 1.202342062540812515e-09
1.180000019073486328e+01 1.173000343952924970e-09 1.197745471145663768e-09
1.180999946594238281e+01 1.168370650630324416e-09 1.193186683670422464e-09
1.181999969482421875e+01 1.163781224192129986e-09 1.188664486287544809e-09
1.182999992370605469e+01 1.159232193361137755e-09 1.184178922546806063e-09
1.184000015258789062e+01 1.154723172325882552e-09 1.179729555444345710e-09
1.184999942779541016e+01 1.150254136345858785e-09 1.175316328182584539e-09
1.185999965667724609e+01 1.145823728469510673e-09 1.170937888827331482e-09
1.186999988555908203e+01 1.141431825178283085e-09 1.166594120802199914e-09
1.188000011444091797e+01 1.137077835929502584e-09 1.162284460795836730e-09
1.188999938964843750e+01 1.132761549297293322e-09 1.158008732388761273e-09
1.189999961853027344e+01 1.128481497714255823e-09 1.153765522673586227e-09
1.190999984741210938e+01 1.124237434629331772e-09 1.149554633142548041e-09
1.192000007629394531e+01 1.120028691293516778e-09 1.145375449433542194e-09
1.192999935150146484e+01 1.115854992444185045e-09 1.141227748165115813e-09
1.193999958038330078e+01 1.111714872805171146e-09 1.137110120851996375e-09
1.194999980926513672e+01 1.107608069592441235e-09 1.133022349776338434e-09
1.196000003814697266e+01 1.103533930517713263e-09 1.128963825026437289e-09
1.196999931335449219e+01 1.099492199855879467e-09 1.124934326104332332e-09
1.197999954223632812e+01 1.095481481067289846e-09 1.120932488642846530e-09
1.198999977111816406e+01 1.091501549958869977e-09 1.116958110820192689e-09
1.200000000000000000e+01 1.087551809419673689e-09 1.113010613821859077e-09
1.200999927520751953e+01 1.083632047374302442e-09 1.109089799943357858e-09
1.201999950408935547e+01 1.079740942285231287e-09 1.105194359050133376e-09
1.202999973297119141e+01 1.075878303066362756e-09 1.101324111127202521e-09
1.203999996185302734e+01 1.072043567752365744e-09 1.097478507232732194e-09
1.205000019073486328e+01 1.068236174661083677e-09 1.093657003271049544e-09
1.205999946594238281e+01 1.064455917637179761e-09 1.089859419837449807e-09
1.206999969482421875e+01 1.060701501979975838e-09 1.086084494196180935e-09
1.207999992370605469e+01 1.056972703296632123e-09 1.082332051974474287e-09
1.209000015258789062e+01 1.053268918493143245e-09 1.078601554781999421e-09
1.209999942779541016e+01 1.049589873384837265e-09 1.074892815010068882e-09
1.210999965667724609e+01 1.045934217876107181e-09 1.071204581921303694e-09
1.211999988555908203e+01 1.042301628083969320e-09 1.067536662999936576e-09
1.213000011444091797e+01 1.038691398118916520e-09 1.063888506486385444e-09
1.213999938964843750e+01 1.035103131642458880e-09 1.060259900979442422e-09
1.214999961853027344e+01 1.031535374135242755e-09 1.056649592947038451e-09
1.215999984741210938e+01 1.027987666103546746e-09 1.053057363401314470e-09
1.217000007629394531e+01 1.024459173167590983e-09 1.049482642550907087e-09
1.217999935150146484e+01 1.020949364937415142e-09 1.045925196201771550e-09
1.218999958038330078e+01 1.017456680606309757e-09 1.042383771585241925e-09
1.219999980926513672e+01 1.013980540870349074e-09 1.038858134586115976e-09
1.221000003814697266e+01 1.010520011841186774e-09 1.035347712965239714e-09
1.221999931335449219e+01 1.007074473759929390e-09 1.031852271211923914e-09
1.222999954223632812e+01 1.003642313936236565e-09 1.028370580792900734e-09
1.223999977111816406e+01 1.000222904829701401e-09 1.024902422806813525e-09
1.225000000000000000e+01 9.968152951914810480e-10 1.021447255675605449e-09
1.225999927520751953e+01 9.934188701824330296e-10 1.018004879599910134e-09
1.226999950408935547e+01 9.900320641414555308e-10 1.014574127081155417e-09
1.227999973297119141e+01 9.866543116026480321e-10 1.011154835285583381e-09
1.228999996185302734e+01 9.832847580209861501e-10 1.007746534036537381e-09
1.230000019073486328e+01 9.799225914519420867e-10 1.004348777045807672e-09
1.230999946594238281e+01 9.765673689635035448e-10 1.000961466419022175e-09
1.231999969482421875e+01 9.732177436330836867e-10 9.975835632692306969e-10
1.232999992370605469e+01 9.698733899832190769e-10 9.942150274142450822e-10
1.234000015258789062e+01 9.665337283756052961e-10 9.908555254339503739e-10
1.234999942779541016e+01 9.631985670940061291e-10 9.875050740099453706e-10
1.235999965667724609e+01 9.598668335248406092e-10 9.841627630672840756e-10
1.236999988555908203e+01 9.565384847452834412e-10 9.808286730620684445e-10
1.238000011444091797e+01 9.532132356858407750e-10 9.775025955093286716e-10
1.238999938964843750e+01 9.498911942784432824e-10 9.741846684321128154e-10
1.239999961853027344e+01 9.465715931825158024e-10 9.708741101236573863e-10
1.240999984741210938e+01 9.432546887575917089e-10 9.675711164244452399e-10
1.242000007629394531e+01 9.399404903201022230e-10 9.642755923879096493e-10
1.242999935150146484e+01 9.366293888487911033e-10 9.609877803923001694e-10
1.243999958038330078e+01 9.333208891475402033e-10 9.577070041612506370e-10
1.244999980926513672e+01 9.300154991524718534e-10 9.544335478736723433e-10
1.246000003814697266e+01 9.267134602070953212e-10 9.511673984680020858e-10
1.246999931335449219e+01 9.234153707323264206e-10 9.479088673648052471e-10
1.247999954223632812e+01 9.201209212810472596e-10 9.446573453271658395e-10
1.248999977111816406e+01 9.168307745967771267e-10 9.414131643896574383e-10
1.250000000000000000e+01 9.135452996465762937e-10 9.381763513870324110e-10
1.250999927520751953e+01 9.102651916217938609e-10 9.349472441859471503e-10
1.251999950408935547e+01 9.069902139797723009e-10 9.317252581216285724e-10
1.252999973297119141e+01 9.037210686105698024e-10 9.285107316078969154e-10
1.253999996185302734e+01 9.004581376820760356e-10 9.253036916360754643e-10
1.255000019073486328e+01 8.972017909345456321e-10 9.221041604637659169e-10
1.255999946594238281e+01 8.939526899489879668e-10 9.189124581684635972e-10
1.256999969482421875e+01 8.907105449905522183e-10 9.157279847609346901e-10
1.257999992370605469e+01 8.874759705891260534e-10 9.125510458198477799e-10
1.259000015258789062e+01 8.842492426697549444e-10 9.093816338047818771e-10
1.259999942779541016e+01 8.810309133214286962e-10 9.062200338392516195e-10
1.260999965667724609e+01 8.778205827935165968e-10 9.030656185359015806e-10
1.261999988555908203e+01 8.746187410613644360e-10 8.999186577750688796e-10
1.263000011444091797e+01 8.714255398580320706e-10 8.967791125751532933e-10
1.263999938964843750e+01 8.682414048001794740e-10 8.936472364796941785e-10
1.264999961853027344e+01 8.650658236518054147e-10 8.905223826931033044e-10
1.265999984741210938e+01 8.618991712922218792e-10 8.874047977967353028e-10
1.267000007629394531e+01 8.587414974916700593e-10 8.842944278171973765e-10
1.267999935150146484e+01 8.555931347114407793e-10 8.811915146565831072e-10
1.268999958038330078e+01 8.524535020505666424e-10 8.780954147962239980e-10
1.269999980926513672e+01 8.493229111279974120e-10 8.750063766081828780e-10
1.271000003814697266e+01 8.462013688544939588e-10 8.719243579516056117e-10
1.271999931335449219e+01 8.430891787475314016e-10 8.688496168968453903e-10
1.272999954223632812e+01 8.399857589962265056e-10 8.657815411261888443e-10
1.273999977111816406e+01 8.368914272910060892e-10 8.627204088300953618e-10
1.275000000000000000e+01 8.338062166059917678e-10 8.596662165655120836e-10
1.275999927520751953e+01 8.307304683244742313e-10 8.566192639448791388e-10
1.276999950408935547e+01 8.276636626771851301e-10 8.535789930796462690e-10
1.277999973297119141e+01 8.246061809011613214e-10 8.505457327891129507e-10
1.278999996185302734e+01 8.215581323798132507e-10 8.475195359461057983e-10
1.279999923706054688e+01 8.185199385503511119e-10 8.445007582231114099e-10
1.280999946594238281e+01 8.154911748322378515e-10 8.414889070650009151e-10
1.281999969482421875e+01 8.124723086489195211e-10 8.384843689743623296e-10
1.282999992370605469e+01 8.094635379458469434e-10 8.354872564756112691e-10
1.284000015258789062e+01 8.064650796060379770e-10 8.324976958309560086e-10
1.284999942779541016e+01 8.034774511762740070e-10 8.295161100398073291e-10
1.285999965667724609e+01 8.005003289618329083e-10 8.265420810240664344e-10
1.286999988555908203e+01 7.975342540457737173e-10 8.235760545860598658e-10
1.288000011444091797e+01 7.945794876180623538e-10 8.206182010062744697e-10
1.288999938964843750e+01 7.916365719860446144e-10 8.176689789961552556e-10
1.289999961853027344e+01 7.887052046895663546e-10 8.147280100988132015e-10
1.290999984741210938e+01 7.857859179513669149e-10 8.117957648649316249e-10
1.292000007629394531e+01 7.828789502724869067e-10 8.088724354232003979e-10
1.292999935150146484e+01 7.799847987043395562e-10 8.059584932158712928e-10
1.293999958038330078e+01 7.771031118056185759e-10 8.030535769111921563e-10
1.294999980926513672e+01 7.742343420211919639e-10 8.001581586527857515e-10
1.296000003814697266e+01 7.713786369701651313e-10 7.972724303978687538e-10
1.296999931335449219e+01 7.685363836886331871e-10 7.943968550469896669e-10
1.297999954223632812e+01 7.657071233534741909e-10 7.915310696032472295e-10
1.298999977111816406e+01 7.628911761728585648e-10 7.886755300620105789e-10
1.300000000000000000e+01 7.600885548489930951e-10 7.858304129116808546e-10
1.300999927520751953e+01 7.572995016049426705e-10 7.829961594795586806e-10
1.301999950408935547e+01 7.545234258995240215e-10 7.801723954650048792e-10
1.302999973297119141e+01 7.517605017875485239e-10 7.773595529366738296e-10
1.303999996185302734e+01 7.490106046442403595e-10 7.745577882566684067e-10
1.304999923706054688e+01 7.462738408824837292e-10 7.717675188188031757e-10
1.305999946594238281e+01 7.435495084326266087e-10 7.689883601084526667e-10
1.306999969482421875e+01 7.408376666157535398e-10 7.662207229849536900e-10
1.307999992370605469e+01 7.381380952944458883e-10 7.634647488223093914e-10
1.309000015258789062e+01 7.354505610957061780e-10 7.607205767712302782e-10
1.309999942779541016e+01 7.327750771668586632e-10 7.579886045992204212e-10
1.310999965667724609e+01 7.301108887111772381e-10 7.552684481737153237e-10
1.311999988555908203e+01 7.274580093106820801e-10 7.525605056281820609e-10
1.313000011444091797e+01 7.248162043229032811e-10 7.498649145466850778e-10
1.313999938964843750e+01 7.221855022452489873e-10 7.471820690412235513e-10
1.314999961853027344e+01 7.195651968793224292e-10 7.445115978145240325e-10
1.315999984741210938e+01 7.169553572701314939e-10 7.418538997851450882e-10
1.317000007629394531e+01 7.143558272372682839e-10 7.392091196876261841e-10
1.317999935150146484e+01 7.117667267265238457e-10 7.365776548551664144e-10
1.318999958038330078e+01 7.091874680681424356e-10 7.339591525375408843e-10
1.319999980926513672e+01 7.066182398608606765e-10 7.313540154742695466e-10
1.321000003814697266e+01 7.040590199514597228e-10 7.287623963735692783e-10
1.321999931335449219e+01 7.015100663591924426e-10 7.261846940823568438e-10
1.322999954223632812e+01 6.989709459634307921e-10 7.236205707538443149e-10
1.323999977111816406e+01 6.964419925411735978e-10 7.210704260745737941e-10
1.325000000000000000e+01 6.939233321391658524e-10 7.185344115462522334e-10
1.325999927520751953e+01 6.914153632978826477e-10 7.160129156047265689e-10
1.326999950408935547e+01 6.889177986262745390e-10 7.135056018441500552e-10
1.327999973297119141e+01 6.864310967473182252e-10 7.110128505665601832e-10
1.328999996185302734e+01 6.839555007858397762e-10 7.085347941696553089e-10
1.329999923706054688e+01 6.814915082417354772e-10 7.060717909974423359e-10
1.330999946594238281e+01 6.790389275456303778e-10 7.036234857823462968e-10
1.331999969482421875e+01 6.765982833280269949e-10 7.011902176887521956e-10
1.332999992370605469e+01 6.741698702552634903e-10 6.987720778811662302e-10
1.334000015258789062e+01 6.717539835907651158e-10 6.963691438577813043e-10
1.334999942779541016e+01 6.693511427854480784e-10 6.939817052555020932e-10
1.335999965667724609e+01 6.669611711548954898e-10 6.916093533977034607e-10
1.336999988555908203e+01 6.645845663521606750e-10 6.892523465590918106e-10
1.338000011444091797e+01 6.622215781612395590e-10 6.869106968918114365e-10
1.338999938964843750e+01 6.598726577904679013e-10 6.845846193368440627e-10
1.339999961853027344e+01 6.575375596893432982e-10 6.822736452211976767e-10
1.340999984741210938e+01 6.552166828754014401e-10 6.799779530359068391e-10
1.342000007629394531e+01 6.529101712562585366e-10 6.776974795064513032e-10
1.342999935150146484e+01 6.506183545263638113e-10 6.754323575252808316e-10
1.343999958038330078e+01 6.483408741966400451e-10 6.731820537211287278e-10
1.344999980926513672e+01 6.460779947227397790e-10 6.709466650672506896e-10
1.346000003814697266e+01 6.438297280120855088e-10 6.687260539073443822e-10
1.346999931335449219e+01 6.415962658695980680e-10 6.665202750987991501e-10
1.347999954223632812e+01 6.393771307571042014e-10 6.643287368069914237e-10
1.348999977111816406e+01 6.371724558035370608e-10 6.621514637178858137e-10
1.350000000000000000e+01 6.349821337365786132e-10 6.599882552384221917e-10
1.350999927520751953e+01 6.328062402215507218e-10 6.578391020535552774e-10
1.351999950408935547e+01 6.306442082605986561e-10 6.557033688203070006e-10
1.352999973297119141e+01 6.284960766053263109e-10 6.535810252131402976e-10
1.353999996185302734e+01 6.263616618020195280e-10 6.514718260123330894e-10
1.354999923706054688e+01 6.242409715944258750e-10 6.493757173969412417e-10
1.355999946594238281e+01 6.221334006473778615e-10 6.472920397265926478e-10
1.356999969482421875e+01 6.200389475016194922e-10 6.452207282542033841e-10
1.357999992370605469e+01 6.179574074472307210e-10 6.431615134334158801e-10
1.359000015258789062e+01 6.158885783982120092e-10 6.411141225814522503e-10
1.359999942779541016e+01 6.138324589315998076e-10 6.390784744418556005e-10
1.360999965667724609e+01 6.117884673469507638e-10 6.370539047187459889e-10
1.361999988555908203e+01 6.097566199875611780e-10 6.350403317598278212e-10
1.363000011444091797e+01 6.077367469013224994e-10 6.330374795708277419e-10
1.363999938964843750e+01 6.057288802632158096e-10 6.310452627420382656e-10
1.364999961853027344e+01 6.037324897392841174e-10 6.290630278895567705e-10
1.365999984741210938e+01 6.017476312234156404e-10 6.270906941881245521e-10
1.367000007629394531e+01 5.997741788320125963e-10 6.251279925490850964e-10
1.367999935150146484e+01 5.978122024516869297e-10 6.231748424386741143e-10
1.368999958038330078e+01 5.958612184925707679e-10 6.212306076627570929e-10
1.369999980926513672e+01 5.939213105206229242e-10 6.192952141657259068e-10
1.371000003814697266e+01 5.919923772887656093e-10 6.173684041062915642e-10
1.371999931335449219e+01 5.900745000700470994e-10 6.154501051812318931e-10
1.372999954223632812e+01 5.881672090806518491e-10 6.135396995357221755e-10
1.373999977111816406e+01 5.862705778947141698e-10 6.116371213872026302e-10
1.375000000000000000e+01 5.843844877583917699e-10 6.097421245182009602e-10
1.375999927520751953e+01 5.825089862437518861e-10 6.078546451321800880e-10
1.376999950408935547e+01 5.806435698618811589e-10 6.059740825578033459e-10
1.377999973297119141e+01 5.787882545412358157e-10 6.041003792743908073e-10
1.378999996185302734e+01 5.769428566962405268e-10 6.022333002894035251e-10
1.379999923706054688e+01 5.751073450213827778e-10 6.003727906488264994e-10
1.380999946594238281e+01 5.732811395035247703e-10 5.985182665194963975e-10
1.381999969482421875e+01 5.714641604883624002e-10 5.966696800048715661e-10
1.382999992370605469e+01 5.696561267226340047e-10 5.948268090235862431e-10
1.384000015258789062e+01 5.678567305946181147e-10 5.929894353692330586e-10
1.384999942779541016e+01 5.660658089638229399e-10 5.911575196339811290e-10
1.385999965667724609e+01 5.642826614575663749e-10 5.893305032039951032e-10
1.386999988555908203e+01 5.625070767026394691e-10 5.875083570019600792e-10
1.388000011444091797e+01 5.607386503370226979e-10 5.856908827417109876e-10
1.388999938964843750e+01 5.589771262643530944e-10 5.838780610612703435e-10
1.389999961853027344e+01 5.572217282257588164e-10 5.820693609384477577e-10
1.390999984741210938e+01 5.554721710672497209e-10 5.802647776234558306e-10
1.392000007629394531e+01 5.537279918352959723e-10 5.784641412835495180e-10
1.392999935150146484e+01 5.519888876395469518e-10 5.766674617410967909e-10
1.393999958038330078e+01 5.502540569208297123e-10 5.748742440368638680e-10
1.394999980926513672e+01 5.485231988928111717e-10 5.730845170702033259e-10
1.396000003814697266e+01 5.467958539634891904e-10 5.712981481898878120e-10
1.396999931335449219e+01 5.450717385842444582e-10 5.695151850984250522e-10
1.397999954223632812e+01 5.433500920069576919e-10 5.677351762802430040e-10
1.398999977111816406e+01 5.416306669502196232e-10 5.659581915714847379e-10
1.400000000000000000e+01 5.399130753193633687e-10 5.641841417363881212e-10
1.400999927520751953e+01 5.381971199835643913e-10 5.624131176726355984e-10
1.401999950408935547e+01 5.364821433088992725e-10 5.606447149590599914e-10
1.402999973297119141e+01 5.347680116910369985e-10 5.588790472211152126e-10
1.403999996185302734e+01 5.330544629938559947e-10 5.571160700508272540e-10
1.404999923706054688e+01 5.313414352854642996e-10 5.553559175602520370e-10
1.405999946594238281e+01 5.296284143824731026e-10 5.535982307080650590e-10
1.406999969482421875e+01 5.279154145947252570e-10 5.518431641273506803e-10
1.407999992370605469e+01 5.262023251874497968e-10 5.500907138588367129e-10
1.409000015258789062e+01 5.244890731729722978e-10 5.483408847765848274e-10
1.409999942779541016e+01 5.227757855183288135e-10 5.465938564114201197e-10
1.410999965667724609e+01 5.210621339342135108e-10 5.448493160243810746e-10
1.411999988555908203e+01 5.193483131801377301e-10 5.431074576269973448e-10
1.413000011444091797e+01 5.176343849526358368e-10 5.413683144464027612e-10
1.413999938964843750e+01 5.159206018711083928e-10 5.396320903386347468e-10
1.414999961853027344e+01 5.142067505707432734e-10 5.378984969757277065e-10
1.415999984741210938e+01 5.124931290728483449e-10 5.361677465604596873e-10
1.417000007629394531e+01 5.107798894230751210e-10 5.344398884606525452e-10
1.417999935150146484e+01 5.090673609960814916e-10 5.327151385722211828e-10
1.418999958038330078e+01 5.073553935658435120e-10 5.309932208778075984e-10
1.419999980926513672e+01 5.056443339222662762e-10 5.292743538434665036e-10
1.421000003814697266e+01 5.039343690859990927e-10 5.275585914825184971e-10
1.421999931335449219e+01 5.022258495314569343e-10 5.258461507380994767e-10
1.422999954223632812e+01 5.005186346326083136e-10 5.241367579254783308e-10
1.423999977111816406e+01 4.988130678556458109e-10 5.224306283110555306e-10
1.425000000000000000e+01 4.971093227288768263e-10 5.207278122052758016e-10
1.425999927520751953e+01 4.954077262375688480e-10 5.190285200484420120e-10
1.426999950408935547e+01 4.937081085890774103e-10 5.173324742616736547e-10
1.427999973297119141e+01 4.920107760206930842e-10 5.156398815373309602e-10
1.428999996185302734e+01 4.903158610704770563e-10 5.139507842163374117e-10
1.429999923706054688e+01 4.886236461442093881e-10 5.122653830175186087e-10
1.430999946594238281e+01 4.869339186127773548e-10 5.105833944753238202e-10
1.431999969482421875e+01 4.852469400118877962e-10 5.089050155334851487e-10
1.432999992370605469e+01 4.835628012701240394e-10 5.072302802939537487e-10
1.434000015258789062e+01 4.818815857288019784e-10 5.055592211169479772e-10
1.434999942779541016e+01 4.802035307601098767e-10 5.038920276552572403e-10
1.435999965667724609e+01 4.785283897433265430e-10 5.022284113976591445e-10
1.436999988555908203e+01 4.768563944248763272e-10 5.005685598798584838e-10
1.438000011444091797e+01 4.751876165768006502e-10 4.989125005875555475e-10
1.438999938964843750e+01 4.735222889890129283e-10 4.972604176908482958e-10
1.439999961853027344e+01 4.718601725869693098e-10 4.956120223635539434e-10
1.440999984741210938e+01 4.702015113771881963e-10 4.939674983894574586e-10
1.442000007629394531e+01 4.685463986854763035e-10 4.923268717037723521e-10
1.442999935150146484e+01 4.668950950031197928e-10 4.906903242026611568e-10
1.443999958038330078e+01 4.652473997427328911e-10 4.890575698807031802e-10
1.444999980926513672e+01 4.636035972084073888e-10 4.874287914829889733e-10
1.446000003814697266e+01 4.619638269135064207e-10 4.858040158406181775e-10
1.446999931335449219e+01 4.603283973587140850e-10 4.841834245524074347e-10
1.447999954223632812e+01 4.586971623833972638e-10 4.825667361761319784e-10
1.448999977111816406e+01 4.570704566058540768e-10 4.809541335725774236e-10
1.450000000000000000e+01 4.554484701829230021e-10 4.793456452811894421e-10
1.450999927520751953e+01 4.538315577544986420e-10 4.777414529996127000e-10
1.451999950408935547e+01 4.522196203329486013e-10 4.761412799426730608e-10
1.452999973297119141e+01 4.506130287767992372e-10 4.745453087815407006e-10
1.453999996185302734e+01 4.490120040988868855e-10 4.729535691503878892e-10
1.454999923706054688e+01 4.474169213325635879e-10 4.713662419861168965e-10
1.455999946594238281e+01 4.458276988631281783e-10 4.697830542716837732e-10
1.456999969482421875e+01 4.442447083887453801e-10 4.682041873290062446e-10
1.457999992370605469e+01 4.426681628956154297e-10 4.666296707627975770e-10
1.458999919891357422e+01 4.410984156162988544e-10 4.650596835869178860e-10
1.459999942779541016e+01 4.395353588194155424e-10 4.634939556050135572e-10
1.460999965667724609e+01 4.379793193594245007e-10 4.619326658386655582e-10
1.461999988555908203e+01 4.364304566195820768e-10 4.603758431923320313e-10
1.463000011444091797e+01 4.348889100539274078e-10 4.588235163937510634e-10
1.463999938964843750e+01 4.333549430893780270e-10 4.572758614392090770e-10
1.464999961853027344e+01 4.318283567908581854e-10 4.557326116619093843e-10
1.465999984741210938e+01 4.303093662918611608e-10 4.541939434904898940e-10
1.467000007629394531e+01 4.287980137821791617e-10 4.526598856270955700e-10
1.467999935150146484e+01 4.272944576412287172e-10 4.511306126899829772e-10
1.468999958038330078e+01 4.257983993101660328e-10 4.496058623142687797e-10
1.469999980926513672e+01 4.243099440150763227e-10 4.480858104596203728e-10
1.471000003814697266e+01 4.228290271262272082e-10 4.465704876322489021e-10
1.471999931335449219e+01 4.213556991642218842e-10 4.450600690054306153e-10
1.472999954223632812e+01 4.198895660200511216e-10 4.435542987108636336e-10
1.473999977111816406e+01 4.184306339368694857e-10 4.420533543842275645e-10
1.475000000000000000e+01 4.169787489574420349e-10 4.405572705109692805e-10
1.475999927520751953e+01 4.155338778441539911e-10 4.390662248661142012e-10
1.476999950408935547e+01 4.140955603056603674e-10 4.375799701774778801e-10
1.477999973297119141e+01 4.126637387510755752e-10 4.360986874564772395e-10
1.478999996185302734e+01 4.112382095550466307e-10 4.346224166969569931e-10
1.479999923706054688e+01 4.098188994559460935e-10 4.331513394159688922e-10
1.480999946594238281e+01 4.084053278550857949e-10 4.316852178667171148e-10
1.481999969482421875e+01 4.069974221242549501e-10 4.302242367776687648e-10
1.482999992370605469e+01 4.055949786179963644e-10 4.287684416050286780e-10
1.483999919891357422e+01 4.041979341799837160e-10 4.273180170007701212e-10
1.484999942779541016e+01 4.028058363447088859e-10 4.258727338073132265e-10
1.485999965667724609e+01 4.014186450871972521e-10 4.244327788786784373e-10
1.486999988555908203e+01 4.000362015015727711e-10 4.229982010545867619e-10
1.488000011444091797e+01 3.986583629759072933e-10 4.215690494258420773e-10
1.488999938964843750e+01 3.972851353222959023e-10 4.201455086476626282e-10
1.489999961853027344e+01 3.959161502680644488e-10 4.187273560344639730e-10
1.490999984741210938e+01 3.945514518595693230e-10 4.173147759353114214e-10
1.492000007629394531e+01 3.931909723165509895e-10 4.159078157764970337e-10
1.492999935150146484e+01 3.918347921270066614e-10 4.145066551156262915e-10
1.493999958038330078e+01 3.904826224734892526e-10 4.131110713960047437e-10
1.494999980926513672e+01 3.891345803357955841e-10 4.117212413442016790e-10
1.496000003814697266e+01 3.877906694265502662e-10 4.103372056736081314e-10
1.496999931335449219e+01 3.864510357391363389e-10 4.089591337327667726e-10
1.497999954223632812e+01 3.851154550626833628e-10 4.075867981396720423e-10
1.498999977111816406e+01 3.837840975606460344e-10 4.062203630389112514e-10
1.500000000000000000e+01 3.824570141437015757e-10 4.048598575816061981e-10
