# col1: q[fm^-1] col2: weakFF col3: chargeFF [unitless]
9.999999999999999547e-07 9.999999180076843963e-01 9.999999266071496473e-01
9.999999776482582092e-03 9.998089460135445306e-01 9.998027694769761053e-01
1.999999955296516418e-02 9.992362188172595472e-01 9.992115013394079481e-01
2.999999932944774628e-02 9.982823025063893851e-01 9.982267316417633429e-01
3.999999910593032837e-02 9.969481395946835356e-01 9.968494750263603432e-01
4.999999701976776123e-02 9.952350479365235092e-01 9.950811500505781781e-01
5.999999865889549255e-02 9.931447169414630016e-01 9.929235750571924202e-01
7.000000029802322388e-02 9.906792080406897627e-01 9.903789683717322267e-01
7.999999821186065674e-02 9.878409504692829968e-01 9.874499436034603894e-01
8.999999612569808960e-02 9.846327350277457313e-01 9.841395028022090763e-01
9.999999403953552246e-02 9.810577126586171870e-01 9.804510345267279936e-01
1.099999994039535522e-01 9.771193857394383508e-01 9.763883043414895990e-01
1.199999973177909851e-01 9.728216147718270479e-01 9.719554611417395851e-01
1.299999952316284180e-01 9.681685949333844743e-01 9.671570123378446793e-01
1.400000005960464478e-01 9.631648573450316553e-01 9.619978244896539854e-01
1.499999910593032837e-01 9.578152787210038044e-01 9.564831325267456608e-01
1.599999964237213135e-01 9.521250311105838859e-01 9.506184871650213974e-01
1.700000017881393433e-01 9.460996252914367632e-01 9.444097988292108337e-01
1.799999922513961792e-01 9.397448808711563739e-01 9.378633059718686216e-01
1.899999976158142090e-01 9.330668869699534351e-01 9.309855336876757814e-01
1.999999880790710449e-01 9.260720606294033930e-01 9.237833529565803170e-01
2.099999934434890747e-01 9.187670577766112734e-01 9.162638879946684023e-01
2.199999988079071045e-01 9.111588351540567121e-01 9.084345790482449834e-01
2.299999892711639404e-01 9.032546108769156090e-01 9.003031407673650621e-01
2.399999946355819702e-01 8.950618165229801138e-01 8.918775119077688718e-01
2.500000000000000000e-01 8.865881569604109336e-01 8.831659158411772070e-01
2.599999904632568359e-01 8.778415657436087205e-01 8.741768136018767121e-01
2.699999809265136719e-01 8.688301663265882713e-01 8.649188629709428922e-01
2.800000011920928955e-01 8.595622705012553322e-01 8.554009158435375015e-01
2.899999916553497314e-01 8.500464653270376481e-01 8.456321064051987024e-01
2.999999821186065674e-01 8.402914352643131579e-01 8.356216673976961662e-01
3.100000023841857910e-01 8.303060295411159863e-01 8.253789982997330466e-01
3.199999928474426270e-01 8.200993421924868132e-01 8.149137463180373686e-01
3.299999833106994629e-01 8.096805208887437599e-01 8.042356092453258887e-01
3.400000035762786865e-01 7.990588406779753905e-01 7.933544101422606021e-01
3.499999940395355225e-01 7.882437890191515972e-01 7.822801833714054798e-01
3.599999845027923584e-01 7.772448629700695610e-01 7.710229658375609141e-01
3.700000047683715820e-01 7.660716488068057828e-01 7.595928776632723256e-01
3.799999952316284180e-01 7.547339114886539857e-01 7.480002126946428964e-01
3.899999856948852539e-01 7.432413819320028425e-01 7.362552199711636103e-01
3.999999761581420898e-01 7.316038768579495866e-01 7.243682254718157854e-01
4.099999964237213135e-01 7.198312176617812641e-01 7.123495483610305934e-01
4.199999868869781494e-01 7.079333584250483424e-01 7.002096308397975921e-01
4.299999773502349854e-01 6.959201627192714845e-01 6.879588095115606317e-01
4.399999976158142090e-01 6.838014947903428009e-01 6.756074078385621018e-01
4.499999880790710449e-01 6.715873170674389048e-01 6.631658347368103446e-01
4.599999785423278809e-01 6.592874611912505900e-01 6.506443505590071563e-01
4.699999988079071045e-01 6.469117231618826125e-01 6.380531635741855112e-01
4.799999892711639404e-01 6.344699632797913269e-01 6.254025309881880990e-01
4.899999797344207764e-01 6.219718731660839328e-01 6.127025213984426122e-01
5.000000000000000000e-01 6.094270742457663648e-01 5.999631146446898766e-01
5.099999904632568359e-01 5.968452195033696617e-01 5.871943046195404747e-01
5.199999809265136719e-01 5.842357582287344142e-01 5.744058600018449035e-01
5.299999713897705078e-01 5.716080748445897530e-01 5.616074649573457034e-01
5.399999618530273438e-01 5.589714412687285527e-01 5.488086705013756061e-01
5.500000119209289551e-01 5.463349316070064132e-01 5.360188079575217701e-01
5.600000023841857910e-01 5.337077137532841853e-01 5.232472838756022648e-01
5.699999928474426270e-01 5.210985880456184827e-01 5.105031129764476816e-01
5.799999833106994629e-01 5.085162796048418032e-01 4.977952140361500133e-01
5.899999737739562988e-01 4.959693543605143140e-01 4.851323248661611465e-01
5.999999642372131348e-01 4.834662107720408275e-01 4.725229939876149365e-01
6.100000143051147461e-01 4.710149978813713001e-01 4.599754981504897700e-01
6.200000047683715820e-01 4.586239043481032951e-01 4.474981336719847103e-01
6.299999952316284180e-01 4.463007059588969816e-01 4.350987606231059845e-01
6.399999856948852539e-01 4.340530561177731728e-01 4.227850958489837163e-01
6.499999761581420898e-01 4.218884051345945241e-01 4.105646318798966132e-01
6.599999666213989258e-01 4.098139942965884908e-01 3.984446312785052680e-01
6.699999570846557617e-01 3.978368503485721908e-01 3.864321214435205709e-01
6.800000071525573730e-01 3.859637099386792336e-01 3.745338193049405628e-01
6.899999976158142090e-01 3.742012973842874790e-01 3.627564100416715287e-01
6.999999880790710449e-01 3.625558957166736818e-01 3.511061176808151219e-01
7.099999785423278809e-01 3.510336265559753088e-01 3.395889861264095866e-01
7.199999690055847168e-01 3.396403755697693927e-01 3.282108049677058270e-01
7.299999594688415527e-01 3.283817894287399120e-01 3.169771069993123636e-01
7.400000095367431641e-01 3.172632073273757847e-01 3.058931005730445296e-01
7.500000000000000000e-01 3.062899230096689518e-01 2.949639313673604324e-01
7.599999904632568359e-01 2.954667852653320437e-01 2.841942847745309031e-01
7.699999809265136719e-01 2.847984624568923873e-01 2.735886503378767154e-01
7.799999713897705078e-01 2.742893747863415777e-01 2.631512548955830533e-01
7.899999618530273438e-01 2.639436936420264668e-01 2.528860626470190720e-01
7.999999523162841797e-01 2.537653413249552625e-01 2.427967756156146351e-01
8.100000023841857910e-01 2.437579320154154017e-01 2.328867759717309638e-01
8.199999928474426270e-01 2.339250098132921452e-01 2.231593624640670903e-01
8.299999833106994629e-01 2.242696916357976300e-01 2.136173975765965904e-01
8.399999737739562988e-01 2.147949080224762219e-01 2.042635468401549081e-01
8.499999642372131348e-01 2.055033444787139618e-01 1.951002215180628052e-01
8.599999547004699707e-01 1.963974433094700378e-01 1.861295812289687490e-01
8.700000047683715820e-01 1.874793531796484503e-01 1.773534851629385845e-01
8.799999952316284180e-01 1.787511430782371957e-01 1.687737034083154619e-01
8.899999856948852539e-01 1.702144861238079065e-01 1.603916066231162729e-01
8.999999761581420898e-01 1.618708763647384863e-01 1.522083802677362541e-01
9.099999666213989258e-01 1.537215783791108792e-01 1.442249758039183538e-01
9.199999570846557617e-01 1.457676308549575306e-01 1.364421150383893500e-01
9.300000071525573730e-01 1.380098047671678430e-01 1.288602501149980484e-01
9.399999976158142090e-01 1.304487912376466885e-01 1.214797478903189287e-01
9.499999880790710449e-01 1.230849283857840121e-01 1.143006238058061896e-01
9.599999785423278809e-01 1.159183919725204209e-01 1.073227290738812817e-01
9.699999690055847168e-01 1.089491532860159262e-01 1.005457102916985923e-01
9.799999594688415527e-01 1.021769840413079278e-01 9.396901501608061202e-02
9.899999499320983887e-01 9.560146145593489964e-02 8.759189749499821098e-02
1.000000000000000000e+00 8.922193604681730172e-02 8.141338830507285906e-02
1.009999990463256836e+00 8.303768794873020442e-02 7.543244647540960079e-02
1.019999980926513672e+00 7.704770430035252915e-02 6.964774465670865722e-02
1.029999971389770508e+00 7.125083815957790334e-02 6.405782382539894348e-02
1.039999961853027344e+00 6.564577566072536674e-02 5.866106217559160368e-02
1.049999952316284180e+00 6.023104188041288748e-02 5.345568150436162680e-02
1.059999942779541016e+00 5.500500679154503303e-02 4.843975365993966054e-02
1.069999933242797852e+00 4.996589129329059159e-02 4.361120704022581479e-02
1.079999923706054688e+00 4.511177330510189598e-02 3.896783312929833626e-02
1.090000033378601074e+00 4.044053931000791968e-02 3.450724096615721131e-02
1.100000023841857910e+00 3.595011109485947431e-02 3.022707423125140999e-02
1.110000014305114746e+00 3.163811789699494392e-02 2.612469882704992336e-02
1.120000004768371582e+00 2.750212752981366984e-02 2.219742429059926372e-02
1.129999995231628418e+00 2.353959585418211736e-02 1.844245608655629975e-02
1.139999985694885254e+00 1.974787301790346256e-02 1.485690212945220412e-02
1.149999976158142090e+00 1.612420968200593482e-02 1.143777926629245718e-02
1.159999966621398926e+00 1.266576322392598195e-02 8.182019709789999790e-03
1.169999957084655762e+00 9.369603907977919199e-03 5.086477412907200457e-03
1.179999947547912598e+00 6.232721013828525225e-03 2.147934375767534057e-03
1.189999938011169434e+00 3.252028914031838188e-03 -6.368931236095252057e-04
1.199999928474426270e+00 4.243730920236328248e-04 -3.271348382900342820e-03
1.209999918937683105e+00 -2.253463907672827345e-03 -5.758828221144342979e-03
1.220000028610229492e+00 -4.784785919993455282e-03 -8.102804124196406541e-03
1.230000019073486328e+00 -7.172858420424874440e-03 -1.030670634616762116e-02
1.240000009536743164e+00 -9.421083816794349405e-03 -1.237408576374975783e-02
1.250000000000000000e+00 -1.153287344285829595e-02 -1.430849482844618464e-02
1.259999990463256836e+00 -1.351167310034257982e-02 -1.611351086532968394e-02
1.269999980926513672e+00 -1.536095766828537469e-02 -1.779273071114698471e-02
1.279999971389770508e+00 -1.708422582763383449e-02 -1.934976548736576027e-02
1.289999961853027344e+00 -1.868499490637725441e-02 -2.078823551267102235e-02
1.299999952316284180e+00 -2.016679585012271306e-02 -2.211176535902184895e-02
1.309999942779541016e+00 -2.153316832264597774e-02 -2.332397905498774515e-02
1.319999933242797852e+00 -2.278765594057812968e-02 -2.442849543969807108e-02
1.329999923706054688e+00 -2.393380164602078308e-02 -2.542892367035841372e-02
1.339999914169311523e+00 -2.497514322051712712e-02 -2.632885888591315199e-02
1.350000023841857910e+00 -2.591521956023768586e-02 -2.713188703828929224e-02
1.360000014305114746e+00 -2.675752286982622033e-02 -2.784154374588421188e-02
1.370000004768371582e+00 -2.750556179331213602e-02 -2.846136781034463992e-02
1.379999995231628418e+00 -2.816281153652214556e-02 -2.899485812675832094e-02
1.389999985694885254e+00 -2.873272192995825897e-02 -2.944548029752656199e-02
1.399999976158142090e+00 -2.921871384312578132e-02 -2.981666326714208295e-02
1.409999966621398926e+00 -2.962417575446148199e-02 -3.011179612138186953e-02
1.419999957084655762e+00 -2.995246047758536728e-02 -3.033422505080601156e-02
1.429999947547912598e+00 -3.020688204429556462e-02 -3.048725047816087594e-02
1.439999938011169434e+00 -3.039071274443163467e-02 -3.057412434900314696e-02
1.449999928474426270e+00 -3.050718032244483999e-02 -3.059804758458976523e-02
1.459999918937683105e+00 -3.055946533023946865e-02 -3.056216769581966003e-02
1.469999909400939941e+00 -3.055069863558202911e-02 -3.046957655676374790e-02
1.480000019073486328e+00 -3.048395795604609201e-02 -3.032330628436412032e-02
1.490000009536743164e+00 -3.036226955450307269e-02 -3.012633494575496160e-02
1.500000000000000000e+00 -3.018860137979489239e-02 -2.988157428430815443e-02
1.509999990463256836e+00 -2.996586371924657086e-02 -2.959187448891465941e-02
1.519999980926513672e+00 -2.969690700966053087e-02 -2.926002130592122996e-02
1.529999971389770508e+00 -2.938452025077442631e-02 -2.888873472698510678e-02
1.539999961853027344e+00 -2.903142956278774098e-02 -2.848066782027704538e-02
1.549999952316284180e+00 -2.864029688550253500e-02 -2.803840570199435736e-02
1.559999942779541016e+00 -2.821371881645343485e-02 -2.756446464500092799e-02
1.569999933242797852e+00 -2.775422558524207398e-02 -2.706129132127678763e-02
1.579999923706054688e+00 -2.726428016114206335e-02 -2.653126217473724194e-02
1.589999914169311523e+00 -2.674627749090350767e-02 -2.597668292087025252e-02
1.599999904632568359e+00 -2.620254386355746340e-02 -2.539978816953874716e-02
1.610000014305114746e+00 -2.563532950610366429e-02 -2.480273393810878899e-02
1.620000004768371582e+00 -2.504683552247491049e-02 -2.418762622254696029e-02
1.629999995231628418e+00 -2.443917301002534320e-02 -2.355647822537088043e-02
1.639999985694885254e+00 -2.381438969590425614e-02 -2.291123869181502931e-02
1.649999976158142090e+00 -2.317446325900038295e-02 -2.225378508939760205e-02
1.659999966621398926e+00 -2.252130138374554280e-02 -2.158592388867021719e-02
1.669999957084655762e+00 -2.185674191582513692e-02 -2.090939093960300990e-02
1.679999947547912598e+00 -2.118255311594405971e-02 -2.022585193950906038e-02
1.689999938011169434e+00 -2.050043400775743499e-02 -1.953690298839746292e-02
1.699999928474426270e+00 -1.981201481604640685e-02 -1.884407122763931755e-02
1.709999918937683105e+00 -1.911885749119771050e-02 -1.814881555783379175e-02
1.719999909400939941e+00 -1.842245631603271414e-02 -1.745252743177098942e-02
1.730000019073486328e+00 -1.772423026226157758e-02 -1.675652342829499555e-02
1.740000009536743164e+00 -1.702555706762203663e-02 -1.606207936942322459e-02
1.750000000000000000e+00 -1.632772410122021109e-02 -1.537038151014947368e-02
1.759999990463256836e+00 -1.563196255168003770e-02 -1.468256080043862065e-02
1.769999980926513672e+00 -1.493944007114688874e-02 -1.399968569176324867e-02
1.779999971389770508e+00 -1.425126179342735624e-02 -1.332276329596346516e-02
1.789999961853027344e+00 -1.356847140707407966e-02 -1.265274059135639700e-02
1.799999952316284180e+00 -1.289205227962218758e-02 -1.199050567231519683e-02
1.809999942779541016e+00 -1.222292862923249346e-02 -1.133688903860360225e-02
1.819999933242797852e+00 -1.156196674005036118e-02 -1.069266492082160749e-02
1.829999923706054688e+00 -1.090997621764808710e-02 -1.005855263839261320e-02
1.839999914169311523e+00 -1.026771128098243058e-02 -9.435217986600356183e-03
1.849999904632568359e+00 -9.635872087367082506e-03 -8.823274649266263023e-03
1.860000014305114746e+00 -9.015098755338249448e-03 -8.223278554652931754e-03
1.870000004768371582e+00 -8.406002214683469878e-03 -7.635757797396899339e-03
1.879999995231628418e+00 -7.809121198868116016e-03 -7.061171184747436734e-03
1.889999985694885254e+00 -7.224953409714064863e-03 -6.499938479224644586e-03
1.899999976158142090e+00 -6.653949490242631361e-03 -5.952434666678771587e-03
1.909999966621398926e+00 -6.096514478517697615e-03 -5.418991456170587154e-03
1.919999957084655762e+00 -5.553009272213570505e-03 -4.899898784157914571e-03
1.929999947547912598e+00 -5.023752101074223028e-03 -4.395406320328152164e-03
1.939999938011169434e+00 -4.509020004525584636e-03 -3.905724972518394549e-03
1.949999928474426270e+00 -4.009050311798268741e-03 -3.431028388266945100e-03
1.959999918937683105e+00 -3.524042122015551108e-03 -2.971454450642663486e-03
1.969999909400939941e+00 -3.054157781799997189e-03 -2.527106766102230583e-03
1.979999899864196777e+00 -2.599524358051314918e-03 -2.098056142228525885e-03
1.990000009536743164e+00 -2.160229958639595712e-03 -1.684337212926875728e-03
2.000000000000000000e+00 -1.736345952797328914e-03 -1.285969434301847828e-03
2.009999990463256836e+00 -1.327896994811672777e-03 -9.029289288738823237e-04
2.019999980926513672e+00 -9.348835869910344064e-04 -5.351698140705153693e-04
2.029999971389770508e+00 -5.572781682401727965e-04 -1.826205774546338703e-04
2.039999961853027344e+00 -1.950265141756714403e-04 1.548145455695725903e-04
2.049999952316284180e+00 1.519508812168346716e-04 4.772542163286811324e-04
2.059999942779541016e+00 4.837574439333127687e-04 7.848386610670854543e-04
2.069999933242797852e+00 8.005191797620117783e-04 1.077728363989446676e-03
2.079999923706054688e+00 1.102383356910173690e-03 1.356102786304186564e-03
2.089999914169311523e+00 1.389517212707975418e-03 1.620159112320488336e-03
2.099999904632568359e+00 1.662106685557163122e-03 1.870111023559887587e-03
2.109999895095825195e+00 1.920355173200088495e-03 2.106187501754082543e-03
2.119999885559082031e+00 2.164482318294205353e-03 2.328631661513219913e-03
2.129999876022338867e+00 2.394722822188854929e-03 2.537699613363434293e-03
2.139999866485595703e+00 2.611325287714089376e-03 2.733659357769521302e-03
2.149999856948852539e+00 2.814551091706828968e-03 2.916789710677445639e-03
2.159999847412109375e+00 3.004673287916797848e-03 3.087379261033119937e-03
2.169999837875366211e+00 3.181975540854092496e-03 3.245725360657484432e-03
2.180000066757202148e+00 3.346754872670296664e-03 3.392136497569067134e-03
2.190000057220458984e+00 3.499305246027289550e-03 3.526917674855685296e-03
2.200000047683715820e+00 3.639940153890896483e-03 3.650390431802664690e-03
2.210000038146972656e+00 3.768975676614767616e-03 3.762877726966502162e-03
2.220000028610229492e+00 3.886733652967212706e-03 3.864706724765085057e-03
2.230000019073486328e+00 3.993540807205092115e-03 3.956207983522676275e-03
2.240000009536743164e+00 4.089727908960272967e-03 4.037714676609692292e-03
2.250000000000000000e+00 4.175628965940349213e-03 4.109561846539049219e-03
2.259999990463256836e+00 4.251580449386337633e-03 4.172085691827553434e-03
2.269999980926513672e+00 4.317920552173831229e-03 4.225622886380471684e-03
2.279999971389770508e+00 4.374988479390131552e-03 4.270509931109250923e-03
2.289999961853027344e+00 4.423123771168891924e-03 4.307082537447320426e-03
2.299999952316284180e+00 4.462665657514961956e-03 4.335675042385840269e-03
2.309999942779541016e+00 4.493952444805989627e-03 4.356619854611228082e-03
2.319999933242797852e+00 4.517320933613852042e-03 4.370246931288451243e-03
2.329999923706054688e+00 4.533105867447865221e-03 4.376883284998883683e-03
2.339999914169311523e+00 4.541639411982961727e-03 4.376852520308623963e-03
2.349999904632568359e+00 4.543250664300158698e-03 4.370474399412896047e-03
2.359999895095825195e+00 4.538265191632692014e-03 4.358064436273951028e-03
2.369999885559082031e+00 4.527004599079989013e-03 4.339933518644261030e-03
2.379999876022338867e+00 4.509786125722542623e-03 4.316387557343149585e-03
2.389999866485595703e+00 4.486922268544345574e-03 4.287727162134003997e-03
2.399999856948852539e+00 4.458720433544778421e-03 4.254247343529718624e-03
2.409999847412109375e+00 4.425482613400074337e-03 4.216237239837416703e-03
2.419999837875366211e+00 4.387505091014056412e-03 4.173979868738137387e-03
2.429999828338623047e+00 4.345078168280280817e-03 4.127751902684448707e-03
2.440000057220458984e+00 4.298484761078535249e-03 4.077822234992855080e-03
2.450000047683715820e+00 4.248004720063830279e-03 4.024456651402786786e-03
2.460000038146972656e+00 4.193907955826108556e-03 3.967910520768356229e-03
2.470000028610229492e+00 4.136458613339807737e-03 3.908433339126707838e-03
2.480000019073486328e+00 4.075913853817975975e-03 3.846267465769504998e-03
2.490000009536743164e+00 4.012523719754618363e-03 3.781648025996108345e-03
2.500000000000000000e+00 3.946531020096713006e-03 3.714802832454832619e-03
2.509999990463256836e+00 3.878171234793869812e-03 3.645952324315252218e-03
2.519999980926513672e+00 3.807672437972054683e-03 3.575309523516447680e-03
2.529999971389770508e+00 3.735255238977764052e-03 3.503080007339693085e-03
2.539999961853027344e+00 3.661132740540502285e-03 3.429461896558482371e-03
2.549999952316284180e+00 3.585510513304108506e-03 3.354645858424868798e-03
2.559999942779541016e+00 3.508586585981596749e-03 3.278815123757989995e-03
2.569999933242797852e+00 3.430551450393613897e-03 3.202145517408861840e-03
2.579999923706054688e+00 3.351588080656906898e-03 3.124805501384516401e-03
2.589999914169311523e+00 3.271871965797065133e-03 3.046956229924824375e-03
2.599999904632568359e+00 3.191571155068260567e-03 2.968751615836112082e-03
2.609999895095825195e+00 3.110846315272426665e-03 2.890338407397649145e-03
2.619999885559082031e+00 3.029850799380999927e-03 2.811856275169573489e-03
2.629999876022338867e+00 2.948730725773592368e-03 2.733437908044242682e-03
2.639999866485595703e+00 2.867625067420300194e-03 2.655209117896661138e-03
2.649999856948852539e+00 2.786665750347415080e-03 2.577288952204644188e-03
2.659999847412109375e+00 2.705977760739658802e-03 2.499789814023897858e-03
2.669999837875366211e+00 2.625679260046698271e-03 2.422817588719275439e-03
2.679999828338623047e+00 2.545881707476327794e-03 2.346471776869203663e-03
2.690000057220458984e+00 2.466688109209832450e-03 2.270843838991036621e-03
2.700000047683715820e+00 2.388200692040986194e-03 2.196024534478602415e-03
2.710000038146972656e+00 2.310509712485463944e-03 2.122093248164142690e-03
2.720000028610229492e+00 2.233701172560044208e-03 2.049125374374163779e-03
2.730000019073486328e+00 2.157855074792474920e-03 1.977190660532876423e-03
2.740000009536743164e+00 2.083045576954390028e-03 1.906353365801834957e-03
2.750000000000000000e+00 2.009341150309862205e-03 1.836672422286231288e-03
2.759999990463256836e+00 1.936804740894729768e-03 1.768201598362572876e-03
2.769999980926513672e+00 1.865493933359672722e-03 1.700989663700359835e-03
2.779999971389770508e+00 1.795461116927606201e-03 1.635080555568172974e-03
2.789999961853027344e+00 1.726753653033858901e-03 1.570513546032143706e-03
2.799999952316284180e+00 1.659414044235240802e-03 1.507323409672532743e-03
2.809999942779541016e+00 1.593480103992045210e-03 1.445540591461697694e-03
2.819999933242797852e+00 1.528985126944493178e-03 1.385191374463905223e-03
2.829999923706054688e+00 1.465958059322966522e-03 1.326298047034937203e-03
2.839999914169311523e+00 1.404423669148625962e-03 1.268879069216175427e-03
2.849999904632568359e+00 1.344402715898487593e-03 1.212949238034857291e-03
2.859999895095825195e+00 1.285912119326108188e-03 1.158519851438636391e-03
2.869999885559082031e+00 1.228965127145895207e-03 1.105598870608806138e-03
2.879999876022338867e+00 1.173571481305876437e-03 1.054191080412742983e-03
2.889999866485595703e+00 1.119737582590076864e-03 1.004298247771565891e-03
2.899999856948852539e+00 1.067466653307855068e-03 9.559192777345581777e-04
2.909999847412109375e+00 1.016758897843487693e-03 9.090503670668681176e-04
2.919999837875366211e+00 9.676116608547000132e-04 8.636851551716608890e-04
2.929999828338623047e+00 9.200195829241559955e-04 8.198148721822729997e-04
2.939999818801879883e+00 8.739747534827835632e-04 7.774284840737961683e-04
2.950000047683715820e+00 8.294658179130191475e-04 7.365118765675745171e-04
2.960000038146972656e+00 7.864823324080814438e-04 6.970518607509806550e-04
2.970000028610229492e+00 7.450085413106054093e-04 6.590304559879819760e-04
2.980000019073486328e+00 7.050277985310909662e-04 6.224289585656402318e-04
2.990000009536743164e+00 6.665216251802079470e-04 5.872270771235802616e-04
3.000000000000000000e+00 6.294698431050387054e-04 5.534030574523131438e-04
3.009999990463256836e+00 5.938507048139474815e-04 5.209338036144258799e-04
3.019999980926513672e+00 5.596410197141040918e-04 4.897949953352558321e-04
3.029999971389770508e+00 5.268162765969102443e-04 4.599612016198748174e-04
3.039999961853027344e+00 4.953507623175929268e-04 4.314059905631411089e-04
3.049999952316284180e+00 4.652176766254901489e-04 4.041020353288992989e-04
3.059999942779541016e+00 4.363892431117475561e-04 3.780212162835134291e-04
3.069999933242797852e+00 4.088368162505890248e-04 3.531347192774120561e-04
3.079999923706054688e+00 3.825309845195768777e-04 3.294131300765627194e-04
3.089999914169311523e+00 3.574416695929819813e-04 3.068265249535180529e-04
3.099999904632568359e+00 3.335382216106788406e-04 2.853445574550087329e-04
3.109999895095825195e+00 3.107895105329074622e-04 2.649365413700499302e-04
3.119999885559082031e+00 2.891640135987057778e-04 2.455715299290498442e-04
3.129999876022338867e+00 2.686298989128931155e-04 2.272183912705425012e-04
3.139999866485595703e+00 2.491551051931333201e-04 2.098458802179880233e-04
3.149999856948852539e+00 2.307074177149028406e-04 1.934227064144524388e-04
3.159999847412109375e+00 2.132545404980380787e-04 1.779175988679625555e-04
3.169999837875366211e+00 1.967641647840258226e-04 1.632993669650851056e-04
3.179999828338623047e+00 1.812040338583436141e-04 1.495369580144713818e-04
3.189999818801879883e+00 1.665420042768585090e-04 1.365995113861512235e-04
3.199999809265136719e+00 1.527461035596980798e-04 1.244564093159330109e-04
3.210000038146972656e+00 1.397842850891731637e-04 1.130770620177234915e-04
3.220000028610229492e+00 1.276256950382648691e-04 1.024320189043729650e-04
3.230000019073486328e+00 1.162388668517664550e-04 9.249138311687200040e-05
3.240000009536743164e+00 1.055930206397953506e-04 8.322595231396884307e-05
3.250000000000000000e+00 9.565778544158435367e-05 7.460697366028798492e-05
3.259999990463256836e+00 8.640323725787813142e-05 6.660617624054450284e-05
3.269999980926513672e+00 7.779993408893790376e-05 5.919580069938530604e-05
3.279999971389770508e+00 6.981894806470486845e-05 5.234862619417104100e-05
3.289999961853027344e+00 6.243189475528654439e-05 4.603799474901770197e-05
3.299999952316284180e+00 5.561095975112581341e-05 4.023783309918173035e-05
3.309999942779541016e+00 4.932892260337717909e-05 3.492267211546915120e-05
3.319999933242797852e+00 4.355917821566815558e-05 3.006766389859748967e-05
3.329999923706054688e+00 3.827575577910958588e-05 2.564859663365017520e-05
3.339999914169311523e+00 3.345333534269449675e-05 2.164190729465395585e-05
3.349999904632568359e+00 2.906726211135341923e-05 1.802469228902261902e-05
3.359999895095825195e+00 2.509355856392260132e-05 1.477471613126280842e-05
3.369999885559082031e+00 2.150893448294812670e-05 1.187041823463476031e-05
3.379999876022338867e+00 1.829079498784617574e-05 9.290917908799397096e-06
3.389999866485595703e+00 1.541724666233978942e-05 7.016017650515531046e-06
3.399999856948852539e+00 1.286710186626907082e-05 5.026204813443378375e-06
3.409999847412109375e+00 1.061988132103944385e-05 3.302651741974610839e-06
3.419999837875366211e+00 8.655815056796654577e-06 1.827214452646473933e-06
3.429999828338623047e+00 6.955841808311913532e-06 5.824299453900095646e-07
3.439999818801879883e+00 5.501606945208641232e-06 -4.484877746553279372e-07
3.449999809265136719e+00 4.275459020711061265e-06 -1.281652885676018717e-06
3.460000038146972656e+00 3.260423208160987147e-06 -1.932527533829272313e-06
3.470000028610229492e+00 2.440287044861872296e-06 -2.415871535743835326e-06
3.480000019073486328e+00 1.799448708506143222e-06 -2.745843317629963328e-06
3.490000009536743164e+00 1.323010219726451441e-06 -2.935943192620472494e-06
3.500000000000000000e+00 9.967416389347681730e-07 -2.999041105485177856e-06
3.509999990463256836e+00 8.070710023497969944e-07 -2.947387519361312998e-06
3.519999980926513672e+00 7.410734182020567604e-07 -2.792625009225594242e-06
3.529999971389770508e+00 7.864593927941133801e-07 -2.545800498065662576e-06
3.539999961853027344e+00 9.315624540603263943e-07 -2.217378073678437516e-06
3.549999952316284180e+00 1.165326138072942493e-06 -1.817252326269329177e-06
3.559999942779541016e+00 1.477290401876024384e-06 -1.354762148985530298e-06
3.569999933242797852e+00 1.857577523800944299e-06 -8.387049457709207411e-07
3.579999923706054688e+00 2.296877550246094905e-06 -2.773511929931353986e-07
3.589999914169311523e+00 2.786433345740614118e-06 3.215406965725345990e-07
3.599999904632568359e+00 3.318025300826894862e-06 9.507092566198506331e-07
3.609999895095825195e+00 3.883955750193318535e-06 1.603374644236377145e-06
3.619999885559082031e+00 4.477033151185468191e-06 2.273223155870209813e-06
3.629999876022338867e+00 5.090556070686200986e-06 2.954391625250634130e-06
3.639999866485595703e+00 5.718297026187097683e-06 3.641451744155328544e-06
3.649999856948852539e+00 6.354486224628227291e-06 4.329394344743513053e-06
3.659999847412109375e+00 6.993795240530688538e-06 5.013613680243885582e-06
3.669999837875366211e+00 7.631320672766962626e-06 5.689891738741219721e-06
3.679999828338623047e+00 8.262567817212126622e-06 6.354382622781293399e-06
3.689999818801879883e+00 8.883434390510815040e-06 7.003597025694041712e-06
3.699999809265136719e+00 9.490194338088291115e-06 7.634386833486658656e-06
3.709999799728393555e+00 1.007948175759547561e-05 8.243929879387930536e-06
3.720000028610229492e+00 1.064828826174528635e-05 8.829728541102320325e-06
3.730000019073486328e+00 1.119389345691026869e-05 9.389539571870269736e-06
3.740000009536743164e+00 1.171393084308640409e-05 9.921443333442072379e-06
3.750000000000000000e+00 1.220631765913934383e-05 1.042377289832344354e-05
3.759999990463256836e+00 1.266925360059254043e-05 1.089511416972468256e-05
3.769999980926513672e+00 1.310120598346622072e-05 1.133429202083828173e-05
3.779999971389770508e+00 1.350089518930245260e-05 1.174035672743900840e-05
3.789999961853027344e+00 1.386728040810616315e-05 1.211257070752818901e-05
3.799999952316284180e+00 1.419954569436250226e-05 1.245039558026327976e-05
3.809999942779541016e+00 1.449708634975053303e-05 1.275347955503480332e-05
3.819999933242797852e+00 1.475949564467398726e-05 1.302164516019849995e-05
3.829999923706054688e+00 1.498655188934190493e-05 1.325487731968099620e-05
3.839999914169311523e+00 1.517820586370347229e-05 1.345331178442276429e-05
3.849999904632568359e+00 1.533456861426681916e-05 1.361722392446688859e-05
3.859999895095825195e+00 1.545589962452733563e-05 1.374701788631412781e-05
3.869999885559082031e+00 1.554259536453282160e-05 1.384321611913034948e-05
3.879999876022338867e+00 1.559517822396196482e-05 1.390644927233538902e-05
3.889999866485595703e+00 1.561428583194991918e-05 1.393744646611934817e-05
3.899999856948852539e+00 1.560066076587584251e-05 1.393702593551524621e-05
3.909999847412109375e+00 1.555514065030741983e-05 1.390608604777040064e-05
3.919999837875366211e+00 1.547864864634143558e-05 1.384559669192743417e-05
3.929999828338623047e+00 1.537218433069328512e-05 1.375659103875113572e-05
3.939999818801879883e+00 1.523681496302989913e-05 1.364015766839252400e-05
3.949999809265136719e+00 1.507366713924007254e-05 1.349743306251407320e-05
3.959999799728393555e+00 1.488391882759164629e-05 1.332959445692896437e-05
3.970000028610229492e+00 1.466878636237523087e-05 1.313784820361259145e-05
3.980000019073486328e+00 1.442953836065051019e-05 1.292344219137354413e-05
3.990000009536743164e+00 1.416745806257476014e-05 1.268763227743022536e-05
4.000000000000000000e+00 1.388385680074868751e-05 1.243169428166318341e-05
4.009999752044677734e+00 1.358007052367095228e-05 1.215692103775897836e-05
4.019999980926513672e+00 1.325741666348720774e-05 1.186458346790577567e-05
4.029999732971191406e+00 1.291727175234374037e-05 1.155600100145214334e-05
4.039999961853027344e+00 1.256095006661260601e-05 1.123243174652134199e-05
4.049999713897705078e+00 1.218982832927000733e-05 1.089518575725635812e-05
4.059999942779541016e+00 1.180520565043967873e-05 1.054549802025973259e-05
4.069999694824218750e+00 1.140844068318701068e-05 1.018465324288554466e-05
4.079999923706054688e+00 1.100080138039598379e-05 9.813849435496876968e-06
4.089999675750732422e+00 1.058361253844128991e-05 9.434332257919036727e-06
4.099999904632568359e+00 1.015809734735657885e-05 9.047251068168401719e-06
4.110000133514404297e+00 9.725512522278111194e-06 8.653782019430999317e-06
4.119999885559082031e+00 9.287087448196264928e-06 8.255072862296323447e-06
4.130000114440917969e+00 8.843957507635558956e-06 7.852182490639475761e-06
4.139999866485595703e+00 8.397308781069868819e-06 7.446212690871253048e-06
4.150000095367431641e+00 7.948207317513697267e-06 7.038153087836591979e-06
4.159999847412109375e+00 7.497767557532397870e-06 6.629034388090103332e-06
4.170000076293945312e+00 7.046979759363762099e-06 6.219771742440178804e-06
4.179999828338623047e+00 6.596880315288499587e-06 5.811319593341525358e-06
4.190000057220458984e+00 6.148378928463779422e-06 5.404514930018590933e-06
4.199999809265136719e+00 5.702429209837431192e-06 5.000232249681789935e-06
4.210000038146972656e+00 5.259857082482307535e-06 4.599228065668145941e-06
4.219999790191650391e+00 4.821530169290110459e-06 4.202294611825310386e-06
4.230000019073486328e+00 4.388188776818524063e-06 3.810106843756021479e-06
4.239999771118164062e+00 3.960612712848341810e-06 3.423373639669324906e-06
4.250000000000000000e+00 3.539456072811787962e-06 3.042688411568354552e-06
4.259999752044677734e+00 3.125410258732721102e-06 2.668676682195143553e-06
4.269999980926513672e+00 2.719043660241179625e-06 2.301851298684048223e-06
4.279999732971191406e+00 2.320959780463304677e-06 1.942755392144744193e-06
4.289999961853027344e+00 1.931642772219103284e-06 1.591823062503109155e-06
4.299999713897705078e+00 1.551609710320208274e-06 1.249516853254261821e-06
4.309999942779541016e+00 1.181262813424119684e-06 9.161946543032088851e-07
4.319999694824218750e+00 8.210350343868076379e-07 5.922409481234156774e-07
4.329999923706054688e+00 4.712496707465453609e-07 2.779405586176729673e-07
4.339999675750732422e+00 1.322585739128669481e-07 -2.639695487032234971e-08
4.349999904632568359e+00 -1.956902723514053110e-07 -3.205561892712266723e-07
4.360000133514404297e+00 -5.123373239283521576e-07 -6.043121430011696278e-07
4.369999885559082031e+00 -8.174613407708195227e-07 -8.774749481304828157e-07
4.380000114440917969e+00 -1.110919512329204941e-06 -1.139925643027237868e-06
4.389999866485595703e+00 -1.392545856992085342e-06 -1.391525161548726409e-06
4.400000095367431641e+00 -1.662261953819968657e-06 -1.632213285133273680e-06
4.409999847412109375e+00 -1.919968319741529273e-06 -1.861911520372351855e-06
4.420000076293945312e+00 -2.165646041447748080e-06 -2.080613719102305842e-06
4.429999828338623047e+00 -2.399257216574094227e-06 -2.288297263991113775e-06
4.440000057220458984e+00 -2.620837391566541130e-06 -2.485005288049580275e-06
4.449999809265136719e+00 -2.830405153773011577e-06 -2.670766229311552811e-06
4.460000038146972656e+00 -3.028045369636898257e-06 -2.845667661452011538e-06
4.469999790191650391e+00 -3.213827926203753690e-06 -3.009784198529645920e-06
4.480000019073486328e+00 -3.387881844785338871e-06 -3.163243021330196466e-06
4.489999771118164062e+00 -3.550323089847448760e-06 -3.306160040460261285e-06
4.500000000000000000e+00 -3.701319706286804242e-06 -3.438697268668734673e-06
4.509999752044677734e+00 -3.841028541047647541e-06 -3.561007085346777462e-06
4.519999980926513672e+00 -3.969651617326516394e-06 -3.673281663412637313e-06
4.529999732971191406e+00 -4.087381549582001332e-06 -3.775705120437106752e-06
4.539999961853027344e+00 -4.194449425393408748e-06 -3.868495259821326509e-06
4.549999713897705078e+00 -4.291078637714121401e-06 -3.951863343231255163e-06
4.559999942779541016e+00 -4.377524594880296012e-06 -4.026048449889542951e-06
4.569999694824218750e+00 -4.454036644833230110e-06 -4.091284561580480480e-06
4.579999923706054688e+00 -4.520889976144461731e-06 -4.147827881158723957e-06
4.589999675750732422e+00 -4.578355267251695536e-06 -4.195930884813601129e-06
4.599999904632568359e+00 -4.626723176623637643e-06 -4.235862971668801126e-06
4.610000133514404297e+00 -4.666282996548001783e-06 -4.267892451159618356e-06
4.619999885559082031e+00 -4.697331753793366841e-06 -4.292294204111238415e-06
4.630000114440917969e+00 -4.720175785577534031e-06 -4.309350594393220556e-06
4.639999866485595703e+00 -4.735120406869682081e-06 -4.319343343460229086e-06
4.650000095367431641e+00 -4.742477786180381180e-06 -4.322559281558625761e-06
4.659999847412109375e+00 -4.742560304306355004e-06 -4.319285687454116966e-06
4.670000076293945312e+00 -4.735682595493297485e-06 -4.309810828272296221e-06
4.679999828338623047e+00 -4.722160647357167057e-06 -4.294424427260910402e-06
4.690000057220458984e+00 -4.702308485454983782e-06 -4.273413431018027132e-06
4.699999809265136719e+00 -4.676442536204985315e-06 -4.247067166334179984e-06
4.710000038146972656e+00 -4.644873435502435037e-06 -4.215668774731449110e-06
4.719999790191650391e+00 -4.607915174500248078e-06 -4.179504618888466398e-06
4.730000019073486328e+00 -4.565872510988514767e-06 -4.138851821526984005e-06
4.739999771118164062e+00 -4.519054420408296036e-06 -4.093991485375668881e-06
4.750000000000000000e+00 -4.467757582691798379e-06 -4.045192766893213239e-06
4.759999752044677734e+00 -4.412283667475904854e-06 -3.992729480811154444e-06
4.769999980926513672e+00 -4.352919359392714010e-06 -3.936861129349470841e-06
4.779999732971191406e+00 -4.289957016661420437e-06 -3.877852472677481654e-06
4.789999961853027344e+00 -4.223671684883495269e-06 -3.815951921583501464e-06
4.799999713897705078e+00 -4.154344681605570068e-06 -3.751413668304354414e-06
4.809999942779541016e+00 -4.082238032890373465e-06 -3.684473835425241561e-06
4.819999694824218750e+00 -4.007620552621089006e-06 -3.615374777059717118e-06
4.829999923706054688e+00 -3.930740117972776741e-06 -3.544339359496803289e-06
4.839999675750732422e+00 -3.851851830717850562e-06 -3.471597060263020102e-06
4.849999904632568359e+00 -3.771188527569015968e-06 -3.397356737035867132e-06
4.859999656677246094e+00 -3.688990631212282722e-06 -3.321834171377519279e-06
4.869999885559082031e+00 -3.605475269693091915e-06 -3.245223662037534506e-06
4.880000114440917969e+00 -3.520863389636790583e-06 -3.167722967070065462e-06
4.889999866485595703e+00 -3.435368122308024749e-06 -3.089522604501321601e-06
4.900000095367431641e+00 -3.349182230778052457e-06 -3.010794408844299233e-06
4.909999847412109375e+00 -3.262506663962434226e-06 -2.931717650072540003e-06
4.920000076293945312e+00 -3.175517682034021824e-06 -2.852449015814853348e-06
4.929999828338623047e+00 -3.088399860674039030e-06 -2.773152735626703315e-06
4.940000057220458984e+00 -3.001312948086069479e-06 -2.693970390685258032e-06
4.949999809265136719e+00 -2.914425081218342464e-06 -2.615051160289287195e-06
4.960000038146972656e+00 -2.827879639331416042e-06 -2.536521694365149454e-06
4.969999790191650391e+00 -2.741828411702641346e-06 -2.458516250833864679e-06
4.980000019073486328e+00 -2.656398687691184065e-06 -2.381146843388575670e-06
4.989999771118164062e+00 -2.571726140466928435e-06 -2.304533061247955438e-06
5.000000000000000000e+00 -2.487922368748933158e-06 -2.228772682111763833e-06
5.009999752044677734e+00 -2.405107285827366238e-06 -2.153970988359018562e-06
5.019999980926513672e+00 -2.323377303873598866e-06 -2.080212013034202198e-06
5.029999732971191406e+00 -2.242837041738797328e-06 -2.007587188570509469e-06
5.039999961853027344e+00 -2.163568319092149860e-06 -1.936167372238242841e-06
5.049999713897705078e+00 -2.085661020040203410e-06 -1.866030684842761923e-06
5.059999942779541016e+00 -2.009183041489681568e-06 -1.797235441411194736e-06
5.069999694824218750e+00 -1.934210172371059401e-06 -1.729847057884216489e-06
5.079999923706054688e+00 -1.860797118697822549e-06 -1.663911993049455135e-06
5.089999675750732422e+00 -1.789006279962349447e-06 -1.599483620914289033e-06
5.099999904632568359e+00 -1.718879952470878408e-06 -1.536597271089515695e-06
5.109999656677246094e+00 -1.650467905214978291e-06 -1.475294983204195497e-06
5.119999885559082031e+00 -1.583800843288435863e-06 -1.415601715193026339e-06
5.130000114440917969e+00 -1.518913654009872335e-06 -1.357546184866132221e-06
5.139999866485595703e+00 -1.455835449264934172e-06 -1.301151943136900623e-06
5.150000095367431641e+00 -1.394581136229396562e-06 -1.246429853247712265e-06
5.159999847412109375e+00 -1.335172469251479761e-06 -1.193396912057472774e-06
5.170000076293945312e+00 -1.277614902583657063e-06 -1.142055575578305537e-06
5.179999828338623047e+00 -1.221920466829524798e-06 -1.092414185635854518e-06
5.190000057220458984e+00 -1.168086030085813567e-06 -1.044467582936714518e-06
5.199999809265136719e+00 -1.116114758771680216e-06 -9.982162405478537835e-07
5.210000038146972656e+00 -1.065995795433760420e-06 -9.536481682628283857e-07
5.219999790191650391e+00 -1.017724298451829672e-06 -9.107567516346074112e-07
5.230000019073486328e+00 -9.712825319708708272e-07 -8.695239400580020819e-07
5.239999771118164062e+00 -9.266584915319918998e-07 -8.299368012102089821e-07
5.250000000000000000e+00 -8.838283901182528702e-07 -7.919719751110095785e-07
5.259999752044677734e+00 -8.427738879886630370e-07 -7.556109637203627438e-07
5.269999980926513672e+00 -8.034659486401047566e-07 -7.208258242698412139e-07
5.279999732971191406e+00 -7.658807010925732117e-07 -6.875932225231491140e-07
5.289999961853027344e+00 -7.299846305962931320e-07 -6.558813307899702181e-07
5.299999713897705078e+00 -6.957491103493525127e-07 -6.256626809973774170e-07
5.309999942779541016e+00 -6.631368840435164436e-07 -5.969022260459048244e-07
5.319999694824218750e+00 -6.321153115138041599e-07 -5.695690353710597539e-07
5.329999923706054688e+00 -6.026440936088251798e-07 -5.436254725740854116e-07
5.339999675750732422e+00 -5.746872826715154453e-07 -5.190377816880646277e-07
5.349999904632568359e+00 -5.482021947299976803e-07 -4.957663292914293314e-07
5.359999656677246094e+00 -5.231502409782371263e-07 -4.737751342035913324e-07
5.369999885559082031e+00 -4.994869678473219879e-07 -4.530231185322348439e-07
5.380000114440917969e+00 -4.771707372425441826e-07 -4.334717328513587570e-07
5.389999866485595703e+00 -4.561589949421104699e-07 -4.150816791078018147e-07
5.400000095367431641e+00 -4.364056893503033467e-07 -3.978106586628218544e-07
5.409999847412109375e+00 -4.178682656265268471e-07 -3.816194939499525979e-07
5.420000076293945312e+00 -4.005002449196217167e-07 -3.664656418952247168e-07
5.429999828338623047e+00 -3.842584245024142326e-07 -3.523094850901657515e-07
5.440000057220458984e+00 -3.690963554292687827e-07 -3.391086422566632859e-07
5.449999809265136719e+00 -3.549706556305446156e-07 -3.268234726220486145e-07
5.460000038146972656e+00 -3.418353177604794697e-07 -3.154121209892061610e-07
5.469999790191650391e+00 -3.296472037576553100e-07 -3.048352979493009078e-07
5.480000019073486328e+00 -3.183611147724055505e-07 -2.950519974415287116e-07
5.489999771118164062e+00 -3.079345354288659813e-07 -2.860236149999478550e-07
5.500000000000000000e+00 -2.983233984831370897e-07 -2.777102765786817511e-07
5.509999752044677734e+00 -2.894861461682303543e-07 -2.700743560757724519e-07
5.519999980926513672e+00 -2.813801234959291269e-07 -2.630773555212944477e-07
5.529999732971191406e+00 -2.739650226946681897e-07 -2.566828817168327218e-07
5.539999961853027344e+00 -2.671998408377454021e-07 -2.508540196515531686e-07
5.549999713897705078e+00 -2.610457715153462107e-07 -2.455558262483656602e-07
5.559999942779541016e+00 -2.554636646422011528e-07 -2.407531409894854034e-07
5.569999694824218750e+00 -2.504164272709395265e-07 -2.364126525933945914e-07
5.579999923706054688e+00 -2.458669259410460140e-07 -2.325010932328177970e-07
5.589999675750732422e+00 -2.417799559428285427e-07 -2.289869314910429713e-07
5.599999904632568359e+00 -2.381205293913710214e-07 -2.258388992186386250e-07
5.609999656677246094e+00 -2.348554693766234078e-07 -2.230273614028852013e-07
5.619999885559082031e+00 -2.319520299831456468e-07 -2.205231275543385744e-07
5.629999637603759766e+00 -2.293791686654086018e-07 -2.182985462166199767e-07
5.639999866485595703e+00 -2.271064476729267038e-07 -2.163265557867740995e-07
5.650000095367431641e+00 -2.251049452809018162e-07 -2.145814701283201100e-07
5.659999847412109375e+00 -2.233468385488960005e-07 -2.130386178365481283e-07
5.670000076293945312e+00 -2.218052159452557669e-07 -2.116741737067213694e-07
5.679999828338623047e+00 -2.204546415009704823e-07 -2.104656534793743644e-07
5.690000057220458984e+00 -2.192705609466258873e-07 -2.093913865306746872e-07
5.699999809265136719e+00 -2.182298195040666016e-07 -2.084309774914965765e-07
5.710000038146972656e+00 -2.173101995472298035e-07 -2.075648854014834783e-07
5.719999790191650391e+00 -2.164908145975920308e-07 -2.067747857712070455e-07
5.730000019073486328e+00 -2.157517435846528511e-07 -2.060432254357721236e-07
5.739999771118164062e+00 -2.150743353736668459e-07 -2.053539152477921133e-07
5.750000000000000000e+00 -2.144409081668257774e-07 -2.046914330168829536e-07
5.759999752044677734e+00 -2.138349954243614324e-07 -2.040414738621252106e-07
5.769999980926513672e+00 -2.132410823594675246e-07 -2.033905767241592196e-07
5.779999732971191406e+00 -2.126448206872436673e-07 -2.027263562894850829e-07
5.789999961853027344e+00 -2.120327775068846742e-07 -2.020372315932865349e-07
5.799999713897705078e+00 -2.113926429963534911e-07 -2.013126604222015161e-07
5.809999942779541016e+00 -2.107129701752279947e-07 -2.005428514230491894e-07
5.819999694824218750e+00 -2.099833964770893377e-07 -1.997190190137215956e-07
5.829999923706054688e+00 -2.091943559660494187e-07 -1.988330631946671316e-07
5.839999675750732422e+00 -2.083373326537006231e-07 -1.978778602378925800e-07
5.849999904632568359e+00 -2.074045296764651637e-07 -1.968468970471515044e-07
5.859999656677246094e+00 -2.063891693246074706e-07 -1.957346102874086421e-07
5.869999885559082031e+00 -2.052851064534129670e-07 -1.945359646333836473e-07
5.879999637603759766e+00 -2.040871874424946006e-07 -1.932468505374533321e-07
5.889999866485595703e+00 -2.027907977280251729e-07 -1.918635980554890763e-07
5.900000095367431641e+00 -2.013922201603410986e-07 -1.903833682210548235e-07
5.909999847412109375e+00 -1.998884548411777017e-07 -1.888039609623813000e-07
5.920000076293945312e+00 -1.982769512971090653e-07 -1.871235398506927621e-07
5.929999828338623047e+00 -1.965560923566370479e-07 -1.853411427323419638e-07
5.940000057220458984e+00 -1.947245481661745961e-07 -1.834560119448987488e-07
5.949999809265136719e+00 -1.927819021522616638e-07 -1.814682459951588491e-07
5.960000038146972656e+00 -1.907279216172148731e-07 -1.793780522203831597e-07
5.969999790191650391e+00 -1.885632684449936410e-07 -1.771864770182960629e-07
5.980000019073486328e+00 -1.862886856031790739e-07 -1.748945810490398137e-07
5.989999771118164062e+00 -1.839057929602612071e-07 -1.725042476949475629e-07
6.000000000000000000e+00 -1.814161905934241516e-07 -1.700172822775927314e-07
6.009999752044677734e+00 -1.788223385334191772e-07 -1.674362970616797050e-07
6.019999980926513672e+00 -1.761265791912554413e-07 -1.647637371956423012e-07
6.029999732971191406e+00 -1.733320984639198572e-07 -1.620028393656930778e-07
6.039999961853027344e+00 -1.704418708222624118e-07 -1.591565882273788095e-07
6.049999713897705078e+00 -1.674596980211393566e-07 -1.562287447867943860e-07
6.059999942779541016e+00 -1.643890814300217196e-07 -1.532227379777007964e-07
6.069999694824218750e+00 -1.612343335732736887e-07 -1.501427579677269516e-07
6.079999923706054688e+00 -1.579993831753012213e-07 -1.469925882867990685e-07
6.089999675750732422e+00 -1.546889538964584625e-07 -1.437767585241842482e-07
6.099999904632568359e+00 -1.513073082809312339e-07 -1.404993230065438590e-07
6.109999656677246094e+00 -1.478594873574907521e-07 -1.371650667664173001e-07
6.119999885559082031e+00 -1.443500002681552973e-07 -1.337782372467967685e-07
6.129999637603759766e+00 -1.407841178236156092e-07 -1.303437969407668509e-07
6.139999866485595703e+00 -1.371665150430954358e-07 -1.268661149597450102e-07
6.150000095367431641e+00 -1.335024356044693295e-07 -1.233500909224684161e-07
6.159999847412109375e+00 -1.297971735183389001e-07 -1.198006558990757048e-07
6.170000076293945312e+00 -1.260555157524343372e-07 -1.162222412286093426e-07
6.179999828338623047e+00 -1.222829667368243982e-07 -1.126199522288797471e-07
6.190000057220458984e+00 -1.184843065130559714e-07 -1.089981905602591652e-07
6.199999809265136719e+00 -1.146650138553489932e-07 -1.053620144423451147e-07
6.210000038146972656e+00 -1.108298043033315089e-07 -1.017157459592644791e-07
6.219999790191650391e+00 -1.069840727437395393e-07 -9.806434568060705811e-08
6.230000019073486328e+00 -1.031324190756615335e-07 -9.441201202728982908e-08
6.239999771118164062e+00 -9.928010248609639178e-08 -9.076356314127579907e-08
6.250000000000000000e+00 -9.543156236098432238e-08 -8.712303527916038058e-08
6.259999752044677734e+00 -9.159187663655487240e-08 -8.349506494064070373e-08
6.269999980926513672e+00 -8.776528535821730770e-08 -7.988349304372705981e-08
6.279999732971191406e+00 -8.395664572589356215e-08 -7.629274056748305400e-08
6.289999961853027344e+00 -8.016996541719903851e-08 -7.272642498030200266e-08
6.299999713897705078e+00 -7.640984724217882441e-08 -6.918872295155569699e-08
6.309999942779541016e+00 -7.268003901041482149e-08 -6.568300518280192404e-08
6.319999694824218750e+00 -6.898486106829863957e-08 -6.221318009142670520e-08
6.329999923706054688e+00 -6.532777909553044714e-08 -5.878235282098786493e-08
6.339999675750732422e+00 -6.171280820079632994e-08 -5.539414418945241741e-08
6.349999904632568359e+00 -5.814311461477215539e-08 -5.205137926225811521e-08
6.359999656677246094e+00 -5.462239044205630721e-08 -4.875737625853310861e-08
6.369999885559082031e+00 -5.115348977048523835e-08 -4.551466965378262978e-08
6.379999637603759766e+00 -4.773976865040557910e-08 -4.232626418425547017e-08
6.389999866485595703e+00 -4.438376064568698720e-08 -3.919439698457721510e-08
6.399999618530273438e+00 -4.108847709973714378e-08 -3.612175228791840139e-08
6.409999847412109375e+00 -3.785612666858551733e-08 -3.311026665440966327e-08
6.420000076293945312e+00 -3.468922201570091879e-08 -3.016216139123213451e-08
6.429999828338623047e+00 -3.159009440731046075e-08 -2.727948960705762693e-08
6.440000057220458984e+00 -2.856046485670241530e-08 -2.446373800550568678e-08
6.449999809265136719e+00 -2.560247113831892633e-08 -2.171678204718363797e-08
6.460000038146972656e+00 -2.271751376216931079e-08 -1.903981351247280387e-08
6.469999790191650391e+00 -1.990738562470718809e-08 -1.643438972168688260e-08
6.480000019073486328e+00 -1.717317380337935719e-08 -1.390141461972653179e-08
6.489999771118164062e+00 -1.451633354269262562e-08 -1.144213469092421807e-08
6.500000000000000000e+00 -1.193764811220075960e-08 -9.057175489713176275e-09
6.509999752044677734e+00 -9.438244975669875473e-09 -6.747482415739584309e-09
6.519999980926513672e+00 -7.018615455945172575e-09 -4.513414153586280536e-09
6.529999732971191406e+00 -4.679571424564717546e-09 -2.355626920063870329e-09
6.539999961853027344e+00 -2.421326045264621709e-09 -2.742258388000411082e-10
6.549999713897705078e+00 -2.443897866939646626e-10 1.730408303441402324e-09
6.559999942779541016e+00 1.851286941565247756e-09 3.658409142101618899e-09
6.569999694824218750e+00 3.865479199372386561e-09 5.509656024269593058e-09
6.579999923706054688e+00 5.798482607815521740e-09 7.284505346646052971e-09
6.589999675750732422e+00 7.650340502201827431e-09 8.983080057558720167e-09
6.599999904632568359e+00 9.421576781757283354e-09 1.060594241412323775e-08
6.609999656677246094e+00 1.111248472282566800e-08 1.215344149921497068e-08
6.619999885559082031e+00 1.272379799685249219e-08 1.362632790974119258e-08
6.629999637603759766e+00 1.425604068850730987e-08 1.502515875402678539e-08
6.639999866485595703e+00 1.571013724497804221e-08 1.635085509897035579e-08
6.649999618530273438e+00 1.708682289407599470e-08 1.760416359756729082e-08
6.659999847412109375e+00 1.838719361280409081e-08 1.878615781501755099e-08
6.670000076293945312e+00 1.961223245881127943e-08 1.989780669598732715e-08
6.679999828338623047e+00 2.076301776353940169e-08 2.094016441450973761e-08
6.690000057220458984e+00 2.184086671482535532e-08 2.191449990795345980e-08
6.699999809265136719e+00 2.284695505271725103e-08 2.282195259138158428e-08
6.710000038146972656e+00 2.378272369759836204e-08 2.366389991559057002e-08
6.719999790191650391e+00 2.464948989327849269e-08 2.444160659041076491e-08
6.730000019073486328e+00 2.544879977890412248e-08 2.515654180774852942e-08
6.739999771118164062e+00 2.618209278240321040e-08 2.581007808890908715e-08
6.750000000000000000e+00 2.685100231285557035e-08 2.640376024736850676e-08
6.759999752044677734e+00 2.745707120785216598e-08 2.693905175871458896e-08
6.769999980926513672e+00 2.800200287915331228e-08 2.741755767293980273e-08
6.779999732971191406e+00 2.848742545975805750e-08 2.784081626556486513e-08
6.789999961853027344e+00 2.891509586904152511e-08 2.821047822366865096e-08
6.799999713897705078e+00 2.928671017750199402e-08 2.852814122440204754e-08
6.809999942779541016e+00 2.960406316161303119e-08 2.879548780822767844e-08
6.819999694824218750e+00 2.986890229585434409e-08 2.901416043562182083e-08
6.829999923706054688e+00 3.008304546066322585e-08 2.918586054245925789e-08
6.839999675750732422e+00 3.024827588681095011e-08 2.931226155286372031e-08
6.849999904632568359e+00 3.036642073374200298e-08 2.939507165711291949e-08
6.859999656677246094e+00 3.043928426443650289e-08 2.943598222056102066e-08
6.869999885559082031e+00 3.046869004750117111e-08 2.943669685634628944e-08
6.879999637603759766e+00 3.045644960467954198e-08 2.939891264070876013e-08
6.889999866485595703e+00 3.040437100659969819e-08 2.932431806771893139e-08
6.899999618530273438e+00 3.031426023284513477e-08 2.921460448428078758e-08
6.909999847412109375e+00 3.018789892003442818e-08 2.907143550330034236e-08
6.920000076293945312e+00 3.002706721576616477e-08 2.889647700449948467e-08
6.929999828338623047e+00 2.983353574631469637e-08 2.869138595210179487e-08
6.940000057220458984e+00 2.960902811058642423e-08 2.845777201541182989e-08
6.949999809265136719e+00 2.935528685226317949e-08 2.819726728879422243e-08
6.960000038146972656e+00 2.907398602510902943e-08 2.791143551640744751e-08
6.969999790191650391e+00 2.876682555735597351e-08 2.760186919624782529e-08
6.980000019073486328e+00 2.843542238357776012e-08 2.727007907459344104e-08
6.989999771118164062e+00 2.808142544067659511e-08 2.691761017906747467e-08
7.000000000000000000e+00 2.770638791637482404e-08 2.654591397438493023e-08
7.009999752044677734e+00 2.731190035897585311e-08 2.615648097483216684e-08
7.019999980926513672e+00 2.689944650690755029e-08 2.575069787470780936e-08
7.029999732971191406e+00 2.647055209746027470e-08 2.532999448762730279e-08
7.039999961853027344e+00 2.602662663533465319e-08 2.489568806544570936e-08
7.049999713897705078e+00 2.556912557704026788e-08 2.444914239708504711e-08
7.059999942779541016e+00 2.509938030810111815e-08 2.399160144702730499e-08
7.069999694824218750e+00 2.461877148073680839e-08 2.352435854077985485e-08
7.079999923706054688e+00 2.412854934800554676e-08 2.304858133910507992e-08
7.089999675750732422e+00 2.363001615282970698e-08 2.256548914867200799e-08
7.099999904632568359e+00 2.312433885036054036e-08 2.207617113743793833e-08
7.109999656677246094e+00 2.261273856074178126e-08 2.158176991556530779e-08
7.119999885559082031e+00 2.209629758451172499e-08 2.108329477565953774e-08
7.129999637603759766e+00 2.157615406183830890e-08 2.058180981066846685e-08
7.139999866485595703e+00 2.105330505298356316e-08 2.007824383651310665e-08
7.149999618530273438e+00 2.052880466675196531e-08 1.957358142404778089e-08
7.159999847412109375e+00 2.000356485963469148e-08 1.906867104773824543e-08
7.170000076293945312e+00 1.947853040192946275e-08 1.856439350679806280e-08
7.179999828338623047e+00 1.895460399309772984e-08 1.806158979753996301e-08
7.190000057220458984e+00 1.843257162260591584e-08 1.756098959882815726e-08
7.199999809265136719e+00 1.791327755611201567e-08 1.706337918343480870e-08
7.210000038146972656e+00 1.739742578656361921e-08 1.656941104183936415e-08
7.219999790191650391e+00 1.688577844171810176e-08 1.607979403900446720e-08
7.230000019073486328e+00 1.637895970041571055e-08 1.559510567316320760e-08
7.239999771118164062e+00 1.587765141269279833e-08 1.511597930574730335e-08
7.250000000000000000e+00 1.538240055256660859e-08 1.464292004417568663e-08
7.259999752044677734e+00 1.489381101158323696e-08 1.417648807739791918e-08
7.269999980926513672e+00 1.441235553080118294e-08 1.371711905191546781e-08
7.279999732971191406e+00 1.393856274147473120e-08 1.326530265030114638e-08
7.289999961853027344e+00 1.347283441561936970e-08 1.282140823392055823e-08
7.299999713897705078e+00 1.301562693970291154e-08 1.238585790866121321e-08
7.309999942779541016e+00 1.256727460424646153e-08 1.195895809637410139e-08
7.319999694824218750e+00 1.212816481428158337e-08 1.154106644333022046e-08
7.329999923706054688e+00 1.169856803425595693e-08 1.113242988752785650e-08
7.339999675750732422e+00 1.127880614047939255e-08 1.073334486065409867e-08
7.349999904632568359e+00 1.086908953662710753e-08 1.034400232472812328e-08
7.359999656677246094e+00 1.046967816294124028e-08 9.964640823050707824e-09
7.369999885559082031e+00 1.008072619539535004e-08 9.595398865535591572e-09
7.379999637603759766e+00 9.702435319651514686e-09 9.236460471516270862e-09
7.389999866485595703e+00 9.334907347454037294e-09 8.887915210550731078e-09
7.399999618530273438e+00 8.978289449243726811e-09 8.549895961411202602e-09
7.409999847412109375e+00 8.632634933221037209e-09 8.222446833147961983e-09
7.419999599456787109e+00 8.298040219679993771e-09 7.905652949050326348e-09
7.429999828338623047e+00 7.974513950791138717e-09 7.599516400878659294e-09
7.440000057220458984e+00 7.662090933908950929e-09 7.304064105441294332e-09
7.449999809265136719e+00 7.360782837228930189e-09 7.019301041161630442e-09
7.460000038146972656e+00 7.070538403130536346e-09 6.745172645847426560e-09
7.469999790191650391e+00 6.791343635142852439e-09 6.481659443963826870e-09
7.480000019073486328e+00 6.523111995961739864e-09 6.228673307074520894e-09
7.489999771118164062e+00 6.265791845110974943e-09 5.986158831835805252e-09
7.500000000000000000e+00 6.019265012234033620e-09 5.753997655864754237e-09
7.509999752044677734e+00 5.783445882567682534e-09 5.532101829768961877e-09
7.519999980926513672e+00 5.558188226359064433e-09 5.320326067617313730e-09
7.529999732971191406e+00 5.343376071587357814e-09 5.118553256913229873e-09
7.539999961853027344e+00 5.138838622640660021e-09 4.926614476037468111e-09
7.549999713897705078e+00 4.944433105060748282e-09 4.744366828143565963e-09
7.559999942779541016e+00 4.759967561076416275e-09 4.571621013102637152e-09
7.569999694824218750e+00 4.585275892851290541e-09 4.408211710355114415e-09
7.579999923706054688e+00 4.420148284711340016e-09 4.253932455778754449e-09
7.589999675750732422e+00 4.264398703779548565e-09 4.108598827918115043e-09
7.599999904632568359e+00 4.117802666524897294e-09 3.971990348593262901e-09
7.609999656677246094e+00 3.980157486154337886e-09 3.843906755984494995e-09
7.619999885559082031e+00 3.851227071729490859e-09 3.724116618148412857e-09
7.629999637603759766e+00 3.730795236289372692e-09 3.612406999353216946e-09
7.639999866485595703e+00 3.618617194462354187e-09 3.508538454198040753e-09
7.649999618530273438e+00 3.514466265613363081e-09 3.412288412644757146e-09
7.659999847412109375e+00 3.418091716516440873e-09 3.323412204045428614e-09
7.669999599456787109e+00 3.329259210583117391e-09 3.241680501369597756e-09
7.679999828338623047e+00 3.247714629144652951e-09 3.166846013264012395e-09
7.690000057220458984e+00 3.173215240090084333e-09 3.098672242119642526e-09
7.699999809265136719e+00 3.105516064929065117e-09 3.036920954083897583e-09
7.710000038146972656e+00 3.044362266225598440e-09 2.981345336390899082e-09
7.719999790191650391e+00 2.989511500110273113e-09 2.931710406432572644e-09
7.730000019073486328e+00 2.940711036640144917e-09 2.887772255617395265e-09
7.739999771118164062e+00 2.897719212829328060e-09 2.849297500810534123e-09
7.750000000000000000e+00 2.860287207655024062e-09 2.816046901505963632e-09
7.759999752044677734e+00 2.828175912306686845e-09 2.787790485799465446e-09
7.769999980926513672e+00 2.801141982569175665e-09 2.764295177098593786e-09
7.779999732971191406e+00 2.778950499973483855e-09 2.745335954897002186e-09
7.789999961853027344e+00 2.761364933893731365e-09 2.730687138040714240e-09
7.799999713897705078e+00 2.748155960048183213e-09 2.720129933219738592e-09
7.809999942779541016e+00 2.739094973748574408e-09 2.713447033270562724e-09
7.819999694824218750e+00 2.733959426094759644e-09 2.710426899078357803e-09
7.829999923706054688e+00 2.732529539290240872e-09 2.710861342555706911e-09
7.839999675750732422e+00 2.734590511710471121e-09 2.714546878568099134e-09
7.849999904632568359e+00 2.739932099657583122e-09 2.721284976389910621e-09
7.859999656677246094e+00 2.748348030557975963e-09 2.730880806117486836e-09
7.869999885559082031e+00 2.759638128116912519e-09 2.743145855399665368e-09
7.879999637603759766e+00 2.773605260938192675e-09 2.757894382694760407e-09
7.889999866485595703e+00 2.790059703155510080e-09 2.774948111386247871e-09
7.899999618530273438e+00 2.808813930441890920e-09 2.794130686440981919e-09
7.909999847412109375e+00 2.829688922804487339e-09 2.815274172327948981e-09
7.919999599456787109e+00 2.852507105386464504e-09 2.838211795019470692e-09
7.929999828338623047e+00 2.877100315161429030e-09 2.862785984126235469e-09
7.940000057220458984e+00 2.903302452664009660e-09 2.888840940958322007e-09
7.949999809265136719e+00 2.930952424188252142e-09 2.916225603720675573e-09
7.960000038146972656e+00 2.959898458286119666e-09 2.944797880608110587e-09
7.969999790191650391e+00 2.989988732436046345e-09 2.974415364119870402e-09
7.980000019073486328e+00 3.021082383228008573e-09 3.004946190916480379e-09
7.989999771118164062e+00 3.053038055763553214e-09 3.036257763543271133e-09
8.000000000000000000e+00 3.085725724338304454e-09 3.068228356102128494e-09
8.010000228881835938e+00 3.119016117098963372e-09 3.100736744853852140e-09
8.019999504089355469e+00 3.152783519050092575e-09 3.133664978273175238e-09
8.029999732971191406e+00 3.186917173246711201e-09 3.166909488019963891e-09
8.039999961853027344e+00 3.221301913262481462e-09 3.200362211361660905e-09
8.050000190734863281e+00 3.255830979066828742e-09 3.233923102146527580e-09
8.059999465942382812e+00 3.290399484950516207e-09 3.267493784320749950e-09
8.069999694824218750e+00 3.324917569171486657e-09 3.300990330774924940e-09
8.079999923706054688e+00 3.359290550792774508e-09 3.334324005165267455e-09
8.090000152587890625e+00 3.393432071173619418e-09 3.367414037892667911e-09
8.099999427795410156e+00 3.427257528705516077e-09 3.400181268499863508e-09
8.109999656677246094e+00 3.460696889007553512e-09 3.432560563312550639e-09
8.119999885559082031e+00 3.493675244823606723e-09 3.464481992270655022e-09
8.130000114440917969e+00 3.526125680627161196e-09 3.495883299290681816e-09
8.139999389648437500e+00 3.557982935506163497e-09 3.526703771674641082e-09
8.149999618530273438e+00 3.589195408197440267e-09 3.556895856648497169e-09
8.159999847412109375e+00 3.619706818341204677e-09 3.586407420564056021e-09
8.170000076293945312e+00 3.649468315643901225e-09 3.615193463023605194e-09
8.179999351501464844e+00 3.678432574590988632e-09 3.643210400229776297e-09
8.189999580383300781e+00 3.706564648086180240e-09 3.670426558302702818e-09
8.199999809265136719e+00 3.733825258979328708e-09 3.696806004146829026e-09
8.210000038146972656e+00 3.760181797015045441e-09 3.722319173170311402e-09
8.220000267028808594e+00 3.785605378861908888e-09 3.746940015070414631e-09
8.229999542236328125e+00 3.810068416818732691e-09 3.770643625920042014e-09
8.239999771118164062e+00 3.833553712415991544e-09 3.793415048358511764e-09
8.250000000000000000e+00 3.856040302616334585e-09 3.815235544835338591e-09
8.260000228881835938e+00 3.877512732204323572e-09 3.836091567649147218e-09
8.269999504089355469e+00 3.897956618457136401e-09 3.855970441951879654e-09
8.279999732971191406e+00 3.917366195499147866e-09 3.874867692173560294e-09
8.289999961853027344e+00 3.935732457809001437e-09 3.892775502992952957e-09
8.300000190734863281e+00 3.953050903212989933e-09 3.909690236808784143e-09
8.309999465942382812e+00 3.969317879463037118e-09 3.925608863768258443e-09
8.319999694824218750e+00 3.984536539383653940e-09 3.940534787851420150e-09
8.329999923706054688e+00 3.998707385580140199e-09 3.954468591212872618e-09
8.340000152587890625e+00 4.011834434832464698e-09 3.967414062952327076e-09
8.349999427795410156e+00 4.023922376355279009e-09 3.979375407342918017e-09
8.359999656677246094e+00 4.034980953238292106e-09 3.990361589352306115e-09
8.369999885559082031e+00 4.045017922297506141e-09 4.000379376050328300e-09
8.380000114440917969e+00 4.054043646594523182e-09 4.009437887359773975e-09
8.389999389648437500e+00 4.062069064980746220e-09 4.017546583632130748e-09
8.399999618530273438e+00 4.069108555312069290e-09 4.024718181313290146e-09
8.409999847412109375e+00 4.075175248957723187e-09 4.030963937217800427e-09
8.420000076293945312e+00 4.080284098425807011e-09 4.036296762485512978e-09
8.429999351501464844e+00 4.084450631293293174e-09 4.040729964261491612e-09
8.439999580383300781e+00 4.087692376154540553e-09 4.044278799244292804e-09
8.449999809265136719e+00 4.090026413946400661e-09 4.046957894605805097e-09
8.460000038146972656e+00 4.091470994896534308e-09 4.048782985990843376e-09
8.470000267028808594e+00 4.092045041987233572e-09 4.049770420673829573e-09
8.479999542236328125e+00 4.091768167275187385e-09 4.049937153357597758e-09
8.489999771118164062e+00 4.090660439402765167e-09 4.049300708452233534e-09
8.500000000000000000e+00 4.088742503680550948e-09 4.047879067728466993e-09
8.510000228881835938e+00 4.086035516737363488e-09 4.045690792419484596e-09
8.519999504089355469e+00 4.082561463674064866e-09 4.042755266753560556e-09
8.529999732971191406e+00 4.078341724576491315e-09 4.039091489739247211e-09
8.539999961853027344e+00 4.073399032211250271e-09 4.034719740529486148e-09
8.550000190734863281e+00 4.067756183732311679e-09 4.029660508289853215e-09
8.559999465942382812e+00 4.061436937110919100e-09 4.023935293384050036e-09
8.569999694824218750e+00 4.054463500332141095e-09 4.017564334359626038e-09
8.579999923706054688e+00 4.046860115723734664e-09 4.010569860147253383e-09
8.590000152587890625e+00 4.038650673706807869e-09 4.002973935579610972e-09
8.599999427795410156e+00 4.029860109955902436e-09 3.994799747286929710e-09
8.609999656677246094e+00 4.020510954618874485e-09 3.986068390191633483e-09
8.619999885559082031e+00 4.010628323058981524e-09 3.976803505200688863e-09
8.630000114440917969e+00 4.000236569560114506e-09 3.967028166095559046e-09
8.639999389648437500e+00 3.989361110889303683e-09 3.956766582549655862e-09
8.649999618530273438e+00 3.978024181135939724e-09 3.946040084100481636e-09
8.659999847412109375e+00 3.966251008185605982e-09 3.934872939090258848e-09
8.670000076293945312e+00 3.954065656444743272e-09 3.923288424886894961e-09
8.679999351501464844e+00 3.941493205760617711e-09 3.911310883931506321e-09
8.689999580383300781e+00 3.928554864931239892e-09 3.898961055235968771e-09
8.699999809265136719e+00 3.915275116910899300e-09 3.886262870454100591e-09
8.710000038146972656e+00 3.901676905952416873e-09 3.873238859899456243e-09
8.720000267028808594e+00 3.887782767420508939e-09 3.859911216597497414e-09
8.729999542236328125e+00 3.873616144042111410e-09 3.846303051373184321e-09
8.739999771118164062e+00 3.859195908669783819e-09 3.832433119973316406e-09
8.750000000000000000e+00 3.844544432213596249e-09 3.818323564009775640e-09
8.760000228881835938e+00 3.829682162983067709e-09 3.803994697548823613e-09
8.769999504089355469e+00 3.814630375433807226e-09 3.789467646697981250e-09
8.779999732971191406e+00 3.799405377911611637e-09 3.774758751695261911e-09
8.789999961853027344e+00 3.784027103256244993e-09 3.759887853077892806e-09
8.800000190734863281e+00 3.768513362089187660e-09 3.744872742718385897e-09
8.809999465942382812e+00 3.752882749122464373e-09 3.729731970951320973e-09
8.819999694824218750e+00 3.737148658635572084e-09 3.714479046470597638e-09
8.829999923706054688e+00 3.721328225432586368e-09 3.699131096120950335e-09
8.840000152587890625e+00 3.705436371454549687e-09 3.683703098985892040e-09
8.849999427795410156e+00 3.689488818364213075e-09 3.668210809176109686e-09
8.859999656677246094e+00 3.673496007433598935e-09 3.652664849344216560e-09
8.869999885559082031e+00 3.657472240646886089e-09 3.637079592397261698e-09
8.880000114440917969e+00 3.641429617579939882e-09 3.621467274156993216e-09
8.889999389648437500e+00 3.625381105208553746e-09 3.605840980815834436e-09
8.899999618530273438e+00 3.609334437756998764e-09 3.590208710395112327e-09
8.909999847412109375e+00 3.593301327652347601e-09 3.574582343303238612e-09
8.920000076293945312e+00 3.577291369431110527e-09 3.558971708881772303e-09
8.929999351501464844e+00 3.561315120686997939e-09 3.543387589176461381e-09
8.939999580383300781e+00 3.545378038817910896e-09 3.527835804638763109e-09
8.949999809265136719e+00 3.529489653064433962e-09 3.512326161329425102e-09
8.960000038146972656e+00 3.513657493818429313e-09 3.496866529474636699e-09
8.970000267028808594e+00 3.497888644813502895e-09 3.481464356302338958e-09
8.979999542236328125e+00 3.482191261695230333e-09 3.466128148213517902e-09
8.989999771118164062e+00 3.466568613434116171e-09 3.450861646682245484e-09
9.000000000000000000e+00 3.451028086588756572e-09 3.435672622560235742e-09
9.010000228881835938e+00 3.435575207363418669e-09 3.420567032558171551e-09
9.019999504089355469e+00 3.420216617487760498e-09 3.405551923569388116e-09
9.029999732971191406e+00 3.404954235836460192e-09 3.390629720329850159e-09
9.039999961853027344e+00 3.389794057177668877e-09 3.375806822775537180e-09
9.050000190734863281e+00 3.374740289063976606e-09 3.361087869189445971e-09
9.059999465942382812e+00 3.359798244478253614e-09 3.346478559143912737e-09
9.069999694824218750e+00 3.344968652015272393e-09 3.331980085306021436e-09
9.079999923706054688e+00 3.330256204903585054e-09 3.317597487159712812e-09
9.090000152587890625e+00 3.315663845632007109e-09 3.303334058013598859e-09
9.099999427795410156e+00 3.301195564308416756e-09 3.289194075919722631e-09
9.109999656677246094e+00 3.286850883521382592e-09 3.275177409799041120e-09
9.119999885559082031e+00 3.272633130164371318e-09 3.261287600109994420e-09
9.130000114440917969e+00 3.258543895375723095e-09 3.247526441291306397e-09
9.139999389648437500e+00 3.244585736496859818e-09 3.233896618962568695e-09
9.149999618530273438e+00 3.230756857458876953e-09 3.220396514228316641e-09
9.159999847412109375e+00 3.217059089573934500e-09 3.207027995946004797e-09
9.170000076293945312e+00 3.203492548382651855e-09 3.193791202888466268e-09
9.179999351501464844e+00 3.190058243869038531e-09 3.180687091991349403e-09
9.189999580383300781e+00 3.176752966294264782e-09 3.167712451764369183e-09
9.199999809265136719e+00 3.163576976284134431e-09 3.154867405654964302e-09
9.210000038146972656e+00 3.150528871301615025e-09 3.142150407323567707e-09
9.220000267028808594e+00 3.137606881949879814e-09 3.129559508902815419e-09
9.229999542236328125e+00 3.124810097140794086e-09 3.117093558574014010e-09
9.239999771118164062e+00 3.112133608669719286e-09 3.104747475656630940e-09
9.250000000000000000e+00 3.099575851898773743e-09 3.092519406591998966e-09
9.260000228881835938e+00 3.087133732703380241e-09 3.080405983012399881e-09
9.269999504089355469e+00 3.074805048568629016e-09 3.068404685101787011e-09
9.279999732971191406e+00 3.062583823004506972e-09 3.056509305792559310e-09
9.289999961853027344e+00 3.050467389457012867e-09 3.044716852224312693e-09
9.300000190734863281e+00 3.038451708579144370e-09 3.033022992823946447e-09
9.309999465942382812e+00 3.026533715331115432e-09 3.021424347301388843e-09
9.319999694824218750e+00 3.014706815643230330e-09 3.009914109092048000e-09
9.329999923706054688e+00 3.002967741386558074e-09 2.998488721341060507e-09
9.340000152587890625e+00 2.991312030232813115e-09 2.987143482187800364e-09
9.349999427795410156e+00 2.979736303438806062e-09 2.975874765717329798e-09
9.359999656677246094e+00 2.968233891511586496e-09 2.964675766748972693e-09
9.369999885559082031e+00 2.956801491211888858e-09 2.953542983912396128e-09
9.380000114440917969e+00 2.945434775129791777e-09 2.942471947945755549e-09
9.389999389648437500e+00 2.934130604005758048e-09 2.931459377665639088e-09
9.399999618530273438e+00 2.922882747763323259e-09 2.920499012061876646e-09
9.409999847412109375e+00 2.911688378046121352e-09 2.909587935675302893e-09
9.420000076293945312e+00 2.900543772533266307e-09 2.898722393842317009e-09
9.429999351501464844e+00 2.889446469148562705e-09 2.887899891789436563e-09
9.439999580383300781e+00 2.878391052648978856e-09 2.877115084220583703e-09
9.449999809265136719e+00 2.867375515215185716e-09 2.866365976958532759e-09
9.460000038146972656e+00 2.856397026026421190e-09 2.855649799856559537e-09
9.469999313354492188e+00 2.845454037575688449e-09 2.844965060223444506e-09
9.479999542236328125e+00 2.834542115005768786e-09 2.834307468183355045e-09
9.489999771118164062e+00 2.823660195107137144e-09 2.823676045785353785e-09
9.500000000000000000e+00 2.812806401206287433e-09 2.813069038718583029e-09
9.510000228881835938e+00 2.801979081334579727e-09 2.802484927690855697e-09
9.519999504089355469e+00 2.791177824823968523e-09 2.791923420496666481e-09
9.529999732971191406e+00 2.780399331143088072e-09 2.781381410349987603e-09
9.539999961853027344e+00 2.769643575289684714e-09 2.770859002680289119e-09
9.550000190734863281e+00 2.758909669666819422e-09 2.760355467592775018e-09
9.559999465942382812e+00 2.748197897658945933e-09 2.749871227896825915e-09
9.569999694824218750e+00 2.737505612822557051e-09 2.739403844119446320e-09
9.579999923706054688e+00 2.726833351021446063e-09 2.728953995982512602e-09
9.590000152587890625e+00 2.716180725070933887e-09 2.718521463835593205e-09
9.599999427795410156e+00 2.705548444389239231e-09 2.708107105709059114e-09
9.609999656677246094e+00 2.694934246417077546e-09 2.697708871733248939e-09
9.619999885559082031e+00 2.684338967832148232e-09 2.687327750858559885e-09
9.630000114440917969e+00 2.673762474282873743e-09 2.676963784162233993e-09
9.639999389648437500e+00 2.663205673438932976e-09 2.666618037230445449e-09
9.649999618530273438e+00 2.652666481230911067e-09 2.656288647017535491e-09
9.659999847412109375e+00 2.642145858590439346e-09 2.645976738018297301e-09
9.670000076293945312e+00 2.631643779331268427e-09 2.635682470844607429e-09
9.679999351501464844e+00 2.621161237438548603e-09 2.625407009498027568e-09
9.689999580383300781e+00 2.610696250767117513e-09 2.615148603705853082e-09
9.699999809265136719e+00 2.600249863763318775e-09 2.604908472645547208e-09
9.710000038146972656e+00 2.589822153244093918e-09 2.594686889010286940e-09
9.719999313354492188e+00 2.579414227409455933e-09 2.584485137534501638e-09
9.729999542236328125e+00 2.569024266249463926e-09 2.574301632758126338e-09
9.739999771118164062e+00 2.558653486978667894e-09 2.564137764942429128e-09
9.750000000000000000e+00 2.548302182664851442e-09 2.553994015515159385e-09
9.760000228881835938e+00 2.537970725524744664e-09 2.543870938655928569e-09
9.769999504089355469e+00 2.527660561084504454e-09 2.533770133195949597e-09
9.779999732971191406e+00 2.517370286273320364e-09 2.523690398267498457e-09
9.789999961853027344e+00 2.507101559521842951e-09 2.513633521105849178e-09
9.800000190734863281e+00 2.496855173041008950e-09 2.503600426500312122e-09
9.809999465942382812e+00 2.486633018993125499e-09 2.493593099910796041e-09
9.819999694824218750e+00 2.476434196205637737e-09 2.483610773749286895e-09
9.829999923706054688e+00 2.466260863301679241e-09 2.473655655195538152e-09
9.840000152587890625e+00 2.456114338356623742e-09 2.463729105426671935e-09
9.849999427795410156e+00 2.445997036529222195e-09 2.453833533621642190e-09
9.859999656677246094e+00 2.435908609895170087e-09 2.443968619885245485e-09
9.869999885559082031e+00 2.425851730791828471e-09 2.434136970390574397e-09
9.880000114440917969e+00 2.415828221402270336e-09 2.424340330458179836e-09
9.889999389648437500e+00 2.405840959186058592e-09 2.414581446606848255e-09
9.899999618530273438e+00 2.395890057820735129e-09 2.404860334773674130e-09
9.909999847412109375e+00 2.385978567194676204e-09 2.395179850071222679e-09
9.920000076293945312e+00 2.376108642961145828e-09 2.385541944353478419e-09
9.929999351501464844e+00 2.366283417142887306e-09 2.375949494364522397e-09
9.939999580383300781e+00 2.356503234588200454e-09 2.366402629077856104e-09
9.949999809265136719e+00 2.346771255069510944e-09 2.356904201015037976e-09
9.960000038146972656e+00 2.337089679197508726e-09 2.347456103804704160e-09
9.969999313354492188e+00 2.327461582454141223e-09 2.338061065153066647e-09
9.979999542236328125e+00 2.317887225772666608e-09 2.328719049923759493e-09
9.989999771118164062e+00 2.308369545033538763e-09 2.319432620134091985e-09
1.000000000000000000e+01 2.298910453282393719e-09 2.310203330280181264e-09
1.001000022888183594e+01 2.289511743163341924e-09 2.301032611781230991e-09
1.001999950408935547e+01 2.280175957668855803e-09 2.291922626619864992e-09
1.002999973297119141e+01 2.270902819865963483e-09 2.282872787335486449e-09
1.003999996185302734e+01 2.261694562757059486e-09 2.273884961820347608e-09
1.005000019073486328e+01 2.252552351488148759e-09 2.264959985962546485e-09
1.005999946594238281e+01 2.243478031371804914e-09 2.256099373617070134e-09
1.006999969482421875e+01 2.234470667210186068e-09 2.247301940607784027e-09
1.007999992370605469e+01 2.225531734079096765e-09 2.238568876285195592e-09
1.009000015258789062e+01 2.216661649118186366e-09 2.229900359905366685e-09
1.009999942779541016e+01 2.207861479168115046e-09 2.221297231333308066e-09
1.010999965667724609e+01 2.199129596026035648e-09 2.212757722760269749e-09
1.011999988555908203e+01 2.190466719963399795e-09 2.204282390610995573e-09
1.013000011444091797e+01 2.181872566263657130e-09 2.195870838346348709e-09
1.013999938964843750e+01 2.173347509360984798e-09 2.187523344987640910e-09
1.014999961853027344e+01 2.164889351234683858e-09 2.179237700354761329e-09
1.015999984741210938e+01 2.156498214930045912e-09 2.171013996062028814e-09
1.017000007629394531e+01 2.148173301576150320e-09 2.162851449348031419e-09
1.017999935150146484e+01 2.139914508821273352e-09 2.154749987783576565e-09
1.018999958038330078e+01 2.131719303213986221e-09 2.146707179005627341e-09
1.019999980926513672e+01 2.123587463787731123e-09 2.138722881821910216e-09
1.021000003814697266e+01 2.115517941721628458e-09 2.130796163634785860e-09
1.021999931335449219e+01 2.107510428797258655e-09 2.122926837825291934e-09
1.022999954223632812e+01 2.099562323390564249e-09 2.115112479047196743e-09
1.023999977111816406e+01 2.091673326519571628e-09 2.107352937240986251e-09
1.025000000000000000e+01 2.083842394369817962e-09 2.099647340366954300e-09
1.026000022888183594e+01 2.076068515546113274e-09 2.091994855459020458e-09
1.026999950408935547e+01 2.068351453244556648e-09 2.084395417163690972e-09
1.027999973297119141e+01 2.060688813842196578e-09 2.076846838454307875e-09
1.028999996185302734e+01 2.053080467955204492e-09 2.069349162384645151e-09
1.030000019073486328e+01 2.045525603429286414e-09 2.061901758572493126e-09
1.030999946594238281e+01 2.038024178363601796e-09 2.054504753676664539e-09
1.031999969482421875e+01 2.030574062811427505e-09 2.047156211732320995e-09
1.032999992370605469e+01 2.023175328626556050e-09 2.039856363719662411e-09
1.034000015258789062e+01 2.015827377260067586e-09 2.032604775386617667e-09
1.034999942779541016e+01 2.008530345576680211e-09 2.025401734356672718e-09
1.035999965667724609e+01 2.001282318839408045e-09 2.018245499410174674e-09
1.036999988555908203e+01 1.994083497522825348e-09 2.011136414503986109e-09
1.038000011444091797e+01 1.986933399374360012e-09 2.004074148183644310e-09
1.038999938964843750e+01 1.979832222792306709e-09 1.997059041231632633e-09
1.039999961853027344e+01 1.972778131772442942e-09 1.990089425973524500e-09
1.040999984741210938e+01 1.965771309142633261e-09 1.983165632058807939e-09
1.042000007629394531e+01 1.958811233507327357e-09 1.976287298211186330e-09
1.042999935150146484e+01 1.951898006535592106e-09 1.969454685369137767e-09
1.043999958038330078e+01 1.945029711537931422e-09 1.962666067569458267e-09
1.044999980926513672e+01 1.938206362247488589e-09 1.955921636135804127e-09
1.046000003814697266e+01 1.931427255569573090e-09 1.949220884511786969e-09
1.046999931335449219e+01 1.924692268222502476e-09 1.942563890663033775e-09
1.047999954223632812e+01 1.917999289489258712e-09 1.935948780158109022e-09
1.048999977111816406e+01 1.911348073547368096e-09 1.929375534032391286e-09
1.050000000000000000e+01 1.904737666929558032e-09 1.922843445760796775e-09
1.051000022888183594e+01 1.898167055029739297e-09 1.916351759568523451e-09
1.051999950408935547e+01 1.891635787793838951e-09 1.909900287230466589e-09
1.052999973297119141e+01 1.885141496970429943e-09 1.903486954135343754e-09
1.053999996185302734e+01 1.878683640693031410e-09 1.897111496066414499e-09
1.055000019073486328e+01 1.872261017285988046e-09 1.890773000696161202e-09
1.055999946594238281e+01 1.865873007080742572e-09 1.884471130485924848e-09
1.056999969482421875e+01 1.859517149416749912e-09 1.878203729340456904e-09
1.057999992370605469e+01 1.853192809379595509e-09 1.871970436357753358e-09
1.059000015258789062e+01 1.846898749765372821e-09 1.865770286502565505e-09
1.059999942779541016e+01 1.840634349622535590e-09 1.859602907517778640e-09
1.060999965667724609e+01 1.834397229667027812e-09 1.853466178429590734e-09
1.061999988555908203e+01 1.828186848185540759e-09 1.847359765808753723e-09
1.063000011444091797e+01 1.822002119725772720e-09 1.841282775051846575e-09
1.063999938964843750e+01 1.815842610140710714e-09 1.835234921560179347e-09
1.064999961853027344e+01 1.809706198238400782e-09 1.829214231745632704e-09
1.065999984741210938e+01 1.803592608214290371e-09 1.823220508286968337e-09
1.067000007629394531e+01 1.797501063376787228e-09 1.817253023235070823e-09
1.067999935150146484e+01 1.791431457719493425e-09 1.811311664341863979e-09
1.068999958038330078e+01 1.785382044853130775e-09 1.805394671528785310e-09
1.069999980926513672e+01 1.779352912546994364e-09 1.799502036915159182e-09
1.071000003814697266e+01 1.773343664021957659e-09 1.793633234091637996e-09
1.071999931335449219e+01 1.767354565701864683e-09 1.787788340126797414e-09
1.072999954223632812e+01 1.761384259702845007e-09 1.781965804297321264e-09
1.073999977111816406e+01 1.755433184586755278e-09 1.776165787862738737e-09
1.075000000000000000e+01 1.749501281311280334e-09 1.770387926934549513e-09
1.076000022888183594e+01 1.743588556065371249e-09 1.764631884641585491e-09
1.076999950408935547e+01 1.737695630670409496e-09 1.758897889770579705e-09
1.077999973297119141e+01 1.731821485071954601e-09 1.753184544169753256e-09
1.078999996185302734e+01 1.725966817456280326e-09 1.747492096379560304e-09
1.080000019073486328e+01 1.720131780950898091e-09 1.741820243758489007e-09
1.080999946594238281e+01 1.714317087793569535e-09 1.736169211202270427e-09
1.081999969482421875e+01 1.708521779507254794e-09 1.730537589314954576e-09
1.082999992370605469e+01 1.702746541827805316e-09 1.724925561220195038e-09
1.084000015258789062e+01 1.696991472046637654e-09 1.719332737994257726e-09
1.084999942779541016e+01 1.691257169309306274e-09 1.713759223663141967e-09
1.085999965667724609e+01 1.685542538192246915e-09 1.708203485435279467e-09
1.086999988555908203e+01 1.679848061025336884e-09 1.702665539061034468e-09
1.088000011444091797e+01 1.674173600585095380e-09 1.697144817823868506e-09
1.088999938964843750e+01 1.668519480096016130e-09 1.691641227340434276e-09
1.089999961853027344e+01 1.662884323247955035e-09 1.686153046499035972e-09
1.090999984741210938e+01 1.657268286963224383e-09 1.680680077353442429e-09
1.092000007629394531e+01 1.651670901587463016e-09 1.675221545733618097e-09
1.092999935150146484e+01 1.646092142770173142e-09 1.669777148042985712e-09
1.093999958038330078e+01 1.640530307717878231e-09 1.664344979701253091e-09
1.094999980926513672e+01 1.634985211561184002e-09 1.658924655250960860e-09
1.096000003814697266e+01 1.629456063309675260e-09 1.653515236048420267e-09
1.096999931335449219e+01 1.623942531159573193e-09 1.648116271191508407e-09
1.097999954223632812e+01 1.618442649105299388e-09 1.642725746118287743e-09
1.098999977111816406e+01 1.612955981707459874e-09 1.637343179971739534e-09
1.100000000000000000e+01 1.607481529614197490e-09 1.631967573017387403e-09
1.101000022888183594e+01 1.602018267765913960e-09 1.626597930900387161e-09
1.101999950408935547e+01 1.596565676426603729e-09 1.621233784392158943e-09
1.102999973297119141e+01 1.591121673885913755e-09 1.615873151946701428e-09
1.103999996185302734e+01 1.585685748425226393e-09 1.610515617479722191e-09
1.105000019073486328e+01 1.580256888832669569e-09 1.605160291471377827e-09
1.105999946594238281e+01 1.574834632679351511e-09 1.599806840529937670e-09
1.106999969482421875e+01 1.569417008805399059e-09 1.594453452116538749e-09
1.107999992370605469e+01 1.564003649269090081e-09 1.589099903715732320e-09
1.109000015258789062e+01 1.558593728627988979e-09 1.583745525650385497e-09
1.109999942779541016e+01 1.553187003874614662e-09 1.578390226700783671e-09
1.110999965667724609e+01 1.547781757727333868e-09 1.573032454151729769e-09
1.111999988555908203e+01 1.542377896775614771e-09 1.567672260548001326e-09
1.113000011444091797e+01 1.536974891334032623e-09 1.562309261992666274e-09
1.113999938964843750e+01 1.531572807812866448e-09 1.556943661083011829e-09
1.114999961853027344e+01 1.526170247581377646e-09 1.551574198844619912e-09
1.115999984741210938e+01 1.520767436588368509e-09 1.546201223493225864e-09
1.117000007629394531e+01 1.515364161557713390e-09 1.540824641375529239e-09
1.117999935150146484e+01 1.509960796310140301e-09 1.535444938497983841e-09
1.118999958038330078e+01 1.504556235117035823e-09 1.530061124057212351e-09
1.119999980926513672e+01 1.499150978468805513e-09 1.524673804437115755e-09
1.121000003814697266e+01 1.493745064835760368e-09 1.519283126416227004e-09
1.121999931335449219e+01 1.488339094002536454e-09 1.513889799370406748e-09
1.122999954223632812e+01 1.482932156833651952e-09 1.508493032141289657e-09
1.123999977111816406e+01 1.477524920733308929e-09 1.503093613893459713e-09
1.125000000000000000e+01 1.472117559417693973e-09 1.497691851595736449e-09
1.125999927520751953e+01 1.466710776387268983e-09 1.492288594429807932e-09
1.126999950408935547e+01 1.461303735078326871e-09 1.486883167470036039e-09
1.127999973297119141e+01 1.455897146233117748e-09 1.481476459178478425e-09
1.128999996185302734e+01 1.450491199439242468e-09 1.476068856249812435e-09
1.130000019073486328e+01 1.445086073943215154e-09 1.470660755390735222e-09
1.130999946594238281e+01 1.439682450158307367e-09 1.465253076167589867e-09
1.131999969482421875e+01 1.434279445622951418e-09 1.459845195723614372e-09
1.132999992370605469e+01 1.428877705829903220e-09 1.454438041844314102e-09
1.134000015258789062e+01 1.423477342395736811e-09 1.449032028912105351e-09
1.134999942779541016e+01 1.418078964318967901e-09 1.443628088743073084e-09
1.135999965667724609e+01 1.412681620879249673e-09 1.438225609468703125e-09
1.136999988555908203e+01 1.407285894238801953e-09 1.432825528871167345e-09
1.138000011444091797e+01 1.401891844180756448e-09 1.427428273996269442e-09
1.138999938964843750e+01 1.396500042824362974e-09 1.422034792938646328e-09
1.139999961853027344e+01 1.391109523731607474e-09 1.416644499512416494e-09
1.140999984741210938e+01 1.385720874313275811e-09 1.411258362362940350e-09
1.142000007629394531e+01 1.380334186007749859e-09 1.405876849637674561e-09
1.142999935150146484e+01 1.374950089581669205e-09 1.400500958799790925e-09
1.143999958038330078e+01 1.369567709045730728e-09 1.395130168955918829e-09
1.144999980926513672e+01 1.364187750144930860e-09 1.389765519727436077e-09
1.146000003814697266e+01 1.358810453672686390e-09 1.384407562452548813e-09
1.146999931335449219e+01 1.353436628046390175e-09 1.379057384872272794e-09
1.147999954223632812e+01 1.348065605727137919e-09 1.373714572550730423e-09
1.148999977111816406e+01 1.342698323643775357e-09 1.368380271632082301e-09
1.150000000000000000e+01 1.337335277276847309e-09 1.363055147873024738e-09
1.150999927520751953e+01 1.331977547125214669e-09 1.357740403534886690e-09
1.151999950408935547e+01 1.326624757292567362e-09 1.352435750337295742e-09
1.152999973297119141e+01 1.321278142334456922e-09 1.347142449787534646e-09
1.153999996185302734e+01 1.315938501978326765e-09 1.341861282600001413e-09
1.155000019073486328e+01 1.310606710469604404e-09 1.336593053727330407e-09
1.155999946594238281e+01 1.305284220468971129e-09 1.331339089733586792e-09
1.156999969482421875e+01 1.299971028699342494e-09 1.326099232092850168e-09
1.157999992370605469e+01 1.294668715796819156e-09 1.320874839523641638e-09
1.159000015258789062e+01 1.289378408221953454e-09 1.315666778037493104e-09
1.159999942779541016e+01 1.284101780354630744e-09 1.310476411436435675e-09
1.160999965667724609e+01 1.278839033990793996e-09 1.305303617809419177e-09
1.161999988555908203e+01 1.273591908155818167e-09 1.300149754191337839e-09
1.163000011444091797e+01 1.268361654520559481e-09 1.295015669246796307e-09
1.163999938964843750e+01 1.263150026528458891e-09 1.289902679934129962e-09
1.164999961853027344e+01 1.257957282137034294e-09 1.284810617472040202e-09
1.165999984741210938e+01 1.252785155481211287e-09 1.279740748052609008e-09
1.167000007629394531e+01 1.247634855790639060e-09 1.274693814810941880e-09
1.167999935150146484e+01 1.242508042953134089e-09 1.269670999772114149e-09
1.168999958038330078e+01 1.237404864079868013e-09 1.264672005612459906e-09
1.169999980926513672e+01 1.232326878343654763e-09 1.259697926218443518e-09
1.171000003814697266e+01 1.227275090535438737e-09 1.254749324774587934e-09
1.171999931335449219e+01 1.222250912080115960e-09 1.249827179852174207e-09
1.172999954223632812e+01 1.217254240594790399e-09 1.244931007794215893e-09
1.173999977111816406e+01 1.212286330412466733e-09 1.240061678346806541e-09
1.175000000000000000e+01 1.207347869564938356e-09 1.235219533696987977e-09
1.175999927520751953e+01 1.202439924691209975e-09 1.230405317083730011e-09
1.176999950408935547e+01 1.197562070668985284e-09 1.225618339613544114e-09
1.177999973297119141e+01 1.192715199541261672e-09 1.220859236553228536e-09
1.178999996185302734e+01 1.187899646971513618e-09 1.216128130170185340e-09
1.180000019073486328e+01 1.183115664490374199e-09 1.211425092639718488e-09
1.180999946594238281e+01 1.178363875062387665e-09 1.206750593533110015e-09
1.181999969482421875e+01 1.173643468405530210e-09 1.202103722853867042e-09
1.182999992370605469e+01 1.168954925743732254e-09 1.197484869609489756e-09
1.184000015258789062e+01 1.164298210500530390e-09 1.192893939947557967e-09
1.184999942779541016e+01 1.159673669560752412e-09 1.188331242477831429e-09
1.185999965667724609e+01 1.155080279304775491e-09 1.183795754445188040e-09
1.186999988555908203e+01 1.150518299578020996e-09 1.179287737167546259e-09
1.188000011444091797e+01 1.145987513995656619e-09 1.174806996953676068e-09
1.188999938964843750e+01 1.141488107607913002e-09 1.170353749150997693e-09
1.189999961853027344e+01 1.137018960515721457e-09 1.165926925766894011e-09
1.190999984741210938e+01 1.132580229218363562e-09 1.161526727307253239e-09
1.192000007629394531e+01 1.128171633480780635e-09 1.157152924770263595e-09
1.192999935150146484e+01 1.123793308237932791e-09 1.152805701633853916e-09
1.193999958038330078e+01 1.119444140950652466e-09 1.148484000565481327e-09
1.194999980926513672e+01 1.115124280664300076e-09 1.144188012953537074e-09
1.196000003814697266e+01 1.110833467683963901e-09 1.139917519512493087e-09
1.196999931335449219e+01 1.106571859520842239e-09 1.135672710879816331e-09
1.197999954223632812e+01 1.102338408655250090e-09 1.131452571214647861e-09
1.198999977111816406e+01 1.098133301052225675e-09 1.127257307320211408e-09
1.200000000000000000e+01 1.093956326652474304e-09 1.123086726645732787e-09
1.200999927520751953e+01 1.089807679543180189e-09 1.118941036796575311e-09
1.201999950408935547e+01 1.085686375396570118e-09 1.114819265437035517e-09
1.202999973297119141e+01 1.081592621890532945e-09 1.110721631083072749e-09
1.203999996185302734e+01 1.077526229671316328e-09 1.106647957904904444e-09
1.205000019073486328e+01 1.073487004779519949e-09 1.102598070378555260e-09
1.205999946594238281e+01 1.069475125443280930e-09 1.098572174371017996e-09
1.206999969482421875e+01 1.065489609215398642e-09 1.094569321624174247e-09
1.207999992370605469e+01 1.061530603971206583e-09 1.090589711686538970e-09
1.209000015258789062e+01 1.057597850021840344e-09 1.086633151935137728e-09
1.209999942779541016e+01 1.053691431006657370e-09 1.082699815116461961e-09
1.210999965667724609e+01 1.049810282110465227e-09 1.078788739479369550e-09
1.211999988555908203e+01 1.045954421917485035e-09 1.074900078312781532e-09
1.213000011444091797e+01 1.042123456918032387e-09 1.071033596228428309e-09
1.213999938964843750e+01 1.038317315115850492e-09 1.067189410351120356e-09
1.214999961853027344e+01 1.034534795090591892e-09 1.063366525482451384e-09
1.215999984741210938e+01 1.030775743657620076e-09 1.059565033859044761e-09
1.217000007629394531e+01 1.027039602187881221e-09 1.055784646932649764e-09
1.217999935150146484e+01 1.023326125381122874e-09 1.052025421225635792e-09
1.218999958038330078e+01 1.019633969277943112e-09 1.048286327258787034e-09
1.219999980926513672e+01 1.015962819542357388e-09 1.044567402008976905e-09
1.221000003814697266e+01 1.012311977012583164e-09 1.040868314475122040e-09
1.221999931335449219e+01 1.008681063305745057e-09 1.037189077015425901e-09
1.222999954223632812e+01 1.005068643309458708e-09 1.033528645712294231e-09
1.223999977111816406e+01 1.001474309218836712e-09 1.029887028022374370e-09
1.225000000000000000e+01 9.978973003415823778e-10 1.026263879652653261e-09
1.225999927520751953e+01 9.943371963239785845e-10 1.022659201803107134e-09
1.226999950408935547e+01 9.907925679290293838e-10 1.019071970161987984e-09
1.227999973297119141e+01 9.872630216683397212e-10 1.015502200006804529e-09
1.228999996185302734e+01 9.837478474319724761e-10 1.011949571614245605e-09
1.230000019073486328e+01 9.802463660631295815e-10 1.008413777132463553e-09
1.230999946594238281e+01 9.767582680415123732e-10 1.004894857242934195e-09
1.231999969482421875e+01 9.732822904494006502e-10 1.001391862127521570e-09
1.232999992370605469e+01 9.698182184605573212e-10 9.979048664629200921e-10
1.234000015258789062e+01 9.663655584165535010e-10 9.944336266035181194e-10
1.234999942779541016e+01 9.629242027768468827e-10 9.909782464931811157e-10
1.235999965667724609e+01 9.594931214963397474e-10 9.875378614656851160e-10
1.236999988555908203e+01 9.560723334213931622e-10 9.841126156160282778e-10
1.238000011444091797e+01 9.526615934575466628e-10 9.807023417294651055e-10
1.238999938964843750e+01 9.492610453755584958e-10 9.773072142143003346e-10
1.239999961853027344e+01 9.458699244025916937e-10 9.739264541860863237e-10
1.240999984741210938e+01 9.424885012694017666e-10 9.705602710587051261e-10
1.242000007629394531e+01 9.391167809927543436e-10 9.672085642982980649e-10
1.242999935150146484e+01 9.357551440524973502e-10 9.638715637329869255e-10
1.243999958038330078e+01 9.324030601293127206e-10 9.605485557060445939e-10
1.244999980926513672e+01 9.290610065422692824e-10 9.572397905726184573e-10
1.246000003814697266e+01 9.257291787473880263e-10 9.539452057864959831e-10
1.246999931335449219e+01 9.224081212550290546e-10 9.506650546808265512e-10
1.247999954223632812e+01 9.190974548104650000e-10 9.473986539635374825e-10
1.248999977111816406e+01 9.157977698407782517e-10 9.441462583611727912e-10
1.250000000000000000e+01 9.125093512775753741e-10 9.409078054965543027e-10
1.250999927520751953e+01 9.092328007445059117e-10 9.376835341054520842e-10
1.251999950408935547e+01 9.059677807768631754e-10 9.344727532167075281e-10
1.252999973297119141e+01 9.027148832689195559e-10 9.312756853472810511e-10
1.253999996185302734e+01 8.994743723353888713e-10 9.280922335661145404e-10
1.255000019073486328e+01 8.962464918209849304e-10 9.249222883522685375e-10
1.255999946594238281e+01 8.930317663796325930e-10 9.217660268811580056e-10
1.256999969482421875e+01 8.898297722215906380e-10 9.186227095466634104e-10
1.257999992370605469e+01 8.866409733986592442e-10 9.154924856657945892e-10
1.259000015258789062e+01 8.834654917353143104e-10 9.123751880936335318e-10
1.259999942779541016e+01 8.803037133250091544e-10 9.092709306065234747e-10
1.260999965667724609e+01 8.771550829109194046e-10 9.061789253970030976e-10
1.261999988555908203e+01 8.740199134103797000e-10 9.030992604108496767e-10
1.263000011444091797e+01 8.708981793533993468e-10 9.000317149645689922e-10
1.263999938964843750e+01 8.677901167553810237e-10 8.969763487551770470e-10
1.264999961853027344e+01 8.646950411536289436e-10 8.939323389809113294e-10
1.265999984741210938e+01 8.616131293638651979e-10 8.908997305496533811e-10
1.267000007629394531e+01 8.585442362347136410e-10 8.878782713683115042e-10
1.267999935150146484e+01 8.554884867018285532e-10 8.848679929265503310e-10
1.268999958038330078e+01 8.524451158254148322e-10 8.818680651266824412e-10
1.269999980926513672e+01 8.494142219532786013e-10 8.788785208525265561e-10
1.271000003814697266e+01 8.463956048332111872e-10 8.758991089184971353e-10
1.271999931335449219e+01 8.433893484583750343e-10 8.729298663124953589e-10
1.272999954223632812e+01 8.403946800350015201e-10 8.699699884047333875e-10
1.273999977111816406e+01 8.374116946585061446e-10 8.670195298447391766e-10
1.275000000000000000e+01 8.344402114951238596e-10 8.640782726854018695e-10
1.275999927520751953e+01 8.314803461557237170e-10 8.611462904699977015e-10
1.276999950408935547e+01 8.285313859187598450e-10 8.582228320376335548e-10
1.277999973297119141e+01 8.255934858358547946e-10 8.553080002580416803e-10
1.278999996185302734e+01 8.226665402707730310e-10 8.524016333698664993e-10
1.279999923706054688e+01 8.197507444267582488e-10 8.495038616383024884e-10
1.280999946594238281e+01 8.168454833997059622e-10 8.466140028567342841e-10
1.281999969482421875e+01 8.139510005007634330e-10 8.437322207575077123e-10
1.282999992370605469e+01 8.110672826015878237e-10 8.408584182862063883e-10
1.284000015258789062e+01 8.081943373101213264e-10 8.379925142302069591e-10
1.284999942779541016e+01 8.053324629367915939e-10 8.351347146409647403e-10
1.285999965667724609e+01 8.024811549220675715e-10 8.322844225945095703e-10
1.286999988555908203e+01 7.996407401164149484e-10 8.294418726070199030e-10
1.288000011444091797e+01 7.968112803640373036e-10 8.266070386900741451e-10
1.288999938964843750e+01 7.939931099518261013e-10 8.237801752257327054e-10
1.289999961853027344e+01 7.911857574784776979e-10 8.209607382028403258e-10
1.290999984741210938e+01 7.883895541881808415e-10 8.181490016439507479e-10
1.292000007629394531e+01 7.856045534360263313e-10 8.153449771617606709e-10
1.292999935150146484e+01 7.828310598455344031e-10 8.125489491067183792e-10
1.293999958038330078e+01 7.800685683804476878e-10 8.097604074997429632e-10
1.294999980926513672e+01 7.773173478788690714e-10 8.069796470727975788e-10
1.296000003814697266e+01 7.745773787189139932e-10 8.042066988772186818e-10
1.296999931335449219e+01 7.718488749125497733e-10 8.014418598708865040e-10
1.297999954223632812e+01 7.691312422709800686e-10 7.986846383069535716e-10
1.298999977111816406e+01 7.664246382897832146e-10 7.959353353701047448e-10
1.300000000000000000e+01 7.637289294349500268e-10 7.931939893176866487e-10
1.300999927520751953e+01 7.610442075255348251e-10 7.904608997419597211e-10
1.301999950408935547e+01 7.583697671617749326e-10 7.877355855679193474e-10
1.302999973297119141e+01 7.557056435026393162e-10 7.850183492730074366e-10
1.303999996185302734e+01 7.530515891716376050e-10 7.823092337210816459e-10
1.304999923706054688e+01 7.504075853201693471e-10 7.796085408149760477e-10
1.305999946594238281e+01 7.477728372995900281e-10 7.769158024873504513e-10
1.306999969482421875e+01 7.451472915637742783e-10 7.742313267584742423e-10
1.307999992370605469e+01 7.425306305534362869e-10 7.715551673746696275e-10
1.309000015258789062e+01 7.399225300365742714e-10 7.688873823951211416e-10
1.309999942779541016e+01 7.373229118538929370e-10 7.662282882442299295e-10
1.310999965667724609e+01 7.347309580841270109e-10 7.635774466726424917e-10
1.311999988555908203e+01 7.321466040353611738e-10 7.609351871749793102e-10
1.313000011444091797e+01 7.295695509343422287e-10 7.583015922817055561e-10
1.313999938964843750e+01 7.269997642767720638e-10 7.556770021061221895e-10
1.314999961853027344e+01 7.244364988939170945e-10 7.530610142295708595e-10
1.315999984741210938e+01 7.218797740161651558e-10 7.504539859443775234e-10
1.317000007629394531e+01 7.193293964237744241e-10 7.478560323258134410e-10
1.317999935150146484e+01 7.167854516224241542e-10 7.452675233411115006e-10
1.318999958038330078e+01 7.142473369773509641e-10 7.426880971047670029e-10
1.319999980926513672e+01 7.117152196552482902e-10 7.401181407581831106e-10
1.321000003814697266e+01 7.091890672046109505e-10 7.375578016615715584e-10
1.321999931335449219e+01 7.066691313271696781e-10 7.350074767374146562e-10
1.322999954223632812e+01 7.041549871506188970e-10 7.324668396234073531e-10
1.323999977111816406e+01 7.016469746330837931e-10 7.299362991450083588e-10
1.325000000000000000e+01 6.991452352547882560e-10 7.274160243044609748e-10
1.325999927520751953e+01 6.966501881164215336e-10 7.249064255567007515e-10
1.326999950408935547e+01 6.941615760351951284e-10 7.224071970793543253e-10
1.327999973297119141e+01 6.916798898659597865e-10 7.199187514404679796e-10
1.328999996185302734e+01 6.892054122380196235e-10 7.174412597342954056e-10
1.329999923706054688e+01 6.867386862924117869e-10 7.149751245177890061e-10
1.330999946594238281e+01 6.842795706731139698e-10 7.125200385472952842e-10
1.331999969482421875e+01 6.818286461937720406e-10 7.100763945187745069e-10
1.332999992370605469e+01 6.793862688463100012e-10 7.076443416513537480e-10
1.334000015258789062e+01 6.769528002908734999e-10 7.052240200241696903e-10
1.334999942779541016e+01 6.745288333985474462e-10 7.028157883834902711e-10
1.335999965667724609e+01 6.721142633803975693e-10 7.004193052688848318e-10
1.336999988555908203e+01 6.697096701705774994e-10 6.980349060856046055e-10
1.338000011444091797e+01 6.673153882774753350e-10 6.956626822136271372e-10
1.338999938964843750e+01 6.649319611772421476e-10 6.933029349937401240e-10
1.339999961853027344e+01 6.625592294433396228e-10 6.909552759725282441e-10
1.340999984741210938e+01 6.601976916653977821e-10 6.886199768182797178e-10
1.342000007629394531e+01 6.578475916252252097e-10 6.862970676493169716e-10
1.342999935150146484e+01 6.555093667311236976e-10 6.839867823018885069e-10
1.343999958038330078e+01 6.531827558497371887e-10 6.816886782025565502e-10
1.344999980926513672e+01 6.508681367551016000e-10 6.794029586664854911e-10
1.346000003814697266e+01 6.485656330190101310e-10 6.771295907256577903e-10
1.346999931335449219e+01 6.462755559991590256e-10 6.748687416199410390e-10
1.347999954223632812e+01 6.439975335807463861e-10 6.726199181925887049e-10
1.348999977111816406e+01 6.417318223538167313e-10 6.703832613773977470e-10
1.350000000000000000e+01 6.394784349600977438e-10 6.681586834018764387e-10
1.350999927520751953e+01 6.372375747941571552e-10 6.659462954424146541e-10
1.351999950408935547e+01 6.350087851777809945e-10 6.637455657041722390e-10
1.352999973297119141e+01 6.327922347970452114e-10 6.615565865802140224e-10
1.353999996185302734e+01 6.305878648670810637e-10 6.593792304713133832e-10
1.354999923706054688e+01 6.283958153498971831e-10 6.572135685634270846e-10
1.355999946594238281e+01 6.262155930629639211e-10 6.550590467027719661e-10
1.356999969482421875e+01 6.240473292848503801e-10 6.529157257356377102e-10
1.357999992370605469e+01 6.218909453479977596e-10 6.507834552009385962e-10
1.359000015258789062e+01 6.197463650173745095e-10 6.486620813504140946e-10
1.359999942779541016e+01 6.176137196682706172e-10 6.465516487083188177e-10
1.360999965667724609e+01 6.154925378837833634e-10 6.444515967630196232e-10
1.361999988555908203e+01 6.133829673832176488e-10 6.423619683319943583e-10
1.363000011444091797e+01 6.112849613545411869e-10 6.402826038947838301e-10
1.363999938964843750e+01 6.091986814499140639e-10 6.382135408023592622e-10
1.364999961853027344e+01 6.071237030036532866e-10 6.361542251923355428e-10
1.365999984741210938e+01 6.050602085161482877e-10 6.341046963571913578e-10
1.367000007629394531e+01 6.030081895095961212e-10 6.320647964975140760e-10
1.367999935150146484e+01 6.009678389031465529e-10 6.300345620098787899e-10
1.368999958038330078e+01 5.989387716592933955e-10 6.280134497718725301e-10
1.369999980926513672e+01 5.969211901501867060e-10 6.260014989253945410e-10
1.371000003814697266e+01 5.949151020922761612e-10 6.239985553920864957e-10
1.371999931335449219e+01 5.929207024842009872e-10 6.220046556395247415e-10
1.372999954223632812e+01 5.909376107553991524e-10 6.200192666517553256e-10
1.373999977111816406e+01 5.889660088231036515e-10 6.180424267536433874e-10
1.375000000000000000e+01 5.870058760464845468e-10 6.160739841065830985e-10
1.375999927520751953e+01 5.850573619597945335e-10 6.141139735518653318e-10
1.376999950408935547e+01 5.831200410259665076e-10 6.121618696407260331e-10
1.377999973297119141e+01 5.811940248079221238e-10 6.102177081155319371e-10
1.378999996185302734e+01 5.792792149560262590e-10 6.082813374122879442e-10
1.379999923706054688e+01 5.773756683271389537e-10 6.063527894916635993e-10
1.380999946594238281e+01 5.754828701333252057e-10 6.044315450172847730e-10
1.381999969482421875e+01 5.736008217984539135e-10 6.025176370023050455e-10
1.382999992370605469e+01 5.717293128927725873e-10 6.006109145960761255e-10
1.384000015258789062e+01 5.698681028530555672e-10 5.987112275932634063e-10
1.384999942779541016e+01 5.680170973521641242e-10 5.968186069739249834e-10
1.385999965667724609e+01 5.661756438616470075e-10 5.949325438854456723e-10
1.386999988555908203e+01 5.643435921918431322e-10 5.930530730431328096e-10
1.388000011444091797e+01 5.625205893721399083e-10 5.911800506100255754e-10
1.388999938964843750e+01 5.607064316560990693e-10 5.893135131696983359e-10
1.389999961853027344e+01 5.589003761430979687e-10 5.874529668053234934e-10
1.390999984741210938e+01 5.571021821824357699e-10 5.855984556905812138e-10
1.392000007629394531e+01 5.553114222078726849e-10 5.837498500390831767e-10
1.392999935150146484e+01 5.535278288384319364e-10 5.819072002933991500e-10
1.393999958038330078e+01 5.517506193996389841e-10 5.800700353205001182e-10
1.394999980926513672e+01 5.499795208545892724e-10 5.782384173117696676e-10
1.396000003814697266e+01 5.482140930692418063e-10 5.764122386245572827e-10
1.396999931335449219e+01 5.464540713640195322e-10 5.745915716672497765e-10
1.397999954223632812e+01 5.446986998082492874e-10 5.727759750745749026e-10
1.398999977111816406e+01 5.429477425049282342e-10 5.709655359233396428e-10
1.400000000000000000e+01 5.412008154231812212e-10 5.691601746527916421e-10
1.400999927520751953e+01 5.394577242775297151e-10 5.673599907066576573e-10
1.401999950408935547e+01 5.377178029446613428e-10 5.655645761336944251e-10
1.402999973297119141e+01 5.359809136289656979e-10 5.637740457126587339e-10
1.403999996185302734e+01 5.342467837577979962e-10 5.619883495146533590e-10
1.404999923706054688e+01 5.325153392007440339e-10 5.602076143135925996e-10
1.405999946594238281e+01 5.307860450036066574e-10 5.584314642430483818e-10
1.406999969482421875e+01 5.290588968122184814e-10 5.566600395035670293e-10
1.407999992370605469e+01 5.273337601497984561e-10 5.548933160857634922e-10
1.409000015258789062e+01 5.256105351494311212e-10 5.531312753421809670e-10
1.409999942779541016e+01 5.238893195603300411e-10 5.513740707499808431e-10
1.410999965667724609e+01 5.221697507045137499e-10 5.496213574085537449e-10
1.411999988555908203e+01 5.204519885253618269e-10 5.478732969619093416e-10
1.413000011444091797e+01 5.187360562532733539e-10 5.461298860717571984e-10
1.413999938964843750e+01 5.170221653236834941e-10 5.443912891798492611e-10
1.414999961853027344e+01 5.153100586772166158e-10 5.426571750509155462e-10
1.415999984741210938e+01 5.135999883048132981e-10 5.409277109772418736e-10
1.417000007629394531e+01 5.118920577708886140e-10 5.392028984316107096e-10
1.417999935150146484e+01 5.101865449571841884e-10 5.374829023574110649e-10
1.418999958038330078e+01 5.084832480913630283e-10 5.357673948274513428e-10
1.419999980926513672e+01 5.067824584358360791e-10 5.340565388301459713e-10
1.421000003814697266e+01 5.050843061610447950e-10 5.323503311444466142e-10
1.421999931335449219e+01 5.033890817174649648e-10 5.306489283268996318e-10
1.422999954223632812e+01 5.016965866126966770e-10 5.289519976718260661e-10
1.423999977111816406e+01 5.000071011292746433e-10 5.272596905844485579e-10
1.425000000000000000e+01 4.983207352856239749e-10 5.255719928870588087e-10
1.425999927520751953e+01 4.966377494025653488e-10 5.238890474230153175e-10
1.426999950408935547e+01 4.949579111084412637e-10 5.222105124246581739e-10
1.427999973297119141e+01 4.932814576706490208e-10 5.205365245225937147e-10
1.428999996185302734e+01 4.916084533462768050e-10 5.188670564264762752e-10
1.429999923706054688e+01 4.899391091214227593e-10 5.172022362308033529e-10
1.430999946594238281e+01 4.882731467633099693e-10 5.155417129441939088e-10
1.431999969482421875e+01 4.866107550021955344e-10 5.138856094014815329e-10
1.432999992370605469e+01 4.849519535785960875e-10 5.122338869190421011e-10
1.434000015258789062e+01 4.832967541952331856e-10 5.105865045531371128e-10
1.434999942779541016e+01 4.816453196702876934e-10 5.089435759835982996e-10
1.435999965667724609e+01 4.799973363417690671e-10 5.073047433818788382e-10
1.436999988555908203e+01 4.783529611699159303e-10 5.056701179353660721e-10
1.438000011444091797e+01 4.767121937298033278e-10 5.040396530093182657e-10
1.438999938964843750e+01 4.750751920090005968e-10 5.024134562286551116e-10
1.439999961853027344e+01 4.734416505101775803e-10 5.007911698333260277e-10
1.440999984741210938e+01 4.718117390976865142e-10 4.991729015485666218e-10
1.442000007629394531e+01 4.701854800897812874e-10 4.975586040948505591e-10
1.442999935150146484e+01 4.685630608247255059e-10 4.959483841215392257e-10
1.443999958038330078e+01 4.669442164740607725e-10 4.943418885134448874e-10
1.444999980926513672e+01 4.653291596080892869e-10 4.927392260810784877e-10
1.446000003814697266e+01 4.637179616680297523e-10 4.911403529951843225e-10
1.446999931335449219e+01 4.621108612967912862e-10 4.895453786927007288e-10
1.447999954223632812e+01 4.605076516836252937e-10 4.879539579044425732e-10
1.448999977111816406e+01 4.589085997759479865e-10 4.863662034113387290e-10
1.450000000000000000e+01 4.573138320183146422e-10 4.847820773354731097e-10
1.450999927520751953e+01 4.557236380887702291e-10 4.832016940375850237e-10
1.451999950408935547e+01 4.541378630879726314e-10 4.816247175855638851e-10
1.452999973297119141e+01 4.525568156641447248e-10 4.800512661829871436e-10
1.453999996185302734e+01 4.509806587632532335e-10 4.784813088823377822e-10
1.454999923706054688e+01 4.494097086493922165e-10 4.769149657797696710e-10
1.455999946594238281e+01 4.478438334366795125e-10 4.753519107941079116e-10
1.456999969482421875e+01 4.462833493145151848e-10 4.737922679851951895e-10
1.457999992370605469e+01 4.447284178640686117e-10 4.722360137356952202e-10
1.458999919891357422e+01 4.431793407525172436e-10 4.706832742726756815e-10
1.459999942779541016e+01 4.416359664368541896e-10 4.691337336353672669e-10
1.460999965667724609e+01 4.400985738797481289e-10 4.675875222904204655e-10
1.461999988555908203e+01 4.385672785066860815e-10 4.660446245372002036e-10
1.463000011444091797e+01 4.370421778149930694e-10 4.645050268437535299e-10
1.463999938964843750e+01 4.355234938658870097e-10 4.629688642853752129e-10
1.464999961853027344e+01 4.340109927347243477e-10 4.614358349458010757e-10
1.465999984741210938e+01 4.325048522028601406e-10 4.599060791459128342e-10
1.467000007629394531e+01 4.310050807236464961e-10 4.583795931329010304e-10
1.467999935150146484e+01 4.295118041603763938e-10 4.568565211032066670e-10
1.468999958038330078e+01 4.280246964843437255e-10 4.553365745706110045e-10
1.469999980926513672e+01 4.265438346357671264e-10 4.538199040800601095e-10
1.471000003814697266e+01 4.250691288911850303e-10 4.523065180362681795e-10
1.471999931335449219e+01 4.236006065858301611e-10 4.507965720843597000e-10
1.472999954223632812e+01 4.221378539191492644e-10 4.492897935401704825e-10
1.473999977111816406e+01 4.206808582674858140e-10 4.477863455746063009e-10
1.475000000000000000e+01 4.192294496106066801e-10 4.462862509321578046e-10
1.475999927520751953e+01 4.177835810871817312e-10 4.447896787798284560e-10
1.476999950408935547e+01 4.163427807029115202e-10 4.432963741195186521e-10
1.477999973297119141e+01 4.149069816807285959e-10 4.418065142422284570e-10
1.478999996185302734e+01 4.134759734896357327e-10 4.403201374372074043e-10
1.479999923706054688e+01 4.120496789740410209e-10 4.388374271128969199e-10
1.480999946594238281e+01 4.106276138884367942e-10 4.373581463846328117e-10
1.481999969482421875e+01 4.092097061569143524e-10 4.358824864505375678e-10
1.482999992370605469e+01 4.077957543846288467e-10 4.344105004653196551e-10
1.483999919891357422e+01 4.063857012592499828e-10 4.329423847732912815e-10
1.484999942779541016e+01 4.049790985888512307e-10 4.314779189583684520e-10
1.485999965667724609e+01 4.035759165488154778e-10 4.300173057344388480e-10
1.486999988555908203e+01 4.021760074616655035e-10 4.285606102268435759e-10
1.488000011444091797e+01 4.007792421345872485e-10 4.271078998565714717e-10
1.488999938964843750e+01 3.993856439777517327e-10 4.256593819983693415e-10
1.489999961853027344e+01 3.979948585572829395e-10 4.242148513763486352e-10
1.490999984741210938e+01 3.966069516031994302e-10 4.227745186459320682e-10
1.492000007629394531e+01 3.952218771970689285e-10 4.213384570373424454e-10
1.492999935150146484e+01 3.938397422538464014e-10 4.199068766107990374e-10
1.493999958038330078e+01 3.924602788428383402e-10 4.184795781701947771e-10
1.494999980926513672e+01 3.910836341186031458e-10 4.170567721315800625e-10
1.496000003814697266e+01 3.897098414163429529e-10 4.156385315460724165e-10
1.496999931335449219e+01 3.883390811831538718e-10 4.142250631134260822e-10
1.497999954223632812e+01 3.869711564403852495e-10 4.128161680040396274e-10
1.498999977111816406e+01 3.856062751127105722e-10 4.114120504275926243e-10
1.500000000000000000e+01 3.842445245884156623e-10 4.100127776124600949e-10
