# col1: q[fm^-1] col2: weakFF col3: chargeFF [unitless]
9.999999999999999547e-07 9.999999202578507829e-01 9.999999282689667757e-01
9.999999776482582092e-03 9.998077643960958660e-01 9.998020378064779168e-01
1.999999955296516418e-02 9.992314883222593869e-01 9.992085716950130925e-01
2.999999932944774628e-02 9.982716662926757190e-01 9.982201454450798650e-01
3.999999910593032837e-02 9.969292544116208354e-01 9.968377837842199440e-01
4.999999701976776123e-02 9.952055895119163997e-01 9.950629193483804258e-01
5.999999865889549255e-02 9.931023853082571184e-01 9.928973885035767832e-01
7.000000029802322388e-02 9.906217328181008419e-01 9.903434315012379363e-01
7.999999821186065674e-02 9.877660960589507155e-01 9.874036877098399945e-01
8.999999612569808960e-02 9.845383057024309492e-01 9.840811886856611901e-01
9.999999403953552246e-02 9.809415575629798489e-01 9.803793561642909493e-01
1.099999994039535522e-01 9.769794037487572469e-01 9.763019924445397457e-01
1.199999973177909851e-01 9.726557592923378293e-01 9.718532866493314604e-01
1.299999952316284180e-01 9.679748784528221517e-01 9.670377897258294331e-01
1.400000005960464478e-01 9.629413558747541568e-01 9.618604149801437408e-01
1.499999910593032837e-01 9.575601361692616109e-01 9.563264472193697685e-01
1.599999964237213135e-01 9.518364632241843593e-01 9.504414898667411515e-01
1.700000017881393433e-01 9.457759237130951568e-01 9.442115089143165996e-01
1.799999922513961792e-01 9.393844168697779162e-01 9.376428010001277569e-01
1.899999976158142090e-01 9.326681147889888113e-01 9.307419517471929860e-01
1.999999880790710449e-01 9.256335210097937916e-01 9.235158950655473209e-01
2.099999934434890747e-01 9.182873808012995687e-01 9.159718200464439519e-01
2.199999988079071045e-01 9.106367432723611044e-01 9.081172338150661494e-01
2.299999892711639404e-01 9.026889215238016462e-01 8.999599196095977582e-01
2.399999946355819702e-01 8.944514442932753884e-01 8.915078861666703158e-01
2.500000000000000000e-01 8.859321159264476053e-01 8.827694282633009593e-01
2.599999904632568359e-01 8.771389713337442995e-01 8.737530794481505048e-01
2.699999809265136719e-01 8.680802368057337626e-01 8.644675708372040468e-01
2.800000011920928955e-01 8.587643282554184854e-01 8.549218283120568751e-01
2.899999916553497314e-01 8.491999383958374059e-01 8.451250607812041959e-01
2.999999821186065674e-01 8.393958577541148491e-01 8.350865757409158263e-01
3.100000023841857910e-01 8.293610422002976046e-01 8.248158474960437525e-01
3.199999928474426270e-01 8.191046931740474379e-01 8.143225981969729466e-01
3.299999833106994629e-01 8.086360653692338252e-01 8.036165999910106494e-01
3.400000035762786865e-01 7.979645406582430711e-01 7.927077497548177254e-01
3.499999940395355225e-01 7.870997133170943849e-01 7.816061551744505342e-01
3.599999845027923584e-01 7.760511860691550190e-01 7.703219252951072349e-01
3.700000047683715820e-01 7.648286499038988717e-01 7.588652512568594410e-01
3.799999952316284180e-01 7.534419737362717528e-01 7.472464968462597668e-01
3.899999856948852539e-01 7.419009905590675524e-01 7.354759793084751918e-01
3.999999761581420898e-01 7.302156176463378001e-01 7.235640912355016940e-01
4.099999964237213135e-01 7.183957749088870637e-01 7.115212164910135195e-01
4.199999868869781494e-01 7.064515132467020786e-01 6.993578601842919129e-01
4.299999773502349854e-01 6.943927902958553222e-01 6.870844194465934862e-01
4.399999976158142090e-01 6.822295618417937302e-01 6.747112759656916925e-01
4.499999880790710449e-01 6.699718795186910825e-01 6.622488946229355689e-01
4.599999785423278809e-01 6.576296608531571053e-01 6.497075889539891680e-01
4.699999988079071045e-01 6.452127846478559192e-01 6.370976177113815142e-01
4.799999892711639404e-01 6.327311911066912931e-01 6.244292859237543514e-01
4.899999797344207764e-01 6.201946479609721230e-01 6.117127069075811718e-01
5.000000000000000000e-01 6.076128491911926277e-01 5.989579022032391897e-01
5.099999904632568359e-01 5.949955169578844405e-01 5.861749044197510639e-01
5.199999809265136719e-01 5.823521655593381086e-01 5.733735176138543554e-01
5.299999713897705078e-01 5.696922405898421360e-01 5.605634581087221013e-01
5.399999618530273438e-01 5.570250710857246323e-01 5.477543057496412349e-01
5.500000119209289551e-01 5.443597839599710886e-01 5.349554172633412819e-01
5.600000023841857910e-01 5.317055961971975941e-01 5.221762213435178213e-01
5.699999928474426270e-01 5.190713524112671173e-01 5.094257512427349255e-01
5.799999833106994629e-01 5.064658178235068586e-01 4.967129408598739970e-01
5.899999737739562988e-01 4.938975940662087005e-01 4.840465396520575170e-01
5.999999642372131348e-01 4.813751108697525427e-01 4.714351043082116721e-01
6.100000143051147461e-01 4.689065439954048231e-01 4.588869162770503607e-01
6.200000047683715820e-01 4.565001046613771374e-01 4.464102731316000328e-01
6.299999952316284180e-01 4.441635864317849958e-01 4.340130327582578107e-01
6.399999856948852539e-01 4.319046561442362875e-01 4.217029064382455950e-01
6.499999761581420898e-01 4.197307731114366391e-01 4.094873777952158234e-01
6.599999666213989258e-01 4.076491832259585557e-01 3.973736971958797826e-01
6.699999570846557617e-01 3.956669134842100144e-01 3.853688766152704170e-01
6.800000071525573730e-01 3.837906964738734827e-01 3.734796144593464651e-01
6.899999976158142090e-01 3.720272482648198098e-01 3.617125741360961988e-01
6.999999880790710449e-01 3.603828394172696181e-01 3.500739550626695840e-01
7.099999785423278809e-01 3.488635750249832745e-01 3.385697735777787321e-01
7.199999690055847168e-01 3.374753202409735420e-01 3.272057888976807050e-01
7.299999594688415527e-01 3.262236973332338086e-01 3.159875007403364355e-01
7.400000095367431641e-01 3.151140173723543381e-01 3.049200818893716969e-01
7.500000000000000000e-01 3.041515421491788329e-01 2.940086396761774079e-01
7.599999904632568359e-01 2.933410851127014607e-01 2.832578190808386909e-01
7.699999809265136719e-01 2.826872758260801644e-01 2.726720669054439328e-01
7.799999713897705078e-01 2.721944924167349344e-01 2.622555651422451284e-01
7.899999618530273438e-01 2.618668610652328810e-01 2.520122311726674669e-01
7.999999523162841797e-01 2.517082558789712765e-01 2.419457183661948840e-01
8.100000023841857910e-01 2.417222401433939405e-01 2.320593586855178581e-01
8.199999928474426270e-01 2.319123039990740043e-01 2.223563986904650291e-01
8.299999833106994629e-01 2.222815082656455221e-01 2.128396476842251139e-01
8.399999737739562988e-01 2.128327249102758278e-01 2.035117166111269638e-01
8.499999642372131348e-01 2.035685786808650588e-01 1.943749610268354355e-01
8.599999547004699707e-01 1.944914491092765430e-01 1.854314838681664079e-01
8.700000047683715820e-01 1.856034204260818832e-01 1.766830869830955386e-01
8.799999952316284180e-01 1.769064949732102043e-01 1.681314819412687289e-01
8.899999856948852539e-01 1.684022782591336476e-01 1.597779808433840709e-01
8.999999761581420898e-01 1.600921952241847745e-01 1.516237100423445949e-01
9.099999666213989258e-01 1.519774401905401862e-01 1.436695616506474260e-01
9.199999570846557617e-01 1.440589806168061093e-01 1.359161980273224657e-01
9.300000071525573730e-01 1.363375156676671085e-01 1.283640120887870051e-01
9.399999976158142090e-01 1.288136633741983339e-01 1.210133111148521817e-01
9.499999880790710449e-01 1.214876889560739109e-01 1.138640518193704820e-01
9.599999785423278809e-01 1.143596947721096241e-01 1.069160269630686777e-01
9.699999690055847168e-01 1.074295785864052694e-01 1.001688252742155838e-01
9.799999594688415527e-01 1.006970386314891969e-01 9.362183715056883460e-02
9.899999499320983887e-01 9.416157884428331959e-02 8.727426051412520702e-02
1.000000000000000000e+00 8.782247706171378288e-02 8.112507074188722578e-02
1.009999990463256836e+00 8.167894052624163903e-02 7.517317220698788161e-02
1.019999980926513672e+00 7.572988486714649081e-02 6.941718460742485330e-02
1.029999971389770508e+00 6.997409219823985671e-02 6.385559707540956753e-02
1.039999961853027344e+00 6.441017865486943494e-02 5.848673734589945883e-02
1.049999952316284180e+00 5.903660039472256871e-02 5.330877823797967874e-02
1.059999942779541016e+00 5.385165968158456967e-02 4.831974419399655274e-02
1.069999933242797852e+00 4.885351103971622561e-02 4.351751786372081571e-02
1.079999923706054688e+00 4.404016746670611632e-02 3.889984672109508823e-02
1.090000033378601074e+00 3.940945257110356481e-02 3.446429790214858291e-02
1.100000023841857910e+00 3.495922549071796281e-02 3.020847417431245935e-02
1.110000014305114746e+00 3.068705603966670470e-02 2.612970337240722030e-02
1.120000004768371582e+00 2.659045399295229331e-02 2.222525866637779443e-02
1.129999995231628418e+00 2.266681913129006687e-02 1.849231120889763963e-02
1.139999985694885254e+00 1.891344756299669777e-02 1.492793670389110962e-02
1.149999976158142090e+00 1.532753802630252606e-02 1.152912192962730724e-02
1.159999966621398926e+00 1.190619816211892917e-02 8.292771206696020539e-03
1.169999957084655762e+00 8.646450747626337544e-03 5.215712801568303872e-03
1.179999947547912598e+00 5.545239881392562652e-03 2.294705256845523331e-03
1.189999938011169434e+00 2.599437111083849165e-03 -4.735563602943954780e-04
1.199999928474426270e+00 -1.941525048067726709e-04 -3.092434299533702770e-03
1.209999918937683105e+00 -2.838784409422410050e-03 -5.565342066401079979e-03
1.220000028610229492e+00 -5.337797577435366911e-03 -7.895765410993821343e-03
1.230000019073486328e+00 -7.694491281376095518e-03 -1.008714706747070207e-02
1.240000009536743164e+00 -9.912298053432312336e-03 -1.214304764794354140e-02
1.250000000000000000e+00 -1.199465721837006740e-02 -1.406702726743606913e-02
1.259999990463256836e+00 -1.394504003857189971e-02 -1.586266869402657223e-02
1.269999980926513672e+00 -1.576694432279431013e-02 -1.753357201074161320e-02
1.279999971389770508e+00 -1.746388915590129168e-02 -1.908334941697882592e-02
1.289999961853027344e+00 -1.903940975470895872e-02 -2.051562017380225214e-02
1.299999952316284180e+00 -2.049705245469130022e-02 -2.183400569704890132e-02
1.309999942779541016e+00 -2.184036983191221110e-02 -2.304212480178855979e-02
1.319999933242797852e+00 -2.307291596416926466e-02 -2.414358910128504287e-02
1.329999923706054688e+00 -2.419824183495780309e-02 -2.514199856322358109e-02
1.339999914169311523e+00 -2.521989088349152822e-02 -2.604093722558842652e-02
1.350000023841857910e+00 -2.614140510590985678e-02 -2.684397808953770115e-02
1.360000014305114746e+00 -2.696627816558034435e-02 -2.755464201883363329e-02
1.370000004768371582e+00 -2.769801724527945486e-02 -2.817645131931614116e-02
1.379999995231628418e+00 -2.834009412102685144e-02 -2.871288672453919943e-02
1.389999985694885254e+00 -2.889595305341100331e-02 -2.916739407049750640e-02
1.399999976158142090e+00 -2.936900726181670973e-02 -2.954338099936465109e-02
1.409999966621398926e+00 -2.976263555746141987e-02 -2.984421382970454603e-02
1.419999957084655762e+00 -3.008017913573691332e-02 -3.007321459283578136e-02
1.429999947547912598e+00 -3.032493852804871506e-02 -3.023365823473657399e-02
1.439999938011169434e+00 -3.050017071304883531e-02 -3.032876998259735266e-02
1.449999928474426270e+00 -3.060908638687218422e-02 -3.036172287485743720e-02
1.459999918937683105e+00 -3.065484739171218248e-02 -3.033563545330621516e-02
1.469999909400939941e+00 -3.064056430180484361e-02 -3.025356961558127444e-02
1.480000019073486328e+00 -3.056929298833954353e-02 -3.011852671234184139e-02
1.490000009536743164e+00 -3.044403659975706070e-02 -2.993345279078366700e-02
1.500000000000000000e+00 -3.026773846053651754e-02 -2.970122720449399831e-02
1.509999990463256836e+00 -3.004328303388573151e-02 -2.942466693554323179e-02
1.519999980926513672e+00 -2.977349375633614459e-02 -2.910652391621806889e-02
1.529999971389770508e+00 -2.946113153516801211e-02 -2.874948379661964107e-02
1.539999961853027344e+00 -2.910889339022535577e-02 -2.835616485510020213e-02
1.549999952316284180e+00 -2.871941123746494379e-02 -2.792911704833146019e-02
1.559999942779541016e+00 -2.829525081141812462e-02 -2.747082119765809766e-02
1.569999933242797852e+00 -2.783891072359035573e-02 -2.698368830826260861e-02
1.579999923706054688e+00 -2.735282165367963064e-02 -2.647005901755029866e-02
1.589999914169311523e+00 -2.683934567036448671e-02 -2.593220316905924666e-02
1.599999904632568359e+00 -2.630077567828962085e-02 -2.537231950810451761e-02
1.610000014305114746e+00 -2.573932816717208055e-02 -2.479252847333725598e-02
1.620000004768371582e+00 -2.515716994861086700e-02 -2.419490001120095518e-02
1.629999995231628418e+00 -2.455637776446810763e-02 -2.358141210705973559e-02
1.639999985694885254e+00 -2.393896473236546696e-02 -2.295397836658824922e-02
1.649999976158142090e+00 -2.330687380867354358e-02 -2.231444146356830610e-02
1.659999966621398926e+00 -2.266197791645393339e-02 -2.166457348240004299e-02
1.669999957084655762e+00 -2.200608017349729023e-02 -2.100607635405271970e-02
1.679999947547912598e+00 -2.134091421649171594e-02 -2.034058238127966697e-02
1.689999938011169434e+00 -2.066814461732453118e-02 -1.966965484891349328e-02
1.699999928474426270e+00 -1.998936738749861400e-02 -1.899478871506058916e-02
1.709999918937683105e+00 -1.930611056663135774e-02 -1.831741137902405739e-02
1.719999909400939941e+00 -1.861983489099841571e-02 -1.763888352180082233e-02
1.730000019073486328e+00 -1.793192633332891389e-02 -1.696049193386734225e-02
1.740000009536743164e+00 -1.724372974251176666e-02 -1.628348283656134640e-02
1.750000000000000000e+00 -1.655650050185637073e-02 -1.560901437186360853e-02
1.759999990463256836e+00 -1.587143827891825468e-02 -1.493819005947551355e-02
1.769999980926513672e+00 -1.518967984062954447e-02 -1.427205184865572643e-02
1.779999971389770508e+00 -1.451230011800718443e-02 -1.361158130880345089e-02
1.789999961853027344e+00 -1.384031332313193779e-02 -1.295770086460645495e-02
1.799999952316284180e+00 -1.317467411458090459e-02 -1.231127507197698860e-02
1.809999942779541016e+00 -1.251627880755217317e-02 -1.167311193107044287e-02
1.819999933242797852e+00 -1.186596662498042194e-02 -1.104396423275724910e-02
1.829999923706054688e+00 -1.122452098600806684e-02 -1.042453093499876721e-02
1.839999914169311523e+00 -1.059267082824643519e-02 -9.815458565661499407e-03
1.849999904632568359e+00 -9.971091960335888571e-03 -9.217342648391245105e-03
1.860000014305114746e+00 -9.360401228740860419e-03 -8.630722225859978683e-03
1.870000004768371582e+00 -8.761186911298370766e-03 -8.056109157417567362e-03
1.879999995231628418e+00 -8.173966450754526977e-03 -7.493947627998671229e-03
1.889999985694885254e+00 -7.599217153164109124e-03 -6.944643750651778927e-03
1.899999976158142090e+00 -7.037370296377564241e-03 -6.408559997702269195e-03
1.909999966621398926e+00 -6.488812595686218286e-03 -5.886016699264915060e-03
1.919999957084655762e+00 -5.953887677694299704e-03 -5.377293543826908856e-03
1.929999947547912598e+00 -5.432897559635257306e-03 -4.882631078305984217e-03
1.939999938011169434e+00 -4.926104131448013658e-03 -4.402232205092811504e-03
1.949999928474426270e+00 -4.433730638029076063e-03 -3.936263673691829494e-03
1.959999918937683105e+00 -3.955963159177100161e-03 -3.484857564680149487e-03
1.969999909400939941e+00 -3.492952084848360665e-03 -3.048112763809973560e-03
1.979999899864196777e+00 -3.044813583443876058e-03 -2.626096424185182278e-03
1.990000009536743164e+00 -2.611625986391496925e-03 -2.218840647802302821e-03
2.000000000000000000e+00 -2.193451713410042754e-03 -1.826363161122036838e-03
2.009999990463256836e+00 -1.790307722672917698e-03 -1.448639601089549275e-03
2.019999980926513672e+00 -1.402187765509339346e-03 -1.085624506622150359e-03
2.029999971389770508e+00 -1.029058536032643415e-03 -7.372477509157707642e-04
2.039999961853027344e+00 -6.708610554980405432e-04 -4.034158944635992837e-04
2.049999952316284180e+00 -3.275120366038452983e-04 -8.401351457157992279e-05
2.059999942779541016e+00 1.094773729661215918e-06 2.210954898801383093e-04
2.069999933242797852e+00 3.150872744716144637e-04 5.120666195841415197e-04
2.079999923706054688e+00 6.146137147530681116e-04 7.890735229207645769e-04
2.089999914169311523e+00 8.998414234762671477e-04 1.052306772007959327e-03
2.099999904632568359e+00 1.170955565342570717e-03 1.301972667561888996e-03
2.109999895095825195e+00 1.428157924288886091e-03 1.538292073355421912e-03
2.119999885559082031e+00 1.671665715232315344e-03 1.761499280975073857e-03
2.129999876022338867e+00 1.901710424934548518e-03 1.971840905492572727e-03
2.139999866485595703e+00 2.118536682711384678e-03 2.169574812585372756e-03
2.149999856948852539e+00 2.322401161628683073e-03 2.354969077560698908e-03
2.159999847412109375e+00 2.513571510744422484e-03 2.528300976660819311e-03
2.169999837875366211e+00 2.692325318876832678e-03 2.689856010952426484e-03
2.180000066757202148e+00 2.858952940647409464e-03 2.839930406466681552e-03
2.190000057220458984e+00 3.013740924439954703e-03 2.978816167081134968e-03
2.200000047683715820e+00 3.156994898046730069e-03 3.106821654381355154e-03
2.210000038146972656e+00 3.289022490220018177e-03 3.224256166057744809e-03
2.220000028610229492e+00 3.410136572727035745e-03 3.331432838528425571e-03
2.230000019073486328e+00 3.520654419211242340e-03 3.428667868849759326e-03
2.240000009536743164e+00 3.620896896919830691e-03 3.516279769463733808e-03
2.250000000000000000e+00 3.711187691230716668e-03 3.594588655583379373e-03
2.259999990463256836e+00 3.791852562855442879e-03 3.663915564966687809e-03
2.269999980926513672e+00 3.863218637540554064e-03 3.724581809781425754e-03
2.279999971389770508e+00 3.925613728038260426e-03 3.776908360217905679e-03
2.289999961853027344e+00 3.979365688068611968e-03 3.821215259464009074e-03
2.299999952316284180e+00 4.024801797948992198e-03 3.857821069616556436e-03
2.309999942779541016e+00 4.062248181523185446e-03 3.887042348065537604e-03
2.319999933242797852e+00 4.092029253981143040e-03 3.909193153852688445e-03
2.329999923706054688e+00 4.114467200122142940e-03 3.924584583473204706e-03
2.339999914169311523e+00 4.129881482577864131e-03 3.933524335559362289e-03
2.349999904632568359e+00 4.138588379478544410e-03 3.936316303857024211e-03
2.359999895095825195e+00 4.140900551014160824e-03 3.933260197880568756e-03
2.369999885559082031e+00 4.137126634313932627e-03 3.924651190608828555e-03
2.379999876022338867e+00 4.127570866041071866e-03 3.910779592563532608e-03
2.389999866485595703e+00 4.112532732075720697e-03 3.891930551593438935e-03
2.399999856948852539e+00 4.092306643637162213e-03 3.868383777670367750e-03
2.409999847412109375e+00 4.067181639176896749e-03 3.840413291989353255e-03
2.419999837875366211e+00 4.037441111356586398e-03 3.808287199652216678e-03
2.429999828338623047e+00 4.003362558409683837e-03 3.772267485203678605e-03
2.440000057220458984e+00 3.965216403358806999e-03 3.732608843392242869e-03
2.450000047683715820e+00 3.923269527714392212e-03 3.689562387863092735e-03
2.460000038146972656e+00 3.877779625447505887e-03 3.643369828788641917e-03
2.470000028610229492e+00 3.828998592971985006e-03 3.594267054715593115e-03
2.480000019073486328e+00 3.777171529464827624e-03 3.542483128008620547e-03
2.490000009536743164e+00 3.722536619191521654e-03 3.488240201789705262e-03
2.500000000000000000e+00 3.665325033038657841e-03 3.431753454467599031e-03
2.509999990463256836e+00 3.605760848497326608e-03 3.373231041104201178e-03
2.519999980926513672e+00 3.544060987341494072e-03 3.312874060868595694e-03
2.529999971389770508e+00 3.480435170247472409e-03 3.250876539834736574e-03
2.539999961853027344e+00 3.415085887604051452e-03 3.187425428385225537e-03
2.549999952316284180e+00 3.348208385767480980e-03 3.122700612491092521e-03
2.559999942779541016e+00 3.279990668021442839e-03 3.056874938146264455e-03
2.569999933242797852e+00 3.210613509509339849e-03 2.990114248244993451e-03
2.579999923706054688e+00 3.140250485414206472e-03 2.922577431201025828e-03
2.589999914169311523e+00 3.069068011671023839e-03 2.854416480618935086e-03
2.599999904632568359e+00 2.997225397506194256e-03 2.785776565340104382e-03
2.609999895095825195e+00 2.924874909110231590e-03 2.716796109199006663e-03
2.619999885559082031e+00 2.852161843761500098e-03 2.647606879839133672e-03
2.629999876022338867e+00 2.779224613731725874e-03 2.578334085952217834e-03
2.639999866485595703e+00 2.706194839317258363e-03 2.509096482319325260e-03
2.649999856948852539e+00 2.633197450354472779e-03 2.440006482047964251e-03
2.659999847412109375e+00 2.560350795591945488e-03 2.371170275414948795e-03
2.669999837875366211e+00 2.487766759307850732e-03 2.302687954741472389e-03
2.679999828338623047e+00 2.415550884576331270e-03 2.234653644743187732e-03
2.690000057220458984e+00 2.343800798312661252e-03 2.167154035596725349e-03
2.700000047683715820e+00 2.272613177708857329e-03 2.100274947206553708e-03
2.710000038146972656e+00 2.202073623004454153e-03 2.034091814181687805e-03
2.720000028610229492e+00 2.132263658017569379e-03 1.968676285148890110e-03
2.730000019073486328e+00 2.063259161721841661e-03 1.904094756711710709e-03
2.740000009536743164e+00 1.995130519818717058e-03 1.840408525917643394e-03
2.750000000000000000e+00 1.927942779257044940e-03 1.777673944787083000e-03
2.759999990463256836e+00 1.861755805241085276e-03 1.715942576487345739e-03
2.769999980926513672e+00 1.796624440286155762e-03 1.655261352752942844e-03
2.779999971389770508e+00 1.732598664899002950e-03 1.595672732170981198e-03
2.789999961853027344e+00 1.669723759477824074e-03 1.537214858968132371e-03
2.799999952316284180e+00 1.608040467044789161e-03 1.479921721953219790e-03
2.809999942779541016e+00 1.547585156441603355e-03 1.423823313286677258e-03
2.819999933242797852e+00 1.488389985636301644e-03 1.368945786765310988e-03
2.829999923706054688e+00 1.430483064807013677e-03 1.315311615327742966e-03
2.839999914169311523e+00 1.373888618885611137e-03 1.262939747502453197e-03
2.849999904632568359e+00 1.318627149261382935e-03 1.211845762536899315e-03
2.859999895095825195e+00 1.264715594361721755e-03 1.162042023962191455e-03
2.869999885559082031e+00 1.212167488843309904e-03 1.113537831363602256e-03
2.879999876022338867e+00 1.160993121143839889e-03 1.066339570142779258e-03
2.889999866485595703e+00 1.111199689160134556e-03 1.020450859072523624e-03
2.899999856948852539e+00 1.062791453834407767e-03 9.758726954599098455e-04
2.909999847412109375e+00 1.015769890445737244e-03 9.326035977478801123e-04
2.919999837875366211e+00 9.701338374188630707e-04 8.906397453994878291e-04
2.929999828338623047e+00 9.258796424771497183e-04 8.499751159226575335e-04
2.939999818801879883e+00 8.830013059807967010e-04 8.106016189065414542e-04
2.950000047683715820e+00 8.414896478389331672e-04 7.725083339408740689e-04
2.960000038146972656e+00 8.013363708869421839e-04 7.356852404970218480e-04
2.970000028610229492e+00 7.625282571799533874e-04 7.001178936143717278e-04
2.980000019073486328e+00 7.250512898789572037e-04 6.657912079632089322e-04
2.990000009536743164e+00 6.888897746459094135e-04 6.326886520183907332e-04
3.000000000000000000e+00 6.540264635081883627e-04 6.007923621488292119e-04
3.009999990463256836e+00 6.204426751631458977e-04 5.700832531526965966e-04
3.019999980926513672e+00 5.881184116636867503e-04 5.405411252005491067e-04
3.029999971389770508e+00 5.570324714363744786e-04 5.121447671579348014e-04
3.039999961853027344e+00 5.271625585937831726e-04 4.848720562681981244e-04
3.049999952316284180e+00 4.984853885123876347e-04 4.587000541847566530e-04
3.059999942779541016e+00 4.709767896566519822e-04 4.336050993503362734e-04
3.069999933242797852e+00 4.446118016387806140e-04 4.095628957284576399e-04
3.079999923706054688e+00 4.193647695119663869e-04 3.865485978998137650e-04
3.089999914169311523e+00 3.952094343030340099e-04 3.645368925431805799e-04
3.099999904632568359e+00 3.721190197978640514e-04 3.435020763270337559e-04
3.109999895095825195e+00 3.500663156001688342e-04 3.234181302442448724e-04
3.119999885559082031e+00 3.290237564909528445e-04 3.042587904280307670e-04
3.129999876022338867e+00 3.089634981222764347e-04 2.859976154926872189e-04
3.139999866485595703e+00 2.898574890849126245e-04 2.686080504477157617e-04
3.149999856948852539e+00 2.716775393950594960e-04 2.520634872386141629e-04
3.159999847412109375e+00 2.543953854503788964e-04 2.363373219718928157e-04
3.169999837875366211e+00 2.379827515104963832e-04 2.214030088858560887e-04
3.179999828338623047e+00 2.224114077614931860e-04 2.072341111323385899e-04
3.189999818801879883e+00 2.076532250280049635e-04 1.938043484378273681e-04
3.199999809265136719e+00 1.936802262002615947e-04 1.810876417154325243e-04
3.210000038146972656e+00 1.804643281721502878e-04 1.690578758850100739e-04
3.220000028610229492e+00 1.679786290878010270e-04 1.576900693518203101e-04
3.230000019073486328e+00 1.561955608291498623e-04 1.469586900069811699e-04
3.240000009536743164e+00 1.450882056646968655e-04 1.368388512967564968e-04
3.250000000000000000e+00 1.346300083655579244e-04 1.273060478477462904e-04
3.259999990463256836e+00 1.247948095041892514e-04 1.183361834130037518e-04
3.269999980926513672e+00 1.155568760168905273e-04 1.099055963276658891e-04
3.279999971389770508e+00 1.068909291160459154e-04 1.019910825590463301e-04
3.289999961853027344e+00 9.877216963906010534e-05 9.456991643672805418e-05
3.299999952316284180e+00 9.117630092179514125e-05 8.761986914846827345e-05
3.309999942779541016e+00 8.407954928492692923e-05 8.111922508796635283e-05
3.319999933242797852e+00 7.745868222194654052e-05 7.504679614037042560e-05
3.329999923706054688e+00 7.129102437775615355e-05 6.938193399124697861e-05
3.339999914169311523e+00 6.555447140674010309e-05 6.410454054429078703e-05
3.349999904632568359e+00 6.022750179891588036e-05 5.919507653243170995e-05
3.359999895095825195e+00 5.528918676246985427e-05 5.463456840635933962e-05
3.369999885559082031e+00 5.071919825026534567e-05 5.040461358348403021e-05
3.379999876022338867e+00 4.649781521724051351e-05 4.648738413944536143e-05
3.389999866485595703e+00 4.260592819475569844e-05 4.286562902307788464e-05
3.399999856948852539e+00 3.902504226680063472e-05 3.952267487451153880e-05
3.409999847412109375e+00 3.573727853196245492e-05 3.644242552473758538e-05
3.419999837875366211e+00 3.272537413363192150e-05 3.360936025349186966e-05
3.429999828338623047e+00 2.997268093961535988e-05 3.100853088075231420e-05
3.439999818801879883e+00 2.746316295080562106e-05 2.862555776557130678e-05
3.449999809265136719e+00 2.518139251693123179e-05 2.644662478418102988e-05
3.460000038146972656e+00 2.311249853466168454e-05 2.445842812863507806e-05
3.470000028610229492e+00 2.124235268192760175e-05 2.264835446681337489e-05
3.480000019073486328e+00 1.955726706387910795e-05 2.100418931938850215e-05
3.490000009536743164e+00 1.804418837478322546e-05 1.951430243009486621e-05
3.500000000000000000e+00 1.669063745305694786e-05 1.816758903244668997e-05
3.509999990463256836e+00 1.548469987972313515e-05 1.695346011272674296e-05
3.519999980926513672e+00 1.441501587954219654e-05 1.586183210396054002e-05
3.529999971389770508e+00 1.347076958764862284e-05 1.488311606745348091e-05
3.539999961853027344e+00 1.264167774255601568e-05 1.400820641651826258e-05
3.549999952316284180e+00 1.191797786413450738e-05 1.322846923485399688e-05
3.559999942779541016e+00 1.129041597313302966e-05 1.253573024005393959e-05
3.569999933242797852e+00 1.075023390666321745e-05 1.192226244065323974e-05
3.579999923706054688e+00 1.028915628185618917e-05 1.138077353302013140e-05
3.589999914169311523e+00 9.899377157876989615e-06 1.090439308246233625e-05
3.599999904632568359e+00 9.573546444206345940e-06 1.048665953073813273e-05
3.609999895095825195e+00 9.304756101086169659e-06 1.012150707030938642e-05
3.619999885559082031e+00 9.086526175832519811e-06 9.803252423555140855e-06
3.629999876022338867e+00 8.912790716651742111e-06 9.526581563251677751e-06
3.639999866485595703e+00 8.777883603539385688e-06 9.286536408699863388e-06
3.649999856948852539e+00 8.676524333735034786e-06 9.078501529903358440e-06
3.659999847412109375e+00 8.603803797227600094e-06 8.898190890393780091e-06
3.669999837875366211e+00 8.555170075804124618e-06 8.741634657390114701e-06
3.679999828338623047e+00 8.526414297153079916e-06 8.605166106199033132e-06
3.689999818801879883e+00 8.513656573653708080e-06 8.485408644011155970e-06
3.699999809265136719e+00 8.513332053543305140e-06 8.379262976455438525e-06
3.709999799728393555e+00 8.522177110367171513e-06 8.283894438649058422e-06
3.720000028610229492e+00 8.537216105168155155e-06 8.196718511028417675e-06
3.730000019073486328e+00 8.555746334561130351e-06 8.115396650511943081e-06
3.740000009536743164e+00 8.575327020212919574e-06 8.037811842295384859e-06
3.750000000000000000e+00 8.593764908881509692e-06 7.962065213770855342e-06
3.759999990463256836e+00 8.609101776039978222e-06 7.886462291419389211e-06
3.769999980926513672e+00 8.619601890877660281e-06 7.809501685852273978e-06
3.779999971389770508e+00 8.623739752956143822e-06 7.729864049860447219e-06
3.789999961853027344e+00 8.620188113313218003e-06 7.646401319376079650e-06
3.799999952316284180e+00 8.607806291434257740e-06 7.558126245952591802e-06
3.809999942779541016e+00 8.585628798121437499e-06 7.464202228190558349e-06
3.819999933242797852e+00 8.552854273014521031e-06 7.363933448367823335e-06
3.829999923706054688e+00 8.508834744254362720e-06 7.256755319443476744e-06
3.839999914169311523e+00 8.453065216572709084e-06 7.142225246532488412e-06
3.849999904632568359e+00 8.385173592984564538e-06 7.020013705979807664e-06
3.859999895095825195e+00 8.304910934111488121e-06 6.889895644176831431e-06
3.869999885559082031e+00 8.212142058174975409e-06 6.751742197380976522e-06
3.879999876022338867e+00 8.106836483684056534e-06 6.605512732959061238e-06
3.889999866485595703e+00 7.989059715902212025e-06 6.451247211641649912e-06
3.899999856948852539e+00 7.858964877308913783e-06 6.289058869648956240e-06
3.909999847412109375e+00 7.716784681417953351e-06 6.119127218826891187e-06
3.919999837875366211e+00 7.562823748529376955e-06 5.941691362268365462e-06
3.929999828338623047e+00 7.397451261265216205e-06 5.757043622292473015e-06
3.939999818801879883e+00 7.221093957020975274e-06 5.565523477051933122e-06
3.949999809265136719e+00 7.034229453842364457e-06 5.367511801546834935e-06
3.959999799728393555e+00 6.837379905627268784e-06 5.163425408293846138e-06
3.970000028610229492e+00 6.631100956326399488e-06 4.953706819146002183e-06
3.980000019073486328e+00 6.415995938657059069e-06 4.738839525603404638e-06
3.990000009536743164e+00 6.192680958194862235e-06 4.519313378958523777e-06
4.000000000000000000e+00 5.961799277491238511e-06 4.295640152363579541e-06
4.009999752044677734e+00 5.724017476689918535e-06 4.068350017812409774e-06
4.019999980926513672e+00 5.479992238772162067e-06 3.837960472337110757e-06
4.029999732971191406e+00 5.230429627336869174e-06 3.605032971472543230e-06
4.039999961853027344e+00 4.975993653219107982e-06 3.370087171438393210e-06
4.049999713897705078e+00 4.717397680596591547e-06 3.133686628338757217e-06
4.059999942779541016e+00 4.455304143208240329e-06 2.896346492074194367e-06
4.069999694824218750e+00 4.190419917171799327e-06 2.658620990729621857e-06
4.079999923706054688e+00 3.923393618769362491e-06 2.421010652786073979e-06
4.089999675750732422e+00 3.654913866644346907e-06 2.184050728124439271e-06
4.099999904632568359e+00 3.385605164579098559e-06 1.948218715008975646e-06
4.110000133514404297e+00 3.116115149969211003e-06 1.714011768906728588e-06
4.119999885559082031e+00 2.847074258469738456e-06 1.481910888538638897e-06
4.130000114440917969e+00 2.579055433975962814e-06 1.252346670547432052e-06
4.139999866485595703e+00 2.312662236387379211e-06 1.025775254443316723e-06
4.150000095367431641e+00 2.048425354118790032e-06 8.025897916738166932e-07
4.159999847412109375e+00 1.786902906242333108e-06 5.832058821785673931e-07
4.170000076293945312e+00 1.528578738582148825e-06 3.679757685746551477e-07
4.179999828338623047e+00 1.273961212312771055e-06 1.572713253540897559e-07
4.190000057220458984e+00 1.023484061889080633e-06 -4.859845180438512719e-08
4.199999809265136719e+00 7.776028616072225445e-07 -2.493075030897303775e-07
4.210000038146972656e+00 5.366991497420807658e-07 -4.445914144204403479e-07
4.219999790191650391e+00 3.011738425678126688e-07 -6.341710517117205137e-07
4.230000019073486328e+00 7.135525105691666010e-08 -8.178270313732709440e-07
4.239999771118164062e+00 -1.524112064564413128e-07 -9.953273923848026959e-07
4.250000000000000000e+00 -3.698505491497775268e-07 -1.166497457436384767e-06
4.259999752044677734e+00 -5.806727875066631031e-07 -1.331151932025030855e-06
4.269999980926513672e+00 -7.846555653130822690e-07 -1.489159854920436533e-06
4.279999732971191406e+00 -9.815634607526358507e-07 -1.640381442311600570e-06
4.289999961853027344e+00 -1.171225342112952191e-06 -1.784727893992178291e-06
4.299999713897705078e+00 -1.353458813526838432e-06 -1.922103230674052994e-06
4.309999942779541016e+00 -1.528141980469216290e-06 -2.052458788095706935e-06
4.319999694824218750e+00 -1.695143355839519042e-06 -2.175740227880738614e-06
4.329999923706054688e+00 -1.854387808327834163e-06 -2.291936614876597011e-06
4.339999675750732422e+00 -2.005792165728424811e-06 -2.401032717176719829e-06
4.349999904632568359e+00 -2.149325192857224255e-06 -2.503052621709490667e-06
4.360000133514404297e+00 -2.284955332483887796e-06 -2.598021738845768563e-06
4.369999885559082031e+00 -2.412673235785901520e-06 -2.685983162259277953e-06
4.380000114440917969e+00 -2.532507487385763421e-06 -2.767007962400152994e-06
4.389999866485595703e+00 -2.644482037661265709e-06 -2.841165857205460682e-06
4.400000095367431641e+00 -2.748661029153754715e-06 -2.908555332416785262e-06
4.409999847412109375e+00 -2.845105160336807150e-06 -2.969274518826707746e-06
4.420000076293945312e+00 -2.933910522144885230e-06 -3.023446104451363198e-06
4.429999828338623047e+00 -3.015170860648430948e-06 -3.071193326266561330e-06
4.440000057220458984e+00 -3.089010545196659890e-06 -3.112659845158098482e-06
4.449999809265136719e+00 -3.155552612602264098e-06 -3.147990686427907983e-06
4.460000038146972656e+00 -3.214946034921738539e-06 -3.177347283288676184e-06
4.469999790191650391e+00 -3.267339380779175610e-06 -3.200893165055696027e-06
4.480000019073486328e+00 -3.312902591660184521e-06 -3.218804404874902328e-06
4.489999771118164062e+00 -3.351806054758492144e-06 -3.231259824144310103e-06
4.500000000000000000e+00 -3.384237132000381748e-06 -3.238447105286810727e-06
4.509999752044677734e+00 -3.410384403186465681e-06 -3.240557255508773724e-06
4.519999980926513672e+00 -3.430449221820536006e-06 -3.237786665836694019e-06
4.529999732971191406e+00 -3.444634857286676757e-06 -3.230335556674489404e-06
4.539999961853027344e+00 -3.453153376071340601e-06 -3.218406280200888141e-06
4.549999713897705078e+00 -3.456219387120247088e-06 -3.202205454174799336e-06
4.559999942779541016e+00 -3.454052566387389016e-06 -3.181938816308116880e-06
4.569999694824218750e+00 -3.446875690132266836e-06 -3.157816741165089395e-06
4.579999923706054688e+00 -3.434913135179664405e-06 -3.130045962565930416e-06
4.589999675750732422e+00 -3.418392870473526921e-06 -3.098838160949520780e-06
4.599999904632568359e+00 -3.397541275276943763e-06 -3.064398873493989488e-06
4.610000133514404297e+00 -3.372587465442132844e-06 -3.026936980603674533e-06
4.619999885559082031e+00 -3.343761197500633980e-06 -2.986660398874270826e-06
4.630000114440917969e+00 -3.311287280633881321e-06 -2.943769205594514721e-06
4.639999866485595703e+00 -3.275395074836130931e-06 -2.898468952461964461e-06
4.650000095367431641e+00 -3.236305627892450025e-06 -2.850953936552454879e-06
4.659999847412109375e+00 -3.194244821057340861e-06 -2.801424050949615177e-06
4.670000076293945312e+00 -3.149428040116903189e-06 -2.750066342855321403e-06
4.679999828338623047e+00 -3.102075733833509088e-06 -2.697073531216759748e-06
4.690000057220458984e+00 -3.052395957116857341e-06 -2.642624148827913131e-06
4.699999809265136719e+00 -3.000602007312634663e-06 -2.586902433687202060e-06
4.710000038146972656e+00 -2.946893167800674827e-06 -2.530077339971617720e-06
4.719999790191650391e+00 -2.891474096983056935e-06 -2.472323521834672738e-06
4.730000019073486328e+00 -2.834534088534647319e-06 -2.413799484369273658e-06
4.739999771118164062e+00 -2.776267900081983918e-06 -2.354669392295349820e-06
4.750000000000000000e+00 -2.716853832173831076e-06 -2.295080616755643008e-06
4.759999752044677734e+00 -2.656475697857031890e-06 -2.235186116580258053e-06
4.769999980926513672e+00 -2.595300006524889987e-06 -2.175121620258833587e-06
4.779999732971191406e+00 -2.533498791513203211e-06 -2.115028343903607209e-06
4.789999961853027344e+00 -2.471226167679727317e-06 -2.055030030288749828e-06
4.799999713897705078e+00 -2.408641751474594307e-06 -1.995255785015586039e-06
4.809999942779541016e+00 -2.345886842641286292e-06 -1.935817176348007092e-06
4.819999694824218750e+00 -2.283108189650853932e-06 -1.876830989122256334e-06
4.829999923706054688e+00 -2.220434026673412294e-06 -1.818396570540031867e-06
4.839999675750732422e+00 -2.157997956456540301e-06 -1.760618319799353452e-06
4.849999904632568359e+00 -2.095915053922514162e-06 -1.703583446231371250e-06
4.859999656677246094e+00 -2.034305658320999793e-06 -1.647384031266835161e-06
4.869999885559082031e+00 -1.973271734711466148e-06 -1.592095346529864452e-06
4.880000114440917969e+00 -1.912917527110581933e-06 -1.537794778847762271e-06
4.889999866485595703e+00 -1.853340649528997139e-06 -1.484553659942799208e-06
4.900000095367431641e+00 -1.794623773253391693e-06 -1.432429954218014701e-06
4.909999847412109375e+00 -1.736854487911100418e-06 -1.381485999675058746e-06
4.920000076293945312e+00 -1.680103012619959015e-06 -1.331768750773638216e-06
4.929999828338623047e+00 -1.624444319975238587e-06 -1.283329323399182935e-06
4.940000057220458984e+00 -1.569936617234483652e-06 -1.236204170863076179e-06
4.949999809265136719e+00 -1.516642689272050433e-06 -1.190433691940149392e-06
4.960000038146972656e+00 -1.464609252739808552e-06 -1.146044407931485688e-06
4.969999790191650391e+00 -1.413887417609744837e-06 -1.103066567965910876e-06
4.980000019073486328e+00 -1.364512999123306881e-06 -1.061517379227453083e-06
4.989999771118164062e+00 -1.316526015535107182e-06 -1.021417559398737726e-06
5.000000000000000000e+00 -1.269952025355383949e-06 -9.827756572181148336e-07
5.009999752044677734e+00 -1.224820596052694843e-06 -9.456035167198149971e-07
5.019999980926513672e+00 -1.181147717739262393e-06 -9.099017113499262787e-07
5.029999732971191406e+00 -1.138953193782565012e-06 -8.756738984463157524e-07
5.039999961853027344e+00 -1.098244166735471340e-06 -8.429133772214718417e-07
5.049999713897705078e+00 -1.059031396995198818e-06 -8.116163247099089180e-07
5.059999942779541016e+00 -1.021313922501139596e-06 -7.817694760606113452e-07
5.069999694824218750e+00 -9.850942056882061656e-07 -7.533622448982205294e-07
5.079999923706054688e+00 -9.503639353111734102e-07 -7.263755135837243373e-07
5.089999675750732422e+00 -9.171180349411121139e-07 -7.007926515778301521e-07
5.099999904632568359e+00 -8.853416032472733259e-07 -6.765893936294764198e-07
5.109999656677246094e+00 -8.550227891370713663e-07 -6.537437792832899307e-07
5.119999885559082031e+00 -8.261408559663268334e-07 -6.322270883379561558e-07
5.130000114440917969e+00 -7.986766629905412036e-07 -6.120117997335448790e-07
5.139999866485595703e+00 -7.726082098953528377e-07 -5.930682129407712002e-07
5.150000095367431641e+00 -7.479073952825153508e-07 -5.753621829613151213e-07
5.159999847412109375e+00 -7.245487367330533156e-07 -5.588614593582567290e-07
5.170000076293945312e+00 -7.025001204244495425e-07 -5.435290838731048392e-07
5.179999828338623047e+00 -6.817318936298306595e-07 -5.293298486973726218e-07
5.190000057220458984e+00 -6.622086184741217305e-07 -5.162245914881517353e-07
5.199999809265136719e+00 -6.438971697600703935e-07 -5.041757683397131049e-07
5.210000038146972656e+00 -6.267594435488385185e-07 -4.931425896529175618e-07
5.219999790191650391e+00 -6.107595101612921399e-07 -4.830857645915804162e-07
5.230000019073486328e+00 -5.958572234940616406e-07 -4.739634181436331252e-07
5.239999771118164062e+00 -5.820144836613081801e-07 -4.657350668101676735e-07
5.250000000000000000e+00 -5.691896891857008168e-07 -4.583582549539663592e-07
5.259999752044677734e+00 -5.573431673650703931e-07 -4.517918235419327845e-07
5.269999980926513672e+00 -5.464324086547766945e-07 -4.459932024712633042e-07
5.279999732971191406e+00 -5.364167255447517303e-07 -4.409210354723870480e-07
5.289999961853027344e+00 -5.272532064737391706e-07 -4.365330644127397819e-07
5.299999713897705078e+00 -5.189006658445017990e-07 -4.327881740186201597e-07
5.309999942779541016e+00 -5.113162536834562361e-07 -4.296448041989442535e-07
5.319999694824218750e+00 -5.044587604359566419e-07 -4.270624780913693941e-07
5.329999923706054688e+00 -4.982858181820115720e-07 -4.250006791006947825e-07
5.339999675750732422e+00 -4.927566241620260298e-07 -4.234199250374704165e-07
5.349999904632568359e+00 -4.878296696575219896e-07 -4.222810478000103165e-07
5.359999656677246094e+00 -4.834649457902576067e-07 -4.215458750427448607e-07
5.369999885559082031e+00 -4.796221371072765894e-07 -4.211768521953143950e-07
5.380000114440917969e+00 -4.762622228918348670e-07 -4.211373966957471469e-07
5.389999866485595703e+00 -4.733468205224135976e-07 -4.213917772110857761e-07
5.400000095367431641e+00 -4.708379382732958527e-07 -4.219052711739958623e-07
5.409999847412109375e+00 -4.686989615588937240e-07 -4.226440950961141617e-07
5.420000076293945312e+00 -4.668937436978505326e-07 -4.235756339779245509e-07
5.429999828338623047e+00 -4.653874809348894059e-07 -4.246682032641483859e-07
5.440000057220458984e+00 -4.641460622301500675e-07 -4.258914292739143148e-07
5.449999809265136719e+00 -4.631366928696480067e-07 -4.272158670162064131e-07
5.460000038146972656e+00 -4.623274504106850883e-07 -4.286134839373385242e-07
5.469999790191650391e+00 -4.616877091349869833e-07 -4.300571805639711745e-07
5.480000019073486328e+00 -4.611878524596615459e-07 -4.315213333498195848e-07
5.489999771118164062e+00 -4.607995472674292603e-07 -4.329812616214524810e-07
5.500000000000000000e+00 -4.604955665194965135e-07 -4.344137889627608486e-07
5.509999752044677734e+00 -4.602499590804254794e-07 -4.357966963224641232e-07
5.519999980926513672e+00 -4.600379398171109494e-07 -4.371092650811724993e-07
5.529999732971191406e+00 -4.598359969817835553e-07 -4.383317524971585082e-07
5.539999961853027344e+00 -4.596218107667867236e-07 -4.394458833696989405e-07
5.549999713897705078e+00 -4.593743366179746142e-07 -4.404343802486262859e-07
5.559999942779541016e+00 -4.590737169633000519e-07 -4.412813743774678974e-07
5.569999694824218750e+00 -4.587013751039995088e-07 -4.419720193629568453e-07
5.579999923706054688e+00 -4.582398885899992342e-07 -4.424927957995266954e-07
5.589999675750732422e+00 -4.576731245856842116e-07 -4.428312333928778375e-07
5.599999904632568359e+00 -4.569860471167417056e-07 -4.429760873297229869e-07
5.609999656677246094e+00 -4.561649210758202353e-07 -4.429171902138792297e-07
5.619999885559082031e+00 -4.551970292551429689e-07 -4.426454817985493921e-07
5.629999637603759766e+00 -4.540709684872154223e-07 -4.421530085597353904e-07
5.639999866485595703e+00 -4.527762559879488184e-07 -4.414327918452908809e-07
5.650000095367431641e+00 -4.513036629434162644e-07 -4.404789383543946642e-07
5.659999847412109375e+00 -4.496450661513165086e-07 -4.392865907199499768e-07
5.670000076293945312e+00 -4.477931457352001284e-07 -4.378516767072519288e-07
5.679999828338623047e+00 -4.457419335237939420e-07 -4.361713049527673152e-07
5.690000057220458984e+00 -4.434860756844170331e-07 -4.342431849150999443e-07
5.699999809265136719e+00 -4.410215856807588380e-07 -4.320662356186325029e-07
5.710000038146972656e+00 -4.383449511227229042e-07 -4.296398164631713753e-07
5.719999790191650391e+00 -4.354540420840771219e-07 -4.269645238463444175e-07
5.730000019073486328e+00 -4.323470562176786710e-07 -4.240412312908659220e-07
5.739999771118164062e+00 -4.290235879495284882e-07 -4.208720750523772806e-07
5.750000000000000000e+00 -4.254834086354959416e-07 -4.174593044633883233e-07
5.759999752044677734e+00 -4.217276994613346645e-07 -4.138064552310069307e-07
5.769999980926513672e+00 -4.177576659479479266e-07 -4.099170131339404445e-07
5.779999732971191406e+00 -4.135759348764814200e-07 -4.057957714984424730e-07
5.789999961853027344e+00 -4.091850047905110828e-07 -4.014473134340546010e-07
5.799999713897705078e+00 -4.045888049787064964e-07 -3.968775479828068096e-07
5.809999942779541016e+00 -3.997909857192831551e-07 -3.920920178893009205e-07
5.819999694824218750e+00 -3.947966352945652738e-07 -3.870976071557755730e-07
5.829999923706054688e+00 -3.896104156187076751e-07 -3.819006829507558217e-07
5.839999675750732422e+00 -3.842384314004466622e-07 -3.765089657415124204e-07
5.849999904632568359e+00 -3.786862184736591866e-07 -3.709295153457042033e-07
5.859999656677246094e+00 -3.729607575978791246e-07 -3.651707534734614657e-07
5.869999885559082031e+00 -3.670683242676506314e-07 -3.592403051148939055e-07
5.879999637603759766e+00 -3.610166382162350373e-07 -3.531471621811745615e-07
5.889999866485595703e+00 -3.548125847462421033e-07 -3.468993924247690046e-07
5.900000095367431641e+00 -3.484641837606797562e-07 -3.405061237516606783e-07
5.909999847412109375e+00 -3.419797238192262288e-07 -3.339766745355922555e-07
5.920000076293945312e+00 -3.353667731082942857e-07 -3.273195598948344944e-07
5.929999828338623047e+00 -3.286343293912807609e-07 -3.205446585950345503e-07
5.940000057220458984e+00 -3.217902704526744694e-07 -3.136606489266451891e-07
5.949999809265136719e+00 -3.148438925064889248e-07 -3.066775652572737626e-07
5.960000038146972656e+00 -3.078032742823822109e-07 -2.996041492022718633e-07
5.969999790191650391e+00 -3.006778987875260916e-07 -2.924504874353539919e-07
5.980000019073486328e+00 -2.934759442983483593e-07 -2.852252925277527602e-07
5.989999771118164062e+00 -2.862069762731156711e-07 -2.779386077833257351e-07
6.000000000000000000e+00 -2.788791787367059025e-07 -2.705990321409879825e-07
6.009999752044677734e+00 -2.715021029353807775e-07 -2.632164777950616286e-07
6.019999980926513672e+00 -2.640838526925962523e-07 -2.557993534575412410e-07
6.029999732971191406e+00 -2.566338763268496530e-07 -2.483573606351465312e-07
6.039999961853027344e+00 -2.491601195051300541e-07 -2.408986493203521646e-07
6.049999713897705078e+00 -2.416718470297789745e-07 -2.334326390502981769e-07
6.059999942779541016e+00 -2.341767765113178190e-07 -2.259671607256679746e-07
6.069999694824218750e+00 -2.266839168427447171e-07 -2.185112889422640702e-07
6.079999923706054688e+00 -2.192006957137829226e-07 -2.110724831854590326e-07
6.089999675750732422e+00 -2.117358019083573951e-07 -2.036594183832216257e-07
6.099999904632568359e+00 -2.042963192588900460e-07 -1.962791381635490434e-07
6.109999656677246094e+00 -1.968905603349684745e-07 -1.889398711306479549e-07
6.119999885559082031e+00 -1.895252189414438696e-07 -1.816482082584051881e-07
6.129999637603759766e+00 -1.822081832530453109e-07 -1.744118929888116966e-07
6.139999866485595703e+00 -1.749457183924044437e-07 -1.672370341582289523e-07
6.150000095367431641e+00 -1.677449058823909054e-07 -1.601305215833084475e-07
6.159999847412109375e+00 -1.606125760702283826e-07 -1.530989707924419752e-07
6.170000076293945312e+00 -1.535542942803576162e-07 -1.461477271762135134e-07
6.179999828338623047e+00 -1.465767266992941106e-07 -1.392831995855682738e-07
6.190000057220458984e+00 -1.396849441726729653e-07 -1.325102069368873334e-07
6.199999809265136719e+00 -1.328850784420443203e-07 -1.258345933523142694e-07
6.210000038146972656e+00 -1.261816909128157742e-07 -1.192606440775982010e-07
6.219999790191650391e+00 -1.195803627356380353e-07 -1.127936300517710957e-07
6.230000019073486328e+00 -1.130851367800115978e-07 -1.064373009349058311e-07
6.239999771118164062e+00 -1.067010335100631082e-07 -1.001963514776062461e-07
6.250000000000000000e+00 -1.004315735920440233e-07 -9.407399862144530132e-08
6.259999752044677734e+00 -9.428121231840988606e-08 -8.807436287671236099e-08
6.269999980926513672e+00 -8.825294945545328494e-08 -8.220013561735253376e-08
6.279999732971191406e+00 -8.235067580140421510e-08 -7.645486952792193335e-08
6.289999961853027344e+00 -7.657687604714225222e-08 -7.084074137655457716e-08
6.299999713897705078e+00 -7.093488187982965073e-08 -6.536074643254463106e-08
6.309999942779541016e+00 -6.542667281061706408e-08 -6.001656117962499280e-08
6.319999694824218750e+00 -6.005503106124262354e-08 -5.481063743777378548e-08
6.329999923706054688e+00 -5.482144448990629492e-08 -4.974416866740151131e-08
6.339999675750732422e+00 -4.972815931606049228e-08 -4.481908034346402328e-08
6.349999904632568359e+00 -4.477618848545116251e-08 -4.003610272245815872e-08
6.359999656677246094e+00 -3.996725906666636635e-08 -3.539665478881497466e-08
6.369999885559082031e+00 -3.530192863189257830e-08 -3.090102561172358594e-08
6.379999637603759766e+00 -3.078142493297884491e-08 -2.655014994175712551e-08
6.389999866485595703e+00 -2.640587211740127176e-08 -2.234389954903513187e-08
6.399999618530273438e+00 -2.217602103362500400e-08 -1.828274927099488220e-08
6.409999847412109375e+00 -1.809158639466993068e-08 -1.436617904040656214e-08
6.420000076293945312e+00 -1.415268241012527708e-08 -1.059405343180216559e-08
6.429999828338623047e+00 -1.035919308573040717e-08 -6.966016574806957598e-09
6.440000057220458984e+00 -6.710267549453063500e-09 -3.481011124757918670e-09
6.449999809265136719e+00 -3.205576013272323420e-09 -1.384793563493988025e-10
6.460000038146972656e+00 1.560752154044367541e-10 3.062959203171044122e-09
6.469999790191650391e+00 3.375399375841000685e-09 6.124225120218247708e-09
6.480000019073486328e+00 6.453904524963553606e-09 9.046993168283246050e-09
6.489999771118164062e+00 9.392657786147350449e-09 1.183251677051103165e-08
6.500000000000000000e+00 1.219345254151015723e-08 1.448273578191703428e-08
6.509999752044677734e+00 1.485767953898982009e-08 1.699920599374514976e-08
6.519999980926513672e+00 1.738738814523760616e-08 1.938410297859509011e-08
6.529999732971191406e+00 1.978426207999220449e-08 2.163925417494424698e-08
6.539999961853027344e+00 2.205057731640619371e-08 2.376704160737102996e-08
6.549999713897705078e+00 2.418827977920772785e-08 2.576953367087923927e-08
6.559999942779541016e+00 2.619984288380058180e-08 2.764928991561851303e-08
6.569999694824218750e+00 2.808744414541852165e-08 2.940858929537101650e-08
6.579999923706054688e+00 2.985372570597295615e-08 3.105014053285938941e-08
6.589999675750732422e+00 3.150106645725309430e-08 3.257640328598258197e-08
6.599999904632568359e+00 3.303224921808158679e-08 3.399020789484554021e-08
6.609999656677246094e+00 3.444982467510788161e-08 3.529416565065064269e-08
6.619999885559082031e+00 3.575668913829399458e-08 3.649120196035409734e-08
6.629999637603759766e+00 3.695553635006054676e-08 3.758405168241827527e-08
6.639999866485595703e+00 3.804934996952430828e-08 3.857570993586735138e-08
6.649999618530273438e+00 3.904093908639421310e-08 3.946900828055493785e-08
6.659999847412109375e+00 3.993334976521898089e-08 4.026698755097816194e-08
6.670000076293945312e+00 4.072951564878463019e-08 4.097258200472656109e-08
6.679999828338623047e+00 4.143241444608158650e-08 4.158876121929162472e-08
6.690000057220458984e+00 4.204514200576872705e-08 4.211859290481653284e-08
6.699999809265136719e+00 4.257068275165475012e-08 4.256504216727972063e-08
6.710000038146972656e+00 4.301213863522259072e-08 4.293116918793378083e-08
6.719999790191650391e+00 4.337252271980665354e-08 4.321995335775933472e-08
6.730000019073486328e+00 4.365492319636383792e-08 4.343442893469822468e-08
6.739999771118164062e+00 4.386236036826926735e-08 4.357756975114908210e-08
6.750000000000000000e+00 4.399789039907340496e-08 4.365236744804850712e-08
6.759999752044677734e+00 4.406452105207653257e-08 4.366177217237236705e-08
6.769999980926513672e+00 4.406525981665524651e-08 4.360871794483934806e-08
6.779999732971191406e+00 4.400308377706120026e-08 4.349611479990252310e-08
6.789999961853027344e+00 4.388093671931111935e-08 4.332682578232137238e-08
6.799999713897705078e+00 4.370174855585137135e-08 4.310370604890317486e-08
6.809999942779541016e+00 4.346838593957484651e-08 4.282953589949456253e-08
6.819999694824218750e+00 4.318371674135699125e-08 4.250710244164547098e-08
6.829999923706054688e+00 4.285051861541668762e-08 4.213909296962425125e-08
6.839999675750732422e+00 4.247158411673713233e-08 4.172821489311638047e-08
6.849999904632568359e+00 4.204959154484248984e-08 4.127705365272830076e-08
6.859999656677246094e+00 4.158724641228854842e-08 4.078822674721372119e-08
6.869999885559082031e+00 4.108711876202832765e-08 4.026421023764303746e-08
6.879999637603759766e+00 4.055181683023442341e-08 3.970752284579564431e-08
6.889999866485595703e+00 3.998379488460655761e-08 3.912052495074590845e-08
6.899999618530273438e+00 3.938555508577202518e-08 3.850562889650946655e-08
6.909999847412109375e+00 3.875942972638499310e-08 3.786507421714365808e-08
6.920000076293945312e+00 3.810777580798091401e-08 3.720112827211502977e-08
6.929999828338623047e+00 3.743289363211636684e-08 3.651600219369923119e-08
6.940000057220458984e+00 3.673692361061412566e-08 3.581174686416355508e-08
6.949999809265136719e+00 3.602207300861086746e-08 3.509048299735640719e-08
6.960000038146972656e+00 3.529035006519971865e-08 3.435413220915585398e-08
6.969999790191650391e+00 3.454383549964369724e-08 3.360469109854759123e-08
6.980000019073486328e+00 3.378440323815351661e-08 3.284395027983355027e-08
6.989999771118164062e+00 3.301400429628155852e-08 3.207377947244239921e-08
7.000000000000000000e+00 3.223437716495232150e-08 3.129583742614966293e-08
7.009999752044677734e+00 3.144734108146787020e-08 3.051186516464875459e-08
7.019999980926513672e+00 3.065449892831636399e-08 2.972338954010073435e-08
7.029999732971191406e+00 2.985753711994074849e-08 2.893202198743264594e-08
7.039999961853027344e+00 2.905792365442102314e-08 2.813915823626501635e-08
7.049999713897705078e+00 2.825721204161801518e-08 2.734628012532700355e-08
7.059999942779541016e+00 2.745673695872272906e-08 2.655465381660807679e-08
7.069999694824218750e+00 2.665791984357688098e-08 2.576563241156817961e-08
7.079999923706054688e+00 2.586196439335467793e-08 2.498035480450746924e-08
7.089999675750732422e+00 2.507016165628842379e-08 2.420004704602138459e-08
7.099999904632568359e+00 2.428358741258438348e-08 2.342572377659756039e-08
7.109999656677246094e+00 2.350340479263074264e-08 2.265848646973996108e-08
7.119999885559082031e+00 2.273056537801340428e-08 2.189922919049375257e-08
7.129999637603759766e+00 2.196610757775121141e-08 2.114893204713581632e-08
7.139999866485595703e+00 2.121086308735665503e-08 2.040837282230260867e-08
7.149999618530273438e+00 2.046574943842683975e-08 1.967841413970634418e-08
7.159999847412109375e+00 1.973148327696210012e-08 1.895972234191483465e-08
7.170000076293945312e+00 1.900883151119828435e-08 1.825301364913730351e-08
7.179999828338623047e+00 1.829850353121989024e-08 1.755894848224986581e-08
7.190000057220458984e+00 1.760105343436798503e-08 1.687803610994198032e-08
7.199999809265136719e+00 1.691711697958755760e-08 1.621086615958944352e-08
7.210000038146972656e+00 1.624714709860896551e-08 1.555785044413162891e-08
7.219999790191650391e+00 1.559167615710743700e-08 1.491947885283760742e-08
7.230000019073486328e+00 1.495106199137227386e-08 1.429607186077161543e-08
7.239999771118164062e+00 1.432573938195749844e-08 1.368802549983432704e-08
7.250000000000000000e+00 1.371597731191958122e-08 1.309557518087204277e-08
7.259999752044677734e+00 1.312211899723253973e-08 1.251902914508797619e-08
7.269999980926513672e+00 1.254435091329250860e-08 1.195854408539547282e-08
7.279999732971191406e+00 1.198293085811882978e-08 1.141434660501482562e-08
7.289999961853027344e+00 1.143796917300218108e-08 1.088652101035644982e-08
7.299999713897705078e+00 1.090964444563017662e-08 1.037521842931736249e-08
7.309999942779541016e+00 1.039799721732268467e-08 9.880457021488886619e-09
7.319999694824218750e+00 9.903133060799821912e-09 9.402318531886033547e-09
7.329999923706054688e+00 9.425028957668538495e-09 8.940761061863938409e-09
7.339999675750732422e+00 8.963723592760885493e-09 8.495802937287108807e-09
7.349999904632568359e+00 8.519136479402266928e-09 8.067348084014220648e-09
7.359999656677246094e+00 8.091245425662495923e-09 7.655357198461693308e-09
7.369999885559082031e+00 7.679918383504263715e-09 7.259685676974103391e-09
7.379999637603759766e+00 7.285078133712331144e-09 6.880242164057204602e-09
7.389999866485595703e+00 6.906546758894627318e-09 6.516838914814193968e-09
7.399999618530273438e+00 6.544197675247260298e-09 6.169337873544749692e-09
7.409999847412109375e+00 6.197812549298059609e-09 5.837513273827146241e-09
7.419999599456787109e+00 5.867220885673358978e-09 5.521185477826632741e-09
7.429999828338623047e+00 5.552169138801700838e-09 5.220095553771667754e-09
7.440000057220458984e+00 5.252434201629798016e-09 4.934013882843518887e-09
7.449999809265136719e+00 4.967774056601538371e-09 4.662692832348332824e-09
7.460000038146972656e+00 4.697891535945195825e-09 4.405832277273291442e-09
7.469999790191650391e+00 4.442528749645951784e-09 4.163169536078321232e-09
7.480000019073486328e+00 4.201365209277435714e-09 3.934382388564859330e-09
7.489999771118164062e+00 3.974116417536811749e-09 3.719182753850388461e-09
7.500000000000000000e+00 3.760442882521379994e-09 3.517230364266929933e-09
7.509999752044677734e+00 3.560037928961963733e-09 3.328215925828664010e-09
7.519999980926513672e+00 3.372547136236625977e-09 3.151784979619411205e-09
7.529999732971191406e+00 3.197645855200869911e-09 2.987611033505725876e-09
7.539999961853027344e+00 3.034968574542007337e-09 2.835329114176962174e-09
7.549999713897705078e+00 2.884176653735176272e-09 2.694599382597646883e-09
7.559999942779541016e+00 2.744897095653482080e-09 2.565049853459986800e-09
7.569999694824218750e+00 2.616781028201277945e-09 2.446331026880638637e-09
7.579999923706054688e+00 2.499451343356366255e-09 2.338067233871899931e-09
7.589999675750732422e+00 2.392552472295180544e-09 2.239902827303466561e-09
7.599999904632568359e+00 2.295706338851997757e-09 2.151461599657510444e-09
7.609999656677246094e+00 2.208553982615747483e-09 2.072385084131828080e-09
7.619999885559082031e+00 2.130719266317945002e-09 2.002299482558140585e-09
7.629999637603759766e+00 2.061842905413539436e-09 1.940846630628626716e-09
7.639999866485595703e+00 2.001553366471495557e-09 1.887657871173210422e-09
7.649999618530273438e+00 1.949493861533096430e-09 1.842378236109072285e-09
7.659999847412109375e+00 1.905299876222266463e-09 1.804646703352688703e-09
7.669999599456787109e+00 1.868619682690454084e-09 1.774114142003809697e-09
7.679999828338623047e+00 1.839097942750119641e-09 1.750429398946839577e-09
7.690000057220458984e+00 1.816389360058532555e-09 1.733250876815448297e-09
7.699999809265136719e+00 1.800152442457207368e-09 1.722241254062676305e-09
7.710000038146972656e+00 1.790049080407454770e-09 1.717067754197277851e-09
7.719999790191650391e+00 1.785749643724655342e-09 1.717405537984341123e-09
7.730000019073486328e+00 1.786929423044126865e-09 1.722936027231047997e-09
7.739999771118164062e+00 1.793270676825070996e-09 1.733347177479829310e-09
7.750000000000000000e+00 1.804463311690713385e-09 1.748335810399081280e-09
7.759999752044677734e+00 1.820202799193527279e-09 1.767603963083798018e-09
7.769999980926513672e+00 1.840194611701073451e-09 1.790864755082795344e-09
7.779999732971191406e+00 1.864148486125505567e-09 1.817835281525198488e-09
7.789999961853027344e+00 1.891786155462470139e-09 1.848245566344662834e-09
7.799999713897705078e+00 1.922832414059037149e-09 1.881828444041532491e-09
7.809999942779541016e+00 1.957025710621629881e-09 1.918331177849013821e-09
7.819999694824218750e+00 1.994106447199490244e-09 1.957502751948009888e-09
7.829999923706054688e+00 2.033830022904648322e-09 1.999107758695006454e-09
7.839999675750732422e+00 2.075952776839218832e-09 2.042911500823996373e-09
7.849999904632568359e+00 2.120247098310049225e-09 2.088695779180089326e-09
7.859999656677246094e+00 2.166485398316994144e-09 2.136242178490733957e-09
7.869999885559082031e+00 2.214456926883012635e-09 2.185349412978707748e-09
7.879999637603759766e+00 2.263950134754879197e-09 2.235815145586260146e-09
7.889999866485595703e+00 2.314770863778321534e-09 2.287454574146262553e-09
7.899999618530273438e+00 2.366723434211734896e-09 2.340081107770988784e-09
7.909999847412109375e+00 2.419629899630121451e-09 2.393525901213599319e-09
7.919999599456787109e+00 2.473310170311216516e-09 2.447617687016734367e-09
7.929999828338623047e+00 2.527602047802667981e-09 2.502202988765491030e-09
7.940000057220458984e+00 2.582343288238491146e-09 2.557128006698533852e-09
7.949999809265136719e+00 2.637379063734705779e-09 2.612246140308524431e-09
7.960000038146972656e+00 2.692569806291111682e-09 2.667425803297599420e-09
7.969999790191650391e+00 2.747772691615863519e-09 2.722531877585383491e-09
7.980000019073486328e+00 2.802862529131059461e-09 2.777446591486530898e-09
7.989999771118164062e+00 2.857710598172220601e-09 2.832048385579467418e-09
8.000000000000000000e+00 2.912205499547509074e-09 2.886232696956395866e-09
8.010000228881835938e+00 2.966234684929071420e-09 2.939893563514596958e-09
8.019999504089355469e+00 3.019689731334295866e-09 2.992928900902637252e-09
8.029999732971191406e+00 3.072483921085109394e-09 3.045257934201393815e-09
8.039999961853027344e+00 3.124521500591097830e-09 3.096790706688925538e-09
8.050000190734863281e+00 3.175717999164114607e-09 3.147448253320655548e-09
8.059999465942382812e+00 3.225990215078573648e-09 3.197152691611802014e-09
8.069999694824218750e+00 3.275275166143066986e-09 3.245845965416054509e-09
8.079999923706054688e+00 3.323501169714180138e-09 3.293461263426670286e-09
8.090000152587890625e+00 3.370606974546390772e-09 3.339941949408365011e-09
8.099999427795410156e+00 3.416532452735463067e-09 3.385232380054857126e-09
8.109999656677246094e+00 3.461235861165921512e-09 3.429294934492032538e-09
8.119999885559082031e+00 3.504667402734658334e-09 3.472083949542054083e-09
8.130000114440917969e+00 3.546786711770408810e-09 3.513562971914162742e-09
8.139999389648437500e+00 3.587554436624953394e-09 3.553696467760354759e-09
8.149999618530273438e+00 3.626947503921125411e-09 3.592464850428112822e-09
8.159999847412109375e+00 3.664935620601419750e-09 3.629841348702523333e-09
8.170000076293945312e+00 3.701496790735483152e-09 3.665807281696376274e-09
8.179999351501464844e+00 3.736609911360918278e-09 3.700344768047264817e-09
8.189999580383300781e+00 3.770267854752272753e-09 3.733449587407546270e-09
8.199999809265136719e+00 3.802457194326273110e-09 3.765111231264817408e-09
8.210000038146972656e+00 3.833171558024931163e-09 3.795326028139998634e-09
8.220000267028808594e+00 3.862408026136216835e-09 3.824093589472461679e-09
8.229999542236328125e+00 3.890164367842403145e-09 3.851414077244297439e-09
8.239999771118164062e+00 3.916449301500988125e-09 3.877298291645716230e-09
8.250000000000000000e+00 3.941266423453016409e-09 3.901751839535081918e-09
8.260000228881835938e+00 3.964624749340739295e-09 3.924785496185410967e-09
8.269999504089355469e+00 3.986533788637716263e-09 3.946410338288184141e-09
8.279999732971191406e+00 4.007011578732740078e-09 3.966645664485937204e-09
8.289999961853027344e+00 4.026071967261811545e-09 3.985506432354679051e-09
8.300000190734863281e+00 4.043732927576962245e-09 4.003011454685220329e-09
8.309999465942382812e+00 4.060012738719839287e-09 4.019179611753054099e-09
8.319999694824218750e+00 4.074935894588316766e-09 4.034035718750365241e-09
8.329999923706054688e+00 4.088523627880786536e-09 4.047601112301594635e-09
8.340000152587890625e+00 4.100800094154807378e-09 4.059899788434270460e-09
8.349999427795410156e+00 4.111789617176328286e-09 4.070955655510315381e-09
8.359999656677246094e+00 4.121520617567141383e-09 4.080796497830325035e-09
8.369999885559082031e+00 4.130019195971409483e-09 4.089447528700978336e-09
8.380000114440917969e+00 4.137313321992510549e-09 4.096935610847607223e-09
8.389999389648437500e+00 4.143431083037316099e-09 4.103287489216894454e-09
8.399999618530273438e+00 4.148402800410310048e-09 4.108532014992217118e-09
8.409999847412109375e+00 4.152257437361257513e-09 4.112696436022832418e-09
8.420000076293945312e+00 4.155024955299172447e-09 4.115808856945566483e-09
8.429999351501464844e+00 4.156735483495455977e-09 4.117897370646626199e-09
8.439999580383300781e+00 4.157419801179302548e-09 4.118990708729889522e-09
8.449999809265136719e+00 4.157108302097041204e-09 4.119117011268719136e-09
8.460000038146972656e+00 4.155831690776789173e-09 4.118304686648940525e-09
8.470000267028808594e+00 4.153620722978390226e-09 4.116582140177689030e-09
8.479999542236328125e+00 4.150506504007714979e-09 4.113978045186151384e-09
8.489999771118164062e+00 4.146519178898134145e-09 4.110520252001532718e-09
8.500000000000000000e+00 4.141689688558244519e-09 4.106237273101890608e-09
8.510000228881835938e+00 4.136048637399267787e-09 4.101157363839828814e-09
8.519999504089355469e+00 4.129627172991632218e-09 4.095309318164290454e-09
8.529999732971191406e+00 4.122454439403551385e-09 4.088720159358618432e-09
8.539999961853027344e+00 4.114561236338535527e-09 4.081418486432224279e-09
8.550000190734863281e+00 4.105977620590483363e-09 4.073432307132515352e-09
8.559999465942382812e+00 4.096734375071403394e-09 4.064790407179991932e-09
8.569999694824218750e+00 4.086859398361291001e-09 4.055518979258100134e-09
8.579999923706054688e+00 4.076382977713803046e-09 4.045646559104274200e-09
8.590000152587890625e+00 4.065334299778123057e-09 4.035200770905384130e-09
8.599999427795410156e+00 4.053743407110163668e-09 4.024210172734757369e-09
8.609999656677246094e+00 4.041636697650337115e-09 4.012699986015039786e-09
8.619999885559082031e+00 4.029043533057126558e-09 4.000698359525588947e-09
8.630000114440917969e+00 4.015991834718985560e-09 3.988232192292621669e-09
8.639999389648437500e+00 4.002510436436918644e-09 3.975329370080150956e-09
8.649999618530273438e+00 3.988623864936807513e-09 3.962013760459474273e-09
8.659999847412109375e+00 3.974360022132451768e-09 3.948312557262067964e-09
8.670000076293945312e+00 3.959745042478483266e-09 3.934251351804627426e-09
8.679999351501464844e+00 3.944805959806864021e-09 3.919856684410280364e-09
8.689999580383300781e+00 3.929564937870455677e-09 3.905150472873303393e-09
8.699999809265136719e+00 3.914047784025250470e-09 3.890158205492444920e-09
8.710000038146972656e+00 3.898278240986530260e-09 3.874903432206890687e-09
8.720000267028808594e+00 3.882279359125412840e-09 3.859409075522272872e-09
8.729999542236328125e+00 3.866075017498085631e-09 3.843698896190463047e-09
8.739999771118164062e+00 3.849683689169403943e-09 3.827791437823176897e-09
8.750000000000000000e+00 3.833127688667731971e-09 3.811708984002577128e-09
8.760000228881835938e+00 3.816426981095211959e-09 3.795471550078182633e-09
8.769999504089355469e+00 3.799602307877881934e-09 3.779099912535522529e-09
8.779999732971191406e+00 3.782668737738442193e-09 3.762609326776487296e-09
8.789999961853027344e+00 3.765645285245392336e-09 3.746018882195377702e-09
8.800000190734863281e+00 3.748548494875424389e-09 3.729345256845467871e-09
8.809999465942382812e+00 3.731395675368165295e-09 3.712605866735008594e-09
8.819999694824218750e+00 3.714198353476760621e-09 3.695812474883053043e-09
8.829999923706054688e+00 3.696972099119688906e-09 3.678980779225367491e-09
8.840000152587890625e+00 3.679729999067340283e-09 3.662124044864199580e-09
8.849999427795410156e+00 3.662485951591792649e-09 3.645256323965019572e-09
8.859999656677246094e+00 3.645248110118155366e-09 3.628386043127963901e-09
8.869999885559082031e+00 3.628028778779596208e-09 3.611525685003816143e-09
8.880000114440917969e+00 3.610837862514480886e-09 3.594685384402559847e-09
8.889999389648437500e+00 3.593686178727899788e-09 3.577876173008873773e-09
8.899999618530273438e+00 3.576578952840542923e-09 3.561103606425840450e-09
8.909999847412109375e+00 3.559525672285205511e-09 3.544377423731160902e-09
8.920000076293945312e+00 3.542533577017770278e-09 3.527705170515108324e-09
8.929999351501464844e+00 3.525610947800575225e-09 3.511095425431627179e-09
8.939999580383300781e+00 3.508760696258381267e-09 3.494551509276850997e-09
8.949999809265136719e+00 3.491990088562880643e-09 3.478081029490288293e-09
8.960000038146972656e+00 3.475304320572576069e-09 3.461689574520001292e-09
8.970000267028808594e+00 3.458708171372751988e-09 3.445382335804690096e-09
8.979999542236328125e+00 3.442207606379287512e-09 3.429165682054082035e-09
8.989999771118164062e+00 3.425803522914146817e-09 3.413041010052219276e-09
9.000000000000000000e+00 3.409501221806515225e-09 3.397014050702334332e-09
9.010000228881835938e+00 3.393304127979796074e-09 3.381088694641497061e-09
9.019999504089355469e+00 3.377216919475945903e-09 3.365270064368468780e-09
9.029999732971191406e+00 3.361239418746978709e-09 3.349558503125387069e-09
9.039999961853027344e+00 3.345375813246572679e-09 3.333958637076347159e-09
9.050000190734863281e+00 3.329628517937187982e-09 3.318473335520749989e-09
9.059999465942382812e+00 3.314001207290522904e-09 3.303106687228854083e-09
9.069999694824218750e+00 3.298492868392779401e-09 3.287858147819245111e-09
9.079999923706054688e+00 3.283106744814215363e-09 3.272731329620192638e-09
9.090000152587890625e+00 3.267844361635960740e-09 3.257728121562282767e-09
9.099999427795410156e+00 3.252708455138259800e-09 3.242851564876178990e-09
9.109999656677246094e+00 3.237697204472555681e-09 3.228100179906100550e-09
9.119999885559082031e+00 3.222812886340604887e-09 3.213476469078904758e-09
9.130000114440917969e+00 3.208056080593628333e-09 3.198981218722949049e-09
9.139999389648437500e+00 3.193428500158442870e-09 3.184616277132782806e-09
9.149999618530273438e+00 3.178927415485963714e-09 3.170379078010354351e-09
9.159999847412109375e+00 3.164554017625777315e-09 3.156270852716543190e-09
9.170000076293945312e+00 3.150307819328588519e-09 3.142291131635746126e-09
9.179999351501464844e+00 3.136189392971451627e-09 3.128440432483879095e-09
9.189999580383300781e+00 3.122194993832894860e-09 3.114714987506696883e-09
9.199999809265136719e+00 3.108324639938636708e-09 3.101114672502218226e-09
9.210000038146972656e+00 3.094576716136517030e-09 3.087637715926023066e-09
9.220000267028808594e+00 3.080949333601706007e-09 3.074282036509461851e-09
9.229999542236328125e+00 3.067441620860239803e-09 3.061046512400387412e-09
9.239999771118164062e+00 3.054048594580701591e-09 3.047925960343157980e-09
9.250000000000000000e+00 3.040768904576662630e-09 3.034918729703245262e-09
9.260000228881835938e+00 3.027599687837308819e-09 3.022021665348347414e-09
9.269999504089355469e+00 3.014539124464929478e-09 3.009232616938605428e-09
9.279999732971191406e+00 3.001581490065620350e-09 2.996545600023861473e-09
9.289999961853027344e+00 2.988724655629997039e-09 2.983958145580732086e-09
9.300000190734863281e+00 2.975965123320024413e-09 2.971466444396410092e-09
9.309999465942382812e+00 2.963300511543173148e-09 2.959067785586944776e-09
9.319999694824218750e+00 2.950724763658432109e-09 2.946755870905081043e-09
9.329999923706054688e+00 2.938235426986103838e-09 2.934527945415745158e-09
9.340000152587890625e+00 2.925828844998071988e-09 2.922380094794505282e-09
9.349999427795410156e+00 2.913502574278540011e-09 2.910309615505105118e-09
9.359999656677246094e+00 2.901250720393536540e-09 2.898310450369258215e-09
9.369999885559082031e+00 2.889071020943450181e-09 2.886380127048469931e-09
9.380000114440917969e+00 2.876960164919635857e-09 2.874515176561155577e-09
9.389999389648437500e+00 2.864916142903018730e-09 2.862713436742449789e-09
9.399999618530273438e+00 2.852933682299038338e-09 2.850969579766542665e-09
9.409999847412109375e+00 2.841011159027653835e-09 2.839281884887147504e-09
9.420000076293945312e+00 2.829146014695743147e-09 2.827647747658016309e-09
9.429999351501464844e+00 2.817337044488961698e-09 2.816065921927957621e-09
9.439999580383300781e+00 2.805579908308411880e-09 2.804532115792652072e-09
9.449999809265136719e+00 2.793873894000906514e-09 2.793045623095566605e-09
9.460000038146972656e+00 2.782217409460393872e-09 2.781604900599329061e-09
9.469999313354492188e+00 2.770610214958535541e-09 2.770209756327140502e-09
9.479999542236328125e+00 2.759048995189174211e-09 2.758856999986341179e-09
9.489999771118164062e+00 2.747533993382387137e-09 2.747546953580150962e-09
9.500000000000000000e+00 2.736064566167722731e-09 2.736279085395247518e-09
9.510000228881835938e+00 2.724640280637569536e-09 2.725053084657447763e-09
9.519999504089355469e+00 2.713261979742989531e-09 2.713869906609966595e-09
9.529999732971191406e+00 2.701927427954026164e-09 2.702727490648869443e-09
9.539999961853027344e+00 2.690637801884552197e-09 2.691627137871568970e-09
9.550000190734863281e+00 2.679393325308426300e-09 2.680569219619670024e-09
9.559999465942382812e+00 2.668195399165202430e-09 2.669555270352042541e-09
9.569999694824218750e+00 2.657042313161224887e-09 2.658583768491975894e-09
9.579999923706054688e+00 2.645935632078633988e-09 2.647656417020022815e-09
9.590000152587890625e+00 2.634875898332706468e-09 2.636773916213959877e-09
9.599999427795410156e+00 2.623864730614400656e-09 2.625938027948622112e-09
9.609999656677246094e+00 2.612900609675800592e-09 2.615147428281897001e-09
9.619999885559082031e+00 2.601985163638966012e-09 2.604403892713595759e-09
9.630000114440917969e+00 2.591118947750857573e-09 2.593708143280509095e-09
9.639999389648437500e+00 2.580303515564704123e-09 2.583061887176903204e-09
9.649999618530273438e+00 2.569537287735474709e-09 2.572463750268729870e-09
9.659999847412109375e+00 2.558821734959704760e-09 2.561915363472965974e-09
9.670000076293945312e+00 2.548157243259415586e-09 2.551417292792569595e-09
9.679999351501464844e+00 2.537545157093290779e-09 2.540971050374230663e-09
9.689999580383300781e+00 2.526983736403692915e-09 2.530575114512072230e-09
9.699999809265136719e+00 2.516474233423643191e-09 2.520230911078043619e-09
9.710000038146972656e+00 2.506016845903427540e-09 2.509938829303294803e-09
9.719999313354492188e+00 2.495612728823283249e-09 2.499700200822451645e-09
9.729999542236328125e+00 2.485260040160843544e-09 2.489513407287166583e-09
9.739999771118164062e+00 2.474959905304552385e-09 2.479379748525690451e-09
9.750000000000000000e+00 2.464712455311748386e-09 2.469299542054859083e-09
9.760000228881835938e+00 2.454517833021991013e-09 2.459273111341602091e-09
9.769999504089355469e+00 2.444377171311502097e-09 2.449301745560113800e-09
9.779999732971191406e+00 2.434288740983797386e-09 2.439383909714435490e-09
9.789999961853027344e+00 2.424253765912312696e-09 2.429520960348282989e-09
9.800000190734863281e+00 2.414272559189808444e-09 2.419713343519640790e-09
9.809999465942382812e+00 2.404346447337148837e-09 2.409962483453284777e-09
9.819999694824218750e+00 2.394473995292349633e-09 2.400267071971625937e-09
9.829999923706054688e+00 2.384656692585380150e-09 2.390628651901957919e-09
9.840000152587890625e+00 2.374895165481897235e-09 2.381047893628592441e-09
9.849999427795410156e+00 2.365191049674951211e-09 2.371526431592409117e-09
9.859999656677246094e+00 2.355543292891200026e-09 2.362063235019328778e-09
9.869999885559082031e+00 2.345953704166577495e-09 2.352660051306219968e-09
9.880000114440917969e+00 2.336423240993201181e-09 2.343317761702234385e-09
9.889999389648437500e+00 2.326953828444567937e-09 2.334038164405227703e-09
9.899999618530273438e+00 2.317544742424196160e-09 2.324820430369190037e-09
9.909999847412109375e+00 2.308198015584438154e-09 2.315666401051564332e-09
9.920000076293945312e+00 2.298914804430544957e-09 2.306577028779762925e-09
9.929999351501464844e+00 2.289697155014401531e-09 2.297554107316225840e-09
9.939999580383300781e+00 2.280544475347877678e-09 2.288596820670608595e-09
9.949999809265136719e+00 2.271458791915819078e-09 2.279706890627498986e-09
9.960000038146972656e+00 2.262441207686759338e-09 2.270885111934600644e-09
9.969999313354492188e+00 2.253493615473254756e-09 2.262133031836584542e-09
9.979999542236328125e+00 2.244615272037558715e-09 2.253449602452604770e-09
9.989999771118164062e+00 2.235807900040156422e-09 2.244836174759586464e-09
1.000000000000000000e+01 2.227072250530390418e-09 2.236293139930564253e-09
1.001000022888183594e+01 2.218408943499418422e-09 2.227820755558457775e-09
1.001999950408935547e+01 2.209819269065828105e-09 2.219419933337105987e-09
1.002999973297119141e+01 2.201301905171008368e-09 2.211089032994276858e-09
1.003999996185302734e+01 2.192857822555499252e-09 2.202828663424698300e-09
1.005000019073486328e+01 2.184486992957902541e-09 2.194638467296494368e-09
1.005999946594238281e+01 2.176189994502760835e-09 2.186518695430155106e-09
1.006999969482421875e+01 2.167964850426859031e-09 2.178467116355648828e-09
1.007999992370605469e+01 2.159811777352007791e-09 2.170483666280077533e-09
1.009000015258789062e+01 2.151730015575250905e-09 2.162567350058777688e-09
1.009999942779541016e+01 2.143719390025934272e-09 2.154717772156851498e-09
1.010999965667724609e+01 2.135777269246951603e-09 2.146932158357334131e-09
1.011999988555908203e+01 2.127903159468462504e-09 2.139209858831362431e-09
1.013000011444091797e+01 2.120095654800866948e-09 2.131549360805923507e-09
1.013999938964843750e+01 2.112353954030068682e-09 2.123949776543301291e-09
1.014999961853027344e+01 2.104674929870358228e-09 2.116407965863611784e-09
1.015999984741210938e+01 2.097057576508477839e-09 2.108922901367399332e-09
1.017000007629394531e+01 2.089500068060479811e-09 2.101492780132795085e-09
1.017999935150146484e+01 2.082001232142067272e-09 2.094116470129011218e-09
1.018999958038330078e+01 2.074557713613698000e-09 2.086790718008424836e-09
1.019999980926513672e+01 2.067168284956735268e-09 2.079514386776298793e-09
1.021000003814697266e+01 2.059830998449952679e-09 2.072285652364030435e-09
1.021999931335449219e+01 2.052544615135499639e-09 2.065103407986486801e-09
1.022999954223632812e+01 2.045305846298370236e-09 2.057964541830772126e-09
1.023999977111816406e+01 2.038113538010172945e-09 2.050868058982345763e-09
1.025000000000000000e+01 2.030965900839567646e-09 2.043812348220871940e-09
1.026000022888183594e+01 2.023861218708881218e-09 2.036795877862302344e-09
1.026999950408935547e+01 2.016798529954506898e-09 2.029817866234281923e-09
1.027999973297119141e+01 2.009774944630235153e-09 2.022875628517701153e-09
1.028999996185302734e+01 2.002789691153730769e-09 2.015968572857179916e-09
1.030000019073486328e+01 1.995841420404482349e-09 2.009095535361505725e-09
1.030999946594238281e+01 1.988929540175703186e-09 2.002256098150224044e-09
1.031999969482421875e+01 1.982051579628274341e-09 1.995447980286935169e-09
1.032999992370605469e+01 1.975207141224046490e-09 1.988670947722038697e-09
1.034000015258789062e+01 1.968395254346334586e-09 1.981924194755045651e-09
1.034999942779541016e+01 1.961615674790108670e-09 1.975207630868865796e-09
1.035999965667724609e+01 1.954866292343997117e-09 1.968519312853906050e-09
1.036999988555908203e+01 1.948147000350765953e-09 1.961859279381293907e-09
1.038000011444091797e+01 1.941457095797656901e-09 1.955226976663566863e-09
1.038999938964843750e+01 1.934796550019332157e-09 1.948622519359867563e-09
1.039999961853027344e+01 1.928163458573939999e-09 1.942044163478110396e-09
1.040999984741210938e+01 1.921557840967147869e-09 1.935492075890065925e-09
1.042000007629394531e+01 1.914979086190390963e-09 1.928965803329348317e-09
1.042999935150146484e+01 1.908427202091601175e-09 1.922465513345638628e-09
1.043999958038330078e+01 1.901900308614124390e-09 1.915989508904466908e-09
1.044999980926513672e+01 1.895398378497598171e-09 1.909537941191751296e-09
1.046000003814697266e+01 1.888920728433486051e-09 1.903110321846747136e-09
1.046999931335449219e+01 1.882467253322395297e-09 1.896706748515750077e-09
1.047999954223632812e+01 1.876035963290220344e-09 1.890325461549016947e-09
1.048999977111816406e+01 1.869626673952340661e-09 1.883966505954687300e-09
1.050000000000000000e+01 1.863238542277738575e-09 1.877629286065442831e-09
1.051000022888183594e+01 1.856870684374051204e-09 1.871313177842148333e-09
1.051999950408935547e+01 1.850522783897046506e-09 1.865018130951594761e-09
1.052999973297119141e+01 1.844192676756150186e-09 1.858742272036033645e-09
1.053999996185302734e+01 1.837879990282856088e-09 1.852485511455450071e-09
1.055000019073486328e+01 1.831583728264338777e-09 1.846247145686033107e-09
1.055999946594238281e+01 1.825303484634614893e-09 1.840027057078905384e-09
1.056999969482421875e+01 1.819037059479821775e-09 1.833823349550452581e-09
1.057999992370605469e+01 1.812784063867606939e-09 1.827635915227097690e-09
1.059000015258789062e+01 1.806543534528935094e-09 1.821464067793052522e-09
1.059999942779541016e+01 1.800315138387235522e-09 1.815307730152399167e-09
1.060999965667724609e+01 1.794096809923716468e-09 1.809165095293833823e-09
1.061999988555908203e+01 1.787888326439871431e-09 1.803036156046858013e-09
1.063000011444091797e+01 1.781688941957815648e-09 1.796920361950273701e-09
1.063999938964843750e+01 1.775498581519629843e-09 1.790817794217603179e-09
1.064999961853027344e+01 1.769315489438695312e-09 1.784726844159755316e-09
1.065999984741210938e+01 1.763139779177638982e-09 1.778647709446387650e-09
1.067000007629394531e+01 1.756971076608405670e-09 1.772580067529246454e-09
1.067999935150146484e+01 1.750809702863470548e-09 1.766524237595545278e-09
1.068999958038330078e+01 1.744654326539966594e-09 1.760478871640804393e-09
1.069999980926513672e+01 1.738505490381372238e-09 1.754444419536085509e-09
1.071000003814697266e+01 1.732363258422129042e-09 1.748420815474089943e-09
1.071999931335449219e+01 1.726228385746916471e-09 1.742408626151906657e-09
1.072999954223632812e+01 1.720099973551641983e-09 1.736406753901224273e-09
1.073999977111816406e+01 1.713978972663989831e-09 1.730415871556947177e-09
1.075000000000000000e+01 1.707865834351068923e-09 1.724436122000517262e-09
1.076000022888183594e+01 1.701761085619034155e-09 1.718467684882688716e-09
1.076999950408935547e+01 1.695665898562297988e-09 1.712511336198050727e-09
1.077999973297119141e+01 1.689579753794992975e-09 1.706566169058112112e-09
1.078999996185302734e+01 1.683503915539300661e-09 1.700632993908839949e-09
1.080000019073486328e+01 1.677439091050111401e-09 1.694712055751186068e-09
1.080999946594238281e+01 1.671386575811024016e-09 1.688804157785997243e-09
1.081999969482421875e+01 1.665345931173841986e-09 1.682908399886408497e-09
1.082999992370605469e+01 1.659318434584987327e-09 1.677025551741764206e-09
1.084000015258789062e+01 1.653304755990917969e-09 1.671155790153931393e-09
1.084999942779541016e+01 1.647306094995353982e-09 1.665299814631596845e-09
1.085999965667724609e+01 1.641321882260699476e-09 1.659456608584325639e-09
1.086999988555908203e+01 1.635353202353812050e-09 1.653626785707310825e-09
1.088000011444091797e+01 1.629400495380931986e-09 1.647810351107465829e-09
1.088999938964843750e+01 1.623464688167868668e-09 1.642007810683625448e-09
1.089999961853027344e+01 1.617544926058152495e-09 1.636217957388120939e-09
1.090999984741210938e+01 1.611641966231009562e-09 1.630441191579632626e-09
1.092000007629394531e+01 1.605755910342378559e-09 1.624677307511275989e-09
1.092999935150146484e+01 1.599887330309279357e-09 1.618926597291035259e-09
1.093999958038330078e+01 1.594035033566183239e-09 1.613187662010287538e-09
1.094999980926513672e+01 1.588199425044156326e-09 1.607460706918951371e-09
1.096000003814697266e+01 1.582380272440583610e-09 1.601745352045435615e-09
1.096999931335449219e+01 1.576577826305373185e-09 1.596041730962645764e-09
1.097999954223632812e+01 1.570790616432668612e-09 1.590348323066030301e-09
1.098999977111816406e+01 1.565018781935144151e-09 1.584665225184126885e-09
1.100000000000000000e+01 1.559261866212553705e-09 1.578991982323915411e-09
1.101000022888183594e+01 1.553519382677763716e-09 1.573328140862983234e-09
1.101999950408935547e+01 1.547791371779503095e-09 1.567673795532273845e-09
1.102999973297119141e+01 1.542076228812085583e-09 1.562027441367098359e-09
1.103999996185302734e+01 1.536373993434508218e-09 1.556389217391682475e-09
1.105000019073486328e+01 1.530684174544588289e-09 1.550758756257392146e-09
1.105999946594238281e+01 1.525006848731416910e-09 1.545136266637070576e-09
1.106999969482421875e+01 1.519340505768012925e-09 1.539520395528538918e-09
1.107999992370605469e+01 1.513685306235001793e-09 1.533911450989548285e-09
1.109000015258789062e+01 1.508040922465873857e-09 1.528309261174903230e-09
1.109999942779541016e+01 1.502407623783034153e-09 1.522714247755067715e-09
1.110999965667724609e+01 1.496784133600105370e-09 1.517125294749712664e-09
1.111999988555908203e+01 1.491170856571143045e-09 1.511542951724388313e-09
1.113000011444091797e+01 1.485567730571570729e-09 1.505967299169027477e-09
1.113999938964843750e+01 1.479975297867318734e-09 1.500399012676026934e-09
1.114999961853027344e+01 1.474392571431332637e-09 1.494837237623284165e-09
1.115999984741210938e+01 1.468820232710518140e-09 1.489282773170966877e-09
1.117000007629394531e+01 1.463258493141259183e-09 1.483735943873786065e-09
1.117999935150146484e+01 1.457708151558052953e-09 1.478197654627187134e-09
1.118999958038330078e+01 1.452168471508937052e-09 1.472667273821576375e-09
1.119999980926513672e+01 1.446640350089476115e-09 1.467145797172306806e-09
1.121000003814697266e+01 1.441124191323681232e-09 1.461633728192343717e-09
1.121999931335449219e+01 1.435620951726764286e-09 1.456132124892668219e-09
1.122999954223632812e+01 1.430130032951067991e-09 1.450640495493677209e-09
1.123999977111816406e+01 1.424652421934003138e-09 1.445159940402198109e-09
1.125000000000000000e+01 1.419188581236745878e-09 1.439691046126815231e-09
1.125999927520751953e+01 1.413739484756596730e-09 1.434234924203443927e-09
1.126999950408935547e+01 1.408304532146506706e-09 1.428791125185649658e-09
1.127999973297119141e+01 1.402884659593766944e-09 1.423360755738055921e-09
1.128999996185302734e+01 1.397480252947186303e-09 1.417944391137488403e-09
1.130000019073486328e+01 1.392091662680683347e-09 1.412542592312845510e-09
1.130999946594238281e+01 1.386719710950081345e-09 1.407156415299798981e-09
1.131999969482421875e+01 1.381363640636622763e-09 1.401785355239587346e-09
1.132999992370605469e+01 1.376024187666816544e-09 1.396430426803476491e-09
1.134000015258789062e+01 1.370701529509905024e-09 1.391092106628751889e-09
1.134999942779541016e+01 1.365396304391354137e-09 1.385771354037583837e-09
1.135999965667724609e+01 1.360107591128558479e-09 1.380467583067646104e-09
1.136999988555908203e+01 1.354835948523323786e-09 1.375181708279473599e-09
1.138000011444091797e+01 1.349581394290862524e-09 1.369914114688445634e-09
1.138999938964843750e+01 1.344344416457954068e-09 1.364665668093695017e-09
1.139999961853027344e+01 1.339123983328313986e-09 1.359435716786737266e-09
1.140999984741210938e+01 1.333920547798360624e-09 1.354225098054906168e-09
1.142000007629394531e+01 1.328734055646244771e-09 1.349034137188886948e-09
1.142999935150146484e+01 1.323564946251590991e-09 1.343863644395489950e-09
1.143999958038330078e+01 1.318412190602229295e-09 1.338712947470740317e-09
1.144999980926513672e+01 1.313276257493455724e-09 1.333582853748938396e-09
1.146000003814697266e+01 1.308157148289470193e-09 1.328473678925004884e-09
1.146999931335449219e+01 1.303055383840064958e-09 1.323386227839481659e-09
1.147999954223632812e+01 1.297970066951551292e-09 1.318319858188243934e-09
1.148999977111816406e+01 1.292901807907004904e-09 1.313275393698296370e-09
1.150000000000000000e+01 1.287850781929688307e-09 1.308253182774597666e-09
1.150999927520751953e+01 1.282817699688683765e-09 1.303254061177350479e-09
1.151999950408935547e+01 1.277801891806186313e-09 1.298277447323067764e-09
1.152999973297119141e+01 1.272804190777939213e-09 1.293324202818108323e-09
1.153999996185302734e+01 1.267825009148634753e-09 1.288394721852214007e-09
1.155000019073486328e+01 1.262864819375266348e-09 1.283489407553158325e-09
1.155999946594238281e+01 1.257924621545228225e-09 1.278609134018147538e-09
1.156999969482421875e+01 1.253004056667002908e-09 1.273753383968672199e-09
1.157999992370605469e+01 1.248104228471533271e-09 1.268923038025695132e-09
1.159000015258789062e+01 1.243225810902863094e-09 1.264118507056831777e-09
1.159999942779541016e+01 1.238369974468084120e-09 1.259340648618343800e-09
1.160999965667724609e+01 1.233536527770809784e-09 1.254588942430349636e-09
1.161999988555908203e+01 1.228726687218393530e-09 1.249864219745558049e-09
1.163000011444091797e+01 1.223941212801482919e-09 1.245166833331200355e-09
1.163999938964843750e+01 1.219181314803795331e-09 1.240497553382817414e-09
1.164999961853027344e+01 1.214446830276057697e-09 1.235855784310346696e-09
1.165999984741210938e+01 1.209738936747848882e-09 1.231242232202744322e-09
1.167000007629394531e+01 1.205058323679322252e-09 1.226657116351108594e-09
1.167999935150146484e+01 1.200406080438582643e-09 1.222101045294085404e-09
1.168999958038330078e+01 1.195781915183935739e-09 1.217573278015668876e-09
1.169999980926513672e+01 1.191186808873239752e-09 1.213074328216687195e-09
1.171000003814697266e+01 1.186621230212358028e-09 1.208604220981363485e-09
1.171999931335449219e+01 1.182086005836017267e-09 1.204163349497685411e-09
1.172999954223632812e+01 1.177580587484704771e-09 1.199750782284790806e-09
1.173999977111816406e+01 1.173105643628380929e-09 1.195366804342446331e-09
1.175000000000000000e+01 1.168661323769075408e-09 1.191011220584701572e-09
1.175999927520751953e+01 1.164248110591813653e-09 1.186684193189576939e-09
1.176999950408935547e+01 1.159865139503565393e-09 1.182384595455538808e-09
1.177999973297119141e+01 1.155512725432981399e-09 1.178112490215365268e-09
1.178999996185302734e+01 1.151190679095841713e-09 1.173867479601070791e-09
1.180000019073486328e+01 1.146898733216156564e-09 1.169649122580903597e-09
1.180999946594238281e+01 1.142636952611439960e-09 1.165457337578317672e-09
1.181999969482421875e+01 1.138404117336713211e-09 1.161290810459567815e-09
1.182999992370605469e+01 1.134200168184626626e-09 1.157149397922605267e-09
1.184000015258789062e+01 1.130024585552432826e-09 1.153032530926677410e-09
1.184999942779541016e+01 1.125877199779056936e-09 1.148940010258222221e-09
1.185999965667724609e+01 1.121756619791132656e-09 1.144870452638529278e-09
1.186999988555908203e+01 1.117662615065572480e-09 1.140823637903775309e-09
1.188000011444091797e+01 1.113594539285783553e-09 1.136798950529479881e-09
1.188999938964843750e+01 1.109552119955973615e-09 1.132796156783411938e-09
1.189999961853027344e+01 1.105533926651384633e-09 1.128813884345707157e-09
1.190999984741210938e+01 1.101539691585294092e-09 1.124851917012789181e-09
1.192000007629394531e+01 1.097568772018997397e-09 1.120909669610818954e-09
1.192999935150146484e+01 1.093620918292144133e-09 1.116986947198371883e-09
1.193999958038330078e+01 1.089694775170653212e-09 1.113082453446499103e-09
1.194999980926513672e+01 1.085790144937560225e-09 1.109196037521686850e-09
1.196000003814697266e+01 1.081906482365742419e-09 1.105327197689075625e-09
1.196999931335449219e+01 1.078043641795473289e-09 1.101475824070490030e-09
1.197999954223632812e+01 1.074200406416297525e-09 1.097640731722321445e-09
1.198999977111816406e+01 1.070376698542690115e-09 1.093821864600469063e-09
1.200000000000000000e+01 1.066572102991271641e-09 1.090018824425673987e-09
1.200999927520751953e+01 1.062786594476555805e-09 1.086231598415959027e-09
1.201999950408935547e+01 1.059019092477507273e-09 1.082459114915153696e-09
1.202999973297119141e+01 1.055269623520023235e-09 1.078701408797678589e-09
1.203999996185302734e+01 1.051537871167155456e-09 1.074958173604331462e-09
1.205000019073486328e+01 1.047823532933915349e-09 1.071229121218402549e-09
1.205999946594238281e+01 1.044126667000503145e-09 1.067514333397593311e-09
1.206999969482421875e+01 1.040446278069776143e-09 1.063812843547486796e-09
1.207999992370605469e+01 1.036782427452789411e-09 1.060124760166939278e-09
1.209000015258789062e+01 1.033134815740695956e-09 1.056449846007212584e-09
1.209999942779541016e+01 1.029503476797058445e-09 1.052788219542353405e-09
1.210999965667724609e+01 1.025887389278048565e-09 1.049138957252206588e-09
1.211999988555908203e+01 1.022286550481386370e-09 1.045502187168678630e-09
1.213000011444091797e+01 1.018700586082676467e-09 1.041877689228943356e-09
1.213999938964843750e+01 1.015129434490555647e-09 1.038265587870250398e-09
1.214999961853027344e+01 1.011571983994701247e-09 1.034664974235874700e-09
1.215999984741210938e+01 1.008028115363621009e-09 1.031075972644953185e-09
1.217000007629394531e+01 1.004497338224430485e-09 1.027498361300540253e-09
1.217999935150146484e+01 1.000979468222558340e-09 1.023932257087844413e-09
1.218999958038330078e+01 9.974732882497599020e-10 1.020376756793893841e-09
1.219999980926513672e+01 9.939785643168683746e-10 1.016831978555363826e-09
1.221000003814697266e+01 9.904947062455031463e-10 1.013297701564001976e-09
1.221999931335449219e+01 9.870214391762037696e-10 1.009774043701221227e-09
1.222999954223632812e+01 9.835574849349053606e-10 1.006260119940238387e-09
1.223999977111816406e+01 9.801025555576587658e-10 1.002756060566537019e-09
1.225000000000000000e+01 9.766560337670809213e-10 9.992616678725364586e-10
1.225999927520751953e+01 9.732176392992772169e-10 9.957770867157545595e-10
1.226999950408935547e+01 9.697861249555845613e-10 9.923014780734137927e-10
1.227999973297119141e+01 9.663612513646033162e-10 9.888350151330663662e-10
1.228999996185302734e+01 9.629424816292011522e-10 9.853775548838265457e-10
1.230000019073486328e+01 9.595293165819751080e-10 9.819289728014935429e-10
1.230999946594238281e+01 9.561216259794431639e-10 9.784894919452936765e-10
1.231999969482421875e+01 9.527183550579638615e-10 9.750583730559518945e-10
1.232999992370605469e+01 9.493194798010617652e-10 9.716358837923172759e-10
1.234000015258789062e+01 9.459247111171577397e-10 9.682219865264733580e-10
1.234999942779541016e+01 9.425341469292780198e-10 9.648169914669336951e-10
1.235999965667724609e+01 9.391469818952963942e-10 9.614202585817757772e-10
1.236999988555908203e+01 9.357634494545142421e-10 9.580321457965447282e-10
1.238000011444091797e+01 9.323835285873418271e-10 9.546527083616117175e-10
1.238999938964843750e+01 9.290075890054392843e-10 9.512823441077302510e-10
1.239999961853027344e+01 9.256351020882286336e-10 9.479205070087078694e-10
1.240999984741210938e+01 9.222665704507354549e-10 9.445676342129058909e-10
1.242000007629394531e+01 9.189022361438081148e-10 9.412238572807887126e-10
1.242999935150146484e+01 9.155427188101973065e-10 9.378896394683118807e-10
1.243999958038330078e+01 9.121877291337216108e-10 9.345645019392450344e-10
1.244999980926513672e+01 9.088379856373169733e-10 9.312489293012912434e-10
1.246000003814697266e+01 9.054939259181444785e-10 9.279430937795541879e-10
1.246999931335449219e+01 9.021563383378445070e-10 9.246474847265454338e-10
1.247999954223632812e+01 8.988250820061938032e-10 9.213616494242140715e-10
1.248999977111816406e+01 8.955009891529781416e-10 9.180860761995057429e-10
1.250000000000000000e+01 8.921845835883647595e-10 9.148209334038155030e-10
1.250999927520751953e+01 8.888767068981215697e-10 9.115666915986375064e-10
1.251999950408935547e+01 8.855772499435158773e-10 9.083228805927314987e-10
1.252999973297119141e+01 8.822870388693984833e-10 9.050899495657595524e-10
1.253999996185302734e+01 8.790065659190623340e-10 9.018680227145964375e-10
1.255000019073486328e+01 8.757362994533839309e-10 8.986572085486616293e-10
1.255999946594238281e+01 8.724769890657227648e-10 8.954579031918709670e-10
1.256999969482421875e+01 8.692284188932141413e-10 8.922695700856576631e-10
1.257999992370605469e+01 8.659912692101131318e-10 8.890925701986511981e-10
1.259000015258789062e+01 8.627658694149065285e-10 8.859269403276563496e-10
1.259999942779541016e+01 8.595528135213448846e-10 8.827729991402930613e-10
1.260999965667724609e+01 8.563517347825752864e-10 8.796301455953602638e-10
1.261999988555908203e+01 8.531631446142687524e-10 8.764986647019383611e-10
1.263000011444091797e+01 8.499872065589234386e-10 8.733785242617921567e-10
1.263999938964843750e+01 8.468243463614690786e-10 8.702699736945919750e-10
1.264999961853027344e+01 8.436740491447754748e-10 8.671723608904781092e-10
1.265999984741210938e+01 8.405366727050215631e-10 8.640859129139216965e-10
1.267000007629394531e+01 8.374122435319818650e-10 8.610105511114414131e-10
1.267999935150146484e+01 8.343010595737883346e-10 8.579464819900108047e-10
1.268999958038330078e+01 8.312025093169056659e-10 8.548930316040436072e-10
1.269999980926513672e+01 8.281168569214983568e-10 8.518504010552194527e-10
1.271000003814697266e+01 8.250440593623326368e-10 8.488184989598161494e-10
1.271999931335449219e+01 8.219843598312519217e-10 8.457975238494873613e-10
1.272999954223632812e+01 8.189371266168426706e-10 8.427868147973882305e-10
1.273999977111816406e+01 8.159026085356539383e-10 8.397865820223523915e-10
1.275000000000000000e+01 8.128807708046029313e-10 8.367967552282521819e-10
1.275999927520751953e+01 8.098718773179780326e-10 8.338175571948366817e-10
1.276999950408935547e+01 8.068753473769587604e-10 8.308483696815385223e-10
1.277999973297119141e+01 8.038914799466933571e-10 8.278894392446374927e-10
1.278999996185302734e+01 8.009203063703942310e-10 8.249407403898295794e-10
1.279999923706054688e+01 7.979621606258058798e-10 8.220025405382171608e-10
1.280999946594238281e+01 7.950165523159724845e-10 8.190742802253040276e-10
1.281999969482421875e+01 7.920838591854015787e-10 8.161562545961507460e-10
1.282999992370605469e+01 7.891641959854494898e-10 8.132484909612071915e-10
1.284000015258789062e+01 7.862576956348792162e-10 8.103510292420779134e-10
1.284999942779541016e+01 7.833647818350724426e-10 8.074641959244067958e-10
1.285999965667724609e+01 7.804850636615852684e-10 8.045875028215770096e-10
1.286999988555908203e+01 7.776189873794424963e-10 8.017212979225271020e-10
1.288000011444091797e+01 7.747667276729683822e-10 7.988656620054751535e-10
1.288999938964843750e+01 7.719287296203196211e-10 7.960209536882789275e-10
1.289999961853027344e+01 7.691046229651447789e-10 7.931867240175221400e-10
1.290999984741210938e+01 7.662948415197863840e-10 7.903633428645212274e-10
1.292000007629394531e+01 7.634995344582229584e-10 7.875509112253120044e-10
1.292999935150146484e+01 7.607190976774740790e-10 7.847497982910112942e-10
1.293999958038330078e+01 7.579531102316727677e-10 7.819595726099026951e-10
1.294999980926513672e+01 7.552019216111191279e-10 7.791806038449634547e-10
1.296000003814697266e+01 7.524655860788349768e-10 7.764129919213794610e-10
1.296999931335449219e+01 7.497443845389707097e-10 7.736570961201936059e-10
1.297999954223632812e+01 7.470377855636976287e-10 7.709124840215744629e-10
1.298999977111816406e+01 7.443460009401623027e-10 7.681795079443640685e-10
1.300000000000000000e+01 7.416689452343345173e-10 7.654582520130221086e-10
1.300999927520751953e+01 7.390067491638587600e-10 7.627490531779159180e-10
1.301999950408935547e+01 7.363587459306117125e-10 7.600514686655753922e-10
1.302999973297119141e+01 7.337249960354246196e-10 7.573658264268365685e-10
1.303999996185302734e+01 7.311052724142765370e-10 7.546921907131671465e-10
1.304999923706054688e+01 7.284995657046436719e-10 7.520308746558646450e-10
1.305999946594238281e+01 7.259070949568121899e-10 7.493814267066466815e-10
1.306999969482421875e+01 7.233278027197063111e-10 7.467441541441789298e-10
1.307999992370605469e+01 7.207613642775931668e-10 7.441191074173626050e-10
1.309000015258789062e+01 7.182074416637628722e-10 7.415063352342707499e-10
1.309999942779541016e+01 7.156659308298577165e-10 7.389061328556476205e-10
1.310999965667724609e+01 7.131359985864723555e-10 7.363180520350017178e-10
1.311999988555908203e+01 7.106175424892159792e-10 7.337423897596032073e-10
1.313000011444091797e+01 7.081102255709467534e-10 7.311791957971791686e-10
1.313999938964843750e+01 7.056139623558769388e-10 7.286287646794400862e-10
1.314999961853027344e+01 7.031279725619135855e-10 7.260906642977401902e-10
1.315999984741210938e+01 7.006522142950126767e-10 7.235651958777399731e-10
1.317000007629394531e+01 6.981864351234324971e-10 7.210524201189112796e-10
1.317999935150146484e+01 6.957306480457921471e-10 7.185526388539150388e-10
1.318999958038330078e+01 6.932841988071322514e-10 7.160654426691638165e-10
1.319999980926513672e+01 6.908471735466649396e-10 7.135911411078670087e-10
1.321000003814697266e+01 6.884194628731286851e-10 7.111298075071222574e-10
1.321999931335449219e+01 6.860012276709639093e-10 7.086817502515739725e-10
1.322999954223632812e+01 6.835919776492858177e-10 7.062465793881464763e-10
1.323999977111816406e+01 6.811919546369920205e-10 7.038246067024617727e-10
1.325000000000000000e+01 6.788012078641638092e-10 7.014159094986384094e-10
1.325999927520751953e+01 6.764200496646272124e-10 6.990207913734269438e-10
1.326999950408935547e+01 6.740481452665539603e-10 6.966388685462024839e-10
1.327999973297119141e+01 6.716858721100109673e-10 6.942704391306135492e-10
1.328999996185302734e+01 6.693334067463666359e-10 6.919155668030375495e-10
1.329999923706054688e+01 6.669911709272563663e-10 6.895745310311918320e-10
1.330999946594238281e+01 6.646589343872859892e-10 6.872469339184029034e-10
1.331999969482421875e+01 6.623371502943529771e-10 6.849330384923784739e-10
1.332999992370605469e+01 6.600260556049895069e-10 6.826328729389039715e-10
1.334000015258789062e+01 6.577258898053221694e-10 6.803464532493605970e-10
1.334999942779541016e+01 6.554371076282283508e-10 6.780739982389260131e-10
1.335999965667724609e+01 6.531595019736410430e-10 6.758150627790213865e-10
1.336999988555908203e+01 6.508935090232762327e-10 6.735698373610099080e-10
1.338000011444091797e+01 6.486393296759298257e-10 6.713382791006035934e-10
1.338999938964843750e+01 6.463973577029335912e-10 6.691205394243110256e-10
1.339999961853027344e+01 6.441673221760315844e-10 6.669161189071399270e-10
1.340999984741210938e+01 6.419495676192394581e-10 6.647251361592914355e-10
1.342000007629394531e+01 6.397441952979203459e-10 6.625474804898513908e-10
1.342999935150146484e+01 6.375514845582025593e-10 6.603832299980740798e-10
1.343999958038330078e+01 6.353710565486666654e-10 6.582318275820432205e-10
1.344999980926513672e+01 6.332031287430121331e-10 6.560933199313087086e-10
1.346000003814697266e+01 6.310476775832165941e-10 6.539675313589469305e-10
1.346999931335449219e+01 6.289048529933424346e-10 6.518544726039880769e-10
1.347999954223632812e+01 6.267741636811633337e-10 6.497535369918510027e-10
1.348999977111816406e+01 6.246557054943239485e-10 6.476647106812895344e-10
1.350000000000000000e+01 6.225493453219536497e-10 6.455877666065870075e-10
1.350999927520751953e+01 6.204551282567086538e-10 6.435226643119835800e-10
1.351999950408935547e+01 6.183724831197139450e-10 6.414687646418388990e-10
1.352999973297119141e+01 6.163014244200940415e-10 6.394260128238406971e-10
1.353999996185302734e+01 6.142417559472735907e-10 6.373941509560340394e-10
1.354999923706054688e+01 6.121934697497240796e-10 6.353731092586761316e-10
1.355999946594238281e+01 6.101559694351164239e-10 6.333622373697441404e-10
1.356999969482421875e+01 6.081292459024551807e-10 6.313614621983283993e-10
1.357999992370605469e+01 6.061130982347258948e-10 6.293705171766852375e-10
1.359000015258789062e+01 6.041073327157927617e-10 6.273891367269370336e-10
1.359999942779541016e+01 6.021119552806861889e-10 6.254172448899594682e-10
1.360999965667724609e+01 6.001264136620156407e-10 6.234542050185624181e-10
1.361999988555908203e+01 5.981507409948325818e-10 6.214999489735770746e-10
1.363000011444091797e+01 5.961847949110831105e-10 6.195542247248334045e-10
1.363999938964843750e+01 5.942286352145045215e-10 6.176169698559170582e-10
1.364999961853027344e+01 5.922817787190060949e-10 6.156875738110814388e-10
1.365999984741210938e+01 5.903443183435348020e-10 6.137659868660294474e-10
1.367000007629394531e+01 5.884161748905882430e-10 6.118519804284057749e-10
1.367999935150146484e+01 5.864974654224405905e-10 6.099455140927032489e-10
1.368999958038330078e+01 5.845877701136910505e-10 6.080460088610460129e-10
1.369999980926513672e+01 5.826872279361010818e-10 6.061534381926423540e-10
1.371000003814697266e+01 5.807958011347742430e-10 6.042675999011343216e-10
1.371999931335449219e+01 5.789136347767506531e-10 6.023884771257879533e-10
1.372999954223632812e+01 5.770403363308048220e-10 6.005155218411870070e-10
1.373999977111816406e+01 5.751760493360783243e-10 5.986487299307147564e-10
1.375000000000000000e+01 5.733207312522261154e-10 5.967879235890997676e-10
1.375999927520751953e+01 5.714745055016550576e-10 5.949331071072705375e-10
1.376999950408935547e+01 5.696369548445585879e-10 5.930837596782111105e-10
1.377999973297119141e+01 5.678081747574281108e-10 5.912398966010254102e-10
1.378999996185302734e+01 5.659880654952334362e-10 5.894013609497207107e-10
1.379999923706054688e+01 5.641766784392678719e-10 5.875681752060461473e-10
1.380999946594238281e+01 5.623735239426258586e-10 5.857398423959743423e-10
1.381999969482421875e+01 5.605786062570602058e-10 5.839163950637506593e-10
1.382999992370605469e+01 5.587917306255581756e-10 5.820976954806902208e-10
1.384000015258789062e+01 5.570126759530839615e-10 5.802836108008753788e-10
1.384999942779541016e+01 5.552413634715725961e-10 5.784741856655800224e-10
1.385999965667724609e+01 5.534771823169274013e-10 5.766689524817051142e-10
1.386999988555908203e+01 5.517200043272134294e-10 5.748679671131761152e-10
1.388000011444091797e+01 5.499695093942316525e-10 5.730711185383437256e-10
1.388999938964843750e+01 5.482255230574447051e-10 5.712784727033469320e-10
1.389999961853027344e+01 5.464873545539173635e-10 5.694895894018701437e-10
1.390999984741210938e+01 5.447547979843711429e-10 5.677045484397657421e-10
1.392000007629394531e+01 5.430274700200105696e-10 5.659232658473220599e-10
1.392999935150146484e+01 5.413051443895792218e-10 5.641458346104120109e-10
1.393999958038330078e+01 5.395870994882862216e-10 5.623718474049337890e-10
1.394999980926513672e+01 5.378731081786280349e-10 5.606014140288766267e-10
1.396000003814697266e+01 5.361627845467980159e-10 5.588344831472637469e-10
1.396999931335449219e+01 5.344559154776640615e-10 5.570711803133225788e-10
1.397999954223632812e+01 5.327518139184525244e-10 5.553111356979237243e-10
1.398999977111816406e+01 5.310502997357303050e-10 5.535544932904885570e-10
1.400000000000000000e+01 5.293510518326317381e-10 5.518012377420545318e-10
1.400999927520751953e+01 5.276539365101341023e-10 5.500515294810670740e-10
1.401999950408935547e+01 5.259583631259748290e-10 5.483050372750406966e-10
1.402999973297119141e+01 5.242642578066072116e-10 5.465619392722496825e-10
1.403999996185302734e+01 5.225714179439240975e-10 5.448222548088300835e-10
1.404999923706054688e+01 5.208798369657335697e-10 5.430861764685571800e-10
1.405999946594238281e+01 5.191890600454950301e-10 5.413534075361216617e-10
1.406999969482421875e+01 5.174991524647892172e-10 5.396241548955712857e-10
1.407999992370605469e+01 5.158100540622874166e-10 5.378984657349738180e-10
1.409000015258789062e+01 5.141217398206920332e-10 5.361763925952824293e-10
1.409999942779541016e+01 5.124343794925259639e-10 5.344581562474320846e-10
1.410999965667724609e+01 5.107476921333109666e-10 5.327434897637133752e-10
1.411999988555908203e+01 5.090619094719419866e-10 5.310326209400493691e-10
1.413000011444091797e+01 5.073771293611016126e-10 5.293256155546340919e-10
1.413999938964843750e+01 5.056936342654597891e-10 5.276227027733421199e-10
1.414999961853027344e+01 5.040112458631394603e-10 5.259236250599360566e-10
1.415999984741210938e+01 5.023302848553436773e-10 5.242286118088206295e-10
1.417000007629394531e+01 5.006509249715669156e-10 5.225377284636920863e-10
1.417999935150146484e+01 4.989735098012130995e-10 5.208511991094650923e-10
1.418999958038330078e+01 4.972979093260514162e-10 5.191687626291647651e-10
1.419999980926513672e+01 4.956244762735680825e-10 5.174906372589079072e-10
1.421000003814697266e+01 4.939534025354792698e-10 5.158168761358821629e-10
1.421999931335449219e+01 4.922850351354035438e-10 5.141476868939398767e-10
1.422999954223632812e+01 4.906192370603904922e-10 5.124827948050223773e-10
1.423999977111816406e+01 4.889563394475105247e-10 5.108223976638644578e-10
1.425000000000000000e+01 4.872965027754220316e-10 5.091665283003047906e-10
1.425999927520751953e+01 4.856400321507370278e-10 5.075153710605488122e-10
1.426999950408935547e+01 4.839867444635860670e-10 5.058686322396125283e-10
1.427999973297119141e+01 4.823369154771496445e-10 5.042264849424616075e-10
1.428999996185302734e+01 4.806906473085959496e-10 5.025889387987778805e-10
1.429999923706054688e+01 4.790481831136689956e-10 5.009561532933554072e-10
1.430999946594238281e+01 4.774092814484221073e-10 4.993278155026150590e-10
1.431999969482421875e+01 4.757741571809901079e-10 4.977040747101330667e-10
1.432999992370605469e+01 4.741428558399450213e-10 4.960849193610245911e-10
1.434000015258789062e+01 4.725154121697323450e-10 4.944703333088825834e-10
1.434999942779541016e+01 4.708920067672634714e-10 4.928604496098641215e-10
1.435999965667724609e+01 4.692723492851102912e-10 4.912549371202726653e-10
1.436999988555908203e+01 4.676566097572396656e-10 4.896539221897904258e-10
1.438000011444091797e+01 4.660448013447261758e-10 4.880573744862112989e-10
1.438999938964843750e+01 4.644370909426419605e-10 4.864654127934208797e-10
1.439999961853027344e+01 4.628331885857384288e-10 4.848776985085688250e-10
1.440999984741210938e+01 4.612332697799738414e-10 4.832943470615025340e-10
1.442000007629394531e+01 4.596373638858973934e-10 4.817153205222958019e-10
1.442999935150146484e+01 4.580456611249824737e-10 4.801407300089072913e-10
1.443999958038330078e+01 4.564579073303005146e-10 4.785702356916763774e-10
1.444999980926513672e+01 4.548743160755095818e-10 4.770039481686964922e-10
1.446000003814697266e+01 4.532949619268331874e-10 4.754418276095573709e-10
1.446999931335449219e+01 4.517200829597651026e-10 4.738839827502542187e-10
1.447999954223632812e+01 4.501494804705193589e-10 4.723300772112044118e-10
1.448999977111816406e+01 4.485834198613120036e-10 4.707802210925407213e-10
1.450000000000000000e+01 4.470220286812398242e-10 4.692343764487309394e-10
1.450999927520751953e+01 4.454655941188087174e-10 4.676926530588577417e-10
1.451999950408935547e+01 4.439139681551090163e-10 4.661547206588232224e-10
1.452999973297119141e+01 4.423674563619656264e-10 4.646206913575613426e-10
1.453999996185302734e+01 4.408262214737571241e-10 4.630905310865706840e-10
1.454999923706054688e+01 4.392905758255490165e-10 4.615643523263442958e-10
1.455999946594238281e+01 4.377603933541503577e-10 4.600418322414943649e-10
1.456999969482421875e+01 4.362359855722386749e-10 4.585230861047671499e-10
1.457999992370605469e+01 4.347175122534447122e-10 4.570080847198319685e-10
1.458999919891357422e+01 4.332052692162303098e-10 4.554969442324812025e-10
1.459999942779541016e+01 4.316991090187242046e-10 4.539893499771751922e-10
1.460999965667724609e+01 4.301993035837698860e-10 4.524854213161691800e-10
1.461999988555908203e+01 4.287059640662373488e-10 4.509851349346254356e-10
1.463000011444091797e+01 4.272191829349938395e-10 4.494884691799020947e-10
1.463999938964843750e+01 4.257391727047384254e-10 4.479955464269519663e-10
1.464999961853027344e+01 4.242657001249207627e-10 4.465060639996772386e-10
1.465999984741210938e+01 4.227989317339611443e-10 4.450201486610181090e-10
1.467000007629394531e+01 4.213388674723430463e-10 4.435377868302926233e-10
1.467999935150146484e+01 4.198856199394009699e-10 4.420591082304144152e-10
1.468999958038330078e+01 4.184388604171767474e-10 4.405838222447265943e-10
1.469999980926513672e+01 4.169986507908768354e-10 4.391120642665723411e-10
1.471000003814697266e+01 4.155648892256987462e-10 4.376438314365477689e-10
1.471999931335449219e+01 4.141375861558341775e-10 4.361792635237024512e-10
1.472999954223632812e+01 4.127163219087149653e-10 4.347180846877675192e-10
1.473999977111816406e+01 4.113010655145326088e-10 4.332604417129671852e-10
1.475000000000000000e+01 4.098916318545244996e-10 4.318063450724515960e-10
1.475999927520751953e+01 4.084879544027991127e-10 4.303559470743987121e-10
1.476999950408935547e+01 4.070895531058181465e-10 4.289089889089554093e-10
1.477999973297119141e+01 4.056963407074941299e-10 4.274656307122165137e-10
1.478999996185302734e+01 4.043080899208487869e-10 4.260258979226891910e-10
1.479999923706054688e+01 4.029247025795237483e-10 4.245899565239376780e-10
1.480999946594238281e+01 4.015456856334164323e-10 4.231575655342744832e-10
1.481999969482421875e+01 4.001709459319291259e-10 4.217288986383568607e-10
1.482999992370605469e+01 3.988002652135956632e-10 4.203039958756427961e-10
1.483999919891357422e+01 3.974335653183327047e-10 4.188830359569224758e-10
1.484999942779541016e+01 3.960703898941831667e-10 4.174657943084995903e-10
1.485999965667724609e+01 3.947106888548268590e-10 4.160524559673170566e-10
1.486999988555908203e+01 3.933542987395320155e-10 4.146430728735275860e-10
1.488000011444091797e+01 3.920010749615137389e-10 4.132376992241069148e-10
1.488999938964843750e+01 3.906510218070211654e-10 4.118365246218395715e-10
1.489999961853027344e+01 3.893037785808528297e-10 4.104393395160273126e-10
1.490999984741210938e+01 3.879593926835025795e-10 4.090463366792625761e-10
1.492000007629394531e+01 3.866178044153895314e-10 4.076575758877864495e-10
1.492999935150146484e+01 3.852791030813135010e-10 4.062732491235787588e-10
1.493999958038330078e+01 3.839430158788378963e-10 4.048931525313243131e-10
1.494999980926513672e+01 3.826096728529673499e-10 4.035174781332390196e-10
1.496000003814697266e+01 3.812790945604029818e-10 4.021462849642935563e-10
1.496999931335449219e+01 3.799514445930158078e-10 4.007797609809138887e-10
1.497999954223632812e+01 3.786265214518482015e-10 3.994177018310029493e-10
1.498999977111816406e+01 3.773045160900277800e-10 3.980602924752455642e-10
1.500000000000000000e+01 3.759855028268988671e-10 3.967075850963888892e-10
