# col1: q[fm^-1] col2: weakFF col3: chargeFF [unitless]
9.999999999999999547e-07 9.999999932002199277e-01 9.999999294415868878e-01
9.999999776482582092e-03 9.997702053186621196e-01 9.998012697561066142e-01
1.999999955296516418e-02 9.990811109035688808e-01 9.992054893906568980e-01
2.999999932944774628e-02 9.979335171754130096e-01 9.982131841365106117e-01
3.999999910593032837e-02 9.963287678651510104e-01 9.968253459746404532e-01
4.999999701976776123e-02 9.942687411974794331e-01 9.950433619462404344e-01
5.999999865889549255e-02 9.917558443468293961e-01 9.928690102145250052e-01
7.000000029802322388e-02 9.887930127287235527e-01 9.903044605490075591e-01
7.999999821186065674e-02 9.853837033836434500e-01 9.873522699364901678e-01
8.999999612569808960e-02 9.815318856692840654e-01 9.840153760895324897e-01
9.999999403953552246e-02 9.772420374767998297e-01 9.802970959622194780e-01
1.099999994039535522e-01 9.725191324491636591e-01 9.762011166887363256e-01
1.199999973177909851e-01 9.673686454155940861e-01 9.717315025324734235e-01
1.299999952316284180e-01 9.617965214485832970e-01 9.668926704893890944e-01
1.400000005960464478e-01 9.558091743485481739e-01 9.616893915944446647e-01
1.499999910593032837e-01 9.494134948883797831e-01 9.561268009388217415e-01
1.599999964237213135e-01 9.426167872160953198e-01 9.502103453891103113e-01
1.700000017881393433e-01 9.354268170520435577e-01 9.439458286844966128e-01
1.799999922513961792e-01 9.278517720203007801e-01 9.373393803156622184e-01
1.899999976158142090e-01 9.199002107513607474e-01 9.303974146166598125e-01
1.999999880790710449e-01 9.115811282462518150e-01 9.231266914434973492e-01
2.099999934434890747e-01 9.029038454894773302e-01 9.155342235709731380e-01
2.199999988079071045e-01 8.938780786168588621e-01 9.076273410113518958e-01
2.299999892711639404e-01 8.845138872920134121e-01 8.994136499476852453e-01
2.399999946355819702e-01 8.748216132423594082e-01 8.909009828786622620e-01
2.500000000000000000e-01 8.648119462826600046e-01 8.820974607069391737e-01
2.599999904632568359e-01 8.544958664454538333e-01 8.730114462912055284e-01
2.699999809265136719e-01 8.438845932551894968e-01 8.636515040541131727e-01
2.800000011920928955e-01 8.329895790176834458e-01 8.540263982601481452e-01
2.899999916553497314e-01 8.218226057453343891e-01 8.441451831602860834e-01
2.999999821186065674e-01 8.103955709209064162e-01 8.340170181325949894e-01
3.100000023841857910e-01 7.987205618536009633e-01 8.236512375181016532e-01
3.199999928474426270e-01 7.868099438266372703e-01 8.130574335265525754e-01
3.299999833106994629e-01 7.746761314425270051e-01 8.022452576065882690e-01
3.400000035762786865e-01 7.623316701081579438e-01 7.912244968355723884e-01
3.499999940395355225e-01 7.497893294635982198e-01 7.800051619197400088e-01
3.599999845027923584e-01 7.370618626728034917e-01 7.685972765450865829e-01
3.700000047683715820e-01 7.241620944487514588e-01 7.570109597904373100e-01
3.799999952316284180e-01 7.111030191058003158e-01 7.452565186245394546e-01
3.899999856948852539e-01 6.978975502114139751e-01 7.333442270554948461e-01
3.999999761581420898e-01 6.845586544461711442e-01 7.212844501470015990e-01
4.099999964237213135e-01 6.710992538977731403e-01 7.090875596412730131e-01
4.199999868869781494e-01 6.575323678934167360e-01 6.967640662716715338e-01
4.299999773502349854e-01 6.438708535764073870e-01 6.843243882083316354e-01
4.399999976158142090e-01 6.301275066026070792e-01 6.717789452484956847e-01
4.499999880790710449e-01 6.163151672703431894e-01 6.591382593722212579e-01
4.599999785423278809e-01 6.024464570876959524e-01 6.464127173531675208e-01
4.699999988079071045e-01 5.885338836836997434e-01 6.336126689474094187e-01
4.799999892711639404e-01 5.745899491932285885e-01 6.207485298303840882e-01
4.899999797344207764e-01 5.606268851418015897e-01 6.078305402413689551e-01
5.000000000000000000e-01 5.466567607935454154e-01 5.948688665093249117e-01
5.099999904632568359e-01 5.326915930535628396e-01 5.818737057213605457e-01
5.199999809265136719e-01 5.187430819008278515e-01 5.688550422353285674e-01
5.299999713897705078e-01 5.048227628057817551e-01 5.558227907173479698e-01
5.399999618530273438e-01 4.909419515491060815e-01 5.427867464937128350e-01
5.500000119209289551e-01 4.771116490136843580e-01 5.297564971606476547e-01
5.600000023841857910e-01 4.633428583068860962e-01 5.167417227942485702e-01
5.699999928474426270e-01 4.496460783669565253e-01 5.037517197885074127e-01
5.799999833106994629e-01 4.360316230380608116e-01 4.907957018992667453e-01
5.899999737739562988e-01 4.225095280908238160e-01 4.778827132008792722e-01
5.999999642372131348e-01 4.090895415060240570e-01 4.650216191181071324e-01
6.100000143051147461e-01 3.957810354585226675e-01 4.522210217507060537e-01
6.200000047683715820e-01 3.825933145949536041e-01 4.394895565342258892e-01
6.299999952316284180e-01 3.695351323248167730e-01 4.268354266168204458e-01
6.399999856948852539e-01 3.566150018529027910e-01 4.142667011210237615e-01
6.499999761581420898e-01 3.438411102031890820e-01 4.017912317334460526e-01
6.599999666213989258e-01 3.312213125931318114e-01 3.894166462095131065e-01
6.699999570846557617e-01 3.187631274894653921e-01 3.771503423116089326e-01
6.800000071525573730e-01 3.064736596075439690e-01 3.649994101173373862e-01
6.899999976158142090e-01 2.943598883177939718e-01 3.529709158515985656e-01
6.999999880790710449e-01 2.824282251507100328e-01 3.410714625321502602e-01
7.099999785423278809e-01 2.706848055799359609e-01 3.293074761051360544e-01
7.199999690055847168e-01 2.591354136342236547e-01 3.176851288107411797e-01
7.299999594688415527e-01 2.477854809057539742e-01 3.062103357664910375e-01
7.400000095367431641e-01 2.366400203695512849e-01 2.948886849761490625e-01
7.500000000000000000e-01 2.257038911374437684e-01 2.837257038097316664e-01
7.599999904632568359e-01 2.149814006641000697e-01 2.727264519589994163e-01
7.699999809265136719e-01 2.044765731477822535e-01 2.618957906428564519e-01
7.799999713897705078e-01 1.941930844693456060e-01 2.512383134146845554e-01
7.899999618530273438e-01 1.841342647255206355e-01 2.407583453337519830e-01
7.999999523162841797e-01 1.743031012924654566e-01 2.304599425504190169e-01
8.100000023841857910e-01 1.647021858665714544e-01 2.203468325792173055e-01
8.199999928474426270e-01 1.553339460631300295e-01 2.104226547020364158e-01
8.299999833106994629e-01 1.462003065826054105e-01 2.006905990480445101e-01
8.399999737739562988e-01 1.373029244964936446e-01 1.911536500030740771e-01
8.499999642372131348e-01 1.286431367577990925e-01 1.818145269130459207e-01
8.599999547004699707e-01 1.202219660365049653e-01 1.726756859851249770e-01
8.700000047683715820e-01 1.120400788906852074e-01 1.637392698841773075e-01
8.799999952316284180e-01 1.040979860013105662e-01 1.550073221824839198e-01
8.899999856948852539e-01 9.639575649983685157e-02 1.464814706796059574e-01
8.999999761581420898e-01 8.893322172907591749e-02 1.381631449292382574e-01
9.099999666213989258e-01 8.170993332234065265e-02 1.300535259216737682e-01
9.199999570846557617e-01 7.472517104238911301e-02 1.221535499313906870e-01
9.300000071525573730e-01 6.797791136541074530e-02 1.144638674407436330e-01
9.399999976158142090e-01 6.146699525812194392e-02 1.069850296199755246e-01
9.499999880790710449e-01 5.519089542970877227e-02 9.971721797483258654e-02
9.599999785423278809e-01 4.914788733655755387e-02 9.266043383725972027e-02
9.699999690055847168e-01 4.333601715679533117e-02 8.581445703070111897e-02
9.799999594688415527e-01 3.775311083462596501e-02 7.917885121216440558e-02
9.899999499320983887e-01 3.239678324981741520e-02 7.275296941600914447e-02
1.000000000000000000e+00 2.726441756245209097e-02 6.653592334983417234e-02
1.009999990463256836e+00 2.235329559638827082e-02 6.052673627858478483e-02
1.019999980926513672e+00 1.766042373860196579e-02 5.472412676205865717e-02
1.029999971389770508e+00 1.318266608551736663e-02 4.912666433069162036e-02
1.039999961853027344e+00 8.916722677187590915e-03 4.373273815233143236e-02
1.049999952316284180e+00 4.859138993747976094e-03 3.854056349557162531e-02
1.059999942779541016e+00 1.006315440025593250e-03 3.354818829816324371e-02
1.069999933242797852e+00 -2.645483199237373684e-03 2.875349982698557211e-02
1.079999923706054688e+00 -6.100118350503812466e-03 2.415423141621038730e-02
1.090000033378601074e+00 -9.361606049452700362e-03 1.974791788408670687e-02
1.100000023841857910e+00 -1.243395446694112866e-02 1.553211018824315372e-02
1.110000014305114746e+00 -1.532138793882249078e-02 1.150406720518212626e-02
1.120000004768371582e+00 -1.802818013453220264e-02 7.660975024876310636e-03
1.129999995231628418e+00 -2.055868513547984625e-02 3.999900214058172906e-03
1.139999985694885254e+00 -2.291732862524390596e-02 5.177967541878653176e-04
1.149999976158142090e+00 -2.510859922697370600e-02 -2.788487029842611105e-03
1.159999966621398926e+00 -2.713703999971598876e-02 -5.922201561653232804e-03
1.169999957084655762e+00 -2.900724010469082209e-02 -8.886689137024094895e-03
1.179999947547912598e+00 -3.072382665184568776e-02 -1.168537708996199818e-02
1.189999938011169434e+00 -3.229145673632027869e-02 -1.432177101154399716e-02
1.199999928474426270e+00 -3.371480967375963672e-02 -1.679944803153038055e-02
1.209999918937683105e+00 -3.499857944272113941e-02 -1.912205017236121365e-02
1.220000028610229492e+00 -3.614748025227496053e-02 -2.129330278042683780e-02
1.230000019073486328e+00 -3.716618625455561653e-02 -2.331690633222024966e-02
1.240000009536743164e+00 -3.805940674183353606e-02 -2.519668529049044065e-02
1.250000000000000000e+00 -3.883182316032534470e-02 -2.693647655106268593e-02
1.259999990463256836e+00 -3.948809717835184002e-02 -2.854015006707255608e-02
1.269999980926513672e+00 -4.003286450644496369e-02 -3.001160281696359927e-02
1.279999971389770508e+00 -4.047072896343521103e-02 -3.135475290093709538e-02
1.289999961853027344e+00 -4.080625679150280682e-02 -3.257353377219765478e-02
1.299999952316284180e+00 -4.104397122256919078e-02 -3.367188860891365265e-02
1.309999942779541016e+00 -4.118834729781677834e-02 -3.465376483238782890e-02
1.319999933242797852e+00 -4.124380694155013738e-02 -3.552310877650929899e-02
1.329999923706054688e+00 -4.121471429005573589e-02 -3.628386051313831767e-02
1.339999914169311523e+00 -4.110537127557640363e-02 -3.693994883765358561e-02
1.350000023841857910e+00 -4.092001081889218295e-02 -3.749529245358501628e-02
1.360000014305114746e+00 -4.066280267425335937e-02 -3.795377001755338014e-02
1.370000004768371582e+00 -4.033783644190305079e-02 -3.831925527776558482e-02
1.379999995231628418e+00 -3.994912615445429110e-02 -3.859558510699472034e-02
1.389999985694885254e+00 -3.950060535571462556e-02 -3.878656255094731220e-02
1.399999976158142090e+00 -3.899612418996332291e-02 -3.889595284072769332e-02
1.409999966621398926e+00 -3.843944673365187054e-02 -3.892747958374454670e-02
1.419999957084655762e+00 -3.783424856602517206e-02 -3.888482113412804198e-02
1.429999947547912598e+00 -3.718411457480083615e-02 -3.877160714336415348e-02
1.439999938011169434e+00 -3.649253699270514628e-02 -3.859141529150138944e-02
1.449999928474426270e+00 -3.576291366034624331e-02 -3.834776819894111788e-02
1.459999918937683105e+00 -3.499854651060967797e-02 -3.804413051849304950e-02
1.469999909400939941e+00 -3.420264026948508645e-02 -3.768390620705378696e-02
1.480000019073486328e+00 -3.337829138365938642e-02 -3.727043074271017137e-02
1.490000009536743164e+00 -3.252852678965160310e-02 -3.680698910905775417e-02
1.500000000000000000e+00 -3.165624421579119052e-02 -3.629678396653055611e-02
1.509999990463256836e+00 -3.076425070434963063e-02 -3.574295275730014765e-02
1.519999980926513672e+00 -2.985525264649322580e-02 -3.514856123684585720e-02
1.529999971389770508e+00 -2.893185566200407940e-02 -3.451660179335670764e-02
1.539999961853027344e+00 -2.799656465382844087e-02 -3.384999193423995217e-02
1.549999952316284180e+00 -2.705178403089699563e-02 -3.315157293694669105e-02
1.559999942779541016e+00 -2.609981809256502541e-02 -3.242410866111141571e-02
1.569999933242797852e+00 -2.514287156794339784e-02 -3.167028451880242457e-02
1.579999923706054688e+00 -2.418305030332969230e-02 -3.089270659949197584e-02
1.589999914169311523e+00 -2.322236209090709769e-02 -3.009390094618093550e-02
1.599999904632568359e+00 -2.226271763185016031e-02 -2.927631297894988174e-02
1.610000014305114746e+00 -2.130592024514317562e-02 -2.844229703121781833e-02
1.620000004768371582e+00 -2.035371267063973075e-02 -2.759415602452639990e-02
1.629999995231628418e+00 -1.940770992871943337e-02 -2.673408161693185958e-02
1.639999985694885254e+00 -1.846944643432296349e-02 -2.586419378140696404e-02
1.649999976158142090e+00 -1.754036610298360943e-02 -2.498653105691692883e-02
1.659999966621398926e+00 -1.662182397671926187e-02 -2.410305077074209254e-02
1.669999957084655762e+00 -1.571508793680691587e-02 -2.321562937863615866e-02
1.679999947547912598e+00 -1.482134049688239516e-02 -2.232606291823849981e-02
1.689999938011169434e+00 -1.394168066990022527e-02 -2.143606757110367786e-02
1.699999928474426270e+00 -1.307712590259226502e-02 -2.054728032866934631e-02
1.709999918937683105e+00 -1.222861407117624769e-02 -1.966125975745045690e-02
1.719999909400939941e+00 -1.139700553218716758e-02 -1.877948685872603968e-02
1.730000019073486328e+00 -1.058307562806937337e-02 -1.790335561283260685e-02
1.740000009536743164e+00 -9.787555431157989386e-03 -1.703421572499866712e-02
1.750000000000000000e+00 -9.011075695580609071e-03 -1.617331105118144374e-02
1.759999990463256836e+00 -8.254208102125253424e-03 -1.532182265148188290e-02
1.769999980926513672e+00 -7.517457687962711931e-03 -1.448085957061310929e-02
1.779999971389770508e+00 -6.801265107308414673e-03 -1.365146016512301490e-02
1.789999961853027344e+00 -6.106008908333069793e-03 -1.283459349215802098e-02
1.799999952316284180e+00 -5.432007821411854315e-03 -1.203116075519215442e-02
1.809999942779541016e+00 -4.779523053975984204e-03 -1.124199680220153499e-02
1.819999933242797852e+00 -4.148760587407283873e-03 -1.046787167182769082e-02
1.829999923706054688e+00 -3.539873471595747934e-03 -9.709492183142921090e-03
1.839999914169311523e+00 -2.952964112961610748e-03 -8.967503564706678920e-03
1.849999904632568359e+00 -2.388086551926210666e-03 -8.242491118683912751e-03
1.860000014305114746e+00 -1.845242386131092571e-03 -7.534973587961839303e-03
1.870000004768371582e+00 -1.324408636897114484e-03 -6.845438406592542317e-03
1.879999995231628418e+00 -8.255011466392864032e-04 -6.174292831177007924e-03
1.889999985694885254e+00 -3.484029247843172016e-04 -5.521899657093136231e-03
1.899999976158142090e+00 1.070402837695592880e-04 -4.888570458210269275e-03
1.909999966621398926e+00 5.410178584915676303e-04 -4.274567377774298772e-03
1.919999957084655762e+00 9.537521965589294912e-04 -3.680104927444947677e-03
1.929999947547912598e+00 1.345496642247413083e-03 -3.105351791073413491e-03
1.939999938011169434e+00 1.716533454742070726e-03 -2.550432629925543197e-03
1.949999928474426270e+00 2.067171816562647386e-03 -2.015429886175173612e-03
1.959999918937683105e+00 2.397745884624613751e-03 -1.500385581613764441e-03
1.969999909400939941e+00 2.708612885786648456e-03 -1.005303108644900944e-03
1.979999899864196777e+00 3.000151258567877992e-03 -5.301490107565870772e-04
1.990000009536743164e+00 3.272761981089781363e-03 -7.484944025594980719e-05
2.000000000000000000e+00 3.526854037210274198e-03 3.606866172926836934e-04
2.009999990463256836e+00 3.762862196208305310e-03 7.765981731210267174e-04
2.019999980926513672e+00 3.981232133810282646e-03 1.173048576709733674e-03
2.029999971389770508e+00 4.182422186163044057e-03 1.550229371383488606e-03
2.039999961853027344e+00 4.366901795000661078e-03 1.908358628896398689e-03
2.049999952316284180e+00 4.535150006387538880e-03 2.247679310674495067e-03
2.059999942779541016e+00 4.687654023520447175e-03 2.568457657520393286e-03
2.069999933242797852e+00 4.824907813941357697e-03 2.870981609462156837e-03
2.079999923706054688e+00 4.947410771387718634e-03 3.155559257307406339e-03
2.089999914169311523e+00 5.055666432385922532e-03 3.422517327343749683e-03
2.099999904632568359e+00 5.150181247578176913e-03 3.672199700508832921e-03
2.109999895095825195e+00 5.231463407662139721e-03 3.904965967236990847e-03
2.119999885559082031e+00 5.300021723717375337e-03 4.121190019075765543e-03
2.129999876022338867e+00 5.356364561591728593e-03 4.321258678053582596e-03
2.139999866485595703e+00 5.400998829925759796e-03 4.505570364670768817e-03
2.149999856948852539e+00 5.434429021302638642e-03 4.674533805279081078e-03
2.159999847412109375e+00 5.457156305926097288e-03 4.828566779510983821e-03
2.169999837875366211e+00 5.469677677148331377e-03 4.968094908318255835e-03
2.180000066757202148e+00 5.472485103106040222e-03 5.093553309886204167e-03
2.190000057220458984e+00 5.466064739319811613e-03 5.205373843139821100e-03
2.200000047683715820e+00 5.450896609171860738e-03 5.304001950878605917e-03
2.210000038146972656e+00 5.427453462921632936e-03 5.389883326134895826e-03
2.220000028610229492e+00 5.396200350648183534e-03 5.463466065435925931e-03
2.230000019073486328e+00 5.357594060782306516e-03 5.525199706950499612e-03
2.240000009536743164e+00 5.312082603913712529e-03 5.575534310576395376e-03
2.250000000000000000e+00 5.260104740729508802e-03 5.614919579827425990e-03
2.259999990463256836e+00 5.202089552902562294e-03 5.643804025305617506e-03
2.269999980926513672e+00 5.138456055715129138e-03 5.662634169474808910e-03
2.279999971389770508e+00 5.069612851173750656e-03 5.671853792385233087e-03
2.289999961853027344e+00 4.995957820346420657e-03 5.671903217936264362e-03
2.299999952316284180e+00 4.917877853631416607e-03 5.663218640204551943e-03
2.309999942779541016e+00 4.835748617649813196e-03 5.646231489308908315e-03
2.319999933242797852e+00 4.749934357439444289e-03 5.621367836230403009e-03
2.329999923706054688e+00 4.660787732617657081e-03 5.589047835956685584e-03
2.339999914169311523e+00 4.568649686172805355e-03 5.549685208273191610e-03
2.349999904632568359e+00 4.473849344540413789e-03 5.503686755481230347e-03
2.359999895095825195e+00 4.376703947618844522e-03 5.451451916282872012e-03
2.369999885559082031e+00 4.277518807381113473e-03 5.393372355036224822e-03
2.379999876022338867e+00 4.176587293744012455e-03 5.329831585550996731e-03
2.389999866485595703e+00 4.074190846363056132e-03 5.261204628563958922e-03
2.399999856948852539e+00 3.970599011031118730e-03 5.187857702006304361e-03
2.409999847412109375e+00 3.866069499371032996e-03 5.110147943150578249e-03
2.419999837875366211e+00 3.760848270526117795e-03 5.028423161702830560e-03
2.429999828338623047e+00 3.655169633569332627e-03 4.943021622887048931e-03
2.440000057220458984e+00 3.549253843103712756e-03 4.854269706228557003e-03
2.450000047683715820e+00 3.443317346285018447e-03 4.762490290485424209e-03
2.460000038146972656e+00 3.337557781314962058e-03 4.667989913671242823e-03
2.470000028610229492e+00 3.232164251472610141e-03 4.571067059334673298e-03
2.480000019073486328e+00 3.127314989385196562e-03 4.472009997497619106e-03
2.490000009536743164e+00 3.023177558019066874e-03 4.371096726949548830e-03
2.500000000000000000e+00 2.919909064035522157e-03 4.268594940549382856e-03
2.509999990463256836e+00 2.817656382421832029e-03 4.164762012520818388e-03
2.519999980926513672e+00 2.716556391337018959e-03 4.059845006729518278e-03
2.529999971389770508e+00 2.616736216142366740e-03 3.954080704934628474e-03
2.539999961853027344e+00 2.518313481617685725e-03 3.847695654013656968e-03
2.549999952316284180e+00 2.421396571396157091e-03 3.740906231167277600e-03
2.559999942779541016e+00 2.326084893682958329e-03 3.633918726120394151e-03
2.569999933242797852e+00 2.232469152355798930e-03 3.526929439347045118e-03
2.579999923706054688e+00 2.140631622578743377e-03 3.420124795359049102e-03
2.589999914169311523e+00 2.050646430094375198e-03 3.313681470112691575e-03
2.599999904632568359e+00 1.962579833393165128e-03 3.207766531602700578e-03
2.609999895095825195e+00 1.876490507992880589e-03 3.102537592729566647e-03
2.619999885559082031e+00 1.792429832095060720e-03 2.998142975543806408e-03
2.629999876022338867e+00 1.710442172919481420e-03 2.894721885989457854e-03
2.639999866485595703e+00 1.630565173051587869e-03 2.792404598288742833e-03
2.649999856948852539e+00 1.552830036171716282e-03 2.691312648130505820e-03
2.659999847412109375e+00 1.477261811568307028e-03 2.591559033846060726e-03
2.669999837875366211e+00 1.403879676870846286e-03 2.493248424778465432e-03
2.679999828338623047e+00 1.332697218470977945e-03 2.396477376073663252e-03
2.690000057220458984e+00 1.263721091007550005e-03 2.301332300830322142e-03
2.700000047683715820e+00 1.196957816918613280e-03 2.207898730430025731e-03
2.710000038146972656e+00 1.132404190061404381e-03 2.116247931006842720e-03
2.720000028610229492e+00 1.070054172948960028e-03 2.026446251409896697e-03
2.730000019073486328e+00 1.009897487933490105e-03 1.938553071229973503e-03
2.740000009536743164e+00 9.519198743771258974e-04 1.852621039251646680e-03
2.750000000000000000e+00 8.961033406692192702e-04 1.768696313599690427e-03
2.759999990463256836e+00 8.424264108022259641e-04 1.686818803003745397e-03
2.769999980926513672e+00 7.908643652455213911e-04 1.607022408630646515e-03
2.779999971389770508e+00 7.413894758830555766e-04 1.529335265958921275e-03
2.789999961853027344e+00 6.939712348063433551e-04 1.453779986195140837e-03
2.799999952316284180e+00 6.485765767791202251e-04 1.380373896756782173e-03
2.809999942779541016e+00 6.051700952139888552e-04 1.309129280371169662e-03
2.819999933242797852e+00 5.637142515242818614e-04 1.240053612364566248e-03
2.829999923706054688e+00 5.241695777366768604e-04 1.173149795739942321e-03
2.839999914169311523e+00 4.864948722712289552e-04 1.108416393665912457e-03
2.849999904632568359e+00 4.506473888158640372e-04 1.045847859023078070e-03
2.859999895095825195e+00 4.165830182418353892e-04 9.854347606774100429e-04
2.869999885559082031e+00 3.842564635250975114e-04 9.271640061730469524e-04
2.879999876022338867e+00 3.536214076562749285e-04 8.710190605596032339e-04
2.889999866485595703e+00 3.246306745385343635e-04 8.169801610909214465e-04
2.899999856948852539e+00 2.972363828885974399e-04 7.650245275538126999e-04
2.909999847412109375e+00 2.713900931710824913e-04 7.151265680063358240e-04
2.919999837875366211e+00 2.470429476104652996e-04 6.672580797256248654e-04
2.929999828338623047e+00 2.241458033382770878e-04 6.213884451852147092e-04
2.939999818801879883e+00 2.026493587455593319e-04 5.774848229011435644e-04
2.950000047683715820e+00 1.825038085435699169e-04 5.355113550347625649e-04
2.960000038146972656e+00 1.636608455557420842e-04 4.954333041635197677e-04
2.970000028610229492e+00 1.460708872044541248e-04 4.572112250555347116e-04
2.980000019073486328e+00 1.296851276382017277e-04 4.208051816086207813e-04
2.990000009536743164e+00 1.144551353314344686e-04 3.861738866840975820e-04
3.000000000000000000e+00 1.003329407373071056e-04 3.532748597988962435e-04
3.009999990463256836e+00 8.727111791922422890e-05 3.220645790526920245e-04
3.019999980926513672e+00 7.522286030337430800e-05 2.924986272622220667e-04
3.029999971389770508e+00 6.414205070032734249e-05 2.645318322886779506e-04
3.039999961853027344e+00 5.398332574908557111e-05 2.381184015572622133e-04
3.049999952316284180e+00 4.470213494155587442e-05 2.132120507804212135e-04
3.059999942779541016e+00 3.625479438956355857e-05 1.897661269081722972e-04
3.069999933242797852e+00 2.859853549996776648e-05 1.677337253401883993e-04
3.079999923706054688e+00 2.169154872643229312e-05 1.470678014448316352e-04
3.089999914169311523e+00 1.549302256884779725e-05 1.277212764404429303e-04
3.099999904632568359e+00 9.963177993283346776e-06 1.096471377034767704e-04
3.109999895095825195e+00 5.063298446821898043e-06 9.279853357690583224e-05
3.119999885559082031e+00 7.557556426149850482e-07 7.712886276052266239e-05
3.129999876022338867e+00 -2.995968709046838892e-06 6.259185837233746696e-05
3.139999866485595703e+00 -6.227265047699305764e-06 4.914166677736651797e-05
3.149999856948852539e+00 -8.972381812114465008e-06 3.673292128655842827e-05
3.159999847412109375e+00 -1.126441481728197044e-05 2.532081083456075022e-05
3.169999837875366211e+00 -1.313529998516299592e-05 1.486114375044882454e-05
3.179999828338623047e+00 -1.461580925689391665e-05 5.310406740413947863e-06
3.189999818801879883e+00 -1.573554951587149070e-05 -3.374180794189961350e-06
3.199999809265136719e+00 -1.652296435329659769e-05 -1.123461697615768676e-05
3.210000038146972656e+00 -1.700534658434653648e-05 -1.831223180620571736e-05
3.220000028610229492e+00 -1.720880655906503187e-05 -2.464698991705684209e-05
3.230000019073486328e+00 -1.715834953938873977e-05 -3.027846460493517584e-05
3.240000009536743164e+00 -1.687783467227606666e-05 -3.524511237265004981e-05
3.250000000000000000e+00 -1.639000356540726435e-05 -3.958442173399911513e-05
3.259999990463256836e+00 -1.571649572349842388e-05 -4.333288782386197224e-05
3.269999980926513672e+00 -1.487786572972328819e-05 -4.652599058345480078e-05
3.279999971389770508e+00 -1.389360202983654488e-05 -4.919817637803032361e-05
3.289999961853027344e+00 -1.278214718069501555e-05 -5.138284290417262465e-05
3.299999952316284180e+00 -1.156091942915178216e-05 -5.311232724394510617e-05
3.309999942779541016e+00 -1.024633549159212997e-05 -5.441789692356932843e-05
3.319999933242797852e+00 -8.853834408885391814e-06 -5.532974383513478129e-05
3.329999923706054688e+00 -7.397902355983473124e-06 -5.587698088079178329e-05
3.339999914169311523e+00 -5.892098289993408632e-06 -5.608764120019022685e-05
3.349999904632568359e+00 -4.349080325180184334e-06 -5.598867984350350735e-05
3.359999895095825195e+00 -2.780632727920180520e-06 -5.560597775404768248e-05
3.369999885559082031e+00 -1.197693429343861466e-06 -5.496434792661382055e-05
3.379999876022338867e+00 3.896180420247165359e-07 -5.408754360968983402e-05
3.389999866485595703e+00 1.971972300686215511e-06 -5.299826842220381945e-05
3.399999856948852539e+00 3.540801606101895255e-06 -5.171818825792773555e-05
3.409999847412109375e+00 5.088271210148267628e-06 -5.026794485331804080e-05
3.419999837875366211e+00 6.607250629512959540e-06 -4.866717089750648026e-05
3.429999828338623047e+00 8.091284918131523533e-06 -4.693450656602677772e-05
3.439999818801879883e+00 9.534566010392639049e-06 -4.508761736293962315e-05
3.449999809265136719e+00 1.093190420156489198e-05 -4.314321315928703205e-05
3.460000038146972656e+00 1.227873130225842817e-05 -4.111701915722527125e-05
3.470000028610229492e+00 1.357094533336020666e-05 -3.902399221979448141e-05
3.480000019073486328e+00 1.480507558056819972e-05 -3.687805248455327872e-05
3.490000009536743164e+00 1.597812544022904737e-05 -3.469229783937701454e-05
3.500000000000000000e+00 1.708757817072402248e-05 -3.247897998316055524e-05
3.509999990463256836e+00 1.813137036630253733e-05 -3.024952847419295620e-05
3.519999980926513672e+00 1.910786592260796922e-05 -2.801457528458941546e-05
3.529999971389770508e+00 2.001583052993077228e-05 -2.578397977624090662e-05
3.539999961853027344e+00 2.085440672699979091e-05 -2.356685401725849328e-05
3.549999952316284180e+00 2.162308954482080022e-05 -2.137158836157205735e-05
3.559999942779541016e+00 2.232170276705916829e-05 -1.920587721778670138e-05
3.569999933242797852e+00 2.295037583047998677e-05 -1.707674493701351714e-05
3.579999923706054688e+00 2.350952138605660747e-05 -1.499057175288532065e-05
3.589999914169311523e+00 2.399981353868035967e-05 -1.295311971040393926e-05
3.599999904632568359e+00 2.442216678067814635e-05 -1.096955852380980370e-05
3.609999895095825195e+00 2.477771563186890885e-05 -9.044491306958470282e-06
3.619999885559082031e+00 2.506779499642826240e-05 -7.181980123095918027e-06
3.629999876022338867e+00 2.529392124447690980e-05 -5.385571304247638376e-06
3.639999866485595703e+00 2.545777402415929156e-05 -3.658320493581449889e-06
3.649999856948852539e+00 2.556117880773090816e-05 -2.002817367399682781e-06
3.659999847412109375e+00 2.560609017325088033e-05 -4.212099964340694816e-07
3.669999837875366211e+00 2.559457582148311878e-05 1.084771190799703361e-06
3.679999828338623047e+00 2.552880132575633001e-05 2.513789876851560007e-06
3.689999818801879883e+00 2.541101561088214583e-05 3.864880787824602581e-06
3.699999809265136719e+00 2.524353715545713691e-05 5.137427118037532500e-06
3.709999799728393555e+00 2.502874091042237481e-05 6.331138472730439757e-06
3.720000028610229492e+00 2.476903921782309050e-05 7.446054995315815456e-06
3.730000019073486328e+00 2.446689598173661800e-05 8.482421973604703882e-06
3.740000009536743164e+00 2.412477844083092107e-05 9.440828941082067484e-06
3.750000000000000000e+00 2.374517061626834027e-05 1.032208169897185270e-05
3.759999990463256836e+00 2.333055799013732622e-05 1.112721066727548624e-05
3.769999980926513672e+00 2.288341849581933921e-05 1.185745233632080809e-05
3.779999971389770508e+00 2.240621413874981487e-05 1.251423134801809704e-05
3.789999961853027344e+00 2.190138323130912627e-05 1.309914321395334027e-05
3.799999952316284180e+00 2.137133322485288179e-05 1.361393767551139422e-05
3.809999942779541016e+00 2.081843412122391995e-05 1.406050270936871670e-05
3.819999933242797852e+00 2.024501244554569957e-05 1.444084917996722996e-05
3.829999923706054688e+00 1.965334576162323395e-05 1.475709613890344777e-05
3.839999914169311523e+00 1.904565771087318905e-05 1.501145676959024089e-05
3.849999904632568359e+00 1.842411355540186596e-05 1.520622497410739738e-05
3.859999895095825195e+00 1.779081620560906858e-05 1.534376259770973749e-05
3.869999885559082031e+00 1.714780271253590340e-05 1.542648728521376058e-05
3.879999876022338867e+00 1.649704120508916383e-05 1.545686096222274831e-05
3.889999866485595703e+00 1.584042825224382477e-05 1.543737893304801355e-05
3.899999856948852539e+00 1.517978663038333398e-05 1.537055958611261938e-05
3.909999847412109375e+00 1.451686347602061080e-05 1.525893469667347272e-05
3.919999837875366211e+00 1.385332880433044860e-05 1.510504031579630333e-05
3.929999828338623047e+00 1.319077437410794375e-05 1.491140823370447707e-05
3.939999818801879883e+00 1.253071288005382500e-05 1.468055800490145250e-05
3.949999809265136719e+00 1.187457745357732076e-05 1.441498952177952235e-05
3.959999799728393555e+00 1.122372145365909794e-05 1.411717612285283397e-05
3.970000028610229492e+00 1.057940325607051194e-05 1.378955007405153097e-05
3.980000019073486328e+00 9.942847863346138739e-06 1.343452866614572555e-05
3.990000009536743164e+00 9.315155247975666922e-06 1.305446188648441320e-05
4.000000000000000000e+00 8.697362763235122441e-06 1.265165811844435882e-05
4.009999752044677734e+00 8.090445011096563009e-06 1.222838255167068875e-05
4.019999980926513672e+00 7.495243340188064952e-06 1.178680158914706620e-05
4.029999732971191406e+00 6.912624258500615328e-06 1.132909354696759768e-05
4.039999961853027344e+00 6.343268916530160682e-06 1.085728686102322468e-05
4.049999713897705078e+00 5.787896841969913680e-06 1.037343146120131787e-05
4.059999942779541016e+00 5.247050672668002283e-06 9.879416847564656339e-06
4.069999694824218750e+00 4.721309775458761091e-06 9.377154206759041351e-06
4.079999923706054688e+00 4.211086044615095838e-06 8.868386689639139693e-06
4.089999675750732422e+00 3.716826442694398167e-06 8.354879253195559007e-06
4.099999904632568359e+00 3.238820623479889663e-06 7.838223916448933937e-06
4.110000133514404297e+00 2.777370035545970454e-06 7.320009808777066554e-06
4.119999885559082031e+00 2.332715959153786983e-06 6.801749572564696820e-06
4.130000114440917969e+00 1.904981785076710340e-06 6.284804671368991327e-06
4.139999866485595703e+00 1.494321798670702195e-06 5.770558242486663839e-06
4.150000095367431641e+00 1.100760447952938216e-06 5.260218467033815481e-06
4.159999847412109375e+00 7.243514141525376555e-07 4.755014949872997173e-06
4.170000076293945312e+00 3.650299251162029937e-07 4.256004996296443226e-06
4.179999828338623047e+00 2.275879534919782237e-08 3.764266968069387387e-06
4.190000057220458984e+00 -3.026062195415661091e-07 3.280711212326844818e-06
4.199999809265136719e+00 -6.111834026847516023e-07 2.806268649884617723e-06
4.210000038146972656e+00 -9.031868150573995221e-07 2.341707876029138510e-06
4.219999790191650391e+00 -1.178806154995902935e-06 1.887817465885884114e-06
4.230000019073486328e+00 -1.438315841024561446e-06 1.445230547407386958e-06
4.239999771118164062e+00 -1.681967496129365001e-06 1.014599530101968349e-06
4.250000000000000000e+00 -1.910086725468057865e-06 5.964292395556689593e-07
4.259999752044677734e+00 -2.122977870390218574e-06 1.912429884361446729e-07
4.269999980926513672e+00 -2.321008918951147532e-06 -2.005748391418509725e-07
4.279999732971191406e+00 -2.504528088721026784e-06 -5.786222531716723986e-07
4.289999961853027344e+00 -2.673937381002562172e-06 -9.426269250827721986e-07
4.299999713897705078e+00 -2.829620479201633909e-06 -1.292299877985753414e-06
4.309999942779541016e+00 -2.972005517398932705e-06 -1.627472084931965408e-06
4.319999694824218750e+00 -3.101503721808241509e-06 -1.947958893710770004e-06
4.329999923706054688e+00 -3.218562011600293023e-06 -2.253685600128632097e-06
4.339999675750732422e+00 -3.323611764055339349e-06 -2.544562952089137543e-06
4.349999904632568359e+00 -3.417111901011623983e-06 -2.820601493433771880e-06
4.360000133514404297e+00 -3.499510794562434637e-06 -3.081810442926246887e-06
4.369999885559082031e+00 -3.571262159138163000e-06 -3.328240229922381067e-06
4.380000114440917969e+00 -3.632831491356075884e-06 -3.560012326807772375e-06
4.389999866485595703e+00 -3.684671959037219142e-06 -3.777236515359861125e-06
4.400000095367431641e+00 -3.727246697201056356e-06 -3.980097133310664468e-06
4.409999847412109375e+00 -3.761007712553464131e-06 -4.168768007416145060e-06
4.420000076293945312e+00 -3.786411082316538373e-06 -4.343487750858304238e-06
4.429999828338623047e+00 -3.803902904763630763e-06 -4.504485650702974732e-06
4.440000057220458984e+00 -3.813928092371563569e-06 -4.652046325003977567e-06
4.449999809265136719e+00 -3.816922674872272538e-06 -4.786446245974901431e-06
4.460000038146972656e+00 -3.813316865184054396e-06 -4.908008143405389817e-06
4.469999790191650391e+00 -3.803533034421380958e-06 -5.017047767770662493e-06
4.480000019073486328e+00 -3.787983710202551386e-06 -5.113918492010244041e-06
4.489999771118164062e+00 -3.767074561938325997e-06 -5.198967854043142112e-06
4.500000000000000000e+00 -3.741197967362319402e-06 -5.272572862740757579e-06
4.509999752044677734e+00 -3.710740370396254730e-06 -5.335105806310718849e-06
4.519999980926513672e+00 -3.676072023865918918e-06 -5.386960811064818013e-06
4.529999732971191406e+00 -3.637558110509273473e-06 -5.428528360194190937e-06
4.539999961853027344e+00 -3.595545238617224984e-06 -5.460213686384883862e-06
4.549999713897705078e+00 -3.550375748552039364e-06 -5.482419413959739391e-06
4.559999942779541016e+00 -3.502371504165906323e-06 -5.495556389252688180e-06
4.569999694824218750e+00 -3.451850841798121681e-06 -5.500033837163520232e-06
4.579999923706054688e+00 -3.399110164439099565e-06 -5.496263247249603228e-06
4.589999675750732422e+00 -3.344443026876971453e-06 -5.484655422624762663e-06
4.599999904632568359e+00 -3.288120002301590997e-06 -5.465618045781606373e-06
4.610000133514404297e+00 -3.230406654356144127e-06 -5.439557588981560703e-06
4.619999885559082031e+00 -3.171556012969770501e-06 -5.406878200915818344e-06
4.630000114440917969e+00 -3.111799888545795866e-06 -5.367974627151382225e-06
4.639999866485595703e+00 -3.051368686192094192e-06 -5.323243018420447782e-06
4.650000095367431641e+00 -2.990468757233835787e-06 -5.273065402394050770e-06
4.659999847412109375e+00 -2.929305530522785348e-06 -5.217825945993009579e-06
4.670000076293945312e+00 -2.868060478440254805e-06 -5.157891241172392467e-06
4.679999828338623047e+00 -2.806914585713249217e-06 -5.093630693912180035e-06
4.690000057220458984e+00 -2.746025227538522984e-06 -5.025393196804714840e-06
4.699999809265136719e+00 -2.685549682904776422e-06 -4.953531072477145668e-06
4.710000038146972656e+00 -2.625622185570679780e-06 -4.878373681345669368e-06
4.719999790191650391e+00 -2.566377226029301283e-06 -4.800254372263662395e-06
4.730000019073486328e+00 -2.507927000382297159e-06 -4.719481546180270696e-06
4.739999771118164062e+00 -2.450384280773333474e-06 -4.636368094921808882e-06
4.750000000000000000e+00 -2.393840452962677984e-06 -4.551200411301102053e-06
4.759999752044677734e+00 -2.338387769121633002e-06 -4.464269827553690720e-06
4.769999980926513672e+00 -2.284098132304770791e-06 -4.375840030242558303e-06
4.779999732971191406e+00 -2.231044577719749444e-06 -4.286180042364168220e-06
4.789999961853027344e+00 -2.179280931543223411e-06 -4.195530467781491638e-06
4.799999713897705078e+00 -2.128862397024934459e-06 -4.104137594856706927e-06
4.809999942779541016e+00 -2.079826186304075820e-06 -4.012218860580280790e-06
4.819999694824218750e+00 -2.032211115842330199e-06 -3.919997688256112939e-06
4.829999923706054688e+00 -1.986039283297637645e-06 -3.827668526550400496e-06
4.839999675750732422e+00 -1.941334602678488530e-06 -3.735432068733502708e-06
4.849999904632568359e+00 -1.898105573958021450e-06 -3.643460186920309902e-06
4.859999656677246094e+00 -1.856362712042565072e-06 -3.551931215339779302e-06
4.869999885559082031e+00 -1.816102434715930675e-06 -3.460995065453270386e-06
4.880000114440917969e+00 -1.777321546894431355e-06 -3.370804009669299619e-06
4.889999866485595703e+00 -1.740011323022236689e-06 -3.281499632006795095e-06
4.900000095367431641e+00 -1.704152853429102334e-06 -3.193200434141634357e-06
4.909999847412109375e+00 -1.669729686995488795e-06 -3.106031762539244692e-06
4.920000076293945312e+00 -1.636714503161291722e-06 -3.020092406293997810e-06
4.929999828338623047e+00 -1.605082596892333822e-06 -2.935488094562571654e-06
4.940000057220458984e+00 -1.574799618484897388e-06 -2.852299016185770017e-06
4.949999809265136719e+00 -1.545833978794757988e-06 -2.770612365919871489e-06
4.960000038146972656e+00 -1.518145611832584351e-06 -2.690490929007172604e-06
4.969999790191650391e+00 -1.491697344949604346e-06 -2.612004535338063743e-06
4.980000019073486328e+00 -1.466444629613033800e-06 -2.535199824689491688e-06
4.989999771118164062e+00 -1.442345930939372775e-06 -2.460130495352389995e-06
5.000000000000000000e+00 -1.419353364419587023e-06 -2.386828340162392792e-06
5.009999752044677734e+00 -1.397422166990007342e-06 -2.315332201672822315e-06
5.019999980926513672e+00 -1.376502171725494742e-06 -2.245660345458312998e-06
5.029999732971191406e+00 -1.356546428665897619e-06 -2.177838057532769342e-06
5.039999961853027344e+00 -1.337503445434774609e-06 -2.111871399743307162e-06
5.049999713897705078e+00 -1.319325030415750630e-06 -2.047773406779113180e-06
5.059999942779541016e+00 -1.301959224725925749e-06 -1.985539248808425558e-06
5.069999694824218750e+00 -1.285357443189322986e-06 -1.925171005070119471e-06
5.079999923706054688e+00 -1.269468021917994845e-06 -1.866654241229608167e-06
5.089999675750732422e+00 -1.254242733993501356e-06 -1.809981354197672450e-06
5.099999904632568359e+00 -1.239630876934507037e-06 -1.755129555964393274e-06
5.109999656677246094e+00 -1.225585240179154241e-06 -1.702082799959105512e-06
5.119999885559082031e+00 -1.212056657791831398e-06 -1.650811149318688770e-06
5.130000114440917969e+00 -1.198998891756513690e-06 -1.601288988709962577e-06
5.139999866485595703e+00 -1.186366637921661399e-06 -1.553487343662765555e-06
5.150000095367431641e+00 -1.174113926322076679e-06 -1.507367693223184049e-06
5.159999847412109375e+00 -1.162198389765593532e-06 -1.462897993810345015e-06
5.170000076293945312e+00 -1.150576667714848588e-06 -1.420035338101469285e-06
5.179999828338623047e+00 -1.139209039883019463e-06 -1.378743179421386464e-06
5.190000057220458984e+00 -1.128055054119291100e-06 -1.338975215249402283e-06
5.199999809265136719e+00 -1.117077933814465127e-06 -1.300691383003314939e-06
5.210000038146972656e+00 -1.106240369088141507e-06 -1.263842905746844589e-06
5.219999790191650391e+00 -1.095508759447903656e-06 -1.228387123095163460e-06
5.230000019073486328e+00 -1.084849112005212890e-06 -1.194273631995698349e-06
5.239999771118164062e+00 -1.074231176019410854e-06 -1.161458020970346323e-06
5.250000000000000000e+00 -1.063624396613919160e-06 -1.129889035485426226e-06
5.259999752044677734e+00 -1.053001992668063930e-06 -1.099521286842592530e-06
5.269999980926513672e+00 -1.042336919496731827e-06 -1.070303369564615421e-06
5.279999732971191406e+00 -1.031605936194589871e-06 -1.042189618124598951e-06
5.289999961853027344e+00 -1.020785535863746575e-06 -1.015129102773066784e-06
5.299999713897705078e+00 -1.009856043033662317e-06 -9.890765080633990382e-07
5.309999942779541016e+00 -9.987974752897728525e-07 -9.639819336010522542e-07
5.319999694824218750e+00 -9.875937058633288132e-07 -9.398009680732020718e-07
5.329999923706054688e+00 -9.762282257992904321e-07 -9.164852223434960025e-07
5.339999675750732422e+00 -9.646884013551638937e-07 -8.939916715916783482e-07
5.349999904632568359e+00 -9.529611111489379174e-07 -8.722738499399881437e-07
5.359999656677246094e+00 -9.410371226159663333e-07 -8.512905313994051137e-07
5.369999885559082031e+00 -9.289065838377440303e-07 -8.309975176917792816e-07
5.380000114440917969e+00 -9.165629443507573842e-07 -8.113548044026786479e-07
5.389999866485595703e+00 -9.040012552534220353e-07 -7.923235054696684923e-07
5.400000095367431641e+00 -8.912162834126691832e-07 -7.738633283873947250e-07
5.409999847412109375e+00 -8.782066845638609545e-07 -7.559389096012206419e-07
5.420000076293945312e+00 -8.649700763627247668e-07 -7.385128076536088229e-07
5.429999828338623047e+00 -8.515079493158077153e-07 -7.215523850960189883e-07
5.440000057220458984e+00 -8.378205627738221901e-07 -7.050231828129443689e-07
5.449999809265136719e+00 -8.239120229500436414e-07 -6.888954201349724672e-07
5.460000038146972656e+00 -8.097850030788515469e-07 -6.731376990763397134e-07
5.469999790191650391e+00 -7.954459872425535957e-07 -6.577231738194885591e-07
5.480000019073486328e+00 -7.808998199217491840e-07 -6.426235381430402961e-07
5.489999771118164062e+00 -7.661551106757980066e-07 -6.278149109686493340e-07
5.500000000000000000e+00 -7.512186219637517580e-07 -6.132720649162572521e-07
5.509999752044677734e+00 -7.361008264108435495e-07 -5.989740700574668078e-07
5.519999980926513672e+00 -7.208101449831418246e-07 -5.848987261646448223e-07
5.529999732971191406e+00 -7.053586456276928847e-07 -5.710280022648676827e-07
5.539999961853027344e+00 -6.897561466832430326e-07 -5.573426397523889043e-07
5.549999713897705078e+00 -6.740160430677593426e-07 -5.438274207957461922e-07
5.559999942779541016e+00 -6.581492921570519520e-07 -5.304659139688062772e-07
5.569999694824218750e+00 -6.421703514665327128e-07 -5.172456001457152134e-07
5.579999923706054688e+00 -6.260910661242066009e-07 -5.041527366086138686e-07
5.589999675750732422e+00 -6.099267001069364833e-07 -4.911773647745631394e-07
5.599999904632568359e+00 -5.936897459075280329e-07 -4.783082728543906771e-07
5.609999656677246094e+00 -5.773960298569194796e-07 -4.655379056404889879e-07
5.619999885559082031e+00 -5.610584656279352888e-07 -4.528574096601769674e-07
5.629999637603759766e+00 -5.446932129902661067e-07 -4.402614613549240157e-07
5.639999866485595703e+00 -5.283133974587823577e-07 -4.277433822812385265e-07
5.650000095367431641e+00 -5.119345202328013844e-07 -4.152993066856160393e-07
5.659999847412109375e+00 -4.955720702666218062e-07 -4.029263159486484149e-07
5.670000076293945312e+00 -4.792391396471644015e-07 -3.906206363524098749e-07
5.679999828338623047e+00 -4.629518398988825870e-07 -3.783817125796768381e-07
5.690000057220458984e+00 -4.467230358331672997e-07 -3.662074647142043181e-07
5.699999809265136719e+00 -4.305685191214878689e-07 -3.540989089470407876e-07
5.710000038146972656e+00 -4.145007868049394381e-07 -3.420554653655106986e-07
5.719999790191650391e+00 -3.985351692100779013e-07 -3.300795291684070248e-07
5.730000019073486328e+00 -3.826836745927299092e-07 -3.181718294881654298e-07
5.739999771118164062e+00 -3.669610497293347466e-07 -3.063359507622086342e-07
5.750000000000000000e+00 -3.513787113662042093e-07 -2.945737448441895626e-07
5.759999752044677734e+00 -3.359507185000925381e-07 -2.828898001218639831e-07
5.769999980926513672e+00 -3.206878103733451686e-07 -2.712869109190789793e-07
5.779999732971191406e+00 -3.056032703192976857e-07 -2.597704901588420042e-07
5.789999961853027344e+00 -2.907070890143837467e-07 -2.483441015580120833e-07
5.799999713897705078e+00 -2.760117008157872986e-07 -2.370138101483588858e-07
5.809999942779541016e+00 -2.615262898434727866e-07 -2.257837839802940061e-07
5.819999694824218750e+00 -2.472623809533279683e-07 -2.146605756223803138e-07
5.829999923706054688e+00 -2.332283050199785926e-07 -2.036488010738274897e-07
5.839999675750732422e+00 -2.194346280201008394e-07 -1.927553444249096426e-07
5.849999904632568359e+00 -2.058887906274400303e-07 -1.819851224247718994e-07
5.859999656677246094e+00 -1.926003603245040393e-07 -1.713452038180706394e-07
5.869999885559082031e+00 -1.795758591030301868e-07 -1.608406685310058720e-07
5.879999637603759766e+00 -1.668238250307700460e-07 -1.504786327519780584e-07
5.889999866485595703e+00 -1.543498405060284455e-07 -1.402642120290477700e-07
5.900000095367431641e+00 -1.421608169482454361e-07 -1.302039670083269478e-07
5.909999847412109375e+00 -1.302631062329265899e-07 -1.203043594771421776e-07
5.920000076293945312e+00 -1.186608574688058466e-07 -1.105703420778386617e-07
5.929999828338623047e+00 -1.073599516606335508e-07 -1.010086170750970429e-07
5.940000057220458984e+00 -9.636357648367567747e-08 -9.162390011849914994e-08
5.949999809265136719e+00 -8.567653685548230388e-08 -8.242254365527583791e-08
5.960000038146972656e+00 -7.530106251309464844e-08 -7.340893676986347975e-08
5.969999790191650391e+00 -6.524088658801973996e-08 -6.458899414032554121e-08
5.980000019073486328e+00 -5.549729181931890341e-08 -5.596670033456266613e-08
5.989999771118164062e+00 -4.607295228353268164e-08 -4.754745638125072927e-08
6.000000000000000000e+00 -3.696822252517103690e-08 -3.933477626167534017e-08
6.009999752044677734e+00 -2.818473910292569991e-08 -3.133348380149573322e-08
6.019999980926513672e+00 -1.972195537992132737e-08 -2.354656835878764545e-08
6.029999732971191406e+00 -1.158050100193698008e-08 -1.597822546822370783e-08
6.039999961853027344e+00 -3.758963551135325148e-09 -8.630877873255677945e-09
6.049999713897705078e+00 3.742994520237702333e-09 -1.508054174124991252e-09
6.059999942779541016e+00 1.092760769052785323e-08 5.388419598122565293e-09
6.069999694824218750e+00 1.779613211954161929e-08 1.205570819902183925e-08
6.079999923706054688e+00 2.435157267754511328e-08 1.849260085298875729e-08
6.089999675750732422e+00 3.059604726033010031e-08 2.469697028395394502e-08
6.099999904632568359e+00 3.653327222315418598e-08 3.066822850559495249e-08
6.109999656677246094e+00 4.216616294820871724e-08 3.640495965379569223e-08
6.119999885559082031e+00 4.749908215303608991e-08 4.190719578635433779e-08
6.129999637603759766e+00 5.253567231768587042e-08 4.717422556182089174e-08
6.139999866485595703e+00 5.728087251688216330e-08 5.220668899552604710e-08
6.150000095367431641e+00 6.173918311184001674e-08 5.700478625801795310e-08
6.159999847412109375e+00 6.591542872548996196e-08 6.156907534702335779e-08
6.170000076293945312e+00 6.981527487854653820e-08 6.590106781409594585e-08
6.179999828338623047e+00 7.344384752954499403e-08 7.000172516192564950e-08
6.190000057220458984e+00 7.680720266213805499e-08 7.387310318485904349e-08
6.199999809265136719e+00 7.991092166979148632e-08 7.751677820525980725e-08
6.210000038146972656e+00 8.276137678339486874e-08 8.093531465054233766e-08
6.219999790191650391e+00 8.536452720188830635e-08 8.413086447877016365e-08
6.230000019073486328e+00 8.772698973779567586e-08 8.710646127557161189e-08
6.239999771118164062e+00 8.985502679665695438e-08 8.986478979931803939e-08
6.250000000000000000e+00 9.175543205225273009e-08 9.240931066231999935e-08
6.259999752044677734e+00 9.343470087501763159e-08 9.474319613461688136e-08
6.269999980926513672e+00 9.489974115570519254e-08 9.687029018230377748e-08
6.279999732971191406e+00 9.615721635306939993e-08 9.879420591188967133e-08
6.289999961853027344e+00 9.721409179321526509e-08 1.005191263867327531e-07
6.299999713897705078e+00 9.807714017342225717e-08 1.020490584039854835e-07
6.309999942779541016e+00 9.875333376533646186e-08 1.033884800728982163e-07
6.319999694824218750e+00 9.924950196677269618e-08 1.045417449880845878e-07
6.329999923706054688e+00 9.957257986528823686e-08 1.055135830583570732e-07
6.339999675750732422e+00 9.972940727069279072e-08 1.063086485798701889e-07
6.349999904632568359e+00 9.972684404750864217e-08 1.069318812263601180e-07
6.359999656677246094e+00 9.957170000286640929e-08 1.073881910558809339e-07
6.369999885559082031e+00 9.927072729077210883e-08 1.076826869285035255e-07
6.379999637603759766e+00 9.883067053711271141e-08 1.078204910651613741e-07
6.389999866485595703e+00 9.825814649652768853e-08 1.078068424786064275e-07
6.399999618530273438e+00 9.755980387831858049e-08 1.076470333631733418e-07
6.409999847412109375e+00 9.674210026561437741e-08 1.073463953664246173e-07
6.420000076293945312e+00 9.581151430686332958e-08 1.069103258991646324e-07
6.429999828338623047e+00 9.477446453799636575e-08 1.063442849573624169e-07
6.440000057220458984e+00 9.363713155030324248e-08 1.056536758732373937e-07
6.449999809265136719e+00 9.240581096134618386e-08 1.048440399444999878e-07
6.460000038146972656e+00 9.108647605314103925e-08 1.039207852783827074e-07
6.469999790191650391e+00 8.968524137949001659e-08 1.028894856365806382e-07
6.480000019073486328e+00 8.820785616062137404e-08 1.017555208090162497e-07
6.489999771118164062e+00 8.666023293000193303e-08 1.005244602859344953e-07
6.500000000000000000e+00 8.504788073223762562e-08 9.920162351762526135e-08
6.509999752044677734e+00 8.337648978804463840e-08 9.779254007933983566e-08
6.519999980926513672e+00 8.165131327468124883e-08 9.630243816468980543e-08
6.529999732971191406e+00 7.987779938890004473e-08 9.473677299161459253e-08
6.539999961853027344e+00 7.806093018683141790e-08 9.310065180859592777e-08
6.549999713897705078e+00 7.620589285457737003e-08 9.139942242842072051e-08
6.559999942779541016e+00 7.431738374958127994e-08 8.963804291335241609e-08
6.569999694824218750e+00 7.240031113050964835e-08 8.782172230208569919e-08
6.579999923706054688e+00 7.045907217042099638e-08 8.595524297279404201e-08
6.589999675750732422e+00 6.849827985299002600e-08 8.404364585183726919e-08
6.599999904632568359e+00 6.652202031611354109e-08 8.209151323559695847e-08
6.609999656677246094e+00 6.453459708210469931e-08 8.010369102636902694e-08
6.619999885559082031e+00 6.253977563888670436e-08 7.808453952556370369e-08
6.629999637603759766e+00 6.054153863972558276e-08 7.603868553421726653e-08
6.639999866485595703e+00 5.854332414035475654e-08 7.397024831420073701e-08
6.649999618530273438e+00 5.654878586732033259e-08 7.188361470515396215e-08
6.659999847412109375e+00 5.456103101270021477e-08 6.978264709526944863e-08
6.670000076293945312e+00 5.258328611785581382e-08 6.767137419269845136e-08
6.679999828338623047e+00 5.061860987196918953e-08 6.555369172866423209e-08
6.690000057220458984e+00 4.866961497588797441e-08 6.343305475896140647e-08
6.699999809265136719e+00 4.673912332715284593e-08 6.131318277170474516e-08
6.710000038146972656e+00 4.482942494121924577e-08 5.919724994552875797e-08
6.719999790191650391e+00 4.294301614328869374e-08 5.708869198013500311e-08
6.730000019073486328e+00 4.108187437589539765e-08 5.499039902170278690e-08
6.739999771118164062e+00 3.924818056348608034e-08 5.290551915222115744e-08
6.750000000000000000e+00 3.744361323694974447e-08 5.083665886692624795e-08
6.759999752044677734e+00 3.567005164543694272e-08 4.878667843715545304e-08
6.769999980926513672e+00 3.392889210790743567e-08 4.675790435391735466e-08
6.779999732971191406e+00 3.222172886944010696e-08 4.475291218729597380e-08
6.789999961853027344e+00 3.054969510438606830e-08 4.277375495007081017e-08
6.799999713897705078e+00 2.891411892930820344e-08 4.082272948870419936e-08
6.809999942779541016e+00 2.731589103368633443e-08 3.890162427140058523e-08
6.819999694824218750e+00 2.575609365602724828e-08 3.701246574999451039e-08
6.829999923706054688e+00 2.423539642599728966e-08 3.515678865969706616e-08
6.839999675750732422e+00 2.275465648898757804e-08 3.333635919070590142e-08
6.849999904632568359e+00 2.131434378509298631e-08 3.155247047684261851e-08
6.859999656677246094e+00 1.991511087847448135e-08 2.980663982212220216e-08
6.869999885559082031e+00 1.855724859132143460e-08 2.809993167675359755e-08
6.879999637603759766e+00 1.724122443723940059e-08 2.643362654828167743e-08
6.889999866485595703e+00 1.596716926297074637e-08 2.480857340971512082e-08
6.899999618530273438e+00 1.473538351959887407e-08 2.322582831542083585e-08
6.909999847412109375e+00 1.354585533118916878e-08 2.168603784871083182e-08
6.920000076293945312e+00 1.239868044451479390e-08 2.018997553664226605e-08
6.929999828338623047e+00 1.129388041919666503e-08 1.873830907994955194e-08
6.940000057220458984e+00 1.023125687039751860e-08 1.733140500576252218e-08
6.949999809265136719e+00 9.210758160175388986e-09 1.596981075309375653e-08
6.960000038146972656e+00 8.232076695839150983e-09 1.465372086946233021e-08
6.969999790191650391e+00 7.295040717041063662e-09 1.338349906072417254e-08
6.980000019073486328e+00 6.399243129884800216e-09 1.215917883144760758e-08
6.989999771118164062e+00 5.544401067657009274e-09 1.098095057167517357e-08
7.000000000000000000e+00 4.730015961687970363e-09 9.848697039565407335e-09
7.009999752044677734e+00 3.955701465585417754e-09 8.762445277845250065e-09
7.019999980926513672e+00 3.220874326109476673e-09 7.721937103762071419e-09
7.029999732971191406e+00 2.525051439908419821e-09 6.727045921891682518e-09
7.039999961853027344e+00 1.867570941909672221e-09 5.777382149414504628e-09
7.049999713897705078e+00 1.247859299773543854e-09 4.872675219321526172e-09
7.059999942779541016e+00 6.651819113123640226e-10 4.012413670419880822e-09
7.069999694824218750e+00 1.188812582694834978e-10 3.196192841061092957e-09
7.079999923706054688e+00 -3.918438464141419562e-10 2.423389132050633570e-09
7.089999675750732422e+00 -8.677279156392021414e-10 1.693474092388318134e-09
7.099999904632568359e+00 -1.309631892344394152e-09 1.005722161448964238e-09
7.109999656677246094e+00 -1.718359410467854499e-09 3.594920109318016162e-10
7.119999885559082031e+00 -2.094823392451923824e-09 -2.460331208291924908e-10
7.129999637603759766e+00 -2.439887635405951137e-09 -8.115958094039990161e-10
7.139999866485595703e+00 -2.754508180454754115e-09 -1.338092591793158654e-09
7.149999618530273438e+00 -3.039598899113002431e-09 -1.826354925536410005e-09
7.159999847412109375e+00 -3.296149024115194818e-09 -2.277347045008202497e-09
7.170000076293945312e+00 -3.525121651623836639e-09 -2.691995169128384900e-09
7.179999828338623047e+00 -3.727497548603031579e-09 -3.071261844378537396e-09
7.190000057220458984e+00 -3.904295225123987734e-09 -3.416189059513480817e-09
7.199999809265136719e+00 -4.056503411955871757e-09 -3.727772357915633492e-09
7.210000038146972656e+00 -4.185145706336479814e-09 -4.007089269188323150e-09
7.219999790191650391e+00 -4.291219274888402759e-09 -4.255176852425260481e-09
7.230000019073486328e+00 -4.375741184039875161e-09 -4.473135154146029229e-09
7.239999771118164062e+00 -4.439704819642875781e-09 -4.662029061776907856e-09
7.250000000000000000e+00 -4.484109557269686738e-09 -4.822968492733532938e-09
7.259999752044677734e+00 -4.509933476814881649e-09 -4.957032997721702145e-09
7.269999980926513672e+00 -4.518148014409324494e-09 -5.065330424104784664e-09
7.279999732971191406e+00 -4.509705566891079352e-09 -5.148942690522498141e-09
7.289999961853027344e+00 -4.485540711905642421e-09 -5.208964660405674858e-09
7.299999713897705078e+00 -4.446571314199201120e-09 -5.246469493794027229e-09
7.309999942779541016e+00 -4.393687840408125380e-09 -5.262529459928837752e-09
7.319999694824218750e+00 -4.327766597709379708e-09 -5.258199261522853891e-09
7.329999923706054688e+00 -4.249648578556240597e-09 -5.234520470588491090e-09
7.339999675750732422e+00 -4.160163498448605921e-09 -5.192521234218301495e-09
7.349999904632568359e+00 -4.060099506654495888e-09 -5.133205962950720019e-09
7.359999656677246094e+00 -3.950236719588326755e-09 -5.057569834008100564e-09
7.369999885559082031e+00 -3.831309031375335108e-09 -4.966575298798731275e-09
7.379999637603759766e+00 -3.704045886622272424e-09 -4.861179830792185316e-09
7.389999866485595703e+00 -3.569127307720097364e-09 -4.742300729463396973e-09
7.399999618530273438e+00 -3.427232705171640718e-09 -4.610854600960322646e-09
7.409999847412109375e+00 -3.278990136997643193e-09 -4.467711858351920886e-09
7.419999599456787109e+00 -3.125031008595080117e-09 -4.313746463588157985e-09
7.429999828338623047e+00 -2.965934482388321907e-09 -4.149781439996768121e-09
7.440000057220458984e+00 -2.802279080184256551e-09 -3.976638997964960044e-09
7.449999809265136719e+00 -2.634622596022625842e-09 -3.795120608871843569e-09
7.460000038146972656e+00 -2.463478119256630317e-09 -3.605979270742833673e-09
7.469999790191650391e+00 -2.289371393533941515e-09 -3.409981251513211364e-09
7.480000019073486328e+00 -2.112776608741661226e-09 -3.207834394563761810e-09
7.489999771118164062e+00 -1.934183626237727672e-09 -3.000263029541263202e-09
7.500000000000000000e+00 -1.754031569051789376e-09 -2.787931319741990368e-09
7.509999752044677734e+00 -1.572777612208556648e-09 -2.571522576283537626e-09
7.519999980926513672e+00 -1.390829021670213751e-09 -2.351658660261290175e-09
7.529999732971191406e+00 -1.208612753333735021e-09 -2.128982601540414020e-09
7.539999961853027344e+00 -1.026506565186640386e-09 -1.904075019724102230e-09
7.549999713897705078e+00 -8.449087437301597048e-10 -1.677539029759393013e-09
7.559999942779541016e+00 -6.641688966264401904e-10 -1.449914604391157795e-09
7.569999694824218750e+00 -4.846571970636655721e-10 -1.221764828405778255e-09
7.579999923706054688e+00 -3.066954483114769217e-10 -9.935890838444340987e-10
7.589999675750732422e+00 -1.306253092361992965e-10 -7.659097998705985878e-10
7.599999904632568359e+00 4.325979656895858699e-11 -5.391852984540296554e-10
7.609999656677246094e+00 2.146479443724933164e-10 -3.138962674731741098e-10
7.619999885559082031e+00 3.832754025361324243e-10 -9.045906149715634180e-11
7.629999637603759766e+00 5.488617927375823787e-10 1.306887948707442136e-10
7.639999866485595703e+00 7.111748658507451226e-10 3.491741061479050890e-10
7.649999618530273438e+00 8.699679085248162711e-10 5.646040897946127241e-10
7.659999847412109375e+00 1.025042117247375299e-09 7.766499850132996545e-10
7.669999599456787109e+00 1.176186548764680393e-09 9.849652686726637855e-10
7.679999828338623047e+00 1.323237659329035539e-09 1.189266747597669978e-09
7.690000057220458984e+00 1.466028751537117645e-09 1.389264810936914332e-09
7.699999809265136719e+00 1.604412783535588129e-09 1.584694304248205197e-09
7.710000038146972656e+00 1.738281427747005353e-09 1.775341636827558925e-09
7.719999790191650391e+00 1.867519479869594499e-09 1.960980099181393958e-09
7.730000019073486328e+00 1.992055840521101372e-09 2.141442418680144438e-09
7.739999771118164062e+00 2.111814040772150536e-09 2.316549752060564551e-09
7.750000000000000000e+00 2.226759407331416423e-09 2.486180144149746338e-09
7.759999752044677734e+00 2.336852925105681786e-09 2.650201297801995627e-09
7.769999980926513672e+00 2.442094480390506893e-09 2.808534676619832908e-09
7.779999732971191406e+00 2.542480137754906806e-09 2.961092263044266082e-09
7.789999961853027344e+00 2.638041435620483898e-09 3.107836135527134640e-09
7.799999713897705078e+00 2.728806122582272474e-09 3.248719374664156124e-09
7.809999942779541016e+00 2.814833553418548236e-09 3.383741028707037685e-09
7.819999694824218750e+00 2.896178901325628361e-09 3.512891283305363858e-09
7.829999923706054688e+00 2.972924765948982271e-09 3.636201804880895497e-09
7.839999675750732422e+00 3.045148849860893471e-09 3.753695245664998399e-09
7.849999904632568359e+00 3.112951944025201530e-09 3.865431023151343846e-09
7.859999656677246094e+00 3.176429029712664733e-09 3.971459191304083907e-09
7.869999885559082031e+00 3.235693844603089880e-09 4.071861767979903622e-09
7.879999637603759766e+00 3.290853346232033798e-09 4.166710965895552503e-09
7.889999866485595703e+00 3.342029088260073317e-09 4.256106224594731684e-09
7.899999618530273438e+00 3.389334955646224273e-09 4.340136757041241028e-09
7.909999847412109375e+00 3.432895590417623231e-09 4.418914471526363559e-09
7.919999599456787109e+00 3.472827287094074819e-09 4.492540757609216370e-09
7.929999828338623047e+00 3.509253705084093163e-09 4.561135500998658919e-09
7.940000057220458984e+00 3.542291286931912180e-09 4.624810920818653870e-09
7.949999809265136719e+00 3.572054999438866549e-09 4.683682282394848268e-09
7.960000038146972656e+00 3.598661289794932638e-09 4.737874491009107244e-09
7.969999790191650391e+00 3.622218079679773215e-09 4.787502333709001041e-09
7.980000019073486328e+00 3.642834619953823704e-09 4.832690624595939207e-09
7.989999771118164062e+00 3.660612287001744390e-09 4.873554804726277446e-09
8.000000000000000000e+00 3.675652395974557560e-09 4.910217873407493864e-09
8.010000228881835938e+00 3.688049965709212298e-09 4.942796004039723773e-09
8.019999504089355469e+00 3.697896561051339734e-09 4.971403867545552970e-09
8.029999732971191406e+00 3.705283124707806320e-09 4.996163079505876952e-09
8.039999961853027344e+00 3.710294668954039147e-09 5.017185893043706411e-09
8.050000190734863281e+00 3.713014643686684612e-09 5.034586595805385968e-09
8.059999465942382812e+00 3.713524360636709660e-09 5.048477611253593693e-09
8.069999694824218750e+00 3.711903438789943118e-09 5.058974685512345373e-09
8.079999923706054688e+00 3.708230006199160473e-09 5.066189211907013879e-09
8.090000152587890625e+00 3.702581581551905658e-09 5.070234129686300613e-09
8.099999427795410156e+00 3.695036201190052050e-09 5.071222763250463375e-09
8.109999656677246094e+00 3.685669804652708645e-09 5.069269181322755972e-09
8.119999885559082031e+00 3.674560969139607005e-09 5.064487901795527771e-09
8.130000114440917969e+00 3.661788557446549101e-09 5.056994770353761861e-09
8.139999389648437500e+00 3.647434081638541050e-09 5.046907983873519299e-09
8.149999618530273438e+00 3.631576295120199396e-09 5.034344120571559427e-09
8.159999847412109375e+00 3.614299561931048511e-09 5.019423997580309409e-09
8.170000076293945312e+00 3.595688583879960457e-09 5.002269059725410246e-09
8.179999351501464844e+00 3.575831623360057513e-09 4.983004087374327399e-09
8.189999580383300781e+00 3.554812700536181868e-09 4.961749505297161659e-09
8.199999809265136719e+00 3.532722779521598185e-09 4.938632214434520699e-09
8.210000038146972656e+00 3.509652035066744212e-09 4.913778150524553062e-09
8.220000267028808594e+00 3.485691348439107084e-09 4.887313676408450855e-09
8.229999542236328125e+00 3.460934298704612089e-09 4.859367906242359536e-09
8.239999771118164062e+00 3.435467180755197885e-09 4.830061440021158423e-09
8.250000000000000000e+00 3.409382680096723898e-09 4.799521866239788561e-09
8.260000228881835938e+00 3.382769955431779801e-09 4.767872685236514372e-09
8.269999504089355469e+00 3.355719001575062481e-09 4.735238493358577424e-09
8.279999732971191406e+00 3.328309717854724918e-09 4.701731854865091958e-09
8.289999961853027344e+00 3.300626835948635201e-09 4.667471409353370672e-09
8.300000190734863281e+00 3.272749085478342679e-09 4.632568928344120329e-09
8.309999465942382812e+00 3.244753910183274514e-09 4.597135231498263308e-09
8.319999694824218750e+00 3.216706299029884035e-09 4.561266097301043566e-09
8.329999923706054688e+00 3.188674391391719619e-09 4.525062079319643374e-09
8.340000152587890625e+00 3.160718436774514149e-09 4.488614607393912817e-09
8.349999427795410156e+00 3.132895811292022156e-09 4.452012481703891248e-09
8.359999656677246094e+00 3.105250196528927913e-09 4.415327606842789944e-09
8.369999885559082031e+00 3.077827369604847114e-09 4.378635739477385361e-09
8.380000114440917969e+00 3.050664515695059025e-09 4.342002403091490799e-09
8.389999389648437500e+00 3.023795466341389792e-09 4.305489804705126704e-09
8.399999618530273438e+00 2.997240590351638846e-09 4.269142958654914944e-09
8.409999847412109375e+00 2.971022368635243345e-09 4.233010715741522365e-09
8.420000076293945312e+00 2.945155385385125583e-09 4.197132026025156145e-09
8.429999351501464844e+00 2.919651664459882718e-09 4.161543095572372089e-09
8.439999580383300781e+00 2.894511382932598578e-09 4.126264196778092504e-09
8.449999809265136719e+00 2.869737930521691376e-09 4.091320463411450294e-09
8.460000038146972656e+00 2.845328655163076633e-09 4.056728764870150521e-09
8.470000267028808594e+00 2.821277858737520948e-09 4.022501643536334411e-09
8.479999542236328125e+00 2.797579611019329593e-09 3.988651090167607440e-09
8.489999771118164062e+00 2.774219325680333464e-09 3.955176255772489447e-09
8.500000000000000000e+00 2.751187904690870159e-09 3.922083427056933507e-09
8.510000228881835938e+00 2.728473238784351536e-09 3.889373680493734632e-09
8.519999504089355469e+00 2.706065160051811586e-09 3.857049788296354246e-09
8.529999732971191406e+00 2.683947442886808010e-09 3.825104496046327041e-09
8.539999961853027344e+00 2.662111104501332806e-09 3.793539560593211973e-09
8.550000190734863281e+00 2.640546256991978623e-09 3.762353879564993011e-09
8.559999465942382812e+00 2.619246649685398599e-09 3.731549959646952935e-09
8.569999694824218750e+00 2.598201875453281907e-09 3.701122587801700411e-09
8.579999923706054688e+00 2.577409797839783537e-09 3.671076780952592185e-09
8.590000152587890625e+00 2.556868569067735728e-09 3.641416249865291226e-09
8.599999427795410156e+00 2.536580691733920609e-09 3.612149305082406097e-09
8.609999656677246094e+00 2.516545325519638706e-09 3.583277831410849290e-09
8.619999885559082031e+00 2.496769849125934176e-09 3.554814064207031023e-09
8.630000114440917969e+00 2.477261979924673950e-09 3.526769339130703661e-09
8.639999389648437500e+00 2.458033362778245853e-09 3.499159398257568397e-09
8.649999618530273438e+00 2.439092023754993012e-09 3.471993714482620268e-09
8.659999847412109375e+00 2.420453089087699363e-09 3.445291051310453156e-09
8.670000076293945312e+00 2.402131093235838277e-09 3.419068592329871642e-09
8.679999351501464844e+00 2.384143163498226648e-09 3.393346685855645645e-09
8.689999580383300781e+00 2.366501802892318284e-09 3.368138706034778786e-09
8.699999809265136719e+00 2.349224785139216974e-09 3.343465376483114995e-09
8.710000038146972656e+00 2.332327854234116788e-09 3.319344496301249508e-09
8.720000267028808594e+00 2.315826054911323093e-09 3.295792999516329272e-09
8.729999542236328125e+00 2.299734862312890895e-09 3.272828707813251271e-09
8.739999771118164062e+00 2.284063718940076092e-09 3.250461230874334314e-09
8.750000000000000000e+00 2.268824913820352459e-09 3.228704742597830454e-09
8.760000228881835938e+00 2.254027110105024713e-09 3.207568829130411779e-09
8.769999504089355469e+00 2.239678000157134173e-09 3.187062344559266545e-09
8.779999732971191406e+00 2.225778676146392229e-09 3.167185406704125448e-09
8.789999961853027344e+00 2.212331699095411076e-09 3.147940948428859019e-09
8.800000190734863281e+00 2.199335495605055184e-09 3.129326710046188952e-09
8.809999465942382812e+00 2.186786895020203862e-09 3.111338848965211298e-09
8.819999694824218750e+00 2.174676415637472980e-09 3.093965140801640666e-09
8.829999923706054688e+00 2.162995530819234527e-09 3.077195337973802071e-09
8.840000152587890625e+00 2.151731981576847891e-09 3.061014379572728985e-09
8.849999427795410156e+00 2.140872202181513658e-09 3.045405787551861571e-09
8.859999656677246094e+00 2.130397453308658777e-09 3.030346013188651181e-09
8.869999885559082031e+00 2.120290310657752373e-09 3.015813661929967796e-09
8.880000114440917969e+00 2.110530794485053677e-09 3.001783825282767482e-09
8.889999389648437500e+00 2.101098644674606353e-09 2.988231243045386060e-09
8.899999618530273438e+00 2.091970107141447890e-09 2.975125582023957517e-09
8.909999847412109375e+00 2.083123691643362449e-09 2.962439609764992692e-09
8.920000076293945312e+00 2.074536909506395935e-09 2.950144413267211538e-09
8.929999351501464844e+00 2.066188333495785708e-09 2.938212268349696416e-09
8.939999580383300781e+00 2.058054780355929754e-09 2.926612545116189670e-09
8.949999809265136719e+00 2.050116408987170985e-09 2.915318937496855568e-09
8.960000038146972656e+00 2.042353810471156595e-09 2.904305258019357643e-09
8.970000267028808594e+00 2.034749077043636086e-09 2.893546937264736038e-09
8.979999542236328125e+00 2.027286728820748208e-09 2.883022318734366340e-09
8.989999771118164062e+00 2.019951059307518725e-09 2.872708921308734400e-09
9.000000000000000000e+00 2.012730535093541246e-09 2.862589660689061170e-09
9.010000228881835938e+00 2.005615019835768348e-09 2.852648959772359055e-09
9.019999504089355469e+00 1.998597190337733087e-09 2.842874774214807487e-09
9.029999732971191406e+00 1.991669851709960132e-09 2.833254905486073812e-09
9.039999961853027344e+00 1.984829887670060295e-09 2.823782559198412948e-09
9.050000190734863281e+00 1.978075463315546171e-09 2.814452508924247632e-09
9.059999465942382812e+00 1.971407177649324928e-09 2.805262758813408770e-09
9.069999694824218750e+00 1.964825335333710021e-09 2.796210851027074253e-09
9.079999923706054688e+00 1.958333537693096514e-09 2.787298878921786673e-09
9.090000152587890625e+00 1.951935877450882090e-09 2.778529681770092210e-09
9.099999427795410156e+00 1.945637900544424705e-09 2.769908223902829553e-09
9.109999656677246094e+00 1.939443923758284529e-09 2.761437974418884635e-09
9.119999885559082031e+00 1.933360343069713881e-09 2.753125479551603289e-09
9.130000114440917969e+00 1.927392923483048366e-09 2.744976687934521021e-09
9.139999389648437500e+00 1.921547664280836031e-09 2.736998160794838711e-09
9.149999618530273438e+00 1.915828302642101179e-09 2.729193682256317531e-09
9.159999847412109375e+00 1.910239399256884127e-09 2.721568479016579852e-09
9.170000076293945312e+00 1.904783861247039648e-09 2.714125838031662616e-09
9.179999351501464844e+00 1.899463801754258117e-09 2.706868269611745540e-09
9.189999580383300781e+00 1.894278352215387055e-09 2.699794504455454956e-09
9.199999809265136719e+00 1.889226574141748667e-09 2.692903439753981283e-09
9.210000038146972656e+00 1.884305323435349241e-09 2.686191192917374961e-09
9.220000267028808594e+00 1.879509714502430521e-09 2.679651696394179988e-09
9.229999542236328125e+00 1.874833552882631917e-09 2.673277244605055303e-09
9.239999771118164062e+00 1.870267598050393669e-09 2.667056080402248008e-09
9.250000000000000000e+00 1.865802315134863095e-09 2.660976099128295610e-09
9.260000228881835938e+00 1.861426196058607921e-09 2.655022512430100729e-09
9.269999504089355469e+00 1.857126770422717687e-09 2.649179178327501406e-09
9.279999732971191406e+00 1.852889158342760786e-09 2.643426592242275037e-09
9.289999961853027344e+00 1.848698742179263580e-09 2.637745479374390111e-09
9.300000190734863281e+00 1.844539757045020189e-09 2.632114844521056941e-09
9.309999465942382812e+00 1.840396354502848704e-09 2.626513386843240003e-09
9.319999694824218750e+00 1.836251289975998424e-09 2.620917706676016085e-09
9.329999923706054688e+00 1.832088564774567584e-09 2.615305865010647287e-09
9.340000152587890625e+00 1.827892118647666525e-09 2.609655610340374016e-09
9.349999427795410156e+00 1.823646901062949058e-09 2.603945826963393629e-09
9.359999656677246094e+00 1.819337502432901421e-09 2.598154706376851992e-09
9.369999885559082031e+00 1.814950820141741282e-09 2.592263351574516100e-09
9.380000114440917969e+00 1.810474662879035345e-09 2.586253924399271089e-09
9.389999389648437500e+00 1.805898784314112180e-09 2.580111065384656546e-09
9.399999618530273438e+00 1.801213288523095901e-09 2.573819788616845040e-09
9.409999847412109375e+00 1.796411373879310505e-09 2.567369203793613399e-09
9.420000076293945312e+00 1.791487690240797272e-09 2.560750352130147635e-09
9.429999351501464844e+00 1.786439311122927577e-09 2.553957555354054503e-09
9.439999580383300781e+00 1.781263813234759190e-09 2.546985873079875610e-09
9.449999809265136719e+00 1.775962143786370819e-09 2.539835001272926167e-09
9.460000038146972656e+00 1.770536648761011176e-09 2.532506658163006793e-09
9.469999313354492188e+00 1.764991989981060558e-09 2.525005856943873604e-09
9.479999542236328125e+00 1.759332893298266075e-09 2.517337889446433595e-09
9.489999771118164062e+00 1.753567168151569156e-09 2.509512436597216427e-09
9.500000000000000000e+00 1.747703421944580239e-09 2.501540497333180233e-09
9.510000228881835938e+00 1.741751383358302884e-09 2.493434838795141328e-09
9.519999504089355469e+00 1.735722261469243183e-09 2.485210495587694222e-09
9.529999732971191406e+00 1.729626208654679267e-09 2.476881309510569304e-09
9.539999961853027344e+00 1.723475535209684486e-09 2.468464309461563678e-09
9.550000190734863281e+00 1.717282178034537264e-09 2.459976247876438835e-09
9.559999465942382812e+00 1.711058630805784739e-09 2.451434855917818410e-09
9.569999694824218750e+00 1.704815341179951260e-09 2.442855247752398193e-09
9.579999923706054688e+00 1.698564060237711304e-09 2.434254489749442742e-09
9.590000152587890625e+00 1.692315273628975791e-09 2.425648043674677648e-09
9.599999427795410156e+00 1.686079212858157821e-09 2.417051122240490310e-09
9.609999656677246094e+00 1.679863326910783961e-09 2.408475165388864027e-09
9.619999885559082031e+00 1.673675728799154357e-09 2.399932552926384258e-09
9.630000114440917969e+00 1.667522719129112783e-09 2.391433151897158642e-09
9.639999389648437500e+00 1.661409899717759278e-09 2.382985815107132223e-09
9.649999618530273438e+00 1.655339811761636805e-09 2.374595080528605275e-09
9.659999847412109375e+00 1.649315432790265452e-09 2.366265970482243791e-09
9.670000076293945312e+00 1.643337868535149841e-09 2.358000772721494776e-09
9.679999351501464844e+00 1.637407559254991429e-09 2.349800683212746361e-09
9.689999580383300781e+00 1.631522105196679495e-09 2.341662780179505983e-09
9.699999809265136719e+00 1.625679768414558764e-09 2.333584853448477940e-09
9.710000038146972656e+00 1.619877336105642707e-09 2.325562443831511861e-09
9.719999313354492188e+00 1.614111383185999316e-09 2.317590589557726791e-09
9.729999542236328125e+00 1.608376237412264905e-09 2.309661020719760517e-09
9.739999771118164062e+00 1.602667448639514149e-09 2.301766970290161258e-09
9.750000000000000000e+00 1.596979762925607304e-09 2.293900394331283939e-09
9.760000228881835938e+00 1.591307850519144855e-09 2.286053005515659458e-09
9.769999504089355469e+00 1.585647020906610383e-09 2.278217295250988170e-09
9.779999732971191406e+00 1.579991230967658359e-09 2.270383812721121039e-09
9.789999961853027344e+00 1.574336480656953045e-09 2.262545905042307048e-09
9.800000190734863281e+00 1.568678794427563216e-09 2.254696965935839993e-09
9.809999465942382812e+00 1.563015427633246799e-09 2.246832151908196121e-09
9.819999694824218750e+00 1.557342808888763318e-09 2.238945567008636478e-09
9.829999923706054688e+00 1.551659862670467194e-09 2.231034918750207327e-09
9.840000152587890625e+00 1.545965908187284939e-09 2.223098640632800661e-09
9.849999427795410156e+00 1.540261775946197800e-09 2.215137482554645793e-09
9.859999656677246094e+00 1.534547638436897964e-09 2.207151513362942980e-09
9.869999885559082031e+00 1.528826256096414407e-09 2.199144676902969695e-09
9.880000114440917969e+00 1.523100760228590450e-09 2.191121718211017600e-09
9.889999389648437500e+00 1.517375675654922993e-09 2.183089627056348711e-09
9.899999618530273438e+00 1.511654649605379303e-09 2.175054456218475449e-09
9.909999847412109375e+00 1.505943621504901547e-09 2.167025766414012076e-09
9.920000076293945312e+00 1.500248514990869132e-09 2.159013378913333382e-09
9.929999351501464844e+00 1.494576186608837223e-09 2.151028690681851928e-09
9.939999580383300781e+00 1.488932116782178371e-09 2.143081398596412679e-09
9.949999809265136719e+00 1.483323502474499926e-09 2.135183821000309226e-09
9.960000038146972656e+00 1.477756932932375585e-09 2.127347587512319156e-09
9.969999313354492188e+00 1.472239298929412661e-09 2.119584873746984056e-09
9.979999542236328125e+00 1.466775539484124427e-09 2.111905182424198404e-09
9.989999771118164062e+00 1.461371654836663180e-09 2.104319529927999101e-09
1.000000000000000000e+01 1.456032461644651970e-09 2.096837232246779124e-09
1.001000022888183594e+01 1.450762000758911411e-09 2.089466422693674373e-09
1.001999950408935547e+01 1.445563924888502185e-09 2.082214534656794934e-09
1.002999973297119141e+01 1.440439436714047587e-09 2.075085371376164637e-09
1.003999996185302734e+01 1.435390198126999848e-09 2.068083112858096534e-09
1.005000019073486328e+01 1.430416296268365712e-09 2.061209428699822938e-09
1.005999946594238281e+01 1.425517185402259408e-09 2.054464741354054935e-09
1.006999969482421875e+01 1.420689826518885717e-09 2.047845632373357251e-09
1.007999992370605469e+01 1.415931515149825278e-09 2.041348708832887891e-09
1.009000015258789062e+01 1.411238051565303215e-09 2.034968063744945345e-09
1.009999942779541016e+01 1.406604717911415914e-09 2.028696602719178406e-09
1.010999965667724609e+01 1.402024603158517310e-09 2.022523782889052828e-09
1.011999988555908203e+01 1.397491357094517716e-09 2.016439354169977855e-09
1.013000011444091797e+01 1.392997536341044780e-09 2.010431141915125949e-09
1.013999938964843750e+01 1.388535603917942717e-09 2.004486424863802303e-09
1.014999961853027344e+01 1.384096370414426760e-09 1.998589906011972465e-09
1.015999984741210938e+01 1.379671692708833838e-09 1.992727361717529937e-09
1.017000007629394531e+01 1.375252918806186845e-09 1.986883629067979112e-09
1.017999935150146484e+01 1.370831886844173256e-09 1.981043999802186425e-09
1.018999958038330078e+01 1.366399384420292809e-09 1.975192258941641242e-09
1.019999980926513672e+01 1.361947817790204203e-09 1.969314285657494495e-09
1.021000003814697266e+01 1.357469657426458517e-09 1.963396076528080165e-09
1.021999931335449219e+01 1.352958411476235738e-09 1.957425109491199410e-09
1.022999954223632812e+01 1.348407007114992772e-09 1.951388274047401940e-09
1.023999977111816406e+01 1.343810461013530050e-09 1.945275474737260070e-09
1.025000000000000000e+01 1.339164234957425739e-09 1.939077519905821355e-09
1.026000022888183594e+01 1.334464718113022038e-09 1.932786816415739347e-09
1.026999950408935547e+01 1.329709717402003691e-09 1.926398077591646704e-09
1.027999973297119141e+01 1.324896652908988466e-09 1.919905935307133431e-09
1.028999996185302734e+01 1.320025273811792877e-09 1.913308617870438338e-09
1.030000019073486328e+01 1.315095825282940076e-09 1.906605507990506099e-09
1.030999946594238281e+01 1.310109935679391931e-09 1.899798352933341567e-09
1.031999969482421875e+01 1.305068649368630312e-09 1.892888573833720858e-09
1.032999992370605469e+01 1.299975206050916977e-09 1.885881047283391661e-09
1.034000015258789062e+01 1.294833055771497116e-09 1.878781374450613958e-09
1.034999942779541016e+01 1.289646730062178443e-09 1.871597046977786775e-09
1.035999965667724609e+01 1.284419751450527709e-09 1.864334508781404907e-09
1.036999988555908203e+01 1.279157488421555490e-09 1.857003063098499958e-09
1.038000011444091797e+01 1.273865063763885390e-09 1.849611922422193549e-09
1.038999938964843750e+01 1.268548237617675939e-09 1.842171378351939621e-09
1.039999961853027344e+01 1.263211260486090053e-09 1.834689732998792388e-09
1.040999984741210938e+01 1.257859804911263266e-09 1.827177336992446599e-09
1.042000007629394531e+01 1.252498834316894861e-09 1.819643542344659562e-09
1.042999935150146484e+01 1.247133524657928868e-09 1.812097929995420376e-09
1.043999958038330078e+01 1.241767131887406106e-09 1.804547247664090227e-09
1.044999980926513672e+01 1.236403990235401314e-09 1.796999568158251394e-09
1.046000003814697266e+01 1.231047406773662304e-09 1.789461275078086196e-09
1.046999931335449219e+01 1.225700637885377050e-09 1.781938388979743867e-09
1.047999954223632812e+01 1.220364822444858320e-09 1.774433620183903177e-09
1.048999977111816406e+01 1.215042028701821216e-09 1.766950625169993243e-09
1.050000000000000000e+01 1.209733216525922689e-09 1.759491117945033463e-09
1.051000022888183594e+01 1.204438765761228891e-09 1.752055602296718349e-09
1.051999950408935547e+01 1.199159012148395630e-09 1.744644123285837294e-09
1.052999973297119141e+01 1.193892280166286798e-09 1.737253515913217960e-09
1.053999996185302734e+01 1.188637962236287494e-09 1.729881747589138022e-09
1.055000019073486328e+01 1.183394571920736206e-09 1.722525215067281145e-09
1.055999946594238281e+01 1.178160823572817775e-09 1.715180299392760052e-09
1.056999969482421875e+01 1.172933720020173517e-09 1.707840729724401735e-09
1.057999992370605469e+01 1.167711635041979248e-09 1.700501963871898356e-09
1.059000015258789062e+01 1.162492406321047811e-09 1.693158573370230786e-09
1.059999942779541016e+01 1.157274422268673234e-09 1.685805837494004088e-09
1.060999965667724609e+01 1.152054719853400747e-09 1.678437129991222871e-09
1.061999988555908203e+01 1.146832053666203742e-09 1.671048312826673284e-09
1.063000011444091797e+01 1.141604983176124284e-09 1.663635111486041125e-09
1.063999938964843750e+01 1.136372938947791873e-09 1.656194691655001309e-09
1.064999961853027344e+01 1.131134286247316360e-09 1.648722966549779275e-09
1.065999984741210938e+01 1.125889368233517558e-09 1.641218982403678138e-09
1.067000007629394531e+01 1.120638547422420138e-09 1.633682186917111219e-09
1.067999935150146484e+01 1.115383230787685680e-09 1.626113940178803006e-09
1.068999958038330078e+01 1.110123875416443959e-09 1.618514674922528196e-09
1.069999980926513672e+01 1.104862994228107779e-09 1.610888250300815673e-09
1.071000003814697266e+01 1.099603136039130977e-09 1.603239060225015551e-09
1.071999931335449219e+01 1.094347859694669883e-09 1.595573449558848207e-09
1.072999954223632812e+01 1.089099689451500007e-09 1.587896723276617229e-09
1.073999977111816406e+01 1.083863071560380526e-09 1.580217442372517488e-09
1.075000000000000000e+01 1.078642308024349688e-09 1.572544384533709212e-09
1.076000022888183594e+01 1.073441988708351828e-09 1.564887135761011041e-09
1.076999950408935547e+01 1.068267407209766470e-09 1.557256658395648737e-09
1.077999973297119141e+01 1.063122508148768920e-09 1.549662209092843558e-09
1.078999996185302734e+01 1.058012764744800886e-09 1.542115521486421997e-09
1.080000019073486328e+01 1.052943115670332078e-09 1.534627697545447819e-09
1.080999946594238281e+01 1.047918852046560312e-09 1.527210444171676182e-09
1.081999969482421875e+01 1.042943621940256263e-09 1.519873053354579881e-09
1.082999992370605469e+01 1.038022227675739842e-09 1.512626456982470278e-09
1.084000015258789062e+01 1.033158631453897597e-09 1.505480206714246660e-09
1.084999942779541016e+01 1.028356826533345089e-09 1.498443681491305627e-09
1.085999965667724609e+01 1.023618954333683088e-09 1.491523260253623998e-09
1.086999988555908203e+01 1.018948005953143869e-09 1.484726216765830113e-09
1.088000011444091797e+01 1.014345948017987435e-09 1.478057913405169391e-09
1.088999938964843750e+01 1.009814587730346500e-09 1.471523008746481266e-09
1.089999961853027344e+01 1.005353837802310557e-09 1.465122917834893400e-09
1.090999984741210938e+01 1.000964308577921631e-09 1.458859520585348981e-09
1.092000007629394531e+01 9.966455833008613638e-10 1.452732652397798718e-09
1.092999935150146484e+01 9.923970774218470086e-10 1.446741323122033573e-09
1.093999958038330078e+01 9.882164575035985598e-10 1.440881496527004396e-09
1.094999980926513672e+01 9.841021147287283467e-10 1.435149596020478564e-09
1.096000003814697266e+01 9.800515891586454326e-10 1.429540308437896238e-09
1.096999931335449219e+01 9.760624149567772722e-10 1.424047804045068892e-09
1.097999954223632812e+01 9.721306696683708008e-10 1.418663794981203758e-09
1.098999977111816406e+01 9.682533267030716852e-10 1.413380835806545177e-09
1.100000000000000000e+01 9.644268009461775349e-10 1.408190387990966428e-09
1.101000022888183594e+01 9.606474070542423637e-10 1.403083528479678519e-09
1.101999950408935547e+01 9.569117883173755323e-10 1.398051609654013803e-09
1.102999973297119141e+01 9.532155686266271245e-10 1.393084530784109140e-09
1.103999996185302734e+01 9.495555595320484673e-10 1.388173796899156047e-09
1.105000019073486328e+01 9.459283965112288336e-10 1.383310766322887050e-09
1.105999946594238281e+01 9.423312981687896203e-10 1.378487754624503523e-09
1.106999969482421875e+01 9.387607491765241267e-10 1.373696346973843064e-09
1.107999992370605469e+01 9.352146023085189570e-10 1.368930287739885723e-09
1.109000015258789062e+01 9.316907390967277703e-10 1.364183748877461412e-09
1.109999942779541016e+01 9.281877732962431584e-10 1.359452331309780667e-09
1.110999965667724609e+01 9.247037328098918970e-10 1.354731326919242596e-09
1.111999988555908203e+01 9.212380703957343723e-10 1.350018466280788618e-09
1.113000011444091797e+01 9.177903221702904930e-10 1.345312128268071109e-09
1.113999938964843750e+01 9.143607561047995767e-10 1.340612230342500329e-09
1.114999961853027344e+01 9.109490435176523566e-10 1.335918401688357295e-09
1.115999984741210938e+01 9.075561917034623585e-10 1.331232615103177473e-09
1.117000007629394531e+01 9.041831964771976867e-10 1.326557313866622095e-09
1.117999935150146484e+01 9.008316448454479899e-10 1.321896204530676854e-09
1.118999958038330078e+01 8.975023895854438046e-10 1.317252363693254877e-09
1.119999980926513672e+01 8.941974142721580266e-10 1.312630774794525114e-09
1.121000003814697266e+01 8.909184968496383810e-10 1.308036406258928955e-09
1.121999931335449219e+01 8.876677819160138922e-10 1.303474940277733470e-09
1.122999954223632812e+01 8.844464861194123948e-10 1.298950881569508560e-09
1.123999977111816406e+01 8.812567027629545730e-10 1.294470013696556442e-09
1.125000000000000000e+01 8.781001055456797278e-10 1.290037503381795433e-09
1.125999927520751953e+01 8.749785063370836633e-10 1.285658606670972019e-09
1.126999950408935547e+01 8.718926227642780263e-10 1.281336867573485068e-09
1.127999973297119141e+01 8.688438255250122064e-10 1.277076501227304439e-09
1.128999996185302734e+01 8.658329113663723334e-10 1.272880609964588895e-09
1.130000019073486328e+01 8.628603769327503821e-10 1.268751513422047118e-09
1.130999946594238281e+01 8.599266786760121716e-10 1.264691061915798554e-09
1.131999969482421875e+01 8.570311071814058120e-10 1.260699044459088384e-09
1.132999992370605469e+01 8.541734637241874217e-10 1.256775485073208095e-09
1.134000015258789062e+01 8.513529429021721004e-10 1.252919081963392477e-09
1.134999942779541016e+01 8.485686912781798034e-10 1.249127974101861956e-09
1.135999965667724609e+01 8.458187689256438431e-10 1.245398340464538541e-09
1.136999988555908203e+01 8.431017692029025400e-10 1.241726629050857906e-09
1.138000011444091797e+01 8.404157857912753075e-10 1.238108183781008394e-09
1.138999938964843750e+01 8.377589696860276469e-10 1.234538044455041249e-09
1.139999961853027344e+01 8.351285596631209616e-10 1.231009700534982142e-09
1.140999984741210938e+01 8.325224468221483700e-10 1.227517257274297722e-09
1.142000007629394531e+01 8.299382048127314759e-10 1.224054202929232687e-09
1.142999935150146484e+01 8.273736354079697882e-10 1.220614218137709730e-09
1.143999958038330078e+01 8.248258387953976690e-10 1.217190008345771594e-09
1.144999980926513672e+01 8.222927260908164129e-10 1.213775413506702283e-09
1.146000003814697266e+01 8.197720825125219379e-10 1.210364233331762501e-09
1.146999931335449219e+01 8.172620912488981057e-10 1.206951014028325541e-09
1.147999954223632812e+01 8.147604123127544480e-10 1.203529868594312965e-09
1.148999977111816406e+01 8.122656489404607211e-10 1.200096539223484112e-09
1.150000000000000000e+01 8.097764141083852482e-10 1.196647191464928068e-09
1.150999927520751953e+01 8.072918256648741005e-10 1.193179149320522357e-09
1.151999950408935547e+01 8.048105711567279116e-10 1.189689630091630787e-09
1.152999973297119141e+01 8.023323351354870344e-10 1.186177768353203264e-09
1.153999996185302734e+01 7.998568496728031206e-10 1.182643313585263015e-09
1.155000019073486328e+01 7.973841239257500124e-10 1.179086957723244933e-09
1.155999946594238281e+01 7.949146655211616257e-10 1.175510653774288658e-09
1.156999969482421875e+01 7.924485188440307195e-10 1.171916205529011131e-09
1.157999992370605469e+01 7.899866528208689499e-10 1.168307250845040293e-09
1.159000015258789062e+01 7.875299888266718315e-10 1.164687818147327646e-09
1.159999942779541016e+01 7.850798353900340958e-10 1.161062914507674072e-09
1.160999965667724609e+01 7.826369170401949763e-10 1.157437030862511245e-09
1.161999988555908203e+01 7.802027370416051439e-10 1.153816094208352098e-09
1.163000011444091797e+01 7.777786012318670896e-10 1.150205953379806891e-09
1.163999938964843750e+01 7.753660400560979629e-10 1.146612928664534537e-09
1.164999961853027344e+01 7.729658486438228998e-10 1.143042302852640004e-09
1.165999984741210938e+01 7.705794282083616224e-10 1.139500238563781273e-09
1.167000007629394531e+01 7.682078271416604654e-10 1.135992268669859767e-09
1.167999935150146484e+01 7.658521615634820998e-10 1.132523838842377977e-09
1.168999958038330078e+01 7.635126879493475784e-10 1.129098867374872937e-09
1.169999980926513672e+01 7.611901252969627754e-10 1.125721621482113369e-09
1.171000003814697266e+01 7.588847338434605410e-10 1.122395294663676842e-09
1.171999931335449219e+01 7.565967424931115179e-10 1.119122570356630681e-09
1.172999954223632812e+01 7.543254673491172336e-10 1.115904316785047835e-09
1.173999977111816406e+01 7.520706168259121964e-10 1.112741417681269169e-09
1.175000000000000000e+01 7.498314186218417253e-10 1.109633495585273484e-09
1.175999927520751953e+01 7.476070574270795198e-10 1.106579512610397353e-09
1.176999950408935547e+01 7.453958403903931717e-10 1.103576627800028695e-09
1.177999973297119141e+01 7.431964874753717261e-10 1.100621981071694582e-09
1.178999996185302734e+01 7.410073039906774191e-10 1.097711578504844505e-09
1.180000019073486328e+01 7.388264197740277994e-10 1.094840658448299084e-09
1.180999946594238281e+01 7.366520261840944255e-10 1.092004048512038564e-09
1.181999969482421875e+01 7.344815800019215800e-10 1.089195188405131672e-09
1.182999992370605469e+01 7.323130819794749456e-10 1.086407864748304115e-09
1.184000015258789062e+01 7.301442829147680293e-10 1.083635247646498409e-09
1.184999942779541016e+01 7.279731350091945533e-10 1.080870553639707999e-09
1.185999965667724609e+01 7.257969993793565544e-10 1.078106122162071446e-09
1.186999988555908203e+01 7.236139232664242954e-10 1.075335127532858084e-09
1.188000011444091797e+01 7.214218454211597590e-10 1.072550652574621353e-09
1.188999938964843750e+01 7.192190444950325089e-10 1.069746344377112015e-09
1.189999961853027344e+01 7.170033253529781614e-10 1.066915457971881675e-09
1.190999984741210938e+01 7.147733034593939377e-10 1.064052565297825978e-09
1.192000007629394531e+01 7.125275859538374893e-10 1.061152580960250312e-09
1.192999935150146484e+01 7.102652134086489000e-10 1.058211389618874048e-09
1.193999958038330078e+01 7.079848064231870647e-10 1.055224783103749778e-09
1.194999980926513672e+01 7.056858665021546730e-10 1.052190188808111611e-09
1.196000003814697266e+01 7.033679164521243946e-10 1.049105580473456745e-09
1.196999931335449219e+01 7.010309362043581553e-10 1.045970068485218017e-09
1.197999954223632812e+01 6.986744620599934776e-10 1.042782691057715829e-09
1.198999977111816406e+01 6.962989123825722297e-10 1.039544183117881459e-09
1.200000000000000000e+01 6.939046825923723717e-10 1.036255743203351369e-09
1.200999927520751953e+01 6.914925792017923945e-10 1.032919592675942951e-09
1.201999950408935547e+01 6.890628763871218991e-10 1.029537626941716337e-09
1.202999973297119141e+01 6.866166722986883998e-10 1.026113240627093941e-09
1.203999996185302734e+01 6.841549451480812163e-10 1.022649965526885852e-09
1.205000019073486328e+01 6.816787555178971648e-10 1.019151684200622273e-09
1.205999946594238281e+01 6.791894573793090975e-10 1.015622860601427489e-09
1.206999969482421875e+01 6.766877201459533763e-10 1.012067080362351245e-09
1.207999992370605469e+01 6.741749272241086290e-10 1.008488960016806261e-09
1.209000015258789062e+01 6.716522026529989356e-10 1.004892694525399480e-09
1.209999942779541016e+01 6.691208669258768381e-10 1.001282633511272110e-09
1.210999965667724609e+01 6.665814498737147855e-10 9.976618055190650601e-10
1.211999988555908203e+01 6.640351216561234194e-10 9.940338966470179395e-10
1.213000011444091797e+01 6.614827131850321173e-10 9.904017975089490669e-10
1.213999938964843750e+01 6.589251900998517587e-10 9.867682295595084047e-10
1.214999961853027344e+01 6.563626688409137861e-10 9.831343088628060157e-10
1.215999984741210938e+01 6.537958762290490300e-10 9.795015909193190501e-10
1.217000007629394531e+01 6.512251738431361593e-10 9.758706656556591568e-10
1.217999935150146484e+01 6.486510503972151828e-10 9.722418470562553979e-10
1.218999958038330078e+01 6.460731459685117334e-10 9.686138024469437674e-10
1.219999980926513672e+01 6.434917346150700469e-10 9.649856578525769839e-10
1.221000003814697266e+01 6.409067551866310045e-10 9.613556574012751858e-10
1.221999931335449219e+01 6.383183185481904772e-10 9.577219137250394605e-10
1.222999954223632812e+01 6.357257367550342351e-10 9.540810914387722876e-10
1.223999977111816406e+01 6.331290227419780430e-10 9.504305665822736021e-10
1.225000000000000000e+01 6.305279227732007916e-10 9.467671301562453851e-10
1.225999927520751953e+01 6.279224320621560021e-10 9.430877821496295504e-10
1.226999950408935547e+01 6.253118205881236844e-10 9.393884264440355763e-10
1.227999973297119141e+01 6.226961438315471266e-10 9.356660779806005042e-10
1.228999996185302734e+01 6.200752681215301265e-10 9.319175626816884350e-10
1.230000019073486328e+01 6.174491365012726821e-10 9.281399667367140979e-10
1.230999946594238281e+01 6.148180355375141493e-10 9.243310952393855208e-10
1.231999969482421875e+01 6.121816047421914442e-10 9.204881031754140299e-10
1.232999992370605469e+01 6.095403532873617043e-10 9.166097523240428488e-10
1.234000015258789062e+01 6.068946652037156200e-10 9.126950283356874298e-10
1.234999942779541016e+01 6.042453083602619333e-10 9.087439352712802514e-10
1.235999965667724609e+01 6.015924259481220028e-10 9.047560255127286894e-10
1.236999988555908203e+01 5.989370521156036407e-10 9.007326869022698588e-10
1.238000011444091797e+01 5.962800979539483477e-10 8.966756496508553437e-10
1.238999938964843750e+01 5.936228510465605351e-10 8.925877483410147549e-10
1.239999961853027344e+01 5.909659523967558545e-10 8.884713392720129290e-10
1.240999984741210938e+01 5.883109054845199139e-10 8.843306054651141377e-10
1.242000007629394531e+01 5.856590483814333917e-10 8.801699506148367898e-10
1.242999935150146484e+01 5.830120435445093789e-10 8.759947243721339825e-10
1.243999958038330078e+01 5.803708507915348096e-10 8.718095539173141469e-10
1.244999980926513672e+01 5.777372236442253923e-10 8.676206500586985444e-10
1.246000003814697266e+01 5.751126794078763434e-10 8.634341228430038789e-10
1.246999931335449219e+01 5.724989808451436083e-10 8.592566783152332541e-10
1.247999954223632812e+01 5.698971203382495161e-10 8.550939226017645571e-10
1.248999977111816406e+01 5.673087965775496334e-10 8.509526485122431453e-10
1.250000000000000000e+01 5.647353979278899605e-10 8.468391355450919822e-10
1.250999927520751953e+01 5.621784782744763935e-10 8.427598338990573282e-10
1.251999950408935547e+01 5.596387676627222287e-10 8.387197137320515938e-10
1.252999973297119141e+01 5.571176220981431911e-10 8.347245093087304546e-10
1.253999996185302734e+01 5.546160350196014005e-10 8.307790763555130854e-10
1.255000019073486328e+01 5.521348729352016170e-10 8.268877105325774037e-10
1.255999946594238281e+01 5.496751023515140059e-10 8.230544493667804592e-10
1.256999969482421875e+01 5.472368494673553389e-10 8.192815675753947118e-10
1.257999992370605469e+01 5.448208063743969368e-10 8.155717367796601476e-10
1.259000015258789062e+01 5.424272917939535183e-10 8.119265374808615634e-10
1.259999942779541016e+01 5.400567152857799845e-10 8.083471602874160735e-10
1.260999965667724609e+01 5.377086810085412132e-10 8.048330559032504815e-10
1.261999988555908203e+01 5.353833524349061172e-10 8.013840068437137575e-10
1.263000011444091797e+01 5.330805557708475188e-10 7.979987923588743875e-10
1.263999938964843750e+01 5.308002352762427348e-10 7.946758964740018383e-10
1.264999961853027344e+01 5.285415985031700597e-10 7.914123069433077076e-10
1.265999984741210938e+01 5.263044352085429233e-10 7.882054870463820303e-10
1.267000007629394531e+01 5.240882600934240534e-10 7.850521809478000742e-10
1.267999935150146484e+01 5.218927549442614822e-10 7.819491124716346325e-10
1.268999958038330078e+01 5.197169481536951326e-10 7.788918956664194563e-10
1.269999980926513672e+01 5.175604857816754518e-10 7.758769019233863721e-10
1.271000003814697266e+01 5.154228064681073958e-10 7.729001644425740483e-10
1.271999931335449219e+01 5.133035662458905824e-10 7.699580461446453701e-10
1.272999954223632812e+01 5.112018439712632877e-10 7.670462077900042123e-10
1.273999977111816406e+01 5.091173646821120538e-10 7.641613725717808094e-10
1.275000000000000000e+01 5.070496986402283234e-10 7.613002754039685747e-10
1.275999927520751953e+01 5.049986663517050019e-10 7.584602802865939816e-10
1.276999950408935547e+01 5.029635633690803986e-10 7.556383546068569793e-10
1.277999973297119141e+01 5.009443374798669059e-10 7.528327380175184351e-10
1.278999996185302734e+01 4.989408063860949759e-10 7.500418894609179883e-10
1.279999923706054688e+01 4.969530427407515204e-10 7.472650427208895218e-10
1.280999946594238281e+01 4.949806152671418361e-10 7.445011549925690639e-10
1.281999969482421875e+01 4.930237225746329985e-10 7.417504898141631828e-10
1.282999992370605469e+01 4.910824279031459437e-10 7.390135374589075340e-10
1.284000015258789062e+01 4.891568429598335705e-10 7.362912500322519099e-10
1.284999942779541016e+01 4.872473013548098796e-10 7.335852569536833583e-10
1.285999965667724609e+01 4.853536228975600018e-10 7.308967823714687649e-10
1.286999988555908203e+01 4.834761968960322528e-10 7.282281335938169902e-10
1.288000011444091797e+01 4.816152423501861044e-10 7.255815997558313627e-10
1.288999938964843750e+01 4.797711557469349577e-10 7.229598862658793225e-10
1.289999961853027344e+01 4.779437992973782886e-10 7.203650404936851669e-10
1.290999984741210938e+01 4.761335466050443672e-10 7.177998737811527838e-10
1.292000007629394531e+01 4.743405684632715027e-10 7.152668800660657888e-10
1.292999935150146484e+01 4.725651697770955496e-10 7.127686469220311563e-10
1.293999958038330078e+01 4.708071066201237833e-10 7.103068326666807235e-10
1.294999980926513672e+01 4.690665960587982613e-10 7.078835284886876141e-10
1.296000003814697266e+01 4.673436322085757514e-10 7.055002407852916981e-10
1.296999931335449219e+01 4.656383146493701815e-10 7.031582998635271470e-10
1.297999954223632812e+01 4.639501974027617513e-10 7.008579272766494663e-10
1.298999977111816406e+01 4.622792640112261015e-10 6.985995432642691075e-10
1.300000000000000000e+01 4.606252760015127357e-10 6.963828476918224046e-10
1.300999927520751953e+01 4.589880938483912690e-10 6.942072411332899999e-10
1.301999950408935547e+01 4.573670573176067435e-10 6.920710006558901999e-10
1.302999973297119141e+01 4.557619268859940574e-10 6.899725383605653418e-10
1.303999996185302734e+01 4.541722632395911210e-10 6.879095928316474683e-10
1.304999923706054688e+01 4.525977402338768206e-10 6.858796667000162907e-10
1.305999946594238281e+01 4.510375529076335523e-10 6.838793015778408189e-10
1.306999969482421875e+01 4.494913262585094186e-10 6.819052942341972281e-10
1.307999992370605469e+01 4.479585213870182044e-10 6.799539823310903620e-10
1.309000015258789062e+01 4.464385946323892083e-10 6.780215084897176183e-10
1.309999942779541016e+01 4.449311491132345566e-10 6.761040766866628641e-10
1.310999965667724609e+01 4.434353687809555730e-10 6.741972990345101112e-10
1.311999988555908203e+01 4.419508886018246171e-10 6.722973709397508093e-10
1.313000011444091797e+01 4.404772253008113201e-10 6.704004165172765826e-10
1.313999938964843750e+01 4.390140671085592029e-10 6.685029293285955300e-10
1.314999961853027344e+01 4.375607218318656425e-10 6.666011204080729899e-10
1.315999984741210938e+01 4.361169584816107677e-10 6.646920704817531168e-10
1.317000007629394531e+01 4.346824514801350653e-10 6.627730665870746136e-10
1.317999935150146484e+01 4.332570583344562180e-10 6.608420195215266471e-10
1.318999958038330078e+01 4.318402778024297175e-10 6.588967687649510551e-10
1.319999980926513672e+01 4.304320653463623167e-10 6.569362196174865825e-10
1.321000003814697266e+01 4.290322873654505135e-10 6.549596298026025353e-10
1.321999931335449219e+01 4.276409875127505634e-10 6.529669941672949829e-10
1.322999954223632812e+01 4.262578534379815924e-10 6.509582819507805536e-10
1.323999977111816406e+01 4.248830087604600841e-10 6.489345647718088061e-10
1.325000000000000000e+01 4.235164765920743335e-10 6.468972346011322648e-10
1.325999927520751953e+01 4.221584361569986941e-10 6.448483549683805188e-10
1.326999950408935547e+01 4.208086994324332971e-10 6.427898345377294936e-10
1.327999973297119141e+01 4.194674818967414743e-10 6.407245474921576848e-10
1.328999996185302734e+01 4.181348770786108759e-10 6.386554929161891789e-10
1.329999923706054688e+01 4.168111056596080807e-10 6.365861207313385603e-10
1.330999946594238281e+01 4.154960048783715702e-10 6.345194712116816789e-10
1.331999969482421875e+01 4.141897798444441321e-10 6.324592855913945629e-10
1.332999992370605469e+01 4.128924919077630279e-10 6.304091404771694683e-10
1.334000015258789062e+01 4.116041800847119946e-10 6.283725695439918147e-10
1.334999942779541016e+01 4.103249780700562549e-10 6.263531812702649881e-10
1.335999965667724609e+01 4.090546231954216639e-10 6.243538192250800149e-10
1.336999988555908203e+01 4.077931853956857410e-10 6.223776521358343678e-10
1.338000011444091797e+01 4.065405761311543415e-10 6.204273414861773501e-10
1.338999938964843750e+01 4.052967876974050981e-10 6.185053642761442738e-10
1.339999961853027344e+01 4.040614191154930478e-10 6.166132382412774942e-10
1.340999984741210938e+01 4.028343882688611185e-10 6.147525869723127113e-10
1.342000007629394531e+01 4.016154578297779722e-10 6.129243787797083767e-10
1.342999935150146484e+01 4.004044714587209033e-10 6.111292662707061420e-10
1.343999958038330078e+01 3.992008952893649244e-10 6.093669005527452258e-10
1.344999980926513672e+01 3.980045141859806817e-10 6.076369648737938558e-10
1.346000003814697266e+01 3.968149729215752056e-10 6.059385032518347743e-10
1.346999931335449219e+01 3.956320088136318374e-10 6.042702773877918833e-10
1.347999954223632812e+01 3.944550056428463399e-10 6.026301686698821483e-10
1.348999977111816406e+01 3.932836752826802823e-10 6.010161762039933102e-10
1.350000000000000000e+01 3.921176106322020339e-10 5.994258285093291342e-10
1.350999927520751953e+01 3.909565140232803816e-10 5.978565494000220972e-10
1.351999950408935547e+01 3.897997593479907063e-10 5.963051227585482435e-10
1.352999973297119141e+01 3.886470607754513019e-10 5.947686544709068562e-10
1.353999996185302734e+01 3.874980333251115539e-10 5.932440381918817356e-10
1.354999923706054688e+01 3.863524165877703622e-10 5.917283165671788942e-10
1.355999946594238281e+01 3.852096409821464954e-10 5.902181688516125107e-10
1.356999969482421875e+01 3.840694858225514819e-10 5.887108400942029944e-10
1.357999992370605469e+01 3.829316439393922521e-10 5.872036205856080929e-10
1.359000015258789062e+01 3.817958324344444476e-10 5.856940436394678021e-10
1.359999942779541016e+01 3.806619014436110035e-10 5.841800764509330756e-10
1.360999965667724609e+01 3.795294019338460600e-10 5.826595810953148504e-10
1.361999988555908203e+01 3.783982341192744893e-10 5.811312111575570157e-10
1.363000011444091797e+01 3.772682138049003498e-10 5.795938565125902951e-10
1.363999938964843750e+01 3.761392868567409143e-10 5.780469480298635523e-10
1.364999961853027344e+01 3.750110968474006729e-10 5.764898694824648147e-10
1.365999984741210938e+01 3.738836289796190970e-10 5.749228364468584499e-10
1.367000007629394531e+01 3.727567768716167169e-10 5.733462914741468038e-10
1.367999935150146484e+01 3.716305553294046498e-10 5.717611787526156504e-10
1.368999958038330078e+01 3.705046679891960325e-10 5.701683060441724254e-10
1.369999980926513672e+01 3.693791492739290427e-10 5.685692125023613828e-10
1.371000003814697266e+01 3.682539321867460687e-10 5.669655189086483569e-10
1.371999931335449219e+01 3.671290606773896322e-10 5.653591808481638759e-10
1.372999954223632812e+01 3.660042584087507231e-10 5.637518207400439420e-10
1.373999977111816406e+01 3.648795705617418000e-10 5.621455898243594341e-10
1.375000000000000000e+01 3.637549332863788027e-10 5.605424968720753269e-10
1.375999927520751953e+01 3.626303869929649997e-10 5.589446546281682427e-10
1.376999950408935547e+01 3.615056466799253588e-10 5.573536136497753204e-10
1.377999973297119141e+01 3.603807450462100418e-10 5.557712225708589297e-10
1.378999996185302734e+01 3.592556035889691755e-10 5.541989676005715252e-10
1.379999923706054688e+01 3.581302476102880420e-10 5.526382282391371417e-10
1.380999946594238281e+01 3.570043777380436764e-10 5.510896441944195310e-10
1.381999969482421875e+01 3.558780150338994264e-10 5.495539768032014732e-10
1.382999992370605469e+01 3.547510731498165051e-10 5.480314883701196381e-10
1.384000015258789062e+01 3.536234673117076405e-10 5.465220759574949879e-10
1.384999942779541016e+01 3.524952238527861042e-10 5.450254065943902503e-10
1.385999965667724609e+01 3.513660516640663075e-10 5.435403493763947138e-10
1.386999988555908203e+01 3.502359898243328900e-10 5.420658423664072383e-10
1.388000011444091797e+01 3.491049793066536634e-10 5.406003397385910114e-10
1.388999938964843750e+01 3.479730804108670813e-10 5.391421210331008102e-10
1.389999961853027344e+01 3.468400426487666720e-10 5.376887702504396135e-10
1.390999984741210938e+01 3.457059539780509352e-10 5.362380513124032088e-10
1.392000007629394531e+01 3.445708104586845433e-10 5.347873984268373771e-10
1.392999935150146484e+01 3.434347334432358734e-10 5.333342458226723195e-10
1.393999958038330078e+01 3.422975368187286063e-10 5.318755285761311735e-10
1.394999980926513672e+01 3.411593774005748618e-10 5.304085712358618818e-10
1.396000003814697266e+01 3.400203214591215877e-10 5.289305924409043095e-10
1.396999931335449219e+01 3.388805613857501771e-10 5.274390446723272648e-10
1.397999954223632812e+01 3.377399798781108296e-10 5.259311005739710128e-10
1.398999977111816406e+01 3.365988010620438504e-10 5.244045600132624085e-10
1.400000000000000000e+01 3.354571540696387809e-10 5.228573323768418534e-10
1.400999927520751953e+01 3.343152889468080505e-10 5.212877739558140132e-10
1.401999950408935547e+01 3.331731388304701421e-10 5.196941256088030315e-10
1.402999973297119141e+01 3.320309711555463650e-10 5.180754427312924675e-10
1.403999996185302734e+01 3.308889496326005016e-10 5.164310230859240806e-10
1.404999923706054688e+01 3.297473495486825099e-10 5.147607323921340916e-10
1.405999946594238281e+01 3.286061197339894160e-10 5.130643724903723130e-10
1.406999969482421875e+01 3.274655334286774935e-10 5.113426366451227205e-10
1.407999992370605469e+01 3.263257503826588580e-10 5.095964659209314519e-10
1.409000015258789062e+01 3.251869236135174866e-10 5.078271900265994264e-10
1.409999942779541016e+01 3.240493058758447218e-10 5.060366740000385389e-10
1.410999965667724609e+01 3.229128141132803253e-10 5.042266008689571386e-10
1.411999988555908203e+01 3.217776791582953409e-10 5.023994577890218224e-10
1.413000011444091797e+01 3.206440105774681936e-10 5.005578104452193572e-10
1.413999938964843750e+01 3.195120124708850895e-10 4.987046010363020691e-10
1.414999961853027344e+01 3.183815515619958272e-10 4.968423876015584943e-10
1.415999984741210938e+01 3.172528050916049281e-10 4.949743499472086499e-10
1.417000007629394531e+01 3.161258293093932217e-10 4.931035272065622589e-10
1.417999935150146484e+01 3.150007756105550764e-10 4.912331163023642232e-10
1.418999958038330078e+01 3.138774626574525613e-10 4.893657032538475065e-10
1.419999980926513672e+01 3.127560216836011462e-10 4.875042814049575451e-10
1.421000003814697266e+01 3.116364688100911896e-10 4.856514883033845202e-10
1.421999931335449219e+01 3.105189208750069300e-10 4.838099145672908004e-10
1.422999954223632812e+01 3.094031712554149563e-10 4.819813630782519234e-10
1.423999977111816406e+01 3.082893315270112285e-10 4.801678699965272173e-10
1.425000000000000000e+01 3.071774070477730167e-10 4.783709746987211484e-10
1.425999927520751953e+01 3.060675114303662275e-10 4.765920457399223800e-10
1.426999950408935547e+01 3.049594452806391261e-10 4.748315925995951453e-10
1.427999973297119141e+01 3.038533330508300106e-10 4.730902801524986799e-10
1.428999996185302734e+01 3.027492010253464286e-10 4.713682525100533650e-10
1.429999923706054688e+01 3.016471894643201941e-10 4.696654766412613698e-10
1.430999946594238281e+01 3.005471333638640639e-10 4.679811136024494811e-10
1.431999969482421875e+01 2.994491936538476843e-10 4.663145185012921313e-10
1.432999992370605469e+01 2.983534367982287761e-10 4.646646205893623405e-10
1.434000015258789062e+01 2.972599398219965294e-10 4.630301234491249023e-10
1.434999942779541016e+01 2.961688937220723981e-10 4.614097000829193448e-10
1.435999965667724609e+01 2.950801865453847553e-10 4.598014205193685316e-10
1.436999988555908203e+01 2.939940264464098038e-10 4.582037256315513928e-10
1.438000011444091797e+01 2.929105236856148525e-10 4.566148557923854202e-10
1.438999938964843750e+01 2.918298958230888209e-10 4.550332046312476779e-10
1.439999961853027344e+01 2.907520536354071306e-10 4.534567633877944489e-10
1.440999984741210938e+01 2.896772172612477462e-10 4.518840707368080076e-10
1.442000007629394531e+01 2.886055012861956577e-10 4.503136508031149242e-10
1.442999935150146484e+01 2.875371172674764310e-10 4.487443518689821111e-10
1.443999958038330078e+01 2.864719640458981488e-10 4.471747808191673637e-10
1.444999980926513672e+01 2.854102368511237241e-10 4.456042284626140207e-10
1.446000003814697266e+01 2.843520172234926470e-10 4.440320922937064607e-10
1.446999931335449219e+01 2.832974735885495284e-10 4.424581911090334544e-10
1.447999954223632812e+01 2.822464576195953448e-10 4.408821723414412032e-10
1.448999977111816406e+01 2.811991064488975897e-10 4.393044136144268177e-10
1.450000000000000000e+01 2.801554390768570753e-10 4.377254164992601490e-10
1.450999927520751953e+01 2.791155556511464074e-10 4.361460943922590969e-10
1.451999950408935547e+01 2.780792410180243744e-10 4.345671507229955094e-10
1.452999973297119141e+01 2.770465602733126434e-10 4.329899577787637829e-10
1.453999996185302734e+01 2.760174624909867938e-10 4.314159236709447549e-10
1.454999923706054688e+01 2.749919791164384767e-10 4.298467574030056800e-10
1.455999946594238281e+01 2.739698348162056121e-10 4.282838318833967776e-10
1.456999969482421875e+01 2.729510364471746940e-10 4.267290406168496220e-10
1.457999992370605469e+01 2.719354840368644388e-10 4.251841549956919658e-10
1.458999919891357422e+01 2.709231680025242449e-10 4.236510756694856717e-10
1.459999942779541016e+01 2.699137862716478738e-10 4.221312046671346226e-10
1.460999965667724609e+01 2.689073268239081046e-10 4.206262801131993539e-10
1.461999988555908203e+01 2.679036845407160830e-10 4.191377495413458437e-10
1.463000011444091797e+01 2.669027612122356894e-10 4.176668790458652313e-10
1.463999938964843750e+01 2.659045639378042949e-10 4.162148573961748026e-10
1.464999961853027344e+01 2.649088276977730082e-10 4.147822150483882374e-10
1.465999984741210938e+01 2.639155894732533556e-10 4.133696318519363609e-10
1.467000007629394531e+01 2.629248097742317853e-10 4.119773636075362086e-10
1.467999935150146484e+01 2.619365644131076297e-10 4.106055002481000079e-10
1.468999958038330078e+01 2.609506695115061112e-10 4.092534398221763605e-10
1.469999980926513672e+01 2.599672483660235398e-10 4.079206754806718433e-10
1.471000003814697266e+01 2.589863550222604108e-10 4.066062788858926925e-10
1.471999931335449219e+01 2.580081620899598545e-10 4.053091700460220478e-10
1.472999954223632812e+01 2.570325875133456682e-10 4.040276452561745307e-10
1.473999977111816406e+01 2.560598534720983725e-10 4.027601459926615968e-10
1.475000000000000000e+01 2.550901115384828569e-10 4.015047942567589022e-10
1.475999927520751953e+01 2.541236261087377607e-10 4.002596716378557660e-10
1.476999950408935547e+01 2.531604035795497640e-10 3.990223848021120917e-10
1.477999973297119141e+01 2.522007424636942329e-10 3.977908200293232025e-10
1.478999996185302734e+01 2.512448610635325226e-10 3.965627113974190218e-10
1.479999923706054688e+01 2.502930767587345327e-10 3.953359217755015402e-10
1.480999946594238281e+01 2.493454393688709393e-10 3.941080194521032380e-10
1.481999969482421875e+01 2.484022717988351126e-10 3.928770231766564512e-10
1.482999992370605469e+01 2.474638024235006038e-10 3.916409755621069711e-10
1.483999919891357422e+01 2.465303407473974300e-10 3.903982172644009048e-10
1.484999942779541016e+01 2.456019177626250064e-10 3.891469466549557958e-10
1.485999965667724609e+01 2.446788163653959367e-10 3.878859607428097266e-10
1.486999988555908203e+01 2.437612112829184149e-10 3.866142066887127830e-10
1.488000011444091797e+01 2.428492551900972554e-10 3.853309191019111035e-10
1.488999938964843750e+01 2.419431621916079587e-10 3.840357573118561892e-10
1.489999961853027344e+01 2.410428605136433318e-10 3.827283169289614290e-10
1.490999984741210938e+01 2.401485094288409621e-10 3.814088714764362892e-10
1.492000007629394531e+01 2.392601519839925495e-10 3.800778736211028327e-10
1.492999935150146484e+01 2.383778851734952355e-10 3.787361944921085024e-10
1.493999958038330078e+01 2.375015241543394767e-10 3.773845929488488070e-10
1.494999980926513672e+01 2.366311079989146173e-10 3.760244601646773654e-10
1.496000003814697266e+01 2.357665640010376053e-10 3.746572805227023134e-10
1.496999931335449219e+01 2.349078757863861982e-10 3.732848577331342950e-10
1.497999954223632812e+01 2.340547588724548464e-10 3.719087548263603624e-10
1.498999977111816406e+01 2.332071550843943500e-10 3.705310411707825904e-10
1.500000000000000000e+01 2.323649078753776432e-10 3.691537287606881058e-10
