# col1: q[fm^-1] col2: weakFF col3: chargeFF [unitless]
9.999999999999999547e-07 1.000000316158171865e+00 9.999999670529571283e-01
9.999999776482582092e-03 9.995831173992412166e-01 9.996211627835158708e-01
1.999999955296516418e-02 9.983323530464170981e-01 9.984854139740226842e-01
2.999999932944774628e-02 9.962505165014188258e-01 9.965947110172254098e-01
3.999999910593032837e-02 9.933417553997858640e-01 9.939523657644472321e-01
4.999999701976776123e-02 9.896118603765949873e-01 9.905630040518751400e-01
5.999999865889549255e-02 9.850682444629736967e-01 9.864325507841134044e-01
7.000000029802322388e-02 9.797199282963046096e-01 9.815682213513593490e-01
7.999999821186065674e-02 9.735775117405340850e-01 9.759785017235756976e-01
8.999999612569808960e-02 9.666531378724958490e-01 9.696731225840420354e-01
9.999999403953552246e-02 9.589604642043074723e-01 9.626630409993863768e-01
1.099999994039535522e-01 9.505146151052040748e-01 9.549604058795674311e-01
1.199999973177909851e-01 9.413321642599848937e-01 9.465785517004799976e-01
1.299999952316284180e-01 9.314310496687580043e-01 9.375319315146711796e-01
1.400000005960464478e-01 9.208305391153069897e-01 9.278360967090115707e-01
1.499999910593032837e-01 9.095512103316603092e-01 9.175076910167663247e-01
1.599999964237213135e-01 8.976148023540060361e-01 9.065643272401244790e-01
1.700000017881393433e-01 8.850442623752459159e-01 8.950246434993248679e-01
1.799999922513961792e-01 8.718636354658753085e-01 8.829082162129763267e-01
1.899999976158142090e-01 8.580979345727159924e-01 8.702354550096714769e-01
1.999999880790710449e-01 8.437732108563287259e-01 8.570276823041852454e-01
2.099999934434890747e-01 8.289163182258157958e-01 8.433069317119735731e-01
2.199999988079071045e-01 8.135549871369207597e-01 8.290960315090390997e-01
2.299999892711639404e-01 7.977176886872576755e-01 8.144184950788885269e-01
2.399999946355819702e-01 7.814334837285069613e-01 7.992983968883661250e-01
2.500000000000000000e-01 7.647320866266915651e-01 7.837604474761129536e-01
2.599999904632568359e-01 7.476437184339318476e-01 7.678298733433537304e-01
2.699999809265136719e-01 7.301989744626388168e-01 7.515323093500686502e-01
2.800000011920928955e-01 7.124287660397455868e-01 7.348937596711763165e-01
2.899999916553497314e-01 6.943644287524797232e-01 7.179407150219238032e-01
2.999999821186065674e-01 6.760373247017112952e-01 7.006997953856540784e-01
3.100000023841857910e-01 6.574789184064834258e-01 6.831978351163982000e-01
3.199999928474426270e-01 6.387208674604926140e-01 6.654619834855808325e-01
3.299999833106994629e-01 6.197946126575194503e-01 6.475193319809791070e-01
3.400000035762786865e-01 6.007314649266384254e-01 6.293970087268483393e-01
3.499999940395355225e-01 5.815627026794244481e-01 6.111222844942940657e-01
3.599999845027923584e-01 5.623191570634268333e-01 5.927221903954537074e-01
3.700000047683715820e-01 5.430313094954118958e-01 5.742236209059499163e-01
3.799999952316284180e-01 5.237293952527551921e-01 5.556534445773029240e-01
3.899999856948852539e-01 5.044429908252496819e-01 5.370381178877320361e-01
3.999999761581420898e-01 4.852011786219541656e-01 5.184038515628184296e-01
4.099999964237213135e-01 4.660323699534170139e-01 4.997764474886539632e-01
4.199999868869781494e-01 4.469644735022972881e-01 4.811814696641252831e-01
4.299999773502349854e-01 4.280244955129920426e-01 4.626438615514785191e-01
4.399999976158142090e-01 4.092386590129898916e-01 4.441880656930506377e-01
4.499999880790710449e-01 3.906325193567164455e-01 4.258381421298692571e-01
4.599999785423278809e-01 3.722305807752156470e-01 4.076173944340035216e-01
4.699999988079071045e-01 3.540564230259226619e-01 3.895484946718398844e-01
4.799999892711639404e-01 3.361328205621277321e-01 3.716536036091486750e-01
4.899999797344207764e-01 3.184813803948606803e-01 3.539540101452453014e-01
5.000000000000000000e-01 3.011226747502900314e-01 3.364702604222562510e-01
5.099999904632568359e-01 2.840763627642761135e-01 3.192222788507591003e-01
5.199999809265136719e-01 2.673608537859974432e-01 3.022290251512373960e-01
5.299999713897705078e-01 2.509934926990470827e-01 2.855086757398341835e-01
5.399999618530273438e-01 2.349904888468997977e-01 2.690785460676077823e-01
5.500000119209289551e-01 2.193668088162415986e-01 2.529549727975639040e-01
5.600000023841857910e-01 2.041365350456799399e-01 2.371536763205046583e-01
5.699999928474426270e-01 1.893122989012842317e-01 2.216891665107948162e-01
5.799999833106994629e-01 1.749056510054865510e-01 2.065751142005327889e-01
5.899999737739562988e-01 1.609269659031838107e-01 1.918242418711588182e-01
5.999999642372131348e-01 1.473854443883182985e-01 1.774483139735344439e-01
6.100000143051147461e-01 1.342890424189835397e-01 1.634580476080329525e-01
6.200000047683715820e-01 1.216447895556985737e-01 1.498634392361227752e-01
6.299999952316284180e-01 1.094583324987227213e-01 1.366732622389603413e-01
6.399999856948852539e-01 9.773426499552173574e-02 1.238954032992503063e-01
6.499999761581420898e-01 8.647606628789619720e-02 1.115367807487821356e-01
6.599999666213989258e-01 7.568612170808580730e-02 9.960334984855309659e-02
6.699999570846557617e-01 6.536574589626271969e-02 8.810011039453763404e-02
6.800000071525573730e-01 5.551515118573953356e-02 7.703105190843137495e-02
6.899999976158142090e-01 4.613370769085943512e-02 6.639942701042346462e-02
6.999999880790710449e-01 3.721962125766274665e-02 5.620736970251490050e-02
7.099999785423278809e-01 2.877020338151625028e-02 4.645617808957744344e-02
7.199999690055847168e-01 2.078184523663875738e-02 3.714626525322823475e-02
7.299999594688415527e-01 1.325005354122482833e-02 2.827717925577140357e-02
7.400000095367431641e-01 6.169447113465255199e-03 1.984757596789277906e-02
7.500000000000000000e-01 -4.660381866957814465e-04 1.185544084964619549e-02
7.599999904632568359e-01 -6.663362558928933449e-03 4.297812497714716476e-03
7.699999809265136719e-01 -1.243016965825859479e-02 -2.828987317513504025e-03
7.799999713897705078e-01 -1.777478808253599163e-02 -9.529377398360941789e-03
7.899999618530273438e-01 -2.270618856263622448e-02 -1.580848806832184719e-02
7.999999523162841797e-01 -2.723394055601031580e-02 -2.167213098432010931e-02
8.100000023841857910e-01 -3.136819188931246061e-02 -2.712679923038155069e-02
8.199999928474426270e-01 -3.511952841313872170e-02 -3.217950758850098708e-02
8.299999833106994629e-01 -3.849907748393222029e-02 -3.683795461816032762e-02
8.399999737739562988e-01 -4.151836285489129280e-02 -4.111035659545083515e-02
8.499999642372131348e-01 -4.418928636048376213e-02 -4.500544703686980286e-02
8.599999547004699707e-01 -4.652408408088759550e-02 -4.853244202975295907e-02
8.700000047683715820e-01 -4.853529397073250845e-02 -5.170102304095121337e-02
8.799999952316284180e-01 -5.023566697265619690e-02 -5.452122823982816918e-02
8.899999856948852539e-01 -5.163819661296643881e-02 -5.700353029908097890e-02
8.999999761581420898e-01 -5.275602777029808621e-02 -5.915872331573469867e-02
9.099999666213989258e-01 -5.360242905980786010e-02 -6.099790735000707592e-02
9.199999570846557617e-01 -5.419075326387908648e-02 -6.253245317978031736e-02
9.300000071525573730e-01 -5.453440018959042346e-02 -6.377397386155646275e-02
9.399999976158142090e-01 -5.464677262826080767e-02 -6.473426224991117583e-02
9.499999880790710449e-01 -5.454125245684181278e-02 -6.542530109146717232e-02
9.599999785423278809e-01 -5.423115633646409528e-02 -6.585919808469364867e-02
9.699999690055847168e-01 -5.372970512600118431e-02 -6.604816107431915606e-02
9.799999594688415527e-01 -5.304999198444543262e-02 -6.600446567007947629e-02
9.899999499320983887e-01 -5.220495197965847184e-02 -6.574042362564280761e-02
1.000000000000000000e+00 -5.120732687393325655e-02 -6.526834863829820976e-02
1.009999990463256836e+00 -5.006966258392124558e-02 -6.460053896057643685e-02
1.019999980926513672e+00 -4.880424776957767441e-02 -6.374923146864401591e-02
1.029999971389770508e+00 -4.742311282759351793e-02 -6.272658383702008067e-02
1.039999961853027344e+00 -4.593800208723766709e-02 -6.154464547112609152e-02
1.049999952316284180e+00 -4.436035319349056899e-02 -6.021533175747311589e-02
1.059999942779541016e+00 -4.270127817999965630e-02 -5.875039946772613042e-02
1.069999933242797852e+00 -4.097154623244031457e-02 -5.716142335415645009e-02
1.079999923706054688e+00 -3.918156813700458818e-02 -5.545977396924618719e-02
1.090000033378601074e+00 -3.734136020584816890e-02 -5.365657468032403871e-02
1.100000023841857910e+00 -3.546062041927999786e-02 -5.176276922911607348e-02
1.110000014305114746e+00 -3.354858604962727975e-02 -4.978897420479642955e-02
1.120000004768371582e+00 -3.161411197426022834e-02 -4.774554691957259844e-02
1.129999995231628418e+00 -2.966564162491697881e-02 -4.564254876440204667e-02
1.139999985694885254e+00 -2.771120113798200557e-02 -4.348973080035958144e-02
1.149999976158142090e+00 -2.575839500934507670e-02 -4.129652067431013873e-02
1.159999966621398926e+00 -2.381440321077085351e-02 -3.907201085571047894e-02
1.169999957084655762e+00 -2.188597972125289406e-02 -3.682494818733233338e-02
1.179999947547912598e+00 -1.997945242366738067e-02 -3.456372473881223067e-02
1.189999938011169434e+00 -1.810072431418169314e-02 -3.229636994819500700e-02
1.199999928474426270e+00 -1.625527596931319874e-02 -3.003054403306355813e-02
1.209999918937683105e+00 -1.444816921326856629e-02 -2.777353264943754549e-02
1.220000028610229492e+00 -1.268403116977880919e-02 -2.553221617512777680e-02
1.230000019073486328e+00 -1.096714376278380872e-02 -2.331317348160464806e-02
1.240000009536743164e+00 -9.301324366813837688e-03 -2.112251974750626801e-02
1.250000000000000000e+00 -7.690018361130234077e-03 -1.896601298288836529e-02
1.259999990463256836e+00 -6.136286584108815480e-03 -1.684902766770082425e-02
1.269999980926513672e+00 -4.642814907338067842e-03 -1.477655627109302622e-02
1.279999971389770508e+00 -3.211924569196798751e-03 -1.275321178573218459e-02
1.289999961853027344e+00 -1.845583202611252027e-03 -1.078323123477234816e-02
1.299999952316284180e+00 -5.454164918701454815e-04 -8.870480107430880196e-03
1.309999942779541016e+00 6.872796062161222810e-04 -7.018457677650347809e-03
1.319999933242797852e+00 1.851526140897924010e-03 -5.230303159043391686e-03
1.329999923706054688e+00 2.946648009060442563e-03 -3.508802648236418638e-03
1.339999914169311523e+00 3.972260422006081149e-03 -1.856396807840539429e-03
1.350000023841857910e+00 4.928266040198894284e-03 -2.751708218587029290e-04
1.360000014305114746e+00 5.814796118890640936e-03 1.233062040869030212e-03
1.370000004768371582e+00 6.632264586000949716e-03 2.666863951963437118e-03
1.379999995231628418e+00 7.381307189787288461e-03 4.025086106899417038e-03
1.389999985694885254e+00 8.062778787715675285e-03 5.306877370984838110e-03
1.399999976158142090e+00 8.677738791359364268e-03 6.511673208800487257e-03
1.409999966621398926e+00 9.227436629054812031e-03 7.639184224651137355e-03
1.419999957084655762e+00 9.713297274616434704e-03 8.689384363360953822e-03
1.429999947547912598e+00 1.013690688815039806e-02 9.662498820083341780e-03
1.439999938011169434e+00 1.049999861267128000e-02 1.055899170699099374e-02
1.449999928474426270e+00 1.080443856782496714e-02 1.137955352377419821e-02
1.459999918937683105e+00 1.105221207957004549e-02 1.212508847781345114e-02
1.469999909400939941e+00 1.124541018217687163e-02 1.279670169871169327e-02
1.480000019073486328e+00 1.138621780156310465e-02 1.339569310380689729e-02
1.490000009536743164e+00 1.147689481636687998e-02 1.392351683844191695e-02
1.500000000000000000e+00 1.151977360040721578e-02 1.438181124465977290e-02
1.509999990463256836e+00 1.151723961905924687e-02 1.477235666422811559e-02
1.519999980926513672e+00 1.147172173593444602e-02 1.509707031739218087e-02
1.529999971389770508e+00 1.138568097038037026e-02 1.535799374318945129e-02
1.539999961853027344e+00 1.126159971085801889e-02 1.555728040577299132e-02
1.549999952316284180e+00 1.110197140040873956e-02 1.569718349876563293e-02
1.559999942779541016e+00 1.090929070801711920e-02 1.578004397780745013e-02
1.569999933242797852e+00 1.068604419732379317e-02 1.580827884956511817e-02
1.579999923706054688e+00 1.043470150184765480e-02 1.578436974355152539e-02
1.589999914169311523e+00 1.015770701364862756e-02 1.571085179116660929e-02
1.599999904632568359e+00 9.857472090203897239e-03 1.559030283442068218e-02
1.610000014305114746e+00 9.536363839216558183e-03 1.542533076392504053e-02
1.620000004768371582e+00 9.196713932451075144e-03 1.521857184784647724e-02
1.629999995231628418e+00 8.840789366669835059e-03 1.497266919819767797e-02
1.639999985694885254e+00 8.470801846103402644e-03 1.469027085727149344e-02
1.649999976158142090e+00 8.088898873915771962e-03 1.437401921659384359e-02
1.659999966621398926e+00 7.697159057919899204e-03 1.402654256672473607e-02
1.669999957084655762e+00 7.297587914433056530e-03 1.365044707996241995e-02
1.679999947547912598e+00 6.892114160860571791e-03 1.324830923325182735e-02
1.689999938011169434e+00 6.482586486252208020e-03 1.282266867684724899e-02
1.699999928474426270e+00 6.070770787833311248e-03 1.237602155257764777e-02
1.709999918937683105e+00 5.658347860371362899e-03 1.191081426391502572e-02
1.719999909400939941e+00 5.246911524198813633e-03 1.142943769845431758e-02
1.730000019073486328e+00 4.837962322342207085e-03 1.093421592502244813e-02
1.740000009536743164e+00 4.432925952058784994e-03 1.042742509943515687e-02
1.750000000000000000e+00 4.033123339533257849e-03 9.911253571722490607e-03
1.759999990463256836e+00 3.639789913567144722e-03 9.387821375521104850e-03
1.769999980926513672e+00 3.254070792050676748e-03 8.859170844960559399e-03
1.779999971389770508e+00 2.877021198505926112e-03 8.327263483315668416e-03
1.789999961853027344e+00 2.509607197239597555e-03 7.793977249229155219e-03
1.799999952316284180e+00 2.152706728125368483e-03 7.261104250787232123e-03
1.809999942779541016e+00 1.807110921845805213e-03 6.730348836769709658e-03
1.819999933242797852e+00 1.473525676315292016e-03 6.203326073510335298e-03
1.829999923706054688e+00 1.152573474975899593e-03 5.681560594994604363e-03
1.839999914169311523e+00 8.447954277031987768e-04 5.166485813089950578e-03
1.849999904632568359e+00 5.506535151755544664e-04 4.659443474146669935e-03
1.860000014305114746e+00 2.705297633283539060e-04 4.161677673882675267e-03
1.870000004768371582e+00 4.742028100372899004e-06 3.674358689174807464e-03
1.879999995231628418e+00 -2.464733038625672524e-04 3.198547862460506160e-03
1.889999985694885254e+00 -4.829449145868190555e-04 2.735222258249795941e-03
1.899999976158142090e+00 -7.045669952666283381e-04 2.285269735908960001e-03
1.909999966621398926e+00 -9.112961686659296632e-04 1.849490268081686699e-03
1.919999957084655762e+00 -1.103148333655806302e-03 1.428597496943692343e-03
1.929999947547912598e+00 -1.280195448009776226e-03 1.023220511878966546e-03
1.939999938011169434e+00 -1.442562265000286569e-03 6.339058321341710682e-04
1.949999928474426270e+00 -1.590423038729814591e-03 2.611195780353570248e-04
1.959999918937683105e+00 -1.723998212492809179e-03 -9.475018556456866082e-05
1.969999909400939941e+00 -1.843551103804088286e-03 -4.333909498007919130e-04
1.979999899864196777e+00 -1.949384599048895311e-03 -7.545631222775139391e-04
1.990000009536743164e+00 -2.041838893838250624e-03 -1.058100776089527031e-03
2.000000000000000000e+00 -2.121283994943670703e-03 -1.343894514181620450e-03
2.009999990463256836e+00 -2.188123120609018150e-03 -1.611910215409476750e-03
2.019999980926513672e+00 -2.242784986045591369e-03 -1.862171303640141815e-03
2.029999971389770508e+00 -2.285721896949312673e-03 -2.094759362066204566e-03
2.039999961853027344e+00 -2.317406734248371458e-03 -2.309810973210732303e-03
2.049999952316284180e+00 -2.338330019184467826e-03 -2.507514521920584626e-03
2.059999942779541016e+00 -2.348997065938893038e-03 -2.688106974341498978e-03
2.069999933242797852e+00 -2.349925228304458776e-03 -2.851870645350562759e-03
2.079999923706054688e+00 -2.341641246204383912e-03 -2.999129966382293316e-03
2.089999914169311523e+00 -2.324678697171968320e-03 -3.130248265026572274e-03
2.099999904632568359e+00 -2.299575557232369071e-03 -3.245624567203109906e-03
2.109999895095825195e+00 -2.266871874971606617e-03 -3.345690432130376743e-03
2.119999885559082031e+00 -2.227107561940226861e-03 -3.430906829710261060e-03
2.129999876022338867e+00 -2.180820301920955231e-03 -3.501761069345202260e-03
2.139999866485595703e+00 -2.128543580992950032e-03 -3.558763788595209043e-03
2.149999856948852539e+00 -2.070804839750950942e-03 -3.602446009470188556e-03
2.159999847412109375e+00 -2.008123748486986045e-03 -3.633356269540837045e-03
2.169999837875366211e+00 -1.941010605616187799e-03 -3.652057834441254161e-03
2.180000066757202148e+00 -1.869963122280182818e-03 -3.659126032196014042e-03
2.190000057220458984e+00 -1.795471937079469449e-03 -3.655145251556433505e-03
2.200000047683715820e+00 -1.718009200407558112e-03 -3.640707422226383168e-03
2.210000038146972656e+00 -1.638034154508285741e-03 -3.616408671360583655e-03
2.220000028610229492e+00 -1.555990486805374591e-03 -3.582847325571143944e-03
2.230000019073486328e+00 -1.472305447530264291e-03 -3.540621716438354695e-03
2.240000009536743164e+00 -1.387389080043319352e-03 -3.490328096942968850e-03
2.250000000000000000e+00 -1.301633560879803713e-03 -3.432558670822606281e-03
2.259999990463256836e+00 -1.215412646269624537e-03 -3.367899736346849100e-03
2.269999980926513672e+00 -1.129081221624826875e-03 -3.296929945516173261e-03
2.279999971389770508e+00 -1.042974950260835846e-03 -3.220218679219694763e-03
2.289999961853027344e+00 -9.574100174161762587e-04 -3.138324538436940495e-03
2.299999952316284180e+00 -8.726829654602322184e-04 -3.051793951140070911e-03
2.309999942779541016e+00 -7.890706160290168660e-04 -2.961159894145911926e-03
2.319999933242797852e+00 -7.068300747044076789e-04 -2.866940728782253842e-03
2.329999923706054688e+00 -6.261988137517907884e-04 -2.769639148870638428e-03
2.339999914169311523e+00 -5.473948283541111995e-04 -2.669741239188443138e-03
2.349999904632568359e+00 -4.706168617259925730e-04 -2.567715642256917716e-03
2.359999895095825195e+00 -3.960446944588192448e-04 -2.464012831008840533e-03
2.369999885559082031e+00 -3.238394934357674798e-04 -2.359064484619732491e-03
2.379999876022338867e+00 -2.541442156635674468e-04 -2.253282964540070758e-03
2.389999866485595703e+00 -1.870840623943357780e-04 -2.147060887542412509e-03
2.399999856948852539e+00 -1.227669789549819756e-04 -2.040770792396652111e-03
2.409999847412109375e+00 -6.128419576259044193e-05 -1.934764896608361182e-03
2.419999837875366211e+00 -2.710806080400605483e-06 -1.829374939499004999e-03
2.429999828338623047e+00 5.289362384023811077e-05 -1.724912107772294881e-03
2.440000057220458984e+00 1.054856341503322865e-04 -1.621664594745772037e-03
2.450000047683715820e+00 1.550322656239374935e-04 -1.519907496829405553e-03
2.460000038146972656e+00 2.015179016386366791e-04 -1.419888183387587243e-03
2.470000028610229492e+00 2.449384814114636362e-04 -1.321836394827233252e-03
2.480000019073486328e+00 2.853020791447771851e-04 -1.225962042306512172e-03
2.490000009536743164e+00 3.226281844098219821e-04 -1.132455542295162428e-03
2.500000000000000000e+00 3.569469771161949429e-04 -1.041488204556646931e-03
2.509999990463256836e+00 3.882986003133356368e-04 -9.532126693250931194e-04
2.519999980926513672e+00 4.167324339000743521e-04 -8.677633894807885691e-04
2.529999971389770508e+00 4.423063721446160164e-04 -7.852571535731567211e-04
2.539999961853027344e+00 4.650861077411531019e-04 -7.057936455989035707e-04
2.549999952316284180e+00 4.851444249513217600e-04 -6.294560375143471234e-04
2.559999942779541016e+00 5.025605042000004215e-04 -5.563116105441676118e-04
2.569999933242797852e+00 5.174192403160978327e-04 -4.864124014426659246e-04
2.579999923706054688e+00 5.298105764310723871e-04 -4.197958699676857691e-04
2.589999914169311523e+00 5.398288553712810847e-04 -3.564855839402393967e-04
2.599999904632568359e+00 5.475721902059835266e-04 -2.964919183841054355e-04
2.609999895095825195e+00 5.531418554412174775e-04 -2.398127653681276540e-04
2.619999885559082031e+00 5.566417001816504782e-04 -1.864342513087999394e-04
2.629999876022338867e+00 5.581775844181267182e-04 -1.363314586312244488e-04
2.639999866485595703e+00 5.578568394388778041e-04 -8.946914883185261074e-05
2.649999856948852539e+00 5.557877532071899473e-04 -4.580248413547810559e-05
2.659999847412109375e+00 5.520790813984827053e-04 -5.277745091555912463e-06
2.669999837875366211e+00 5.468395846454482921e-04 3.216695839044915841e-05
2.679999828338623047e+00 5.401775924013410644e-04 6.660098491032143749e-05
2.690000057220458984e+00 5.322003886833458512e-04 9.810118720298412708e-05
2.700000047683715820e+00 5.230146223781688896e-04 1.267483005744183416e-04
2.710000038146972656e+00 5.127248071987057640e-04 1.526307830540445467e-04
2.720000028610229492e+00 5.014337259407747457e-04 1.758410973718004140e-04
2.730000019073486328e+00 4.892419542405417954e-04 1.964758686666275261e-04
2.740000009536743164e+00 4.762475857896970323e-04 2.146352761893673773e-04
2.750000000000000000e+00 4.625459836915838340e-04 2.304224659282000311e-04
2.759999990463256836e+00 4.482295574910391935e-04 2.439429852635714973e-04
2.769999980926513672e+00 4.333875653309848005e-04 2.553042406150726599e-04
2.779999971389770508e+00 4.181059406158107680e-04 2.646149789021639024e-04
2.789999961853027344e+00 4.024671424950473312e-04 2.719847935040907937e-04
2.799999952316284180e+00 3.865500294208532766e-04 2.775236552723155266e-04
2.809999942779541016e+00 3.704297549791073620e-04 2.813414690215264259e-04
2.819999933242797852e+00 3.541776851464183400e-04 2.835476558029642212e-04
2.829999923706054688e+00 3.378613360839585788e-04 2.842507611468257948e-04
2.839999914169311523e+00 3.215443315434130000e-04 2.835580893488441850e-04
2.849999904632568359e+00 3.052863789305968519e-04 2.815753637701429689e-04
2.859999895095825195e+00 2.891432630479409118e-04 2.784064130191991676e-04
2.869999885559082031e+00 2.731668565180479270e-04 2.741528827901740782e-04
2.879999876022338867e+00 2.574051458768002155e-04 2.689139730434223852e-04
2.889999866485595703e+00 2.419022723154388098e-04 2.627862001312202857e-04
2.899999856948852539e+00 2.266985860469486306e-04 2.558631833951892798e-04
2.909999847412109375e+00 2.118307132722836944e-04 2.482354556911030947e-04
2.919999837875366211e+00 1.973316347265034244e-04 2.399902972320246488e-04
2.929999828338623047e+00 1.832307747934404439e-04 2.312115920818012501e-04
2.939999818801879883e+00 1.695541001898640649e-04 2.219797065778810266e-04
2.950000047683715820e+00 1.563239172976400957e-04 2.123711559351352911e-04
2.960000038146972656e+00 1.435602381305209048e-04 2.024594497077749733e-04
2.970000028610229492e+00 1.312790086672953305e-04 1.923136541320067262e-04
2.980000019073486328e+00 1.194935091315664445e-04 1.819992596303170456e-04
2.990000009536743164e+00 1.082141653698072756e-04 1.715779317108699284e-04
3.000000000000000000e+00 9.744868508006767304e-05 1.611075035577823735e-04
3.009999990463256836e+00 8.720219722993897418e-05 1.506419844819355855e-04
3.019999980926513672e+00 7.747739387093227875e-05 1.402315832815231986e-04
3.029999971389770508e+00 6.827467359195504490e-05 1.299227455547376643e-04
3.039999961853027344e+00 5.959228589163334609e-05 1.197582040045416948e-04
3.049999952316284180e+00 5.142647578726712712e-05 1.097770407769410714e-04
3.059999942779541016e+00 4.377162801730251422e-05 1.000147608795480829e-04
3.069999933242797852e+00 3.662041023394051854e-05 9.050337573608972699e-05
3.079999923706054688e+00 2.996391462271326045e-05 8.127149594483217335e-05
3.089999914169311523e+00 2.379179742640631618e-05 7.234443232425222746e-05
3.099999904632568359e+00 1.809241589121129653e-05 6.374430434758651220e-05
3.109999895095825195e+00 1.285296219352334014e-05 5.549015508885830607e-05
3.119999885559082031e+00 8.059593945859578609e-06 4.759807182635023383e-05
3.129999876022338867e+00 3.697560920061862290e-06 4.008131147510347913e-05
3.139999866485595703e+00 -2.486723350506876849e-07 3.295043004757657778e-05
3.149999856948852539e+00 -3.795308266258140092e-06 2.621341537096566509e-05
3.159999847412109375e+00 -6.959102726149393677e-06 1.987582232051979532e-05
3.169999837875366211e+00 -9.757256232241933149e-06 1.394090986042490602e-05
3.179999828338623047e+00 -1.220731025133219872e-05 8.409779217110273348e-06
3.189999818801879883e+00 -1.432704865172628394e-05 3.281512544127301453e-06
3.199999809265136719e+00 -1.613440443379360247e-05 -1.446688527342285004e-06
3.210000038146972656e+00 -1.764740452398926609e-05 -5.779463652585853903e-06
3.220000028610229492e+00 -1.888395007317288663e-05 -9.722753409288877388e-06
3.230000019073486328e+00 -1.986195517209022782e-05 -1.328428394080994963e-05
3.240000009536743164e+00 -2.059912440206940594e-05 -1.647301172769692130e-05
3.250000000000000000e+00 -2.111292610183938131e-05 -1.929910143860305097e-05
3.259999990463256836e+00 -2.142053147520179467e-05 -2.177379878584349314e-05
3.269999980926513672e+00 -2.153875897831812735e-05 -2.390930673374257314e-05
3.279999971389770508e+00 -2.148402389646106281e-05 -2.571866538047251491e-05
3.289999961853027344e+00 -2.127229300248070925e-05 -2.721563579994763240e-05
3.299999952316284180e+00 -2.091904417337102668e-05 -2.841458809699007801e-05
3.309999942779541016e+00 -2.043923082702834768e-05 -2.933039389645047954e-05
3.319999933242797852e+00 -1.984725102862152263e-05 -2.997832345542571943e-05
3.329999923706054688e+00 -1.915692110480715445e-05 -3.037394755714343516e-05
3.339999914169311523e+00 -1.838145359433408601e-05 -3.053304431560497175e-05
3.349999904632568359e+00 -1.753343935535178576e-05 -3.047151099181805270e-05
3.359999895095825195e+00 -1.662483364274971597e-05 -3.020528089526309704e-05
3.369999885559082031e+00 -1.566694596332540788e-05 -2.975024541846122003e-05
3.379999876022338867e+00 -1.467043351210384432e-05 -2.912218122787957618e-05
3.389999866485595703e+00 -1.364529798993587553e-05 -2.833668261118546614e-05
3.399999856948852539e+00 -1.260088560033440203e-05 -2.740909895894790325e-05
3.409999847412109375e+00 -1.154589002232134427e-05 -2.635447733828589776e-05
3.419999837875366211e+00 -1.048835815593474677e-05 -2.518751009683379216e-05
3.429999828338623047e+00 -9.435698437643366709e-06 -2.392248741749767216e-05
3.439999818801879883e+00 -8.394691524434736723e-06 -2.257325472804131534e-05
3.449999809265136719e+00 -7.371503147585528617e-06 -2.115317485443885944e-05
3.460000038146972656e+00 -6.371675422270097962e-06 -1.967505896036108261e-05
3.470000028610229492e+00 -5.400238257892775008e-06 -1.815128018469531609e-05
3.480000019073486328e+00 -4.461584357906568023e-06 -1.659353734684051098e-05
3.490000009536743164e+00 -3.559584883470905095e-06 -1.501297463764417733e-05
3.500000000000000000e+00 -2.697586156007934140e-06 -1.342013079036775517e-05
3.509999990463256836e+00 -1.878431553261014144e-06 -1.182492668386839298e-05
3.519999980926513672e+00 -1.104484294533590906e-06 -1.023665659856017854e-05
3.529999971389770508e+00 -3.776509538955455545e-07 -8.663982939406029925e-06
3.539999961853027344e+00 3.005944534355928080e-07 -7.114934236056812563e-06
3.549999952316284180e+00 9.291859595104878346e-07 -5.596906227376401510e-06
3.559999942779541016e+00 1.507440847952137460e-06 -4.116665835528813424e-06
3.569999933242797852e+00 2.035034708061606093e-06 -2.680357833769028017e-06
3.579999923706054688e+00 2.511976465330664629e-06 -1.293514011997396845e-06
3.589999914169311523e+00 2.938583507614677102e-06 3.893535524832170595e-08
3.599999904632568359e+00 3.315457018596675842e-06 1.312647932035240760e-06
3.609999895095825195e+00 3.643457622692234439e-06 2.523853827030674872e-06
3.619999885559082031e+00 3.923681437843241328e-06 3.669338370719498819e-06
3.629999876022338867e+00 4.157436625025549455e-06 4.746423348698545936e-06
3.639999866485595703e+00 4.346220515698086418e-06 5.752946871716378849e-06
3.649999856948852539e+00 4.491697390752817236e-06 6.687242058298354649e-06
3.659999847412109375e+00 4.595676977061439238e-06 7.548114700574121638e-06
3.669999837875366211e+00 4.660093720222924410e-06 8.334820078192992649e-06
3.679999828338623047e+00 4.686986884792993558e-06 9.047039079081442152e-06
3.689999818801879883e+00 4.678481526105121321e-06 9.684853779404695780e-06
3.699999809265136719e+00 4.636770370722206655e-06 1.024872262824050923e-05
3.709999799728393555e+00 4.564096635745830962e-06 1.073945537554870610e-05
3.720000028610229492e+00 4.462735070255339790e-06 1.115819701064107785e-05
3.730000019073486328e+00 4.334987076236862728e-06 1.150636435674706733e-05
3.740000009536743164e+00 4.183151878710399925e-06 1.178568083539560898e-05
3.750000000000000000e+00 4.009522319810839727e-06 1.199810999166773374e-05
3.759999990463256836e+00 3.816370518513514988e-06 1.214584179576264806e-05
3.769999980926513672e+00 3.605936603987327829e-06 1.223126852667783099e-05
3.779999971389770508e+00 3.380418428294600811e-06 1.225696116052394775e-05
3.789999961853027344e+00 3.141962243345510763e-06 1.222564634191246176e-05
3.799999952316284180e+00 2.892654322791875816e-06 1.214018400941336918e-05
3.809999942779541016e+00 2.634513505700050820e-06 1.200354573876350622e-05
3.819999933242797852e+00 2.369484635381954464e-06 1.181879386031476802e-05
3.829999923706054688e+00 2.099432863660808581e-06 1.158906140025074916e-05
3.839999914169311523e+00 1.826138788135924717e-06 1.131753288826877153e-05
3.849999904632568359e+00 1.551294387679996510e-06 1.100742606787216745e-05
3.859999895095825195e+00 1.276499719426869998e-06 1.066197453905514673e-05
3.869999885559082031e+00 1.003260338914937997e-06 1.028441135708983352e-05
3.879999876022338867e+00 7.329854038094372854e-07 9.877953605288669107e-06
3.889999866485595703e+00 4.669864207208678779e-07 9.445787954079712129e-06
3.899999856948852539e+00 2.064765940606848412e-07 8.991057213456185574e-06
3.909999847412109375e+00 -4.742926437545450618e-08 8.516847880919023515e-06
3.919999837875366211e+00 -2.937143063954796868e-07 8.026178682338718184e-06
3.929999828338623047e+00 -5.314587399477503005e-07 7.521990098822284779e-06
3.939999818801879883e+00 -7.598384836627887322e-07 7.007134868589158070e-06
3.949999809265136719e+00 -9.781234230597382185e-07 6.484369449127094483e-06
3.959999799728393555e+00 -1.185675307118525780e-06 5.956346421421992433e-06
3.970000028610229492e+00 -1.381949863883345451e-06 5.425595148258055324e-06
3.980000019073486328e+00 -1.566475639837501065e-06 4.894566683409049215e-06
3.990000009536743164e+00 -1.738879130679073392e-06 4.365552853193731832e-06
4.000000000000000000e+00 -1.898862600288888851e-06 3.840732808231892134e-06
4.009999752044677734e+00 -2.046202169655089060e-06 3.322169407512212915e-06
4.019999980926513672e+00 -2.180761099527959835e-06 2.811745367334785581e-06
4.029999732971191406e+00 -2.302449783540251624e-06 2.311296060569400434e-06
4.039999961853027344e+00 -2.411269345895394477e-06 1.822426745982591934e-06
4.049999713897705078e+00 -2.507261395387717418e-06 1.346702749211913960e-06
4.059999942779541016e+00 -2.590545667663725460e-06 8.854635868198497284e-07
4.069999694824218750e+00 -2.661279470976942921e-06 4.400050024628177525e-07
4.079999923706054688e+00 -2.719685570448173544e-06 1.140472287493879440e-08
4.089999675750732422e+00 -2.766021241786271188e-06 -3.993059181399134938e-07
4.099999904632568359e+00 -2.800596718538187030e-06 -7.913028338562940397e-07
4.110000133514404297e+00 -2.823754434941890110e-06 -1.163827126942036497e-06
4.119999885559082031e+00 -2.835874304863752733e-06 -1.516244750641655941e-06
4.130000114440917969e+00 -2.837369277197564056e-06 -1.848089123442508192e-06
4.139999866485595703e+00 -2.828678895467292311e-06 -2.158941987471545931e-06
4.150000095367431641e+00 -2.810266403052089356e-06 -2.448555658507533700e-06
4.159999847412109375e+00 -2.782618491196262719e-06 -2.716729997997622320e-06
4.170000076293945312e+00 -2.746235026413841943e-06 -2.963418122975353528e-06
4.179999828338623047e+00 -2.701636244150944524e-06 -3.188619203311577412e-06
4.190000057220458984e+00 -2.649345864874364287e-06 -3.392467496564231475e-06
4.199999809265136719e+00 -2.589904998139640682e-06 -3.575141217178251510e-06
4.210000038146972656e+00 -2.523849456101987554e-06 -3.736935049724639376e-06
4.219999790191650391e+00 -2.451729587303851506e-06 -3.878185044902293320e-06
4.230000019073486328e+00 -2.374082620288735654e-06 -3.999325021242123524e-06
4.239999771118164062e+00 -2.291457619833900229e-06 -4.100827181506269057e-06
4.250000000000000000e+00 -2.204383700400220286e-06 -4.183243036689904813e-06
4.259999752044677734e+00 -2.113399287961549280e-06 -4.247159206999082356e-06
4.269999980926513672e+00 -2.019017034688085756e-06 -4.293223692420789667e-06
4.279999732971191406e+00 -1.921756575051803782e-06 -4.322116125459715729e-06
4.289999961853027344e+00 -1.822106951058486361e-06 -4.334560369902884280e-06
4.299999713897705078e+00 -1.720562070035234176e-06 -4.331308327818292872e-06
4.309999942779541016e+00 -1.617581415618674990e-06 -4.313139973160770555e-06
4.319999694824218750e+00 -1.513627444641426738e-06 -4.280859682579236735e-06
4.329999923706054688e+00 -1.409125314784060826e-06 -4.235284904437026867e-06
4.339999675750732422e+00 -1.304501497454586693e-06 -4.177253880660661346e-06
4.349999904632568359e+00 -1.200143200343332907e-06 -4.107604216204977218e-06
4.360000133514404297e+00 -1.096432596386180822e-06 -4.027186708302766654e-06
4.369999885559082031e+00 -9.937311803387326421e-07 -3.936855506999511278e-06
4.380000114440917969e+00 -8.923648027578671986e-07 -3.837449235495714888e-06
4.389999866485595703e+00 -7.926574978974796139e-07 -3.729818769593748137e-06
4.400000095367431641e+00 -6.948927118711469541e-07 -3.614786274123267508e-06
4.409999847412109375e+00 -5.993512089112246689e-07 -3.493183057647976944e-06
4.420000076293945312e+00 -5.062738766687003489e-07 -3.365803069004887002e-06
4.429999828338623047e+00 -4.158982524140422220e-07 -3.233446515512323746e-06
4.440000057220458984e+00 -3.284232926578115069e-07 -3.096869069062118724e-06
4.449999809265136719e+00 -2.440441096356165773e-07 -2.956830019238741693e-06
4.460000038146972656e+00 -1.629190257097666153e-07 -2.814038381998890147e-06
4.469999790191650391e+00 -8.520217379010255570e-08 -2.669204408228955230e-06
4.480000019073486328e+00 -1.101309250505346684e-08 -2.522983718093767650e-06
4.489999771118164062e+00 5.953309333414217699e-08 -2.376031048934365186e-06
4.500000000000000000e+00 1.263533419912165493e-07 -2.228943457506421034e-06
4.509999752044677734e+00 1.893691574439591575e-07 -2.082315266253068517e-06
4.519999980926513672e+00 2.485313854155576569e-07 -1.936681286338467703e-06
4.529999732971191406e+00 3.037954839531302627e-07 -1.792572005806046489e-06
4.539999961853027344e+00 3.551433611780356368e-07 -1.650457690889887052e-06
4.549999713897705078e+00 4.025615633625783606e-07 -1.510802951070320477e-06
4.559999942779541016e+00 4.460601170881340027e-07 -1.374012476786314490e-06
4.569999694824218750e+00 4.856536926758970442e-07 -1.240484212724298013e-06
4.579999923706054688e+00 5.213774562233989680e-07 -1.110557388751588654e-06
4.589999675750732422e+00 5.532712185031391075e-07 -9.845636318751527065e-07
4.599999904632568359e+00 5.813923402580688218e-07 -8.627778457791273930e-07
4.610000133514404297e+00 6.058039099340411017e-07 -7.454612081196338688e-07
4.619999885559082031e+00 6.265793952690685576e-07 -6.328427727672597460e-07
4.630000114440917969e+00 6.438041293276410563e-07 -5.251049940689815897e-07
4.639999866485595703e+00 6.575681235548806414e-07 -4.224215001262140320e-07
4.650000095367431641e+00 6.679720035224464064e-07 -3.249168747624930405e-07
4.659999847412109375e+00 6.751210998040793664e-07 -2.327067140020329473e-07
4.670000076293945312e+00 6.791288230018199950e-07 -1.458614344653549226e-07
4.679999828338623047e+00 6.801133131662162074e-07 -6.444246787915916216e-08
4.690000057220458984e+00 6.781984153068985581e-07 1.152976912866897048e-08
4.699999809265136719e+00 6.735127147502138508e-07 8.204369228135416729e-08
4.710000038146972656e+00 6.661882909595197193e-07 1.471243626876349296e-07
4.719999790191650391e+00 6.563619476740114372e-07 2.068053860407671682e-07
4.730000019073486328e+00 6.441719366968073780e-07 2.611525251782191005e-07
4.739999771118164062e+00 6.297611773302102660e-07 3.102396785819904094e-07
4.750000000000000000e+00 6.132721530511362391e-07 3.541683744815475269e-07
4.759999752044677734e+00 5.948519043932416443e-07 3.930477604064363881e-07
4.769999980926513672e+00 5.746453102653659010e-07 4.270101187570484166e-07
4.779999732971191406e+00 5.528016317712763460e-07 4.561947411200543768e-07
4.789999961853027344e+00 5.294663963926555081e-07 4.807596555444198298e-07
4.799999713897705078e+00 5.047892669781478705e-07 5.008692090040660232e-07
4.809999942779541016e+00 4.789147511185615515e-07 5.167022393050792814e-07
4.819999694824218750e+00 4.519911694040716328e-07 5.284431465123262000e-07
4.829999923706054688e+00 4.241604139885203484e-07 5.362867774894290322e-07
4.839999675750732422e+00 3.955677929003139389e-07 5.404327322167274482e-07
4.849999904632568359e+00 3.663510609804782519e-07 5.410872565852650733e-07
4.859999656677246094e+00 3.366509222353581064e-07 5.384605020993212703e-07
4.869999885559082031e+00 3.065995529726885598e-07 5.327657429411814383e-07
4.880000114440917969e+00 2.763301051480908967e-07 5.242188152062598890e-07
4.889999866485595703e+00 2.459721679394829911e-07 5.130373481549030116e-07
4.900000095367431641e+00 2.156470558743350819e-07 4.994375883690655061e-07
4.909999847412109375e+00 1.854776303981758645e-07 4.836374949093987889e-07
4.920000076293945312e+00 1.555764698653845218e-07 4.658507219098001275e-07
4.929999828338623047e+00 1.260570825661603769e-07 4.462917659194939208e-07
4.940000057220458984e+00 9.702227474198216900e-08 4.251684429108691100e-07
4.949999809265136719e+00 6.857515870149501274e-08 4.026885655482420194e-07
4.960000038146972656e+00 4.080789227682744267e-08 3.790512425885894853e-07
4.969999790191650391e+00 1.381232571303762985e-08 3.544547705191677678e-07
4.980000019073486328e+00 -1.233073048818383231e-08 3.290870711072798000e-07
4.989999771118164062e+00 -3.754136088924695911e-08 3.031344929080047390e-07
5.000000000000000000e+00 -6.175061005516452578e-08 2.767716863244646369e-07
5.009999752044677734e+00 -8.489096494375659643e-08 2.501710254980914599e-07
5.019999980926513672e+00 -1.069056332001235213e-07 2.234922002600476758e-07
5.029999732971191406e+00 -1.277397607661831832e-07 1.968919872683045876e-07
5.039999961853027344e+00 -1.473488243144411044e-07 1.705138153607879711e-07
5.049999713897705078e+00 -1.656906751141589549e-07 1.444976359172690523e-07
5.059999942779541016e+00 -1.827329669991052009e-07 1.189696929591677021e-07
5.069999694824218750e+00 -1.984461001650883306e-07 9.405226604254034990e-08
5.079999923706054688e+00 -2.128096266096082930e-07 6.985384964963893954e-08
5.089999675750732422e+00 -2.258061501337124807e-07 4.647856688429209633e-08
5.099999904632568359e+00 -2.374266712485435775e-07 2.401693485705090657e-08
5.109999656677246094e+00 -2.476654823715861701e-07 2.554773569353644625e-09
5.119999885559082031e+00 -2.565244334100228256e-07 -1.783529434387187305e-08
5.130000114440917969e+00 -2.640091684580032538e-07 -3.708647826650314635e-08
5.139999866485595703e+00 -2.701306898614029758e-07 -5.514101612899972547e-08
5.150000095367431641e+00 -2.749057321684579595e-07 -7.195236469200454844e-08
5.159999847412109375e+00 -2.783546611035752098e-07 -8.747914359641498414e-08
5.170000076293945312e+00 -2.805030735011436359e-07 -1.016913347978371424e-07
5.179999828338623047e+00 -2.813802427408050366e-07 -1.145641370555933399e-07
5.190000057220458984e+00 -2.810197060054550543e-07 -1.260831299920528985e-07
5.199999809265136719e+00 -2.794586792530547076e-07 -1.362390941318472726e-07
5.210000038146972656e+00 -2.767376821516196229e-07 -1.450321117984130479e-07
5.219999790191650391e+00 -2.729008770923646219e-07 -1.524673851158223637e-07
5.230000019073486328e+00 -2.679947929760088791e-07 -1.585582690032982197e-07
5.239999771118164062e+00 -2.620695307730493897e-07 -1.633230967245380238e-07
5.250000000000000000e+00 -2.551766565380237133e-07 -1.667871613952535235e-07
5.259999752044677734e+00 -2.473712054270729015e-07 -1.689805375591567407e-07
5.269999980926513672e+00 -2.387088219743887013e-07 -1.699390467098934744e-07
5.279999732971191406e+00 -2.292484854172128030e-07 -1.697030442301610551e-07
5.289999961853027344e+00 -2.190489814835168222e-07 -1.683174213355350848e-07
5.299999713897705078e+00 -2.081722644124933433e-07 -1.658313096684909556e-07
5.309999942779541016e+00 -1.966793494170426860e-07 -1.622971867718855346e-07
5.319999694824218750e+00 -1.846342209887303773e-07 -1.577714358195745546e-07
5.329999923706054688e+00 -1.720992388750566629e-07 -1.523126341431492741e-07
5.339999675750732422e+00 -1.591394981547166953e-07 -1.459828930985609919e-07
5.349999904632568359e+00 -1.458178441325729969e-07 -1.388454193515899378e-07
5.359999656677246094e+00 -1.321995872177770047e-07 -1.309665497151021023e-07
5.369999885559082031e+00 -1.183472236337421590e-07 -1.224126828648378282e-07
5.380000114440917969e+00 -1.043247356477790684e-07 -1.132524660342314041e-07
5.389999866485595703e+00 -9.019547384893076748e-08 -1.035554513200059882e-07
5.400000095367431641e+00 -7.601989620142866511e-08 -9.339023986098314106e-08
5.409999847412109375e+00 -6.186008884261164799e-08 -8.282744359440453368e-08
5.420000076293945312e+00 -4.777417549049652479e-08 -7.193550308042368736e-08
5.429999828338623047e+00 -3.382151290853090750e-08 -6.078439190341655477e-08
5.440000057220458984e+00 -2.005714170238693492e-08 -4.944117859065521472e-08
5.449999809265136719e+00 -6.536912170311510294e-09 -3.797397858461533683e-08
5.460000038146972656e+00 6.687933172411899786e-09 -2.644736779017355751e-08
5.469999790191650391e+00 1.956578671293538538e-08 -1.492648115633979127e-08
5.480000019073486328e+00 3.204987574781364755e-08 -3.472382309122808574e-09
5.489999771118164062e+00 4.409351944711918551e-08 7.853788708740080542e-09
5.500000000000000000e+00 5.565503144174839892e-08 1.899539000095688677e-08
5.509999752044677734e+00 6.669327612660066344e-08 2.989617327943465793e-08
5.519999980926513672e+00 7.717220090432777319e-08 4.050470921133123389e-08
5.529999732971191406e+00 8.705675320322166734e-08 5.077041197070557362e-08
5.539999961853027344e+00 9.631697762523175587e-08 6.064772963002048349e-08
5.549999713897705078e+00 1.049243463686825830e-07 7.009237605947800901e-08
5.559999942779541016e+00 1.128553657952929729e-07 7.906520952042972582e-08
5.569999694824218750e+00 1.200883638134946277e-07 8.752874155491029166e-08
5.579999923706054688e+00 1.266065605899251839e-07 9.545063685896127746e-08
5.589999675750732422e+00 1.323953470530002049e-07 1.028005594484781609e-07
5.599999904632568359e+00 1.374447854365363612e-07 1.095532376115669741e-07
5.609999656677246094e+00 1.417474035219649539e-07 1.156856977205207486e-07
5.619999885559082031e+00 1.453001022129750098e-07 1.211798493873980742e-07
5.629999637603759766e+00 1.481024805946502484e-07 1.260201470271111060e-07
5.639999866485595703e+00 1.501581395131092015e-07 1.301956620069248663e-07
5.650000095367431641e+00 1.514735883539771710e-07 1.336983525472370079e-07
5.659999847412109375e+00 1.520587192588304369e-07 1.365238469651365603e-07
5.670000076293945312e+00 1.519266307800462092e-07 1.386716346546343185e-07
5.679999828338623047e+00 1.510934007205672326e-07 1.401441192724843538e-07
5.690000057220458984e+00 1.495779079014651882e-07 1.409473400792281141e-07
5.699999809265136719e+00 1.474020007807407990e-07 1.410902967854341337e-07
5.710000038146972656e+00 1.445897666248862463e-07 1.405851331063846819e-07
5.719999790191650391e+00 1.411681872972919950e-07 1.394469428589409261e-07
5.730000019073486328e+00 1.371658935309127417e-07 1.376934330888480883e-07
5.739999771118164062e+00 1.326142761831014653e-07 1.353451969800823894e-07
5.750000000000000000e+00 1.275457715956662182e-07 1.324248834132139544e-07
5.759999752044677734e+00 1.219953900468909103e-07 1.289579139459927175e-07
5.769999980926513672e+00 1.159985851078658428e-07 1.249711941341517581e-07
5.779999732971191406e+00 1.095931553039291862e-07 1.204942443597628235e-07
5.789999961853027344e+00 1.028167558080525024e-07 1.155574955589708618e-07
5.799999713897705078e+00 9.570912452266571683e-08 1.101937970996953068e-07
5.809999942779541016e+00 8.830929835672647904e-08 1.044363456370077303e-07
5.819999694824218750e+00 8.065811110470362097e-08 9.832052763732037660e-08
5.829999923706054688e+00 7.279517892737228342e-08 9.188153486039325632e-08
5.839999675750732422e+00 6.476161460225326056e-08 8.515649456303096958e-08
5.849999904632568359e+00 5.659684772396755155e-08 7.818182857192321345e-08
5.859999656677246094e+00 4.834149813823116710e-08 7.099562068991286904e-08
5.869999885559082031e+00 4.003409590763656002e-08 6.363477849827617306e-08
5.879999637603759766e+00 3.171405605295873650e-08 5.613758508174417144e-08
5.889999866485595703e+00 2.341836160193082264e-08 4.854072359598645574e-08
5.900000095367431641e+00 1.518419154187266877e-08 4.088159299869030280e-08
5.909999847412109375e+00 7.047580420684273981e-09 3.319708569872801982e-08
5.920000076293945312e+00 -9.578593801467461501e-10 2.552231879498856684e-08
5.929999828338623047e+00 -8.798354392720657661e-09 1.789304898261885668e-08
5.940000057220458984e+00 -1.644312278946226146e-08 1.034261229610295116e-08
5.949999809265136719e+00 -2.386148649156039098e-08 2.904694857464456466e-09
5.960000038146972656e+00 -3.102586669270222705e-08 -4.389663476934455943e-09
5.969999790191650391e+00 -3.790903633188165393e-08 -1.150935344512817588e-08
5.980000019073486328e+00 -4.448691365406163848e-08 -1.842607786114959546e-08
5.989999771118164062e+00 -5.073599915894598551e-08 -2.511173872025290309e-08
6.000000000000000000e+00 -5.663592798150435591e-08 -3.154115711963578522e-08
6.009999752044677734e+00 -6.216713031863232627e-08 -3.768960700489473122e-08
6.019999980926513672e+00 -6.731310919379299918e-08 -4.353533171065764044e-08
6.029999732971191406e+00 -7.205835771660062714e-08 -4.905726370689889823e-08
6.039999961853027344e+00 -7.639033469063951527e-08 -5.423730125223069315e-08
6.049999713897705078e+00 -8.029766602610138795e-08 -5.905824845390792791e-08
6.059999942779541016e+00 -8.377179659170623917e-08 -6.350582118406776250e-08
6.069999694824218750e+00 -8.680549679183273788e-08 -6.756683627786934310e-08
6.079999923706054688e+00 -8.939417501656047267e-08 -7.123092178372595857e-08
6.089999675750732422e+00 -9.153470395287625208e-08 -7.448897832142651652e-08
6.099999904632568359e+00 -9.322638388905892712e-08 -7.733457480457558009e-08
6.109999656677246094e+00 -9.447009689527901985e-08 -7.976269899381318296e-08
6.119999885559082031e+00 -9.526891708036618922e-08 -8.177082598365762648e-08
6.129999637603759766e+00 -9.562759445265866602e-08 -8.335796890873888794e-08
6.139999866485595703e+00 -9.555281397296107612e-08 -8.452541363935425948e-08
6.150000095367431641e+00 -9.505297102682001274e-08 -8.527610051873788686e-08
6.159999847412109375e+00 -9.413825577965873317e-08 -8.561489510796942925e-08
6.170000076293945312e+00 -9.282036753646125090e-08 -8.554849479028594661e-08
6.179999828338623047e+00 -9.111279850021584811e-08 -8.508530444755173646e-08
6.190000057220458984e+00 -8.903025919275724664e-08 -8.423534725931348649e-08
6.199999809265136719e+00 -8.658924623782584881e-08 -8.301036719844636763e-08
6.210000038146972656e+00 -8.380716587403003824e-08 -8.142342947773302271e-08
6.219999790191650391e+00 -8.070317026795185773e-08 -7.948930134132543687e-08
6.230000019073486328e+00 -7.729700441737769021e-08 -7.722376103453367596e-08
6.239999771118164062e+00 -7.361008491076387398e-08 -7.464423816752827371e-08
6.250000000000000000e+00 -6.966409982336626051e-08 -7.176885478292259718e-08
6.259999752044677734e+00 -6.548230058836964556e-08 -6.861730255106818259e-08
6.269999980926513672e+00 -6.108788828342834296e-08 -6.520964369805781318e-08
6.279999732971191406e+00 -5.650548669825894036e-08 -6.156739886956355959e-08
6.289999961853027344e+00 -5.175935158258459236e-08 -5.771213926723871837e-08
6.299999713897705078e+00 -4.687499109168714918e-08 -5.366675622194403469e-08
6.309999942779541016e+00 -4.187723704165515251e-08 -4.945387881975009690e-08
6.319999694824218750e+00 -3.679197768205281181e-08 -4.509729407153423312e-08
6.329999923706054688e+00 -3.164413169327627161e-08 -4.062022652697015456e-08
6.339999675750732422e+00 -2.645945766855313508e-08 -3.604687643194517801e-08
6.349999904632568359e+00 -2.126247242564587176e-08 -3.140059928415751668e-08
6.359999656677246094e+00 -1.607830165534233058e-08 -2.670552852995412371e-08
6.369999885559082031e+00 -1.093058407244312162e-08 -2.198469368701558839e-08
6.379999637603759766e+00 -5.843328371714026488e-09 -1.726169393010935049e-08
6.389999866485595703e+00 -8.388437914068778837e-10 -1.255879327695299661e-08
6.399999618530273438e+00 4.060430215293894826e-09 -7.898611836266741794e-09
6.409999847412109375e+00 8.833928268890768027e-09 -3.302235634923468068e-09
6.420000076293945312e+00 1.346140533239454087e-08 1.209319469356526103e-09
6.429999828338623047e+00 1.792375546556951562e-08 5.615883516466037317e-09
6.440000057220458984e+00 2.220369790827910797e-08 9.898829741675382686e-09
6.449999809265136719e+00 2.628438036505323160e-08 1.403969744009560470e-08
6.460000038146972656e+00 3.015107029815245310e-08 1.802189382818830695e-08
6.469999790191650391e+00 3.378965504272493018e-08 2.182918325201491549e-08
6.480000019073486328e+00 3.718815806489757259e-08 2.544726049574941147e-08
6.489999771118164062e+00 4.033538869788908804e-08 2.886235189642681333e-08
6.500000000000000000e+00 4.322226180026921313e-08 3.206263506834867018e-08
6.509999752044677734e+00 4.584061557483591165e-08 3.503697356858788525e-08
6.519999980926513672e+00 4.818431813237741125e-08 3.777616216648003001e-08
6.529999732971191406e+00 5.024826809180160330e-08 4.027181335851374400e-08
6.539999961853027344e+00 5.202927675552824020e-08 4.251741173460096836e-08
6.549999713897705078e+00 5.352526227898852760e-08 4.450736707549654683e-08
6.559999942779541016e+00 5.473590134571605351e-08 4.623786593547979028e-08
6.569999694824218750e+00 5.566202371151863728e-08 4.770610234258091703e-08
6.579999923706054688e+00 5.630603228274532686e-08 4.891091930987891494e-08
6.589999675750732422e+00 5.667150085818935611e-08 4.985222436979880275e-08
6.599999904632568359e+00 5.676336624222737611e-08 5.053141823701945116e-08
6.609999656677246094e+00 5.658772809527154898e-08 5.095099861098648748e-08
6.619999885559082031e+00 5.615182104720978961e-08 5.111477754063939507e-08
6.629999637603759766e+00 5.546401180406808749e-08 5.102767320078434633e-08
6.639999866485595703e+00 5.453356308235416811e-08 5.069572155963945915e-08
6.649999618530273438e+00 5.337081957147971642e-08 5.012605224194873935e-08
6.659999847412109375e+00 5.198677883814910981e-08 4.932670380833231319e-08
6.670000076293945312e+00 5.039337370189366955e-08 4.830672268090663957e-08
6.679999828338623047e+00 4.860327188944515636e-08 4.707606336207581487e-08
6.690000057220458984e+00 4.662949576774035587e-08 4.564529725255092812e-08
6.699999809265136719e+00 4.448596225992138375e-08 4.402597737405566806e-08
6.710000038146972656e+00 4.218665426511141417e-08 4.223002405432478497e-08
6.719999790191650391e+00 3.974635741719053578e-08 4.027026791090093053e-08
6.730000019073486328e+00 3.717970968225186174e-08 3.815969488672263540e-08
6.739999771118164062e+00 3.450205399096565662e-08 3.591211797372768706e-08
6.750000000000000000e+00 3.172838934932389780e-08 3.354130225255400313e-08
6.759999752044677734e+00 2.887431777030107908e-08 3.106174667996144458e-08
6.769999980926513672e+00 2.595492068465105097e-08 2.848771103837533118e-08
6.779999732971191406e+00 2.298577766172198399e-08 2.583408767790202023e-08
6.789999961853027344e+00 1.998179195866207544e-08 2.311535309607060481e-08
6.799999713897705078e+00 1.695825807237772282e-08 2.034650854339349191e-08
6.809999942779541016e+00 1.392965995581349446e-08 1.754197934109917104e-08
6.819999694824218750e+00 1.091076447213259479e-08 1.471660273092401595e-08
6.829999923706054688e+00 7.915415189658189354e-09 1.188449803802401939e-08
6.839999675750732422e+00 4.957629291878388942e-09 9.060080061691381966e-09
6.849999904632568359e+00 2.050408961180043945e-09 6.256922812299329919e-09
6.859999656677246094e+00 -7.931797848672769255e-10 3.488777097480756437e-09
6.869999885559082031e+00 -3.561157265341295808e-09 7.684498361745463816e-10
6.879999637603759766e+00 -6.241589601689695515e-09 -1.891194741168539008e-09
6.889999866485595703e+00 -8.823680973626928755e-09 -4.478319245616214553e-09
6.899999618530273438e+00 -1.129678996878281686e-08 -6.981147750952951497e-09
6.909999847412109375e+00 -1.365144605832560763e-08 -9.388993810090824508e-09
6.920000076293945312e+00 -1.587854249592696021e-08 -1.169145597058251766e-08
6.929999828338623047e+00 -1.796974586456775635e-08 -1.387883607468317329e-08
6.940000057220458984e+00 -1.991779351588878177e-08 -1.594246411740941769e-08
6.949999809265136719e+00 -2.171583533546472966e-08 -1.787401416948054562e-08
6.960000038146972656e+00 -2.335819500082814253e-08 -1.966631758678956252e-08
6.969999790191650391e+00 -2.483970183162708560e-08 -2.131265210660462387e-08
6.980000019073486328e+00 -2.615632933201047705e-08 -2.280744476445650885e-08
6.989999771118164062e+00 -2.730464067509334850e-08 -2.414566206977542900e-08
7.000000000000000000e+00 -2.828229635465971923e-08 -2.532339222946992443e-08
7.009999752044677734e+00 -2.908761911722346354e-08 -2.633734472299013042e-08
7.019999980926513672e+00 -2.971996516495826312e-08 -2.718530401743269827e-08
7.029999732971191406e+00 -3.017941179235058180e-08 -2.786574436495904182e-08
7.039999961853027344e+00 -3.046698930868191136e-08 -2.837814990101054757e-08
7.049999713897705078e+00 -3.058449214519867479e-08 -2.872274798781829401e-08
7.059999942779541016e+00 -3.053457144250823015e-08 -2.890069335390712397e-08
7.069999694824218750e+00 -3.032066800076930845e-08 -2.891392083947408579e-08
7.079999923706054688e+00 -2.994696827031003761e-08 -2.876519403724131772e-08
7.089999675750732422e+00 -2.941845525619042398e-08 -2.845807590114343674e-08
7.099999904632568359e+00 -2.874073337819675664e-08 -2.799684510550938461e-08
7.109999656677246094e+00 -2.792019135683682824e-08 -2.738658071343436209e-08
7.119999885559082031e+00 -2.696370401088939011e-08 -2.663295213330972015e-08
7.129999637603759766e+00 -2.587889925973202290e-08 -2.574241193005392054e-08
7.139999866485595703e+00 -2.467374733165177196e-08 -2.472186776045730794e-08
7.149999618530273438e+00 -2.335692235297065658e-08 -2.357897549619457813e-08
7.159999847412109375e+00 -2.193729157204462732e-08 -2.232170379378721303e-08
7.170000076293945312e+00 -2.042428636343349842e-08 -2.095865062728913548e-08
7.179999828338623047e+00 -1.882767696771837780e-08 -1.949885002655263656e-08
7.190000057220458984e+00 -1.715726579938824839e-08 -1.795148632028148683e-08
7.199999809265136719e+00 -1.542336977212056298e-08 -1.632633595433642203e-08
7.210000038146972656e+00 -1.363612562317170212e-08 -1.463312258817058645e-08
7.219999790191650391e+00 -1.180608925390963389e-08 -1.288207737195182810e-08
7.230000019073486328e+00 -9.943496824702277910e-09 -1.108323748681036060e-08
7.239999771118164062e+00 -8.058901914891449404e-09 -9.247054135415326710e-09
7.250000000000000000e+00 -6.162409903170893472e-09 -7.383651367785608071e-09
7.259999752044677734e+00 -4.264338835568531224e-09 -5.503467823017163234e-09
7.269999980926513672e+00 -2.374444494803701549e-09 -3.616492968648641635e-09
7.279999732971191406e+00 -5.025909143619113871e-10 -1.732928420868289963e-09
7.289999961853027344e+00 1.342017007790983364e-09 1.375814104410002069e-10
7.299999713897705078e+00 3.150167104779452470e-09 1.985282534370446293e-09
7.309999942779541016e+00 4.913383858243962225e-09 3.801069851048727229e-09
7.319999694824218750e+00 6.623279303208038531e-09 5.575828677786824587e-09
7.329999923706054688e+00 8.272258837818470297e-09 7.301166750510184038e-09
7.339999675750732422e+00 9.852901840275077352e-09 8.968777248791313838e-09
7.349999904632568359e+00 1.135861630031762523e-08 1.057112994449583935e-08
7.359999656677246094e+00 1.278306054425089257e-08 1.210086808313423194e-08
7.369999885559082031e+00 1.412073540464533999e-08 1.355144577277406801e-08
7.379999637603759766e+00 1.536645724695698228e-08 1.491657002730331535e-08
7.389999866485595703e+00 1.651587833836860699e-08 1.619077318631748276e-08
7.399999618530273438e+00 1.756501999845168850e-08 1.736891017739526752e-08
7.409999847412109375e+00 1.851071385260541881e-08 1.844665660822743225e-08
7.419999599456787109e+00 1.935020242701650915e-08 1.942006989578245617e-08
7.429999828338623047e+00 2.008149601594425264e-08 2.028600562193285501e-08
7.440000057220458984e+00 2.070307344090463425e-08 2.104178300739360276e-08
7.449999809265136719e+00 2.121401623491225206e-08 2.168534723240494951e-08
7.460000038146972656e+00 2.161404608832497827e-08 2.221533427075483068e-08
7.469999790191650391e+00 2.190335284853374144e-08 2.263086301117908653e-08
7.480000019073486328e+00 2.208273030035629812e-08 2.293172791191758888e-08
7.489999771118164062e+00 2.215344676682404224e-08 2.311822862859854118e-08
7.500000000000000000e+00 2.211729319327041549e-08 2.319127054674723969e-08
7.509999752044677734e+00 2.197653361762324085e-08 2.315227692371234495e-08
7.519999980926513672e+00 2.173386841329457485e-08 2.300319853234228516e-08
7.529999732971191406e+00 2.139246281187391882e-08 2.274650773072908680e-08
7.539999961853027344e+00 2.095582955092468232e-08 2.238512011251264053e-08
7.549999713897705078e+00 2.042793210563960744e-08 2.192246826358026143e-08
7.559999942779541016e+00 1.981299220342662311e-08 2.136233982924363261e-08
7.569999694824218750e+00 1.911566301875695800e-08 2.070902715661829018e-08
7.579999923706054688e+00 1.834076806288104668e-08 1.996708754927481407e-08
7.589999675750732422e+00 1.749353834280870212e-08 1.914156355649242080e-08
7.599999904632568359e+00 1.657929001750749163e-08 1.823767238293052162e-08
7.609999656677246094e+00 1.560371844369064254e-08 1.726109030301254101e-08
7.619999885559082031e+00 1.457252271884640623e-08 1.621757922525256834e-08
7.629999637603759766e+00 1.349174864607457082e-08 1.511332759910473211e-08
7.639999866485595703e+00 1.236736887112273369e-08 1.395452300272883910e-08
7.649999618530273438e+00 1.120566611033104810e-08 1.274774099309895744e-08
7.659999847412109375e+00 1.001277803867944895e-08 1.149947328975285970e-08
7.669999599456787109e+00 8.795111644165414080e-09 1.021655530824606124e-08
7.679999828338623047e+00 7.558862343637277116e-09 8.905660054002095484e-09
7.690000057220458984e+00 6.310390331578274447e-09 7.573690675926254455e-09
7.699999809265136719e+00 5.056022201186603367e-09 6.227570088711911889e-09
7.710000038146972656e+00 3.801842333013458276e-09 4.874012656716814337e-09
7.719999790191650391e+00 2.554085242120923877e-09 3.519943291429748726e-09
7.730000019073486328e+00 1.318632648049213062e-09 2.171951939526533904e-09
7.739999771118164062e+00 1.014626912758274468e-10 8.367783444550872742e-10
7.750000000000000000e+00 -1.091844982469073828e-09 -4.792304850113223428e-10
7.759999752044677734e+00 -2.255670518545241353e-09 -1.769641564035784660e-09
7.769999980926513672e+00 -3.384831501404123629e-09 -3.028465008234141744e-09
7.779999732971191406e+00 -4.474163037592414812e-09 -4.249690762252392654e-09
7.789999961853027344e+00 -5.518969337067428809e-09 -5.427794151719750275e-09
7.799999713897705078e+00 -6.514630166374023183e-09 -6.557296836208420872e-09
7.809999942779541016e+00 -7.457018177868300678e-09 -7.633239352897270197e-09
7.819999694824218750e+00 -8.342138509157799940e-09 -8.650774322449298039e-09
7.829999923706054688e+00 -9.166504449044896224e-09 -9.605597268356201497e-09
7.839999675750732422e+00 -9.926816055658537673e-09 -1.049357921418216817e-08
7.849999904632568359e+00 -1.062028767663358288e-08 -1.131114800381274381e-08
7.859999656677246094e+00 -1.124437048131746936e-08 -1.205496642965672647e-08
7.869999885559082031e+00 -1.179702642568589346e-08 -1.272225738359315944e-08
7.879999637603759766e+00 -1.227649856437627445e-08 -1.331053257048743232e-08
7.889999866485595703e+00 -1.268152724721201887e-08 -1.381785606622704327e-08
7.899999618530273438e+00 -1.301117101726401353e-08 -1.424262752567976844e-08
7.909999847412109375e+00 -1.326496212265364586e-08 -1.458378009208489845e-08
7.919999599456787109e+00 -1.344277973461898690e-08 -1.484062082332690048e-08
7.929999828338623047e+00 -1.354494322275057203e-08 -1.501296035381482126e-08
7.940000057220458984e+00 -1.357213788907208217e-08 -1.510101426318749510e-08
7.949999809265136719e+00 -1.352544822411805477e-08 -1.510545241082515440e-08
7.960000038146972656e+00 -1.340632461122927326e-08 -1.502737349957865846e-08
7.969999790191650391e+00 -1.321659469154341331e-08 -1.486830285900732449e-08
7.980000019073486328e+00 -1.295840338275660338e-08 -1.463015005503488791e-08
7.989999771118164062e+00 -1.263426779556955960e-08 -1.431525385898584182e-08
8.000000000000000000e+00 -1.224696041455887611e-08 -1.392627440228244431e-08
8.010000228881835938e+00 -1.179958878181671003e-08 -1.346626951818761833e-08
8.019999504089355469e+00 -1.129556511847709833e-08 -1.293867007221140662e-08
8.029999732971191406e+00 -1.073839886028663664e-08 -1.234706202635374723e-08
8.039999961853027344e+00 -1.013196080073524122e-08 -1.169546395825934349e-08
8.050000190734863281e+00 -9.480270044928101123e-09 -1.098810552461172290e-08
8.059999465942382812e+00 -8.787580766398409170e-09 -1.022952175572069694e-08
8.069999694824218750e+00 -8.058086857206864506e-09 -9.424230210379389013e-09
8.079999923706054688e+00 -7.296291515119524772e-09 -8.577136528137556184e-09
8.090000152587890625e+00 -6.506718902863196051e-09 -7.693219687182699448e-09
8.099999427795410156e+00 -5.694029382023501493e-09 -6.777660630580454201e-09
8.109999656677246094e+00 -4.862680101810891130e-09 -5.835459783244636096e-09
8.119999885559082031e+00 -4.017364159333283941e-09 -4.871931786372757241e-09
8.130000114440917969e+00 -3.162676413748447957e-09 -3.892329098005277178e-09
8.139999389648437500e+00 -2.303247059823051608e-09 -2.901993680652665438e-09
8.149999618530273438e+00 -1.443389320589388093e-09 -1.905949826812419688e-09
8.159999847412109375e+00 -5.875691717897263263e-10 -9.094442997816380085e-10
8.170000076293945312e+00 2.599439829504884466e-10 8.245726152922800491e-11
8.179999351501464844e+00 1.094936584138903258e-09 1.064708255935367481e-09
8.189999580383300781e+00 1.913586829132714723e-09 2.032678651584502554e-09
8.199999809265136719e+00 2.712003216731367288e-09 2.981614395076566981e-09
8.210000038146972656e+00 3.486560065272842406e-09 3.907034237025050891e-09
8.220000267028808594e+00 4.233830917541589040e-09 4.804654544628485714e-09
8.229999542236328125e+00 4.950533798989020100e-09 5.670325746320009207e-09
8.239999771118164062e+00 5.633812196732796108e-09 6.500375258949930425e-09
8.250000000000000000e+00 6.280833333143838325e-09 7.291125521539338997e-09
8.260000228881835938e+00 6.889072113279708432e-09 8.039239981949117893e-09
8.269999504089355469e+00 7.456194963461375990e-09 8.741584801332513313e-09
8.279999732971191406e+00 7.980276601763366904e-09 9.395501369907776572e-09
8.289999961853027344e+00 8.459478151065010818e-09 9.998411280083312313e-09
8.300000190734863281e+00 8.892269291758863381e-09 1.054809467673338133e-08
8.309999465942382812e+00 9.277338183470829891e-09 1.104258078019606403e-08
8.319999694824218750e+00 9.613733106033179324e-09 1.148033404724316154e-08
8.329999923706054688e+00 9.900640193858441937e-09 1.185997236403066429e-08
8.340000152587890625e+00 1.013753228343101579e-08 1.218046124152575251e-08
8.349999427795410156e+00 1.032411088105589566e-08 1.244104087421342543e-08
8.359999656677246094e+00 1.046036809699559125e-08 1.264131752546300067e-08
8.369999885559082031e+00 1.054647469430380406e-08 1.278111095411286796e-08
8.380000114440917969e+00 1.058285022990476432e-08 1.286055518266953614e-08
8.389999389648437500e+00 1.057013990951172136e-08 1.288006636878440052e-08
8.399999618530273438e+00 1.050919798174322416e-08 1.284033820635926506e-08
8.409999847412109375e+00 1.040108755635164918e-08 1.274232370049913385e-08
8.420000076293945312e+00 1.024707228173568557e-08 1.258724029204350783e-08
8.429999351501464844e+00 1.004862768333263652e-08 1.237657908495954408e-08
8.439999580383300781e+00 9.807352195099430840e-09 1.211200963745996024e-08
8.449999809265136719e+00 9.525071537132902562e-09 1.179549054271931418e-08
8.460000038146972656e+00 9.203757242107006635e-09 1.142918328092520498e-08
8.470000267028808594e+00 8.845533239421229703e-09 1.101545810307321435e-08
8.479999542236328125e+00 8.452704242754240794e-09 1.055692757651787923e-08
8.489999771118164062e+00 8.027591478294725770e-09 1.005625444441272921e-08
8.500000000000000000e+00 7.572746364529808385e-09 9.516400906493820499e-09
8.510000228881835938e+00 7.090791840189069916e-09 8.940443557483328557e-09
8.519999504089355469e+00 6.584495335633012124e-09 8.331659840120915466e-09
8.529999732971191406e+00 6.056560628569955407e-09 7.693277321371819679e-09
8.539999961853027344e+00 5.509904993627885816e-09 7.028806724413860272e-09
8.550000190734863281e+00 4.947454754440014956e-09 6.341796116696704520e-09
8.559999465942382812e+00 4.372234204516172468e-09 5.635938754395419703e-09
8.569999694824218750e+00 3.787130990718041571e-09 4.914784696802168254e-09
8.579999923706054688e+00 3.195211582195145211e-09 4.182127646803836966e-09
8.590000152587890625e+00 2.599488409212323295e-09 3.441719139263266083e-09
8.599999427795410156e+00 2.003016566254666599e-09 2.697387909744320462e-09
8.609999656677246094e+00 1.408651660348743526e-09 1.952737161132281823e-09
8.619999885559082031e+00 8.193771104935755349e-10 1.211552629676366360e-09
8.630000114440917969e+00 2.380619873775824554e-10 4.775001923507317787e-10
8.639999389648437500e+00 -3.324424395722863644e-10 -2.457531936765403530e-10
8.649999618530273438e+00 -8.895332408163377089e-10 -9.548324864924587212e-10
8.659999847412109375e+00 -1.430542474031729948e-09 -1.646257886246146815e-09
8.670000076293945312e+00 -1.952969195938021946e-09 -2.316739427736630098e-09
8.679999351501464844e+00 -2.454390205201357085e-09 -2.963063713248715135e-09
8.689999580383300781e+00 -2.932661155566090937e-09 -3.582354205675061433e-09
8.699999809265136719e+00 -3.385640330712832329e-09 -4.171716110778751239e-09
8.710000038146972656e+00 -3.811392370334464710e-09 -4.728499828157996395e-09
8.720000267028808594e+00 -4.208148651014566567e-09 -5.250251307576051837e-09
8.729999542236328125e+00 -4.574282091663747297e-09 -5.734679738457879296e-09
8.739999771118164062e+00 -4.908451056798029043e-09 -6.179849623109746096e-09
8.750000000000000000e+00 -5.209395614642268197e-09 -6.583912740072704284e-09
8.760000228881835938e+00 -5.476085078227995350e-09 -6.945304800934577477e-09
8.769999504089355469e+00 -5.707664743148388933e-09 -7.262675874160850825e-09
8.779999732971191406e+00 -5.903543147240640699e-09 -7.535012308937398584e-09
8.789999961853027344e+00 -6.063260432566520646e-09 -7.761458435799493176e-09
8.800000190734863281e+00 -6.186579806506272127e-09 -7.941443847384980800e-09
8.809999465942382812e+00 -6.273455623879842993e-09 -8.074640813220256140e-09
8.819999694824218750e+00 -6.324060189740948948e-09 -8.161009289433499638e-09
8.829999923706054688e+00 -6.338729998188669352e-09 -8.200717784821819242e-09
8.840000152587890625e+00 -6.317997103955105995e-09 -8.194194217351772161e-09
8.849999427795410156e+00 -6.262579661056371095e-09 -8.142112163521950821e-09
8.859999656677246094e+00 -6.173350054374118674e-09 -8.045359268273268199e-09
8.869999885559082031e+00 -6.051358383734746417e-09 -7.905058491139199024e-09
8.880000114440917969e+00 -5.897805314047048893e-09 -7.722542561629704129e-09
8.889999389648437500e+00 -5.714054630568965719e-09 -7.499368874678313987e-09
8.899999618530273438e+00 -5.501549537756946647e-09 -7.237218312404587234e-09
8.909999847412109375e+00 -5.261906759569535334e-09 -6.938010163698628509e-09
8.920000076293945312e+00 -4.996837433674817505e-09 -6.603806850969641377e-09
8.929999351501464844e+00 -4.708179723023867672e-09 -6.236855288329117720e-09
8.939999580383300781e+00 -4.397774060802348335e-09 -5.839428681808283696e-09
8.949999809265136719e+00 -4.067616111089789262e-09 -5.414021407670936252e-09
8.960000038146972656e+00 -3.719736151425058727e-09 -4.963196172389682276e-09
8.970000267028808594e+00 -3.356213014653627449e-09 -4.489601607521553702e-09
8.979999542236328125e+00 -2.979198273494551219e-09 -3.996004308016850428e-09
8.989999771118164062e+00 -2.590758960639976999e-09 -3.485082743560801947e-09
9.000000000000000000e+00 -2.193081799791848058e-09 -2.959694483927129959e-09
9.010000228881835938e+00 -1.788318980384386994e-09 -2.422674159484208006e-09
9.019999504089355469e+00 -1.378651727860148321e-09 -1.876917046502231271e-09
9.029999732971191406e+00 -9.661229818406332085e-10 -1.325155483318835487e-09
9.039999961853027344e+00 -5.528621260943192601e-10 -7.702576198337573058e-10
9.050000190734863281e+00 -1.409194913798241861e-10 -2.150063617958285307e-10
9.059999465942382812e+00 2.676648862861317253e-10 3.378091598301573580e-10
9.069999694824218750e+00 6.710251074132418641e-10 8.856163512586688976e-10
9.079999923706054688e+00 1.067242967404616524e-09 1.425753772563833700e-09
9.090000152587890625e+00 1.454511403495271951e-09 1.955693186193233177e-09
9.099999427795410156e+00 1.831066415099989407e-09 2.472947907130527228e-09
9.109999656677246094e+00 2.195335554995930002e-09 2.975278109012250959e-09
9.119999885559082031e+00 2.545727465354998865e-09 3.460402909833263653e-09
9.130000114440917969e+00 2.880781431342847089e-09 3.926206872310220475e-09
9.139999389648437500e+00 3.199105560850819573e-09 4.370655711076095801e-09
9.149999618530273438e+00 3.499500281122232803e-09 4.791970146244827073e-09
9.159999847412109375e+00 3.780779142276539332e-09 5.188376948774920786e-09
9.170000076293945312e+00 4.041894672539210293e-09 5.558285753011632399e-09
9.179999351501464844e+00 4.281887577468504684e-09 5.900218778589741081e-09
9.189999580383300781e+00 4.499978099797798408e-09 6.212942426204872314e-09
9.199999809265136719e+00 4.695429974084465103e-09 6.495274656759360434e-09
9.210000038146972656e+00 4.867645116728907664e-09 6.746220941391726361e-09
9.220000267028808594e+00 5.016140368674341122e-09 6.964942448177102892e-09
9.229999542236328125e+00 5.140537080070480269e-09 7.150741540018939432e-09
9.239999771118164062e+00 5.240606206355970409e-09 7.303130637420924206e-09
9.250000000000000000e+00 5.316196677991146803e-09 7.421726435352280623e-09
9.260000228881835938e+00 5.367284434192970444e-09 7.506324100404458492e-09
9.269999504089355469e+00 5.393956915036017369e-09 7.556874371979937457e-09
9.279999732971191406e+00 5.396419440383178857e-09 7.573498674580595387e-09
9.289999961853027344e+00 5.374978156998991690e-09 7.556458767605266923e-09
9.300000190734863281e+00 5.330050339960806610e-09 7.506177297741078721e-09
9.309999465942382812e+00 5.262165673592853802e-09 7.423238274341564200e-09
9.319999694824218750e+00 5.171935196214463295e-09 7.308349198488208782e-09
9.329999923706054688e+00 5.060086889903578088e-09 7.162384953529823030e-09
9.340000152587890625e+00 4.927438159730304966e-09 6.986354937610424574e-09
9.349999427795410156e+00 4.774912528190024911e-09 6.781425432580289761e-09
9.359999656677246094e+00 4.603474957199760150e-09 6.548833140095517384e-09
9.369999885559082031e+00 4.414214288965803049e-09 6.289996513368356338e-09
9.380000114440917969e+00 4.208281457330100616e-09 6.006433454595156399e-09
9.389999389648437500e+00 3.986919116528291463e-09 5.699802422622982412e-09
9.399999618530273438e+00 3.751369513058247333e-09 5.371775236487106757e-09
9.409999847412109375e+00 3.502994792108737899e-09 5.024204215489897242e-09
9.420000076293945312e+00 3.243186984432709564e-09 4.658998069382262785e-09
9.429999351501464844e+00 2.973407343825470981e-09 4.278177382051159887e-09
9.439999580383300781e+00 2.695074945506483397e-09 3.883717612772474710e-09
9.449999809265136719e+00 2.409713527265346430e-09 3.477756670292118054e-09
9.460000038146972656e+00 2.118841407818383482e-09 3.062439857020691704e-09
9.469999313354492188e+00 1.824016914576889138e-09 2.639984659374274153e-09
9.479999542236328125e+00 1.526717292969963453e-09 2.212507212020689764e-09
9.489999771118164062e+00 1.228499378809561135e-09 1.782252516733905661e-09
9.500000000000000000e+00 9.308790816395697173e-10 1.351421756398689762e-09
9.510000228881835938e+00 6.353511583487915538e-10 9.222002877519784142e-10
9.519999504089355469e+00 3.434087915020585522e-10 4.967860303452827590e-10
9.529999732971191406e+00 5.642467625668799487e-11 7.721570961924276493e-11
9.539999961853027344e+00 -2.241893161899625409e-10 -3.344029534092607867e-10
9.550000190734863281e+00 -4.971013060626205052e-10 -7.360653634644411984e-10
9.559999465942382812e+00 -7.610135876785412974e-10 -1.125803534853085599e-09
9.569999694824218750e+00 -1.014768968224045256e-09 -1.501843979128698197e-09
9.579999923706054688e+00 -1.257205596971286963e-09 -1.862394146068673071e-09
9.590000152587890625e+00 -1.487264147550933449e-09 -2.205801525233990828e-09
9.599999427795410156e+00 -1.703947146136839288e-09 -2.530494190735634329e-09
9.609999656677246094e+00 -1.906404723131075786e-09 -2.835110453781364232e-09
9.619999885559082031e+00 -2.093814220195275434e-09 -3.118319556583622625e-09
9.630000114440917969e+00 -2.265467320894980150e-09 -3.378953299287859136e-09
9.639999389648437500e+00 -2.420737151026402905e-09 -3.615957586771309558e-09
9.649999618530273438e+00 -2.559137719409657422e-09 -3.828484521896653874e-09
9.659999847412109375e+00 -2.680236089436315285e-09 -4.015759601807670542e-09
9.670000076293945312e+00 -2.783713677227919606e-09 -4.177176465253182318e-09
9.679999351501464844e+00 -2.869343132874735136e-09 -4.312262526090442976e-09
9.689999580383300781e+00 -2.937018466337155600e-09 -4.420728031949798715e-09
9.699999809265136719e+00 -2.986704590036852148e-09 -4.502387818428169488e-09
9.710000038146972656e+00 -3.018469696286008399e-09 -4.557213597462181067e-09
9.719999313354492188e+00 -3.032473194061837225e-09 -4.585315739203794084e-09
9.729999542236328125e+00 -3.028966303294075764e-09 -4.586947959466391346e-09
9.739999771118164062e+00 -3.008280578492808657e-09 -4.562487046327513626e-09
9.750000000000000000e+00 -2.970831015052603972e-09 -4.512441187647125598e-09
9.760000228881835938e+00 -2.917109601971472439e-09 -4.437440469379563831e-09
9.769999504089355469e+00 -2.847688090853875889e-09 -4.338241353711242308e-09
9.779999732971191406e+00 -2.763185155941960479e-09 -4.215679908450942048e-09
9.789999961853027344e+00 -2.664301152249487842e-09 -4.070721682338807500e-09
9.800000190734863281e+00 -2.551787838372749442e-09 -3.904418725169545197e-09
9.809999465942382812e+00 -2.426461449814501399e-09 -3.717928990000501737e-09
9.819999694824218750e+00 -2.289148226154914072e-09 -3.512435406367090109e-09
9.829999923706054688e+00 -2.140750793257334350e-09 -3.289244805595394997e-09
9.840000152587890625e+00 -1.982196028078150005e-09 -3.049710528926878626e-09
9.849999427795410156e+00 -1.814457402188816222e-09 -2.795266144209734077e-09
9.859999656677246094e+00 -1.638484746688197932e-09 -2.527318901623150022e-09
9.869999885559082031e+00 -1.455295127801288531e-09 -2.247387605776320185e-09
9.880000114440917969e+00 -1.265904489583007382e-09 -1.956998991528351439e-09
9.889999389648437500e+00 -1.071357000864455010e-09 -1.657732558819135002e-09
9.899999618530273438e+00 -8.726454813820457233e-10 -1.351098052882621054e-09
9.909999847412109375e+00 -6.708181993193511353e-10 -1.038699677700808021e-09
9.920000076293945312e+00 -4.669005247171478359e-10 -7.221155632962134687e-10
9.929999351501464844e+00 -2.619284942013502015e-10 -4.029496223205970495e-10
9.939999580383300781e+00 -5.686635011714281048e-11 -8.270296016885581523e-11
9.949999809265136719e+00 1.472799868348291503e-10 2.370495670924014385e-10
9.960000038146972656e+00 3.495449101075088383e-10 5.547870997164235747e-10
9.969999313354492188e+00 5.489683664500051934e-10 8.689884974717714189e-10
9.979999542236328125e+00 7.446751148749312332e-10 1.178257471927620468e-09
9.989999771118164062e+00 9.357637435898019335e-10 1.481147925448147802e-09
1.000000000000000000e+01 1.121386224699782477e-09 1.776289442300100248e-09
1.001000022888183594e+01 1.300731686855976443e-09 2.062362041306690068e-09
1.001999950408935547e+01 1.473013127880953469e-09 2.338075112964425258e-09
1.002999973297119141e+01 1.637535105068636267e-09 2.602276131190968194e-09
1.003999996185302734e+01 1.793597517529755387e-09 2.853797003363925676e-09
1.005000019073486328e+01 1.940564405491887341e-09 3.091564476823002882e-09
1.005999946594238281e+01 2.077836718398956150e-09 3.314556694429769023e-09
1.006999969482421875e+01 2.204905763952336508e-09 3.521890559658152037e-09
1.007999992370605469e+01 2.321276407933389333e-09 3.712697473890222056e-09
1.009000015258789062e+01 2.426522083448087673e-09 3.886213171517207877e-09
1.009999942779541016e+01 2.520264314901525008e-09 4.041744782718746567e-09
1.010999965667724609e+01 2.602208658883108559e-09 4.178731204700322385e-09
1.011999988555908203e+01 2.672092081657184996e-09 4.296656478909283328e-09
1.013000011444091797e+01 2.729720702360714920e-09 4.395113070198161829e-09
1.013999938964843750e+01 2.774957190993121929e-09 4.473781442274764920e-09
1.014999961853027344e+01 2.807737209271917946e-09 4.532459651729424322e-09
1.015999984741210938e+01 2.828043622183670049e-09 4.571019385899823459e-09
1.017000007629394531e+01 2.835924786240779583e-09 4.589438566067931883e-09
1.017999935150146484e+01 2.831490203809002703e-09 4.587794243147450564e-09
1.018999958038330078e+01 2.814906914110572558e-09 4.566259821831980821e-09
1.019999980926513672e+01 2.786401019810104362e-09 4.525105315417314497e-09
1.021000003814697266e+01 2.746255814821791853e-09 4.464697402714964863e-09
1.021999931335449219e+01 2.694815407732391502e-09 4.385505326244479423e-09
1.022999954223632812e+01 2.632462054954392962e-09 4.288066605826420158e-09
1.023999977111816406e+01 2.559643393714600195e-09 4.173029629124206208e-09
1.025000000000000000e+01 2.476851297126532733e-09 4.041121832008398543e-09
1.026000022888183594e+01 2.384623400009556242e-09 3.893152484385697367e-09
1.026999950408935547e+01 2.283550018334407445e-09 3.730024540101624792e-09
1.027999973297119141e+01 2.174231350376809579e-09 3.552666029803864095e-09
1.028999996185302734e+01 2.057331781253942154e-09 3.362118158347272084e-09
1.030000019073486328e+01 1.933538260301193034e-09 3.159468574332643513e-09
1.030999946594238281e+01 1.803578161350707113e-09 2.945880817313944889e-09
1.031999969482421875e+01 1.668164903043616303e-09 2.722505133875608307e-09
1.032999992370605469e+01 1.528068092476363324e-09 2.490593911810575136e-09
1.034000015258789062e+01 1.384060020743973855e-09 2.251413873647870903e-09
1.034999942779541016e+01 1.236937429504583125e-09 2.006282106838094575e-09
1.035999965667724609e+01 1.087460538314018361e-09 1.756464333050735371e-09
1.036999988555908203e+01 9.364328155612048942e-10 1.503307649692005221e-09
1.038000011444091797e+01 7.846405676319048948e-10 1.248139677773910369e-09
1.038999938964843750e+01 6.328768608888853521e-10 9.923083344285242678e-10
1.039999961853027344e+01 4.818792987101198633e-10 7.370765055697586402e-10
1.040999984741210938e+01 3.324128019030835331e-10 4.837611433339090698e-10
1.042000007629394531e+01 1.852076190945245925e-10 2.336283115548652710e-10
1.042999935150146484e+01 4.098360104927967409e-11 -1.206624366944196242e-11
1.043999958038330078e+01 -9.960812476485819680e-11 -2.521770942960002665e-10
1.044999980926513672e+01 -2.359058534751309087e-10 -4.855346562926240100e-10
1.046000003814697266e+01 -3.672957417006840735e-10 -7.110453482528685115e-10
1.046999931335449219e+01 -4.931889415030182575e-10 -9.276531312694830629e-10
1.047999954223632812e+01 -6.130715786498119465e-10 -1.134426215657473522e-09
1.048999977111816406e+01 -7.264347892674555493e-10 -1.330437349942190406e-09
1.050000000000000000e+01 -8.328251697522803947e-10 -1.514851249149557188e-09
1.051000022888183594e+01 -9.318340140272592515e-10 -1.686906768288377614e-09
1.051999950408935547e+01 -1.023090182203654859e-09 -1.845905081286812506e-09
1.052999973297119141e+01 -1.106295052633736318e-09 -1.991271230294310231e-09
1.053999996185302734e+01 -1.181170818450808688e-09 -2.122464618002513538e-09
1.055000019073486328e+01 -1.247496338752409717e-09 -2.239041991835886143e-09
1.055999946594238281e+01 -1.305092958418889589e-09 -2.340633155513517141e-09
1.056999969482421875e+01 -1.353845343114820103e-09 -2.426978254540540058e-09
1.057999992370605469e+01 -1.393667937591736988e-09 -2.497869070330799424e-09
1.059000015258789062e+01 -1.424526981828551845e-09 -2.553188252150743016e-09
1.059999942779541016e+01 -1.446431907707254245e-09 -2.592894451541599860e-09
1.060999965667724609e+01 -1.459441607431982855e-09 -2.617034172853296424e-09
1.061999988555908203e+01 -1.463650493564494676e-09 -2.625716903401430528e-09
1.063000011444091797e+01 -1.459196131229099621e-09 -2.619129283808382895e-09
1.063999938964843750e+01 -1.446256638529168286e-09 -2.597530602751105119e-09
1.064999961853027344e+01 -1.425043096676503099e-09 -2.561240140362367913e-09
1.065999984741210938e+01 -1.395805043696280754e-09 -2.510646400630570017e-09
1.067000007629394531e+01 -1.358824299085107217e-09 -2.446196934934612805e-09
1.067999935150146484e+01 -1.314418279321472311e-09 -2.368404262899337286e-09
1.068999958038330078e+01 -1.262920191808913550e-09 -2.277811343543440934e-09
1.069999980926513672e+01 -1.204702305254217849e-09 -2.175032533837878558e-09
1.071000003814697266e+01 -1.140157463327255822e-09 -2.060721439625242202e-09
1.071999931335449219e+01 -1.069707722041664763e-09 -1.935586421158579057e-09
1.072999954223632812e+01 -9.937746564463905730e-10 -1.800338082307786281e-09
1.073999977111816406e+01 -9.128174906776901992e-10 -1.655757261677132549e-09
1.075000000000000000e+01 -8.273044947954276805e-10 -1.502644537447597583e-09
1.076000022888183594e+01 -7.377171938480372880e-10 -1.341827965195779424e-09
1.076999950408935547e+01 -6.445571845940808297e-10 -1.174175697610293870e-09
1.077999973297119141e+01 -5.483080356905750183e-10 -1.000527711029944079e-09
1.078999996185302734e+01 -4.494864761085697543e-10 -8.217882447987123719e-10
1.080000019073486328e+01 -3.486049641355900110e-10 -6.388587956388637570e-10
1.080999946594238281e+01 -2.461880746929771415e-10 -4.526680894051319461e-10
1.081999969482421875e+01 -1.427311304526540148e-10 -2.640971431938537151e-10
1.082999992370605469e+01 -3.875676021444241300e-11 -7.408236934225763181e-11
1.084000015258789062e+01 6.522618580577998186e-11 1.164588180799477110e-10
1.084999942779541016e+01 1.687051852220812804e-10 3.065958769615122921e-10
1.085999965667724609e+01 2.712055382117029539e-10 4.954612327224765570e-10
1.086999988555908203e+01 3.722331119676819017e-10 6.821449317422720406e-10
1.088000011444091797e+01 4.713159201257995963e-10 8.657709087218591498e-10
1.088999938964843750e+01 5.679870947595738591e-10 1.045465488126482110e-09
1.089999961853027344e+01 6.618234647056800638e-10 1.220429162411226392e-09
1.090999984741210938e+01 7.523920454030861823e-10 1.389837214404175944e-09
1.092000007629394531e+01 8.392890137458261293e-10 1.552912281175663108e-09
1.092999935150146484e+01 9.221244204496152203e-10 1.708895998525088298e-09
1.093999958038330078e+01 1.000555082822087660e-09 1.857111280099499824e-09
1.094999980926513672e+01 1.074238718128195005e-09 1.996876309869611662e-09
1.096000003814697266e+01 1.142867462817294511e-09 2.127568054673001903e-09
1.096999931335449219e+01 1.206155380089093344e-09 2.248599090136810451e-09
1.097999954223632812e+01 1.263863357410501883e-09 2.359465818207233583e-09
1.098999977111816406e+01 1.315763982249768064e-09 2.459681905577178959e-09
1.100000000000000000e+01 1.361667209240927881e-09 2.548827996849643305e-09
1.101000022888183594e+01 1.401414896158376297e-09 2.626542017116381189e-09
1.101999950408935547e+01 1.434878581338647472e-09 2.692515489453756490e-09
1.102999973297119141e+01 1.461972143588932869e-09 2.746519326799918476e-09
1.103999996185302734e+01 1.482632951876071258e-09 2.788367461225040234e-09
1.105000019073486328e+01 1.496835368009667815e-09 2.817944230511598713e-09
1.105999946594238281e+01 1.504586753723314338e-09 2.835197162256289861e-09
1.106999969482421875e+01 1.505929547278656694e-09 2.840142687245052911e-09
1.107999992370605469e+01 1.500936373979613645e-09 2.832856177590407179e-09
1.109000015258789062e+01 1.489712960270791605e-09 2.813479204798048157e-09
1.109999942779541016e+01 1.472398174472068559e-09 2.782219927871679827e-09
1.110999965667724609e+01 1.449155796899196317e-09 2.739338690463261188e-09
1.111999988555908203e+01 1.420183230671503636e-09 2.685164197483566397e-09
1.113000011444091797e+01 1.385704064899729058e-09 2.620080543175141715e-09
1.113999938964843750e+01 1.345971909829095267e-09 2.544534772938539327e-09
1.114999961853027344e+01 1.301253020414097823e-09 2.459004134817805407e-09
1.115999984741210938e+01 1.251847222359056445e-09 2.364036112224391524e-09
1.117000007629394531e+01 1.198071253677744022e-09 2.260216958718093369e-09
1.117999935150146484e+01 1.140265922038715717e-09 2.148185583560683278e-09
1.118999958038330078e+01 1.078771491135152163e-09 2.028585873449838562e-09
1.119999980926513672e+01 1.013958568474202206e-09 1.902126535197627405e-09
1.121000003814697266e+01 9.462041049721609113e-10 1.769534525564744519e-09
1.121999931335449219e+01 8.759012067229462192e-10 1.631574062000500198e-09
1.122999954223632812e+01 8.034297200827228997e-10 1.488988685548190871e-09
1.123999977111816406e+01 7.291941774555282780e-10 1.342575486009267238e-09
1.125000000000000000e+01 6.535948574847205180e-10 1.193128056310800355e-09
1.125999927520751953e+01 5.770394280178738846e-10 1.041459141487733895e-09
1.126999950408935547e+01 4.999114167140445600e-10 8.883378142391401870e-10
1.127999973297119141e+01 4.226119216081101692e-10 7.345717561380691446e-10
1.128999996185302734e+01 3.455283825722285077e-10 5.809450446221497869e-10
1.130000019073486328e+01 2.690398706112195986e-10 4.282282313812016332e-10
1.130999946594238281e+01 1.935223690572000419e-10 2.771885651971742866e-10
1.131999969482421875e+01 1.193183055712847988e-10 1.285286796964443946e-10
1.132999992370605469e+01 4.677819893156381278e-11 -1.703044635711544551e-11
1.134000015258789062e+01 -2.376976960060613777e-11 -1.588106467364202007e-10
1.134999942779541016e+01 -9.200746261750790098e-11 -2.961522023008850068e-10
1.135999965667724609e+01 -1.576538120473143140e-10 -4.284685148875512810e-10
1.136999988555908203e+01 -2.204267961575052896e-10 -5.551698078092783617e-10
1.138000011444091797e+01 -2.800706522461778266e-10 -6.757180818686852183e-10
1.138999938964843750e+01 -3.363448409884556556e-10 -7.896050224119916341e-10
1.139999961853027344e+01 -3.890458463170208048e-10 -8.963962695102805978e-10
1.140999984741210938e+01 -4.379754591021355753e-10 -9.956673374048243039e-10
1.142000007629394531e+01 -4.829629806971915510e-10 -1.087048622469181628e-09
1.142999935150146484e+01 -5.238562574550626012e-10 -1.170207290252589277e-09
1.143999958038330078e+01 -5.605370422776559381e-10 -1.244878570194527843e-09
1.144999980926513672e+01 -5.928976164857688032e-10 -1.310818246252268489e-09
1.146000003814697266e+01 -6.208567343178396563e-10 -1.367835102545475447e-09
1.146999931335449219e+01 -6.443533416239210227e-10 -1.415778168249565636e-09
1.147999954223632812e+01 -6.633548680740177573e-10 -1.454553676018696334e-09
1.148999977111816406e+01 -6.778434491746694511e-10 -1.484096991678745585e-09
1.150000000000000000e+01 -6.878249190657649546e-10 -1.504391026760133977e-09
1.150999927520751953e+01 -6.933255733081042751e-10 -1.515459739030341390e-09
1.151999950408935547e+01 -6.943933044683161750e-10 -1.517370494338108619e-09
1.152999973297119141e+01 -6.910938696452022920e-10 -1.510226676328983362e-09
1.153999996185302734e+01 -6.835127677291757896e-10 -1.494171642784591125e-09
1.155000019073486328e+01 -6.717538077420137484e-10 -1.469386023429540743e-09
1.155999946594238281e+01 -6.559400664181519340e-10 -1.436090028341802187e-09
1.156999969482421875e+01 -6.362066823532788134e-10 -1.394528609547872128e-09
1.157999992370605469e+01 -6.127091016626407542e-10 -1.344989183423316322e-09
1.159000015258789062e+01 -5.856165547734218383e-10 -1.287788298559384967e-09
1.159999942779541016e+01 -5.551155388595345812e-10 -1.223279434272984140e-09
1.160999965667724609e+01 -5.213969157061419490e-10 -1.151826168671826532e-09
1.161999988555908203e+01 -4.846724217448917678e-10 -1.073837575302898173e-09
1.163000011444091797e+01 -4.451623290159014981e-10 -9.897426373818702846e-10
1.163999938964843750e+01 -4.031012790670609323e-10 -9.000031705522020488e-10
1.164999961853027344e+01 -3.587209139434100160e-10 -8.050772656601762508e-10
1.165999984741210938e+01 -3.122728727391213960e-10 -7.054688562856034999e-10
1.167000007629394531e+01 -2.640118250093494817e-10 -6.016920316573989046e-10
1.167999935150146484e+01 -2.142030128161527453e-10 -4.942877021570043973e-10
1.168999958038330078e+01 -1.631019017027483659e-10 -3.837801420262197995e-10
1.169999980926513672e+01 -1.109815025013789479e-10 -2.707363043916743362e-10
1.171000003814697266e+01 -5.811224798323072794e-11 -1.557228098645233121e-10
1.171999931335449219e+01 -4.770517379321598499e-12 -3.932475211984921301e-11
1.172999954223632812e+01 4.878303341143239694e-11 7.790136770198988149e-11
1.173999977111816406e+01 1.022741864721558946e-10 1.953635570523463313e-10
1.175000000000000000e+01 1.554367760204559521e-10 3.124813570869057321e-10
1.175999927520751953e+01 2.080039175391761869e-10 4.286665391238388932e-10
1.176999950408935547e+01 2.597292731614085071e-10 5.433701664527842035e-10
1.177999973297119141e+01 3.103581785405134906e-10 6.560188846203555020e-10
1.178999996185302734e+01 3.596490006412980696e-10 7.660622801230444215e-10
1.180000019073486328e+01 4.073692756800573764e-10 8.729646328089710467e-10
1.180999946594238281e+01 4.532925623549138473e-10 9.761981289496273879e-10
1.181999969482421875e+01 4.972168829212707654e-10 1.075284729382508030e-09
1.182999992370605469e+01 5.389394439991166400e-10 1.169739784564797438e-09
1.184000015258789062e+01 5.782753144766224657e-10 1.259114493970310760e-09
1.184999942779541016e+01 6.150504644428847215e-10 1.342980707812012886e-09
1.185999965667724609e+01 6.491163581905700646e-10 1.420964812959768187e-09
1.186999988555908203e+01 6.803296043252198312e-10 1.492701929561809900e-09
1.188000011444091797e+01 7.085668694010670351e-10 1.557870529380016138e-09
1.188999938964843750e+01 7.337195185288431067e-10 1.616180781974271938e-09
1.189999961853027344e+01 7.557033343588284785e-10 1.667397753652643632e-09
1.190999984741210938e+01 7.744444196284760757e-10 1.711309357432085617e-09
1.192000007629394531e+01 7.898892962025359546e-10 1.747750366352714057e-09
1.192999935150146484e+01 8.020014483688044524e-10 1.776594938004887974e-09
1.193999958038330078e+01 8.107655993797163114e-10 1.797767404850016446e-09
1.194999980926513672e+01 8.161806406693341053e-10 1.811225970029235042e-09
1.196000003814697266e+01 8.182643268390169497e-10 1.816974360318924207e-09
1.196999931335449219e+01 8.170518793525259118e-10 1.815058869606972233e-09
1.197999954223632812e+01 8.125947519938296836e-10 1.805566209544895848e-09
1.198999977111816406e+01 8.049607785922870144e-10 1.788623645831311321e-09
1.200000000000000000e+01 7.942333748380276932e-10 1.764397741650140216e-09
1.200999927520751953e+01 7.805122146926807605e-10 1.733095978431181061e-09
1.201999950408935547e+01 7.639068987962373961e-10 1.694952374188877193e-09
1.202999973297119141e+01 7.445439434938068731e-10 1.650243445137161458e-09
1.203999996185302734e+01 7.225608797035436653e-10 1.599274726369041668e-09
1.205000019073486328e+01 6.981064263829400837e-10 1.542381054731599173e-09
1.205999946594238281e+01 6.713421102490741848e-10 1.479930256924915951e-09
1.206999969482421875e+01 6.424307582595850021e-10 1.412296138445458943e-09
1.207999992370605469e+01 6.115507382401966257e-10 1.339891529694326782e-09
1.209000015258789062e+01 5.788848341098896591e-10 1.263142132961157514e-09
1.209999942779541016e+01 5.446249034005386067e-10 1.182497222813210268e-09
1.210999965667724609e+01 5.089575260935355669e-10 1.098395624771175065e-09
1.211999988555908203e+01 4.720825196717197712e-10 1.011309064766114441e-09
1.213000011444091797e+01 4.341988974251995151e-10 9.217088970912733242e-10
1.213999938964843750e+01 3.955107039292116979e-10 8.300796680605202367e-10
1.214999961853027344e+01 3.562111223204583174e-10 7.368812677228252452e-10
1.215999984741210938e+01 3.165036227442741378e-10 6.425988415983280479e-10
1.217000007629394531e+01 2.765862764302022841e-10 5.477054994516920363e-10
1.217999935150146484e+01 2.366582739377523960e-10 4.526776725999964214e-10
1.218999958038330078e+01 1.969037954696072228e-10 3.579566328693829457e-10
1.219999980926513672e+01 1.575140422718202875e-10 2.640008777240905163e-10
1.221000003814697266e+01 1.186711898678892696e-10 1.712479329068298580e-10
1.221999931335449219e+01 8.055505159284071693e-11 8.013026530173324724e-11
1.222999954223632812e+01 4.332791462841504863e-11 -8.960922330300401183e-12
1.223999977111816406e+01 7.155739714263477371e-12 -9.562493027554257748e-11
1.225000000000000000e+01 -2.780705180985146237e-11 -1.794878133848624687e-10
1.225999927520751953e+01 -6.141130047826265856e-11 -2.601872151893722576e-10
1.226999950408935547e+01 -9.352628032674113420e-11 -3.374038643924251847e-10
1.227999973297119141e+01 -1.240208780900627576e-10 -4.108162251410337466e-10
1.228999996185302734e+01 -1.527769377397092845e-10 -4.801323823568489400e-10
1.230000019073486328e+01 -1.796863199886005695e-10 -5.450828390327388107e-10
1.230999946594238281e+01 -2.046489021672092989e-10 -6.054155408295352329e-10
1.231999969482421875e+01 -2.275821563122470923e-10 -6.609189177176218254e-10
1.232999992370605469e+01 -2.484070479335031318e-10 -7.113877110322459192e-10
1.234000015258789062e+01 -2.670579083354722100e-10 -7.566467707569041254e-10
1.234999942779541016e+01 -2.834786131750673293e-10 -7.965417853476680564e-10
1.235999965667724609e+01 -2.976287056161250716e-10 -8.309541888353664673e-10
1.236999988555908203e+01 -3.094740248647027804e-10 -8.597784619387144535e-10
1.238000011444091797e+01 -3.189931810530888098e-10 -8.829379828170328012e-10
1.238999938964843750e+01 -3.261752618470717499e-10 -9.003796356670425554e-10
1.239999961853027344e+01 -3.310222637041504006e-10 -9.120799382047517800e-10
1.240999984741210938e+01 -3.335448582464607566e-10 -9.180350342192488029e-10
1.242000007629394531e+01 -3.337651933393696505e-10 -9.182678299074980725e-10
1.242999935150146484e+01 -3.317161979461007645e-10 -9.128267288742877870e-10
1.243999958038330078e+01 -3.274403428426820412e-10 -9.017828433535730080e-10
1.244999980926513672e+01 -3.209905404316964332e-10 -8.852328893162408254e-10
1.246000003814697266e+01 -3.124292575584340306e-10 -8.632973501219603261e-10
1.246999931335449219e+01 -3.018293520464919647e-10 -8.361231925042903871e-10
1.247999954223632812e+01 -2.892694367025731790e-10 -8.038725436091171008e-10
1.248999977111816406e+01 -2.748395222762749897e-10 -7.667377225052532370e-10
1.250000000000000000e+01 -2.586366875085423738e-10 -7.249307148931309308e-10
1.250999927520751953e+01 -2.407672650468088622e-10 -6.786893840242218816e-10
1.251999950408935547e+01 -2.213393179252002953e-10 -6.282585413184866773e-10
1.252999973297119141e+01 -2.004723018818654038e-10 -5.739154660018601487e-10
1.253999996185302734e+01 -1.782897836413208286e-10 -5.159515598992947751e-10
1.255000019073486328e+01 -1.549204255583262077e-10 -4.546753239017287097e-10
1.255999946594238281e+01 -1.304996916076930945e-10 -3.904172663442734945e-10
1.256999969482421875e+01 -1.051597346130528169e-10 -3.235036200454613456e-10
1.257999992370605469e+01 -7.904267637197281999e-11 -2.542915626975628243e-10
1.259000015258789062e+01 -5.229064535347276319e-11 -1.831432337569480145e-10
1.259999942779541016e+01 -2.504993043664812264e-11 -1.104368960426849884e-10
1.260999965667724609e+01 2.540213279263035644e-12 -3.653711540842507313e-11
1.261999988555908203e+01 3.033271206050478047e-11 3.816559563779368786e-11
1.263000011444091797e+01 5.818379076583535061e-11 1.132844999686132862e-10
1.263999938964843750e+01 8.594850622102070944e-11 1.884247675508260316e-10
1.264999961853027344e+01 1.134920725586710724e-10 2.632143468110179457e-10
1.265999984741210938e+01 1.406746759793481971e-10 3.372631329169188060e-10
1.267000007629394531e+01 1.673627928643426713e-10 4.101939029614515661e-10
1.267999935150146484e+01 1.934247600580685676e-10 4.816306293501163852e-10
1.268999958038330078e+01 2.187413056061726703e-10 5.512277772756583224e-10
1.269999980926513672e+01 2.431912281144767049e-10 6.186315003742373183e-10
1.271000003814697266e+01 2.666619850692505159e-10 6.835091277307937733e-10
1.271999931335449219e+01 2.890456246816933531e-10 7.455384593777276975e-10
1.272999954223632812e+01 3.102477057454679907e-10 8.044330047823708786e-10
1.273999977111816406e+01 3.301749081926017403e-10 8.599081538234245340e-10
1.275000000000000000e+01 3.487440693787977639e-10 9.117067075050020780e-10
1.275999927520751953e+01 3.658787603227489072e-10 9.595898455393341923e-10
1.276999950408935547e+01 3.815159595932120510e-10 1.003356244134772656e-09
1.277999973297119141e+01 3.955964554500382993e-10 1.042815679460048871e-09
1.278999996185302734e+01 4.080716876390495143e-10 1.077808532537094554e-09
1.279999923706054688e+01 4.189011942927478267e-10 1.108198995755921411e-09
1.280999946594238281e+01 4.280566344756962950e-10 1.133886662872300419e-09
1.281999969482421875e+01 4.355155800588104413e-10 1.154789353213694597e-09
1.282999992370605469e+01 4.412657479616186318e-10 1.170855184901345253e-09
1.284000015258789062e+01 4.453037772619147006e-10 1.182059284185173919e-09
1.284999942779541016e+01 4.476349277527632994e-10 1.188403048470394043e-09
1.285999965667724609e+01 4.482735994815718445e-10 1.189915555194552789e-09
1.286999988555908203e+01 4.472417511913419533e-10 1.186649218058701888e-09
1.288000011444091797e+01 4.445696618348570303e-10 1.178681792486813686e-09
1.288999938964843750e+01 4.402957833071905515e-10 1.166115931456805852e-09
1.289999961853027344e+01 4.344645965907659910e-10 1.149072798810713326e-09
1.290999984741210938e+01 4.271286749608263743e-10 1.127698013991747992e-09
1.292000007629394531e+01 4.183467868192036973e-10 1.102155925126335285e-09
1.292999935150146484e+01 4.081848231995883211e-10 1.072632151935668507e-09
1.293999958038330078e+01 3.967113318502225996e-10 1.039320440029337595e-09
1.294999980926513672e+01 3.840028712513997062e-10 1.002438042758453431e-09
1.296000003814697266e+01 3.701397748845921295e-10 9.622132485035042627e-10
1.296999931335449219e+01 3.552080359720984588e-10 9.188907021491310718e-10
1.297999954223632812e+01 3.392930096740003573e-10 8.727130021360825761e-10
1.298999977111816406e+01 3.224874695676498474e-10 8.239439699511698267e-10
1.300000000000000000e+01 3.048855024812872019e-10 7.728508632372468891e-10
1.300999927520751953e+01 2.865851593639833475e-10 7.197120329274579851e-10
1.301999950408935547e+01 2.676809100799779950e-10 6.647950117413793034e-10
1.302999973297119141e+01 2.482736405099129492e-10 6.083855796569270089e-10
1.303999996185302734e+01 2.284632454386776194e-10 5.507663349843753458e-10
1.304999923706054688e+01 2.083517990607145087e-10 4.922260307753116951e-10
1.305999946594238281e+01 1.880353902377261429e-10 4.330359591366355919e-10
1.306999969482421875e+01 1.676151953332321239e-10 3.734823682270764417e-10
1.307999992370605469e+01 1.471893861253312064e-10 3.138431291290030708e-10
1.309000015258789062e+01 1.268546112241351200e-10 2.543922855839092572e-10
1.309999942779541016e+01 1.067074965765391625e-10 1.954047158787693404e-10
1.310999965667724609e+01 8.683658166667960923e-11 1.371327903898887033e-10
1.311999988555908203e+01 6.733348379146798392e-11 7.983933643541517944e-11
1.313000011444091797e+01 4.828482231292629524e-11 2.377427751446815442e-11
1.313999938964843750e+01 2.977554348245963084e-11 -3.081533074435522029e-11
1.314999961853027344e+01 1.188158313547800237e-11 -8.370670125788900393e-11
1.315999984741210938e+01 -5.319837630798678186e-12 -1.346707276874412418e-10
1.317000007629394531e+01 -2.175762228964655030e-11 -1.834936386764071171e-10
1.317999935150146484e+01 -3.736382797002716906e-11 -2.299680466962950276e-10
1.318999958038330078e+01 -5.207978789543565592e-11 -2.739110855100049923e-10
1.319999980926513672e+01 -6.584739753243253455e-11 -3.151384047425892389e-10
1.321000003814697266e+01 -7.861535763856152295e-11 -3.534827513464912199e-10
1.321999931335449219e+01 -9.033675811708294147e-11 -3.887868001184219393e-10
1.322999954223632812e+01 -1.009736056729258861e-10 -4.209169178690208842e-10
1.323999977111816406e+01 -1.104902408033434200e-10 -4.497435109928091188e-10
1.325000000000000000e+01 -1.188580184204437013e-10 -4.751553530515780617e-10
1.325999927520751953e+01 -1.260535873375881791e-10 -4.970546831427724601e-10
1.326999950408935547e+01 -1.320615738788629647e-10 -5.153657293068102941e-10
1.327999973297119141e+01 -1.368704843342043706e-10 -5.300226345082318699e-10
1.328999996185302734e+01 -1.404755579782495674e-10 -5.409785830358896529e-10
1.329999923706054688e+01 -1.428778179382828614e-10 -5.482034098248545560e-10
1.330999946594238281e+01 -1.440848086822625677e-10 -5.516863186747851385e-10
1.331999969482421875e+01 -1.441091295636884986e-10 -5.514319974111765012e-10
1.332999992370605469e+01 -1.429693439091944980e-10 -5.474639076231079198e-10
1.334000015258789062e+01 -1.406895424898329536e-10 -5.398235077459357520e-10
1.334999942779541016e+01 -1.372995406446631583e-10 -5.285714937565028041e-10
1.335999965667724609e+01 -1.328332730420986505e-10 -5.137830569898836934e-10
1.336999988555908203e+01 -1.273305072124190280e-10 -4.955541246188858196e-10
1.338000011444091797e+01 -1.208353964399896959e-10 -4.739970824453370074e-10
1.338999938964843750e+01 -1.133972237534043837e-10 -4.492437476423504804e-10
1.339999961853027344e+01 -1.050671716893178004e-10 -4.214350598640572726e-10
1.340999984741210938e+01 -9.590226491653228875e-11 -3.907345897317525953e-10
1.342000007629394531e+01 -8.596227766821374906e-11 -3.573185882464144154e-10
1.342999935150146484e+01 -7.531109155934051180e-11 -3.213808240914435663e-10
1.343999958038330078e+01 -6.401219465164260536e-11 -2.831176004192454408e-10
1.344999980926513672e+01 -5.213440643650906646e-11 -2.427472130001266383e-10
1.346000003814697266e+01 -3.974748731566527443e-11 -2.004952223964351236e-10
1.346999931335449219e+01 -2.692396933117697006e-11 -1.566006932178390355e-10
1.347999954223632812e+01 -1.373382402343390359e-11 -1.112978778948003676e-10
1.348999977111816406e+01 -2.514133506620674573e-13 -6.483989154905002465e-11
1.350000000000000000e+01 1.344976443235197156e-11 -1.748056225824962136e-11
1.350999927520751953e+01 2.729493759865055888e-11 3.051843349962057497e-11
1.351999950408935547e+01 4.121374214082991700e-11 7.890755194210941354e-11
1.352999973297119141e+01 5.513266342955866003e-11 1.274234935436599643e-10
1.353999996185302734e+01 6.898067589750365587e-11 1.758090941003620228e-10
1.354999923706054688e+01 8.268697987574324426e-11 2.238058150694827789e-10
1.355999946594238281e+01 9.618655250725895231e-11 2.711735793781651951e-10
1.356999969482421875e+01 1.094126119009045209e-10 3.176647781102751927e-10
1.357999992370605469e+01 1.223021656330586253e-10 3.630440902794424357e-10
1.359000015258789062e+01 1.347949742495889506e-10 4.070852498242333977e-10
1.359999942779541016e+01 1.468326838916487201e-10 4.495683518269475701e-10
1.360999965667724609e+01 1.583636113528183614e-10 4.902970908164163203e-10
1.361999988555908203e+01 1.693360603660926202e-10 5.290754875179285254e-10
1.363000011444091797e+01 1.797031527539715814e-10 5.657252167573375128e-10
1.363999938964843750e+01 1.894209289686783571e-10 6.000791411394918084e-10
1.364999961853027344e+01 1.984521359872565741e-10 6.319948965832120038e-10
1.365999984741210938e+01 2.067607792059303447e-10 6.613357782802380833e-10
1.367000007629394531e+01 2.143159911316025053e-10 6.879845172387571813e-10
1.367999935150146484e+01 2.210905368089695157e-10 7.118380571929625257e-10
1.368999958038330078e+01 2.270633731635355888e-10 7.328165646254155605e-10
1.369999980926513672e+01 2.322157963237885581e-10 7.508498192189647662e-10
1.371000003814697266e+01 2.365341090535788890e-10 7.658865254728521700e-10
1.371999931335449219e+01 2.400086312115675958e-10 7.778907273200730931e-10
1.372999954223632812e+01 2.426349098611729051e-10 7.868458190243854645e-10
1.373999977111816406e+01 2.444116764636308016e-10 7.927473007212844801e-10
1.375000000000000000e+01 2.453421817081464159e-10 7.956071939739761501e-10
1.375999927520751953e+01 2.454337654303334966e-10 7.954523793796941899e-10
1.376999950408935547e+01 2.446977054129221565e-10 7.923236556975125621e-10
1.377999973297119141e+01 2.431490453710642463e-10 7.862751892802535797e-10
1.378999996185302734e+01 2.408065730269134836e-10 7.773740520093824119e-10
1.379999923706054688e+01 2.376929548320879855e-10 7.657006171300662838e-10
1.380999946594238281e+01 2.338333114152651535e-10 7.513430988650468522e-10
1.381999969482421875e+01 2.292568284214858966e-10 7.344034919740399620e-10
1.382999992370605469e+01 2.239954538261202260e-10 7.149926151619806740e-10
1.384000015258789062e+01 2.180839622607950133e-10 6.932303373183198058e-10
1.384999942779541016e+01 2.115603994702056963e-10 6.692472188534691095e-10
1.385999965667724609e+01 2.044633198965529619e-10 6.431744129256476252e-10
1.386999988555908203e+01 1.968353031187418271e-10 6.151566916428477117e-10
1.388000011444091797e+01 1.887202899498539798e-10 5.853427961230346924e-10
1.388999938964843750e+01 1.801647759782173801e-10 5.538900162797119990e-10
1.389999961853027344e+01 1.712142639601765286e-10 5.209513771233929698e-10
1.390999984741210938e+01 1.619179212972242730e-10 4.866930259909284948e-10
1.392000007629394531e+01 1.523251045915161031e-10 4.512817576421013457e-10
1.392999935150146484e+01 1.424868528554254272e-10 4.148908523324815270e-10
1.393999958038330078e+01 1.324518577796129174e-10 3.776855121252743427e-10
1.394999980926513672e+01 1.222718484417905367e-10 3.398431363696821509e-10
1.396000003814697266e+01 1.119976043367062731e-10 3.015389461042090138e-10
1.396999931335449219e+01 1.016806177472036781e-10 2.629525341903990210e-10
1.397999954223632812e+01 9.136890659737980114e-11 2.242525481876041479e-10
1.398999977111816406e+01 8.111268366696312990e-11 1.856182247408123682e-10
1.400000000000000000e+01 7.096018302685591985e-11 1.472240956758652146e-10
1.400999927520751953e+01 6.095935874253750140e-11 1.092466615273533759e-10
1.401999950408935547e+01 5.115386216926922480e-11 7.184933260521042224e-11
1.402999973297119141e+01 4.158855971554139982e-11 3.520356250363753010e-11
1.403999996185302734e+01 3.230549683718545954e-11 -5.263391424945420485e-13
1.404999923706054688e+01 2.334550829886324117e-11 -3.517697077808576027e-11
1.405999946594238281e+01 1.474465355306862865e-11 -6.859963042196719724e-11
1.406999969482421875e+01 6.539186606771448911e-12 -1.006411510329363672e-10
1.407999992370605469e+01 -1.238045366106469615e-12 -1.311579364394730850e-10
1.409000015258789062e+01 -8.556864025650785007e-12 -1.600133055801867176e-10
1.409999942779541016e+01 -1.538924845145615009e-11 -1.870757046082616963e-10
1.410999965667724609e+01 -2.171199483325219837e-11 -2.122295606433607934e-10
1.411999988555908203e+01 -2.750288510934709584e-11 -2.353604653817216277e-10
1.413000011444091797e+01 -3.274340692214745752e-11 -2.563663522398452353e-10
1.413999938964843750e+01 -3.741770628235634335e-11 -2.751537856984556786e-10
1.414999961853027344e+01 -4.151434510201860333e-11 -2.916455237957683282e-10
1.415999984741210938e+01 -4.502363497351712903e-11 -3.057703178346640799e-10
1.417000007629394531e+01 -4.793946871041648992e-11 -3.174708111004539249e-10
1.417999935150146484e+01 -5.025863003684169419e-11 -3.267013282960369401e-10
1.418999958038330078e+01 -5.198158001152097675e-11 -3.334315427029762680e-10
1.419999980926513672e+01 -5.311107247912602618e-11 -3.376414952992485876e-10
1.421000003814697266e+01 -5.365302314791696426e-11 -3.393255795185553061e-10
1.421999931335449219e+01 -5.361620343433500427e-11 -3.384918766860050345e-10
1.422999954223632812e+01 -5.301207010295171886e-11 -3.351616387395350215e-10
1.423999977111816406e+01 -5.185467470871723754e-11 -3.293697135657167872e-10
1.425000000000000000e+01 -5.016057900195005501e-11 -3.211643113627123071e-10
1.425999927520751953e+01 -4.794893106686818526e-11 -3.106078261916529393e-10
1.426999950408935547e+01 -4.524042784167843711e-11 -2.977722271142844326e-10
1.427999973297119141e+01 -4.205843197071722560e-11 -2.827446553257643043e-10
1.428999996185302734e+01 -3.842801682772765862e-11 -2.656230631951908175e-10
1.429999923706054688e+01 -3.437639487499009553e-11 -2.465183805723235395e-10
1.430999946594238281e+01 -2.993116308125110125e-11 -2.255463056213023556e-10
1.431999969482421875e+01 -2.512245422440533172e-11 -2.028374458560636005e-10
1.432999992370605469e+01 -1.998125496485501748e-11 -1.785293258563320028e-10
1.434000015258789062e+01 -1.453959814989479590e-11 -1.527671729381333745e-10
1.434999942779541016e+01 -8.830944326935445926e-12 -1.257055582188022026e-10
1.435999965667724609e+01 -2.887803987899190733e-12 -9.749690564921264193e-11
1.436999988555908203e+01 3.255163233165954754e-12 -6.830592832088631023e-11
1.438000011444091797e+01 9.563474676316033565e-12 -3.829831838097583931e-11
1.438999938964843750e+01 1.600184047735887018e-11 -7.645114671359875996e-12
1.439999961853027344e+01 2.253679659435458876e-11 2.349015699947012097e-11
1.440999984741210938e+01 2.913317540545416868e-11 5.493500662891959722e-11
1.442000007629394531e+01 3.575670884880810338e-11 8.652069583933673870e-11
1.442999935150146484e+01 4.237294127605595150e-11 1.180773705847004626e-10
1.443999958038330078e+01 4.894989919345817388e-11 1.494470880315356768e-10
1.444999980926513672e+01 5.545444096536594564e-11 1.804666715969743310e-10
1.446000003814697266e+01 6.185492030498536435e-11 2.109806484076371817e-10
1.446999931335449219e+01 6.812009359478901624e-11 2.408362364716146907e-10
1.447999954223632812e+01 7.422162102565102783e-11 2.698954154473494755e-10
1.448999977111816406e+01 8.013059450694517920e-11 2.980184881810738960e-10
1.450000000000000000e+01 8.582005509398784789e-11 3.250761388048218272e-10
1.450999927520751953e+01 9.126398644661095937e-11 3.509446549421633610e-10
1.451999950408935547e+01 9.643946651054607867e-11 3.755161153533393743e-10
1.452999973297119141e+01 1.013236399055552058e-10 3.986839228417702067e-10
1.453999996185302734e+01 1.058959047635223095e-10 4.203530748095301342e-10
1.454999923706054688e+01 1.101370697987117716e-10 4.404360022118450251e-10
1.455999946594238281e+01 1.140310096569497120e-10 4.588602127260338450e-10
1.456999969482421875e+01 1.175622962421382928e-10 4.755568543599830736e-10
1.457999992370605469e+01 1.207179026242353276e-10 4.904685443284293222e-10
1.458999919891357422e+01 1.234865808505881129e-10 5.035461713391160581e-10
1.459999942779541016e+01 1.258599159082236863e-10 5.147536149472619424e-10
1.460999965667724609e+01 1.278307652681625795e-10 5.240601200748224825e-10
1.461999988555908203e+01 1.293943686300319296e-10 5.314452941768673918e-10
1.463000011444091797e+01 1.305480706214673744e-10 5.368975713348046121e-10
1.463999938964843750e+01 1.312912645562911879e-10 5.404137457434324351e-10
1.464999961853027344e+01 1.316256211660370313e-10 5.419998871792730788e-10
1.465999984741210938e+01 1.315546373092185779e-10 5.416690768885939248e-10
1.467000007629394531e+01 1.310839214924400668e-10 5.394426730290830360e-10
1.467999935150146484e+01 1.302211561726531301e-10 5.353500970965487434e-10
1.468999958038330078e+01 1.289756721221422512e-10 5.294268285807996506e-10
1.469999980926513672e+01 1.273588739962623032e-10 5.217164888272785537e-10
1.471000003814697266e+01 1.253838676894603401e-10 5.122691938801153879e-10
1.471999931335449219e+01 1.230656709439913519e-10 5.011427391375420917e-10
1.472999954223632812e+01 1.204201961485550911e-10 4.883979400879769796e-10
1.473999977111816406e+01 1.174654704293196544e-10 4.741047582401804372e-10
1.475000000000000000e+01 1.142206650500086097e-10 4.583379610509472395e-10
1.475999927520751953e+01 1.107065228289786773e-10 4.411795542062095186e-10
1.476999950408935547e+01 1.069438596825612843e-10 4.227118475601472397e-10
1.477999973297119141e+01 1.029554411341555226e-10 4.030270259117867506e-10
1.478999996185302734e+01 9.876452273764476354e-11 3.822204563473136530e-10
1.479999923706054688e+01 9.439545111550411062e-11 3.603941027355441857e-10
1.480999946594238281e+01 8.987183113929341462e-11 3.376477984869388932e-10
1.481999969482421875e+01 8.521887967005899604e-11 3.140914297132203682e-10
1.482999992370605469e+01 8.046162302233176893e-11 2.898363491681122942e-10
1.483999919891357422e+01 7.562562073838315489e-11 2.649994314739280691e-10
1.484999942779541016e+01 7.073496597831028548e-11 2.396931389456660834e-10
1.485999965667724609e+01 6.581491325485512466e-11 2.140393190628616870e-10
1.486999988555908203e+01 6.088989958480035213e-11 1.881593079969335518e-10
1.488000011444091797e+01 5.598386936840426725e-11 1.621757768256742589e-10
1.488999938964843750e+01 5.112060914793138095e-11 1.362146741480072048e-10
1.489999961853027344e+01 4.632177726464193511e-11 1.103947625972185106e-10
1.490999984741210938e+01 4.160957970081762151e-11 8.484190468623937764e-11
1.492000007629394531e+01 3.700480683623211742e-11 5.967852925800854634e-11
1.492999935150146484e+01 3.252762829103543075e-11 3.502779753142985103e-11
1.493999958038330078e+01 2.819581516121634266e-11 1.100359261313270579e-11
1.494999980926513672e+01 2.402723343049975744e-11 -1.227602259143345738e-11
1.496000003814697266e+01 2.003806086550950686e-11 -3.469894332468906761e-11
1.496999931335449219e+01 1.624352236463461145e-11 -5.615532005024353472e-11
1.497999954223632812e+01 1.265642096153093979e-11 -7.654631763111102898e-11
1.498999977111816406e+01 9.289281614237939887e-12 -9.577247224720160905e-11
1.500000000000000000e+01 6.152863816369682856e-12 -1.137426089594222544e-10
