# col1: q[fm^-1] col2: weakFF col3: chargeFF [unitless]
9.999999999999999547e-07 1.000000158558253860e+00 9.999999792867826365e-01
9.999999776482582092e-03 9.995921721391948234e-01 9.996201528978487794e-01
1.999999955296516418e-02 9.983690000807409204e-01 9.984813381965087498e-01
2.999999932944774628e-02 9.963330018243959918e-01 9.965855269808067129e-01
3.999999910593032837e-02 9.934881024591298848e-01 9.939360334618390080e-01
4.999999701976776123e-02 9.898397825465226063e-01 9.905374868182513781e-01
5.999999865889549255e-02 9.853950591000726345e-01 9.863958163068057283e-01
7.000000029802322388e-02 9.801624725631922219e-01 9.815182427423442268e-01
7.999999821186065674e-02 9.741520607990405978e-01 9.759132586422210043e-01
8.999999612569808960e-02 9.673753259028335938e-01 9.695906024112841415e-01
9.999999403953552246e-02 9.598452083762846199e-01 9.625612401007196395e-01
1.099999994039535522e-01 9.515760431710397205e-01 9.548373309284698962e-01
1.199999973177909851e-01 9.425835453963847810e-01 9.464322211555876718e-01
1.299999952316284180e-01 9.328847302175681255e-01 9.373603770972307458e-01
1.400000005960464478e-01 9.224978823777365555e-01 9.276373650224200018e-01
1.499999910593032837e-01 9.114425403561783323e-01 9.172798453618783432e-01
1.599999964237213135e-01 8.997393544669806120e-01 9.063054493069998552e-01
1.700000017881393433e-01 8.874101367194826562e-01 8.947328354504049397e-01
1.799999922513961792e-01 8.744777568433065307e-01 8.825816027639019623e-01
1.899999976158142090e-01 8.609660189781106476e-01 8.698721854578891355e-01
1.999999880790710449e-01 8.468997350692081261e-01 8.566259330435584962e-01
2.099999934434890747e-01 8.323044982013614312e-01 8.428649084256221169e-01
2.199999988079071045e-01 8.172067595807570584e-01 8.286119718696163261e-01
2.299999892711639404e-01 8.016336996873151266e-01 8.138906713982942964e-01
2.399999946355819702e-01 7.856130845182618394e-01 7.987251186653513413e-01
2.500000000000000000e-01 7.691733329128549457e-01 7.831400644352282114e-01
2.599999904632568359e-01 7.523433768113911846e-01 7.671607783828839899e-01
2.699999809265136719e-01 7.351525354243452215e-01 7.508129414233276622e-01
2.800000011920928955e-01 7.176304622780452780e-01 7.341226068008518402e-01
2.899999916553497314e-01 6.998072565217390295e-01 7.171163179356032646e-01
2.999999821186065674e-01 6.817130750859360377e-01 6.998207502831019777e-01
3.100000023841857910e-01 6.633782115468068730e-01 6.822627969277961224e-01
3.199999928474426270e-01 6.448331899837392855e-01 6.644696696839779149e-01
3.299999833106994629e-01 6.261083639751060526e-01 6.464685254152472416e-01
3.400000035762786865e-01 6.072340060041165888e-01 6.282865609475102309e-01
3.499999940395355225e-01 5.882404076346285926e-01 6.099511196233823318e-01
3.599999845027923584e-01 5.691574722238881279e-01 5.914893079094482031e-01
3.700000047683715820e-01 5.500148143530503297e-01 5.729280989033145310e-01
3.799999952316284180e-01 5.308418657815845432e-01 5.542944435687601201e-01
3.899999856948852539e-01 5.116674685377619047e-01 5.356148833995930669e-01
3.999999761581420898e-01 4.925200406461003322e-01 5.169157174020686529e-01
4.099999964237213135e-01 4.734274022171445218e-01 4.982228385281670668e-01
4.199999868869781494e-01 4.544169451606705490e-01 4.795619052953626893e-01
4.299999773502349854e-01 4.355152364747060800e-01 4.609579578350744278e-01
4.399999976158142090e-01 4.167481378990150476e-01 4.424355379427600266e-01
4.499999880790710449e-01 3.981409225512217431e-01 4.240188079347002592e-01
4.599999785423278809e-01 3.797178924489258978e-01 4.057311753105433683e-01
4.699999988079071045e-01 3.615025049949315838e-01 3.875954181181889835e-01
4.799999892711639404e-01 3.435174926932979544e-01 3.696338055501606212e-01
4.899999797344207764e-01 3.257844998281564930e-01 3.518677359604043264e-01
5.000000000000000000e-01 3.083242144251655548e-01 3.343178663400130368e-01
5.099999904632568359e-01 2.911564899894180658e-01 3.170042336836816910e-01
5.199999809265136719e-01 2.743000055274673055e-01 2.999459105896800093e-01
5.299999713897705078e-01 2.577724502379006299e-01 2.831611871658800128e-01
5.399999618530273438e-01 2.415904500767252772e-01 2.666674928922426191e-01
5.500000119209289551e-01 2.257694569335181589e-01 2.504812781396178467e-01
5.600000023841857910e-01 2.103241094018656054e-01 2.346183778782273965e-01
5.699999928474426270e-01 1.952676558826014486e-01 2.190934148902641543e-01
5.799999833106994629e-01 1.806123263596731143e-01 2.039201724366405954e-01
5.899999737739562988e-01 1.663692325700372177e-01 1.891114842611148206e-01
5.999999642372131348e-01 1.525483667526729981e-01 1.746792245963472989e-01
6.100000143051147461e-01 1.391585250131797957e-01 1.606342182071679170e-01
6.200000047683715820e-01 1.262076289185652955e-01 1.469865680821906273e-01
6.299999952316284180e-01 1.137022544649164968e-01 1.337451507193022915e-01
6.399999856948852539e-01 1.016479647134896219e-01 1.209179535108452358e-01
6.499999761581420898e-01 9.004924223952393003e-02 1.085119924518556378e-01
6.599999666213989258e-01 7.890950535806143251e-02 9.653331711718272923e-02
6.699999570846557617e-01 6.823112691233054750e-02 8.498701797074154074e-02
6.800000071525573730e-01 5.801539599644232881e-02 7.387717103134443242e-02
6.899999976158142090e-01 4.826278230802458213e-02 6.320711192479336327e-02
6.999999880790710449e-01 3.897259654940802426e-02 5.297905243838176015e-02
7.099999785423278809e-01 3.014326455711126285e-02 4.319436397067349942e-02
7.199999690055847168e-01 2.177229475855388049e-02 3.385352791018291646e-02
7.299999594688415527e-01 1.385630968131371099e-02 2.495615540785110428e-02
7.400000095367431641e-01 6.391035940029493254e-03 1.650095984367815072e-02
7.500000000000000000e-01 -6.284858279842230923e-04 8.485979000980780826e-03
7.599999904632568359e-01 -7.208131899395887193e-03 9.082975137960308618e-04
7.699999809265136719e-01 -1.335447762536154381e-02 -6.235722636010863733e-03
7.799999713897705078e-01 -1.907480500972003751e-02 -1.295046617401925636e-02
7.899999618530273438e-01 -2.437706354127028643e-02 -1.924103561090221778e-02
7.999999523162841797e-01 -2.926983026063979809e-02 -2.511322116421149664e-02
8.100000023841857910e-01 -3.376229480889514356e-02 -3.057350096607520246e-02
8.199999928474426270e-01 -3.786411368387886806e-02 -3.562888128645735203e-02
8.299999833106994629e-01 -4.158552944315971334e-02 -4.028705886113074369e-02
8.399999737739562988e-01 -4.493721970115599484e-02 -4.455625470588328585e-02
8.499999642372131348e-01 -4.793028344828990234e-02 -4.844521368749474255e-02
8.599999547004699707e-01 -5.057619947233743529e-02 -5.196316983762587494e-02
8.700000047683715820e-01 -5.288679776602405597e-02 -5.511982904383642273e-02
8.799999952316284180e-01 -5.487416537284441065e-02 -5.792526061456686887e-02
8.899999856948852539e-01 -5.655068826375634489e-02 -6.038997457259603907e-02
8.999999761581420898e-01 -5.792895422738773836e-02 -6.252480874158596047e-02
9.099999666213989258e-01 -5.902172817415462375e-02 -6.434091310016068488e-02
9.199999570846557617e-01 -5.984191343299251342e-02 -6.584971439393910719e-02
9.300000071525573730e-01 -6.040251649077161417e-02 -6.706288735784381172e-02
9.399999976158142090e-01 -6.071659827242104068e-02 -6.799229274595865180e-02
9.499999880790710449e-01 -6.079725818286232930e-02 -6.864998621173427906e-02
9.599999785423278809e-01 -6.065758449873301372e-02 -6.904815381165142762e-02
9.699999690055847168e-01 -6.031062486108639681e-02 -6.919908680471412166e-02
9.799999594688415527e-01 -5.976935390910462220e-02 -6.911514902172496977e-02
9.899999499320983887e-01 -5.904664221725111628e-02 -6.880874497987202187e-02
1.000000000000000000e+00 -5.815522079894735324e-02 -6.829228513384318078e-02
1.009999990463256836e+00 -5.710767507684927358e-02 -6.757816926685134007e-02
1.019999980926513672e+00 -5.591638603746842268e-02 -6.667873866814924555e-02
1.029999971389770508e+00 -5.459352519568276552e-02 -6.560625904140933440e-02
1.039999961853027344e+00 -5.315102591200582954e-02 -6.437289085613055739e-02
1.049999952316284180e+00 -5.160056106757465039e-02 -6.299066326718724684e-02
1.059999942779541016e+00 -4.995352229113446396e-02 -6.147144918137555786e-02
1.069999933242797852e+00 -4.822100074959237426e-02 -5.982694150973025260e-02
1.079999923706054688e+00 -4.641376950809888990e-02 -5.806863063964890631e-02
1.090000033378601074e+00 -4.454224480746717119e-02 -5.620776040597227907e-02
1.100000023841857910e+00 -4.261656158322989912e-02 -5.425539806041970725e-02
1.110000014305114746e+00 -4.064642647556918065e-02 -5.222228226472576396e-02
1.120000004768371582e+00 -3.864119503824750557e-02 -5.011889335377119059e-02
1.129999995231628418e+00 -3.660983990437680774e-02 -4.795541565955696584e-02
1.139999985694885254e+00 -3.456094239730526235e-02 -4.574172275580360575e-02
1.149999976158142090e+00 -3.250268561133150269e-02 -4.348736403132968248e-02
1.159999966621398926e+00 -3.044284893040965015e-02 -4.120155259021458793e-02
1.169999957084655762e+00 -2.838880394933154111e-02 -3.889315447268702763e-02
1.179999947547912598e+00 -2.634751175845040372e-02 -3.657067918675294821e-02
1.189999938011169434e+00 -2.432552154984711154e-02 -3.424227153679729879e-02
1.199999928474426270e+00 -2.232897049994075206e-02 -3.191570473177102879e-02
1.209999918937683105e+00 -2.036358488090788191e-02 -2.959837475211637633e-02
1.220000028610229492e+00 -1.843465959394934711e-02 -2.729726864386612661e-02
1.230000019073486328e+00 -1.654715313515696395e-02 -2.501907086799178351e-02
1.240000009536743164e+00 -1.470555403135915574e-02 -2.276999658180094144e-02
1.250000000000000000e+00 -1.291397883066395212e-02 -2.055590078240956964e-02
1.259999990463256836e+00 -1.117615534755655657e-02 -1.838225100453379224e-02
1.269999980926513672e+00 -9.495430032227749131e-03 -1.625412863077294393e-02
1.279999971389770508e+00 -7.874776183369021354e-03 -1.417623123299892145e-02
1.289999961853027344e+00 -6.316802945016010591e-03 -1.215287590295757898e-02
1.299999952316284180e+00 -4.823765027654119270e-03 -1.018800352843796976e-02
1.309999942779541016e+00 -3.397573093656713981e-03 -8.285183969815184540e-03
1.319999933242797852e+00 -2.039804747200705051e-03 -6.447622090421878394e-03
1.329999923706054688e+00 -7.517160690869257797e-04 -4.678164593050685230e-03
1.339999914169311523e+00 4.657463626252062393e-04 -2.979307613932246669e-03
1.350000023841857910e+00 1.611946261640699726e-03 -1.353186081312826626e-03
1.360000014305114746e+00 2.686491012231852736e-03 1.983406520657797099e-04
1.370000004768371582e+00 3.689300526197104944e-03 1.673795581656261841e-03
1.379999995231628418e+00 4.620538342318302599e-03 3.071995492332722875e-03
1.389999985694885254e+00 5.480612122816575643e-03 4.392060149337562863e-03
1.399999976158142090e+00 6.270159908991814954e-03 5.633401211003480867e-03
1.409999966621398926e+00 6.990036276454337540e-03 6.795710735702988059e-03
1.419999957084655762e+00 7.641298439181849235e-03 7.878949332758377819e-03
1.429999947547912598e+00 8.225192349810880876e-03 8.883334006436269595e-03
1.439999938011169434e+00 8.743138841652151744e-03 9.809325741398944656e-03
1.449999928474426270e+00 9.196719855915103450e-03 1.065761687709575883e-02
1.459999918937683105e+00 9.587664795548959257e-03 1.142911831756191800e-02
1.469999909400939941e+00 9.917837044965733054e-03 1.212494662195352617e-02
1.480000019073486328e+00 1.018922358566541793e-02 1.274641799083510267e-02
1.490000009536743164e+00 1.040390972188009848e-02 1.329500650613631846e-02
1.500000000000000000e+00 1.056408568473083016e-02 1.377237554672409298e-02
1.509999990463256836e+00 1.067202055054196352e-02 1.418033432775116578e-02
1.519999980926513672e+00 1.073005368235883071e-02 1.452083287648613975e-02
1.529999971389770508e+00 1.074058294420197901e-02 1.479594928235659392e-02
1.539999961853027344e+00 1.070605329289813813e-02 1.500787710478158031e-02
1.549999952316284180e+00 1.062894576853522753e-02 1.515891297167232948e-02
1.559999942779541016e+00 1.051176690231325414e-02 1.525144439962997957e-02
1.569999933242797852e+00 1.035703855831567391e-02 1.528793786498253843e-02
1.579999923706054688e+00 1.016728822351320102e-02 1.527092715288529481e-02
1.589999914169311523e+00 9.945039758141951264e-03 1.520300200977106955e-02
1.599999904632568359e+00 9.692804616475340571e-03 1.508679712248337489e-02
1.610000014305114746e+00 9.413070057209710004e-03 1.492497925528841161e-02
1.620000004768371582e+00 9.108304997907878953e-03 1.472024520973701060e-02
1.629999995231628418e+00 8.780932634639353196e-03 1.447530028202239152e-02
1.639999985694885254e+00 8.433336649433928120e-03 1.419285595258727370e-02
1.649999976158142090e+00 8.067851687419734866e-03 1.387561911776621047e-02
1.659999966621398926e+00 7.686757498979168539e-03 1.352628340966773035e-02
1.669999957084655762e+00 7.292273568178052508e-03 1.314752095168246655e-02
1.679999947547912598e+00 6.886554222854745534e-03 1.274197455764794831e-02
1.689999938011169434e+00 6.471684220277782243e-03 1.231225038092011864e-02
1.699999928474426270e+00 6.049674800889534923e-03 1.186091101786901185e-02
1.709999918937683105e+00 5.622460201350727022e-03 1.139046906863431727e-02
1.719999909400939941e+00 5.191894616887318854e-03 1.090338115635024370e-02
1.730000019073486328e+00 4.759744447616593745e-03 1.040203635243257436e-02
1.740000009536743164e+00 4.327706752895379462e-03 9.888775189842526070e-03
1.750000000000000000e+00 3.897376551175811728e-03 9.365849149364073936e-03
1.759999990463256836e+00 3.470266070078708090e-03 8.835440263189300175e-03
1.769999980926513672e+00 3.047798623523655884e-03 8.299651495862071793e-03
1.779999971389770508e+00 2.631308003330483630e-03 7.760503456510273353e-03
1.789999961853027344e+00 2.222038223716140629e-03 7.219931537828395279e-03
1.799999952316284180e+00 1.821143602204362442e-03 6.679783472375511004e-03
1.809999942779541016e+00 1.429689160044640348e-03 6.141817295750584549e-03
1.819999933242797852e+00 1.048651324896975913e-03 5.607699705279437993e-03
1.829999923706054688e+00 6.789189182775674097e-04 5.079004801997880243e-03
1.839999914169311523e+00 3.212944100751674169e-04 4.557213202941945429e-03
1.849999904632568359e+00 -2.350457766408797506e-05 4.043711510059369053e-03
1.860000014305114746e+00 -3.548474028923003995e-04 3.539786176213483970e-03
1.870000004768371582e+00 -6.721728152518970925e-04 3.046647560045748909e-03
1.879999995231628418e+00 -9.750105204837029079e-04 2.565394312227442606e-03
1.889999985694885254e+00 -1.262962889160221865e-03 2.097038283118358038e-03
1.899999976158142090e+00 -1.535706504046255002e-03 1.642499483598148895e-03
1.909999966621398926e+00 -1.792989532363756201e-03 1.202607376738179567e-03
1.919999957084655762e+00 -2.034628971036192991e-03 7.781024170347679639e-04
1.929999947547912598e+00 -2.260507781350229017e-03 3.696378205822930044e-04
1.939999938011169434e+00 -2.470571929069822342e-03 -2.221845049666330214e-05
1.949999928474426270e+00 -2.664827345595528578e-03 -3.969815060466681919e-04
1.959999918937683105e+00 -2.843336825282871249e-03 -7.542471649243624602e-04
1.969999909400939941e+00 -3.006216873522084450e-03 -1.093689427602614461e-03
1.979999899864196777e+00 -3.153634519640533505e-03 -1.415057800675905515e-03
1.990000009536743164e+00 -3.285805593806450341e-03 -1.718177993540406833e-03
2.000000000000000000e+00 -3.402985389749524185e-03 -2.002934758971449541e-03
2.009999990463256836e+00 -3.505474899577606593e-03 -2.269290551482470129e-03
2.019999980926513672e+00 -3.593611134068353669e-03 -2.517267744438131914e-03
2.029999971389770508e+00 -3.667765616040944733e-03 -2.746949172477395479e-03
2.039999961853027344e+00 -3.728341244336979502e-03 -2.958474895251916436e-03
2.049999952316284180e+00 -3.775769204140532170e-03 -3.152038918910764556e-03
2.059999942779541016e+00 -3.810505932708816920e-03 -3.327885888769262224e-03
2.069999933242797852e+00 -3.833030148924145009e-03 -3.486307766086399734e-03
2.079999923706054688e+00 -3.843839954418093539e-03 -3.627640501338662109e-03
2.089999914169311523e+00 -3.843450013362230584e-03 -3.752260715820739806e-03
2.099999904632568359e+00 -3.832388817369223027e-03 -3.860582402829312865e-03
2.109999895095825195e+00 -3.811196041305097999e-03 -3.953053659096528866e-03
2.119999885559082031e+00 -3.780419995180644629e-03 -4.030153456538915907e-03
2.129999876022338867e+00 -3.740615176668680639e-03 -4.092388463777085934e-03
2.139999866485595703e+00 -3.692339928186479710e-03 -4.140289926264893901e-03
2.149999856948852539e+00 -3.636154201890228442e-03 -4.174410613245879351e-03
2.159999847412109375e+00 -3.572617435352950892e-03 -4.195321839132597729e-03
2.169999837875366211e+00 -3.502286540139655947e-03 -4.203610566282926786e-03
2.180000066757202148e+00 -3.425712109270311143e-03 -4.199876368009399820e-03
2.190000057220458984e+00 -3.343444089505052345e-03 -4.184729357915903392e-03
2.200000047683715820e+00 -3.256019143240241904e-03 -4.158787016523997175e-03
2.210000038146972656e+00 -3.163966269394111446e-03 -4.122671763390034841e-03
2.220000028610229492e+00 -3.067803618166356668e-03 -4.077008601947705244e-03
2.230000019073486328e+00 -2.968037174837787669e-03 -4.022422822967967534e-03
2.240000009536743164e+00 -2.865159558102927089e-03 -3.959537821345339784e-03
2.250000000000000000e+00 -2.759648931462977024e-03 -3.888973028488145866e-03
2.259999990463256836e+00 -2.651968025852407661e-03 -3.811341962063320710e-03
2.269999980926513672e+00 -2.542563271343407233e-03 -3.727250394337967322e-03
2.279999971389770508e+00 -2.431864035468127294e-03 -3.637294639870174325e-03
2.289999961853027344e+00 -2.320281965419423650e-03 -3.542059962832316659e-03
2.299999952316284180e+00 -2.208210431136280270e-03 -3.442119103801515555e-03
2.309999942779541016e+00 -2.096024066050041889e-03 -3.338030925425102078e-03
2.319999933242797852e+00 -1.984078402061926517e-03 -3.230339175964389367e-03
2.329999923706054688e+00 -1.872709595140281853e-03 -3.119571369338191777e-03
2.339999914169311523e+00 -1.762234237767472053e-03 -3.006237779928693388e-03
2.349999904632568359e+00 -1.652949254330552406e-03 -2.890830550077119320e-03
2.359999895095825195e+00 -1.545131875436334904e-03 -2.773822907884728774e-03
2.369999885559082031e+00 -1.439039687039415190e-03 -2.655668492646587504e-03
2.379999876022338867e+00 -1.334910750200553288e-03 -2.536800784981143968e-03
2.389999866485595703e+00 -1.232963787241732421e-03 -2.417632638477587494e-03
2.399999856948852539e+00 -1.133398430032218256e-03 -2.298555909465398259e-03
2.409999847412109375e+00 -1.036395526126552549e-03 -2.179941181315962154e-03
2.419999837875366211e+00 -9.421174984793227259e-04 -2.062137579514258974e-03
2.429999828338623047e+00 -8.507087544822011490e-04 -1.945472673589142970e-03
2.440000057220458984e+00 -7.622940688052234036e-04 -1.830249734322611337e-03
2.450000047683715820e+00 -6.769874388999979307e-04 -1.716758751783132144e-03
2.460000038146972656e+00 -5.948799654625418166e-04 -1.605260080624219821e-03
2.470000028610229492e+00 -5.160489235978436753e-04 -1.495995679060364326e-03
2.480000019073486328e+00 -4.405562123038620870e-04 -1.389186617220016786e-03
2.490000009536743164e+00 -3.684489730998923387e-04 -1.285033412390164430e-03
2.500000000000000000e+00 -2.997602299641656466e-04 -1.183716421309725627e-03
2.509999990463256836e+00 -2.345095469727786618e-04 -1.085396285137320629e-03
2.519999980926513672e+00 -1.727037001583916760e-04 -9.902144227419353191e-04
2.529999971389770508e+00 -1.143373602407086418e-04 -8.982935680035179045e-04
2.539999961853027344e+00 -5.939378302014454474e-05 -8.097383468631804901e-04
2.549999952316284180e+00 -7.845504370759010201e-06 -7.246358899290238683e-04
2.559999942779541016e+00 4.034496308253390063e-05 -6.430564765224583510e-04
2.569999933242797852e+00 8.522443436509888445e-05 -5.650542061403994020e-04
2.579999923706054688e+00 1.268483602396485658e-04 -4.906676934101493644e-04
2.589999914169311523e+00 1.652801414298965652e-04 -4.199207827248325445e-04
2.599999904632568359e+00 2.005904512734189176e-04 -3.528232788675395677e-04
2.609999895095825195e+00 2.328565689378019347e-04 -2.893716900604313409e-04
2.619999885559082031e+00 2.621617251759332588e-04 -2.295499800104704060e-04
2.629999876022338867e+00 2.885944624387880362e-04 -1.733303256651029262e-04
2.639999866485595703e+00 3.122480110080627842e-04 -1.206738775383681312e-04
2.649999856948852539e+00 3.332196826570140292e-04 -7.153151961952052419e-05
2.659999847412109375e+00 3.516102831962124959e-04 -2.584462603192764417e-05
2.669999837875366211e+00 3.675235451123951350e-04 1.645418823164796255e-05
2.679999828338623047e+00 3.810655813633145156e-04 5.544032501036941137e-05
2.690000057220458984e+00 3.923446040433170297e-04 9.119728614952246745e-05
2.700000047683715820e+00 4.014694019014333043e-04 1.238126224532955851e-04
2.710000038146972656e+00 4.085504721097496061e-04 1.533823419003712716e-04
2.720000028610229492e+00 4.136984399812257645e-04 1.800067383703473647e-04
2.730000019073486328e+00 4.170239251429158698e-04 2.037906141853612597e-04
2.740000009536743164e+00 4.186371369717983479e-04 2.248426320980944607e-04
2.750000000000000000e+00 4.186474949170005755e-04 2.432746887639143944e-04
2.759999990463256836e+00 4.171632737703044038e-04 2.592013109246286821e-04
2.769999980926513672e+00 4.142912738452846728e-04 2.727390753795941466e-04
2.779999971389770508e+00 4.101365159296072689e-04 2.840060536717152430e-04
2.789999961853027344e+00 4.048019607849375466e-04 2.931212822717629580e-04
2.799999952316284180e+00 3.983882528847365969e-04 3.002042589046337220e-04
2.809999942779541016e+00 3.909934880017912817e-04 3.053744655261533456e-04
2.819999933242797852e+00 3.827130041848064387e-04 3.087509183289206078e-04
2.829999923706054688e+00 3.736391955966188085e-04 3.104517450309257328e-04
2.839999914169311523e+00 3.638613486255794596e-04 3.105937895812971674e-04
2.849999904632568359e+00 3.534654996263655803e-04 3.092922443039192908e-04
2.859999895095825195e+00 3.425343135967539492e-04 3.066603093918108310e-04
2.869999885559082031e+00 3.311469830526511541e-04 3.028088795632403346e-04
2.879999876022338867e+00 3.193791463248829348e-04 2.978462575948289249e-04
2.889999866485595703e+00 3.073028244675962651e-04 2.918778943570753885e-04
2.899999856948852539e+00 2.949863759397231022e-04 2.850061548943082375e-04
2.909999847412109375e+00 2.824944681973739873e-04 2.773301100136722199e-04
2.919999837875366211e+00 2.698880653162793780e-04 2.689453527765647768e-04
2.929999828338623047e+00 2.572244307493207227e-04 2.599438392209475648e-04
2.939999818801879883e+00 2.445571443144181189e-04 2.504137525839492638e-04
2.950000047683715820e+00 2.319358325207923296e-04 2.404391477837076140e-04
2.960000038146972656e+00 2.194074139440296562e-04 2.301008223231057232e-04
2.970000028610229492e+00 2.070143463348630443e-04 2.194748164100845489e-04
2.980000019073486328e+00 1.947958975145184016e-04 2.086333058409966048e-04
2.990000009536743164e+00 1.827879182373591787e-04 1.976443382784774075e-04
3.000000000000000000e+00 1.710229255256837382e-04 1.865718205748396444e-04
3.009999990463256836e+00 1.595301939593543681e-04 1.754755233204038261e-04
3.019999980926513672e+00 1.483358540726850065e-04 1.644111016201489769e-04
3.029999971389770508e+00 1.374629970316979314e-04 1.534301310921656870e-04
3.039999961853027344e+00 1.269317847879794969e-04 1.425801580761388015e-04
3.049999952316284180e+00 1.167595649303699109e-04 1.319047630390442379e-04
3.059999942779541016e+00 1.069609894827417063e-04 1.214436361684797345e-04
3.069999933242797852e+00 9.754813692462231092e-05 1.112326641510099398e-04
3.079999923706054688e+00 8.853063674140453792e-05 1.013040271436713348e-04
3.089999914169311523e+00 7.991579584207532893e-05 9.168630496088884694e-05
3.099999904632568359e+00 7.170872621450094086e-05 8.240459151633766687e-05
3.109999895095825195e+00 6.391247322132695917e-05 7.348061657959741835e-05
3.119999885559082031e+00 5.652814397304619065e-05 6.493287393035388671e-05
3.129999876022338867e+00 4.955503524880456933e-05 5.677675501836916831e-05
3.139999866485595703e+00 4.299076046970760515e-05 4.902468726509815410e-05
3.149999856948852539e+00 3.683137526368097638e-05 4.168627617250486860e-05
3.159999847412109375e+00 3.107150119514404975e-05 3.476845043606568769e-05
3.169999837875366211e+00 2.570444726671181266e-05 2.827560929196882008e-05
3.179999828338623047e+00 2.072232883369824619e-05 2.220977136279270132e-05
3.189999818801879883e+00 1.611618360533454550e-05 1.657072430147450909e-05
3.199999809265136719e+00 1.187608443897658767e-05 1.135617456964430427e-05
3.210000038146972656e+00 7.991160188431585982e-06 6.561787384710954123e-06
3.220000028610229492e+00 4.450063289089785590e-06 2.181782071363050062e-06
3.230000019073486328e+00 1.240516165961939854e-06 -1.791606976308622412e-06
3.240000009536743164e+00 -1.650212468504525021e-06 -5.367518771110520302e-06
3.250000000000000000e+00 -4.235310994311472429e-06 -8.556443222708527200e-06
3.259999990463256836e+00 -6.528335786959437433e-06 -1.137008239182159735e-05
3.269999980926513672e+00 -8.543126548061405389e-06 -1.382121520220625824e-05
3.279999971389770508e+00 -1.029372613129578246e-05 -1.592356597277210707e-05
3.289999961853027344e+00 -1.179430490835687479e-05 -1.769167709551454454e-05
3.299999952316284180e+00 -1.305908969775985149e-05 -1.914078614908721414e-05
3.309999942779541016e+00 -1.410229725883229507e-05 -2.028670770268028379e-05
3.319999933242797852e+00 -1.493807233399045307e-05 -2.114572003073522191e-05
3.329999923706054688e+00 -1.558043020444137598e-05 -2.173445692576623823e-05
3.339999914169311523e+00 -1.604320370780311003e-05 -2.206980476448708030e-05
3.349999904632568359e+00 -1.633999465074793529e-05 -2.216880495148317311e-05
3.359999895095825195e+00 -1.648412953560655559e-05 -2.204856183490407675e-05
3.369999885559082031e+00 -1.648861950699245687e-05 -2.172615616022508273e-05
3.379999876022338867e+00 -1.636612441279174703e-05 -2.121856410098933132e-05
3.389999866485595703e+00 -1.612892086330893138e-05 -2.054258187964854397e-05
3.399999856948852539e+00 -1.578887416298948421e-05 -1.971475596729759883e-05
3.409999847412109375e+00 -1.535741398082838977e-05 -1.875131882808759893e-05
3.419999837875366211e+00 -1.484551361834975986e-05 -1.766813015265311109e-05
3.429999828338623047e+00 -1.426367272784403972e-05 -1.648062350477286160e-05
3.439999818801879883e+00 -1.362190332832076394e-05 -1.520375828689774873e-05
3.449999809265136719e+00 -1.292971896237266149e-05 -1.385197691302122845e-05
3.460000038146972656e+00 -1.219610891843522454e-05 -1.243913275691877565e-05
3.470000028610229492e+00 -1.142960416009864341e-05 -1.097859357803758159e-05
3.480000019073486328e+00 -1.063816969007747049e-05 -9.483010916492504646e-06
3.490000009536743164e+00 -9.829273865791327423e-06 -7.964430347344733519e-06
3.500000000000000000e+00 -9.009873788154958022e-06 -6.434239505590082750e-06
3.509999990463256836e+00 -8.186419879378555850e-06 -4.903153378699855030e-06
3.519999980926513672e+00 -7.364862454483519396e-06 -3.381203663594354306e-06
3.529999971389770508e+00 -6.550660124382463753e-06 -1.877731989267707657e-06
3.539999961853027344e+00 -5.748789870614781397e-06 -4.013868010956243674e-07
3.549999952316284180e+00 -4.963758634736548823e-06 1.039876301014089434e-06
3.559999942779541016e+00 -4.199616268653261166e-06 2.438790981330482664e-06
3.569999933242797852e+00 -3.459969695957671316e-06 3.788773556347412516e-06
3.579999923706054688e+00 -2.747998138551419731e-06 5.083913565369989618e-06
3.589999914169311523e+00 -2.066469267334071954e-06 6.318961736713130679e-06
3.599999904632568359e+00 -1.417756140727985787e-06 7.489315561381829359e-06
3.609999895095825195e+00 -8.038547999324941043e-07 8.591002684244390593e-06
3.619999885559082031e+00 -2.264023953002736511e-07 9.620662319907115811e-06
3.629999876022338867e+00 3.133042760327929132e-07 1.057552489700851587e-05
3.639999866485595703e+00 8.142899353200396435e-07 1.145339013053384070e-05
3.649999856948852539e+00 1.275881798089427169e-06 1.225260371687584535e-05
3.659999847412109375e+00 1.697690462515207776e-06 1.297203284105883541e-05
3.669999837875366211e+00 2.079590805759886344e-06 1.361104067963303142e-05
3.679999828338623047e+00 2.421702977388637072e-06 1.416946007636129856e-05
3.689999818801879883e+00 2.724373572654109729e-06 1.464756656113956847e-05
3.699999809265136719e+00 2.988157061979462337e-06 1.504605087536909929e-05
3.709999799728393555e+00 3.213797546692730474e-06 1.536599115964782492e-05
3.720000028610229492e+00 3.402214961302870361e-06 1.560882983577824230e-05
3.730000019073486328e+00 3.554470592329826650e-06 1.577632424762920362e-05
3.740000009536743164e+00 3.671777084609215349e-06 1.587055336672359035e-05
3.750000000000000000e+00 3.755463249269867946e-06 1.589386507833408604e-05
3.759999990463256836e+00 3.806963216405086847e-06 1.584885544533179725e-05
3.769999980926513672e+00 3.827801273984114082e-06 1.573834169983904152e-05
3.779999971389770508e+00 3.819577353611392763e-06 1.556533576426269075e-05
3.789999961853027344e+00 3.783953186581949237e-06 1.533301839265432978e-05
3.799999952316284180e+00 3.722639148747696596e-06 1.504471401517796146e-05
3.809999942779541016e+00 3.637381807975805534e-06 1.470386636039630374e-05
3.819999933242797852e+00 3.529952183536252699e-06 1.431401492216681319e-05
3.829999923706054688e+00 3.402134722574179033e-06 1.387877233018152192e-05
3.839999914169311523e+00 3.255716994905940318e-06 1.340180267560588586e-05
3.849999904632568359e+00 3.092480103757075896e-06 1.288680083592836227e-05
3.859999895095825195e+00 2.914189806707933258e-06 1.233747283600200002e-05
3.869999885559082031e+00 2.722588338051311385e-06 1.175751727539095204e-05
3.879999876022338867e+00 2.519386920992163103e-06 1.115060784555119059e-05
3.889999866485595703e+00 2.306258955604234051e-06 1.052037695403607782e-05
3.899999856948852539e+00 2.084833866231362983e-06 9.870400466924833107e-06
3.909999847412109375e+00 1.856691590060674381e-06 9.204183574932063862e-06
3.919999837875366211e+00 1.623357686866230972e-06 8.525147783278994151e-06
3.929999828338623047e+00 1.386299048480408189e-06 7.836619020313172250e-06
3.939999818801879883e+00 1.146920185291264387e-06 7.141816855103781663e-06
3.949999809265136719e+00 9.065600660778241306e-07 6.443844809821213957e-06
3.959999799728393555e+00 6.664894866740977999e-07 5.745681748580859796e-06
3.970000028610229492e+00 4.279032810257276237e-07 5.050157791934261498e-06
3.980000019073486328e+00 1.919413923971142223e-07 4.360014062920453076e-06
3.990000009536743164e+00 -4.034649329904842749e-08 3.677797569118658450e-06
4.000000000000000000e+00 -2.679788971667140477e-07 3.005923113193612861e-06
4.009999752044677734e+00 -4.900434064364129537e-07 2.346668594366947925e-06
4.019999980926513672e+00 -7.057227770475034184e-07 1.702094527545981689e-06
4.029999732971191406e+00 -9.142374840429749492e-07 1.074212443599854284e-06
4.039999961853027344e+00 -1.114921661159625077e-06 4.647545489503778587e-07
4.049999713897705078e+00 -1.307142731666801751e-06 -1.245874159375311905e-07
4.059999942779541016e+00 -1.490376572008403931e-06 -6.923938273439024511e-07
4.069999694824218750e+00 -1.664132799701317818e-06 -1.237291521380954175e-06
4.079999923706054688e+00 -1.828022831595577697e-06 -1.758168282968860943e-06
4.089999675750732422e+00 -1.981691750663776470e-06 -2.253962818837571959e-06
4.099999904632568359e+00 -2.124878624710420235e-06 -2.723860246273461919e-06
4.110000133514404297e+00 -2.257361718917870336e-06 -3.167120143846865277e-06
4.119999885559082031e+00 -2.378980342378269729e-06 -3.583149214374133667e-06
4.130000114440917969e+00 -2.489647399907641911e-06 -3.971550693818614976e-06
4.139999866485595703e+00 -2.589307441112634336e-06 -4.331983987911641047e-06
4.150000095367431641e+00 -2.677976121390090555e-06 -4.664307636719882002e-06
4.159999847412109375e+00 -2.755699369129802161e-06 -4.968436426783000160e-06
4.170000076293945312e+00 -2.822584355354275324e-06 -5.244462457048498576e-06
4.179999828338623047e+00 -2.878766918865337256e-06 -5.492533194234309068e-06
4.190000057220458984e+00 -2.924434186847576775e-06 -5.712950709148704262e-06
4.199999809265136719e+00 -2.959800169303862162e-06 -5.906070739557644067e-06
4.210000038146972656e+00 -2.985120300687379480e-06 -6.072380502154040013e-06
4.219999790191650391e+00 -3.000674983641014959e-06 -6.212418488246353769e-06
4.230000019073486328e+00 -3.006776431662851462e-06 -6.326831554525091859e-06
4.239999771118164062e+00 -3.003759828615609898e-06 -6.416314874582900379e-06
4.250000000000000000e+00 -2.991982944566838121e-06 -6.481649269934133150e-06
4.259999752044677734e+00 -2.971824481643715653e-06 -6.523660476199781288e-06
4.269999980926513672e+00 -2.943677009796151051e-06 -6.543237894099911681e-06
4.279999732971191406e+00 -2.907951990905841659e-06 -6.541312103766973001e-06
4.289999961853027344e+00 -2.865066638889160765e-06 -6.518856393944642549e-06
4.299999713897705078e+00 -2.815455051895663313e-06 -6.476881271271890076e-06
4.309999942779541016e+00 -2.759549642697930885e-06 -6.416420265615227367e-06
4.319999694824218750e+00 -2.697797762476724077e-06 -6.338540032550521351e-06
4.329999923706054688e+00 -2.630638373903698635e-06 -6.244312035158751139e-06
4.339999675750732422e+00 -2.558523518424986201e-06 -6.134836726051511181e-06
4.349999904632568359e+00 -2.481890916994248106e-06 -6.011202773006088408e-06
4.360000133514404297e+00 -2.401185676488020688e-06 -5.874516918772778652e-06
4.369999885559082031e+00 -2.316849194872555676e-06 -5.725886508043409030e-06
4.380000114440917969e+00 -2.229304684404996556e-06 -5.566391053953151166e-06
4.389999866485595703e+00 -2.138984275029695707e-06 -5.397129005559265824e-06
4.400000095367431641e+00 -2.046294404225095011e-06 -5.219153278019980731e-06
4.409999847412109375e+00 -1.951648982915843888e-06 -5.033531971343229819e-06
4.420000076293945312e+00 -1.855433041510298975e-06 -4.841277357824871652e-06
4.429999828338623047e+00 -1.758037769358590808e-06 -4.643413366695913668e-06
4.440000057220458984e+00 -1.659823024548285969e-06 -4.440899631308233754e-06
4.449999809265136719e+00 -1.561153635983931501e-06 -4.234704170141833094e-06
4.460000038146972656e+00 -1.462361346314223745e-06 -4.025724018278705116e-06
4.469999790191650391e+00 -1.363781800553109780e-06 -3.814861604562755717e-06
4.480000019073486328e+00 -1.265716448720882597e-06 -3.602943397719471938e-06
4.489999771118164062e+00 -1.168469685273845278e-06 -3.390798565699791501e-06
4.500000000000000000e+00 -1.072311191926262216e-06 -3.179176959558722358e-06
4.509999752044677734e+00 -9.775127368097124587e-07 -2.968828741091921949e-06
4.519999980926513672e+00 -8.843113896218066399e-07 -2.760422910277357722e-06
4.529999732971191406e+00 -7.929455372881164306e-07 -2.554626698305699841e-06
4.539999961853027344e+00 -7.036193540165032021e-07 -2.352025719861648825e-06
4.549999713897705078e+00 -6.165376402531325166e-07 -2.153202047702949147e-06
4.559999942779541016e+00 -5.318718802650142698e-07 -1.958656942023270392e-06
4.569999694824218750e+00 -4.497935623706991090e-07 -1.768886647152279443e-06
4.579999923706054688e+00 -3.704421070361742299e-07 -1.584308519154136178e-06
4.589999675750732422e+00 -2.939563778525099745e-07 -1.405333712518399004e-06
4.599999904632568359e+00 -2.204447143950083435e-07 -1.232297396267603033e-06
4.610000133514404297e+00 -1.500111107270741108e-07 -1.065519827644507405e-06
4.619999885559082031e+00 -8.274395824804651412e-08 -9.052802118869351226e-07
4.630000114440917969e+00 -1.870745723246372241e-08 -7.517960412484309326e-07
4.639999866485595703e+00 4.203591212801582660e-08 -6.052768055970732945e-07
4.650000095367431641e+00 9.944937640450314500e-08 -4.658666156368264532e-07
4.659999847412109375e+00 1.534982549572105832e-07 -3.337012786723923898e-07
4.670000076293945312e+00 2.041713825922633220e-07 -2.088564428309431490e-07
4.679999828338623047e+00 2.514600042380341693e-07 -9.139936251136454986e-08
4.690000057220458984e+00 2.953765967119898778e-07 1.865728446158963923e-08
4.699999809265136719e+00 3.359363052631750616e-07 1.213091138530313740e-07
4.710000038146972656e+00 3.731731649752591127e-07 2.166004934256617523e-07
4.719999790191650391e+00 4.071240743596687881e-07 3.045838144110122654e-07
4.730000019073486328e+00 4.378424515170955674e-07 3.853542654227177275e-07
4.739999771118164062e+00 4.653847054315849090e-07 4.590146389696541697e-07
4.750000000000000000e+00 4.898213936578983769e-07 5.257045427907473574e-07
4.759999752044677734e+00 5.112261210622272392e-07 5.855706398741923808e-07
4.769999980926513672e+00 5.296842943474868770e-07 6.387904913171277050e-07
4.779999732971191406e+00 5.452843508013183408e-07 6.855480558693796680e-07
4.789999961853027344e+00 5.581242302716876336e-07 7.260524206480289192e-07
4.799999713897705078e+00 5.683048130220533654e-07 7.605183236140397415e-07
4.809999942779541016e+00 5.759342517108125905e-07 7.891800807720660338e-07
4.819999694824218750e+00 5.811234777106809367e-07 8.122768422411902999e-07
4.829999923706054688e+00 5.839885540736630929e-07 8.300620670372376229e-07
4.839999675750732422e+00 5.846480935905603194e-07 8.427931803870454975e-07
4.849999904632568359e+00 5.832238085876759588e-07 8.507369801315510559e-07
4.859999656677246094e+00 5.798396714417878813e-07 8.541633293339103132e-07
4.869999885559082031e+00 5.746208483122841057e-07 8.533469021394248391e-07
4.880000114440917969e+00 5.676940546934056404e-07 8.485642029916176257e-07
4.889999866485595703e+00 5.591869127519857273e-07 8.400936658535602965e-07
4.900000095367431641e+00 5.492258580783820584e-07 8.282124045624599083e-07
4.909999847412109375e+00 5.379386574981443215e-07 8.131983125115252289e-07
4.920000076293945312e+00 5.254501626589494290e-07 7.953245207671769463e-07
4.929999828338623047e+00 5.118861326509007851e-07 7.748640535029623702e-07
4.940000057220458984e+00 4.973680636229217680e-07 7.520821203737992488e-07
4.949999809265136719e+00 4.820179238964805145e-07 7.272429746484143430e-07
4.960000038146972656e+00 4.659522541144477936e-07 7.006004561127548818e-07
4.969999790191650391e+00 4.492876325493164914e-07 6.724066477919404259e-07
4.980000019073486328e+00 4.321342333128337735e-07 6.429010696006911820e-07
4.989999771118164062e+00 4.146018457386761410e-07 6.123207440335883689e-07
5.000000000000000000e+00 3.967930686771693373e-07 5.808884198398165884e-07
5.009999752044677734e+00 3.788097160976774215e-07 5.488236763568763227e-07
5.019999980926513672e+00 3.607458137781647777e-07 5.163305314010869741e-07
5.029999732971191406e+00 3.426942333576696770e-07 4.836092372569848850e-07
5.039999961853027344e+00 3.247396442452566566e-07 4.508435985769399297e-07
5.049999713897705078e+00 3.069652299974037481e-07 4.182131396677212493e-07
5.059999942779541016e+00 2.894457333723737037e-07 3.858804272087278959e-07
5.069999694824218750e+00 2.722541218745868093e-07 3.540033176982633448e-07
5.079999923706054688e+00 2.554548479996867414e-07 3.227225469952805394e-07
5.089999675750732422e+00 2.391103447834016672e-07 2.921737978804288204e-07
5.099999904632568359e+00 2.232746067997201147e-07 2.624757844996786699e-07
5.109999656677246094e+00 2.079994113416279659e-07 2.337419123270523395e-07
5.119999885559082031e+00 1.933283089919956495e-07 2.060690511768077683e-07
5.130000114440917969e+00 1.793018284935372839e-07 1.795473569032759157e-07
5.139999866485595703e+00 1.659552134614651225e-07 1.542560718652006868e-07
5.150000095367431641e+00 1.533167290749929805e-07 1.302603470865019340e-07
5.159999847412109375e+00 1.414121274390471470e-07 1.076197575358902822e-07
5.170000076293945312e+00 1.302599423225208222e-07 8.637942076293016942e-08
5.179999828338623047e+00 1.198761508014283980e-07 6.657891156730849383e-08
5.190000057220458984e+00 1.102700602109703771e-07 4.824448278358207301e-08
5.199999809265136719e+00 1.014484166844169381e-07 3.139695126802353930e-08
5.210000038146972656e+00 9.341190246213138697e-08 1.604506861546327577e-08
5.219999790191650391e+00 8.615867079973007945e-08 2.192325306550241199e-09
5.230000019073486328e+00 7.968145831269868101e-08 -1.016850871192992188e-08
5.239999771118164062e+00 7.397053949909893384e-08 -2.104968745064669677e-08
5.250000000000000000e+00 6.901144639104435213e-08 -3.047278404764699453e-08
5.259999752044677734e+00 6.478734876358409655e-08 -3.846410222562526361e-08
5.269999980926513672e+00 6.127736208224119789e-08 -4.505783585917017091e-08
5.279999732971191406e+00 5.845837117198485408e-08 -5.029256607136872608e-08
5.289999961853027344e+00 5.630389734106510471e-08 -5.421333422000822958e-08
5.299999713897705078e+00 5.478539374814294925e-08 -5.686918193716173220e-08
5.309999942779541016e+00 5.387163363451957368e-08 -5.831420422100354264e-08
5.319999694824218750e+00 5.352951475226894672e-08 -5.860607210308754128e-08
5.329999923706054688e+00 5.372392290346120369e-08 -5.780614740381699411e-08
5.339999675750732422e+00 5.441809048644987700e-08 -5.597891285156416946e-08
5.349999904632568359e+00 5.557388299291749857e-08 -5.319124219242363845e-08
5.359999656677246094e+00 5.715176299798847714e-08 -4.951265045544145212e-08
5.369999885559082031e+00 5.911144191916447707e-08 -4.501382252827358914e-08
5.380000114440917969e+00 6.141162269392316538e-08 -3.976732005256230275e-08
5.389999866485595703e+00 6.401036932933540029e-08 -3.384681248625471996e-08
5.400000095367431641e+00 6.686576638347667980e-08 -2.732567850064677688e-08
5.409999847412109375e+00 6.993523362969414840e-08 -2.027867404746206294e-08
5.420000076293945312e+00 7.317681461550837043e-08 -1.277909641718725880e-08
5.429999828338623047e+00 7.654822001426866267e-08 -4.901105689848577429e-09
5.440000057220458984e+00 8.000825526705100844e-08 3.283454884235639221e-09
5.449999809265136719e+00 8.351573903157300526e-08 1.170238896283475962e-08
5.460000038146972656e+00 8.703100352814009519e-08 2.028655597352075979e-08
5.469999790191650391e+00 9.051474850181814409e-08 2.896696053221787379e-08
5.480000019073486328e+00 9.392954942340506217e-08 3.767827967006915092e-08
5.489999771118164062e+00 9.723870495068892149e-08 4.635581590965943223e-08
5.500000000000000000e+00 1.004076908851441048e-07 5.493903735454768446e-08
5.509999752044677734e+00 1.034030556590693653e-07 6.336849348276525406e-08
5.519999980926513672e+00 1.061937619018645244e-07 7.158926963063813454e-08
5.529999732971191406e+00 1.087501801309721606e-07 7.954795779050337939e-08
5.539999961853027344e+00 1.110452648233020793e-07 8.719593544668425198e-08
5.549999713897705078e+00 1.130536913834847752e-07 9.448647561767079066e-08
5.559999942779541016e+00 1.147528196746060241e-07 1.013777696363673619e-07
5.569999694824218750e+00 1.161220135833864184e-07 1.078302515645624717e-07
5.579999923706054688e+00 1.171433518908075519e-07 1.138092951021057404e-07
5.589999675750732422e+00 1.178011635200626186e-07 1.192828175966413736e-07
5.599999904632568359e+00 1.180824532491017360e-07 1.242235925641973338e-07
5.609999656677246094e+00 1.179766791206652152e-07 1.286071880261074631e-07
5.619999885559082031e+00 1.174758686543820765e-07 1.324138479137710284e-07
5.629999637603759766e+00 1.165746580616075254e-07 1.356268086196844527e-07
5.639999866485595703e+00 1.152700830749069972e-07 1.382337145691005927e-07
5.650000095367431641e+00 1.135618016225571601e-07 1.402254261034573289e-07
5.659999847412109375e+00 1.114520072395448713e-07 1.415965454903915094e-07
5.670000076293945312e+00 1.089449836406647831e-07 1.423454006542037960e-07
5.679999828338623047e+00 1.060477863996555578e-07 1.424735662878116805e-07
5.690000057220458984e+00 1.027692067113893473e-07 1.419860411583291470e-07
5.699999809265136719e+00 9.912078205910402144e-08 1.408910766312848132e-07
5.710000038146972656e+00 9.511544518695222972e-08 1.391998591907287054e-07
5.719999790191650391e+00 9.076880059651600426e-08 1.369267814117680659e-07
5.730000019073486328e+00 8.609747913041456306e-08 1.340886458429439352e-07
5.739999771118164062e+00 8.112066381319306520e-08 1.307053653132908903e-07
5.750000000000000000e+00 7.585817694656561166e-08 1.267987137367872819e-07
5.759999752044677734e+00 7.033223341802175326e-08 1.223934341061628369e-07
5.769999980926513672e+00 6.456529280408284122e-08 1.175155701507803947e-07
5.779999732971191406e+00 5.858201348545777183e-08 1.121939527317347463e-07
5.789999961853027344e+00 5.240690685063219259e-08 1.064581535153369348e-07
5.799999713897705078e+00 4.606646145005654546e-08 1.003403138178197547e-07
5.809999942779541016e+00 3.958663993694608665e-08 9.387276747291023189e-08
5.819999694824218750e+00 3.299513911647153668e-08 8.709017054669164970e-08
5.829999923706054688e+00 2.631877273720617463e-08 8.002684533330931705e-08
5.839999675750732422e+00 1.958583070034932643e-08 7.271916482231324711e-08
5.849999904632568359e+00 1.282339222761996203e-08 6.520267323246916837e-08
5.859999656677246094e+00 6.059745710042144029e-09 5.751467567902355335e-08
5.869999885559082031e+00 -6.783228153468017981e-10 4.969119287263902429e-08
5.879999637603759766e+00 -7.363088647996781597e-09 4.176970413082353171e-08
5.889999866485595703e+00 -1.396858026605599284e-08 3.378599483293810758e-08
5.900000095367431641e+00 -2.046846374027152531e-08 2.577661777585799306e-08
5.909999847412109375e+00 -2.683713688517282689e-08 1.777760154369147726e-08
5.920000076293945312e+00 -3.305072629137892486e-08 9.823143742266604092e-09
5.929999828338623047e+00 -3.908508199540492758e-08 1.948125768228576121e-09
5.940000057220458984e+00 -4.491823705357574552e-08 -5.815055404727783629e-09
5.949999809265136719e+00 -5.052819791676112380e-08 -1.343362363399169903e-08
5.960000038146972656e+00 -5.589524482239640198e-08 -2.087750242054638914e-08
5.969999790191650391e+00 -6.099986891173952908e-08 -2.811653114698588108e-08
5.980000019073486328e+00 -6.582488069504066395e-08 -3.512340471754102453e-08
5.989999771118164062e+00 -7.035352475451250756e-08 -4.187101563809499234e-08
6.000000000000000000e+00 -7.457136753437418141e-08 -4.833520901121166507e-08
6.009999752044677734e+00 -7.846461680723635312e-08 -5.449229257218770608e-08
6.019999980926513672e+00 -8.202176436300851199e-08 -6.032156649970012872e-08
6.029999732971191406e+00 -8.523213329994741410e-08 -6.580303898202554350e-08
6.039999961853027344e+00 -8.808725572244754143e-08 -7.091969571404430891e-08
6.049999713897705078e+00 -9.057966646818492868e-08 -7.565545352307606480e-08
6.059999942779541016e+00 -9.270400060675493325e-08 -7.999714020207961804e-08
6.069999694824218750e+00 -9.445604751485271858e-08 -8.393271326579106978e-08
6.079999923706054688e+00 -9.583355775181756747e-08 -8.745292683364717166e-08
6.089999675750732422e+00 -9.683556655020851006e-08 -9.054983683904815380e-08
6.099999904632568359e+00 -9.746290445057394830e-08 -9.321813788247927960e-08
6.109999656677246094e+00 -9.771779439828387409e-08 -9.545397031276966797e-08
6.119999885559082031e+00 -9.760406531546220363e-08 -9.725591624767139535e-08
6.129999637603759766e+00 -9.712702215946727376e-08 -9.862411796974467278e-08
6.139999866485595703e+00 -9.629336633879986950e-08 -9.956092855296713342e-08
6.150000095367431641e+00 -9.511126889356101286e-08 -1.000703593120884960e-07
6.159999847412109375e+00 -9.359032888107840916e-08 -1.001583156129529244e-07
6.170000076293945312e+00 -9.174122791626612848e-08 -9.983245945227025202e-08
6.179999828338623047e+00 -8.957621846679398512e-08 -9.910216415618601544e-08
6.190000057220458984e+00 -8.710835814257826660e-08 -9.797832094215698561e-08
6.199999809265136719e+00 -8.435226496112736343e-08 -9.647353798917428280e-08
6.210000038146972656e+00 -8.132310700792213774e-08 -9.460163192716628798e-08
6.219999790191650391e+00 -7.803757402714145381e-08 -9.237811108029976968e-08
6.230000019073486328e+00 -7.451264522720818022e-08 -8.981937242158160347e-08
6.239999771118164062e+00 -7.076675478628105296e-08 -8.694344944497749652e-08
6.250000000000000000e+00 -6.681836387836591664e-08 -8.376893956785876686e-08
6.259999752044677734e+00 -6.268729508923146223e-08 -8.031599318599111447e-08
6.269999980926513672e+00 -5.839313757743115423e-08 -7.660500039055241638e-08
6.279999732971191406e+00 -5.395672333169066982e-08 -7.265779444749778461e-08
6.289999961853027344e+00 -4.939839667729928119e-08 -6.849612994205895125e-08
6.299999713897705078e+00 -4.473960378160702865e-08 -6.414307122475063714e-08
6.309999942779541016e+00 -4.000105943069799377e-08 -5.962129668023109334e-08
6.319999694824218750e+00 -3.520442020423717021e-08 -5.495464061292882570e-08
6.329999923706054688e+00 -3.037038252780221981e-08 -5.016626021204404841e-08
6.339999675750732422e+00 -2.552040949636330314e-08 -4.528029792899662428e-08
6.349999904632568359e+00 -2.067479461944556256e-08 -4.031994885287528722e-08
6.359999656677246094e+00 -1.585441235999779703e-08 -3.530920985394437795e-08
6.369999885559082031e+00 -1.107878172325856458e-08 -3.027088549366725257e-08
6.379999637603759766e+00 -6.367811171677211466e-09 -2.522839005688471895e-08
6.389999866485595703e+00 -1.739895262035272043e-09 -2.020372979628845716e-08
6.399999618530273438e+00 2.786374323055124981e-09 -1.521932443641859814e-08
6.409999847412109375e+00 7.194047487233460708e-09 -1.029600251990909830e-08
6.420000076293945312e+00 1.146636553925293014e-08 -5.454581418888618446e-09
6.429999828338623047e+00 1.558750468596672503e-08 -7.150537531551386709e-10
6.440000057220458984e+00 1.954319782741123874e-08 3.904150645152584926e-09
6.449999809265136719e+00 2.331943397062982534e-08 8.384669036605591587e-09
6.460000038146972656e+00 2.690401292233149066e-08 1.271002949940264206e-08
6.469999790191650391e+00 3.028514973015500748e-08 1.686400479825230918e-08
6.480000019073486328e+00 3.345287496809018938e-08 2.083231161536097320e-08
6.489999771118164062e+00 3.639777578880723128e-08 2.460107525034328465e-08
6.500000000000000000e+00 3.911222394405938821e-08 2.815837963804261042e-08
6.509999752044677734e+00 4.158926889807857597e-08 3.149286474142166248e-08
6.519999980926513672e+00 4.382367971382502825e-08 3.459510651275926322e-08
6.529999732971191406e+00 4.581100250146193407e-08 3.745636554783659969e-08
6.539999961853027344e+00 4.754840640548237494e-08 4.006978025945428173e-08
6.549999713897705078e+00 4.903391436710519761e-08 4.242928186041358879e-08
6.559999942779541016e+00 5.026704756185594713e-08 4.453058827221782520e-08
6.569999694824218750e+00 5.124823510303129654e-08 4.637029686841226335e-08
6.579999923706054688e+00 5.197925530322759465e-08 4.794667093620025102e-08
6.589999675750732422e+00 5.246282659755982942e-08 4.925891790995674974e-08
6.599999904632568359e+00 5.270284784816681967e-08 5.030776445085114048e-08
6.609999656677246094e+00 5.270416948068835629e-08 5.109492419869699293e-08
6.619999885559082031e+00 5.247263863873841991e-08 5.162346164734574700e-08
6.629999637603759766e+00 5.201504636791346002e-08 5.189744981471370929e-08
6.639999866485595703e+00 5.133898669156684210e-08 5.192212698871059676e-08
6.649999618530273438e+00 5.045297269794103970e-08 5.170374122230860569e-08
6.659999847412109375e+00 4.936612150510306661e-08 5.124950764465708000e-08
6.670000076293945312e+00 4.808836404544983954e-08 5.056759558529288426e-08
6.679999828338623047e+00 4.663029695296643099e-08 4.966708645041644499e-08
6.690000057220458984e+00 4.500286971805433773e-08 4.855773389402666740e-08
6.699999809265136719e+00 4.321782731600167311e-08 4.725022470939341017e-08
6.710000038146972656e+00 4.128702762335382324e-08 4.575569187612369197e-08
6.719999790191650391e+00 3.922305532292340418e-08 4.408614330330050642e-08
6.730000019073486328e+00 3.703842402966729591e-08 4.225382575002869217e-08
6.739999771118164062e+00 3.474629726771898151e-08 4.027178962990489260e-08
6.750000000000000000e+00 3.235959523077127422e-08 3.815312317895374967e-08
6.759999752044677734e+00 2.989180450408856796e-08 3.591163578334165840e-08
6.769999980926513672e+00 2.735601003614914616e-08 3.356098319863017550e-08
6.779999732971191406e+00 2.476577443298874941e-08 3.111545041809105112e-08
6.789999961853027344e+00 2.213411600607790026e-08 2.858898974790658915e-08
6.799999713897705078e+00 1.947443801930182966e-08 2.599608321173374893e-08
6.809999942779541016e+00 1.679947361951540005e-08 2.335071585656486404e-08
6.819999694824218750e+00 1.412224535821702720e-08 2.066729708744440692e-08
6.829999923706054688e+00 1.145499744299826090e-08 1.795959175000589093e-08
6.839999675750732422e+00 8.810166170295660496e-09 1.524167960039641692e-08
6.849999904632568359e+00 6.199319269146577400e-09 1.252686648227482880e-08
6.859999656677246094e+00 3.634118557660406135e-09 9.828661363784301787e-09
6.869999885559082031e+00 1.125285211078388036e-09 7.159689326081742041e-09
6.879999637603759766e+00 -1.316463046742703329e-09 4.532666204775555473e-09
6.889999866485595703e+00 -3.681403105226531064e-09 1.959334164330959714e-09
6.899999618530273438e+00 -5.959911138410669295e-09 -5.485850543660230949e-10
6.909999847412109375e+00 -8.143393969679670217e-09 -2.980412466722530595e-09
6.920000076293945312e+00 -1.022354706371926010e-08 -5.325707315556162266e-09
6.929999828338623047e+00 -1.219272848533348211e-08 -7.574681302977560017e-09
6.940000057220458984e+00 -1.404424150204794446e-08 -9.718535391121279885e-09
6.949999809265136719e+00 -1.577171147696229821e-08 -1.174875189639814477e-08
6.960000038146972656e+00 -1.736980788914972897e-08 -1.365793708520333074e-08
6.969999790191650391e+00 -1.883360060857358494e-08 -1.543907141775048174e-08
6.980000019073486328e+00 -2.015917934807487161e-08 -1.708625567017839726e-08
6.989999771118164062e+00 -2.134310384995349470e-08 -1.859404844045747968e-08
7.000000000000000000e+00 -2.238291322836075231e-08 -1.995810513967448511e-08
7.009999752044677734e+00 -2.327667600477613080e-08 -2.117461180235552056e-08
7.019999980926513672e+00 -2.402338409426797366e-08 -2.224080875027910879e-08
7.029999732971191406e+00 -2.462260646410791869e-08 -2.315452744945668160e-08
7.039999961853027344e+00 -2.507476487508732573e-08 -2.391459320342048987e-08
7.049999713897705078e+00 -2.538089281023185658e-08 -2.452046947976156019e-08
7.059999942779541016e+00 -2.554279244913235372e-08 -2.497253657364026109e-08
7.069999694824218750e+00 -2.556289844896912804e-08 -2.527184551937474209e-08
7.079999923706054688e+00 -2.544431797955706647e-08 -2.542027225679361807e-08
7.089999675750732422e+00 -2.519079696799241348e-08 -2.542038098668821318e-08
7.099999904632568359e+00 -2.480664729056945954e-08 -2.527545590069388319e-08
7.109999656677246094e+00 -2.429681125615627451e-08 -2.498947168823135346e-08
7.119999885559082031e+00 -2.366668219421529507e-08 -2.456700731229453920e-08
7.129999637603759766e+00 -2.292226126823065682e-08 -2.401331935173482579e-08
7.139999866485595703e+00 -2.206987966527016169e-08 -2.333414456949049740e-08
7.149999618530273438e+00 -2.111644033173666192e-08 -2.253586992348464093e-08
7.159999847412109375e+00 -2.006905170995649263e-08 -2.162523272709147182e-08
7.170000076293945312e+00 -1.893528968846792619e-08 -2.060952868672966144e-08
7.179999828338623047e+00 -1.772303429618578943e-08 -1.949647434653382489e-08
7.190000057220458984e+00 -1.644023137486435151e-08 -1.829397801769632930e-08
7.199999809265136719e+00 -1.509525842506693769e-08 -1.701047333285969535e-08
7.210000038146972656e+00 -1.369638969962761404e-08 -1.565441306240460815e-08
7.219999790191650391e+00 -1.225225996834593006e-08 -1.423470695368200571e-08
7.230000019073486328e+00 -1.077128561392925269e-08 -1.276015626025582773e-08
7.239999771118164062e+00 -9.262167027031629576e-09 -1.123994325439102807e-08
7.250000000000000000e+00 -7.733279831696370279e-09 -9.683021007739657506e-09
7.259999752044677734e+00 -6.193204098276901038e-09 -8.098642190158480050e-09
7.269999980926513672e+00 -4.650099844061824087e-09 -6.495719003497039705e-09
7.279999732971191406e+00 -3.112251208309790105e-09 -4.883378579667320393e-09
7.289999961853027344e+00 -1.587440060060962910e-09 -3.270307981061967711e-09
7.299999713897705078e+00 -8.349345813641117554e-11 -1.665323462657061396e-09
7.309999942779541016e+00 1.392331405405281734e-09 -7.671514995274348132e-11
7.319999694824218750e+00 2.832807743587043627e-09 1.487182368427599385e-09
7.329999923706054688e+00 4.231330549336734611e-09 3.018631695916843837e-09
7.339999675750732422e+00 5.581395812398203316e-09 4.509932789816735423e-09
7.349999904632568359e+00 6.877156974837697369e-09 5.954037852471476274e-09
7.359999656677246094e+00 8.112932724456213186e-09 7.344013669621117538e-09
7.369999885559082031e+00 9.283718588523271258e-09 8.673617772254129901e-09
7.379999637603759766e+00 1.038473224819346057e-08 9.936793501326472051e-09
7.389999866485595703e+00 1.141187176974088819e-08 1.112819681442070978e-08
7.399999618530273438e+00 1.236130628710311672e-08 1.224273357180569139e-08
7.409999847412109375e+00 1.322987390323323347e-08 1.327602785515524833e-08
7.419999599456787109e+00 1.401472437558899015e-08 1.422400976457109369e-08
7.429999828338623047e+00 1.471365130535126129e-08 1.508331772471293119e-08
7.440000057220458984e+00 1.532481918345319005e-08 1.585097812765490981e-08
7.449999809265136719e+00 1.584689094314777183e-08 1.652456388483289473e-08
7.460000038146972656e+00 1.627907800625404934e-08 1.710227171197254813e-08
7.469999790191650391e+00 1.662096869493543320e-08 1.758270660723236613e-08
7.480000019073486328e+00 1.687268297732703216e-08 1.796509728590627700e-08
7.489999771118164062e+00 1.703473011256465016e-08 1.824910601487974262e-08
7.500000000000000000e+00 1.710809114690782533e-08 1.843496502888801704e-08
7.509999752044677734e+00 1.709414166149851897e-08 1.852335657551972975e-08
7.519999980926513672e+00 1.699466340890971744e-08 1.851547034859218582e-08
7.529999732971191406e+00 1.681183129291066453e-08 1.841295396823677012e-08
7.539999961853027344e+00 1.654815680243780453e-08 1.821789301585691707e-08
7.549999713897705078e+00 1.620653707309933257e-08 1.793283070442586607e-08
7.559999942779541016e+00 1.579013392154830554e-08 1.756067354370046895e-08
7.569999694824218750e+00 1.530248165203128012e-08 1.710477756253671399e-08
7.579999923706054688e+00 1.474730651363691916e-08 1.656878395747272066e-08
7.589999675750732422e+00 1.412868884148181274e-08 1.595676793457185059e-08
7.599999904632568359e+00 1.345082864767297545e-08 1.527300988416085978e-08
7.609999656677246094e+00 1.271825674744843906e-08 1.452220174283448166e-08
7.619999885559082031e+00 1.193555294952535127e-08 1.370916028073120352e-08
7.629999637603759766e+00 1.110760002441279895e-08 1.283908486100639221e-08
7.639999866485595703e+00 1.023926158240816851e-08 1.191722031756934187e-08
7.649999618530273438e+00 9.335672106585088624e-09 1.094915912841400516e-08
7.659999847412109375e+00 8.401882095550714797e-09 9.940462093213090676e-09
7.669999599456787109e+00 7.443176913113939638e-09 8.896997249766056922e-09
7.679999828338623047e+00 6.464697128516199338e-09 7.824527129117343591e-09
7.690000057220458984e+00 5.471731021686807466e-09 6.729023547057842935e-09
7.699999809265136719e+00 4.469556321915378239e-09 5.616494071629017697e-09
7.710000038146972656e+00 3.463269805873654136e-09 4.492788910871564287e-09
7.719999790191650391e+00 2.458098662291404290e-09 3.363944764828267685e-09
7.730000019073486328e+00 1.458994651131499096e-09 2.235729146562980834e-09
7.739999771118164062e+00 4.709938261258871363e-10 1.114041852910097890e-09
7.750000000000000000e+00 -5.011854962057113796e-10 4.458629702322780296e-12
7.759999752044677734e+00 -1.452788234161833603e-09 -1.087368733080684956e-09
7.769999980926513672e+00 -2.379412913609202935e-09 -2.156160153038452117e-09
7.779999732971191406e+00 -3.276669351768370513e-09 -3.196616733801335163e-09
7.789999961853027344e+00 -4.140549922325489864e-09 -4.203851061447424916e-09
7.799999713897705078e+00 -4.967105885949477607e-09 -5.173013998256588377e-09
7.809999942779541016e+00 -5.752792633003471995e-09 -6.099699182759779345e-09
7.819999694824218750e+00 -6.494170509211182080e-09 -6.979594283336406041e-09
7.829999923706054688e+00 -7.188217786499229060e-09 -7.808852049746236505e-09
7.839999675750732422e+00 -7.832061130291889921e-09 -8.583772451075312027e-09
7.849999904632568359e+00 -8.423250833070374099e-09 -9.301133459218063088e-09
7.859999656677246094e+00 -8.959525296641522354e-09 -9.957909672546492446e-09
7.869999885559082031e+00 -9.439043954902285203e-09 -1.055155697655768012e-08
7.879999637603759766e+00 -9.860189315883693587e-09 -1.107977234647149733e-08
7.889999866485595703e+00 -1.022175397974339713e-08 -1.154072760466284170e-08
7.899999618530273438e+00 -1.052278292119912001e-08 -1.193287412510213203e-08
7.909999847412109375e+00 -1.076271205719613403e-08 -1.225512207255277789e-08
7.919999599456787109e+00 -1.094125256555925618e-08 -1.250669271789701249e-08
7.929999828338623047e+00 -1.105847954712185020e-08 -1.268724077020538816e-08
7.940000057220458984e+00 -1.111476053109681654e-08 -1.279675951271062916e-08
7.949999809265136719e+00 -1.111078768047448388e-08 -1.283562743277293750e-08
7.960000038146972656e+00 -1.104755603550842498e-08 -1.280459195531030032e-08
7.969999790191650391e+00 -1.092636205049829870e-08 -1.270475616107889098e-08
7.980000019073486328e+00 -1.074876834908643587e-08 -1.253755667924260445e-08
7.989999771118164062e+00 -1.051663667797120501e-08 -1.230478909401556394e-08
8.000000000000000000e+00 -1.023204622432739678e-08 -1.200853045166134783e-08
8.010000228881835938e+00 -9.897348932948775572e-09 -1.165119338057074173e-08
8.019999504089355469e+00 -9.515149510397292217e-09 -1.123550976253342299e-08
8.029999732971191406e+00 -9.088146911879253829e-09 -1.076435737923389980e-08
8.039999961853027344e+00 -8.619334633954305072e-09 -1.024097825305899434e-08
8.050000190734863281e+00 -8.111839554481917099e-09 -9.668804245500049847e-09
8.059999465942382812e+00 -7.568989300076346829e-09 -9.051532826262973418e-09
8.069999694824218750e+00 -6.994081024375864333e-09 -8.392864358819214453e-09
8.079999923706054688e+00 -6.390671530944179323e-09 -7.696832383840721218e-09
8.090000152587890625e+00 -5.762352005375876038e-09 -6.967548047264487031e-09
8.099999427795410156e+00 -5.112839799816685438e-09 -6.209306148789263542e-09
8.109999656677246094e+00 -4.445707485667250421e-09 -5.426268583361326175e-09
8.119999885559082031e+00 -3.764734258215316923e-09 -4.622874416736205476e-09
8.130000114440917969e+00 -3.073639358350621907e-09 -3.803528629196673926e-09
8.139999389648437500e+00 -2.376189886856155705e-09 -2.972728790798235203e-09
8.149999618530273438e+00 -1.675914813690058274e-09 -2.134723425146262182e-09
8.159999847412109375e+00 -9.764861116878995179e-10 -1.293965131012815915e-09
8.170000076293945312e+00 -2.814352165253527377e-10 -4.547720209053000924e-10
8.179999351501464844e+00 4.057323897398892315e-10 3.785358511674840487e-10
8.189999580383300781e+00 1.081814385930325074e-09 1.201974367742217512e-09
8.199999809265136719e+00 1.743532608305145514e-09 2.011437344372951493e-09
8.210000038146972656e+00 2.387809932291790066e-09 2.803033803779618546e-09
8.220000267028808594e+00 3.011716779069324767e-09 3.573025336120419467e-09
8.229999542236328125e+00 3.612426323627797704e-09 4.317772334448536708e-09
8.239999771118164062e+00 4.187451628250681824e-09 5.034030442043922485e-09
8.250000000000000000e+00 4.734310480748111689e-09 5.718537273623716986e-09
8.260000228881835938e+00 5.250764865256418785e-09 6.368311385135876587e-09
8.269999504089355469e+00 5.734724611763246612e-09 6.980534192576063288e-09
8.279999732971191406e+00 6.184434449090350810e-09 7.552789367408516986e-09
8.289999961853027344e+00 6.598201189515541357e-09 8.082720181648694166e-09
8.300000190734863281e+00 6.974584988432471872e-09 8.568273670399178583e-09
8.309999465942382812e+00 7.312323550725589732e-09 9.007606190885750651e-09
8.319999694824218750e+00 7.610458576186733031e-09 9.399250781496582669e-09
8.329999923706054688e+00 7.868142665229180590e-09 9.741868437951741224e-09
8.340000152587890625e+00 8.084771382350100703e-09 1.003442200226287787e-08
8.349999427795410156e+00 8.259933000982466565e-09 1.027611194129584042e-08
8.359999656677246094e+00 8.393469074419955812e-09 1.046646307358844690e-08
8.369999885559082031e+00 8.485371099126856653e-09 1.060518447195079074e-08
8.380000114440917969e+00 8.535847508148454137e-09 1.069226381765665699e-08
8.389999389648437500e+00 8.545301499236267359e-09 1.072793716280617284e-08
8.399999618530273438e+00 8.514325518467719262e-09 1.071269285241293571e-08
8.409999847412109375e+00 8.443690112952938525e-09 1.064724548408970848e-08
8.420000076293945312e+00 8.334344973037182216e-09 1.053254779046316393e-08
8.429999351501464844e+00 8.187424854786599457e-09 1.036979511571871672e-08
8.439999580383300781e+00 8.004182379993192940e-09 1.016035043835226270e-08
8.449999809265136719e+00 7.786064243927492593e-09 9.905828655436835127e-09
8.460000038146972656e+00 7.534650077104724522e-09 9.608029137692594007e-09
8.470000267028808594e+00 7.251655677975897258e-09 9.268938471003650553e-09
8.479999542236328125e+00 6.938954744666287892e-09 8.890757132513381519e-09
8.489999771118164062e+00 6.598446840775550567e-09 8.475739611942670535e-09
8.500000000000000000e+00 6.232226360787834953e-09 8.026398730746683782e-09
8.510000228881835938e+00 5.842455237618919246e-09 7.545351858879037320e-09
8.519999504089355469e+00 5.431420562921286622e-09 7.035391567885111143e-09
8.529999732971191406e+00 5.001364439195361004e-09 6.499274275317403421e-09
8.539999961853027344e+00 4.554707986431789153e-09 5.939998050556429468e-09
8.550000190734863281e+00 4.093884535821774129e-09 5.360595707037749588e-09
8.559999465942382812e+00 3.621411422036791148e-09 4.764224553057032191e-09
8.569999694824218750e+00 3.139696456448767398e-09 4.153921786121383582e-09
8.579999923706054688e+00 2.651296429289408587e-09 3.532930588890582118e-09
8.590000152587890625e+00 2.158725420670841323e-09 2.904458115724437849e-09
8.599999427795410156e+00 1.664534199438654903e-09 2.271776198508740816e-09
8.609999656677246094e+00 1.171109275485077197e-09 1.637963663294352013e-09
8.619999885559082031e+00 6.809439574187033741e-10 1.006253049284128590e-09
8.630000114440917969e+00 1.964377886059286026e-10 3.797736517650300790e-10
8.639999389648437500e+00 -2.800230329019419962e-10 -2.383452361245124207e-10
8.649999618530273438e+00 -7.462580354479019647e-10 -8.452244786356521278e-10
8.659999847412109375e+00 -1.200030453535920199e-09 -1.437895644023561786e-09
8.670000076293945312e+00 -1.639240522225931714e-09 -2.013552152254059107e-09
8.679999351501464844e+00 -2.061850146903579570e-09 -2.569451516934963099e-09
8.689999580383300781e+00 -2.466051972185251601e-09 -3.103138552627854838e-09
8.699999809265136719e+00 -2.850036028789321612e-09 -3.612139140123379151e-09
8.710000038146972656e+00 -3.212160802660901940e-09 -4.094185901341218603e-09
8.720000267028808594e+00 -3.550919397028876626e-09 -4.547174739998843339e-09
8.729999542236328125e+00 -3.864917282163667712e-09 -4.969135713239545112e-09
8.739999771118164062e+00 -4.152995361248978246e-09 -5.358399630982731338e-09
8.750000000000000000e+00 -4.414054845577538379e-09 -5.713363823943573090e-09
8.760000228881835938e+00 -4.647183361278846610e-09 -6.032662642990154004e-09
8.769999504089355469e+00 -4.851608562162634094e-09 -6.315105753360379478e-09
8.779999732971191406e+00 -5.026775292714712258e-09 -6.559786377172262968e-09
8.789999961853027344e+00 -5.172229466879140970e-09 -6.765922312494740219e-09
8.800000190734863281e+00 -5.287698849469942556e-09 -6.932968873096005127e-09
8.809999465942382812e+00 -5.373064501770028620e-09 -7.060580219109430243e-09
8.819999694824218750e+00 -5.428388558515871204e-09 -7.148653374673833545e-09
8.829999923706054688e+00 -5.453862565607520499e-09 -7.197253088206068229e-09
8.840000152587890625e+00 -5.449839225426292111e-09 -7.206661031268290646e-09
8.849999427795410156e+00 -5.416822799290936207e-09 -7.177361957269000095e-09
8.859999656677246094e+00 -5.355448404897255459e-09 -7.110023311611452348e-09
8.869999885559082031e+00 -5.266494943122749668e-09 -7.005505562103647071e-09
8.880000114440917969e+00 -5.150868468390133675e-09 -6.864847145957142193e-09
8.889999389648437500e+00 -5.009611271054328238e-09 -6.689275388037533665e-09
8.899999618530273438e+00 -4.843837615640251359e-09 -6.480126922621069389e-09
8.909999847412109375e+00 -4.654806356857587480e-09 -6.238938378282956048e-09
8.920000076293945312e+00 -4.443860585369215806e-09 -5.967371941905917809e-09
8.929999351501464844e+00 -4.212453765783849984e-09 -5.667249164857739979e-09
8.939999580383300781e+00 -3.962050080733994506e-09 -5.340421996816797934e-09
8.949999809265136719e+00 -3.694247482205876537e-09 -4.988932700165540440e-09
8.960000038146972656e+00 -3.410681490508774675e-09 -4.614889464593132573e-09
8.970000267028808594e+00 -3.113036544642370582e-09 -4.220481068589413760e-09
8.979999542236328125e+00 -2.803066341678523327e-09 -3.808004249261586406e-09
8.989999771118164062e+00 -2.482464688693240472e-09 -3.379691767814842110e-09
9.000000000000000000e+00 -2.153033573335642980e-09 -2.937936001858811173e-09
9.010000228881835938e+00 -1.816556516099445526e-09 -2.485120388735964292e-09
9.019999504089355469e+00 -1.474851204969880101e-09 -2.023689789586090158e-09
9.029999732971191406e+00 -1.129629726873483925e-09 -1.555961339142917268e-09
9.039999961853027344e+00 -7.826857921789890257e-10 -1.084376891973127406e-09
9.050000190734863281e+00 -4.357564517105885255e-10 -6.113159506235717237e-10
9.059999465942382812e+00 -9.057939341733093731e-11 -1.391730194571399055e-10
9.069999694824218750e+00 2.512460631954119528e-10 3.298332184666570151e-10
9.079999923706054688e+00 5.880682520230809924e-10 7.933996630044599907e-10
9.090000152587890625e+00 9.183218196461478815e-10 1.249329028563687604e-09
9.099999427795410156e+00 1.240470589177692412e-09 1.695451954978301083e-09
9.109999656677246094e+00 1.553135451711554635e-09 2.129804985858263169e-09
9.119999885559082031e+00 1.854915109857471583e-09 2.550383107593656775e-09
9.130000114440917969e+00 2.144514763226640262e-09 2.955318660032527133e-09
9.139999389648437500e+00 2.420693717543253593e-09 3.342809188162131516e-09
9.149999618530273438e+00 2.682373448412991104e-09 3.711270018441222217e-09
9.159999847412109375e+00 2.928482927989628746e-09 4.059118088474570497e-09
9.170000076293945312e+00 3.158068496566278535e-09 4.384926851277319794e-09
9.179999351501464844e+00 3.370250160772304529e-09 4.687365415917685403e-09
9.189999580383300781e+00 3.564303150107425075e-09 4.965315784218465813e-09
9.199999809265136719e+00 3.739538239469968420e-09 5.217703116406218006e-09
9.210000038146972656e+00 3.895385893010501733e-09 5.443616412584256782e-09
9.220000267028808594e+00 4.031376236044423129e-09 5.642280911505423427e-09
9.229999542236328125e+00 4.147129645862988330e-09 5.813044968980080959e-09
9.239999771118164062e+00 4.242399248237108460e-09 5.955443807835610869e-09
9.250000000000000000e+00 4.317004522017732730e-09 6.069102440400717900e-09
9.260000228881835938e+00 4.370876923359699148e-09 6.153803700591352587e-09
9.269999504089355469e+00 4.404044815298760337e-09 6.209466307323784478e-09
9.279999732971191406e+00 4.416642878452170300e-09 6.236162386979450109e-09
9.289999961853027344e+00 4.408891511373092487e-09 6.234084147640226720e-09
9.300000190734863281e+00 4.381109436006280153e-09 6.203565855152516548e-09
9.309999465942382812e+00 4.333712601868712178e-09 6.145081457835984604e-09
9.319999694824218750e+00 4.267191460330427135e-09 6.059216467302972527e-09
9.329999923706054688e+00 4.182135032364830978e-09 5.946697846709382762e-09
9.340000152587890625e+00 4.079211158659584234e-09 5.808370104498244053e-09
9.349999427795410156e+00 3.959178485594273171e-09 5.645211522532451018e-09
9.359999656677246094e+00 3.822834830077819840e-09 5.458264255616288186e-09
9.369999885559082031e+00 3.671081456405715357e-09 5.248722076315102905e-09
9.380000114440917969e+00 3.504873978301269285e-09 5.017864112823640771e-09
9.389999389648437500e+00 3.325245582418202578e-09 4.767087307358083699e-09
9.399999618530273438e+00 3.133231750924993980e-09 4.497801598971395544e-09
9.409999847412109375e+00 2.929967491711312767e-09 4.211565988170530315e-09
9.420000076293945312e+00 2.716614019824494928e-09 3.909986557329056589e-09
9.429999351501464844e+00 2.494390672680468014e-09 3.594761697419401037e-09
9.439999580383300781e+00 2.264482907809251809e-09 3.267551761431302393e-09
9.449999809265136719e+00 2.028163138145096779e-09 2.930150653651894519e-09
9.460000038146972656e+00 1.786700044289534300e-09 2.584357402491250410e-09
9.469999313354492188e+00 1.541396202484182716e-09 2.232029980952693388e-09
9.479999542236328125e+00 1.293487373312778857e-09 1.874940624060426152e-09
9.489999771118164062e+00 1.044276322944226535e-09 1.514968015756510581e-09
9.500000000000000000e+00 7.950327730626532039e-10 1.153953581222145660e-09
9.510000228881835938e+00 5.470100283432916348e-10 7.937251288671059718e-10
9.519999504089355469e+00 3.014617646662629342e-10 4.361211985517974740e-10
9.529999732971191406e+00 5.954226804970853938e-11 8.284544506377897687e-11
9.539999961853027344e+00 -1.775589667345106537e-10 -2.643376575301734777e-10
9.550000190734863281e+00 -4.087171138010417496e-10 -6.037485859461044854e-10
9.559999465942382812e+00 -6.328329935875671619e-10 -9.337360871610217131e-10
9.569999694824218750e+00 -8.489231244838927173e-10 -1.252810337219746290e-09
9.579999923706054688e+00 -1.055996172593346436e-09 -1.559461570782490602e-09
9.590000152587890625e+00 -1.253143690928740995e-09 -1.852294218382971713e-09
9.599999427795410156e+00 -1.439505189431907040e-09 -2.129975855364985135e-09
9.609999656677246094e+00 -1.614341800370892882e-09 -2.391347725515330748e-09
9.619999885559082031e+00 -1.776932647982646488e-09 -2.635271047638579742e-09
9.630000114440917969e+00 -1.926649710837282050e-09 -2.860739251116042377e-09
9.639999389648437500e+00 -2.062929338911107285e-09 -3.066836068492877542e-09
9.649999618530273438e+00 -2.185324632350215547e-09 -3.252815638483997510e-09
9.659999847412109375e+00 -2.293428558317061965e-09 -3.417987052190237769e-09
9.670000076293945312e+00 -2.386927956601729208e-09 -3.561796790270288518e-09
9.679999351501464844e+00 -2.465583296034521266e-09 -3.683798691843949980e-09
9.689999580383300781e+00 -2.529256980419959804e-09 -3.783698848094326538e-09
9.699999809265136719e+00 -2.577867572711066717e-09 -3.861285469874692368e-09
9.710000038146972656e+00 -2.611420052760155376e-09 -3.916476597011896742e-09
9.719999313354492188e+00 -2.629994937393590716e-09 -3.949303735825533481e-09
9.729999542236328125e+00 -2.633751928634912566e-09 -3.959919998355611793e-09
9.739999771118164062e+00 -2.622916934822916317e-09 -3.948578502248023751e-09
9.750000000000000000e+00 -2.597787858900734828e-09 -3.915643624366943222e-09
9.760000228881835938e+00 -2.558729090857498222e-09 -3.861582897730622040e-09
9.769999504089355469e+00 -2.506173844332124764e-09 -3.786970707126318161e-09
9.779999732971191406e+00 -2.440599256346247324e-09 -3.692453042628553236e-09
9.789999961853027344e+00 -2.362552763788505575e-09 -3.578785105480737329e-09
9.800000190734863281e+00 -2.272629339570264985e-09 -3.446799220181818815e-09
9.809999465942382812e+00 -2.171481925222047769e-09 -3.297420224085601508e-09
9.819999694824218750e+00 -2.059777533258050662e-09 -3.131600760677956708e-09
9.829999923706054688e+00 -1.938250908920288717e-09 -2.950400670101170344e-09
9.840000152587890625e+00 -1.807662557869116950e-09 -2.754925176209622017e-09
9.849999427795410156e+00 -1.668817059141346784e-09 -2.546352312445634085e-09
9.859999656677246094e+00 -1.522504859215482058e-09 -2.325845525116232532e-09
9.869999885559082031e+00 -1.369577419406224759e-09 -2.094666617620788679e-09
9.880000114440917969e+00 -1.210890551970385694e-09 -1.854090719688957194e-09
9.889999389648437500e+00 -1.047328741280556148e-09 -1.605443087067944895e-09
9.899999618530273438e+00 -8.797379848661082268e-10 -1.349996965323475302e-09
9.909999847412109375e+00 -7.090153176483112861e-10 -1.089109670838304903e-09
9.920000076293945312e+00 -5.360426765260779885e-10 -8.241220709680387814e-10
9.929999351501464844e+00 -3.617149426540872342e-10 -5.564013959372924884e-10
9.939999580383300781e+00 -1.868694035171465669e-10 -2.872328035570318988e-10
9.949999809265136719e+00 -1.238186995866071066e-11 -1.796691363080341668e-11
9.960000038146972656e+00 1.609034331445855287e-10 2.500879033591755193e-10
9.969999313354492188e+00 3.321445844165031318e-10 5.156204489929323811e-10
9.979999542236328125e+00 5.005704734252041465e-10 7.774231016120938936e-10
9.989999771118164062e+00 6.653859097845871695e-10 1.034244816676944685e-09
1.000000000000000000e+01 8.258403021955028918e-10 1.284897736575623061e-09
1.001000022888183594e+01 9.812141298401816325e-10 1.528236449663312255e-09
1.001999950408935547e+01 1.130807725939749601e-09 1.763140531951014515e-09
1.002999973297119141e+01 1.274000398007629480e-09 1.988607665104057730e-09
1.003999996185302734e+01 1.410167156381490413e-09 2.203623130053578940e-09
1.005000019073486328e+01 1.538738662394059040e-09 2.407254178391397521e-09
1.005999946594238281e+01 1.659177668637120487e-09 2.598613163509448164e-09
1.006999969482421875e+01 1.771026090621279630e-09 2.776932727162168938e-09
1.007999992370605469e+01 1.873837722607643858e-09 2.941459264155782597e-09
1.009000015258789062e+01 1.967226525857956868e-09 3.091530001381160399e-09
1.009999942779541016e+01 2.050848554164761077e-09 3.226544537988784234e-09
1.010999965667724609e+01 2.124434025436563505e-09 3.346017157948873069e-09
1.011999988555908203e+01 2.187740311826478972e-09 3.449501422881331718e-09
1.013000011444091797e+01 2.240585468041060427e-09 3.536644781950845188e-09
1.013999938964843750e+01 2.282836695461300646e-09 3.607170310571225288e-09
1.014999961853027344e+01 2.314425645546428664e-09 3.660902949059076007e-09
1.015999984741210938e+01 2.335324187189247732e-09 3.697729674608677922e-09
1.017000007629394531e+01 2.345561258225749433e-09 3.717628197819209409e-09
1.017999935150146484e+01 2.345218325844692623e-09 3.720659747163399337e-09
1.018999958038330078e+01 2.334427453773847129e-09 3.706968007949691091e-09
1.019999980926513672e+01 2.313370478982760903e-09 3.676776403349968865e-09
1.021000003814697266e+01 2.282278589450952899e-09 3.630389434871226981e-09
1.021999931335449219e+01 2.241434668687317827e-09 3.568196437345376829e-09
1.022999954223632812e+01 2.191154995980888810e-09 3.490644095902226156e-09
1.023999977111816406e+01 2.131810649958901638e-09 3.398269457775995640e-09
1.025000000000000000e+01 2.063810580414071962e-09 3.291674623550245925e-09
1.026000022888183594e+01 1.987602582194137890e-09 3.171528497182442554e-09
1.026999950408935547e+01 1.903678985461532984e-09 3.038576242739897088e-09
1.027999973297119141e+01 1.812541036198202951e-09 2.893583157315031562e-09
1.028999996185302734e+01 1.714743965436860756e-09 2.737406362068009308e-09
1.030000019073486328e+01 1.610862467813960784e-09 2.570940404142520031e-09
1.030999946594238281e+01 1.501505696229606949e-09 2.395141422679681146e-09
1.031999969482421875e+01 1.387271572248033581e-09 2.210953824109315988e-09
1.032999992370605469e+01 1.268805926046815087e-09 2.019405458808935397e-09
1.034000015258789062e+01 1.146757635999627700e-09 1.821535596218188702e-09
1.034999942779541016e+01 1.021797202515163694e-09 1.618424967072471217e-09
1.035999965667724609e+01 8.945651259958059717e-10 1.411111776629060714e-09
1.036999988555908203e+01 7.657398554727583906e-10 1.200702051396356594e-09
1.038000011444091797e+01 6.359866974142488895e-10 9.882864858682528831e-10
1.038999938964843750e+01 5.059784265885924654e-10 7.749739144828633588e-10
1.039999961853027344e+01 3.763421620476784420e-10 5.618038832388688879e-10
1.040999984741210938e+01 2.477304680994865818e-10 3.498630414700911997e-10
1.042000007629394531e+01 1.207684432119696586e-10 1.401980566396067654e-10
1.042999935150146484e+01 -3.925238585349776649e-12 -6.615005442137507541e-11
1.043999958038330078e+01 -1.257886497160639430e-10 -2.682295911918869711e-10
1.044999980926513672e+01 -2.442479488318372658e-10 -4.650649237359345514e-10
1.046000003814697266e+01 -3.587678170805241899e-10 -6.557403207016940366e-10
1.046999931335449219e+01 -4.688315550952615548e-10 -8.393672988626202836e-10
1.047999954223632812e+01 -5.739848107359639322e-10 -1.015158019390374617e-09
1.048999977111816406e+01 -6.737744574615890359e-10 -1.182323724070410970e-09
1.050000000000000000e+01 -7.677927579907661777e-10 -1.340148800663215423e-09
1.051000022888183594e+01 -8.556681050720292737e-10 -1.487975769363099301e-09
1.051999950408935547e+01 -9.370587946377223716e-10 -1.625195159250836871e-09
1.052999973297119141e+01 -1.011684438107862290e-09 -1.751298881830037136e-09
1.053999996185302734e+01 -1.079280083597591874e-09 -1.865803250410195671e-09
1.055000019073486328e+01 -1.139628424149059283e-09 -1.968303614351692636e-09
1.055999946594238281e+01 -1.192547309606242375e-09 -2.058453569118884359e-09
1.056999969482421875e+01 -1.237909281855273280e-09 -2.135998592819635154e-09
1.057999992370605469e+01 -1.275611115327057502e-09 -2.200724464679911877e-09
1.059000015258789062e+01 -1.305594371184104563e-09 -2.252492553122960774e-09
1.059999942779541016e+01 -1.327837689044271059e-09 -2.291226894911178255e-09
1.060999965667724609e+01 -1.342363799441928617e-09 -2.316926745441559410e-09
1.061999988555908203e+01 -1.349225897135029590e-09 -2.329643131440353798e-09
1.063000011444091797e+01 -1.348515808424031675e-09 -2.329493316239454429e-09
1.063999938964843750e+01 -1.340361428843561253e-09 -2.316656491140399602e-09
1.064999961853027344e+01 -1.324921567234971553e-09 -2.291365613553597488e-09
1.065999984741210938e+01 -1.302389186824279918e-09 -2.253912530318515020e-09
1.067000007629394531e+01 -1.272987434695530548e-09 -2.204641825049040345e-09
1.067999935150146484e+01 -1.236972160650912587e-09 -2.143955151643196161e-09
1.068999958038330078e+01 -1.194615809976669892e-09 -2.072284231407857502e-09
1.069999980926513672e+01 -1.146226270777697025e-09 -1.990122767797255131e-09
1.071000003814697266e+01 -1.092131872092531915e-09 -1.898001354969009057e-09
1.071999931335449219e+01 -1.032688504210211195e-09 -1.796499764363239299e-09
1.072999954223632812e+01 -9.682544635484828769e-10 -1.686204167324519044e-09
1.073999977111816406e+01 -8.992225265636383316e-10 -1.567762097159260792e-09
1.075000000000000000e+01 -8.259957192265014466e-10 -1.441841298054130460e-09
1.076000022888183594e+01 -7.489906919701928329e-10 -1.309135669687810699e-09
1.076999950408935547e+01 -6.686434687480715817e-10 -1.170375439361539610e-09
1.077999973297119141e+01 -5.853763986504686746e-10 -1.026270282944751007e-09
1.078999996185302734e+01 -4.996421242267041023e-10 -8.775854686493238157e-10
1.080000019073486328e+01 -4.118911294771649116e-10 -7.250860417789819448e-10
1.080999946594238281e+01 -3.225857626000125087e-10 -5.695613523445298765e-10
1.081999969482421875e+01 -2.321639568091808639e-10 -4.117620388265565390e-10
1.082999992370605469e+01 -1.410883632939628961e-10 -2.524857615630944658e-10
1.084000015258789062e+01 -4.981036459054688065e-11 -9.251470701231725770e-11
1.084999942779541016e+01 4.121480831766061544e-11 6.735784466885710268e-11
1.085999965667724609e+01 1.315647417193385162e-10 2.263918454009795808e-10
1.086999988555908203e+01 2.207996062261248856e-10 3.838121859692144046e-10
1.088000011444091797e+01 3.084988304238454113e-10 5.388730499138954216e-10
1.088999938964843750e+01 3.942461529781673476e-10 6.908315518590113538e-10
1.089999961853027344e+01 4.776639227959571913e-10 8.390085962319268358e-10
1.090999984741210938e+01 5.583656781941868586e-10 9.827049259966755515e-10
1.092000007629394531e+01 6.359907223192960421e-10 1.121262500480071519e-09
1.092999935150146484e+01 7.101904965859030728e-10 1.254040416052359267e-09
1.093999958038330078e+01 7.806580330048241342e-10 1.380467855780957501e-09
1.094999980926513672e+01 8.470868205716612307e-10 1.499970740581260364e-09
1.096000003814697266e+01 9.092007461833905714e-10 1.612025585085519044e-09
1.096999931335449219e+01 9.667427473127645668e-10 1.716139442370774927e-09
1.097999954223632812e+01 1.019497373642717420e-09 1.811891131918724121e-09
1.098999977111816406e+01 1.067258744654966202e-09 1.898873671675418029e-09
1.100000000000000000e+01 1.109853750416043522e-09 1.976736674995164008e-09
1.101000022888183594e+01 1.147136990852133408e-09 2.045177684662907036e-09
1.101999950408935547e+01 1.178988504969580163e-09 2.103938448669894400e-09
1.102999973297119141e+01 1.205325761075630665e-09 2.152827574850542889e-09
1.103999996185302734e+01 1.226085622433004101e-09 2.191687771013687610e-09
1.105000019073486328e+01 1.241237078429960498e-09 2.220419827796863104e-09
1.105999946594238281e+01 1.250777197281539401e-09 2.238975594774317396e-09
1.106999969482421875e+01 1.254733965560382037e-09 2.247364120344253269e-09
1.107999992370605469e+01 1.253160413384043251e-09 2.245640767418568276e-09
1.109000015258789062e+01 1.246138214553400028e-09 2.233914695384551841e-09
1.109999942779541016e+01 1.233777214150605199e-09 2.212348250476235565e-09
1.110999965667724609e+01 1.216209328731234802e-09 2.181146617731073667e-09
1.111999988555908203e+01 1.193594626965863420e-09 2.140568720863695950e-09
1.113000011444091797e+01 1.166115963978855064e-09 2.090918154662308689e-09
1.113999938964843750e+01 1.133981915486189464e-09 2.032548711452997980e-09
1.114999961853027344e+01 1.097412681014158156e-09 1.965838975649507584e-09
1.115999984741210938e+01 1.056657009828925884e-09 1.891223239172088541e-09
1.117000007629394531e+01 1.011978771545558804e-09 1.809167256476104778e-09
1.117999935150146484e+01 9.636629001418549131e-10 1.720179229606910778e-09
1.118999958038330078e+01 9.119948627541427339e-10 1.624772032722266606e-09
1.119999980926513672e+01 8.572865457891414286e-10 1.523510899954832756e-09
1.121000003814697266e+01 7.998562879511303703e-10 1.416976640606349368e-09
1.121999931335449219e+01 7.400372456627771124e-10 1.305781068346879776e-09
1.122999954223632812e+01 6.781524371360019959e-10 1.190520506253598438e-09
1.123999977111816406e+01 6.145471148118555809e-10 1.071835842737891902e-09
1.125000000000000000e+01 5.495642367953633197e-10 9.503668072450345968e-10
1.125999927520751953e+01 4.835545175739822717e-10 8.267705606688071054e-10
1.126999950408935547e+01 4.168492941293599131e-10 7.016706963338849983e-10
1.127999973297119141e+01 3.497965447834850989e-10 5.757244908245788167e-10
1.128999996185302734e+01 2.827340165241590289e-10 4.495724034774403285e-10
1.130000019073486328e+01 2.159937902209733122e-10 3.238464033767271537e-10
1.130999946594238281e+01 1.499069285167908197e-10 1.991785536283875681e-10
1.131999969482421875e+01 8.477678754110460843e-11 7.615045743276609985e-11
1.132999992370605469e+01 2.091543389068816743e-11 -4.463823054719986603e-11
1.134000015258789062e+01 -4.138301794462003257e-11 -1.626202662421162191e-10
1.134999942779541016e+01 -1.018316529556534288e-10 -2.772406496006205186e-10
1.135999965667724609e+01 -1.601747972795733189e-10 -3.880023735134800660e-10
1.136999988555908203e+01 -2.161544370050930482e-10 -4.944028820192001703e-10
1.138000011444091797e+01 -2.695344278169156131e-10 -5.959800849892819207e-10
1.138999938964843750e+01 -3.200907911948975309e-10 -6.922940263086803128e-10
1.139999961853027344e+01 -3.676314621035382282e-10 -7.829646044584886861e-10
1.140999984741210938e+01 -4.119679496748610918e-10 -8.676176585554889820e-10
1.142000007629394531e+01 -4.529354316326274685e-10 -9.459233069058629217e-10
1.142999935150146484e+01 -4.903848062100751951e-10 -1.017580836985945066e-09
1.143999958038330078e+01 -5.241969549879855020e-10 -1.082346054681047628e-09
1.144999980926513672e+01 -5.542615069959370744e-10 -1.139990695231509453e-09
1.146000003814697266e+01 -5.804915935548504328e-10 -1.190330696994184658e-09
1.146999931335449219e+01 -6.028181915917697035e-10 -1.233215416078008817e-09
1.147999954223632812e+01 -6.211982074024977528e-10 -1.268543214824697677e-09
1.148999977111816406e+01 -6.356015488172861329e-10 -1.296236693751067832e-09
1.150000000000000000e+01 -6.460197965025008169e-10 -1.316259423776744201e-09
1.150999927520751953e+01 -6.524631612031212278e-10 -1.328610201303925215e-09
1.151999950408935547e+01 -6.549621881922950153e-10 -1.333326418673772600e-09
1.152999973297119141e+01 -6.535636326997897245e-10 -1.330476280966991624e-09
1.153999996185302734e+01 -6.483327884116626707e-10 -1.320163421477830184e-09
1.155000019073486328e+01 -6.393521153846090841e-10 -1.302524433121482107e-09
1.155999946594238281e+01 -6.267219883701596719e-10 -1.277730550523314223e-09
1.156999969482421875e+01 -6.105548452557463572e-10 -1.245976398206517090e-09
1.157999992370605469e+01 -5.909816965240520127e-10 -1.207493019053755988e-09
1.159000015258789062e+01 -5.681468586870453919e-10 -1.162537809045603315e-09
1.159999942779541016e+01 -5.422107717143951501e-10 -1.111400360825097419e-09
1.160999965667724609e+01 -5.133389292903012625e-10 -1.054380937129641173e-09
1.161999988555908203e+01 -4.817158278738169197e-10 -9.918182834811163852e-10
1.163000011444091797e+01 -4.475343937125551973e-10 -9.240691084680437837e-10
1.163999938964843750e+01 -4.110009087197860055e-10 -8.515181667506958853e-10
1.164999961853027344e+01 -3.723198186310503491e-10 -7.745484029328993339e-10
1.165999984741210938e+01 -3.317136131951556580e-10 -6.935807425447341824e-10
1.167000007629394531e+01 -2.894080071534369165e-10 -6.090449773038460007e-10
1.167999935150146484e+01 -2.456384453894024514e-10 -5.213930348707343881e-10
1.168999958038330078e+01 -2.006321337767711337e-10 -4.310632472094926174e-10
1.169999980926513672e+01 -1.546319766321396088e-10 -3.385285245405921737e-10
1.171000003814697266e+01 -1.078788377465453152e-10 -2.442610557440141031e-10
1.171999931335449219e+01 -6.061901012836687983e-11 -1.487475175416939177e-10
1.172999954223632812e+01 -1.308496927876789990e-11 -5.245029856873232887e-11
1.173999977111816406e+01 3.447871009908739549e-11 4.414002535239877109e-11
1.175000000000000000e+01 8.183451569365280657e-11 1.405433454460715940e-10
1.175999927520751953e+01 1.287442054113195698e-10 2.362741834684160374e-10
1.176999950408935547e+01 1.749877850981016196e-10 3.308804715656585885e-10
1.177999973297119141e+01 2.203377269324559708e-10 4.238910168363199125e-10
1.178999996185302734e+01 2.645779967018048849e-10 5.148544371917380170e-10
1.180000019073486328e+01 3.075005808450964366e-10 6.033322618755981874e-10
1.180999946594238281e+01 3.489025980769888715e-10 6.888931488389061757e-10
1.181999969482421875e+01 3.886028840349886204e-10 7.711474204919059615e-10
1.182999992370605469e+01 4.264191486160357934e-10 8.497001349494993351e-10
1.184000015258789062e+01 4.621847524952200599e-10 9.241860509461240899e-10
1.184999942779541016e+01 4.957423413873435677e-10 9.942567527066350898e-10
1.185999965667724609e+01 5.269571171263050690e-10 1.059608734495826462e-09
1.186999988555908203e+01 5.556982165086164098e-10 1.119944889531003099e-09
1.188000011444091797e+01 5.818522630081837956e-10 1.175003178985733959e-09
1.188999938964843750e+01 6.053183914244724280e-10 1.224546592233622970e-09
1.189999961853027344e+01 6.260172987915446939e-10 1.268382660507458739e-09
1.190999984741210938e+01 6.438780707057307896e-10 1.306336026228344840e-09
1.192000007629394531e+01 6.588475778856969155e-10 1.338268646482003911e-09
1.192999935150146484e+01 6.708871889290321384e-10 1.364073184262042653e-09
1.193999958038330078e+01 6.799770821779858704e-10 1.383682608194735975e-09
1.194999980926513672e+01 6.861092628231044961e-10 1.397055544396739494e-09
1.196000003814697266e+01 6.892922614267430839e-10 1.404186631250967748e-09
1.196999931335449219e+01 6.895496970206620790e-10 1.405103676700353057e-09
1.197999954223632812e+01 6.869197502454504041e-10 1.399866909043776661e-09
1.198999977111816406e+01 6.814545982669767703e-10 1.388567754636254275e-09
1.200000000000000000e+01 6.732202909407769404e-10 1.371328874563933245e-09
1.200999927520751953e+01 6.622971866911407256e-10 1.348305160738579661e-09
1.201999950408935547e+01 6.487748939766403875e-10 1.319673134066138793e-09
1.202999973297119141e+01 6.327578430851997290e-10 1.285642721865937107e-09
1.203999996185302734e+01 6.143606206752496687e-10 1.246447436734486511e-09
1.205000019073486328e+01 5.937080914632582892e-10 1.202344594920966721e-09
1.205999946594238281e+01 5.709368326490077972e-10 1.153618355248599834e-09
1.206999969482421875e+01 5.461853726868671999e-10 1.100558763816979680e-09
1.207999992370605469e+01 5.196063454605285469e-10 1.043487680266140075e-09
1.209000015258789062e+01 4.913570708789288493e-10 9.827385341130405420e-10
1.209999942779541016e+01 4.616035976015980322e-10 9.186649049240201955e-10
1.210999965667724609e+01 4.305082616548091938e-10 8.516136163833772631e-10
1.211999988555908203e+01 3.982457897318958298e-10 7.819593045660589436e-10
1.213000011444091797e+01 3.649911289528133497e-10 7.100781084359209374e-10
1.213999938964843750e+01 3.309245608301604032e-10 6.363586109471871219e-10
1.214999961853027344e+01 2.962177003889189493e-10 5.611714444872527230e-10
1.215999984741210938e+01 2.610521098933974436e-10 4.849094913829249431e-10
1.217000007629394531e+01 2.256054762310410667e-10 4.079579131006252126e-10
1.217999935150146484e+01 1.900573552721841350e-10 3.307065595107070732e-10
1.218999958038330078e+01 1.545747687335668525e-10 2.535186319810778873e-10
1.219999980926513672e+01 1.193317747361190580e-10 1.767732002002739323e-10
1.221000003814697266e+01 8.449513540310720900e-11 1.008340663929283399e-10
1.221999931335449219e+01 5.023021684596936678e-11 2.606263486528046460e-11
1.222999954223632812e+01 1.668728475324375391e-11 -4.721196152754551745e-11
1.223999977111816406e+01 -1.597950873415833625e-11 -1.186513771992377842e-10
1.225000000000000000e+01 -4.762587038835395162e-11 -1.879379791322002922e-10
1.225999927520751953e+01 -7.811177808861524617e-11 -2.547625564781589487e-10
1.226999950408935547e+01 -1.073135164375701586e-10 -3.188506321593178738e-10
1.227999973297119141e+01 -1.351066823863736827e-10 -3.799251325914944263e-10
1.228999996185302734e+01 -1.613783658065941250e-10 -4.377330047012080872e-10
1.230000019073486328e+01 -1.860245644902698382e-10 -4.920394855367765969e-10
1.230999946594238281e+01 -2.089484177997957097e-10 -5.426241389572985853e-10
1.231999969482421875e+01 -2.300690788639339123e-10 -5.893003942079911316e-10
1.232999992370605469e+01 -2.493088298658137267e-10 -6.318870844361192668e-10
1.234000015258789062e+01 -2.666022026221918218e-10 -6.702285591340902397e-10
1.234999942779541016e+01 -2.818925043470808424e-10 -7.041870169302764845e-10
1.235999965667724609e+01 -2.951375729170975189e-10 -7.336553368803040890e-10
1.236999988555908203e+01 -3.063010898959352124e-10 -7.585378552305939742e-10
1.238000011444091797e+01 -3.153586364050973826e-10 -7.787639118535348938e-10
1.238999938964843750e+01 -3.222955612148845960e-10 -7.942832403129958692e-10
1.239999961853027344e+01 -3.271093648641680872e-10 -8.050714689694270749e-10
1.240999984741210938e+01 -3.298056276911596647e-10 -8.111212016797722725e-10
1.242000007629394531e+01 -3.304007159213050260e-10 -8.124482917938800775e-10
1.242999935150146484e+01 -3.289210729372521780e-10 -8.090905125954377239e-10
1.243999958038330078e+01 -3.254022301442397131e-10 -8.011055925358389428e-10
1.244999980926513672e+01 -3.198893930852032980e-10 -7.885728396859755969e-10
1.246000003814697266e+01 -3.124367665331641395e-10 -7.715919242781100842e-10
1.246999931335449219e+01 -3.031082307662203741e-10 -7.502847566325966600e-10
1.247999954223632812e+01 -2.919732214559322786e-10 -7.247864102573932428e-10
1.248999977111816406e+01 -2.791116613767086770e-10 -6.952567218931081989e-10
1.250000000000000000e+01 -2.646101219228524675e-10 -6.618718657618321504e-10
1.250999927520751953e+01 -2.485637410765430289e-10 -6.248291016761884791e-10
1.251999950408935547e+01 -2.310694370040926195e-10 -5.843314231853256164e-10
1.252999973297119141e+01 -2.122345605730832871e-10 -5.406078319432232503e-10
1.253999996185302734e+01 -1.921703395049216594e-10 -4.938984930093119319e-10
1.255000019073486328e+01 -1.709927415876598110e-10 -4.444569711739440616e-10
1.255999946594238281e+01 -1.488240162240672283e-10 -3.925540816744868208e-10
1.256999969482421875e+01 -1.257835057007622682e-10 -3.384565606091885535e-10
1.257999992370605469e+01 -1.019996993765299498e-10 -2.824554416025214840e-10
1.259000015258789062e+01 -7.760119631680876691e-11 -2.248450254424660134e-10
1.259999942779541016e+01 -5.272049694711877244e-11 -1.659318902680844363e-10
1.260999965667724609e+01 -2.748378923579273671e-11 -1.060107321884435568e-10
1.261999988555908203e+01 -2.024531211784766198e-12 -4.539652041291743414e-11
1.263000011444091797e+01 2.352668003819030655e-11 1.559952587778300869e-11
1.263999938964843750e+01 4.903799262167201313e-11 7.666022483585198262e-11
1.264999961853027344e+01 7.438668301567355311e-11 1.374874190946290207e-10
1.265999984741210938e+01 9.944517623854857179e-11 1.977686738255846021e-10
1.267000007629394531e+01 1.240914145910816655e-10 2.572022740473763643e-10
1.267999935150146484e+01 1.482047456724638284e-10 3.154875568937377090e-10
1.268999958038330078e+01 1.716756421531362829e-10 3.723486596712913889e-10
1.269999980926513672e+01 1.943924268371417073e-10 4.275026941737100367e-10
1.271000003814697266e+01 2.162510431460194704e-10 4.806836319302972807e-10
1.271999931335449219e+01 2.371512556060710057e-10 5.316333751895422273e-10
1.272999954223632812e+01 2.570049673285831995e-10 5.801223339942198419e-10
1.273999977111816406e+01 2.757246406824037866e-10 6.259214891007607529e-10
1.275000000000000000e+01 2.932317243794992125e-10 6.688232159086193599e-10
1.275999927520751953e+01 3.094534370558881367e-10 7.086337023268748861e-10
1.276999950408935547e+01 3.243290969679872267e-10 7.451887520093230405e-10
1.277999973297119141e+01 3.378010470704329843e-10 7.783317571076517553e-10
1.278999996185302734e+01 3.498211442490620935e-10 8.079298448195096586e-10
1.279999923706054688e+01 3.603483422350624876e-10 8.338681400624918643e-10
1.280999946594238281e+01 3.693526431917564702e-10 8.560596778399146728e-10
1.281999969482421875e+01 3.768091010358268791e-10 8.744307718591092779e-10
1.282999992370605469e+01 3.827019708791513046e-10 8.889313548949289212e-10
1.284000015258789062e+01 3.870235767053971580e-10 8.995322762817034305e-10
1.284999942779541016e+01 3.897740247277157482e-10 9.062246630322840415e-10
1.285999965667724609e+01 3.909619626804120386e-10 9.090217834940444071e-10
1.286999988555908203e+01 3.906028288055316202e-10 9.079547816480665319e-10
1.288000011444091797e+01 3.887198357993313200e-10 9.030750501760458738e-10
1.288999938964843750e+01 3.853437766431550980e-10 8.944537444252749955e-10
1.289999961853027344e+01 3.805113123953912416e-10 8.821773770334836788e-10
1.290999984741210938e+01 3.742665993378287290e-10 8.663519193383961136e-10
1.292000007629394531e+01 3.666598029545539472e-10 8.470989382972326143e-10
1.292999935150146484e+01 3.577478987199127553e-10 8.245575541717908508e-10
1.293999958038330078e+01 3.475907642068729471e-10 7.988744781510656849e-10
1.294999980926513672e+01 3.362558868805109119e-10 7.702158414574763483e-10
1.296000003814697266e+01 3.238146653766229737e-10 7.387577665869929598e-10
1.296999931335449219e+01 3.103440991363853380e-10 7.046905772200606893e-10
1.297999954223632812e+01 2.959211083963820454e-10 6.682043801990637014e-10
1.298999977111816406e+01 2.806298042667490047e-10 6.295074126785073679e-10
1.300000000000000000e+01 2.645559835011661180e-10 5.888120987682754426e-10
1.300999927520751953e+01 2.477895348947505998e-10 5.463411394805003923e-10
1.301999950408935547e+01 2.304175135722941575e-10 5.023099855523682906e-10
1.302999973297119141e+01 2.125332872288948916e-10 4.569500431336751934e-10
1.303999996185302734e+01 1.942297370292609271e-10 4.104915117260834210e-10
1.304999923706054688e+01 1.756021591296186128e-10 3.631708252862400115e-10
1.305999946594238281e+01 1.567406765281670954e-10 3.152114703187156094e-10
1.306999969482421875e+01 1.377404701706278770e-10 2.668500899255965530e-10
1.307999992370605469e+01 1.186942603143713711e-10 2.183175155321055864e-10
1.309000015258789062e+01 9.969364641643976731e-11 1.698423064919327938e-10
1.309999942779541016e+01 8.083048610167240391e-11 1.216544263569422609e-10
1.310999965667724609e+01 6.218931267761774757e-11 7.396601990991481689e-11
1.311999988555908203e+01 4.385775858807795843e-11 2.699819262998825452e-11
1.313000011444091797e+01 2.591896812832573529e-11 -1.903821820874397944e-11
1.313999938964843750e+01 8.454693521447971551e-12 -6.393456960187341590e-11
1.314999961853027344e+01 -8.461657472689263154e-12 -1.075021640240313924e-10
1.315999984741210938e+01 -2.475533179794530307e-11 -1.495472280241851511e-10
1.317000007629394531e+01 -4.035724289614171768e-11 -1.898888402784985344e-10
1.317999935150146484e+01 -5.520117824055914277e-11 -2.283516598331412242e-10
1.318999958038330078e+01 -6.922964371464280367e-11 -2.647810360153077456e-10
1.319999980926513672e+01 -8.238559101029114173e-11 -2.990215608501544563e-10
1.321000003814697266e+01 -9.461836666141317085e-11 -3.309324976121701617e-10
1.321999931335449219e+01 -1.058814153313089024e-10 -3.603818615850349738e-10
1.322999954223632812e+01 -1.161366423859935829e-10 -3.872579199439536056e-10
1.323999977111816406e+01 -1.253480950848260835e-10 -4.114527888145462480e-10
1.325000000000000000e+01 -1.334864626016885496e-10 -4.328743478435463639e-10
1.325999927520751953e+01 -1.405274156632030604e-10 -4.514420734281440791e-10
1.326999950408935547e+01 -1.464542401700685026e-10 -4.670942030566591989e-10
1.327999973297119141e+01 -1.512538303439716278e-10 -4.797774086720806542e-10
1.328999996185302734e+01 -1.549194790337697095e-10 -4.894544194017358762e-10
1.329999923706054688e+01 -1.574499360371330666e-10 -4.961018305808822678e-10
1.330999946594238281e+01 -1.588502070377808503e-10 -4.997124987967932086e-10
1.331999969482421875e+01 -1.591300212975999161e-10 -5.002918239168454505e-10
1.332999992370605469e+01 -1.583047934096185272e-10 -4.978605972268073687e-10
1.334000015258789062e+01 -1.563951899345494113e-10 -4.924541744713745932e-10
1.334999942779541016e+01 -1.534272985715169064e-10 -4.841232864829720201e-10
1.335999965667724609e+01 -1.494312062082514622e-10 -4.729303823639467157e-10
1.336999988555908203e+01 -1.444424901329659978e-10 -4.589541294956346818e-10
1.338000011444091797e+01 -1.385009498301048108e-10 -4.422861511149031287e-10
1.338999938964843750e+01 -1.316512803543797822e-10 -4.230331997748736691e-10
1.339999961853027344e+01 -1.239400973104992115e-10 -4.013090428578809923e-10
1.340999984741210938e+01 -1.154195714168681824e-10 -3.772448957768728021e-10
1.342000007629394531e+01 -1.061445889634683575e-10 -3.509816312155194567e-10
1.342999935150146484e+01 -9.617402250756933068e-11 -3.226735292887590814e-10
1.343999958038330078e+01 -8.556652527401575182e-11 -2.924764499847469578e-10
1.344999980926513672e+01 -7.438590095138196200e-11 -2.605631574005660984e-10
1.346000003814697266e+01 -6.269700726553861049e-11 -2.271117373973759047e-10
1.346999931335449219e+01 -5.056749195471800007e-11 -1.923105627191243362e-10
1.347999954223632812e+01 -3.806275997170781152e-11 -1.563438177703289023e-10
1.348999977111816406e+01 -2.525256050440011444e-11 -1.194103333174386601e-10
1.350000000000000000e+01 -1.220603104067982529e-11 -8.170927792085334741e-11
1.350999927520751953e+01 1.006260382646591080e-12 -4.344592184630740010e-11
1.351999950408935547e+01 1.431772848139212881e-11 -4.815804682895224892e-12
1.352999973297119141e+01 2.765854923251493574e-11 3.397452153457088539e-11
1.353999996185302734e+01 4.096103262066125422e-11 7.272323483526623962e-11
1.354999923706054688e+01 5.415744801784901037e-11 1.112271244712857604e-10
1.355999946594238281e+01 6.718536759695018906e-11 1.492973962334889566e-10
1.356999969482421875e+01 7.998040988934592545e-11 1.867387125667553846e-10
1.357999992370605469e+01 9.248158097233466168e-11 2.233649855335417251e-10
1.359000015258789062e+01 1.046302829645424184e-10 2.589966970451171031e-10
1.359999942779541016e+01 1.163694712895592840e-10 2.934586207693447050e-10
1.360999965667724609e+01 1.276483321309876818e-10 3.265937417372227188e-10
1.361999988555908203e+01 1.384157751464315923e-10 3.582443215778896776e-10
1.363000011444091797e+01 1.486251550055036554e-10 3.882659075693997426e-10
1.363999938964843750e+01 1.582324226602077645e-10 4.165220312340017595e-10
1.364999961853027344e+01 1.671998901952812412e-10 4.428953868266403109e-10
1.365999984741210938e+01 1.754908629222773021e-10 4.672721234503372331e-10
1.367000007629394531e+01 1.830734805806186093e-10 4.895531983908157782e-10
1.367999935150146484e+01 1.899192476169811589e-10 5.096500895849752391e-10
1.368999958038330078e+01 1.960056462154520481e-10 5.274924714012926029e-10
1.369999980926513672e+01 2.013122659609175806e-10 5.430168354701608954e-10
1.371000003814697266e+01 2.058235183704758125e-10 5.561744244206431309e-10
1.371999931335449219e+01 2.095276432797703343e-10 5.669282705559470270e-10
1.372999954223632812e+01 2.124180343273584505e-10 5.752569653593232887e-10
1.373999977111816406e+01 2.144910882541305203e-10 5.811483292028669395e-10
1.375000000000000000e+01 2.157476473086439602e-10 5.846035090230454642e-10
1.375999927520751953e+01 2.161925363728427646e-10 5.856355577821753639e-10
1.376999950408935547e+01 2.158345704625949746e-10 5.842692468577315785e-10
1.377999973297119141e+01 2.146862001506236323e-10 5.805400829508159656e-10
1.378999996185302734e+01 2.127636407444100560e-10 5.744944938897078418e-10
1.379999923706054688e+01 2.100869493088556033e-10 5.661900406338915180e-10
1.380999946594238281e+01 2.066787841490790910e-10 5.556915306394007523e-10
1.381999969482421875e+01 2.025657794164192424e-10 5.430752541702593745e-10
1.382999992370605469e+01 1.977774204428396434e-10 5.284254806659675890e-10
1.384000015258789062e+01 1.923460784682324208e-10 5.118345852579873276e-10
1.384999942779541016e+01 1.863074186409153292e-10 4.934043221552289956e-10
1.385999965667724609e+01 1.796978318552346551e-10 4.732380401602813058e-10
1.386999988555908203e+01 1.725576810513798541e-10 4.514506653353211246e-10
1.388000011444091797e+01 1.649288288444324867e-10 4.281612534731201854e-10
1.388999938964843750e+01 1.568557451796471447e-10 4.034964957361284500e-10
1.389999961853027344e+01 1.483821487137684199e-10 3.775805974341349963e-10
1.390999984741210938e+01 1.395553927340647972e-10 3.505488356056146245e-10
1.392000007629394531e+01 1.304231786817340976e-10 3.225376949073469042e-10
1.392999935150146484e+01 1.210349648596933251e-10 2.936893744207949555e-10
1.393999958038330078e+01 1.114381112558188718e-10 2.641401338270209386e-10
1.394999980926513672e+01 1.016830102781830991e-10 2.340362585212416061e-10
1.396000003814697266e+01 9.181927626799733690e-11 2.035225564546957681e-10
1.396999931335449219e+01 8.189733110493511159e-11 1.727474537103429742e-10
1.397999954223632812e+01 7.196436974776934602e-11 1.418506649686286544e-10
1.398999977111816406e+01 6.206980663209744807e-11 1.109802632123951441e-10
1.400000000000000000e+01 5.226125753431326891e-11 8.028038437325502309e-11
1.400999927520751953e+01 4.258617254673532566e-11 4.989646541510424560e-11
1.401999950408935547e+01 3.308793840869198596e-11 1.996311341771714131e-11
1.402999973297119141e+01 2.381121182139604245e-11 -9.379055925716127873e-12
1.403999996185302734e+01 1.479801088719139456e-11 -3.799562477807711505e-11
1.404999923706054688e+01 6.089270952475306586e-12 -6.575342476971847387e-11
1.405999946594238281e+01 -2.278626232272425934e-12 -9.253161363681080733e-11
1.406999969482421875e+01 -1.026902768128867997e-11 -1.182063358179135875e-10
1.407999992370605469e+01 -1.784851545410083125e-11 -1.426619640887924084e-10
1.409000015258789062e+01 -2.498619723906544085e-11 -1.657889557407082123e-10
1.409999942779541016e+01 -3.165321510693719534e-11 -1.874823880960623623e-10
1.410999965667724609e+01 -3.782535020237712108e-11 -2.076506150222959049e-10
1.411999988555908203e+01 -4.347929388567192402e-11 -2.262033339546552290e-10
1.413000011444091797e+01 -4.859531274653580882e-11 -2.430604785657677220e-10
1.413999938964843750e+01 -5.315623909837229352e-11 -2.581491658662708268e-10
1.414999961853027344e+01 -5.714919880255681587e-11 -2.714096880501232908e-10
1.415999984741210938e+01 -6.056302351333669700e-11 -2.827872329934487931e-10
1.417000007629394531e+01 -6.339005306022729040e-11 -2.922381362201632452e-10
1.417999935150146484e+01 -6.562548038565788918e-11 -2.997280071789473439e-10
1.418999958038330078e+01 -6.726812353161427103e-11 -3.052346171996343137e-10
1.419999980926513672e+01 -6.831910649097339246e-11 -3.087437710513563846e-10
1.421000003814697266e+01 -6.878271422743007515e-11 -3.102524554423603363e-10
1.421999931335449219e+01 -6.866612086549314005e-11 -3.097682094526390217e-10
1.422999954223632812e+01 -6.797920714519717960e-11 -3.073087215927789024e-10
1.423999977111816406e+01 -6.673453339115717907e-11 -3.029020156488980025e-10
1.425000000000000000e+01 -6.494724227305941927e-11 -2.965862933175833875e-10
1.425999927520751953e+01 -6.263516909943270542e-11 -2.884105233953149532e-10
1.426999950408935547e+01 -5.981778088428319528e-11 -2.784308479671449677e-10
1.427999973297119141e+01 -5.651736470762758399e-11 -2.667149081529390958e-10
1.428999996185302734e+01 -5.275804788320502960e-11 -2.533384724467466757e-10
1.429999923706054688e+01 -4.856626033874877463e-11 -2.383871426477002637e-10
1.430999946594238281e+01 -4.396893437885621326e-11 -2.219499571469110389e-10
1.431999969482421875e+01 -3.899574297875416900e-11 -2.041273676080859129e-10
1.432999992370605469e+01 -3.367737020295560117e-11 -1.850250365501704241e-10
1.434000015258789062e+01 -2.804571877803847741e-11 -1.647545093730827142e-10
1.434999942779541016e+01 -2.213431175584858519e-11 -1.434345787184210790e-10
1.435999965667724609e+01 -1.597583412721137463e-11 -1.211823047390087692e-10
1.436999988555908203e+01 -9.605343915804676799e-12 -9.812446708829180426e-11
1.438000011444091797e+01 -3.057863664617053417e-12 -7.438873797652458473e-11
1.438999938964843750e+01 3.630600464994185184e-12 -5.010721680841360742e-11
1.439999961853027344e+01 1.042579808291872437e-11 -2.540632319363537163e-11
1.440999984741210938e+01 1.729157336900834018e-11 -4.199276049382110418e-13
1.442000007629394531e+01 2.419257541943505406e-11 2.472064474863064640e-11
1.442999935150146484e+01 3.109313413653383000e-11 4.988267684524184937e-11
1.443999958038330078e+01 3.796005374838292424e-11 7.494238994461264384e-11
1.444999980926513672e+01 4.475881475175759554e-11 9.977122260607425516e-11
1.446000003814697266e+01 5.145636075116053147e-11 1.242461031962159170e-10
1.446999931335449219e+01 5.801996588092941567e-11 1.482454081398579311e-10
1.447999954223632812e+01 6.441986508131201110e-11 1.716586525110675983e-10
1.448999977111816406e+01 7.062562563349458603e-11 1.943732724400696229e-10
1.450000000000000000e+01 7.660879240292403998e-11 2.162843231754428587e-10
1.450999927520751953e+01 8.234183852285295337e-11 2.372906425319415097e-10
1.451999950408935547e+01 8.780043891195520384e-11 2.573031632377070248e-10
1.452999973297119141e+01 9.296028769332844201e-11 2.762332114323449831e-10
1.453999996185302734e+01 9.779940537355742705e-11 2.940008993456902047e-10
1.454999923706054688e+01 1.022972521894628000e-10 3.105317943768153048e-10
1.455999946594238281e+01 1.064364871363712100e-10 3.257632929502086150e-10
1.456999969482421875e+01 1.102004575598138701e-10 3.396352901473597814e-10
1.457999992370605469e+01 1.135750061653598891e-10 3.520967069811393999e-10
1.458999919891357422e+01 1.165478079466092675e-10 3.631029291687436521e-10
1.459999942779541016e+01 1.191095023496474351e-10 3.726198839880847856e-10
1.460999965667724609e+01 1.212520166925903349e-10 3.806177188917371100e-10
1.461999988555908203e+01 1.229697552966038684e-10 3.870750941484679027e-10
1.463000011444091797e+01 1.242593014142075603e-10 3.919779853762381320e-10
1.463999938964843750e+01 1.251193497779651067e-10 3.953193366390805323e-10
1.464999961853027344e+01 1.255509768671831348e-10 3.971000608578605474e-10
1.465999984741210938e+01 1.255571214213895494e-10 3.973269835822839528e-10
1.467000007629394531e+01 1.251429153659964563e-10 3.960141058628550988e-10
1.467999935150146484e+01 1.243156309209258067e-10 3.931823772190901607e-10
1.468999958038330078e+01 1.230842662663242369e-10 3.888582812234791517e-10
1.469999980926513672e+01 1.214599511313158179e-10 3.830752603018509888e-10
1.471000003814697266e+01 1.194555908359644894e-10 3.758725681822461897e-10
1.471999931335449219e+01 1.170860803749316765e-10 3.672961310200370384e-10
1.472999954223632812e+01 1.143672682583613095e-10 3.573949156482175214e-10
1.473999977111816406e+01 1.113172095623056523e-10 3.462256082411587180e-10
1.475000000000000000e+01 1.079551822528800140e-10 3.338492228080015183e-10
1.475999927520751953e+01 1.043021378333625634e-10 3.203329407721488919e-10
1.476999950408935547e+01 1.003791535719930176e-10 3.057445790477888178e-10
1.477999973297119141e+01 9.620939477176634439e-11 2.901600583831178812e-10
1.478999996185302734e+01 9.181661080820454048e-11 2.736580595339982438e-10
1.479999923706054688e+01 8.722577711097766969e-11 2.563226476050769664e-10
1.480999946594238281e+01 8.246118240831669642e-11 2.382362610667064064e-10
1.481999969482421875e+01 7.754891568902217333e-11 2.194893124580614746e-10
1.482999992370605469e+01 7.251498654421701373e-11 2.001732974145161302e-10
1.483999919891357422e+01 6.738610262472355457e-11 1.803839517518358724e-10
1.484999942779541016e+01 6.218756046365379164e-11 1.602132728940713583e-10
1.485999965667724609e+01 5.694604337479575332e-11 1.397604586505032704e-10
1.486999988555908203e+01 5.168753319726022495e-11 1.191239759607937513e-10
1.488000011444091797e+01 4.643766142926514344e-11 9.840299428809841285e-11
1.488999938964843750e+01 4.122207519418940197e-11 7.769890825301157272e-11
1.489999961853027344e+01 3.606432673771625907e-11 5.710697692909339628e-11
1.490999984741210938e+01 3.098874420994461724e-11 3.672771194698126689e-11
1.492000007629394531e+01 2.601832537350873999e-11 1.665848297237799055e-11
1.492999935150146484e+01 2.117558903604354345e-11 -3.003142828036118455e-12
1.493999958038330078e+01 1.648064413346090121e-11 -2.216735823253430550e-11
1.494999980926513672e+01 1.195387691971158170e-11 -4.074134542809733585e-11
1.496000003814697266e+01 7.614010424178675113e-12 -5.863731667865921448e-11
1.496999931335449219e+01 3.478887046837184703e-12 -7.576950610730064085e-11
1.497999954223632812e+01 -4.361505942697946160e-13 -9.206110492670083883e-11
1.498999977111816406e+01 -4.115943058946162770e-12 -1.074349010024161327e-10
1.500000000000000000e+01 -7.547156210551081857e-12 -1.218203308691998066e-10
