# col1: q[fm^-1] col2: weakFF col3: chargeFF [unitless]
9.999999999999999547e-07 1.000000707654081111e+00 9.999999445442658841e-01
9.999999776482582092e-03 9.995859724941502655e-01 9.996289401398765762e-01
1.999999955296516418e-02 9.983426016760676980e-01 9.985165686695056664e-01
2.999999932944774628e-02 9.962730967462980480e-01 9.966647538264500339e-01
3.999999910593032837e-02 9.933816186881990751e-01 9.940766965276081057e-01
4.999999701976776123e-02 9.896739763452377936e-01 9.907568677712559335e-01
5.999999865889549255e-02 9.851576053721288195e-01 9.867109942749675566e-01
7.000000029802322388e-02 9.798415528110449024e-01 9.819460503865470313e-01
7.999999821186065674e-02 9.737364480110405340e-01 9.764702389726240828e-01
8.999999612569808960e-02 9.668544658199500486e-01 9.702929665342211463e-01
9.999999403953552246e-02 9.592092968368602923e-01 9.634248257699469242e-01
1.099999994039535522e-01 9.508160988571970895e-01 9.558775623213835448e-01
1.199999973177909851e-01 9.416914780554657138e-01 9.476640692723460324e-01
1.299999952316284180e-01 9.318534030303089466e-01 9.387983222193125865e-01
1.400000005960464478e-01 9.213211689192399856e-01 9.292953601984522694e-01
1.499999910593032837e-01 9.101153760319123931e-01 9.191712806478861131e-01
1.599999964237213135e-01 8.982577804523013132e-01 9.084431194536988219e-01
1.700000017881393433e-01 8.857713388211897465e-01 8.971289070130610277e-01
1.799999922513961792e-01 8.726800969713551792e-01 8.852475839186121354e-01
1.899999976158142090e-01 8.590090589847073632e-01 8.728188989300421641e-01
1.999999880790710449e-01 8.447842552172776243e-01 8.598634880790625434e-01
2.099999934434890747e-01 8.300325066318009481e-01 8.464026780698441499e-01
2.199999988079071045e-01 8.147814962859993848e-01 8.324585692785783086e-01
2.299999892711639404e-01 7.990596326092962443e-01 8.180539294759865410e-01
2.399999946355819702e-01 7.828958979046282129e-01 8.032120733072378727e-01
2.500000000000000000e-01 7.663199099970133821e-01 7.879569371143498868e-01
2.599999904632568359e-01 7.493617749020202723e-01 7.723129623213934591e-01
2.699999809265136719e-01 7.320519539285986754e-01 7.563049910360573058e-01
2.800000011920928955e-01 7.144212045229082486e-01 7.399582289493872311e-01
2.899999916553497314e-01 6.965006863762752687e-01 7.232983618411986670e-01
2.999999821186065674e-01 6.783215656593895027e-01 7.063512058745610167e-01
3.100000023841857910e-01 6.599150893603947798e-01 6.891427924337796274e-01
3.199999928474426270e-01 6.413126742961278159e-01 6.716994683581464232e-01
3.299999833106994629e-01 6.225454998732254941e-01 6.540475307885083023e-01
3.400000035762786865e-01 6.036445937815678731e-01 6.362133212018580286e-01
3.499999940395355225e-01 5.846409280702677957e-01 6.182233310943846538e-01
3.599999845027923584e-01 5.655650076851704844e-01 6.001038270093584925e-01
3.700000047683715820e-01 5.464469671229904568e-01 5.818809530537774055e-01
3.799999952316284180e-01 5.273166731630491988e-01 5.635808412677844048e-01
3.899999856948852539e-01 5.082033161017489586e-01 5.452292324094143439e-01
3.999999761581420898e-01 4.891355734337027861e-01 5.268516409008705548e-01
4.099999964237213135e-01 4.701414349950906457e-01 5.084731951529042338e-01
4.199999868869781494e-01 4.512483706251317894e-01 4.901188073415916335e-01
4.299999773502349854e-01 4.324829348872358259e-01 4.718127968955235785e-01
4.399999976158142090e-01 4.138708862542365696e-01 4.535790093559453617e-01
4.499999880790710449e-01 3.954373027463989332e-01 4.354409344241718105e-01
4.599999785423278809e-01 3.772062033397471370e-01 4.174213373590495157e-01
4.699999988079071045e-01 3.592006748826224172e-01 3.995423831007420268e-01
4.799999892711639404e-01 3.414429917078672938e-01 3.818257561025537594e-01
4.899999797344207764e-01 3.239542585117772266e-01 3.642923042354892504e-01
5.000000000000000000e-01 3.067545435204753201e-01 3.469621669964501609e-01
5.099999904632568359e-01 2.898630009136284325e-01 3.298548961684642511e-01
5.199999809265136719e-01 2.732975391160380463e-01 3.129891163405748022e-01
5.299999713897705078e-01 2.570750063756738757e-01 2.963827050370154703e-01
5.399999618530273438e-01 2.412111223432439333e-01 2.800527160291523820e-01
5.500000119209289551e-01 2.257203737994191162e-01 2.640152623621143113e-01
5.600000023841857910e-01 2.106163722852564812e-01 2.482858771620034266e-01
5.699999928474426270e-01 1.959112940614044507e-01 2.328789226174058091e-01
5.799999833106994629e-01 1.816162493114737986e-01 2.178079593436171857e-01
5.899999737739562988e-01 1.677411896497988109e-01 2.030856375433031658e-01
5.999999642372131348e-01 1.542949124131912375e-01 1.887236871274689809e-01
6.100000143051147461e-01 1.412849919534292786e-01 1.747328280387529242e-01
6.200000047683715820e-01 1.287180978673558851e-01 1.611230966458930269e-01
6.299999952316284180e-01 1.165995433348904903e-01 1.479033427568637593e-01
6.399999856948852539e-01 1.049336145080989185e-01 1.350815653017061191e-01
6.499999761581420898e-01 9.372351098357301069e-02 1.226648299943169096e-01
6.599999666213989258e-01 8.297136775898161787e-02 1.106592737914550428e-01
6.699999570846557617e-01 7.267827968110110448e-02 9.907011158583373112e-02
6.800000071525573730e-01 6.284427099206235656e-02 8.790157976406764995e-02
6.899999976158142090e-01 5.346855603844886951e-02 7.715721094922974033e-02
6.999999880790710449e-01 4.454921862337548472e-02 6.683944756294106504e-02
7.099999785423278809e-01 3.608348212088512835e-02 5.694992560431850342e-02
7.199999690055847168e-01 2.806768414121415048e-02 4.748942366781427893e-02
7.299999594688415527e-01 2.049731274648309773e-02 3.845788158059451622e-02
7.400000095367431641e-01 1.336700287274160057e-02 2.985437073582253992e-02
7.500000000000000000e-01 6.670742563244898109e-03 2.167731861147386210e-02
7.599999904632568359e-01 4.016579745213521039e-04 1.392422456993406069e-02
7.699999809265136719e-01 -5.447773168025186151e-03 6.591892410146622631e-03
7.799999713897705078e-01 -1.088572373895750622e-02 -3.235959835359658132e-04
7.899999618530273438e-01 -1.592097496871873810e-02 -6.826853222009418576e-03
7.999999523162841797e-01 -2.056287374649356028e-02 -1.292315788055846751e-02
8.100000023841857910e-01 -2.482131388073176986e-02 -1.861845772538400084e-02
8.199999928474426270e-01 -2.870659371479407709e-02 -2.391920588870879300e-02
8.299999833106994629e-01 -3.222952516262982126e-02 -2.883253325624459545e-02
8.399999737739562988e-01 -3.540128692808613281e-02 -3.336607841267771185e-02
8.499999642372131348e-01 -3.823340824569216451e-02 -3.752799027339068921e-02
8.599999547004699707e-01 -4.073772649775818377e-02 -4.132689510354341927e-02
8.700000047683715820e-01 -4.292635747500819082e-02 -4.477188266175737008e-02
8.799999952316284180e-01 -4.481160385500261578e-02 -4.787239256263116360e-02
8.899999856948852539e-01 -4.640599287154237307e-02 -5.063830360159427002e-02
8.999999761581420898e-01 -4.772218269540307034e-02 -5.307981571430532564e-02
9.099999666213989258e-01 -4.877293771520200411e-02 -5.520743772353434858e-02
9.199999570846557617e-01 -4.957109088536511277e-02 -5.703195363019753633e-02
9.300000071525573730e-01 -5.012950984025749818e-02 -5.856439740572438185e-02
9.399999976158142090e-01 -5.046104970220867403e-02 -5.981598502011417628e-02
9.499999880790710449e-01 -5.057853889437990275e-02 -6.079813634768758274e-02
9.599999785423278809e-01 -5.049473178757480502e-02 -6.152240464301227119e-02
9.699999690055847168e-01 -5.022228143081448881e-02 -6.200045476257952382e-02
9.799999594688415527e-01 -4.977370970354751123e-02 -6.224403202100055321e-02
9.899999499320983887e-01 -4.916137896396252649e-02 -6.226493174662699887e-02
1.000000000000000000e+00 -4.839746024984216410e-02 -6.207496786682115825e-02
1.009999990463256836e+00 -4.749392715283803912e-02 -6.168594985811953757e-02
1.019999980926513672e+00 -4.646250472732015024e-02 -6.110964788876861037e-02
1.029999971389770508e+00 -4.531466482675656354e-02 -6.035776915887207383e-02
1.039999961853027344e+00 -4.406160155160384478e-02 -5.944193136474607009e-02
1.049999952316284180e+00 -4.271421243519502725e-02 -5.837363771892674358e-02
1.059999942779541016e+00 -4.128308125395637601e-02 -5.716425305161940140e-02
1.069999933242797852e+00 -3.977846245618542331e-02 -5.582498103047098259e-02
1.079999923706054688e+00 -3.821026719822466500e-02 -5.436684253105409509e-02
1.090000033378601074e+00 -3.658803134825779763e-02 -5.280063591385186772e-02
1.100000023841857910e+00 -3.492098269607100958e-02 -5.113699376441140088e-02
1.110000014305114746e+00 -3.321791549968697993e-02 -4.938625265347736104e-02
1.120000004768371582e+00 -3.148725958040682338e-02 -4.755850988810388091e-02
1.129999995231628418e+00 -2.973705502220369556e-02 -4.566358991857067534e-02
1.139999985694885254e+00 -2.797494734747004927e-02 -4.371103004564089178e-02
1.149999976158142090e+00 -2.620818409252089615e-02 -4.171006738268979996e-02
1.159999966621398926e+00 -2.444361273801448284e-02 -3.966962707096166607e-02
1.169999957084655762e+00 -2.268767994652084313e-02 -3.759831174237077134e-02
1.179999947547912598e+00 -2.094643205682795994e-02 -3.550439222055366828e-02
1.189999938011169434e+00 -1.922551678222389135e-02 -3.339579944731112249e-02
1.199999928474426270e+00 -1.753018605792963994e-02 -3.128011761816092140e-02
1.209999918937683105e+00 -1.586529998107545983e-02 -2.916457850746045216e-02
1.220000028610229492e+00 -1.423531257912297870e-02 -2.705603189297657585e-02
1.230000019073486328e+00 -1.264435507125749418e-02 -2.496104265795140789e-02
1.240000009536743164e+00 -1.109612607506870775e-02 -2.288573760771507939e-02
1.250000000000000000e+00 -9.593977523818301295e-03 -2.083590501768988607e-02
1.259999990463256836e+00 -8.140903529455763635e-03 -1.881696932021586707e-02
1.269999980926513672e+00 -6.739549623659820028e-03 -1.683399199545505126e-02
1.279999971389770508e+00 -5.392222667865646801e-03 -1.489167343818234915e-02
1.289999961853027344e+00 -4.100901370866742376e-03 -1.299435576113200028e-02
1.299999952316284180e+00 -2.867247353035894640e-03 -1.114602649392967826e-02
1.309999942779541016e+00 -1.692616696868203636e-03 -9.350323135190588553e-03
1.319999933242797852e+00 -5.780719243982624603e-04 -7.610538514102617273e-03
1.329999923706054688e+00 4.756056569274980605e-04 -5.929626916738406882e-03
1.339999914169311523e+00 1.467903297145115591e-03 -4.310210931449735133e-03
1.350000023841857910e+00 2.398574617969995160e-03 -2.754570810945143958e-03
1.360000014305114746e+00 3.267582858547709267e-03 -1.264726035127321279e-03
1.370000004768371582e+00 4.075154179931400611e-03 1.576672685438840497e-04
1.379999995231628418e+00 4.821719191826418817e-03 1.511232102888174049e-03
1.389999985694885254e+00 5.507911007419020143e-03 2.794879792525562217e-03
1.399999976158142090e+00 6.134551835206661016e-03 4.007799810036833006e-03
1.409999966621398926e+00 6.702639614931883878e-03 5.149449212752974479e-03
1.419999957084655762e+00 7.213334740601447422e-03 6.219541736761568726e-03
1.429999947547912598e+00 7.667946911382104470e-03 7.218036594139508148e-03
1.439999938011169434e+00 8.067922148921069861e-03 8.145127018709084898e-03
1.449999928474426270e+00 8.414830017351540223e-03 9.001228604774718159e-03
1.459999918937683105e+00 8.710351079923881606e-03 9.786967482339151841e-03
1.469999909400939941e+00 8.956264623859146873e-03 1.050316837122618023e-02
1.480000019073486328e+00 9.154438768142831445e-03 1.115084987233672803e-02
1.490000009536743164e+00 9.306809934121376693e-03 1.173118233912693806e-02
1.500000000000000000e+00 9.415385680572084873e-03 1.224552211475074710e-02
1.509999990463256836e+00 9.482223777999107539e-03 1.269536781588080296e-02
1.519999980926513672e+00 9.509424309265466363e-03 1.308235650055751716e-02
1.529999971389770508e+00 9.499119535516914112e-03 1.340825181457048001e-02
1.539999961853027344e+00 9.453464185872190867e-03 1.367493227596112103e-02
1.549999952316284180e+00 9.374626183972202542e-03 1.388437972840485257e-02
1.559999942779541016e+00 9.264777822316045200e-03 1.403866799250280684e-02
1.569999933242797852e+00 9.126087393203636058e-03 1.413995174225129471e-02
1.579999923706054688e+00 8.960711283057126025e-03 1.419045563216834484e-02
1.589999914169311523e+00 8.770786534912679289e-03 1.419246369874946519e-02
1.599999904632568359e+00 8.558423881963870758e-03 1.414830905810403848e-02
1.610000014305114746e+00 8.325698365719412519e-03 1.406036261991523706e-02
1.620000004768371582e+00 8.074654656552401541e-03 1.393102815624003982e-02
1.629999995231628418e+00 7.807284817583726687e-03 1.376272666717974318e-02
1.639999985694885254e+00 7.525534098830541363e-03 1.355789115005200801e-02
1.649999976158142090e+00 7.231293650838998763e-03 1.331895724988503386e-02
1.659999966621398926e+00 6.926396348009718727e-03 1.304835509126674002e-02
1.669999957084655762e+00 6.612613056401645331e-03 1.274850150874182707e-02
1.679999947547912598e+00 6.291649336583690459e-03 1.242179268338487567e-02
1.689999938011169434e+00 5.965142570968087581e-03 1.207059719152741607e-02
1.699999928474426270e+00 5.634659504018101756e-03 1.169724947001069860e-02
1.709999918937683105e+00 5.301694182773772704e-03 1.130404370077890686e-02
1.719999909400939941e+00 4.967666284283723220e-03 1.089322811612259724e-02
1.730000019073486328e+00 4.633915843985348358e-03 1.046699456008646188e-02
1.740000009536743164e+00 4.301718226583778164e-03 1.002749414489844705e-02
1.750000000000000000e+00 3.972259632443411563e-03 9.576802287235685468e-03
1.759999990463256836e+00 3.646652760474241532e-03 9.116934851751469851e-03
1.769999980926513672e+00 3.325932862467646974e-03 8.649839537106122911e-03
1.779999971389770508e+00 3.011058073776717858e-03 8.177392655693376672e-03
1.789999961853027344e+00 2.702910020577086250e-03 7.701396306050697915e-03
1.799999952316284180e+00 2.402294686616498597e-03 7.223575929435016238e-03
1.809999942779541016e+00 2.109943522264482070e-03 6.745578241121551015e-03
1.819999933242797852e+00 1.826514778647334329e-03 6.268969526130215020e-03
1.829999923706054688e+00 1.552595049695318754e-03 5.795234288302338402e-03
1.839999914169311523e+00 1.288701005034867874e-03 5.325774240939580052e-03
1.849999904632568359e+00 1.035281296824914999e-03 4.861907626577071859e-03
1.860000014305114746e+00 7.927157983276134773e-04 4.404863449913682012e-03
1.870000004768371582e+00 5.613292458866638458e-04 3.955803129910922221e-03
1.879999995231628418e+00 3.413762135564666787e-04 3.515788016490825792e-03
1.889999985694885254e+00 1.330552526031209622e-04 3.085801783594339150e-03
1.899999976158142090e+00 -6.349153284823999739e-05 2.666745699271293960e-03
1.909999966621398926e+00 -2.481758742354038517e-04 2.259439632154388970e-03
1.919999957084655762e+00 -4.209606623927986059e-04 1.864623287915256455e-03
1.929999947547912598e+00 -5.818572206416733035e-04 1.482957660584856589e-03
1.939999938011169434e+00 -7.309225404404643594e-04 1.115026683565202353e-03
1.949999928474426270e+00 -8.682564923352373331e-04 7.613390651596474087e-04
1.959999918937683105e+00 -9.939990243665089951e-04 4.223302935026938322e-04
1.969999909400939941e+00 -1.108327359489000730e-03 9.836479587496000656e-05
1.979999899864196777e+00 -1.211453202948039589e-03 -2.102617624580878483e-04
1.990000009536743164e+00 -1.303621004381394369e-03 -5.033234545617963716e-04
2.000000000000000000e+00 -1.385100951986617144e-03 -7.806477693275076053e-04
2.009999990463256836e+00 -1.456192856557609596e-03 -1.042133945141109465e-03
2.019999980926513672e+00 -1.517218973650936650e-03 -1.287736094449415782e-03
2.029999971389770508e+00 -1.568522566442688039e-03 -1.517464008531140473e-03
2.039999961853027344e+00 -1.610465367457377837e-03 -1.731380319613011866e-03
2.049999952316284180e+00 -1.643425109222267089e-03 -1.929597619708088357e-03
2.059999942779541016e+00 -1.667793129761429996e-03 -2.112275548396666015e-03
2.069999933242797852e+00 -1.683972058236145883e-03 -2.279617861304440805e-03
2.079999923706054688e+00 -1.692373585441854988e-03 -2.431869490546231371e-03
2.089999914169311523e+00 -1.693416323288601507e-03 -2.569313607898687270e-03
2.099999904632568359e+00 -1.687523756823295891e-03 -2.692268700945405716e-03
2.109999895095825195e+00 -1.675122291799361826e-03 -2.801085671904502989e-03
2.119999885559082031e+00 -1.656639400263856246e-03 -2.896144968305269535e-03
2.129999876022338867e+00 -1.632501866114978743e-03 -2.977853754128874722e-03
2.139999866485595703e+00 -1.603134132084924361e-03 -3.046643129471026269e-03
2.149999856948852539e+00 -1.568956749125372451e-03 -3.102965406224049687e-03
2.159999847412109375e+00 -1.530384928716068760e-03 -3.147291446714316557e-03
2.169999837875366211e+00 -1.487827198181731168e-03 -3.180108071670503366e-03
2.180000066757202148e+00 -1.441683018942414287e-03 -3.201915936073621884e-03
2.190000057220458984e+00 -1.392346133904928196e-03 -3.213225277636084804e-03
2.200000047683715820e+00 -1.340196913451155089e-03 -3.214556666708899384e-03
2.210000038146972656e+00 -1.285605741833267335e-03 -3.206436416134264208e-03
2.220000028610229492e+00 -1.228931116179726810e-03 -3.189395061359014474e-03
2.230000019073486328e+00 -1.170518900119005973e-03 -3.163965287504748661e-03
2.240000009536743164e+00 -1.110701670725575737e-03 -3.130679955187723115e-03
2.250000000000000000e+00 -1.049798156214325120e-03 -3.090070227237499533e-03
2.259999990463256836e+00 -9.881127615819667361e-04 -3.042663797990156731e-03
2.269999980926513672e+00 -9.259351791895562228e-04 -2.988983226375455451e-03
2.279999971389770508e+00 -8.635400810984044566e-04 -2.929544373577972014e-03
2.289999961853027344e+00 -8.011868898122378449e-04 -2.864854945631364457e-03
2.299999952316284180e+00 -7.391196239409722349e-04 -2.795413140902663733e-03
2.309999942779541016e+00 -6.775668151853407768e-04 -2.721706402041150757e-03
2.319999933242797852e+00 -6.167414929464994523e-04 -2.644210271603773463e-03
2.329999923706054688e+00 -5.568412327897925189e-04 -2.563387350227150537e-03
2.339999914169311523e+00 -4.980482649364956606e-04 -2.479686355895058692e-03
2.349999904632568359e+00 -4.405296389211367514e-04 -2.393541282550129025e-03
2.359999895095825195e+00 -3.844374405335016106e-04 -2.305370656019620733e-03
2.369999885559082031e+00 -3.299090571637035415e-04 -2.215576884967330670e-03
2.379999876022338867e+00 -2.770674876841084646e-04 -2.124545704347267396e-03
2.389999866485595703e+00 -2.260216930331297681e-04 -2.032645708619189393e-03
2.399999856948852539e+00 -1.768669837116413571e-04 -1.940227971791632288e-03
2.409999847412109375e+00 -1.296854404624286450e-04 -1.847625751184015690e-03
2.419999837875366211e+00 -8.454636447529739578e-05 -1.755154271645887514e-03
2.429999828338623047e+00 -4.150675354466343395e-05 -1.663110586837574607e-03
2.440000057220458984e+00 -6.108515469523257505e-07 -1.571771346945471069e-03
2.450000047683715820e+00 3.810548495090734116e-05 -1.481401497948707903e-03
2.460000038146972656e+00 7.462010439302147651e-05 -1.392241277459612802e-03
2.470000028610229492e+00 1.089200616596532344e-04 -1.304515083263448234e-03
2.480000019073486328e+00 1.410020628370977649e-04 -1.218429478479861891e-03
2.490000009536743164e+00 1.708719024387660601e-04 -1.134173438796355843e-03
2.500000000000000000e+00 1.985438965507157745e-04 -1.051918650812321563e-03
2.509999990463256836e+00 2.240403144970485238e-04 -9.718198576799243291e-04
2.519999980926513672e+00 2.473908114749784684e-04 -8.940152482474930488e-04
2.529999971389770508e+00 2.686318644613534899e-04 -8.186268859440429865e-04
2.539999961853027344e+00 2.878062135432621631e-04 -7.457611736890924639e-04
2.549999952316284180e+00 3.049623106755212096e-04 -6.755093511693250913e-04
2.559999942779541016e+00 3.201537777182434253e-04 -6.079480208922162076e-04
2.569999933242797852e+00 3.334388754589889684e-04 -5.431396995052896210e-04
2.579999923706054688e+00 3.448799851768349434e-04 -4.811333909579384571e-04
2.589999914169311523e+00 3.545431041606515905e-04 -4.219651781792698982e-04
2.599999904632568359e+00 3.624973564515525555e-04 -3.656588300500246869e-04
2.609999895095825195e+00 3.688145199403105017e-04 -3.122264205580231144e-04
2.619999885559082031e+00 3.735685708150186910e-04 -2.616689571442070480e-04
2.629999876022338867e+00 3.768352462227147494e-04 -2.139770153694581624e-04
2.639999866485595703e+00 3.786916258815902175e-04 -1.691313771601046247e-04
2.649999856948852539e+00 3.792157332578481783e-04 -1.271036700216068198e-04
2.659999847412109375e+00 3.784861568036725662e-04 -8.785700474495381537e-05
2.669999837875366211e+00 3.765816916402796267e-04 -5.134660926752208704e-05
2.679999828338623047e+00 3.735810019627357464e-04 -1.752045648957260807e-05
2.690000057220458984e+00 3.695621970096342837e-04 1.368082909505494759e-05
2.700000047683715820e+00 3.646029431579500177e-04 4.232044913203494315e-05
2.710000038146972656e+00 3.587796115044672223e-04 6.846929446206612428e-05
2.720000028610229492e+00 3.521673851203821633e-04 9.220232424487089819e-05
2.730000019073486328e+00 3.448399418530881931e-04 1.135987713546066314e-04
2.740000009536743164e+00 3.368692415490622222e-04 1.327415891272513721e-04
2.750000000000000000e+00 3.283253333886186577e-04 1.497169156151519900e-04
2.759999990463256836e+00 3.192761829470241314e-04 1.646135564368416218e-04
2.769999980926513672e+00 3.097875185378512280e-04 1.775224871793653432e-04
2.779999971389770508e+00 2.999226963409855709e-04 1.885363761827255123e-04
2.789999961853027344e+00 2.897425837691456588e-04 1.977491284118770723e-04
2.799999952316284180e+00 2.793054604831898650e-04 2.052554510013622317e-04
2.809999942779541016e+00 2.686669364275348854e-04 2.111504409414684876e-04
2.819999933242797852e+00 2.578798862226915609e-04 2.155291952627988797e-04
2.829999923706054688e+00 2.469943992220894691e-04 2.184864439688657348e-04
2.839999914169311523e+00 2.360577445147318950e-04 2.201162058635650640e-04
2.849999904632568359e+00 2.251143501339221539e-04 2.205114673227344954e-04
2.859999895095825195e+00 2.142057957148471212e-04 2.197638839661918196e-04
2.869999885559082031e+00 2.033708178303499092e-04 2.179635050990417480e-04
2.879999876022338867e+00 1.926453272244852430e-04 2.151985207086739009e-04
2.889999866485595703e+00 1.820624371572213444e-04 2.115550307266089367e-04
2.899999856948852539e+00 1.716525020710053784e-04 2.071168361925989146e-04
2.909999847412109375e+00 1.614431657904495307e-04 2.019652518917171692e-04
2.919999837875366211e+00 1.514594184701533873e-04 1.961789399739193160e-04
2.929999828338623047e+00 1.417236615124472621e-04 1.898337640095265524e-04
2.939999818801879883e+00 1.322557796864610243e-04 1.830026628832256128e-04
2.950000047683715820e+00 1.230730042886654706e-04 1.757553666761862000e-04
2.960000038146972656e+00 1.141908663492956639e-04 1.681590095410178244e-04
2.970000028610229492e+00 1.056219717653677023e-04 1.602770199951586427e-04
2.980000019073486328e+00 9.737697780061086274e-05 1.521697504858475253e-04
2.990000009536743164e+00 8.946446780542568610e-05 1.438942719938042850e-04
3.000000000000000000e+00 8.189105126525455278e-05 1.355043522016206468e-04
3.009999990463256836e+00 7.466146614810315887e-05 1.270504483141969619e-04
3.019999980926513672e+00 6.777868294412779139e-05 1.185797137030116384e-04
3.029999971389770508e+00 6.124400981841016209e-05 1.101360175370751760e-04
3.039999961853027344e+00 5.505719832758371738e-05 1.017599765585459150e-04
3.049999952316284180e+00 4.921654918136214731e-05 9.348899815959888990e-05
3.059999942779541016e+00 4.371901756140140197e-05 8.535733391948120707e-05
3.069999933242797852e+00 3.856031754183155758e-05 7.739614276618754615e-05
3.079999923706054688e+00 3.373502518822045477e-05 6.963356293587337411e-05
3.089999914169311523e+00 2.923667994441688425e-05 6.209479191476223285e-05
3.099999904632568359e+00 2.505788394944587428e-05 5.480217356251399890e-05
3.109999895095825195e+00 2.119039895935862416e-05 4.777529163290240681e-05
3.119999885559082031e+00 1.762524058127206526e-05 4.103106892666812539e-05
3.129999876022338867e+00 1.435276955884436219e-05 3.458387133263455469e-05
3.139999866485595703e+00 1.136277987979294760e-05 2.844561603619028358e-05
3.149999856948852539e+00 8.644583506664787337e-06 2.262588319901546620e-05
3.159999847412109375e+00 6.187091561833232882e-06 1.713203044011394534e-05
3.169999837875366211e+00 3.978891826404927411e-06 1.196930947575847446e-05
3.179999828338623047e+00 2.008322440293298694e-06 7.140984304517151445e-06
3.189999818801879883e+00 2.635417171305096429e-07 2.648450353120619965e-06
3.199999809265136719e+00 -1.267405987361929918e-06 -1.508645970869176657e-06
3.210000038146972656e+00 -2.596557769443272523e-06 -5.332375055294150624e-06
3.220000028610229492e+00 -3.735852396935704374e-06 -8.826048591332885266e-06
3.230000019073486328e+00 -4.697266121513712921e-06 -1.199464866342762408e-05
3.240000009536743164e+00 -5.492631526654965633e-06 -1.484433896043379457e-05
3.250000000000000000e+00 -6.133625583431431332e-06 -1.738244553580747006e-05
3.259999990463256836e+00 -6.631727529816230365e-06 -1.961734470186925024e-05
3.269999980926513672e+00 -6.998180547947411461e-06 -2.155835351981521392e-05
3.279999971389770508e+00 -7.243957153932360841e-06 -2.321562318970993332e-05
3.289999961853027344e+00 -7.379728203207834535e-06 -2.460003561450533453e-05
3.299999952316284180e+00 -7.415835404423877629e-06 -2.572310338262239645e-05
3.309999942779541016e+00 -7.362267226079697460e-06 -2.659687338479924362e-05
3.319999933242797852e+00 -7.228638072770221203e-06 -2.723383425287496067e-05
3.329999923706054688e+00 -7.024170601720650544e-06 -2.764682778099887008e-05
3.339999914169311523e+00 -6.757681045276832672e-06 -2.784896446347111807e-05
3.349999904632568359e+00 -6.437567401161187625e-06 -2.785354325819208951e-05
3.359999895095825195e+00 -6.071800349305583583e-06 -2.767397566035953487e-05
3.369999885559082031e+00 -5.667916752144161802e-06 -2.732371414794894666e-05
3.379999876022338867e+00 -5.233015594038380064e-06 -2.681618503834254028e-05
3.389999866485595703e+00 -4.773756215109065683e-06 -2.616472577457559285e-05
3.399999856948852539e+00 -4.296358694974208532e-06 -2.538252663979701336e-05
3.409999847412109375e+00 -3.806606242739747004e-06 -2.448257687991019165e-05
3.419999837875366211e+00 -3.309849450955647636e-06 -2.347761519686977744e-05
3.429999828338623047e+00 -2.811012273027147204e-06 -2.238008455880497811e-05
3.439999818801879883e+00 -2.314599585778695087e-06 -2.120209125796726905e-05
3.449999809265136719e+00 -1.824706201410605596e-06 -1.995536813357558589e-05
3.460000038146972656e+00 -1.345015908190214737e-06 -1.865121017405480737e-05
3.470000028610229492e+00 -8.788584946218094931e-07 -1.730057154663455803e-05
3.480000019073486328e+00 -4.291535873631744189e-07 -1.591385374756353890e-05
3.490000009536743164e+00 1.529750245933544223e-09 -1.450100772823514125e-05
3.500000000000000000e+00 4.109702623325629005e-07 -1.307148583612246063e-05
3.509999990463256836e+00 7.972794717283681211e-07 -1.163422764544877727e-05
3.519999980926513672e+00 1.158886062597533971e-06 -1.019764907538974509e-05
3.529999971389770508e+00 1.494519782704912063e-06 -8.769634640989339719e-06
3.539999961853027344e+00 1.803194969637916832e-06 -7.357532677548422622e-06
3.549999952316284180e+00 2.084193801082771372e-06 -5.968153375879209872e-06
3.559999942779541016e+00 2.337049365119595605e-06 -4.607769463189245832e-06
3.569999933242797852e+00 2.561528642158081639e-06 -3.282119362693200778e-06
3.579999923706054688e+00 2.757615485693805348e-06 -1.996412664144842472e-06
3.589999914169311523e+00 2.925493684636386596e-06 -7.553377373020251443e-07
3.599999904632568359e+00 3.065530185209837415e-06 4.369286789748194654e-07
3.609999895095825195e+00 3.178258545812247417e-06 1.576710078099512825e-06
3.619999885559082031e+00 3.264362693315798146e-06 2.660817141725828281e-06
3.629999876022338867e+00 3.324661044363480732e-06 3.686533211886038886e-06
3.639999866485595703e+00 3.360091050224407996e-06 4.651598437835251365e-06
3.649999856948852539e+00 3.371694218591687069e-06 5.554192752438271024e-06
3.659999847412109375e+00 3.360601660566511037e-06 6.392917828909423809e-06
3.669999837875366211e+00 3.328020205809222741e-06 7.166778164157652869e-06
3.679999828338623047e+00 3.275219123522928089e-06 7.875161430039379895e-06
3.689999818801879883e+00 3.203517481697835402e-06 8.517818228641840539e-06
3.699999809265136719e+00 3.114272171678097243e-06 9.094841382019694490e-06
3.709999799728393555e+00 3.008866619896092924e-06 9.606644881076647295e-06
3.720000028610229492e+00 2.888697173637464490e-06 1.005395251493947147e-05
3.730000019073486328e+00 2.755175049427464830e-06 1.043773537603010485e-05
3.740000009536743164e+00 2.609699945453489464e-06 1.075925442314910490e-05
3.750000000000000000e+00 2.453662765193474859e-06 1.101999501714384438e-05
3.759999990463256836e+00 2.288435220143820948e-06 1.122165724700377447e-05
3.769999980926513672e+00 2.115362840728856171e-06 1.136613510041902398e-05
3.779999971389770508e+00 1.935758689370942118e-06 1.145549598836412009e-05
3.789999961853027344e+00 1.750897760469217675e-06 1.149196069672565819e-05
3.799999952316284180e+00 1.562012048465364891e-06 1.147788383145897851e-05
3.809999942779541016e+00 1.370286261968513419e-06 1.141573481732875828e-05
3.819999933242797852e+00 1.176854159016657279e-06 1.130807950395360078e-05
3.829999923706054688e+00 9.827954760646913338e-07 1.115756242671467090e-05
3.839999914169311523e+00 7.891334211314234034e-07 1.096688976405132989e-05
3.849999904632568359e+00 5.968326998016890251e-07 1.073881302685639607e-05
3.859999895095825195e+00 4.067980413955227798e-07 1.047611351003378607e-05
3.869999885559082031e+00 2.198731916358728787e-07 1.018158753089262654e-05
3.879999876022338867e+00 3.684033751968870950e-08 9.858032473859313074e-06
3.889999866485595703e+00 -1.415800701518441458e-07 9.508233656071085529e-06
3.899999856948852539e+00 -3.147291310503951094e-07 9.134952023722894257e-06
3.909999847412109375e+00 -4.820089804540754821e-07 8.740912684641986903e-06
3.919999837875366211e+00 -6.428819785823898630e-07 8.328794278389591518e-06
3.929999828338623047e+00 -7.968696364899640025e-07 7.901219181341515916e-06
3.939999818801879883e+00 -9.435513096610333386e-07 7.460744540555591556e-06
3.949999809265136719e+00 -1.082562689001403627e-06 7.009854126924787433e-06
3.959999799728393555e+00 -1.213594117331493182e-06 6.550950995025359157e-06
3.970000028610229492e+00 -1.336391585443717041e-06 6.086339807266379737e-06
3.980000019073486328e+00 -1.450743262495856006e-06 5.618265509289653282e-06
3.990000009536743164e+00 -1.556495012803501124e-06 5.148841766384739134e-06
4.000000000000000000e+00 -1.653536345347698500e-06 4.680090907248037117e-06
4.009999752044677734e+00 -1.741799242170916422e-06 4.213940389867016448e-06
4.019999980926513672e+00 -1.821265911876257641e-06 3.752164554169435606e-06
4.029999732971191406e+00 -1.891944939278769457e-06 3.296503838041610345e-06
4.039999961853027344e+00 -1.953896892684368100e-06 2.848498572975884266e-06
4.049999713897705078e+00 -2.007205051492720157e-06 2.409661429199531040e-06
4.059999942779541016e+00 -2.051996763921788490e-06 1.981306385192782330e-06
4.069999694824218750e+00 -2.088420801556282697e-06 1.564715908084675055e-06
4.079999923706054688e+00 -2.116662216153579932e-06 1.160978408939433660e-06
4.089999675750732422e+00 -2.136926165623014937e-06 7.711479654708209838e-07
4.099999904632568359e+00 -2.149446524177257643e-06 3.960920331440698336e-07
4.110000133514404297e+00 -2.154475990767457397e-06 3.662510426810902811e-08
4.119999885559082031e+00 -2.152288455881238538e-06 -3.065481129667988887e-07
4.130000114440917969e+00 -2.143174984378522051e-06 -6.328758160406996713e-07
4.139999866485595703e+00 -2.127443309649542593e-06 -9.418436187931777093e-07
4.150000095367431641e+00 -2.105412415087987695e-06 -1.233095689606832644e-06
4.159999847412109375e+00 -2.077416501076924398e-06 -1.506313480717961290e-06
4.170000076293945312e+00 -2.043794741236213459e-06 -1.761323046013735840e-06
4.179999828338623047e+00 -2.004900024303052024e-06 -1.997986941963171892e-06
4.190000057220458984e+00 -1.961084398559682209e-06 -2.216297391548915280e-06
4.199999809265136719e+00 -1.912712078922515335e-06 -2.416281778967388096e-06
4.210000038146972656e+00 -1.860141121019586971e-06 -2.598081590715372348e-06
4.219999790191650391e+00 -1.803740163780239409e-06 -2.761871661128118165e-06
4.230000019073486328e+00 -1.743866892030187949e-06 -2.907925060396073023e-06
4.239999771118164062e+00 -1.680887975598072572e-06 -3.036546007676934104e-06
4.250000000000000000e+00 -1.615154886197544014e-06 -3.148121087417298750e-06
4.259999752044677734e+00 -1.547026494261719566e-06 -3.243065532628925597e-06
4.269999980926513672e+00 -1.476842802559264973e-06 -3.321861334463955987e-06
4.279999732971191406e+00 -1.404949670392644093e-06 -3.385016411097083227e-06
4.289999961853027344e+00 -1.331671013363743563e-06 -3.433090330807290239e-06
4.299999713897705078e+00 -1.257335140029634090e-06 -3.466665722029901267e-06
4.309999942779541016e+00 -1.182245945216216379e-06 -3.486362457467811067e-06
4.319999694824218750e+00 -1.106710365624631042e-06 -3.492820528053659294e-06
4.329999923706054688e+00 -1.031009064072460716e-06 -3.486703635587337051e-06
4.339999675750732422e+00 -9.554245368596703132e-07 -3.468692646931589847e-06
4.349999904632568359e+00 -8.802117494677057690e-07 -3.439479616466819361e-06
4.360000133514404297e+00 -8.056229209161119662e-07 -3.399768723320652140e-06
4.369999885559082031e+00 -7.318962188291233633e-07 -3.350272456675713292e-06
4.380000114440917969e+00 -6.592450788708412598e-07 -3.291698956274124207e-06
4.389999866485595703e+00 -5.878825069800888849e-07 -3.224766447020473176e-06
4.400000095367431641e+00 -5.179933219860256256e-07 -3.150178070629110212e-06
4.409999847412109375e+00 -4.497613297223486672e-07 -3.068644455242365926e-06
4.420000076293945312e+00 -3.833427744489477852e-07 -2.980852793141714840e-06
4.429999828338623047e+00 -3.188924771806469326e-07 -2.887495344555810672e-06
4.440000057220458984e+00 -2.565387459057078657e-07 -2.789233837236949994e-06
4.449999809265136719e+00 -1.964082070175662762e-07 -2.686732848900402143e-06
4.460000038146972656e+00 -1.386023767077051066e-07 -2.580620567444258697e-06
4.469999790191650391e+00 -8.322095396661286605e-08 -2.471526026046589923e-06
4.480000019073486328e+00 -3.034021049832763433e-08 -2.360037212849409881e-06
4.489999771118164062e+00 1.996544682821354640e-08 -2.246741175995339510e-06
4.500000000000000000e+00 6.764315167245696612e-08 -2.132180411027846930e-06
4.509999752044677734e+00 1.126418996678237262e-07 -2.016894907964380431e-06
4.519999980926513672e+00 1.549302111471073579e-07 -1.901377675667323611e-06
4.529999732971191406e+00 1.944784521254262578e-07 -1.786117867367950954e-06
4.539999961853027344e+00 2.312744382753435816e-07 -1.671556225892901196e-06
4.549999713897705078e+00 2.653078348382216498e-07 -1.558128495882067802e-06
4.559999942779541016e+00 2.965836843242863480e-07 -1.446221493926793969e-06
4.569999694824218750e+00 3.251089303294803190e-07 -1.336216093129171306e-06
4.579999923706054688e+00 3.509038754005432195e-07 -1.228444539670252785e-06
4.589999675750732422e+00 3.739908414644173744e-07 -1.123232376519461401e-06
4.599999904632568359e+00 3.944035844344601018e-07 -1.020857544273491039e-06
4.610000133514404297e+00 4.121788595051274819e-07 -9.215860383130420526e-07
4.619999885559082031e+00 4.273599091417434172e-07 -8.256565268901526888e-07
4.630000114440917969e+00 4.399977147130782222e-07 -7.332677119092176684e-07
4.639999866485595703e+00 4.501459017579169263e-07 -6.446104257541973483e-07
4.650000095367431641e+00 4.578652677505972865e-07 -5.598330020349084396e-07
4.659999847412109375e+00 4.632196145416995041e-07 -4.790757019818224071e-07
4.670000076293945312e+00 4.662784445355610231e-07 -4.024391065418421939e-07
4.679999828338623047e+00 4.671146574489781359e-07 -3.300156572755822307e-07
4.690000057220458984e+00 4.658055026173152319e-07 -2.618612496048160092e-07
4.699999809265136719e+00 4.624320233712299490e-07 -1.980237000406058568e-07
4.710000038146972656e+00 4.570783641443427343e-07 -1.385176503369097347e-07
4.719999790191650391e+00 4.498328316584019899e-07 -8.334984378052801129e-08
4.730000019073486328e+00 4.407856664588359673e-07 -3.249738484250541031e-08
4.739999771118164062e+00 4.300315788105248215e-07 1.407022710041102359e-08
4.750000000000000000e+00 4.176661053443267939e-07 5.640949786460568006e-08
4.759999752044677734e+00 4.037894689421342799e-07 9.458413906014052684e-08
4.769999980926513672e+00 3.885016522634976316e-07 1.286801973704527296e-07
4.779999732971191406e+00 3.719074247616364875e-07 1.587904275066475643e-07
4.789999961853027344e+00 3.541102756996827557e-07 1.850262683311737338e-07
4.799999713897705078e+00 3.352184475882937481e-07 2.075052788539236994e-07
4.809999942779541016e+00 3.153378814969084965e-07 2.263601209898706627e-07
4.819999694824218750e+00 2.945790944385728851e-07 2.417289084365154025e-07
4.829999923706054688e+00 2.730492987796022105e-07 2.537613916858925860e-07
4.839999675750732422e+00 2.508599612425178431e-07 2.626120353203371840e-07
4.849999904632568359e+00 2.281182654719358548e-07 2.684436304017823752e-07
4.859999656677246094e+00 2.049351921540093933e-07 2.714228877984326005e-07
4.869999885559082031e+00 1.814164987657149732e-07 2.717217262926880145e-07
4.880000114440917969e+00 1.576700276279331057e-07 2.695149857152294989e-07
4.889999866485595703e+00 1.338020592713889575e-07 2.649804668081929172e-07
4.900000095367431641e+00 1.099134697336494943e-07 2.582968501438309443e-07
4.909999847412109375e+00 8.610732239810051695e-08 2.496445993565321661e-07
4.920000076293945312e+00 6.247940855421292701e-08 2.392026216870502904e-07
4.929999828338623047e+00 3.912694815760937946e-08 2.271507345768738086e-07
4.940000057220458984e+00 1.613925264066583433e-08 2.136649659165839408e-07
4.949999809265136719e+00 -6.393714953282100641e-09 1.989213954572729221e-07
4.960000038146972656e+00 -2.839039693127480948e-08 1.830903738457378704e-07
4.969999790191650391e+00 -4.976934789285118476e-08 1.663414758289086619e-07
4.980000019073486328e+00 -7.045786607507659155e-08 1.488369094992285520e-07
4.989999771118164062e+00 -9.038408406119563984e-08 1.307373247095303025e-07
5.000000000000000000e+00 -1.094850444510681970e-07 1.121946720249610364e-07
5.009999752044677734e+00 -1.276992803166835903e-07 9.335861994228458485e-08
5.019999980926513672e+00 -1.449742226939171800e-07 7.436910738502209531e-08
5.029999732971191406e+00 -1.612593651848414642e-07 5.536313672991494688e-08
5.039999961853027344e+00 -1.765129098818078596e-07 3.646724495097020616e-08
5.049999713897705078e+00 -1.906955981339289850e-07 1.780445561333629697e-08
5.059999942779541016e+00 -2.037765215241244746e-07 -5.131274299724008014e-10
5.069999694824218750e+00 -2.157276877251715486e-07 -1.837740747061814652e-08
5.079999923706054688e+00 -2.265289433240240182e-07 -3.569139779910461622e-08
5.089999675750732422e+00 -2.361633300397396107e-07 -5.236252672794307110e-08
5.099999904632568359e+00 -2.446210858735621725e-07 -6.830928028505335068e-08
5.109999656677246094e+00 -2.518958328589461949e-07 -8.345488140501080912e-08
5.119999885559082031e+00 -2.579876416493974646e-07 -9.773334054722723194e-08
5.130000114440917969e+00 -2.629002838742507885e-07 -1.110842567780385464e-07
5.139999866485595703e+00 -2.666423310771084227e-07 -1.234551010520809177e-07
5.150000095367431641e+00 -2.692272300642828588e-07 -1.348026754591023180e-07
5.159999847412109375e+00 -2.706719740133039114e-07 -1.450889662241270276e-07
5.170000076293945312e+00 -2.709978680023577427e-07 -1.542852988467919173e-07
5.179999828338623047e+00 -2.702297442520826990e-07 -1.623682320228177801e-07
5.190000057220458984e+00 -2.683958608782559698e-07 -1.693228507652604382e-07
5.199999809265136719e+00 -2.655279575762735948e-07 -1.751394574951031001e-07
5.210000038146972656e+00 -2.616603340400696040e-07 -1.798159770531142295e-07
5.219999790191650391e+00 -2.568307109472623416e-07 -1.833554775703961685e-07
5.230000019073486328e+00 -2.510785426030124439e-07 -1.857676813770848874e-07
5.239999771118164062e+00 -2.444466362791283471e-07 -1.870673277819038810e-07
5.250000000000000000e+00 -2.369787600865768491e-07 -1.872748022852959805e-07
5.259999752044677734e+00 -2.287219630846856391e-07 -1.864153342847673807e-07
5.269999980926513672e+00 -2.197235444311763278e-07 -1.845187735978398874e-07
5.279999732971191406e+00 -2.100340074127125011e-07 -1.816195986310503506e-07
5.289999961853027344e+00 -1.997034598645158089e-07 -1.777558839421769747e-07
5.299999713897705078e+00 -1.887851275017479239e-07 -1.729700787274201539e-07
5.309999942779541016e+00 -1.773312587643986341e-07 -1.673072220376988046e-07
5.319999694824218750e+00 -1.653971166552957164e-07 -1.608164377030057935e-07
5.329999923706054688e+00 -1.530364637589568269e-07 -1.535484648307755612e-07
5.339999675750732422e+00 -1.403059472894427308e-07 -1.455578036182362578e-07
5.349999904632568359e+00 -1.272602422629628546e-07 -1.368996379790285747e-07
5.359999656677246094e+00 -1.139567416018252134e-07 -1.276325571125148240e-07
5.369999885559082031e+00 -1.004504373964637367e-07 -1.178149545534415389e-07
5.380000114440917969e+00 -8.679817314450899528e-08 -1.075077407590441925e-07
5.389999866485595703e+00 -7.305661251525286726e-08 -9.677281945265047056e-08
5.400000095367431641e+00 -5.928007937545626837e-08 -8.567114883219441978e-08
5.409999847412109375e+00 -4.552498115669695562e-08 -7.426607471929744251e-08
5.420000076293945312e+00 -3.184439499845421184e-08 -6.261882272346583796e-08
5.429999828338623047e+00 -1.829312785259188010e-08 -5.079255480848889204e-08
5.440000057220458984e+00 -4.922330712333391679e-09 -3.884766675965010773e-08
5.449999809265136719e+00 8.215526098860960777e-09 -2.684602023806180016e-08
5.460000038146972656e+00 2.107192734899000671e-08 -1.484614228979994662e-08
5.469999790191650391e+00 3.359749937125298892e-08 -2.907541880698023154e-09
5.480000019073486328e+00 4.574709148021615619e-08 8.914093582050456661e-09
5.489999771118164062e+00 5.747519524482442060e-08 2.056258520506213395e-08
5.500000000000000000e+00 6.874075418320547176e-08 3.198597743810942389e-08
5.509999752044677734e+00 7.950288013010759132e-08 4.313231197658888174e-08
5.519999980926513672e+00 8.972531700190546965e-08 5.395416719750083751e-08
5.529999732971191406e+00 9.937251114298845121e-08 6.440459666574610225e-08
5.539999961853027344e+00 1.084136610824968086e-07 7.444141275845201211e-08
5.549999713897705078e+00 1.168191908357575984e-07 8.402336054710806309e-08
5.559999942779541016e+00 1.245643253822793535e-07 9.311407287377285656e-08
5.569999694824218750e+00 1.316260075917400649e-07 1.016785425730810116e-07
5.579999923706054688e+00 1.379859485554393394e-07 1.096866851532862987e-07
5.589999675750732422e+00 1.436280202602392665e-07 1.171101638105159972e-07
5.599999904632568359e+00 1.485407407046792299e-07 1.239255057672408804e-07
5.609999656677246094e+00 1.527151657614806519e-07 1.301113254906378862e-07
5.619999885559082031e+00 1.561467809513705165e-07 1.356509514633578950e-07
5.629999637603759766e+00 1.588339072222941470e-07 1.405300836268186333e-07
5.639999866485595703e+00 1.607789839613841466e-07 1.447388986370282908e-07
5.650000095367431641e+00 1.619875349895861154e-07 1.482703201732818310e-07
5.659999847412109375e+00 1.624686394632429124e-07 1.511208214580154700e-07
5.670000076293945312e+00 1.622347493512582495e-07 1.532906299696299518e-07
5.679999828338623047e+00 1.613014986688645195e-07 1.547827821158243113e-07
5.690000057220458984e+00 1.596874825331845232e-07 1.556038608999933811e-07
5.699999809265136719e+00 1.574144548546869637e-07 1.557633192530331025e-07
5.710000038146972656e+00 1.545065458557782835e-07 1.552736749999381966e-07
5.719999790191650391e+00 1.509909365101850549e-07 1.541503135735477248e-07
5.730000019073486328e+00 1.468965542722904589e-07 1.524111587629115821e-07
5.739999771118164062e+00 1.422551950572953384e-07 1.500769403765981757e-07
5.750000000000000000e+00 1.370997462439919253e-07 1.471703687926767769e-07
5.759999752044677734e+00 1.314657204995182097e-07 1.437168453249405355e-07
5.769999980926513672e+00 1.253890626670082955e-07 1.397431770319633073e-07
5.779999732971191406e+00 1.189080539623202744e-07 1.352787004509546503e-07
5.789999961853027344e+00 1.120607649666795317e-07 1.303535802949633840e-07
5.799999713897705078e+00 1.048872837516759755e-07 1.250003109384985366e-07
5.809999942779541016e+00 9.742688082244600704e-08 1.192516484542154705e-07
5.819999694824218750e+00 8.972051062932281753e-08 1.131424488278430242e-07
5.829999923706054688e+00 8.180775598972980695e-08 1.067072871963990407e-07
5.839999675750732422e+00 7.372954931205085955e-08 9.998258731522689803e-08
5.849999904632568359e+00 6.552496388902009009e-08 9.300398486086631718e-08
5.859999656677246094e+00 5.723409903309950976e-08 8.580869919347355260e-08
5.869999885559082031e+00 4.889478389853526598e-08 7.843269923301502323e-08
5.879999637603759766e+00 4.054556967010533669e-08 7.091326611524173740e-08
5.889999866485595703e+00 3.222240846843668882e-08 6.328602049414077859e-08
5.900000095367431641e+00 2.396130387171945376e-08 5.558725503770700699e-08
5.909999847412109375e+00 1.579698271850797617e-08 4.785272240055672161e-08
5.920000076293945312e+00 7.761633595668433274e-09 4.011637005529642062e-08
5.929999828338623047e+00 -1.124771696730461906e-10 3.241278708660353578e-08
5.940000057220458984e+00 -7.796144198162440210e-09 2.477413483725477283e-08
5.949999809265136719e+00 -1.526029421023389522e-08 1.723296156444398269e-08
5.960000038146972656e+00 -2.247896758782138865e-08 9.819187885536841739e-09
5.969999790191650391e+00 -2.942652314498260241e-08 2.562877935400973473e-09
5.980000019073486328e+00 -3.608042281648111570e-08 -4.508672174649678437e-09
5.989999771118164062e+00 -4.241861436686084215e-08 -1.136825379321283695e-08
6.000000000000000000e+00 -4.842208499341525757e-08 -1.799151024515550768e-08
6.009999752044677734e+00 -5.407246120350355740e-08 -2.435439031879538771e-08
6.019999980926513672e+00 -5.935430248239943831e-08 -3.043572635028901358e-08
6.029999732971191406e+00 -6.425295189356470945e-08 -3.621486090480156577e-08
6.039999961853027344e+00 -6.875654606656288547e-08 -4.167400388689137707e-08
6.049999713897705078e+00 -7.285414398493459722e-08 -4.679606670381330663e-08
6.059999942779541016e+00 -7.653743439402332085e-08 -5.156676891119497166e-08
6.069999694824218750e+00 -7.979916386504701640e-08 -5.597270883860334210e-08
6.079999923706054688e+00 -8.263452737027255486e-08 -6.000319548210161725e-08
6.089999675750732422e+00 -8.503991021264177514e-08 -6.364857894597351010e-08
6.099999904632568359e+00 -8.701395200631406028e-08 -6.690178856388055098e-08
6.109999656677246094e+00 -8.855661059508641656e-08 -6.975694070101334903e-08
6.119999885559082031e+00 -8.966989412146514093e-08 -7.221056942504251810e-08
6.129999637603759766e+00 -9.035724873672657890e-08 -7.426052330990813577e-08
6.139999866485595703e+00 -9.062395791471307102e-08 -7.590688034852522641e-08
6.150000095367431641e+00 -9.047683299016229449e-08 -7.715118936058523220e-08
6.159999847412109375e+00 -8.992436718051808637e-08 -7.799681721386464045e-08
6.170000076293945312e+00 -8.897653066041518333e-08 -7.844894560428684608e-08
6.179999828338623047e+00 -8.764495988067857672e-08 -7.851429156205470186e-08
6.190000057220458984e+00 -8.594255142829538372e-08 -7.820123162978764832e-08
6.199999809265136719e+00 -8.388391421359229241e-08 -7.751971935890090446e-08
6.210000038146972656e+00 -8.148466420840119727e-08 -7.648110645714480241e-08
6.219999790191650391e+00 -7.876214060532416052e-08 -7.509833269382799554e-08
6.230000019073486328e+00 -7.573442186837134859e-08 -7.338545918790129155e-08
6.239999771118164062e+00 -7.242128061950787409e-08 -7.135811364458105721e-08
6.250000000000000000e+00 -6.884294619999091672e-08 -6.903275570351745985e-08
6.259999752044677734e+00 -6.502127002316157040e-08 -6.642735656224715361e-08
6.269999980926513672e+00 -6.097826437489725554e-08 -6.356042071110586073e-08
6.279999732971191406e+00 -5.673744761449963986e-08 -6.045187570765371628e-08
6.289999961853027344e+00 -5.232219305006783519e-08 -5.712187856685835818e-08
6.299999713897705078e+00 -4.775722166022322852e-08 -5.359188875977254452e-08
6.309999942779541016e+00 -4.306679840249282429e-08 -4.988329092498074116e-08
6.319999694824218750e+00 -3.827633904070755339e-08 -4.601862207502978997e-08
6.329999923706054688e+00 -3.341049400069801938e-08 -4.202004504178572300e-08
6.339999675750732422e+00 -2.849483540692187568e-08 -3.791069940502370072e-08
6.349999904632568359e+00 -2.355387042761674036e-08 -3.371306207980060063e-08
6.359999656677246094e+00 -1.861277471937666478e-08 -2.945039062368268496e-08
6.369999885559082031e+00 -1.369537799224493949e-08 -2.514500856556375701e-08
6.379999637603759766e+00 -8.825910694073742662e-09 -2.081980947502090340e-08
6.389999866485595703e+00 -4.027004191265491317e-09 -1.649650495730558863e-08
6.399999618530273438e+00 6.785813298232213471e-10 -1.219715817372186898e-08
6.409999847412109375e+00 5.269901147095907964e-09 -7.942431873410316876e-09
6.420000076293945312e+00 9.726356260859034295e-09 -3.752922997749418598e-09
6.429999828338623047e+00 1.402849896243320059e-08 3.515638190581547130e-10
6.440000057220458984e+00 1.815871392398610410e-08 4.352680882864513742e-09
6.449999809265136719e+00 2.209988750194916003e-08 8.232264628464029839e-09
6.460000038146972656e+00 2.583705360425268001e-08 1.197393533524272427e-08
6.469999790191650391e+00 2.935595653578483186e-08 1.556169050214204004e-08
6.480000019073486328e+00 3.264452479563247930e-08 1.898139011494649852e-08
6.489999771118164062e+00 3.569157086018693365e-08 2.221944415050852130e-08
6.500000000000000000e+00 3.848807060281705914e-08 2.526415829888877180e-08
6.509999752044677734e+00 4.102601833734421732e-08 2.810453667813582846e-08
6.519999980926513672e+00 4.329949534793797874e-08 3.073146723759756483e-08
6.529999732971191406e+00 4.530369502744101399e-08 3.313665772723086445e-08
6.539999961853027344e+00 4.703576992772214715e-08 3.531364461366358473e-08
6.549999713897705078e+00 4.849403816153498939e-08 3.725687708550819228e-08
6.559999942779541016e+00 4.967860420672302020e-08 3.896253804872651115e-08
6.569999694824218750e+00 5.059075395941765939e-08 4.042778752475346572e-08
6.579999923706054688e+00 5.123335003838059012e-08 4.165138900037744760e-08
6.589999675750732422e+00 5.161041905099967654e-08 4.263312005418304380e-08
6.599999904632568359e+00 5.172732717316460886e-08 4.337420188521106777e-08
6.609999656677246094e+00 5.159055938395314979e-08 4.387688144419747939e-08
6.619999885559082031e+00 5.120768550712385316e-08 4.414466623341298018e-08
6.629999637603759766e+00 5.058732746593246568e-08 4.418207869640277857e-08
6.639999866485595703e+00 4.973892966812471949e-08 4.399470226497723303e-08
6.649999618530273438e+00 4.867290680229514683e-08 4.358910533886094144e-08
6.659999847412109375e+00 4.740023539365549148e-08 4.297270798974985243e-08
6.670000076293945312e+00 4.593269695008899167e-08 4.215382586969595758e-08
6.679999828338623047e+00 4.428268185317040350e-08 4.114158858502543353e-08
6.690000057220458984e+00 4.246282807844141761e-08 3.994568346797724033e-08
6.699999809265136719e+00 4.048651100894809258e-08 3.857664659485431301e-08
6.710000038146972656e+00 3.836707422945968931e-08 3.704534034115960017e-08
6.719999790191650391e+00 3.611850590044516911e-08 3.536340500900886092e-08
6.730000019073486328e+00 3.375456247481226565e-08 3.354260979910333226e-08
6.739999771118164062e+00 3.128955637634562075e-08 3.159542539216019984e-08
6.750000000000000000e+00 2.873739434170149280e-08 2.953426704771249643e-08
6.759999752044677734e+00 2.611245554697647085e-08 2.737217106460510551e-08
6.769999980926513672e+00 2.342856600906433268e-08 2.512194952170983197e-08
6.779999732971191406e+00 2.069994535438260639e-08 2.279695210860797749e-08
6.789999961853027344e+00 1.794013818788184858e-08 2.041015247225446579e-08
6.799999713897705078e+00 1.516300725522542700e-08 1.797497591237600939e-08
6.809999942779541016e+00 1.238164198712184805e-08 1.550433743038505647e-08
6.819999694824218750e+00 9.609375861561334761e-09 1.301151523035419689e-08
6.829999923706054688e+00 6.858691536274755566e-09 1.050916044095177141e-08
6.839999675750732422e+00 4.142240742877024277e-09 8.010196244919660941e-09
6.849999904632568359e+00 1.471764565699131048e-09 5.526818882347710759e-09
6.859999656677246094e+00 -1.140904827619008034e-09 3.071402549556296957e-09
6.869999885559082031e+00 -3.684891098020382279e-09 6.555107225464609840e-10
6.879999637603759766e+00 -6.149309502414755670e-09 -1.709212319966950753e-09
6.889999866485595703e+00 -8.524264267129411427e-09 -4.012001570931650179e-09
6.899999618530273438e+00 -1.079993948890469358e-08 -6.242111207686204889e-09
6.909999847412109375e+00 -1.296753124891193425e-08 -8.389728733706096778e-09
6.920000076293945312e+00 -1.501850419803975182e-08 -1.044525865129959748e-08
6.929999828338623047e+00 -1.694496935975589373e-08 -1.239969610818632786e-08
6.940000057220458984e+00 -1.873996133548199869e-08 -1.424491993732083293e-08
6.949999809265136719e+00 -2.039683673654467716e-08 -1.597308469480212180e-08
6.960000038146972656e+00 -2.190998211414890608e-08 -1.757735214278998086e-08
6.969999790191650391e+00 -2.327420644732075633e-08 -1.905126065933772847e-08
6.980000019073486328e+00 -2.448533878576832383e-08 -2.038936051315996600e-08
6.989999771118164062e+00 -2.553972827211367705e-08 -2.158667492919249151e-08
7.000000000000000000e+00 -2.643472239293111531e-08 -2.263922867219460846e-08
7.009999752044677734e+00 -2.716827955513907240e-08 -2.354360833577333949e-08
7.019999980926513672e+00 -2.773932100283727336e-08 -2.429737589599277134e-08
7.029999732971191406e+00 -2.814745855089663759e-08 -2.489873346985768694e-08
7.039999961853027344e+00 -2.839321565951309812e-08 -2.534681585621922720e-08
7.049999713897705078e+00 -2.847787060797411416e-08 -2.564146270359083541e-08
7.059999942779541016e+00 -2.840354487599378887e-08 -2.578338657625250569e-08
7.069999694824218750e+00 -2.817315984012562645e-08 -2.577405320749024961e-08
7.079999923706054688e+00 -2.779039345507962007e-08 -2.561572429723926718e-08
7.089999675750732422e+00 -2.725974650011886338e-08 -2.531144434399197810e-08
7.099999904632568359e+00 -2.658637148183840752e-08 -2.486496010883092413e-08
7.109999656677246094e+00 -2.577624258389221588e-08 -2.428081046867488029e-08
7.119999885559082031e+00 -2.483586363357106002e-08 -2.356412720801236187e-08
7.129999637603759766e+00 -2.377253421978420904e-08 -2.272082243081412066e-08
7.139999866485595703e+00 -2.259394636904705349e-08 -2.175727798372087724e-08
7.149999618530273438e+00 -2.130853781697847830e-08 -2.068062324424639458e-08
7.159999847412109375e+00 -1.992498960398147976e-08 -1.949832294121752880e-08
7.170000076293945312e+00 -1.845258404496612666e-08 -1.821847339777345820e-08
7.179999828338623047e+00 -1.690097856105857683e-08 -1.684961682215861577e-08
7.190000057220458984e+00 -1.527990082599619552e-08 -1.540046937765947922e-08
7.199999809265136719e+00 -1.359960902040804501e-08 -1.388033012889104005e-08
7.210000038146972656e+00 -1.187020867076183890e-08 -1.229847124374865946e-08
7.219999790191650391e+00 -1.010222370975961146e-08 -1.066465557477835747e-08
7.230000019073486328e+00 -8.305871467125715407e-09 -8.988474481733747592e-09
7.239999771118164062e+00 -6.491667903514115049e-09 -7.279907890507602949e-09
7.250000000000000000e+00 -4.669679120412925829e-09 -5.548626412786671013e-09
7.259999752044677734e+00 -2.850147602052352338e-09 -3.804581172754181548e-09
7.269999980926513672e+00 -1.042738462197053978e-09 -2.057287198441878730e-09
7.279999732971191406e+00 7.428264609481432213e-10 -3.164300975506762713e-10
7.289999961853027344e+00 2.497510116394525790e-09 1.408852502498585812e-09
7.299999713897705078e+00 4.212331207397453513e-09 3.109360317499319976e-09
7.309999942779541016e+00 5.879077160974046214e-09 4.776534783348864326e-09
7.319999694824218750e+00 7.489692601393499081e-09 6.401857074144525215e-09
7.329999923706054688e+00 9.036949118496801185e-09 7.977523233768530738e-09
7.339999675750732422e+00 1.051386299217107801e-08 9.495862952507481843e-09
7.349999904632568359e+00 1.191430906960650333e-08 1.094997181192493488e-08
7.359999656677246094e+00 1.323247858064690949e-08 1.233316219711146454e-08
7.369999885559082031e+00 1.446342663175787300e-08 1.363954071614823899e-08
7.379999637603759766e+00 1.560257984604546131e-08 1.486350168529746342e-08
7.389999866485595703e+00 1.664620930564972086e-08 1.600023969507298767e-08
7.399999618530273438e+00 1.759099646840168641e-08 1.704529497753691735e-08
7.409999847412109375e+00 1.843442572708776280e-08 1.799499311573600219e-08
7.419999599456787109e+00 1.917441562767189171e-08 1.884605031365956760e-08
7.429999828338623047e+00 1.980962747380561405e-08 1.959593430985620390e-08
7.440000057220458984e+00 2.033919005078930852e-08 2.024256448906870546e-08
7.449999809265136719e+00 2.076280917918634653e-08 2.078444836051533751e-08
7.460000038146972656e+00 2.108078425316398588e-08 2.122072661500585448e-08
7.469999790191650391e+00 2.129385590162172467e-08 2.155099181014005930e-08
7.480000019073486328e+00 2.140330235348621166e-08 2.177543938265834627e-08
7.489999771118164062e+00 2.141083156338101028e-08 2.189472426258517992e-08
7.500000000000000000e+00 2.131859620694208435e-08 2.191002755174491798e-08
7.509999752044677734e+00 2.112916273392164863e-08 2.182299023556376665e-08
7.519999980926513672e+00 2.084544902026118351e-08 2.163569770286637329e-08
7.529999732971191406e+00 2.047076840364972676e-08 2.135068990253942048e-08
7.539999961853027344e+00 2.000869501051391500e-08 2.097086721158946907e-08
7.549999713897705078e+00 1.946317931033130343e-08 2.049957480345110510e-08
7.559999942779541016e+00 1.883834690209799415e-08 1.994043451131522504e-08
7.569999694824218750e+00 1.813868073617653262e-08 1.929749968631257241e-08
7.579999923706054688e+00 1.736875972712250390e-08 1.857501866826644357e-08
7.589999675750732422e+00 1.653350156052499660e-08 1.777765504072248667e-08
7.599999904632568359e+00 1.563784794145254865e-08 1.691018913337938761e-08
7.609999656677246094e+00 1.468706085794586368e-08 1.597779736211665407e-08
7.619999885559082031e+00 1.368636161674783857e-08 1.498569886719600640e-08
7.629999637603759766e+00 1.264127259115365710e-08 1.393948658037817527e-08
7.639999866485595703e+00 1.155721747642331143e-08 1.284472667601026746e-08
7.649999618530273438e+00 1.043989992107407785e-08 1.170733315631830631e-08
7.659999847412109375e+00 9.294872680245959802e-09 1.053312827621898781e-08
7.669999599456787109e+00 8.127944118668002751e-09 9.328251792068712778e-09
7.679999828338623047e+00 6.944724169071496119e-09 8.098690931405754249e-09
7.690000057220458984e+00 5.750992419361178583e-09 6.850655164560659011e-09
7.699999809265136719e+00 4.552514396455450203e-09 5.590383890704304631e-09
7.710000038146972656e+00 3.354848404962226465e-09 4.323937973194756106e-09
7.719999790191650391e+00 2.163725430695321451e-09 3.057596495320336102e-09
7.730000019073486328e+00 9.845730317396496435e-10 1.797350138238799512e-09
7.739999771118164062e+00 -1.770525587372022726e-10 5.493576770234023096e-10
7.750000000000000000e+00 -1.315936616016780153e-09 -6.805589423111503949e-10
7.759999752044677734e+00 -2.426786052280885641e-09 -1.886465617342638783e-09
7.769999980926513672e+00 -3.504685182628998214e-09 -3.062809900130860865e-09
7.779999732971191406e+00 -4.544695831063302282e-09 -4.203988220692147522e-09
7.789999961853027344e+00 -5.542290310215941943e-09 -5.304819306445610198e-09
7.799999713897705078e+00 -6.492978524755469689e-09 -6.360135693477174423e-09
7.809999942779541016e+00 -7.392710084335236372e-09 -7.365227776725931709e-09
7.819999694824218750e+00 -8.237534601664331653e-09 -8.315466932033166728e-09
7.829999923706054688e+00 -9.023965340229372362e-09 -9.206711712086390951e-09
7.839999675750732422e+00 -9.748678008027868980e-09 -1.003496903185345177e-08
7.849999904632568359e+00 -1.040882903318197061e-08 -1.079675472076654983e-08
7.859999656677246094e+00 -1.100179720869972789e-08 -1.148879826626909472e-08
7.869999885559082031e+00 -1.152545059753375969e-08 -1.210835083883759812e-08
7.879999637603759766e+00 -1.197793440624253560e-08 -1.265293806210901111e-08
7.889999866485595703e+00 -1.235788163542312550e-08 -1.312060973591123912e-08
7.899999618530273438e+00 -1.266424957126564168e-08 -1.350974403325042492e-08
7.909999847412109375e+00 -1.289647059608125792e-08 -1.381923444123290359e-08
7.919999599456787109e+00 -1.305433869987023958e-08 -1.404834769302459050e-08
7.929999828338623047e+00 -1.313809830945343842e-08 -1.419684489536106842e-08
7.940000057220458984e+00 -1.314838000751678218e-08 -1.426489574488746435e-08
7.949999809265136719e+00 -1.308623301083600846e-08 -1.425312569715840200e-08
7.960000038146972656e+00 -1.295309160575560343e-08 -1.416259111019527189e-08
7.969999790191650391e+00 -1.275079232055573547e-08 -1.399478347555469306e-08
7.980000019073486328e+00 -1.248150861653203774e-08 -1.375158314214647591e-08
7.989999771118164062e+00 -1.214780982264960434e-08 -1.343530788009949832e-08
8.000000000000000000e+00 -1.175253857160405714e-08 -1.304860275148789097e-08
8.010000228881835938e+00 -1.129889163153024823e-08 -1.259451641384702263e-08
8.019999504089355469e+00 -1.079038510307994382e-08 -1.207647344759425069e-08
8.029999732971191406e+00 -1.023064249084364923e-08 -1.149805859473241322e-08
8.039999961853027344e+00 -9.623657554208625351e-09 -1.086328641269949851e-08
8.050000190734863281e+00 -8.973575138820512624e-09 -1.017638029156093305e-08
8.059999465942382812e+00 -8.284773492480640374e-09 -9.441860534719926477e-09
8.069999694824218750e+00 -7.561566014213704969e-09 -8.664227857506131054e-09
8.079999923706054688e+00 -6.808564024618322684e-09 -7.848351906877062028e-09
8.090000152587890625e+00 -6.030385175015999337e-09 -6.999162117807111508e-09
8.099999427795410156e+00 -5.231762668796273784e-09 -6.121767293505247918e-09
8.109999656677246094e+00 -4.417207520175303153e-09 -5.221085104204722731e-09
8.119999885559082031e+00 -3.591436146821554950e-09 -4.302312362117494244e-09
8.130000114440917969e+00 -2.759038279041662671e-09 -3.370560639679655643e-09
8.139999389648437500e+00 -1.924604391774862070e-09 -2.430997740560269947e-09
8.149999618530273438e+00 -1.092381431064192536e-09 -1.488458937639809984e-09
8.159999847412109375e+00 -2.667271615594804890e-10 -5.479573629753599408e-10
8.170000076293945312e+00 5.482302078257682532e-10 3.857005330713556893e-10
8.179999351501464844e+00 1.348456554932525195e-09 1.307762845422716794e-09
8.189999580383300781e+00 2.130333124673495463e-09 2.213905366953225913e-09
8.199999809265136719e+00 2.890213125171258496e-09 3.099723622470044151e-09
8.210000038146972656e+00 3.624741613478406944e-09 3.961104401805095926e-09
8.220000267028808594e+00 4.330788920861489831e-09 4.794153157084134210e-09
8.229999542236328125e+00 5.005396194060670871e-09 5.595133005166341822e-09
8.239999771118164062e+00 5.646035969428456364e-09 6.360778874686566463e-09
8.250000000000000000e+00 6.250229922739713065e-09 7.087848133193650281e-09
8.260000228881835938e+00 6.815811832707730596e-09 7.773437049681086182e-09
8.269999504089355469e+00 7.340814197758211191e-09 8.414849345208394537e-09
8.279999732971191406e+00 7.823663699590755483e-09 9.009840420867766427e-09
8.289999961853027344e+00 8.262878191032326688e-09 9.556252029150455841e-09
8.300000190734863281e+00 8.657267518441055654e-09 1.005226200466561836e-08
8.309999465942382812e+00 9.005845912908433267e-09 1.049628031009221741e-08
8.319999694824218750e+00 9.307955240472956722e-09 1.088711147626116806e-08
8.329999923706054688e+00 9.563059412318679816e-09 1.122369729814852783e-08
8.340000152587890625e+00 9.770875325911629787e-09 1.150528743037563886e-08
8.349999427795410156e+00 9.931317537146524040e-09 1.173137099238857527e-08
8.359999656677246094e+00 1.004454789232291334e-08 1.190175228189795640e-08
8.369999885559082031e+00 1.011087659915335158e-08 1.201641566205716247e-08
8.380000114440917969e+00 1.013082081693684959e-08 1.207561107834335957e-08
8.389999389648437500e+00 1.010508464541640844e-08 1.207982570035241401e-08
8.399999618530273438e+00 1.003453799273197274e-08 1.202977371204414165e-08
8.409999847412109375e+00 9.920224650010114897e-09 1.192638729826277324e-08
8.420000076293945312e+00 9.763350125732207701e-09 1.177081660115801920e-08
8.429999351501464844e+00 9.565296270945310870e-09 1.156444181922126081e-08
8.439999580383300781e+00 9.327535405113102818e-09 1.130878252320301907e-08
8.449999809265136719e+00 9.051737580544642170e-09 1.100560876014079717e-08
8.460000038146972656e+00 8.739692513324973501e-09 1.065685960285964012e-08
8.470000267028808594e+00 8.393320180078826280e-09 1.026465278533453088e-08
8.479999542236328125e+00 8.014701899706638978e-09 9.831319965530215815e-09
8.489999771118164062e+00 7.605926034721882268e-09 9.359229105946545045e-09
8.500000000000000000e+00 7.169297903626608992e-09 8.851024017654028128e-09
8.510000228881835938e+00 6.707190714403324284e-09 8.309453400072187154e-09
8.519999504089355469e+00 6.222119487622440988e-09 7.737456246198197586e-09
8.529999732971191406e+00 5.716545237164528222e-09 7.137930082985409317e-09
8.539999961853027344e+00 5.193143764353028789e-09 6.514047411838556668e-09
8.550000190734863281e+00 4.654612692127513609e-09 5.869027977466102226e-09
8.559999465942382812e+00 4.103759174221018838e-09 5.206242959734653650e-09
8.569999694824218750e+00 3.543277257897904092e-09 4.528946615859066436e-09
8.579999923706054688e+00 2.976051527527326229e-09 3.840641455639598439e-09
8.590000152587890625e+00 2.404935146157664862e-09 3.144811313358094652e-09
8.599999427795410156e+00 1.832843031603506063e-09 2.445034396438647843e-09
8.609999656677246094e+00 1.262519532637324426e-09 1.744698974474593763e-09
8.619999885559082031e+00 6.968517748055303290e-10 1.047386777442600495e-09
8.630000114440917969e+00 1.386363370477545044e-10 3.565879306653589983e-10
8.639999389648437500e+00 -4.093296444034333020e-10 -3.241866093374159621e-10
8.649999618530273438e+00 -9.444718962703358128e-10 -9.916826678937280189e-10
8.659999847412109375e+00 -1.464140376867764918e-09 -1.642531727165016880e-09
8.670000076293945312e+00 -1.965834785879401495e-09 -2.273530866429484041e-09
8.679999351501464844e+00 -2.447121802767352466e-09 -2.881539187609047952e-09
8.689999580383300781e+00 -2.905831205762381740e-09 -3.463725904772252619e-09
8.699999809265136719e+00 -3.339793925543623629e-09 -4.017239689584776984e-09
8.710000038146972656e+00 -3.747040853979496630e-09 -4.539460069011789717e-09
8.720000267028808594e+00 -4.125767977979728823e-09 -5.027954250940792942e-09
8.729999542236328125e+00 -4.474315561260593872e-09 -5.480450553959934244e-09
8.739999771118164062e+00 -4.791307947462247351e-09 -5.895021107844972779e-09
8.750000000000000000e+00 -5.075462228950433094e-09 -6.269834629147645590e-09
8.760000228881835938e+00 -5.325731121374988415e-09 -6.603343092745629155e-09
8.769999504089355469e+00 -5.541254674766433467e-09 -6.894219776309672305e-09
8.779999732971191406e+00 -5.721442843914681341e-09 -7.141472934747464752e-09
8.789999961853027344e+00 -5.865854051309496406e-09 -7.344284024219775367e-09
8.800000190734863281e+00 -5.974281089883461695e-09 -7.502125696510557092e-09
8.809999465942382812e+00 -6.046722286899238663e-09 -7.614724226877106951e-09
8.819999694824218750e+00 -6.083402599489945446e-09 -7.682096903714406583e-09
8.829999923706054688e+00 -6.084727466933975689e-09 -7.704484344415077089e-09
8.840000152587890625e+00 -6.051307578541068298e-09 -7.682392563955224285e-09
8.849999427795410156e+00 -5.983950499139961245e-09 -7.616581297203831928e-09
8.859999656677246094e+00 -5.883622574511041122e-09 -7.508025780913275631e-09
8.869999885559082031e+00 -5.751477237626041877e-09 -7.357943966553592129e-09
8.880000114440917969e+00 -5.588820965452176832e-09 -7.167763359735655147e-09
8.889999389648437500e+00 -5.397125274567684907e-09 -6.939135297103747272e-09
8.899999618530273438e+00 -5.177937545251491167e-09 -6.673829293786297081e-09
8.909999847412109375e+00 -4.932977074487918908e-09 -6.373848385365272629e-09
8.920000076293945312e+00 -4.664050213700869488e-09 -6.041328800253479461e-09
8.929999351501464844e+00 -4.373081404280149290e-09 -5.678578699420885526e-09
8.939999580383300781e+00 -4.061985280905488163e-09 -5.287919194857049860e-09
8.949999809265136719e+00 -3.732818743502332873e-09 -4.871874371232944009e-09
8.960000038146972656e+00 -3.387657316611942986e-09 -4.433017572349275856e-09
8.970000267028808594e+00 -3.028607685353545549e-09 -3.973986774365838727e-09
8.979999542236328125e+00 -2.657829823406949876e-09 -3.497513268952870967e-09
8.989999771118164062e+00 -2.277381240556259513e-09 -3.006221138490754893e-09
9.000000000000000000e+00 -1.889417001792517914e-09 -2.502883880490909630e-09
9.010000228881835938e+00 -1.496037467848799808e-09 -1.990228317003169747e-09
9.019999504089355469e+00 -1.099350201150418596e-09 -1.471014159968430644e-09
9.029999732971191406e+00 -7.013083097260689553e-10 -9.478213616629535635e-10
9.039999961853027344e+00 -3.039286851253006869e-10 -4.233347190991964979e-10
9.050000190734863281e+00 9.086736606006448919e-11 9.986572388478914710e-11
9.059999465942382812e+00 4.811866535048718273e-10 6.192169320715672738e-10
9.069999694824218750e+00 8.653188928289178701e-10 1.132380377499350713e-09
9.079999923706054688e+00 1.241518496498640221e-09 1.636953125161857513e-09
9.090000152587890625e+00 1.608158677257310284e-09 2.130674199823604293e-09
9.099999427795410156e+00 1.963664443670672438e-09 2.611336285859796443e-09
9.109999656677246094e+00 2.306650261480307960e-09 3.076973564207754982e-09
9.119999885559082031e+00 2.635718843807305022e-09 3.525591184671671984e-09
9.130000114440917969e+00 2.949599868829863139e-09 3.955354160211316437e-09
9.139999389648437500e+00 3.247089339886229743e-09 4.364506234050017535e-09
9.149999618530273438e+00 3.527162492590529269e-09 4.751526777413739741e-09
9.159999847412109375e+00 3.788804031028075433e-09 5.114898662276201296e-09
9.170000076293945312e+00 4.031123669849707119e-09 5.453268310853846690e-09
9.179999351501464844e+00 4.253306920476001909e-09 5.765378654819245014e-09
9.189999580383300781e+00 4.454697965905291552e-09 6.050186915992718664e-09
9.199999809265136719e+00 4.634672354699407868e-09 6.306686851612150295e-09
9.210000038146972656e+00 4.792723653873939817e-09 6.534031322682414909e-09
9.220000267028808594e+00 4.928441158332124494e-09 6.731502032363914184e-09
9.229999542236328125e+00 5.041500067244552723e-09 6.898495781733267979e-09
9.239999771118164062e+00 5.131702334722583197e-09 7.034585947032398722e-09
9.250000000000000000e+00 5.198911829233447874e-09 7.139427495011267992e-09
9.260000228881835938e+00 5.243099537276001431e-09 7.212824256258266563e-09
9.269999504089355469e+00 5.264330613724305626e-09 7.254709583754128454e-09
9.279999732971191406e+00 5.262770074608586031e-09 7.265159762850767480e-09
9.289999961853027344e+00 5.238670360248581439e-09 7.244370357412637595e-09
9.300000190734863281e+00 5.192381154161071033e-09 7.192675304942233940e-09
9.309999465942382812e+00 5.124353118812242087e-09 7.110550539351190075e-09
9.319999694824218750e+00 5.035108946790601338e-09 6.998579266132109965e-09
9.329999923706054688e+00 4.925281151181259957e-09 6.857498170549981081e-09
9.340000152587890625e+00 4.795586555460584131e-09 6.688167583296325544e-09
9.349999427795410156e+00 4.646844827046546517e-09 6.491595985028542696e-09
9.359999656677246094e+00 4.479917437558381771e-09 6.268859868041741139e-09
9.369999885559082031e+00 4.295789941411559987e-09 6.021213172493290688e-09
9.380000114440917969e+00 4.095513445247355538e-09 5.750010819027747637e-09
9.389999389648437500e+00 3.880235025322465504e-09 5.456750386265676251e-09
9.399999618530273438e+00 3.651109467430985607e-09 5.142952495148871787e-09
9.409999847412109375e+00 3.409417353476061897e-09 4.810322385905154137e-09
9.420000076293945312e+00 3.156478362043939281e-09 4.460632633099699764e-09
9.429999351501464844e+00 2.893690131202640501e-09 4.095777325864162690e-09
9.439999580383300781e+00 2.622420019772874623e-09 3.717622313115417767e-09
9.449999809265136719e+00 2.344148148367921620e-09 3.328204365196833055e-09
9.460000038146972656e+00 2.060359917346313359e-09 2.929582546065989097e-09
9.469999313354492188e+00 1.772589779297421149e-09 2.523899897653965556e-09
9.479999542236328125e+00 1.482302270614733251e-09 2.113215954452390037e-09
9.489999771118164062e+00 1.191047857274456340e-09 1.699726666008476490e-09
9.500000000000000000e+00 9.003441311650109027e-10 1.285597114828189476e-09
9.510000228881835938e+00 6.116937611386987785e-10 8.729866476667118499e-10
9.519999504089355469e+00 3.266021390075242051e-10 4.640742024851834238e-10
9.529999732971191406e+00 4.645970201813496838e-11 6.088915955391512053e-11
9.539999961853027344e+00 -2.273037548077592537e-10 -3.344677247319363881e-10
9.550000190734863281e+00 -4.933370848480812657e-10 -7.199940259894035037e-10
9.559999465942382812e+00 -7.503247254569386099e-10 -1.093724159759777388e-09
9.569999694824218750e+00 -9.970917713873094206e-10 -1.453883075721646735e-09
9.579999923706054688e+00 -1.232464055511749422e-09 -1.798683686810872289e-09
9.590000152587890625e+00 -1.455373865747098840e-09 -2.126481556161215460e-09
9.599999427795410156e+00 -1.664821645309362481e-09 -2.435719976996366839e-09
9.609999656677246094e+00 -1.859959820379671228e-09 -2.725055069918748796e-09
9.619999885559082031e+00 -2.039977198277732786e-09 -2.993186405581842247e-09
9.630000114440917969e+00 -2.204183786400172283e-09 -3.238983527648373624e-09
9.639999389648437500e+00 -2.351979511643405702e-09 -3.461440865202015309e-09
9.649999618530273438e+00 -2.482910801253058177e-09 -3.659764503293566405e-09
9.659999847412109375e+00 -2.596586807371436819e-09 -3.833247594498606862e-09
9.670000076293945312e+00 -2.692737406070616009e-09 -3.981359087877298904e-09
9.679999351501464844e+00 -2.771190811715782603e-09 -4.103711203604856064e-09
9.689999580383300781e+00 -2.831900132758868688e-09 -4.200102646413035519e-09
9.699999809265136719e+00 -2.874896012982600578e-09 -4.270446348393449346e-09
9.710000038146972656e+00 -2.900315086934277588e-09 -4.314815281209628665e-09
9.719999313354492188e+00 -2.908387869381774254e-09 -4.333424575298128222e-09
9.729999542236328125e+00 -2.899435752103963210e-09 -4.326630746296722541e-09
9.739999771118164062e+00 -2.873861500158060052e-09 -4.294914815476396118e-09
9.750000000000000000e+00 -2.832148591152130360e-09 -4.238884781541574260e-09
9.760000228881835938e+00 -2.774853905534652440e-09 -4.159264913256970847e-09
9.769999504089355469e+00 -2.702609318983468964e-09 -4.056898320765919495e-09
9.779999732971191406e+00 -2.616086520810081153e-09 -3.932697048384554072e-09
9.789999961853027344e+00 -2.516032162026209260e-09 -3.787691826439924101e-09
9.800000190734863281e+00 -2.403235319942899622e-09 -3.622985952755362679e-09
9.809999465942382812e+00 -2.278539823946504238e-09 -3.439773097633931086e-09
9.819999694824218750e+00 -2.142789337502370489e-09 -3.239256456115249018e-09
9.829999923706054688e+00 -1.996892800262209824e-09 -3.022744744656166858e-09
9.840000152587890625e+00 -1.841772067217554731e-09 -2.791575142446147040e-09
9.849999427795410156e+00 -1.678383614328588688e-09 -2.547145312330240404e-09
9.859999656677246094e+00 -1.507650104036345766e-09 -2.290810740289966365e-09
9.869999885559082031e+00 -1.330549034711566736e-09 -2.024017113267564792e-09
9.880000114440917969e+00 -1.148046434133009585e-09 -1.748200946018075486e-09
9.889999389648437500e+00 -9.611257491140832141e-10 -1.464832875991037526e-09
9.899999618530273438e+00 -7.707121122729374436e-10 -1.175302565168606101e-09
9.909999847412109375e+00 -5.777757897562100278e-10 -8.810753160186298459e-10
9.920000076293945312e+00 -3.832578495987810226e-10 -5.835792705717822084e-10
9.929999351501464844e+00 -1.881033683711816425e-10 -2.842558975557109078e-10
9.939999580383300781e+00 6.815861298669336140e-12 1.555875465310924508e-11
9.949999809265136719e+00 2.005920437675436293e-10 3.144665352636414579e-10
9.960000038146972656e+00 3.923581758473940271e-10 6.111249772368437063e-10
9.969999313354492188e+00 5.812537194306431685e-10 9.041943942920022504e-10
9.979999542236328125e+00 7.664983767916914969e-10 1.192452441168868931e-09
9.989999771118164062e+00 9.472857353952296557e-10 1.474629112347083908e-09
1.000000000000000000e+01 1.122857466797131944e-09 1.749521788606766961e-09
1.001000022888183594e+01 1.292486876287404040e-09 2.015969772764145227e-09
1.001999950408935547e+01 1.455465380091520127e-09 2.272832927718262731e-09
1.002999973297119141e+01 1.611165730222103923e-09 2.519091428275349304e-09
1.003999996185302734e+01 1.758950336929690105e-09 2.753701323808230146e-09
1.005000019073486328e+01 1.898235851388683399e-09 2.975696344344585639e-09
1.005999946594238281e+01 2.028467043856622252e-09 3.184146595258265889e-09
1.006999969482421875e+01 2.149167375796103358e-09 3.378239778480313665e-09
1.007999992370605469e+01 2.259866168333482604e-09 3.557164867252721975e-09
1.009000015258789062e+01 2.360150977310067569e-09 3.720196192389951665e-09
1.009999942779541016e+01 2.449648483091292200e-09 3.866662988426719273e-09
1.010999965667724609e+01 2.528059337477308420e-09 3.996006985643672091e-09
1.011999988555908203e+01 2.595108575781430190e-09 4.107701802488734531e-09
1.013000011444091797e+01 2.650582411022881562e-09 4.201313717958314212e-09
1.013999938964843750e+01 2.694317035376513986e-09 4.276483770486338922e-09
1.014999961853027344e+01 2.726215493689260781e-09 4.332957665811925889e-09
1.015999984741210938e+01 2.746223760320680401e-09 4.370545489244345631e-09
1.017000007629394531e+01 2.754349449866387104e-09 4.389154652344759375e-09
1.017999935150146484e+01 2.750658626065495966e-09 4.388784896290787848e-09
1.018999958038330078e+01 2.735273594217289645e-09 4.369528025460906792e-09
1.019999980926513672e+01 2.708375036805128145e-09 4.331569333690920299e-09
1.021000003814697266e+01 2.670201372892319983e-09 4.275189917869172872e-09
1.021999931335449219e+01 2.621053020759802174e-09 4.200773794341277833e-09
1.022999954223632812e+01 2.561271466468873002e-09 4.108777160082492775e-09
1.023999977111816406e+01 2.491265903737508640e-09 3.999769733326261129e-09
1.025000000000000000e+01 2.411493543331952127e-09 3.874406001268153937e-09
1.026000022888183594e+01 2.322461411828534584e-09 3.733428679743683935e-09
1.026999950408935547e+01 2.224733286716487123e-09 3.577680705807359848e-09
1.027999973297119141e+01 2.118888389876909708e-09 3.408040101510630509e-09
1.028999996185302734e+01 2.005573836816943942e-09 3.225504205893216192e-09
1.030000019073486328e+01 1.885464204141622516e-09 3.031125839658224411e-09
1.030999946594238281e+01 1.759278508177114507e-09 2.826041104679228203e-09
1.031999969482421875e+01 1.627726947036907920e-09 2.611383085701466658e-09
1.032999992370605469e+01 1.491578447345648402e-09 2.388391810889431597e-09
1.034000015258789062e+01 1.351608059451799585e-09 2.158328860341836337e-09
1.034999942779541016e+01 1.208617357510824459e-09 1.922510710008223283e-09
1.035999965667724609e+01 1.063374377990009107e-09 1.682209434646119303e-09
1.036999988555908203e+01 9.166903099744693817e-10 1.438778864868331333e-09
1.038000011444091797e+01 7.693599100472300802e-10 1.193555930959857309e-09
1.038999938964843750e+01 6.221838460744475226e-10 9.478971906998221964e-10
1.039999961853027344e+01 4.759075071373832257e-10 7.030760111075306570e-10
1.040999984741210938e+01 3.313004647456356925e-10 4.604144802922568345e-10
1.042000007629394531e+01 1.890955778011307283e-10 2.211810093661912156e-10
1.042999935150146484e+01 5.001176432450281297e-11 -1.337233347154279885e-11
1.043999958038330078e+01 -8.530284063039224139e-11 -2.421066223324723029e-10
1.044999980926513672e+01 -2.161949224842577320e-10 -4.638688910276960065e-10
1.046000003814697266e+01 -3.420627692390358051e-10 -6.775887954677423494e-10
1.046999931335449219e+01 -4.623346078982603700e-10 -8.822428797198805107e-10
1.047999954223632812e+01 -5.765164896293921371e-10 -1.076937015493646547e-09
1.048999977111816406e+01 -6.841254890028423161e-10 -1.260793618717400979e-09
1.050000000000000000e+01 -7.847378417946304966e-10 -1.433034377591119396e-09
1.051000022888183594e+01 -8.779784248375317149e-10 -1.592963174990697554e-09
1.051999950408935547e+01 -9.635137700737042301e-10 -1.739954794559583329e-09
1.052999973297119141e+01 -1.041084342220288820e-09 -1.873511075078385297e-09
1.053999996185302734e+01 -1.110455531444597167e-09 -1.993177262966271882e-09
1.055000019073486328e+01 -1.171450655150960094e-09 -2.098599197705446398e-09
1.055999946594238281e+01 -1.223937083434151604e-09 -2.189499820093548711e-09
1.056999969482421875e+01 -1.267844382155693379e-09 -2.265710949516359406e-09
1.057999992370605469e+01 -1.303132912152666576e-09 -2.327119145844284578e-09
1.059000015258789062e+01 -1.329813069548167281e-09 -2.373699187657578043e-09
1.059999942779541016e+01 -1.347936728614053002e-09 -2.405499318746866750e-09
1.060999965667724609e+01 -1.357601336691060124e-09 -2.422648531674561359e-09
1.061999988555908203e+01 -1.358937416380774574e-09 -2.425334653992144627e-09
1.063000011444091797e+01 -1.352114041976340868e-09 -2.413813916530496851e-09
1.063999938964843750e+01 -1.337336169379893667e-09 -2.388406170526747089e-09
1.064999961853027344e+01 -1.314835878794842340e-09 -2.349479650399350319e-09
1.065999984741210938e+01 -1.284878500770422530e-09 -2.297461331781658919e-09
1.067000007629394531e+01 -1.247755365963723494e-09 -2.232824323747456939e-09
1.067999935150146484e+01 -1.203787040834023344e-09 -2.156093397298075735e-09
1.068999958038330078e+01 -1.153303645566480107e-09 -2.067810562349802292e-09
1.069999980926513672e+01 -1.096667888902131571e-09 -1.968575238910326991e-09
1.071000003814697266e+01 -1.034256821841094977e-09 -1.859012457139119516e-09
1.071999931335449219e+01 -9.664704208455424533e-10 -1.739788011046158557e-09
1.072999954223632812e+01 -8.937033042302354043e-10 -1.611558859228938478e-09
1.073999977111816406e+01 -8.163817729763353823e-10 -1.475038496250132248e-09
1.075000000000000000e+01 -7.349367012061060852e-10 -1.330949587639807289e-09
1.076000022888183594e+01 -6.498081167792301684e-10 -1.180032370074003216e-09
1.076999950408935547e+01 -5.614522079932580568e-10 -1.023057556932096781e-09
1.077999973297119141e+01 -4.703058020440669057e-10 -8.607636920243923357e-10
1.078999996185302734e+01 -3.768355428898069603e-10 -6.939450507913367480e-10
1.080000019073486328e+01 -2.815030292578565157e-10 -5.233903092766976848e-10
1.080999946594238281e+01 -1.847809783426698469e-10 -3.499120164636498396e-10
1.081999969482421875e+01 -8.711479969209821358e-11 -1.742782586531180891e-10
1.082999992370605469e+01 1.102338359558986989e-11 2.689833295527595529e-12
1.084000015258789062e+01 1.091729664211397018e-10 1.801860095530136311e-10
1.084999942779541016e+01 2.068678599284193160e-10 3.573876492806366096e-10
1.085999965667724609e+01 3.036752119678307202e-10 5.335254990434396851e-10
1.086999988555908203e+01 3.991409696280915916e-10 7.077844555791519572e-10
1.088000011444091797e+01 4.928288261968001490e-10 8.793737562950204341e-10
1.088999938964843750e+01 5.843039044860024397e-10 1.047496866779551439e-09
1.089999961853027344e+01 6.731691348040418808e-10 1.211418156109740641e-09
1.090999984741210938e+01 7.590145789660676407e-10 1.370369630128736704e-09
1.092000007629394531e+01 8.414543510026983771e-10 1.523618726012729181e-09
1.092999935150146484e+01 9.201122615887574033e-10 1.670441841093324527e-09
1.093999958038330078e+01 9.946532730096054220e-10 1.810183312438313285e-09
1.094999980926513672e+01 1.064740235020454004e-09 1.942174993286987683e-09
1.096000003814697266e+01 1.130066067139068543e-09 2.065796737174772058e-09
1.096999931335449219e+01 1.190342301478822493e-09 2.180455415423616234e-09
1.097999954223632812e+01 1.245323264239611289e-09 2.285631639351427494e-09
1.098999977111816406e+01 1.294773122754743990e-09 2.380817845878865618e-09
1.100000000000000000e+01 1.338490857512362567e-09 2.465566625667021443e-09
1.101000022888183594e+01 1.376305600328403132e-09 2.539482858510112395e-09
1.101999950408935547e+01 1.408075071368837628e-09 2.602221557307430384e-09
1.102999973297119141e+01 1.433698120367127594e-09 2.653513745544743417e-09
1.103999996185302734e+01 1.453097332328658154e-09 2.693133189342359699e-09
1.105000019073486328e+01 1.466232324274299899e-09 2.720923720793029402e-09
1.105999946594238281e+01 1.473096425993462639e-09 2.736793626301256779e-09
1.106999969482421875e+01 1.473718813761484750e-09 2.740721936243876630e-09
1.107999992370605469e+01 1.468160451204022142e-09 2.732750200395660091e-09
1.109000015258789062e+01 1.456516913769066389e-09 2.712990001555108812e-09
1.109999942779541016e+01 1.438918742979516356e-09 2.681624158148090687e-09
1.110999965667724609e+01 1.415523253545414279e-09 2.638892809512320863e-09
1.111999988555908203e+01 1.386523468520782932e-09 2.585109979991985750e-09
1.113000011444091797e+01 1.352140556533776425e-09 2.520650694077563616e-09
1.113999938964843750e+01 1.312627601253254010e-09 2.445958441917587651e-09
1.114999961853027344e+01 1.268252184678501317e-09 2.361512576033312408e-09
1.115999984741210938e+01 1.219316994256381212e-09 2.267867486850761832e-09
1.117000007629394531e+01 1.166142990734744988e-09 2.165620916630723562e-09
1.117999935150146484e+01 1.109076183319552108e-09 2.055426920927259266e-09
1.118999958038330078e+01 1.048462984628267594e-09 1.937948128780064992e-09
1.119999980926513672e+01 9.846803237027287737e-10 1.813913648284273265e-09
1.121000003814697266e+01 9.181115433881542072e-10 1.684072204264943068e-09
1.121999931335449219e+01 8.491556342135603966e-10 1.549209655276211408e-09
1.122999954223632812e+01 7.781979735846985594e-10 1.410091226138524173e-09
1.123999977111816406e+01 7.056471387525163208e-10 1.267532918388166866e-09
1.125000000000000000e+01 6.319061237788956600e-10 1.122344592568180372e-09
1.125999927520751953e+01 5.573833490528912529e-10 9.753509066916668087e-10
1.126999950408935547e+01 4.824616519980236629e-10 8.273294263403340983e-10
1.127999973297119141e+01 4.075386074531851669e-10 6.790894421585326334e-10
1.128999996185302734e+01 3.329958823513698078e-10 5.314108298918544110e-10
1.130000019073486328e+01 2.592042195527490008e-10 3.850531703914753083e-10
1.130999946594238281e+01 1.865283806312014886e-10 2.407649295210892506e-10
1.131999969482421875e+01 1.152977761258693217e-10 9.922454103581479943e-11
1.132999992370605469e+01 4.584654539682281677e-11 -3.888055004866581421e-11
1.134000015258789062e+01 -2.151567904686414751e-11 -1.729123822147048794e-10
1.134999942779541016e+01 -8.649187686497971684e-11 -3.022592162892083578e-10
1.135999965667724609e+01 -1.488231800212675729e-10 -4.263866742375009697e-10
1.136999988555908203e+01 -2.082524367022769754e-10 -5.447654037995013774e-10
1.138000011444091797e+01 -2.645498585912917488e-10 -6.569222380708471964e-10
1.138999938964843750e+01 -3.175022452934741809e-10 -7.624187568897755617e-10
1.139999961853027344e+01 -3.669331276037941246e-10 -8.608913473321140449e-10
1.140999984741210938e+01 -4.126725443340167236e-10 -9.519908360538748723e-10
1.142000007629394531e+01 -4.545775496666859080e-10 -1.035423120889492924e-09
1.142999935150146484e+01 -4.925234133087308899e-10 -1.110931360442337591e-09
1.143999958038330078e+01 -5.264174494026531148e-10 -1.178323146893966053e-09
1.144999980926513672e+01 -5.561769225720285382e-10 -1.237426161298792254e-09
1.146000003814697266e+01 -5.817434686392998336e-10 -1.288116472464486910e-09
1.146999931335449219e+01 -6.030769430792424545e-10 -1.330305912518594472e-09
1.147999954223632812e+01 -6.201625941739488373e-10 -1.363955841365423305e-09
1.148999977111816406e+01 -6.329982535205485638e-10 -1.389051426780620952e-09
1.150000000000000000e+01 -6.416022562626086446e-10 -1.405616972866622844e-09
1.150999927520751953e+01 -6.460103413009418877e-10 -1.413709556231149417e-09
1.151999950408935547e+01 -6.462762823927464171e-10 -1.413419789128870414e-09
1.152999973297119141e+01 -6.424687241445023711e-10 -1.404865764245682402e-09
1.153999996185302734e+01 -6.346726144996433150e-10 -1.388195600116915845e-09
1.155000019073486328e+01 -6.229879480622347074e-10 -1.363585032848976945e-09
1.155999946594238281e+01 -6.075307885497498030e-10 -1.331239745250355154e-09
1.156999969482421875e+01 -5.884263902982598747e-10 -1.291381283841349688e-09
1.157999992370605469e+01 -5.658174503063038746e-10 -1.244264714086565766e-09
1.159000015258789062e+01 -5.398579497765702478e-10 -1.190166210891620575e-09
1.159999942779541016e+01 -5.107167676647868827e-10 -1.129391188005718510e-09
1.160999965667724609e+01 -4.785656416241421961e-10 -1.062249842323920957e-09
1.161999988555908203e+01 -4.435952427856483699e-10 -9.890913978163037483e-10
1.163000011444091797e+01 -4.060036978660200529e-10 -9.102809618959244543e-10
1.163999938964843750e+01 -3.660024719767873555e-10 -8.262126942589551465e-10
1.164999961853027344e+01 -3.238001710186852711e-10 -7.372766155270207338e-10
1.165999984741210938e+01 -2.796247215307439911e-10 -6.439060938083194367e-10
1.167000007629394531e+01 -2.337075310829999905e-10 -5.465454522396850181e-10
1.167999935150146484e+01 -1.862909425889172582e-10 -4.456666085752481043e-10
1.168999958038330078e+01 -1.376091088833844130e-10 -3.417291821274553735e-10
1.169999980926513672e+01 -8.791421727391808878e-11 -2.352370482171333684e-10
1.171000003814697266e+01 -3.745751561053344030e-11 -1.266986972272208306e-10
1.171999931335449219e+01 1.350241503812130685e-11 -1.664559312931216377e-11
1.172999954223632812e+01 6.472026688514702160e-11 9.441184400911332508e-11
1.173999977111816406e+01 1.159359716429256753e-10 2.059232918989584263e-10
1.175000000000000000e+01 1.668953319883766974e-10 3.173427596853105645e-10
1.175999927520751953e+01 2.173416525409626204e-10 4.281101975107162118e-10
1.176999950408935547e+01 2.670362216185782756e-10 5.376964683567339614e-10
1.177999973297119141e+01 3.157307111676974872e-10 6.455428409040350609e-10
1.178999996185302734e+01 3.631878123634918721e-10 7.511064945064058229e-10
1.180000019073486328e+01 4.091777093997590887e-10 8.538531788311829416e-10
1.180999946594238281e+01 4.534752415828600555e-10 9.532512770694867625e-10
1.181999969482421875e+01 4.958779172721259334e-10 1.048812849155630883e-09
1.182999992370605469e+01 5.361817669284897150e-10 1.140040139021895867e-09
1.184000015258789062e+01 5.741996058846870778e-10 1.226467312790044033e-09
1.184999942779541016e+01 6.097545676976177049e-10 1.307646711052201815e-09
1.185999965667724609e+01 6.426944651100770777e-10 1.383182592622624453e-09
1.186999988555908203e+01 6.728723578864661033e-10 1.452687734628182126e-09
1.188000011444091797e+01 7.001612023895122659e-10 1.515817862681613691e-09
1.188999938964843750e+01 7.244488876554874895e-10 1.572261265208078169e-09
1.189999961853027344e+01 7.456478090150265891e-10 1.621762076178998137e-09
1.190999984741210938e+01 7.636814186596554688e-10 1.664090001856502856e-09
1.192000007629394531e+01 7.784941142485756854e-10 1.699064235169632895e-09
1.192999935150146484e+01 7.900480163537381732e-10 1.726546820066152217e-09
1.193999958038330078e+01 7.983271062399724830e-10 1.746453350587143692e-09
1.194999980926513672e+01 8.033305096787324110e-10 1.758737744147293683e-09
1.196000003814697266e+01 8.050769752585685351e-10 1.763403540125417313e-09
1.196999931335449219e+01 8.036035276255097105e-10 1.760501212933394090e-09
1.197999954223632812e+01 7.989640820346143717e-10 1.750125571992228883e-09
1.198999977111816406e+01 7.912296551314242963e-10 1.732416255507559126e-09
1.200000000000000000e+01 7.804873476488465837e-10 1.707555759618007143e-09
1.200999927520751953e+01 7.668409037006277911e-10 1.675770757173356104e-09
1.201999950408935547e+01 7.504042637323331885e-10 1.637317007022953200e-09
1.202999973297119141e+01 7.313083448723508324e-10 1.592494970530992010e-09
1.203999996185302734e+01 7.096949831646609975e-10 1.541635435768716620e-09
1.205000019073486328e+01 6.857169231653707227e-10 1.485099104995975574e-09
1.205999946594238281e+01 6.595391950998831044e-10 1.423279424383938103e-09
1.206999969482421875e+01 6.313276648623506017e-10 1.356575038964430789e-09
1.207999992370605469e+01 6.012627716859085329e-10 1.285421683760662226e-09
1.209000015258789062e+01 5.695284618878451148e-10 1.210265467453699311e-09
1.209999942779541016e+01 5.363165531854592019e-10 1.131572588462258431e-09
1.210999965667724609e+01 5.018126782601233887e-10 1.049795417450220003e-09
1.211999988555908203e+01 4.662141074025689106e-10 9.654141319352716288e-10
1.213000011444091797e+01 4.297160292719906262e-10 8.789036430279691994e-10
1.213999938964843750e+01 3.925171068360515320e-10 7.907462337339984836e-10
1.214999961853027344e+01 3.548041537478659522e-10 7.013947775690795357e-10
1.215999984741210938e+01 3.167724500012391563e-10 6.113204883309370099e-10
1.217000007629394531e+01 2.786106647394395004e-10 5.209768688454418865e-10
1.217999935150146484e+01 2.405071387293328176e-10 4.308143562700466986e-10
1.218999958038330078e+01 2.026345629009710031e-10 3.412439342821136818e-10
1.219999980926513672e+01 1.651710943374448491e-10 2.526870593546506088e-10
1.221000003814697266e+01 1.282851527399285644e-10 1.655397394499199906e-10
1.221999931335449219e+01 9.214189646008214802e-11 8.018799702349412366e-11
1.222999954223632812e+01 5.688900047352727187e-11 -3.025467324491971863e-12
1.223999977111816406e+01 2.267692438731265649e-11 -8.375308361548763023e-11
1.225000000000000000e+01 -1.035534049969960951e-11 -1.616756686338578901e-10
1.225999927520751953e+01 -4.207414747419910879e-11 -2.364875023565707253e-10
1.226999950408935547e+01 -7.236344030191644324e-11 -3.079246899656240421e-10
1.227999973297119141e+01 -1.011068075796332164e-10 -3.757222808804513998e-10
1.228999996185302734e+01 -1.281999047001537463e-10 -4.396429908851038579e-10
1.230000019073486328e+01 -1.535475106033864579e-10 -4.994696797398943532e-10
1.230999946594238281e+01 -1.770614909093454203e-10 -5.549999718757877735e-10
1.231999969482421875e+01 -1.986696837780181428e-10 -6.060667074729548354e-10
1.232999992370605469e+01 -2.183025003886817594e-10 -6.525058081729409393e-10
1.234000015258789062e+01 -2.359021274112687990e-10 -6.941775770156476894e-10
1.234999942779541016e+01 -2.514188484314395747e-10 -7.309576460381486652e-10
1.235999965667724609e+01 -2.648167826549808797e-10 -7.627503193158344240e-10
1.236999988555908203e+01 -2.760650045985664974e-10 -7.894673563347301257e-10
1.238000011444091797e+01 -2.851436592894810927e-10 -8.110424051389184541e-10
1.238999938964843750e+01 -2.920418077994184374e-10 -8.274259506223556558e-10
1.239999961853027344e+01 -2.967598160816068104e-10 -8.385911577545516329e-10
1.240999984741210938e+01 -2.993053577400907983e-10 -8.445246601672612678e-10
1.242000007629394531e+01 -2.996961872540675548e-10 -8.452335505388877797e-10
1.242999935150146484e+01 -2.979595570631483062e-10 -8.407445461181878344e-10
1.243999958038330078e+01 -2.941312411277832056e-10 -8.311021258183528474e-10
1.244999980926513672e+01 -2.882563978393232646e-10 -8.163714804135809186e-10
1.246000003814697266e+01 -2.803889415861986824e-10 -7.966376740221681202e-10
1.246999931335449219e+01 -2.705924333936403595e-10 -7.720087696548990133e-10
1.247999954223632812e+01 -2.589359236618387289e-10 -7.426062889014442784e-10
1.248999977111816406e+01 -2.454992952363754862e-10 -7.085795845416991956e-10
1.250000000000000000e+01 -2.303693881132080523e-10 -6.700970694900093090e-10
1.250999927520751953e+01 -2.136421528295095654e-10 -6.273526629448263322e-10
1.251999950408935547e+01 -1.954157109258998890e-10 -5.805489889213710342e-10
1.252999973297119141e+01 -1.757994917689457532e-10 -5.299216236087115407e-10
1.253999996185302734e+01 -1.549074966272809535e-10 -4.757227510102535027e-10
1.255000019073486328e+01 -1.328592772796873524e-10 -4.182244218741476860e-10
1.255999946594238281e+01 -1.097815957597229651e-10 -3.577236324518482461e-10
1.256999969482421875e+01 -8.579889082857767794e-11 -2.945179087546945060e-10
1.257999992370605469e+01 -6.104583462894200721e-11 -2.289387092482680352e-10
1.259000015258789062e+01 -3.565790938616935712e-11 -1.613271132869182528e-10
1.259999942779541016e+01 -9.775314687041366474e-12 -9.204442791736059509e-11
1.260999965667724609e+01 1.646771646910117797e-11 -2.144368140343445528e-11
1.261999988555908203e+01 4.292886658262169696e-11 5.009278073351341410e-11
1.263000011444091797e+01 6.946836934110058109e-11 1.221818867126869782e-10
1.263999938964843750e+01 9.594484500599537177e-11 1.944288536397188655e-10
1.264999961853027344e+01 1.222261974411851770e-10 2.664573356402162838e-10
1.265999984741210938e+01 1.481752357640245147e-10 3.378706897230664608e-10
1.267000007629394531e+01 1.736605736362908105e-10 4.082822998868237729e-10
1.267999935150146484e+01 1.985525122675702369e-10 4.773049538344913950e-10
1.268999958038330078e+01 2.227332076614714551e-10 5.445798203898538620e-10
1.269999980926513672e+01 2.460830981968360632e-10 6.097396358521781483e-10
1.271000003814697266e+01 2.684911181620090171e-10 6.724378777573773632e-10
1.271999931335449219e+01 2.898509076605837226e-10 7.323391026455910871e-10
1.272999954223632812e+01 3.100694071057115840e-10 7.891439592731487312e-10
1.273999977111816406e+01 3.290551062167577725e-10 8.425571182436062802e-10
1.275000000000000000e+01 3.467267274754408547e-10 8.923124782289058862e-10
1.275999927520751953e+01 3.630100109020936185e-10 9.381649592501164832e-10
1.276999950408935547e+01 3.778440850534790976e-10 9.799092003166647291e-10
1.277999973297119141e+01 3.911723615794258707e-10 1.017354595962489684e-09
1.278999996185302734e+01 4.029490395984422282e-10 1.050344209122473093e-09
1.279999923706054688e+01 4.131366739505420572e-10 1.078748450904228293e-09
1.280999946594238281e+01 4.217099258283314394e-10 1.102475910314894508e-09
1.281999969482421875e+01 4.286496790233235883e-10 1.121457218294984711e-09
1.282999992370605469e+01 4.339469683685513486e-10 1.135656170719756408e-09
1.284000015258789062e+01 4.376017592785680710e-10 1.145066350670808044e-09
1.284999942779541016e+01 4.396226040423388846e-10 1.149710190175140783e-09
1.285999965667724609e+01 4.400269766388701452e-10 1.149639308382997973e-09
1.286999988555908203e+01 4.388397929307383936e-10 1.144930650918401362e-09
1.288000011444091797e+01 4.360939690779075409e-10 1.135687291646540396e-09
1.288999938964843750e+01 4.318302258626030363e-10 1.122037666856977281e-09
1.289999961853027344e+01 4.260948830132322339e-10 1.104128186393933823e-09
1.290999984741210938e+01 4.189418478684241380e-10 1.082129184933232932e-09
1.292000007629394531e+01 4.104306512933112069e-10 1.056228146768540780e-09
1.292999935150146484e+01 4.006272852893693304e-10 1.026631758445804539e-09
1.293999958038330078e+01 3.895998372013818315e-10 9.935521983534662041e-10
1.294999980926513672e+01 3.774236038669928344e-10 9.572220431815350745e-10
1.296000003814697266e+01 3.641769612141094717e-10 9.178812751142540446e-10
1.296999931335449219e+01 3.499431376979568840e-10 8.757820957506593490e-10
1.297999954223632812e+01 3.348041921521066883e-10 8.311707038119446527e-10
1.298999977111816406e+01 3.188486845379924599e-10 7.843096306316628878e-10
1.300000000000000000e+01 3.021658561169767164e-10 7.354602424698821021e-10
1.300999927520751953e+01 2.848481595183750979e-10 6.848899863592768821e-10
1.301999950408935547e+01 2.669841442982948801e-10 6.328515344460172446e-10
1.302999973297119141e+01 2.486679508327074183e-10 5.796105165291665564e-10
1.303999996185302734e+01 2.299923417331179239e-10 5.254252728146871088e-10
1.304999923706054688e+01 2.110517453030388097e-10 4.705559192088431017e-10
1.305999946594238281e+01 1.919346241968319018e-10 4.152425556801801362e-10
1.306999969482421875e+01 1.727339649559825810e-10 3.597360511872907173e-10
1.307999992370605469e+01 1.535397208572474779e-10 3.042766282165684474e-10
1.309000015258789062e+01 1.344402754555945768e-10 2.490986619105022771e-10
1.309999942779541016e+01 1.155239179540472917e-10 1.944355569744466754e-10
1.310999965667724609e+01 9.687133841759605193e-11 1.404987163448076161e-10
1.311999988555908203e+01 7.856617273997903224e-11 8.750869451761975743e-11
1.313000011444091797e+01 6.068747884714655926e-11 3.567415515791423222e-11
1.313999938964843750e+01 4.331291216160160825e-11 -1.479823457758223438e-11
1.314999961853027344e+01 2.651188506068665492e-11 -6.372301640014082464e-11
1.315999984741210938e+01 1.035527084878981118e-11 -1.109071265169353859e-10
1.317000007629394531e+01 -5.091519693709501798e-12 -1.561694273387724669e-10
1.317999935150146484e+01 -1.976572384453992791e-11 -1.993319834669953993e-10
1.318999958038330078e+01 -3.361297004674939459e-11 -2.402365555819288996e-10
1.319999980926513672e+01 -4.657907895125000125e-11 -2.787201687233772408e-10
1.321000003814697266e+01 -5.861593577560933881e-11 -3.146321627147897451e-10
1.321999931335449219e+01 -6.967922604427647510e-11 -3.478273837085544057e-10
1.322999954223632812e+01 -7.973272929233180396e-11 -3.781791124920985199e-10
1.323999977111816406e+01 -8.874213170872052072e-11 -4.055606477440746150e-10
1.325000000000000000e+01 -9.667947501362601363e-11 -4.298589133857075360e-10
1.325999927520751953e+01 -1.035215655810947425e-10 -4.509700343693143280e-10
1.326999950408935547e+01 -1.092525696004767866e-10 -4.688078706564696426e-10
1.327999973297119141e+01 -1.138601613151356678e-10 -4.832927443103988785e-10
1.328999996185302734e+01 -1.173382807800301749e-10 -4.943606498620689122e-10
1.329999923706054688e+01 -1.196862729734712995e-10 -5.019613744210752270e-10
1.330999946594238281e+01 -1.209096615681702040e-10 -5.060618952162371842e-10
1.331999969482421875e+01 -1.210187630871527083e-10 -5.066428172836186596e-10
1.332999992370605469e+01 -1.200296171253610861e-10 -5.037023428824106326e-10
1.334000015258789062e+01 -1.179636047127982699e-10 -4.972560359936444190e-10
1.334999942779541016e+01 -1.148476596905377897e-10 -4.873384881596418260e-10
1.335999965667724609e+01 -1.107128131127260671e-10 -4.739996388324842644e-10
1.336999988555908203e+01 -1.055957843272900603e-10 -4.573107578596510571e-10
1.338000011444091797e+01 -9.953766289116671054e-11 -4.373611352066526374e-10
1.338999938964843750e+01 -9.258460543887758674e-11 -4.142611912358596904e-10
1.339999961853027344e+01 -8.478481453350409835e-11 -3.881331618621886965e-10
1.340999984741210938e+01 -7.619221723278411233e-11 -3.591239509365766593e-10
1.342000007629394531e+01 -6.686356224653013443e-11 -3.273960298372137740e-10
1.342999935150146484e+01 -5.685967447476790309e-11 -2.931321067707873812e-10
1.343999958038330078e+01 -4.624120414844995933e-11 -2.565208503974145013e-10
1.344999980926513672e+01 -3.507397688252717936e-11 -2.177753815924547099e-10
1.346000003814697266e+01 -2.342483964947179871e-11 -1.771191038132998859e-10
1.346999931335449219e+01 -1.136334790595070708e-11 -1.347914788447606506e-10
1.347999954223632812e+01 1.043285017639924267e-12 -9.103008337316186425e-11
1.348999977111816406e+01 1.372368595128347790e-11 -4.609310493051774137e-11
1.350000000000000000e+01 2.660729995597728415e-11 -2.414567393841508259e-13
1.350999927520751953e+01 3.962241644802474953e-11 4.625476072148842071e-11
1.351999950408935547e+01 5.270154319919790163e-11 9.313608211623725605e-11
1.352999973297119141e+01 6.577433223308921102e-11 1.401290849660173462e-10
1.353999996185302734e+01 7.877290991812310654e-11 1.869661582145254342e-10
1.354999923706054688e+01 9.162977650178126373e-11 2.333787408379280111e-10
1.355999946594238281e+01 1.042830326507062362e-10 2.791169920272765748e-10
1.356999969482421875e+01 1.166693262039150990e-10 3.239251246082517434e-10
1.357999992370605469e+01 1.287290684125753647e-10 3.675610157394312184e-10
1.359000015258789062e+01 1.404054667966406807e-10 4.097934736764232454e-10
1.359999942779541016e+01 1.516437175577194706e-10 4.504000279210730692e-10
1.360999965667724609e+01 1.623954680495626434e-10 4.891836906246619396e-10
1.361999988555908203e+01 1.726125685995014446e-10 5.259509406032374658e-10
1.363000011444091797e+01 1.822515713419088761e-10 5.605284589529217887e-10
1.363999938964843750e+01 1.912719450782317250e-10 5.927570906152054385e-10
1.364999961853027344e+01 1.996395704373230928e-10 6.225045901462097010e-10
1.365999984741210938e+01 2.073216605970850124e-10 6.496476311049163411e-10
1.367000007629394531e+01 2.142903293381267935e-10 6.740846129988915851e-10
1.367999935150146484e+01 2.205211831169042430e-10 6.957306200813030722e-10
1.368999958038330078e+01 2.259956467864003001e-10 7.145253008670217292e-10
1.369999980926513672e+01 2.306973936853207172e-10 7.304201825236872297e-10
1.371000003814697266e+01 2.346147746929469910e-10 7.433867493986322007e-10
1.371999931335449219e+01 2.377398896392754003e-10 7.534128260637018015e-10
1.372999954223632812e+01 2.400696485346180306e-10 7.605053876262216311e-10
1.373999977111816406e+01 2.416039121340482963e-10 7.646839782604522383e-10
1.375000000000000000e+01 2.423466757568714191e-10 7.659838806214035037e-10
1.375999927520751953e+01 2.423056767503934101e-10 7.644542914123109772e-10
1.376999950408935547e+01 2.414921943080086347e-10 7.601564100298163688e-10
1.377999973297119141e+01 2.399209542497281067e-10 7.531632379991150024e-10
1.378999996185302734e+01 2.376100567620153763e-10 7.435581663283788158e-10
1.379999923706054688e+01 2.345811257710322930e-10 7.314351784762485703e-10
1.380999946594238281e+01 2.308579360051456731e-10 7.168929297296175252e-10
1.381999969482421875e+01 2.264679932327938460e-10 7.000406900458476918e-10
1.382999992370605469e+01 2.214412804732077484e-10 6.809929978313947200e-10
1.384000015258789062e+01 2.158103413228887748e-10 6.598698162313151279e-10
1.384999942779541016e+01 2.096107185471677498e-10 6.367980197183464312e-10
1.385999965667724609e+01 2.028783483715232392e-10 6.119016855636005297e-10
1.386999988555908203e+01 1.956529214101626416e-10 5.853146847138659245e-10
1.388000011444091797e+01 1.879753694402565304e-10 5.571715105429626525e-10
1.388999938964843750e+01 1.798890149780567776e-10 5.276118163031758235e-10
1.389999961853027344e+01 1.714362363360383012e-10 4.967686286237294828e-10
1.390999984741210938e+01 1.626628857420124311e-10 4.647849868009557228e-10
1.392000007629394531e+01 1.536150182816593558e-10 4.318025571901950281e-10
1.392999935150146484e+01 1.443403134237357886e-10 3.979674778880698242e-10
1.393999958038330078e+01 1.348842859190107813e-10 3.634172393164822358e-10
1.394999980926513672e+01 1.252953687821294721e-10 3.282999707531740187e-10
1.396000003814697266e+01 1.156211583089533612e-10 2.927615194965967791e-10
1.396999931335449219e+01 1.059099810612781032e-10 2.569519882620308228e-10
1.397999954223632812e+01 9.620695093890967517e-11 2.210119596762712238e-10
1.398999977111816406e+01 8.655930091205781487e-11 1.850928993929102518e-10
1.400000000000000000e+01 7.701244713776805362e-11 1.493433574314606554e-10
1.400999927520751953e+01 6.761157748047182553e-11 1.139155359124954202e-10
1.401999950408935547e+01 5.839785909611352583e-11 7.895154630421178421e-11
1.402999973297119141e+01 4.941361241179583311e-11 4.460338181427788736e-11
1.403999996185302734e+01 4.069850315007861700e-11 1.101895867334203619e-11
1.404999923706054688e+01 3.229104023998523087e-11 -2.165189354720878906e-11
1.405999946594238281e+01 2.422521685149006232e-11 -5.327036484247974844e-11
1.406999969482421875e+01 1.653515971915806463e-11 -8.369058092011371724e-11
1.407999992370605469e+01 9.251736268283674893e-12 -1.127728786370533128e-10
1.409000015258789062e+01 2.403235642452319091e-12 -1.403814231745108996e-10
1.409999942779541016e+01 -3.984163740231517996e-12 -1.663826500497794866e-10
1.410999965667724609e+01 -9.888887995229851698e-12 -1.906559266716034017e-10
1.411999988555908203e+01 -1.529039135204149893e-11 -2.130795892074370884e-10
1.413000011444091797e+01 -2.017170214803908939e-11 -2.335419899192484320e-10
1.413999938964843750e+01 -2.451844545039046701e-11 -2.519382576839975937e-10
1.414999961853027344e+01 -2.832047338823728563e-11 -2.681780871164911597e-10
1.415999984741210938e+01 -3.156937946025750106e-11 -2.821761429522438176e-10
1.417000007629394531e+01 -3.426019307106253850e-11 -2.938601918845029567e-10
1.417999935150146484e+01 -3.639072776536027050e-11 -3.031693238162018597e-10
1.418999958038330078e+01 -3.796228729929647264e-11 -3.100580518360074110e-10
1.419999980926513672e+01 -3.897837627112937436e-11 -3.144916631742115280e-10
1.421000003814697266e+01 -3.944548002179142545e-11 -3.164505828190913709e-10
1.421999931335449219e+01 -3.937276584320460230e-11 -3.159299999480450069e-10
1.422999954223632812e+01 -3.877188879130265187e-11 -3.129397616437264978e-10
1.423999977111816406e+01 -3.765690845154692433e-11 -3.075048614186429898e-10
1.425000000000000000e+01 -3.604417466773063919e-11 -2.996655179671910912e-10
1.425999927520751953e+01 -3.395238499830740432e-11 -2.894780758636947158e-10
1.426999950408935547e+01 -3.140158787339450309e-11 -2.770106250162529622e-10
1.427999973297119141e+01 -2.841422437631643388e-11 -2.623484168628728816e-10
1.428999996185302734e+01 -2.501421168977419058e-11 -2.455896187615927391e-10
1.429999923706054688e+01 -2.122733442487191213e-11 -2.268473295991410055e-10
1.430999946594238281e+01 -1.707959704577572024e-11 -2.062413751223923857e-10
1.431999969482421875e+01 -1.259922966554988078e-11 -1.839080598821460005e-10
1.432999992370605469e+01 -7.815113804340359230e-12 -1.599920865789196292e-10
1.434000015258789062e+01 -2.756964498277967253e-12 -1.346470428533116166e-10
1.434999942779541016e+01 2.544311128460709146e-12 -1.080367015624116770e-10
1.435999965667724609e+01 8.058813495375056360e-12 -8.032338527121668631e-11
1.436999988555908203e+01 1.375476134676903073e-11 -5.168180989714805313e-11
1.438000011444091797e+01 1.960063809460125598e-11 -2.228759853512132101e-11
1.438999938964843750e+01 2.556426239290270162e-11 7.678804721583015700e-12
1.439999961853027344e+01 3.161520805354260234e-11 3.804506024529308099e-11
1.440999984741210938e+01 3.772151459005348465e-11 6.863116522301504718e-11
1.442000007629394531e+01 4.385207700798021786e-11 9.926220884645588198e-11
1.442999935150146484e+01 4.997561692643491330e-11 1.297639342561934834e-10
1.443999958038330078e+01 5.606313134268210560e-11 1.599755773967947391e-10
1.444999980926513672e+01 6.208449264696159845e-11 1.897335062372262958e-10
1.446000003814697266e+01 6.801089330250509215e-11 2.188838990538000142e-10
1.446999931335449219e+01 7.381381531278824167e-11 2.472780535626860237e-10
1.447999954223632812e+01 7.946733042229593755e-11 2.747839199146032641e-10
1.448999977111816406e+01 8.494487041839146906e-11 3.012704747416757663e-10
1.450000000000000000e+01 9.022154789035476852e-11 3.266191521647458214e-10
1.450999927520751953e+01 9.527321572367837075e-11 3.507192413249743694e-10
1.451999950408935547e+01 1.000784603419448924e-10 3.734772133751664738e-10
1.452999973297119141e+01 1.046157922732834756e-10 3.948030428235005970e-10
1.453999996185302734e+01 1.088656792134599683e-10 4.146195410920843036e-10
1.454999923706054688e+01 1.128097709225094872e-10 4.328582347764962516e-10
1.455999946594238281e+01 1.164324503070651448e-10 4.494659754023644924e-10
1.456999969482421875e+01 1.197186454335182385e-10 4.643942095448219207e-10
1.457999992370605469e+01 1.226554319930041386e-10 4.776057355428301353e-10
1.458999919891357422e+01 1.252314754488576640e-10 4.890714596531847149e-10
1.459999942779541016e+01 1.274380345239881482e-10 4.987741391063574534e-10
1.460999965667724609e+01 1.292675337675896948e-10 5.067013220486337670e-10
1.461999988555908203e+01 1.307146218258426273e-10 5.128493773239931403e-10
1.463000011444091797e+01 1.317759393863317819e-10 5.172217997920988583e-10
1.463999938964843750e+01 1.324500944872185135e-10 5.198285368615918281e-10
1.464999961853027344e+01 1.327378929858029090e-10 5.206863257807430601e-10
1.465999984741210938e+01 1.326419516499252573e-10 5.198167470457756943e-10
1.467000007629394531e+01 1.321669787492843886e-10 5.172469679948376741e-10
1.467999935150146484e+01 1.313197631453136527e-10 5.130095217639473552e-10
1.468999958038330078e+01 1.301087754295420458e-10 5.071402114390716230e-10
1.469999980926513672e+01 1.285446004545797121e-10 4.996802759694405405e-10
1.471000003814697266e+01 1.266395814111736711e-10 4.906747210150951174e-10
1.471999931335449219e+01 1.244080298361869094e-10 4.801735631440804675e-10
1.472999954223632812e+01 1.218652481784910602e-10 4.682275806752617784e-10
1.473999977111816406e+01 1.190287014891579546e-10 4.548942800673297177e-10
1.475000000000000000e+01 1.159170757383965356e-10 4.402340190288874360e-10
1.475999927520751953e+01 1.125506766147708071e-10 4.243125414830516539e-10
1.476999950408935547e+01 1.089499789445762268e-10 4.071948355527659235e-10
1.477999973297119141e+01 1.051374055500795724e-10 3.889543247568962392e-10
1.478999996185302734e+01 1.011359068499555584e-10 3.696669837000956834e-10
1.479999923706054688e+01 9.696951042456353289e-11 3.494148442885645576e-10
1.480999946594238281e+01 9.266154694409767472e-11 3.282782317775867366e-10
1.481999969482421875e+01 8.823686691543903659e-11 3.063473952632576836e-10
1.482999992370605469e+01 8.372009281710234505e-11 2.837148566120528106e-10
1.483999919891357422e+01 7.913627833585697210e-11 2.604794837974668960e-10
1.484999942779541016e+01 7.450898574091015822e-11 2.367374561560854982e-10
1.485999965667724609e+01 6.986275037834410419e-11 2.125954007153334654e-10
1.486999988555908203e+01 6.522118033723547868e-11 1.881613307322041271e-10
1.488000011444091797e+01 6.060724386162494586e-11 1.635465163845157853e-10
1.488999938964843750e+01 5.604356460260631422e-11 1.388674430741071223e-10
1.489999961853027344e+01 5.155055935761168413e-11 1.142359153732959202e-10
1.490999984741210938e+01 4.714893945481770680e-11 8.977264677362077743e-11
1.492000007629394531e+01 4.285786273093997193e-11 6.559721491927337587e-11
1.492999935150146484e+01 3.869567608699146803e-11 4.183196503026858340e-11
1.493999958038330078e+01 3.467826865830580196e-11 1.859222587537091000e-11
1.494999980926513672e+01 3.082139973257203330e-11 -4.000882141545854108e-12
1.496000003814697266e+01 2.713905532441822324e-11 -2.583041855872063934e-11
1.496999931335449219e+01 2.364414874762172736e-11 -4.678026802795452216e-11
1.497999954223632812e+01 2.034719237155063909e-11 -6.674395682170483481e-11
1.498999977111816406e+01 1.725829982056817992e-11 -8.561356227058511520e-11
1.500000000000000000e+01 1.438584663270919952e-11 -1.032887086853060740e-10
