# col1: q[fm^-1] col2: weakFF col3: chargeFF [unitless]
9.999999999999999547e-07 1.000002238707179414e+00 9.999998756083190443e-01
9.999999776482582092e-03 9.994454867324829017e-01 9.994985476702655802e-01
1.999999955296516418e-02 9.977766857313039583e-01 9.979957153470938591e-01
2.999999932944774628e-02 9.950001951078912832e-01 9.954948294913585904e-01
3.999999910593032837e-02 9.911232624887437170e-01 9.920016292982044570e-01
4.999999701976776123e-02 9.861559977865217430e-01 9.875241249591452108e-01
5.999999865889549255e-02 9.801113304941745374e-01 9.820725675501598140e-01
7.000000029802322388e-02 9.730049705170439323e-01 9.756594244017835482e-01
7.999999821186065674e-02 9.648553468091135565e-01 9.682993366835905835e-01
8.999999612569808960e-02 9.556835319498505621e-01 9.600090664168345889e-01
9.999999403953552246e-02 9.455131725424206213e-01 9.508074507695719602e-01
1.099999994039535522e-01 9.343703911092692271e-01 9.407153324995063404e-01
1.199999973177909851e-01 9.222837241938807162e-01 9.297555249857517579e-01
1.299999952316284180e-01 9.092839682885544006e-01 9.179526954188156340e-01
1.400000005960464478e-01 8.954040895436801151e-01 9.053333071841169755e-01
1.499999910593032837e-01 8.806791495993284702e-01 8.919255784379276353e-01
1.599999964237213135e-01 8.651460607451839646e-01 8.777592864879243395e-01
1.700000017881393433e-01 8.488435943711198917e-01 8.628658036941407872e-01
1.799999922513961792e-01 8.318121820054815707e-01 8.472779455076053789e-01
1.899999976158142090e-01 8.140936906967952691e-01 8.310297950100754560e-01
1.999999880790710449e-01 7.957314554840202447e-01 8.141567634197813819e-01
2.099999934434890747e-01 7.767699170303806744e-01 7.966952888876714933e-01
2.199999988079071045e-01 7.572546562332440612e-01 7.786828995725874059e-01
2.299999892711639404e-01 7.372321589612598203e-01 7.601580289115622557e-01
2.399999946355819702e-01 7.167495642477137441e-01 7.411598141284724273e-01
2.500000000000000000e-01 6.958546838075329033e-01 7.217281453929279555e-01
2.599999904632568359e-01 6.745957553545064433e-01 7.019034682187645924e-01
2.699999809265136719e-01 6.530212175620366821e-01 6.817266038372824521e-01
2.800000011920928955e-01 6.311795798460897444e-01 6.612386563063278322e-01
2.899999916553497314e-01 6.091194957749217487e-01 6.404811105040164598e-01
2.999999821186065674e-01 5.868892176421465212e-01 6.194953476085804933e-01
3.100000023841857910e-01 5.645366377157381432e-01 5.983227082098120375e-01
3.199999928474426270e-01 5.421093421227742848e-01 5.770045690507515923e-01
3.299999833106994629e-01 5.196540667659109713e-01 5.555818504167421290e-01
3.400000035762786865e-01 4.972167572261337321e-01 5.340950923711981213e-01
3.499999940395355225e-01 4.748426353025266278e-01 5.125845391560082120e-01
3.599999845027923584e-01 4.525756687617679130e-01 4.910896485998287875e-01
3.700000047683715820e-01 4.304586505861921486e-01 4.696491814869947490e-01
3.799999952316284180e-01 4.085332789544788290e-01 4.483012936824053996e-01
3.899999856948852539e-01 3.868396520821587581e-01 4.270830571133364395e-01
3.999999761581420898e-01 3.654164301522441205e-01 4.060306243809523319e-01
4.099999964237213135e-01 3.443006118724049047e-01 3.851790161403094159e-01
4.199999868869781494e-01 3.235276981717413736e-01 3.645622869862268356e-01
4.299999773502349854e-01 3.031312352873563598e-01 3.442130752896788159e-01
4.399999976158142090e-01 2.831429375417161554e-01 3.241627212021126470e-01
4.499999880790710449e-01 2.635927982135344849e-01 3.044413756660433457e-01
4.599999785423278809e-01 2.445086775435203752e-01 2.850775805800693230e-01
4.699999988079071045e-01 2.259164416515133389e-01 2.660983973134455893e-01
4.799999892711639404e-01 2.078400849117343074e-01 2.475295218123891028e-01
4.899999797344207764e-01 1.903013681836993320e-01 2.293949011585417752e-01
5.000000000000000000e-01 1.733199713748854176e-01 2.117168710219792527e-01
5.099999904632568359e-01 1.569136254397938413e-01 1.945162757884121019e-01
5.199999809265136719e-01 1.410978041379128134e-01 1.778121262106209521e-01
5.299999713897705078e-01 1.258859316253130300e-01 1.616217913872846912e-01
5.399999618530273438e-01 1.112893421832634455e-01 1.459609311146525257e-01
5.500000119209289551e-01 9.731721750798383308e-02 1.308433990216023857e-01
5.600000023841857910e-01 8.397694205835566639e-02 1.162815971567529028e-01
5.699999928474426270e-01 7.127363623730778586e-02 1.022859383279963730e-01
5.799999833106994629e-01 5.921053288274836374e-02 8.886521853409853899e-02
5.899999737739562988e-01 4.778893804194506156e-02 7.602653934184695761e-02
5.999999642372131348e-01 3.700828287710615505e-02 6.377532729089724350e-02
6.100000143051147461e-01 2.686612262705397047e-02 5.211529068095751421e-02
6.200000047683715820e-01 1.735843734137025932e-02 4.104872348116048175e-02
6.299999952316284180e-01 8.479336779914085215e-03 3.057612247625560165e-02
6.399999856948852539e-01 2.213779939073130918e-04 2.069650746141733777e-02
6.499999761581420898e-01 -7.424421036293661277e-03 1.140739289261667039e-02
6.599999666213989258e-01 -1.446850183830891527e-02 2.704834814456966857e-03
6.699999570846557617e-01 -2.092268274094821051e-02 -5.416518456115083577e-03
6.800000071525573730e-01 -2.680010679632665455e-02 -1.296341544341312463e-02
6.899999976158142090e-01 -3.211501740968971536e-02 -1.994376763369294647e-02
6.999999880790710449e-01 -3.688287885390872239e-02 -2.636685898395681529e-02
7.099999785423278809e-01 -4.112014182478003488e-02 -3.224309965826614027e-02
7.199999690055847168e-01 -4.484418820001204870e-02 -3.758400740599461554e-02
7.299999594688415527e-01 -4.807323846807132900e-02 -4.240214019700114939e-02
7.400000095367431641e-01 -5.082627399585402245e-02 -4.671105129153558383e-02
7.500000000000000000e-01 -5.312288168976950914e-02 -5.052511897583109729e-02
7.599999904632568359e-01 -5.498326029369701717e-02 -5.385962877915824454e-02
7.699999809265136719e-01 -5.642806100973386807e-02 -5.673059517966813625e-02
7.799999713897705078e-01 -5.747831556025044530e-02 -5.915471558547239633e-02
7.899999618530273438e-01 -5.815534806519203487e-02 -6.114929683274902134e-02
7.999999523162841797e-01 -5.848068885775638270e-02 -6.273218166765658077e-02
8.100000023841857910e-01 -5.847598956562571892e-02 -6.392168143984984507e-02
8.199999928474426270e-01 -5.816294377167470497e-02 -6.473647736908813566e-02
8.299999833106994629e-01 -5.756320797784460902e-02 -6.519559095844741636e-02
8.399999737739562988e-01 -5.669832422859243104e-02 -6.531828248612507604e-02
8.499999642372131348e-01 -5.558964858834463535e-02 -6.512398958072619648e-02
8.599999547004699707e-01 -5.425828209308012490e-02 -6.463225904185460058e-02
8.700000047683715820e-01 -5.272499558084300236e-02 -6.386267498759690131e-02
8.799999952316284180e-01 -5.101020572858677715e-02 -6.283481430620696528e-02
8.899999856948852539e-01 -4.913386214895916482e-02 -6.156815647959709703e-02
8.999999761581420898e-01 -4.711542896095003569e-02 -6.008204020057532346e-02
9.099999666213989258e-01 -4.497382635135396128e-02 -5.839560181212705842e-02
9.199999570846557617e-01 -4.272738480174469167e-02 -5.652772010089119475e-02
9.300000071525573730e-01 -4.039378933069216748e-02 -5.449695124548523117e-02
9.399999976158142090e-01 -3.799009821337499121e-02 -5.232152854846634088e-02
9.499999880790710449e-01 -3.553262609740955730e-02 -5.001924290428046843e-02
9.599999785423278809e-01 -3.303697012351657081e-02 -4.760744664746372617e-02
9.699999690055847168e-01 -3.051797126437063440e-02 -4.510300128013051968e-02
9.799999594688415527e-01 -2.798969340206729911e-02 -4.252223998626180473e-02
9.899999499320983887e-01 -2.546540640904356931e-02 -3.988093334002545953e-02
1.000000000000000000e+00 -2.295755827325410628e-02 -3.719424211839771760e-02
1.009999990463256836e+00 -2.047782562135852524e-02 -3.447675381154340774e-02
1.019999980926513672e+00 -1.803701845781866334e-02 -3.174236182476786183e-02
1.029999971389770508e+00 -1.564513825342575201e-02 -2.900430801426504696e-02
1.039999961853027344e+00 -1.331136449934694661e-02 -2.627514864880092782e-02
1.049999952316284180e+00 -1.104405957168464944e-02 -2.356673943676344460e-02
1.059999942779541016e+00 -8.850776741819674567e-03 -2.089022367723383442e-02
1.069999933242797852e+00 -6.738271168470313759e-03 -1.825602347586189819e-02
1.079999923706054688e+00 -4.712513700282214800e-03 -1.567383395563913193e-02
1.090000033378601074e+00 -2.778684825458627682e-03 -1.315259072426436075e-02
1.100000023841857910e+00 -9.412846768427848582e-04 -1.070058933001179907e-02
1.110000014305114746e+00 7.959842119897363264e-04 -8.325307461831677608e-03
1.120000004768371582e+00 2.430100303065914086e-03 -6.033531317557970335e-03
1.129999995231628418e+00 3.958721550301391376e-03 -3.831332976053829133e-03
1.139999985694885254e+00 5.380158591227176927e-03 -1.724080592918524621e-03
1.149999976158142090e+00 6.693346435967517487e-03 2.835491419314717485e-04
1.159999966621398926e+00 7.897814843796728199e-03 2.187556415862274960e-03
1.169999957084655762e+00 8.993657575688290828e-03 3.984601709753835506e-03
1.179999947547912598e+00 9.981500708527138790e-03 5.671987357976801709e-03
1.189999938011169434e+00 1.086247019313278314e-02 7.247637394166836673e-03
1.199999928474426270e+00 1.163815883398620216e-02 8.710075827069816562e-03
1.209999918937683105e+00 1.231059286361947669e-02 1.005840349224932685e-02
1.220000028610229492e+00 1.288220450289759809e-02 1.129228765315024377e-02
1.230000019073486328e+00 1.335577217477087499e-02 1.241187897786866223e-02
1.240000009536743164e+00 1.373442767614653677e-02 1.341787324801253789e-02
1.250000000000000000e+00 1.402159431880130140e-02 1.431142377688494720e-02
1.259999990463256836e+00 1.422096126778804766e-02 1.509412872475951288e-02
1.269999980926513672e+00 1.433645096749416176e-02 1.576800246833614388e-02
1.279999971389770508e+00 1.437218718913580405e-02 1.633544655401965653e-02
1.289999961853027344e+00 1.433246381520085315e-02 1.679922037007377730e-02
1.299999952316284180e+00 1.422171446774718635e-02 1.716241166889661066e-02
1.309999942779541016e+00 1.404448307871712480e-02 1.742840706641356902e-02
1.319999933242797852e+00 1.380539549159394766e-02 1.760086264092466934e-02
1.329999923706054688e+00 1.350913217485003384e-02 1.768367474871202633e-02
1.339999914169311523e+00 1.316040211876436279e-02 1.768095116834308284e-02
1.350000023841857910e+00 1.276391298594218432e-02 1.759698121221892411e-02
1.360000014305114746e+00 1.232436703859232305e-02 1.743621282352594837e-02
1.370000004768371582e+00 1.184641048427595433e-02 1.720321923458241128e-02
1.379999995231628418e+00 1.133463104922487370e-02 1.690267552427608330e-02
1.389999985694885254e+00 1.079353410971622615e-02 1.653933235257104215e-02
1.399999976158142090e+00 1.022752470670548752e-02 1.611799109372479694e-02
1.409999966621398926e+00 9.640891005556494892e-03 1.564347991077079739e-02
1.419999957084655762e+00 9.037789206443857734e-03 1.512063083248193184e-02
1.429999947547912598e+00 8.422229903868537135e-03 1.455425788725201418e-02
1.439999938011169434e+00 7.798065886927688269e-03 1.394913634156853474e-02
1.449999928474426270e+00 7.168981365531419854e-03 1.330998308403117877e-02
1.459999918937683105e+00 6.538482601679584602e-03 1.264143818922698961e-02
1.469999909400939941e+00 5.909889919212504492e-03 1.194804768923131769e-02
1.480000019073486328e+00 5.286323668580473860e-03 1.123423896053478074e-02
1.490000009536743164e+00 4.670728570802203106e-03 1.050434025608984641e-02
1.500000000000000000e+00 4.065824999190413569e-03 9.762516070748482322e-03
1.509999990463256836e+00 3.474135973011520905e-03 9.012788749543121022e-03
1.519999980926513672e+00 2.897978019751585622e-03 8.259019099093720465e-03
1.529999971389770508e+00 2.339460628473525629e-03 7.504896640978330792e-03
1.539999961853027344e+00 1.800486769622053600e-03 6.753931097720729422e-03
1.549999952316284180e+00 1.282754423601899533e-03 6.009445093354833824e-03
1.559999942779541016e+00 7.877590583888610925e-04 5.274568045896441473e-03
1.569999933242797852e+00 3.167969947556372313e-04 4.552231224713793913e-03
1.579999923706054688e+00 -1.290304036045676302e-04 3.845163941748528519e-03
1.589999914169311523e+00 -5.488117787049000013e-04 3.155890841804577605e-03
1.599999904632568359e+00 -9.418201298657575844e-04 2.486730253700096885e-03
1.610000014305114746e+00 -1.307510727552429336e-03 1.839785989116499024e-03
1.620000004768371582e+00 -1.645497153180565776e-03 1.216978274335728033e-03
1.629999995231628418e+00 -1.955570108317037422e-03 6.199987186686622010e-04
1.639999985694885254e+00 -2.237671850659154766e-03 5.034361105981305574e-05
1.649999976158142090e+00 -2.491892543975369415e-03 -4.906909437165197585e-04
1.659999966621398926e+00 -2.718461767254325319e-03 -1.002005262853094799e-03
1.669999957084655762e+00 -2.917739765695444038e-03 -1.482691599180549318e-03
1.679999947547912598e+00 -3.090208501369024092e-03 -1.932028984977159644e-03
1.689999938011169434e+00 -3.236462559455281426e-03 -2.349477460822724587e-03
1.699999928474426270e+00 -3.357199963866101464e-03 -2.734671744760852098e-03
1.709999918937683105e+00 -3.453212953779660060e-03 -3.087414397121738402e-03
1.719999909400939941e+00 -3.525378770194859297e-03 -3.407668536184793161e-03
1.730000019073486328e+00 -3.574650953955995757e-03 -3.695553399198390782e-03
1.740000009536743164e+00 -3.602048215319242960e-03 -3.951322983604063817e-03
1.750000000000000000e+00 -3.608649025008212746e-03 -4.175378327069817833e-03
1.759999990463256836e+00 -3.595580270613114079e-03 -4.368244855719589231e-03
1.769999980926513672e+00 -3.564009458865772997e-03 -4.530567283321259783e-03
1.779999971389770508e+00 -3.515136443864372642e-03 -4.663100751330337239e-03
1.789999961853027344e+00 -3.450185432650399158e-03 -4.766701881918066278e-03
1.799999952316284180e+00 -3.370397294726992614e-03 -4.842319789929865753e-03
1.809999942779541016e+00 -3.277022199164137967e-03 -4.890987097795050989e-03
1.819999933242797852e+00 -3.171312600017160439e-03 -4.913810995362134955e-03
1.829999923706054688e+00 -3.054516587904754134e-03 -4.911964384480445311e-03
1.839999914169311523e+00 -2.927871622764500418e-03 -4.886677145903350894e-03
1.849999904632568359e+00 -2.792598660040285317e-03 -4.839227563765855812e-03
1.860000014305114746e+00 -2.649894939131989483e-03 -4.770933007476197384e-03
1.870000004768371582e+00 -2.500935817763013692e-03 -4.683145275386598611e-03
1.879999995231628418e+00 -2.346859897703465567e-03 -4.577237770460249044e-03
1.889999985694885254e+00 -2.188771527368207643e-03 -4.454600885794873615e-03
1.899999976158142090e+00 -2.027735328918188820e-03 -4.316633968334804110e-03
1.909999966621398926e+00 -1.864772798442623216e-03 -4.164738292902536720e-03
1.919999957084655762e+00 -1.700859315564368784e-03 -4.000310372017373481e-03
1.929999947547912598e+00 -1.536921556116435141e-03 -3.824735617058192417e-03
1.939999938011169434e+00 -1.373835299758052915e-03 -3.639382363915198357e-03
1.949999928474426270e+00 -1.212423622755386338e-03 -3.445596273911503710e-03
1.959999918937683105e+00 -1.053455464647359667e-03 -3.244695118468571456e-03
1.969999909400939941e+00 -8.976445561518927273e-04 -3.037963953749073069e-03
1.979999899864196777e+00 -7.456486944424480044e-04 -2.826650689343758720e-03
1.990000009536743164e+00 -5.980676201007476380e-04 -2.611959478237738976e-03
2.000000000000000000e+00 -4.554499264398623485e-04 -2.395057356865495837e-03
2.009999990463256836e+00 -3.182827180477589197e-04 -2.177055623370771891e-03
2.019999980926513672e+00 -1.869992149915642137e-04 -1.959017196229395109e-03
2.029999971389770508e+00 -6.197773690643265025e-05 -1.741951602826592293e-03
2.039999961853027344e+00 5.645728009296668826e-05 -1.526812887464365888e-03
2.049999952316284180e+00 1.680340391016837346e-04 -1.314497888758879400e-03
2.059999942779541016e+00 2.725319295776239248e-04 -1.105844876538699837e-03
2.069999933242797852e+00 3.697798848983812801e-04 -9.016325370924807093e-04
2.079999923706054688e+00 4.596545692332112271e-04 -7.025792944667438996e-04
2.089999914169311523e+00 5.420784125140988173e-04 -5.093429544810521145e-04
2.099999904632568359e+00 6.170175120695231552e-04 -3.225206572088148982e-04
2.109999895095825195e+00 6.844794191777007868e-04 -1.426491228664747348e-04
2.119999885559082031e+00 7.445108284093523857e-04 2.979482463947327359e-05
2.129999876022338867e+00 7.971951871699178025e-04 1.943934728411485669e-04
2.139999866485595703e+00 8.426502423243694643e-04 3.507871913220152247e-04
2.149999856948852539e+00 8.810255402008632239e-04 4.986731749916467572e-04
2.159999847412109375e+00 9.124998956291010405e-04 6.378039774678974675e-04
2.169999837875366211e+00 9.372788449817280815e-04 7.679858521805537708e-04
2.180000066757202148e+00 9.555924589599682373e-04 8.890796967218993338e-04
2.190000057220458984e+00 9.676912145865426695e-04 1.000987731442598604e-03
2.200000047683715820e+00 9.738460933058886229e-04 1.103668695160424373e-03
2.210000038146972656e+00 9.743442106999026554e-04 1.197123825204595218e-03
2.220000028610229492e+00 9.694869002394474215e-04 1.281397496712574809e-03
2.230000019073486328e+00 9.595873418128543064e-04 1.356574777999308137e-03
2.240000009536743164e+00 9.449682571183805379e-04 1.422778914257009919e-03
2.250000000000000000e+00 9.259596804152361599e-04 1.480168755511690123e-03
2.259999990463256836e+00 9.028968122775159026e-04 1.528936144244270011e-03
2.269999980926513672e+00 8.761179631518216859e-04 1.569303277515027208e-03
2.279999971389770508e+00 8.459625926859260696e-04 1.601520057815079487e-03
2.289999961853027344e+00 8.127694499766455411e-04 1.625861446213269605e-03
2.299999952316284180e+00 7.768748190830031264e-04 1.642624830676103504e-03
2.309999942779541016e+00 7.386108733691927261e-04 1.652127421717701321e-03
2.319999933242797852e+00 6.983041414833622042e-04 1.654703686790973474e-03
2.329999923706054688e+00 6.562740870454500429e-04 1.650702834065421532e-03
2.339999914169311523e+00 6.128318034123350199e-04 1.640486355455895648e-03
2.349999904632568359e+00 5.682788242136088989e-04 1.624425637974976321e-03
2.359999895095825195e+00 5.229060497077820096e-04 1.602899651683825687e-03
2.369999885559082031e+00 4.769927883985767593e-04 1.576292721716802177e-03
2.379999876022338867e+00 4.308059127750875350e-04 1.544992391057764753e-03
2.389999866485595703e+00 3.845991274993145544e-04 1.509387379954926518e-03
2.399999856948852539e+00 3.386123478606264969e-04 1.469865647079859200e-03
2.409999847412109375e+00 2.930711858497755105e-04 1.426812556768326063e-03
2.419999837875366211e+00 2.481865407756719756e-04 1.380609155929255491e-03
2.429999828338623047e+00 2.041542909564909804e-04 1.331630563476343372e-03
2.440000057220458984e+00 1.611540711403112482e-04 1.280243223457237008e-03
2.450000047683715820e+00 1.193532310716763947e-04 1.226808484518343654e-03
2.460000038146972656e+00 7.890064924542651115e-05 1.171673973354678136e-03
2.470000028610229492e+00 3.993091790215335947e-05 1.115177302270037958e-03
2.480000019073486328e+00 2.563438819259574717e-06 1.057643842232786806e-03
2.490000009536743164e+00 -3.309736856627090549e-05 9.993858095076035147e-04
2.500000000000000000e+00 -6.696179005062059895e-05 9.407014664544446816e-04
2.509999990463256836e+00 -9.895447583364035441e-05 8.818744344752493369e-04
2.519999980926513672e+00 -1.290140412948399655e-04 8.231731166270199592e-04
2.529999971389770508e+00 -1.570926147362446351e-04 7.648502269940112312e-04
2.539999961853027344e+00 -1.831553374562310400e-04 7.071424235223993477e-04
2.549999952316284180e+00 -2.071798214918670067e-04 6.502700406679963073e-04
2.559999942779541016e+00 -2.291555703128950107e-04 5.944369178914520263e-04
2.569999933242797852e+00 -2.490833676696421685e-04 5.398303197556955950e-04
2.579999923706054688e+00 -2.669746396918625865e-04 4.866209431366409961e-04
2.589999914169311523e+00 -2.828507952071088378e-04 4.349630068500431185e-04
2.599999904632568359e+00 -2.967425490978469567e-04 3.849944188239604785e-04
2.609999895095825195e+00 -3.086892333477929233e-04 3.368370158068231769e-04
2.619999885559082031e+00 -3.187381002417565695e-04 2.905968704946012139e-04
2.629999876022338867e+00 -3.269436219816862109e-04 2.463646608858183489e-04
2.639999866485595703e+00 -3.333667907662846261e-04 2.042160966291693312e-04
2.649999856948852539e+00 -3.380744231546945551e-04 1.642123971135942928e-04
2.659999847412109375e+00 -3.411384722980320629e-04 1.264008160638415389e-04
2.669999837875366211e+00 -3.426353513780413433e-04 9.081520744397369148e-05
2.679999828338623047e+00 -3.426452713416655907e-04 5.747662753555188688e-05
2.690000057220458984e+00 -3.412515464834751065e-04 2.639325397038943684e-05
2.700000047683715820e+00 -3.385401357694306588e-04 -2.436044567641879494e-06
2.710000038146972656e+00 -3.345988369826860911e-04 -2.902547386240393013e-05
2.720000028610229492e+00 -3.295168092116120191e-04 -5.339859849074550085e-05
2.730000019073486328e+00 -3.233840026014595404e-04 -7.558840005914413266e-05
2.740000009536743164e+00 -3.162906323938962511e-04 -9.563655955814144365e-05
2.750000000000000000e+00 -3.083266817345558944e-04 -1.135927359345219063e-04
2.759999990463256836e+00 -2.995814343230995564e-04 -1.295138448052187460e-04
2.769999980926513672e+00 -2.901430377495080857e-04 -1.434633410243531845e-04
2.779999971389770508e+00 -2.800980981383961732e-04 -1.555105085942371803e-04
2.789999961853027344e+00 -2.695313065106734961e-04 -1.657297611840002015e-04
2.799999952316284180e+00 -2.585250970699018219e-04 -1.741999562873997617e-04
2.809999942779541016e+00 -2.471593374298066944e-04 -1.810037258159283031e-04
2.819999933242797852e+00 -2.355110506199552646e-04 -1.862268256856326070e-04
2.829999923706054688e+00 -2.236541685393938909e-04 -1.899575067179150073e-04
2.839999914169311523e+00 -2.116593163728953302e-04 -1.922859089369113796e-04
2.849999904632568359e+00 -1.995936273419995812e-04 -1.933034811102535809e-04
2.859999895095825195e+00 -1.875205870330560565e-04 -1.931024271472627733e-04
2.869999885559082031e+00 -1.754999064270381856e-04 -1.917751807398701048e-04
2.879999876022338867e+00 -1.635874226509887559e-04 -1.894139094078827498e-04
2.889999866485595703e+00 -1.518350263782252188e-04 -1.861100488925267649e-04
2.899999856948852539e+00 -1.402906147236503739e-04 -1.819538686312275721e-04
2.909999847412109375e+00 -1.289980684114588850e-04 -1.770340688432641915e-04
2.919999837875366211e+00 -1.179972519345747124e-04 -1.714374095607177294e-04
2.929999828338623047e+00 -1.073240353780172791e-04 -1.652483717527635019e-04
2.939999818801879883e+00 -9.701033654152356597e-05 -1.585488505142976896e-04
2.950000047683715820e+00 -8.708395013129675258e-05 -1.514177055732561430e-04
2.960000038146972656e+00 -7.756956371670447584e-05 -1.439312084614999352e-04
2.970000028610229492e+00 -6.848743152371373133e-05 -1.361618072853154051e-04
2.980000019073486328e+00 -5.985444030459969889e-05 -1.281786166272980555e-04
2.990000009536743164e+00 -5.168399046319925008e-05 -1.200470999427123204e-04
3.000000000000000000e+00 -4.398613040315493079e-05 -1.118289458739524597e-04
3.009999990463256836e+00 -3.676770133480830523e-05 -1.035819723213445020e-04
3.019999980926513672e+00 -3.003249118295364773e-05 -9.536005719604258844e-05
3.029999971389770508e+00 -2.378139626772413098e-05 -8.721309469838939570e-05
3.039999961853027344e+00 -1.801258946542813569e-05 -7.918697589310919928e-05
3.049999952316284180e+00 -1.272169359514484883e-05 -7.132359229131127383e-05
3.059999942779541016e+00 -7.901958819274876289e-06 -6.366086109778870585e-05
3.069999933242797852e+00 -3.544442892160398873e-06 -5.623277074064379235e-05
3.079999923706054688e+00 3.618068604767163104e-07 -4.906944526828829880e-05
3.089999914169311523e+00 3.829570897432810467e-06 -4.219722617607099817e-05
3.099999904632568359e+00 6.873275165995919660e-06 -3.563877021097202046e-05
3.109999895095825195e+00 9.508810111803253477e-06 -2.941316169722668820e-05
3.119999885559082031e+00 1.175335189564904458e-05 -2.353603792842687495e-05
3.129999876022338867e+00 1.362518666057027161e-05 -1.801972618177429444e-05
3.139999866485595703e+00 1.514353863377675865e-05 -1.287339092746343044e-05
3.149999856948852539e+00 1.632840278839865327e-05 -8.103189830255359615e-06
3.159999847412109375e+00 1.720038273016181413e-05 -3.712437170435211213e-06
3.169999837875366211e+00 1.778053441376893361e-05 2.982266526373243937e-07
3.179999828338623047e+00 1.809021623346696836e-05 3.930660829991728631e-06
3.189999818801879883e+00 1.815094597221004685e-05 7.189046315235225804e-06
3.199999809265136719e+00 1.798426503387869294e-05 1.007970565885289379e-05
3.210000038146972656e+00 1.761159915279221082e-05 1.261097779068341683e-05
3.220000028610229492e+00 1.705417875907770325e-05 1.479280379821226356e-05
3.230000019073486328e+00 1.633287294892550256e-05 1.663690811769434893e-05
3.240000009536743164e+00 1.546811714441121132e-05 1.815637017185018373e-05
3.250000000000000000e+00 1.447981155068768786e-05 1.936551310751317886e-05
3.259999990463256836e+00 1.338723474570880189e-05 2.027973156130101563e-05
3.269999980926513672e+00 1.220896592018424614e-05 2.091532381864985818e-05
3.279999971389770508e+00 1.096281574960337264e-05 2.128932906670224094e-05
3.289999961853027344e+00 9.665765832275342032e-06 2.141937037380724215e-05
3.299999952316284180e+00 8.333916581617226830e-06 2.132350396064330969e-05
3.309999942779541016e+00 6.982443417667918197e-06 2.102007526083153835e-05
3.319999933242797852e+00 5.625561062203420439e-06 2.052758220258222441e-05
3.329999923706054688e+00 4.276495703940166578e-06 1.986454607773223234e-05
3.339999914169311523e+00 2.947464765402778702e-06 1.904939030087865614e-05
3.349999904632568359e+00 1.649663971105646523e-06 1.810032729933341438e-05
3.359999895095825195e+00 3.932613879866818045e-07 1.703525371470674036e-05
3.369999885559082031e+00 -8.126019164711222920e-07 1.587165403920703756e-05
3.379999876022338867e+00 -1.959804975164025608e-06 1.462651275447845583e-05
3.389999866485595703e+00 -3.041234176864786847e-06 1.331623498816098873e-05
3.399999856948852539e+00 -4.050765087234757213e-06 1.195657565351096383e-05
3.409999847412109375e+00 -4.983239258309995313e-06 1.056257699050121656e-05
3.419999837875366211e+00 -5.834436458095523612e-06 9.148514382935569517e-06
3.429999828338623047e+00 -6.601042757246622089e-06 7.727850285376147981e-06
3.439999818801879883e+00 -7.280614911963071165e-06 6.313196056155922730e-06
3.449999809265136719e+00 -7.871541481260518490e-06 4.916281458409673542e-06
3.460000038146972656e+00 -8.373011999935317640e-06 3.547899357193686414e-06
3.470000028610229492e+00 -8.784927181609639022e-06 2.218019561432538540e-06
3.480000019073486328e+00 -9.107924550561627717e-06 9.355835087291830138e-07
3.490000009536743164e+00 -9.343280787770062904e-06 -2.913670453434628294e-07
3.500000000000000000e+00 -9.492875882625481909e-06 -1.455719733091559814e-06
3.509999990463256836e+00 -9.559143448456170169e-06 -2.551282572305602207e-06
3.519999980926513672e+00 -9.545020583821779407e-06 -3.572769648800416836e-06
3.529999971389770508e+00 -9.453897618100002258e-06 -4.515781880319287744e-06
3.539999961853027344e+00 -9.289568059123874579e-06 -5.376783264344454613e-06
3.549999952316284180e+00 -9.056179039049020856e-06 -6.153073015975052294e-06
3.559999942779541016e+00 -8.758182532050199420e-06 -6.842754002844998961e-06
3.569999933242797852e+00 -8.400287594537493607e-06 -7.444697882641084297e-06
3.579999923706054688e+00 -7.987413855349089311e-06 -7.958507345044269307e-06
3.589999914169311523e+00 -7.524646460010162172e-06 -8.384475853942520996e-06
3.599999904632568359e+00 -7.017192650191664646e-06 -8.723545278108023511e-06
3.609999895095825195e+00 -6.470340136634511135e-06 -8.977261788745363887e-06
3.619999885559082031e+00 -5.889417401759014167e-06 -9.147730391172067456e-06
3.629999876022338867e+00 -5.279756046730186288e-06 -9.237568445147169502e-06
3.639999866485595703e+00 -4.646655277151064295e-06 -9.249858514274830230e-06
3.649999856948852539e+00 -3.995348602110365438e-06 -9.188100869831173780e-06
3.659999847412109375e+00 -3.330972802749748012e-06 -9.056165958087710445e-06
3.669999837875366211e+00 -2.658539209314795001e-06 -8.858247123264587788e-06
3.679999828338623047e+00 -1.982907309582324396e-06 -8.598813860524132587e-06
3.689999818801879883e+00 -1.308760696731146569e-06 -8.282565855127968496e-06
3.699999809265136719e+00 -6.405853512754699023e-07 -7.914388045281450123e-06
3.709999799728393555e+00 1.734976061199474056e-08 -7.499306927187164383e-06
3.720000028610229492e+00 6.610249463501557648e-07 -7.042436952461409244e-06
3.730000019073486328e+00 1.286623596790905511e-06 -6.548984483442279139e-06
3.740000009536743164e+00 1.890637060751205698e-06 -6.024143404493679557e-06
3.750000000000000000e+00 2.469813326141655997e-06 -5.473100916052523343e-06
3.759999990463256836e+00 3.021180980638359194e-06 -4.900992245744525753e-06
3.769999980926513672e+00 3.542055621308200341e-06 -4.312867928476455557e-06
3.779999971389770508e+00 4.030044316720357251e-06 -3.713663327895510517e-06
3.789999961853027344e+00 4.483048197348033480e-06 -3.108170469039032627e-06
3.799999952316284180e+00 4.899263253503145451e-06 -2.501012235056199241e-06
3.809999942779541016e+00 5.277179422899837991e-06 -1.896618964596210345e-06
3.819999933242797852e+00 5.615578052326283520e-06 -1.299207470763975629e-06
3.829999923706054688e+00 5.913527819888410947e-06 -7.127624875665479988e-07
3.839999914169311523e+00 6.170379205935534433e-06 -1.410205355258188730e-07
3.849999904632568359e+00 6.385757602170556924e-06 4.125438153899748511e-07
3.859999895095825195e+00 6.559555149615106526e-06 9.447293200643815828e-07
3.869999885559082031e+00 6.691921397106923348e-06 1.452617116240467903e-06
3.879999876022338867e+00 6.783252872870271360e-06 1.933577523811135156e-06
3.889999866485595703e+00 6.834181662452376060e-06 2.385274653230458304e-06
3.899999856948852539e+00 6.845563086966975645e-06 2.805668900308561751e-06
3.909999847412109375e+00 6.818462576126155186e-06 3.193017413225249486e-06
3.919999837875366211e+00 6.754141830983212726e-06 3.545872625323822304e-06
3.929999828338623047e+00 6.654044371604177873e-06 3.863078954125001745e-06
3.939999818801879883e+00 6.519780565056628749e-06 4.143767773013996288e-06
3.949999809265136719e+00 6.353112229069324984e-06 4.387350767263494524e-06
3.959999799728393555e+00 6.155936906483781648e-06 4.593511790392147387e-06
3.970000028610229492e+00 5.930266201885353036e-06 4.762200916512992218e-06
3.980000019073486328e+00 5.678231891041381657e-06 4.893608469788609858e-06
3.990000009536743164e+00 5.402037414188619514e-06 4.988177232459899444e-06
4.000000000000000000e+00 5.103962669799985950e-06 5.046572542294557211e-06
4.009999752044677734e+00 4.786350779617461497e-06 5.069672816567844533e-06
4.019999980926513672e+00 4.451553401390143081e-06 5.058555680047495150e-06
4.029999732971191406e+00 4.102001639173382120e-06 5.014482820061261611e-06
4.039999961853027344e+00 3.740070655636861149e-06 4.938878500011860780e-06
4.049999713897705078e+00 3.368197882039632610e-06 4.833329960438154265e-06
4.059999942779541016e+00 2.988731424276702721e-06 4.699542563659971637e-06
4.069999694824218750e+00 2.604057933345994700e-06 4.539363153290316904e-06
4.079999923706054688e+00 2.216445582554955697e-06 4.354712855480754449e-06
4.089999675750732422e+00 1.828178231756243765e-06 4.147631239956258936e-06
4.099999904632568359e+00 1.441396777012927137e-06 3.920189977021099302e-06
4.110000133514404297e+00 1.058218161445112222e-06 3.674543155567622702e-06
4.119999885559082031e+00 6.806694573102715124e-07 3.412885803327229823e-06
4.130000114440917969e+00 3.106259108430760951e-07 3.137397217795731324e-06
4.139999866485595703e+00 -5.007174488316919697e-08 2.850315086777303432e-06
4.150000095367431641e+00 -3.997649023633866852e-07 2.553816635918145496e-06
4.159999847412109375e+00 -7.368457668888776230e-07 2.250114036125603074e-06
4.170000076293945312e+00 -1.059895359184693636e-06 1.941328862626271844e-06
4.179999828338623047e+00 -1.367559260087408149e-06 1.629595293835293288e-06
4.190000057220458984e+00 -1.658673621396280574e-06 1.316931398330245457e-06
4.199999809265136719e+00 -1.932150218680348666e-06 1.005347032036598248e-06
4.210000038146972656e+00 -2.187088522535826548e-06 6.967152955878464110e-07
4.219999790191650391e+00 -2.422671970489603970e-06 3.928821367437109957e-07
4.230000019073486328e+00 -2.638264598707915744e-06 9.554107856160292142e-08
4.239999771118164062e+00 -2.833320084671438414e-06 -1.936582998345463569e-07
4.250000000000000000e+00 -3.007461887894883031e-06 -4.732295625473535465e-07
4.259999752044677734e+00 -3.160406245075847935e-06 -7.417446614988343688e-07
4.269999980926513672e+00 -3.292025205662564678e-06 -9.979446048602769688e-07
4.279999732971191406e+00 -3.402284389074371222e-06 -1.240640760371320690e-06
4.289999961853027344e+00 -3.491288716644091978e-06 -1.468814910742193461e-06
4.299999713897705078e+00 -3.559235374332112666e-06 -1.681528641603958146e-06
4.309999942779541016e+00 -3.606442428020934908e-06 -1.878011098940888306e-06
4.319999694824218750e+00 -3.633317082379562593e-06 -2.057578153176403349e-06
4.329999923706054688e+00 -3.640367714991723008e-06 -2.219706580842299566e-06
4.339999675750732422e+00 -3.628187189401827619e-06 -2.363964344947528306e-06
4.349999904632568359e+00 -3.597449150328533008e-06 -2.490070329786306970e-06
4.360000133514404297e+00 -3.548903115766186186e-06 -2.597841419339195124e-06
4.369999885559082031e+00 -3.483369770759374569e-06 -2.687213809500752206e-06
4.380000114440917969e+00 -3.401720938909872956e-06 -2.758248063260431377e-06
4.389999866485595703e+00 -3.304896509247729869e-06 -2.811097145214858998e-06
4.400000095367431641e+00 -3.193866676726492811e-06 -2.846028785999602283e-06
4.409999847412109375e+00 -3.069661904814115868e-06 -2.863400082405166415e-06
4.420000076293945312e+00 -2.933324140326939730e-06 -2.863665355179789100e-06
4.429999828338623047e+00 -2.785947430018826767e-06 -2.847363554400004721e-06
4.440000057220458984e+00 -2.628619776566488724e-06 -2.815112338932788281e-06
4.449999809265136719e+00 -2.462472914658596845e-06 -2.767607787402048805e-06
4.460000038146972656e+00 -2.288616541205486131e-06 -2.705605694847474770e-06
4.469999790191650391e+00 -2.108195655838851462e-06 -2.629932829891973958e-06
4.480000019073486328e+00 -1.922318928112404925e-06 -2.541456670782213631e-06
4.489999771118164062e+00 -1.732121947326628395e-06 -2.441107225174620148e-06
4.500000000000000000e+00 -1.538691486078044994e-06 -2.329836611977018674e-06
4.509999752044677734e+00 -1.343132983486665114e-06 -2.208650274223669594e-06
4.519999980926513672e+00 -1.146492431408204575e-06 -2.078557954161522448e-06
4.529999732971191406e+00 -9.498264312258083426e-07 -1.940612983611621612e-06
4.539999961853027344e+00 -7.541233696045433733e-07 -1.795856297641518617e-06
4.549999713897705078e+00 -5.603744390913488936e-07 -1.645362381192766877e-06
4.559999942779541016e+00 -3.694956874584593272e-07 -1.490178022403126953e-06
4.569999694824218750e+00 -1.823984729418414589e-07 -1.331373428709550855e-06
4.579999923706054688e+00 8.613237070325086429e-11 -1.169977436052655712e-06
4.589999675750732422e+00 1.771388746316944627e-07 -1.007032280896329680e-06
4.599999904632568359e+00 3.480242023142240357e-07 -8.435269584309485657e-07
4.610000133514404297e+00 5.120327239309695093e-07 -6.804463960547831638e-07
4.619999885559082031e+00 6.685099297039801494e-07 -5.187433492673217159e-07
4.630000114440917969e+00 8.168787593622355370e-07 -3.593109763901751387e-07
4.639999866485595703e+00 9.565897313807876800e-07 -2.030324853599027378e-07
4.650000095367431641e+00 1.087178543122436634e-06 -5.071680939169899663e-08
4.659999847412109375e+00 1.208213735158458146e-06 9.684530404899632531e-08
4.670000076293945312e+00 1.319346999538726651e-06 2.389422055604902234e-07
4.679999828338623047e+00 1.420267406107696545e-06 3.748878281869160307e-07
4.690000057220458984e+00 1.510743779067767173e-06 5.040779862093309030e-07
4.699999809265136719e+00 1.590586034187672237e-06 6.259405234974848400e-07
4.710000038146972656e+00 1.659679167732128155e-06 7.399859693913998824e-07
4.719999790191650391e+00 1.717952077284466716e-06 8.457622915607959737e-07
4.730000019073486328e+00 1.765402893980377617e-06 9.428990650690301171e-07
4.739999771118164062e+00 1.802075487467356770e-06 1.031067608400682992e-06
4.750000000000000000e+00 1.828076058872102677e-06 1.110018015973413845e-06
4.759999752044677734e+00 1.843557365231417921e-06 1.179545286685352830e-06
4.769999980926513672e+00 1.848726673205954221e-06 1.239518768398773849e-06
4.779999732971191406e+00 1.843837582730328949e-06 1.289854715807196012e-06
4.789999961853027344e+00 1.829189616424332610e-06 1.330537893205203825e-06
4.799999713897705078e+00 1.805127378467698013e-06 1.361600826677306863e-06
4.809999942779541016e+00 1.772032218151306255e-06 1.383137504412783753e-06
4.819999694824218750e+00 1.730328329933741311e-06 1.395289420879245567e-06
4.829999923706054688e+00 1.680467077934611651e-06 1.398251497902842407e-06
4.839999675750732422e+00 1.622939528250364709e-06 1.392264858978786164e-06
4.849999904632568359e+00 1.558254151038309173e-06 1.377615265569101267e-06
4.859999656677246094e+00 1.486955177562216686e-06 1.354632410961114476e-06
4.869999885559082031e+00 1.409594504937508551e-06 1.323681321430296158e-06
4.880000114440917969e+00 1.326751117244933732e-06 1.285165813577373621e-06
4.889999866485595703e+00 1.239018460619265959e-06 1.239523496669646302e-06
4.900000095367431641e+00 1.146987121582542636e-06 1.187214201491984470e-06
4.909999847412109375e+00 1.051271047122788122e-06 1.128732512468132746e-06
4.920000076293945312e+00 9.524690593457684637e-07 1.064584390867719250e-06
4.929999828338623047e+00 8.511977958628117357e-07 9.953058169847608748e-07
4.940000057220458984e+00 7.480508147705510267e-07 9.214348840305706844e-07
4.949999809265136719e+00 6.436338704730047009e-07 8.435345725184565835e-07
4.960000038146972656e+00 5.385226140126046842e-07 7.621612035726543718e-07
4.969999790191650391e+00 4.332993652663441848e-07 6.778906006307013645e-07
4.980000019073486328e+00 3.285103850178640193e-07 5.912838243059208111e-07
4.989999771118164062e+00 2.247033176843898718e-07 5.029159398430139798e-07
5.000000000000000000e+00 1.223849612790899557e-07 4.133399659652237420e-07
5.009999752044677734e+00 2.205858337731574836e-08 3.231174489201308364e-07
5.019999980926513672e+00 -7.581695388851033564e-08 2.327815461084985086e-07
5.029999732971191406e+00 -1.707907592386074175e-07 1.428686083277046209e-07
5.039999961853027344e+00 -2.624586594565187715e-07 5.388128717918397020e-08
5.049999713897705078e+00 -3.504283453681234575e-07 -3.367965473278326071e-08
5.059999942779541016e+00 -4.343553146981928751e-07 -1.193513735523986222e-07
5.069999694824218750e+00 -5.139102311830579199e-07 -2.026776520044319064e-07
5.079999923706054688e+00 -5.888114907871565537e-07 -2.832432928475408669e-07
5.089999675750732422e+00 -6.587953504671258754e-07 -3.606440419852145404e-07
5.099999904632568359e+00 -7.236446541949543022e-07 -4.345186508211668662e-07
5.109999656677246094e+00 -7.831622042614467586e-07 -5.045206504181320401e-07
5.119999885559082031e+00 -8.371952934067413873e-07 -5.703474769618453231e-07
5.130000114440917969e+00 -8.856148756684216535e-07 -6.317174764957637229e-07
5.139999866485595703e+00 -9.283247922708574289e-07 -6.883815043309355378e-07
5.150000095367431641e+00 -9.652660427757324163e-07 -7.401305181604861385e-07
5.159999847412109375e+00 -9.964024464384279402e-07 -7.867775073485951035e-07
5.170000076293945312e+00 -1.021733839488409078e-06 -8.281772709138593916e-07
5.179999828338623047e+00 -1.041283205071121595e-06 -8.642085620485762334e-07
5.190000057220458984e+00 -1.055105255821782441e-06 -8.947895953832063284e-07
5.199999809265136719e+00 -1.063277797769742546e-06 -9.198639043406991042e-07
5.210000038146972656e+00 -1.065905784806201988e-06 -9.394114289214481908e-07
5.219999790191650391e+00 -1.063116884306084335e-06 -9.534382487676730445e-07
5.230000019073486328e+00 -1.055061166784841903e-06 -9.619832027417981136e-07
5.239999771118164062e+00 -1.041910756912810541e-06 -9.651115676425615339e-07
5.250000000000000000e+00 -1.023855389399175831e-06 -9.629172561703129624e-07
5.259999752044677734e+00 -1.001105951691109136e-06 -9.555204212990492844e-07
5.269999980926513672e+00 -9.738861960124850664e-07 -9.430653683487485240e-07
5.279999732971191406e+00 -9.424399107035123248e-07 -9.257219799063919434e-07
5.289999961853027344e+00 -9.070191287112077118e-07 -9.036795594486127806e-07
5.299999713897705078e+00 -8.678946042662735915e-07 -8.771518929784864492e-07
5.309999942779541016e+00 -8.253409004506713836e-07 -8.463673150326808362e-07
5.319999694824218750e+00 -7.796497975376221098e-07 -8.115771522556454597e-07
5.329999923706054688e+00 -7.311126769381835452e-07 -7.730423668552022612e-07
5.339999675750732422e+00 -6.800364475769285621e-07 -7.310450653213175711e-07
5.349999904632568359e+00 -6.267236709752585567e-07 -6.858721289399809199e-07
5.359999656677246094e+00 -5.714905626759395095e-07 -6.378294185941898482e-07
5.369999885559082031e+00 -5.146453236939776877e-07 -5.872228463706056480e-07
5.380000114440917969e+00 -4.565049571075145538e-07 -5.343722971111528590e-07
5.389999866485595703e+00 -3.973862754797429183e-07 -4.796034712827283990e-07
5.400000095367431641e+00 -3.375958151755450023e-07 -4.232378133769076695e-07
5.409999847412109375e+00 -2.774483150737617087e-07 -3.656092397323367404e-07
5.420000076293945312e+00 -2.172426710518808800e-07 -3.070409961997657740e-07
5.429999828338623047e+00 -1.572835329890445229e-07 -2.478658861131110998e-07
5.440000057220458984e+00 -9.785715448413057832e-08 -1.884023562673006120e-07
5.449999809265136719e+00 -3.925298395054151695e-08 -1.289753980273813621e-07
5.460000038146972656e+00 1.826012042514597106e-08 -6.989238525635507246e-08
5.469999790191650391e+00 7.441273216476410770e-08 -1.146418194167916544e-08
5.480000019073486328e+00 1.289578258255165199e-07 4.601875744907136696e-08
5.489999771118164062e+00 1.816504479267559750e-07 1.022655251063313494e-07
5.500000000000000000e+00 2.322694474687973532e-07 1.570079094908106336e-07
5.509999752044677734e+00 2.805983374121040949e-07 2.099802044874413127e-07
5.519999980926513672e+00 3.264453985109326531e-07 2.609411534516304033e-07
5.529999732971191406e+00 3.696260517858772514e-07 3.096548258577830688e-07
5.539999961853027344e+00 4.099809904540619776e-07 3.559109406725760667e-07
5.549999713897705078e+00 4.473603393355919813e-07 3.995071675252711261e-07
5.559999942779541016e+00 4.816395191984776791e-07 4.402674622067286769e-07
5.569999694824218750e+00 5.127054216820989591e-07 4.780261053194387351e-07
5.579999923706054688e+00 5.404697658538627488e-07 5.126437369584860881e-07
5.589999675750732422e+00 5.648574680577233536e-07 5.439933973274167512e-07
5.599999904632568359e+00 5.858173106568540099e-07 5.719740069824273843e-07
5.609999656677246094e+00 6.033126361353154195e-07 5.964986221674354431e-07
5.619999885559082031e+00 6.173292114339856747e-07 6.175051700446395139e-07
5.629999637603759766e+00 6.278683255376359873e-07 6.349470776923607499e-07
5.639999866485595703e+00 6.349517977689963428e-07 6.488011369579071556e-07
5.650000095367431641e+00 6.386176029750444214e-07 6.590610150224208589e-07
5.659999847412109375e+00 6.389215661383268555e-07 6.657401709942900079e-07
5.670000076293945312e+00 6.359360311221098224e-07 6.688715925847823729e-07
5.679999828338623047e+00 6.297494144037029729e-07 6.685054425736884056e-07
5.690000057220458984e+00 6.204642660844891031e-07 6.647096287287988491e-07
5.699999809265136719e+00 6.081987088188922149e-07 6.575692068515879295e-07
5.710000038146972656e+00 5.930819529779613192e-07 6.471841502905243815e-07
5.719999790191650391e+00 5.752579154085427687e-07 6.336711767549209863e-07
5.730000019073486328e+00 5.548783998898467227e-07 6.171588712434479458e-07
5.739999771118164062e+00 5.321087336553173906e-07 5.977918114623447415e-07
5.750000000000000000e+00 5.071188663446606906e-07 5.757232483163038071e-07
5.759999752044677734e+00 4.800908297915611260e-07 5.511213629589242973e-07
5.769999980926513672e+00 4.512080422244006995e-07 5.241597525498393710e-07
5.779999732971191406e+00 4.206643692052685111e-07 4.950256150886068277e-07
5.789999961853027344e+00 3.886519442896044164e-07 4.639083241392628422e-07
5.799999713897705078e+00 3.553715865672484037e-07 4.310093061914244333e-07
5.809999942779541016e+00 3.210194642155795331e-07 3.965290160111782360e-07
5.819999694824218750e+00 2.857986070868135260e-07 3.606782457145655283e-07
5.829999923706054688e+00 2.499047457950222538e-07 3.236638320806349475e-07
5.839999675750732422e+00 2.135386464309600174e-07 2.857011171353226712e-07
5.849999904632568359e+00 1.768914555389506812e-07 2.469987301482853733e-07
5.859999656677246094e+00 1.401575783820035820e-07 2.077719064523674671e-07
5.869999885559082031e+00 1.035198502593275162e-07 1.682266902299445391e-07
5.879999637603759766e+00 6.716267977323348535e-08 1.285738115883461203e-07
5.889999866485595703e+00 3.125735041630142611e-08 8.901265203208011487e-08
5.900000095367431641e+00 -4.026509148884185594e-09 4.974351700698547426e-08
5.909999847412109375e+00 -3.852688607152656056e-08 1.096100685366732448e-08
5.920000076293945312e+00 -7.209474438121478383e-08 -2.715230762479521465e-08
5.929999828338623047e+00 -1.045831125476858658e-07 -6.441380288996087484e-08
5.940000057220458984e+00 -1.358602803193891089e-07 -1.006560226367033757e-07
5.949999809265136719e+00 -1.657977942573989997e-07 -1.357131611730080088e-07
5.960000038146972656e+00 -1.942826575608947554e-07 -1.694354500173533221e-07
5.969999790191650391e+00 -2.212061722958358298e-07 -2.016763534775138402e-07
5.980000019073486328e+00 -2.464749620400552976e-07 -2.323058729248407863e-07
5.989999771118164062e+00 -2.700008494951709793e-07 -2.611986871660370771e-07
6.000000000000000000e+00 -2.917105536309671282e-07 -2.882461574203537448e-07
6.009999752044677734e+00 -3.115367627023931802e-07 -3.133456174659075271e-07
6.019999980926513672e+00 -3.294263891724330741e-07 -3.364108965943128858e-07
6.029999732971191406e+00 -3.453329673301161081e-07 -3.573629337187715295e-07
6.039999961853027344e+00 -3.592233800935350313e-07 -3.761386712952612611e-07
6.049999713897705078e+00 -3.710716782386046274e-07 -3.926831343973608700e-07
6.059999942779541016e+00 -3.808642228945112082e-07 -4.069565850640662758e-07
6.069999694824218750e+00 -3.885949905904183436e-07 -4.189281725248220305e-07
6.079999923706054688e+00 -3.942691037225927674e-07 -4.285812740830417927e-07
6.089999675750732422e+00 -3.978996529550878197e-07 -4.359087870038858538e-07
6.099999904632568359e+00 -3.995096150860313779e-07 -4.409166182926254459e-07
6.109999656677246094e+00 -3.991301925241626849e-07 -4.436206530284155046e-07
6.119999885559082031e+00 -3.968011438528264110e-07 -4.440483908012163979e-07
6.129999637603759766e+00 -3.925706097760212648e-07 -4.422375902040018114e-07
6.139999866485595703e+00 -3.864939063206291248e-07 -4.382360838268246114e-07
6.150000095367431641e+00 -3.786343622248122756e-07 -4.321017226215403468e-07
6.159999847412109375e+00 -3.690627290325503615e-07 -4.239021454059457574e-07
6.170000076293945312e+00 -3.578550438696193134e-07 -4.137126869438822901e-07
6.179999828338623047e+00 -3.450956125257670127e-07 -4.016188566744484473e-07
6.190000057220458984e+00 -3.308723283989554018e-07 -3.877119476400550377e-07
6.199999809265136719e+00 -3.152810765100247827e-07 -3.720930787376309002e-07
6.210000038146972656e+00 -2.984198659478460490e-07 -3.548673354250753532e-07
6.219999790191650391e+00 -2.803942734575632015e-07 -3.361491040394747873e-07
6.230000019073486328e+00 -2.613105340031879476e-07 -3.160549040947814807e-07
6.239999771118164062e+00 -2.412818745733596948e-07 -2.947098615145946395e-07
6.250000000000000000e+00 -2.204207237663720510e-07 -2.722394129570539963e-07
6.259999752044677734e+00 -1.988457758352084041e-07 -2.487767479924078226e-07
6.269999980926513672e+00 -1.766734939866924789e-07 -2.244535829324149785e-07
6.279999732971191406e+00 -1.540257376385400534e-07 -1.994083892033175960e-07
6.289999961853027344e+00 -1.310207449364214891e-07 -1.737764472874833403e-07
6.299999713897705078e+00 -1.077811526469627324e-07 -1.476986698821401286e-07
6.309999942779541016e+00 -8.442465075956695287e-08 -1.213111554901578230e-07
6.319999694824218750e+00 -6.107222423802586453e-08 -9.475441038713394121e-08
6.329999923706054688e+00 -3.783867608671317967e-08 -6.816262591848148913e-08
6.339999675750732422e+00 -1.484092313561573265e-08 -4.167310272467421863e-08
6.349999904632568359e+00 7.811416734738447487e-09 -1.541547574432223030e-08
6.359999656677246094e+00 3.000783670740118761e-08 1.047885257814384183e-08
6.369999885559082031e+00 5.164609902851027518e-08 3.588732026036864216e-08
6.379999637603759766e+00 7.262430839489789842e-08 6.068695000114885131e-08
6.389999866485595703e+00 9.284963406333791771e-08 8.476458001565878389e-08
6.399999618530273438e+00 1.122307869242586340e-07 1.080079618950164911e-07
6.409999847412109375e+00 1.306861384138940014e-07 1.303154178013847170e-07
6.420000076293945312e+00 1.481375376557400463e-07 1.515884432137438536e-07
6.429999828338623047e+00 1.645136424152818426e-07 1.717356704685930697e-07
6.440000057220458984e+00 1.797523456858928315e-07 1.906759024984392061e-07
6.449999809265136719e+00 1.937956975960462950e-07 2.083318596028479404e-07
6.460000038146972656e+00 2.065959093549753020e-07 2.246376671886548698e-07
6.469999790191650391e+00 2.181101604847586335e-07 2.395323659379890700e-07
6.480000019073486328e+00 2.283055750577006254e-07 2.529662990938600811e-07
6.489999771118164062e+00 2.371548883472938572e-07 2.648955716060600385e-07
6.500000000000000000e+00 2.446403307120691840e-07 2.752872441025537534e-07
6.509999752044677734e+00 2.507502062715768664e-07 2.841148179618307647e-07
6.519999980926513672e+00 2.554816472594064880e-07 2.913621718513343628e-07
6.529999732971191406e+00 2.588381381904309289e-07 2.970201271142021497e-07
6.539999961853027344e+00 2.608311307776638703e-07 3.010890919423047676e-07
6.549999713897705078e+00 2.614785278692347261e-07 3.035767385989623501e-07
6.559999942779541016e+00 2.608051752288453113e-07 3.044993491335867584e-07
6.569999694824218750e+00 2.588423006184492867e-07 3.038806132213148253e-07
6.579999923706054688e+00 2.556269231024822799e-07 3.017516970762483446e-07
6.589999675750732422e+00 2.512022243641013942e-07 2.981511484878728607e-07
6.599999904632568359e+00 2.456159380499476078e-07 2.931237365738926879e-07
6.609999656677246094e+00 2.389216130562755978e-07 2.867214293302247526e-07
6.619999885559082031e+00 2.311760642773431232e-07 2.790010755007155648e-07
6.629999637603759766e+00 2.224414714982457844e-07 2.700264000118387749e-07
6.639999866485595703e+00 2.127819884011443634e-07 2.598646200508902449e-07
6.649999618530273438e+00 2.022666061452806235e-07 2.485893854744158716e-07
6.659999847412109375e+00 1.909650294618254336e-07 2.362764388442892404e-07
6.670000076293945312e+00 1.789506325570267735e-07 2.230067573600624810e-07
6.679999828338623047e+00 1.662986630443183727e-07 2.088646520135257326e-07
6.690000057220458984e+00 1.530838439462688747e-07 1.939350447078932504e-07
6.699999809265136719e+00 1.393842393634247727e-07 1.783077876184507626e-07
6.710000038146972656e+00 1.252758217160115637e-07 1.620714985411738258e-07
6.719999790191650391e+00 1.108372879845718649e-07 1.453190198168994013e-07
6.730000019073486328e+00 9.614432016185604507e-08 1.281407717123355699e-07
6.739999771118164062e+00 8.127472014362901603e-08 1.106306605391071993e-07
6.750000000000000000e+00 6.630248576757489691e-08 9.287909736195216213e-08
6.759999752044677734e+00 5.130315068052863121e-08 7.497922312142384145e-08
6.769999980926513672e+00 3.634779427392184202e-08 5.701973955579296014e-08
6.779999732971191406e+00 2.150847281290228206e-08 3.909131710539174449e-08
6.789999961853027344e+00 6.852275835047373869e-09 2.127938187454040559e-08
6.799999713897705078e+00 -7.553262850739071102e-09 3.670572825941790357e-09
6.809999942779541016e+00 -2.164595677466996960e-08 -1.365437681314572342e-08
6.819999694824218750e+00 -3.536368276025159890e-08 -3.061426314442618477e-08
6.829999923706054688e+00 -4.864992301016650714e-08 -4.713430481126424940e-08
6.839999675750732422e+00 -6.144870821501392319e-08 -6.313997153008887091e-08
6.849999904632568359e+00 -7.370982126299515602e-08 -7.856353020055746057e-08
6.859999656677246094e+00 -8.538405924513916443e-08 -9.333819426825185433e-08
6.869999885559082031e+00 -9.642801913253435626e-08 -1.074042117223832325e-07
6.879999637603759766e+00 -1.067997603941343232e-07 -1.207034408534705302e-07
6.889999866485595703e+00 -1.164631025652827648e-07 -1.331848810792781575e-07
6.899999618530273438e+00 -1.253837589018544832e-07 -1.447997685555275164e-07
6.909999847412109375e+00 -1.335330856926801972e-07 -1.555064637694945471e-07
6.920000076293945312e+00 -1.408850763106863299e-07 -1.652665891674651219e-07
6.929999828338623047e+00 -1.474178564244880575e-07 -1.740469899193240162e-07
6.940000057220458984e+00 -1.531144847277386923e-07 -1.818208632888715373e-07
6.949999809265136719e+00 -1.579608975471620727e-07 -1.885650034975933222e-07
6.960000038146972656e+00 -1.619480927409971855e-07 -1.942627974766066743e-07
6.969999790191650391e+00 -1.650702846391151641e-07 -1.989016707348504584e-07
6.980000019073486328e+00 -1.673264126515882850e-07 -2.024752522708328614e-07
6.989999771118164062e+00 -1.687189259508735579e-07 -2.049815797405018354e-07
7.000000000000000000e+00 -1.692546060155325884e-07 -2.064244145999709751e-07
7.009999752044677734e+00 -1.689439804705195900e-07 -2.068122164570004556e-07
7.019999980926513672e+00 -1.678014608345281032e-07 -2.061586054400251820e-07
7.029999732971191406e+00 -1.658453727521525383e-07 -2.044821001151900848e-07
7.039999961853027344e+00 -1.630974224982355959e-07 -2.018057399745564112e-07
7.049999713897705078e+00 -1.595833194796517288e-07 -1.981575665061294042e-07
7.059999942779541016e+00 -1.553315973882464433e-07 -1.935694343199236994e-07
7.069999694824218750e+00 -1.503747944801707111e-07 -1.880782011228201343e-07
7.079999923706054688e+00 -1.447476674298479422e-07 -1.817237711058000892e-07
7.089999675750732422e+00 -1.384888856476422086e-07 -1.745509469268928829e-07
7.099999904632568359e+00 -1.316386875570808453e-07 -1.666067632516519978e-07
7.109999656677246094e+00 -1.242410371970163521e-07 -1.579429425875764868e-07
7.119999885559082031e+00 -1.163407834948864536e-07 -1.486125899969464234e-07
7.129999637603759766e+00 -1.079862206776141310e-07 -1.386731848950783165e-07
7.139999866485595703e+00 -9.922582078932120455e-08 -1.281827196158748669e-07
7.149999618530273438e+00 -9.011113406499728668e-08 -1.172031512170182577e-07
7.159999847412109375e+00 -8.069317308669996204e-08 -1.057960764534341812e-07
7.170000076293945312e+00 -7.102511915280797029e-08 -9.402599244046276578e-08
7.179999828338623047e+00 -6.116077335387589762e-08 -8.195845267899185125e-08
7.190000057220458984e+00 -5.115278976094113765e-08 -6.965790787776399833e-08
7.199999809265136719e+00 -4.105568117958852905e-08 -5.719140400714920504e-08
7.210000038146972656e+00 -3.092171159501416350e-08 -4.462354884038775997e-08
7.219999790191650391e+00 -2.080443806985263949e-08 -3.202090018253044569e-08
7.230000019073486328e+00 -1.075456472422982535e-08 -1.944683885276927607e-08
7.239999771118164062e+00 -8.235072555087382621e-10 -6.966022382089917473e-09
7.250000000000000000e+00 8.940702235679143489e-09 5.360726866811887380e-09
7.259999752044677734e+00 1.848989744406756656e-08 1.747199143458355101e-08
7.269999980926513672e+00 2.777973681785832327e-08 2.931075017500576502e-08
7.279999732971191406e+00 3.676629870926488019e-08 4.082005713370120518e-08
7.289999961853027344e+00 4.540982485078493044e-08 5.194781295828569163e-08
7.299999713897705078e+00 5.367149048658175121e-08 6.264263394197707477e-08
7.309999942779541016e+00 6.151686109542328373e-08 7.285831191286943627e-08
7.319999694824218750e+00 6.891289431158709387e-08 8.254994839041897024e-08
7.329999923706054688e+00 7.583104819970816210e-08 9.167802138914200274e-08
7.339999675750732422e+00 8.224456563806478725e-08 1.002048523171235193e-07
7.349999904632568359e+00 8.813118320422561147e-08 1.080982096607224091e-07
7.359999656677246094e+00 9.347074177311292838e-08 1.153281678680778869e-07
7.369999885559082031e+00 9.824745658992966783e-08 1.218701906029693964e-07
7.379999637603759766e+00 1.024478902482495047e-07 1.277024315587552787e-07
7.389999866485595703e+00 1.060627563857315414e-07 1.328082534699620679e-07
7.399999618530273438e+00 1.090852831059977374e-07 1.371740107906880157e-07
7.409999847412109375e+00 1.115125345108875294e-07 1.407909744942270404e-07
7.419999599456787109e+00 1.133441841759272656e-07 1.436536260295759722e-07
7.429999828338623047e+00 1.145833500632542898e-07 1.457609717242158745e-07
7.440000057220458984e+00 1.152358062673957661e-07 1.471154133217364323e-07
7.449999809265136719e+00 1.153102511631653087e-07 1.477232155606903801e-07
7.460000038146972656e+00 1.148180609723921381e-07 1.475943111976081887e-07
7.469999790191650391e+00 1.137731906404913846e-07 1.467420490945914486e-07
7.480000019073486328e+00 1.121918394941337838e-07 1.451829975343934035e-07
7.489999771118164062e+00 1.100926899163198870e-07 1.429371026796309977e-07
7.500000000000000000e+00 1.074961469389659846e-07 1.400269244469167144e-07
7.509999752044677734e+00 1.044249696749739308e-07 1.364783051720569630e-07
7.519999980926513672e+00 1.009031190278817391e-07 1.323190744803415175e-07
7.529999732971191406e+00 9.695675633871083439e-08 1.275801999107820916e-07
7.539999961853027344e+00 9.261273855727679262e-08 1.222940055712883739e-07
7.549999713897705078e+00 8.789995197997932829e-08 1.164957676995761594e-07
7.559999942779541016e+00 8.284749817781620443e-08 1.102214988373274962e-07
7.569999694824218750e+00 7.748632498884728677e-08 1.035099435106815738e-07
7.579999923706054688e+00 7.184714934793898540e-08 9.639998521581694223e-08
7.589999675750732422e+00 6.596234295905367837e-08 8.893299072833549045e-08
7.599999904632568359e+00 5.986364005425086245e-08 8.114990141928596122e-08
7.609999656677246094e+00 5.358423148664304276e-08 7.309386926659011446e-08
7.619999885559082031e+00 4.715630650354726376e-08 6.480709699948162945e-08
7.629999637603759766e+00 4.061330641688839387e-08 5.633370476535818409e-08
7.639999866485595703e+00 3.398734984196679086e-08 4.771638542919853166e-08
7.649999618530273438e+00 2.731159563989863344e-08 3.899943810117728948e-08
7.659999847412109375e+00 2.061760085913202008e-08 3.022530568765800949e-08
7.669999599456787109e+00 1.393774229168463393e-08 2.143771012503541371e-08
7.679999828338623047e+00 7.302555644700237187e-09 1.267813908030342914e-08
7.690000057220458984e+00 7.428552600758023513e-10 3.988605729707080193e-09
7.699999809265136719e+00 -5.711345572777510002e-09 -4.589789496351930813e-09
7.710000038146972656e+00 -1.203184675972503318e-08 -1.301823223690595086e-08
7.719999790191650391e+00 -1.819022548963010006e-08 -2.125750511603888342e-08
7.730000019073486328e+00 -2.416034036012195215e-08 -2.927134479468844358e-08
7.739999771118164062e+00 -2.991608443627017756e-08 -3.702345191707666416e-08
7.750000000000000000e+00 -3.543375033278281178e-08 -4.448067905645182100e-08
7.759999752044677734e+00 -4.068993007826533470e-08 -5.161021359219209546e-08
7.769999980926513672e+00 -4.566370143479582089e-08 -5.838254116059265247e-08
7.779999732971191406e+00 -5.033471025304213358e-08 -6.476885144505591727e-08
7.789999961853027344e+00 -5.468514168089215778e-08 -7.074372653871793083e-08
7.799999713897705078e+00 -5.869801574174511946e-08 -7.628281359488647768e-08
7.809999942779541016e+00 -6.235891106741731517e-08 -8.136519310509325677e-08
7.819999694824218750e+00 -6.565449910365770540e-08 -8.597135567071517778e-08
7.829999923706054688e+00 -6.857399262478134856e-08 -9.008521157854958903e-08
7.839999675750732422e+00 -7.110793839472720411e-08 -9.369240178119372634e-08
7.849999904632568359e+00 -7.324936797684016823e-08 -9.678191726914603191e-08
7.859999656677246094e+00 -7.499286297728418564e-08 -9.934476685168097972e-08
7.869999885559082031e+00 -7.633539151321624748e-08 -1.013751826087969416e-07
7.879999637603759766e+00 -7.727565445059933184e-08 -1.028696594055957590e-07
7.889999866485595703e+00 -7.781459725307590135e-08 -1.038277310485605563e-07
7.899999618530273438e+00 -7.795504000301386077e-08 -1.042513888012417799e-07
7.909999847412109375e+00 -7.770186109802814398e-08 -1.041454216229890690e-07
7.919999599456787109e+00 -7.706190840460281280e-08 -1.035172134254161748e-07
7.929999828338623047e+00 -7.604385823339384414e-08 -1.023766497535152173e-07
7.940000057220458984e+00 -7.465832516631873772e-08 -1.007361963549502608e-07
7.949999809265136719e+00 -7.291777991661433207e-08 -9.861083322098185493e-08
7.960000038146972656e+00 -7.083614093292267518e-08 -9.601754628457862622e-08
7.969999790191650391e+00 -6.842930409031923017e-08 -9.297598150287927404e-08
7.980000019073486328e+00 -6.571425022472438784e-08 -8.950733642562632346e-08
7.989999771118164062e+00 -6.270984792687388698e-08 -8.563538004922123103e-08
8.000000000000000000e+00 -5.943570162022302525e-08 -8.138498791885897512e-08
8.010000228881835938e+00 -5.591299142713309875e-08 -7.678322897350502475e-08
8.019999504089355469e+00 -5.216414529694914426e-08 -7.185896254149384592e-08
8.029999732971191406e+00 -4.821138239808641048e-08 -6.664092913726149207e-08
8.039999961853027344e+00 -4.407871616446864806e-08 -6.116039145582738115e-08
8.050000190734863281e+00 -3.979039438388371680e-08 -5.544909688384976361e-08
8.059999465942382812e+00 -3.537152231044609895e-08 -4.954011382037192865e-08
8.069999694824218750e+00 -3.084621233637689888e-08 -4.346536517937911827e-08
8.079999923706054688e+00 -2.623996515909139324e-08 -3.725882082167156834e-08
8.090000152587890625e+00 -2.157784444982932677e-08 -3.095406541718550915e-08
8.099999427795410156e+00 -1.688519449477097721e-08 -2.458527141850648730e-08
8.109999656677246094e+00 -1.218570468752139074e-08 -1.818457508295186276e-08
8.119999885559082031e+00 -7.503961819537881952e-09 -1.178554300323655626e-08
8.130000114440917969e+00 -2.863529852066627514e-09 -5.420568256409294710e-09
8.139999389648437500e+00 1.712293823539820528e-09 8.780973437957777038e-10
8.149999618530273438e+00 6.202332939487184717e-09 7.080901063086606659e-09
8.159999847412109375e+00 1.058501655707965983e-08 1.315753168488469776e-08
8.170000076293945312e+00 1.484022979750628670e-08 1.907947304738492911e-08
8.179999351501464844e+00 1.894857630371443013e-08 2.481899153239299600e-08
8.189999580383300781e+00 2.289300817634163977e-08 3.035142667640935847e-08
8.199999809265136719e+00 2.665653843617108303e-08 3.565200891600908656e-08
8.210000038146972656e+00 3.022387995183354555e-08 4.069816286406254158e-08
8.220000267028808594e+00 3.358109154284108926e-08 4.546903150145017681e-08
8.229999542236328125e+00 3.671532506959997854e-08 4.994513184779603159e-08
8.239999771118164062e+00 3.961602512595573837e-08 5.411009002472896315e-08
8.250000000000000000e+00 4.227314952526890237e-08 5.794812031297958956e-08
8.260000228881835938e+00 4.467839417037827981e-08 6.144579375800391810e-08
8.269999504089355469e+00 4.682468924912193301e-08 6.459133326310286218e-08
8.279999732971191406e+00 4.870698357191489752e-08 6.737578817509753170e-08
8.289999961853027344e+00 5.032099854006503454e-08 6.979123044922541242e-08
8.300000190734863281e+00 5.166404869982617220e-08 7.183197706480522046e-08
8.309999465942382812e+00 5.273470596270622556e-08 7.349411113274067904e-08
8.319999694824218750e+00 5.353314727252136045e-08 7.477604979572293362e-08
8.329999923706054688e+00 5.406050265033034080e-08 7.567755505043255164e-08
8.340000152587890625e+00 5.431924653776453287e-08 7.620035950924790690e-08
8.349999427795410156e+00 5.431304933165164480e-08 7.634794241042733091e-08
8.359999656677246094e+00 5.404670046317016669e-08 7.612549333552002404e-08
8.369999885559082031e+00 5.352606130330498394e-08 7.553976697206846847e-08
8.380000114440917969e+00 5.275803454739780090e-08 7.459910891434133499e-08
8.389999389648437500e+00 5.175060508395510768e-08 7.331349294781917495e-08
8.399999618530273438e+00 5.051237724251197191e-08 7.169392466220709796e-08
8.409999847412109375e+00 4.905309644018350792e-08 6.975310324089636117e-08
8.420000076293945312e+00 4.738323012888578598e-08 6.750488485825646208e-08
8.429999351501464844e+00 4.551418295627741845e-08 6.496456478035320971e-08
8.439999580383300781e+00 4.345750715798490878e-08 6.214779830129361975e-08
8.449999809265136719e+00 4.122591622494788420e-08 5.907197342618102337e-08
8.460000038146972656e+00 3.883253172299938535e-08 5.575518314532723682e-08
8.470000267028808594e+00 3.629099402951786266e-08 5.221636794416609020e-08
8.479999542236328125e+00 3.361566482454636670e-08 4.847559424616188921e-08
8.489999771118164062e+00 3.082053432925691235e-08 4.455251910940305755e-08
8.500000000000000000e+00 2.792069464519341074e-08 4.046844404642785252e-08
8.510000228881835938e+00 2.493126993896181328e-08 3.624481407234310366e-08
8.519999504089355469e+00 2.186789949002056261e-08 3.190389197932646453e-08
8.529999732971191406e+00 1.874549967772597055e-08 2.746699745414675937e-08
8.539999961853027344e+00 1.557995630167154228e-08 2.295689998870171165e-08
8.550000190734863281e+00 1.238689747625922565e-08 1.839607623919796095e-08
8.559999465942382812e+00 9.182223557037305292e-09 1.380746075651150419e-08
8.569999694824218750e+00 5.980817746145654057e-09 9.212595347855802660e-09
8.579999923706054688e+00 2.798316081772936554e-09 4.634160492499099121e-09
8.590000152587890625e+00 -3.501822899126877678e-10 9.412706637428427495e-11
8.599999427795410156e+00 -3.449583762558108769e-09 -4.385481221284451115e-09
8.609999656677246094e+00 -6.486044952883819204e-09 -8.784388902632911919e-09
8.619999885559082031e+00 -9.445263325648310599e-09 -1.308159901373722550e-08
8.630000114440917969e+00 -1.231373141517366619e-08 -1.725720560411870065e-08
8.639999389648437500e+00 -1.507824464138943081e-08 -2.129167944058670207e-08
8.649999618530273438e+00 -1.772700884484408152e-08 -2.516748519774258651e-08
8.659999847412109375e+00 -2.024811697521569152e-08 -2.886685835695958337e-08
8.670000076293945312e+00 -2.263067279421893814e-08 -3.237344445631936375e-08
8.679999351501464844e+00 -2.486437095242900442e-08 -3.567168339656832383e-08
8.689999580383300781e+00 -2.694038585135024970e-08 -3.874812333741209388e-08
8.699999809265136719e+00 -2.885013863609646267e-08 -4.158960095919719114e-08
8.710000038146972656e+00 -3.058620640105233885e-08 -4.418458461477635562e-08
8.720000267028808594e+00 -3.214213848755290084e-08 -4.652290609786658599e-08
8.729999542236328125e+00 -3.351236572531050419e-08 -4.859562485017503560e-08
8.739999771118164062e+00 -3.469273037118156194e-08 -5.039583436578266504e-08
8.750000000000000000e+00 -3.567971990107685772e-08 -5.191750748526825302e-08
8.760000228881835938e+00 -3.647101990681570441e-08 -5.315633687867118051e-08
8.769999504089355469e+00 -3.706533228010528031e-08 -5.410946162852128006e-08
8.779999732971191406e+00 -3.746258121376432000e-08 -5.477580832661221055e-08
8.789999961853027344e+00 -3.766356419452554237e-08 -5.515554063783368959e-08
8.800000190734863281e+00 -3.767018173748014169e-08 -5.525043587471462399e-08
8.809999465942382812e+00 -3.748537520755360323e-08 -5.506378738518325400e-08
8.819999694824218750e+00 -3.711300852116615619e-08 -5.460027270663771922e-08
8.829999923706054688e+00 -3.655793862983779351e-08 -5.386601821121417019e-08
8.840000152587890625e+00 -3.582592098963883883e-08 -5.286850261396850510e-08
8.849999427795410156e+00 -3.492366446699706471e-08 -5.161663251551327795e-08
8.859999656677246094e+00 -3.385841792005782328e-08 -5.012017232277352813e-08
8.869999885559082031e+00 -3.263843008987613379e-08 -4.839038682288789837e-08
8.880000114440917969e+00 -3.127255925434865472e-08 -4.643950503871515821e-08
8.889999389648437500e+00 -2.977043560484372262e-08 -4.428095539620567648e-08
8.899999618530273438e+00 -2.814180699601558629e-08 -4.192842957918102329e-08
8.909999847412109375e+00 -2.639732975547273261e-08 -3.939702308894006359e-08
8.920000076293945312e+00 -2.454793578078680979e-08 -3.670233014613306816e-08
8.929999351501464844e+00 -2.260508618708146437e-08 -3.386081509075591276e-08
8.939999580383300781e+00 -2.057994808115568876e-08 -3.088861032124479007e-08
8.949999809265136719e+00 -1.848443549194498481e-08 -2.780304047356592041e-08
8.960000038146972656e+00 -1.633040432467357624e-08 -2.462144665291218548e-08
8.970000267028808594e+00 -1.412976342554991388e-08 -2.136134790557955348e-08
8.979999542236328125e+00 -1.189462117730428322e-08 -1.804065943623936481e-08
8.989999771118164062e+00 -9.636364015573206596e-09 -1.467632153871037029e-08
9.000000000000000000e+00 -7.366874869734535613e-09 -1.128610757169910772e-08
9.010000228881835938e+00 -5.097623496517498794e-09 -7.887270138510820956e-09
9.019999504089355469e+00 -2.840037303506584895e-09 -4.497091228430480340e-09
9.029999732971191406e+00 -6.045896105343397514e-10 -1.131508013968503814e-09
9.039999961853027344e+00 1.597954243065094511e-09 2.193020875177585970e-09
9.050000190734863281e+00 3.757443658955990504e-09 5.460881906083613606e-09
9.059999465942382812e+00 5.863967584689107747e-09 8.656746490825195163e-09
9.069999694824218750e+00 7.908687933847853126e-09 1.176684242914917623e-08
9.079999923706054688e+00 9.882663335692757498e-09 1.477717597917154958e-08
9.090000152587890625e+00 1.177768530378820125e-08 1.767480660975405324e-08
9.099999427795410156e+00 1.358592906581290877e-08 2.044732170093172569e-08
9.109999656677246094e+00 1.530065396339597879e-08 2.308391809661192989e-08
9.119999885559082031e+00 1.691518286308657547e-08 2.557384411818147239e-08
9.130000114440917969e+00 1.842361293572600751e-08 2.790749551268276707e-08
9.139999389648437500e+00 1.982051994862042580e-08 3.007596631640324794e-08
9.149999618530273438e+00 2.110148651393561374e-08 3.207187599118186864e-08
9.159999847412109375e+00 2.226230536806001132e-08 3.388813868033948681e-08
9.170000076293945312e+00 2.329952444344398647e-08 3.551881446272883380e-08
9.179999351501464844e+00 2.421022634720081246e-08 3.695877013749726989e-08
9.189999580383300781e+00 2.499236067627223204e-08 3.820421078995425231e-08
9.199999809265136719e+00 2.564421778968291154e-08 3.925185257757035814e-08
9.210000038146972656e+00 2.616478227691500852e-08 4.009948537580305446e-08
9.220000267028808594e+00 2.655363232830467233e-08 4.074581837837366205e-08
9.229999542236328125e+00 2.681091246369797897e-08 4.119043706666470630e-08
9.239999771118164062e+00 2.693740890500014922e-08 4.143394113274199081e-08
9.250000000000000000e+00 2.693439112485099585e-08 4.147767567486918768e-08
9.260000228881835938e+00 2.680371005039885066e-08 4.132390363490240522e-08
9.269999504089355469e+00 2.654778398777635292e-08 4.097577778556486559e-08
9.279999732971191406e+00 2.616947425348055507e-08 4.043716899965240315e-08
9.289999961853027344e+00 2.567221614893268069e-08 3.971284380453303528e-08
9.300000190734863281e+00 2.505991583603614691e-08 3.880832548737197161e-08
9.309999465942382812e+00 2.433702441806902527e-08 3.773000266954450710e-08
9.319999694824218750e+00 2.350823162501617396e-08 3.648467265385063941e-08
9.329999923706054688e+00 2.257885881195211916e-08 3.508012865141393219e-08
9.340000152587890625e+00 2.155457028429915620e-08 3.352473098719987737e-08
9.349999427795410156e+00 2.044152264702291035e-08 3.182763427431334843e-08
9.359999656677246094e+00 1.924590528716245171e-08 2.999808781202647807e-08
9.369999885559082031e+00 1.797455018095497310e-08 2.804636694536357208e-08
9.380000114440917969e+00 1.663448522969523912e-08 2.598309417702953722e-08
9.389999389648437500e+00 1.523314102191573684e-08 2.381955842558044371e-08
9.399999618530273438e+00 1.377777689181693650e-08 2.156683029766420837e-08
9.409999847412109375e+00 1.227624888795795441e-08 1.923694950855800491e-08
9.420000076293945312e+00 1.073644358522995739e-08 1.684205288075534347e-08
9.429999351501464844e+00 9.166521770180198533e-09 1.439475415422004825e-08
9.439999580383300781e+00 7.574277129681901763e-09 1.190714537599214685e-08
9.449999809265136719e+00 5.967995316536383746e-09 9.392137364368139418e-09
9.460000038146972656e+00 4.355815663473553139e-09 6.862466161314088112e-09
9.469999313354492188e+00 2.745990794298298417e-09 4.331100305809335513e-09
9.479999542236328125e+00 1.146230246971907628e-09 1.810208800587157539e-09
9.489999771118164062e+00 -4.354195214934330961e-10 -6.874550206905498831e-10
9.500000000000000000e+00 -1.991232466237789428e-09 -3.149587039787299734e-09
9.510000228881835938e+00 -3.513690645392871883e-09 -5.564157014766779306e-09
9.519999504089355469e+00 -4.995385564640386172e-09 -7.919252417219376487e-09
9.529999732971191406e+00 -6.429618846643922719e-09 -1.020403518597844776e-08
9.539999961853027344e+00 -7.809590872481228401e-09 -1.240745418281290150e-08
9.550000190734863281e+00 -9.129006262600883715e-09 -1.451920979080796360e-08
9.559999465942382812e+00 -1.038184760616495492e-08 -1.652939579994604045e-08
9.569999694824218750e+00 -1.156287776112164909e-08 -1.842930920458193713e-08
9.579999923706054688e+00 -1.266694986697543851e-08 -2.021034695927066401e-08
9.590000152587890625e+00 -1.368951686424835431e-08 -2.186482740470893291e-08
9.599999427795410156e+00 -1.462644481321993694e-08 -2.338569393994589029e-08
9.609999656677246094e+00 -1.547437988402429733e-08 -2.476711608902086976e-08
9.619999885559082031e+00 -1.623022570706802794e-08 -2.600364623789518087e-08
9.630000114440917969e+00 -1.689151962519288972e-08 -2.709083537158467637e-08
9.639999389648437500e+00 -1.745629637264348555e-08 -2.802501588189054933e-08
9.649999618530273438e+00 -1.792329687128066444e-08 -2.880365326692687532e-08
9.659999847412109375e+00 -1.829164357553930462e-08 -2.942481490487541841e-08
9.670000076293945312e+00 -1.856106030988474639e-08 -2.988753899904239416e-08
9.679999351501464844e+00 -1.873179354121410256e-08 -3.019170826644216395e-08
9.689999580383300781e+00 -1.880465594940427510e-08 -3.033813654463942603e-08
9.699999809265136719e+00 -1.878091344729174542e-08 -3.032837498605893859e-08
9.710000038146972656e+00 -1.866234121957563107e-08 -3.016481802265574973e-08
9.719999313354492188e+00 -1.845120595264368203e-08 -2.985067371049359734e-08
9.729999542236328125e+00 -1.815015259291002924e-08 -2.938979474273653404e-08
9.739999771118164062e+00 -1.776229951899820290e-08 -2.878682000102979402e-08
9.750000000000000000e+00 -1.729113858382413931e-08 -2.804702627183959530e-08
9.760000228881835938e+00 -1.674052129108033155e-08 -2.717630553645642484e-08
9.769999504089355469e+00 -1.611469105035277002e-08 -2.618121743162027375e-08
9.779999732971191406e+00 -1.541800529861522970e-08 -2.506854736506961096e-08
9.789999961853027344e+00 -1.465526174868818859e-08 -2.384582513943161319e-08
9.800000190734863281e+00 -1.383143345134850451e-08 -2.252090359781210993e-08
9.809999465942382812e+00 -1.295177839842498817e-08 -2.110213382810868472e-08
9.819999694824218750e+00 -1.202146574848830690e-08 -1.959776132676183015e-08
9.829999923706054688e+00 -1.104604765280698240e-08 -1.801668602623018935e-08
9.840000152587890625e+00 -1.003109676489173508e-08 -1.636787678821955030e-08
9.849999427795410156e+00 -8.982358224737146240e-09 -1.466061658753694409e-08
9.859999656677246094e+00 -7.905316488501097892e-09 -1.290379583853895556e-08
9.869999885559082031e+00 -6.805767698788837445e-09 -1.110684285094985000e-08
9.880000114440917969e+00 -5.689394898072496133e-09 -9.279031253106960634e-09
9.889999389648437500e+00 -4.561948482890416595e-09 -7.429773643380987595e-09
9.899999618530273438e+00 -3.428790432766791513e-09 -5.567872585438355228e-09
9.909999847412109375e+00 -2.295517238318267843e-09 -3.702541242783104239e-09
9.920000076293945312e+00 -1.167508637690966860e-09 -1.842662468252235572e-09
9.929999351501464844e+00 -5.012046701394522659e-11 2.894652557099654289e-12
9.939999580383300781e+00 1.051759416237645081e-09 1.826009260011527585e-09
9.949999809265136719e+00 2.133088344471309262e-09 3.618280675812849138e-09
9.960000038146972656e+00 3.189112761395241370e-09 5.371761839488973189e-09
9.969999313354492188e+00 4.215179598895749651e-09 7.078647085016014522e-09
9.979999542236328125e+00 5.207138595804297817e-09 8.731941964386962702e-09
9.989999771118164062e+00 6.160767101818582965e-09 1.032450661017870859e-08
1.000000000000000000e+01 7.072176449126535716e-09 1.184973167862549323e-08
1.001000022888183594e+01 7.937723250425023563e-09 1.330139121927399823e-08
1.001999950408935547e+01 8.753943788447073239e-09 1.467353239576624419e-08
1.002999973297119141e+01 9.517869713099861914e-09 1.596100682982331073e-08
1.003999996185302734e+01 1.022656872491296880e-08 1.715869888535429407e-08
1.005000019073486328e+01 1.087746849865456676e-08 1.826207056123966746e-08
1.005999946594238281e+01 1.146822978516486907e-08 1.926694797448937904e-08
1.006999969482421875e+01 1.199697211822250851e-08 2.016990668253369060e-08
1.007999992370605469e+01 1.246194079654691502e-08 2.096770652543444425e-08
1.009000015258789062e+01 1.286174281030283102e-08 2.165769425494328470e-08
1.009999942779541016e+01 1.319526277295108587e-08 2.223766138993241283e-08
1.010999965667724609e+01 1.346178679525443165e-08 2.270606237257179435e-08
1.011999988555908203e+01 1.366081358531669793e-08 2.306168866895896888e-08
1.013000011444091797e+01 1.379218921226006186e-08 2.330390565442210950e-08
1.013999938964843750e+01 1.385606929776134557e-08 2.343258864113691279e-08
1.014999961853027344e+01 1.385293586488287207e-08 2.344816298842081967e-08
1.015999984741210938e+01 1.378355859280926711e-08 2.335153063476382582e-08
1.017000007629394531e+01 1.364902205504633435e-08 2.314412817194267203e-08
1.017999935150146484e+01 1.345073342788722822e-08 2.282794047903479989e-08
1.018999958038330078e+01 1.319033441098560378e-08 2.240536340596509171e-08
1.019999980926513672e+01 1.286980715790451246e-08 2.187937637304865681e-08
1.021000003814697266e+01 1.249139524422588418e-08 2.125342060475149438e-08
1.021999931335449219e+01 1.205765263947290790e-08 2.053148344764649226e-08
1.022999954223632812e+01 1.157126048965408498e-08 1.971779691307024584e-08
1.023999977111816406e+01 1.103526176281730498e-08 1.881723178894546908e-08
1.025000000000000000e+01 1.045288528136218898e-08 1.783500840148928568e-08
1.026000022888183594e+01 9.827567525445514769e-09 1.677673555940374607e-08
1.026999950408935547e+01 9.162999391631860951e-09 1.564849308817462158e-08
1.027999973297119141e+01 8.462849138372487699e-09 1.445636366646182377e-08
1.028999996185302734e+01 7.731122306877178770e-09 1.320704583427646384e-08
1.030000019073486328e+01 6.971889519236641681e-09 1.190739363571932818e-08
1.030999946594238281e+01 6.189400703580579871e-09 1.056461275127210827e-08
1.031999969482421875e+01 5.387760551504784413e-09 9.185703914709638924e-09
1.032999992370605469e+01 4.571352575263944577e-09 7.778190648562804085e-09
1.034000015258789062e+01 3.744517604470726615e-09 6.349567298969009521e-09
1.034999942779541016e+01 2.911681997859157144e-09 4.907519101784890893e-09
1.035999965667724609e+01 2.077014307626252633e-09 3.459326045159015491e-09
1.036999988555908203e+01 1.244877722011979242e-09 2.012644368330914565e-09
1.038000011444091797e+01 4.194880804795791505e-10 5.749122816992498932e-10
1.038999938964843750e+01 -3.949536290115129694e-10 -8.464224639551038777e-10
1.039999961853027344e+01 -1.194593925194344552e-09 -2.244486351785083933e-09
1.040999984741210938e+01 -1.975482120805828413e-09 -3.612207308793827244e-09
1.042000007629394531e+01 -2.733903259070167808e-09 -4.942899106591232461e-09
1.042999935150146484e+01 -3.466250743054620927e-09 -6.230042086067454048e-09
1.043999958038330078e+01 -4.169321173495322270e-09 -7.467805325129664533e-09
1.044999980926513672e+01 -4.839911046328906694e-09 -8.650341620830648889e-09
1.046000003814697266e+01 -5.475113526445094057e-09 -9.772312742242482857e-09
1.046999931335449219e+01 -6.072204944887443657e-09 -1.082869311969463139e-08
1.047999954223632812e+01 -6.628879779174062865e-09 -1.181518929499559307e-08
1.048999977111816406e+01 -7.142917484856026159e-09 -1.272765382046164293e-08
1.050000000000000000e+01 -7.612421103023749632e-09 -1.356251040601625981e-08
1.051000022888183594e+01 -8.035763407402755924e-09 -1.431666160554006175e-08
1.051999950408935547e+01 -8.411556384393605247e-09 -1.498743679275912304e-08
1.052999973297119141e+01 -8.738791199436057356e-09 -1.557284434328942356e-08
1.053999996185302734e+01 -9.016622309789845651e-09 -1.607118812002191088e-08
1.055000019073486328e+01 -9.244513072906911387e-09 -1.648132876648715408e-08
1.055999946594238281e+01 -9.422179007763807129e-09 -1.680258322700745805e-08
1.056999969482421875e+01 -9.549645176517903012e-09 -1.703482962216023010e-08
1.057999992370605469e+01 -9.627137516875569694e-09 -1.717831136119322526e-08
1.059000015258789062e+01 -9.655147154509016961e-09 -1.723375361233226523e-08
1.059999942779541016e+01 -9.634405927179838845e-09 -1.720231859342508518e-08
1.060999965667724609e+01 -9.565863388611626037e-09 -1.708556630503646186e-08
1.061999988555908203e+01 -9.450687556502053421e-09 -1.688545208642439005e-08
1.063000011444091797e+01 -9.290249586260842001e-09 -1.660430068307951356e-08
1.063999938964843750e+01 -9.086132388417332618e-09 -1.624481985368584454e-08
1.064999961853027344e+01 -8.840035561496671318e-09 -1.580993165569345389e-08
1.065999984741210938e+01 -8.553879135708719880e-09 -1.530295399516314079e-08
1.067000007629394531e+01 -8.229716170927602913e-09 -1.472744575366496840e-08
1.067999935150146484e+01 -7.869772513693047542e-09 -1.408727643987107608e-08
1.068999958038330078e+01 -7.476292394000123986e-09 -1.338635090461043267e-08
1.069999980926513672e+01 -7.051731180551748382e-09 -1.262895177022957254e-08
1.071000003814697266e+01 -6.598607817577231447e-09 -1.181947694695448029e-08
1.071999931335449219e+01 -6.119571109133938564e-09 -1.096255812079550263e-08
1.072999954223632812e+01 -5.617201472348635558e-09 -1.006270653893132626e-08
1.073999977111816406e+01 -5.094272747099037138e-09 -9.124782126715510815e-09
1.075000000000000000e+01 -4.553559220650910471e-09 -8.153649474239888951e-09
1.076000022888183594e+01 -3.997868017732587346e-09 -7.154237059002207629e-09
1.076999950408935547e+01 -3.430081947394144093e-09 -6.131616209379452247e-09
1.077999973297119141e+01 -2.852930197775442553e-09 -5.090589905464058029e-09
1.078999996185302734e+01 -2.269302455321375269e-09 -4.036260611833984225e-09
1.080000019073486328e+01 -1.682022214977660324e-09 -2.973624365929606894e-09
1.080999946594238281e+01 -1.093945772626148423e-09 -1.907752023015577971e-09
1.081999969482421875e+01 -5.077273285264206075e-10 -8.433657709155839174e-10
1.082999992370605469e+01 7.385429315378423552e-11 2.145663313045153210e-10
1.084000015258789062e+01 6.481302162790393346e-10 1.261253055269891688e-09
1.084999942779541016e+01 1.212441952386425377e-09 2.291896697373921273e-09
1.085999965667724609e+01 1.764365383284395972e-09 3.302100364668856310e-09
1.086999988555908203e+01 2.301396894508179766e-09 4.287293042129201656e-09
1.088000011444091797e+01 2.821179119029171389e-09 5.243140326394117643e-09
1.088999938964843750e+01 3.321408916088050874e-09 6.165374597991557081e-09
1.089999961853027344e+01 3.800035170698933943e-09 7.050159270757131895e-09
1.090999984741210938e+01 4.254980773966436958e-09 7.893576051312291367e-09
1.092000007629394531e+01 4.684343817942443684e-09 8.691995977958253604e-09
1.092999935150146484e+01 5.086319859479710080e-09 9.441936151743387139e-09
1.093999958038330078e+01 5.459360217862703232e-09 1.014035654713820205e-08
1.094999980926513672e+01 5.801948810837129611e-09 1.078424541536571827e-08
1.096000003814697266e+01 6.112764905705129415e-09 1.137092497190527434e-08
1.096999931335449219e+01 6.390624590078671057e-09 1.189794420602044266e-08
1.097999954223632812e+01 6.634589048465278091e-09 1.236328760137600035e-08
1.098999977111816406e+01 6.843810130300194728e-09 1.276508569791805060e-08
1.100000000000000000e+01 7.017643567262487696e-09 1.310183347428489233e-08
1.101000022888183594e+01 7.155624013463405663e-09 1.337234734739408125e-08
1.101999950408935547e+01 7.257459303662164384e-09 1.357575770434614338e-08
1.102999973297119141e+01 7.323067150187106957e-09 1.371158720056166529e-08
1.103999996185302734e+01 7.352517169281733605e-09 1.377963961964268833e-08
1.105000019073486328e+01 7.346072488720458479e-09 1.378008735561739895e-08
1.105999946594238281e+01 7.304182207197768946e-09 1.371345966702159217e-08
1.106999969482421875e+01 7.227459164817342476e-09 1.358060997360544659e-08
1.107999992370605469e+01 7.116700070405959713e-09 1.338275097335095199e-08
1.109000015258789062e+01 6.972867826962300986e-09 1.312143006290132535e-08
1.109999942779541016e+01 6.797106007347982155e-09 1.279855829312805228e-08
1.110999965667724609e+01 6.590661600243847633e-09 1.241627099526139710e-08
1.111999988555908203e+01 6.354977648208074488e-09 1.197710021343535453e-08
1.113000011444091797e+01 6.091620036540381478e-09 1.148384221680507556e-08
1.113999938964843750e+01 5.802311570776390233e-09 1.093962243279294781e-08
1.114999961853027344e+01 5.488808327783715129e-09 1.034766359819412382e-08
1.115999984741210938e+01 5.153053981833756901e-09 9.711576411017021885e-09
1.117000007629394531e+01 4.797059597045128721e-09 9.035133393046224137e-09
1.117999935150146484e+01 4.422953835904199126e-09 8.322363397049648630e-09
1.118999958038330078e+01 4.032825396518593053e-09 7.577250196377227812e-09
1.119999980926513672e+01 3.628924017899048135e-09 6.804113914992474886e-09
1.121000003814697266e+01 3.213505671521304618e-09 6.007314255274464774e-09
1.121999931335449219e+01 2.788894609794115504e-09 5.191366966663096312e-09
1.122999954223632812e+01 2.357306829956765071e-09 4.360601943142753597e-09
1.123999977111816406e+01 1.921079901376934481e-09 3.519602078330356496e-09
1.125000000000000000e+01 1.482498375269794777e-09 2.672864893240406719e-09
1.125999927520751953e+01 1.043862778487697459e-09 1.824932431240017454e-09
1.126999950408935547e+01 6.073098251463660843e-10 9.800405365030496911e-10
1.127999973297119141e+01 1.750518827624403072e-10 1.425787260243726845e-10
1.128999996185302734e+01 -2.508018360908321886e-10 -6.832583568209670729e-10
1.130000019073486328e+01 -6.682139352121609337e-10 -1.493413250992994051e-09
1.130999946594238281e+01 -1.075190338953058127e-09 -2.283912845979012077e-09
1.131999969482421875e+01 -1.469943533797613077e-09 -3.051187808407765055e-09
1.132999992370605469e+01 -1.850667505753803624e-09 -3.791637403166475041e-09
1.134000015258789062e+01 -2.215701419575595784e-09 -4.501949023250866468e-09
1.134999942779541016e+01 -2.563464293223494350e-09 -5.178972457699627832e-09
1.135999965667724609e+01 -2.892591449530217540e-09 -5.819986440091082659e-09
1.136999988555908203e+01 -3.201739814522417608e-09 -6.422320075721884894e-09
1.138000011444091797e+01 -3.489726021167375759e-09 -6.983621768723406937e-09
1.138999938964843750e+01 -3.755470898577678587e-09 -7.501750804237378186e-09
1.139999961853027344e+01 -3.998100665201450783e-09 -7.974974020053548298e-09
1.140999984741210938e+01 -4.216795853190726870e-09 -8.401670281278977572e-09
1.142000007629394531e+01 -4.410895294679201541e-09 -8.780531965038644679e-09
1.142999935150146484e+01 -4.579854468857302838e-09 -9.110482225431439668e-09
1.143999958038330078e+01 -4.723306577503027898e-09 -9.390792629945658292e-09
1.144999980926513672e+01 -4.840964217052073034e-09 -9.620889369924315188e-09
1.146000003814697266e+01 -4.932684153500180485e-09 -9.800477915100331187e-09
1.146999931335449219e+01 -4.998442342870257210e-09 -9.929492362796872571e-09
1.147999954223632812e+01 -5.038353470281572309e-09 -1.000813209235351771e-08
1.148999977111816406e+01 -5.052629883761985618e-09 -1.003677961398974839e-08
1.150000000000000000e+01 -5.041605360664984075e-09 -1.001604578431615914e-08
1.150999927520751953e+01 -5.005728101773606399e-09 -9.946754835287439820e-09
1.151999950408935547e+01 -4.945540314715889642e-09 -9.829903926415926983e-09
1.152999973297119141e+01 -4.861694259395367310e-09 -9.666693494455876250e-09
1.153999996185302734e+01 -4.754936123255716929e-09 -9.458495902570546778e-09
1.155000019073486328e+01 -4.626103347873087254e-09 -9.206850371928808276e-09
1.155999946594238281e+01 -4.476134848215369228e-09 -8.913483644547986036e-09
1.156999969482421875e+01 -4.306006573746757520e-09 -8.580184953915396527e-09
1.157999992370605469e+01 -4.116812167453323400e-09 -8.208965250582486288e-09
1.159000015258789062e+01 -3.909702251146868700e-09 -7.801940320841632930e-09
1.159999942779541016e+01 -3.685914319216980859e-09 -7.361391748138616655e-09
1.160999965667724609e+01 -3.446680128548027840e-09 -6.889587111198794539e-09
1.161999988555908203e+01 -3.193348220328557660e-09 -6.389023997052568908e-09
1.163000011444091797e+01 -2.927294171396197221e-09 -5.862256454969116805e-09
1.163999938964843750e+01 -2.649962167570809769e-09 -5.311980478450732652e-09
1.164999961853027344e+01 -2.362752050153008733e-09 -4.740813150870872356e-09
1.165999984741210938e+01 -2.067172064441073237e-09 -4.151599084183247211e-09
1.167000007629394531e+01 -1.764727701810683323e-09 -3.547193306335084573e-09
1.167999935150146484e+01 -1.456970805676385952e-09 -2.930562474558874737e-09
1.168999958038330078e+01 -1.145375136842823542e-09 -2.304538500215305108e-09
1.169999980926513672e+01 -8.315061165460408054e-10 -1.672161450857612371e-09
1.171000003814697266e+01 -5.168970834311542421e-10 -1.036434253557320435e-09
1.171999931335449219e+01 -2.031015154719886410e-10 -4.004301046511917744e-10
1.172999954223632812e+01 1.084334194786665535e-10 2.329622349704057721e-10
1.173999977111816406e+01 4.161938907620945226e-10 8.606865933009045193e-10
1.175000000000000000e+01 7.187261643104701371e-10 1.479775378491600509e-09
1.175999927520751953e+01 1.014585518776261978e-09 2.087245123127279948e-09
1.176999950408935547e+01 1.302455183304930967e-09 2.680341110732473863e-09
1.177999973297119141e+01 1.580983399392011602e-09 3.256203610606257771e-09
1.178999996185302734e+01 1.848903479296515654e-09 3.812115550662302105e-09
1.180000019073486328e+01 2.105011439388222758e-09 4.345458596974466114e-09
1.180999946594238281e+01 2.348149395334184996e-09 4.853680554290857880e-09
1.181999969482421875e+01 2.577302722967330847e-09 5.334501332948168136e-09
1.182999992370605469e+01 2.791466045054858348e-09 5.785635916584256831e-09
1.184000015258789062e+01 2.989742218225426293e-09 6.205004583520157372e-09
1.184999942779541016e+01 3.171306438498741783e-09 6.590661127125912918e-09
1.185999965667724609e+01 3.335477857751276133e-09 6.940949043284288742e-09
1.186999988555908203e+01 3.481618989730409500e-09 7.254291899513433716e-09
1.188000011444091797e+01 3.609209497640738654e-09 7.529354083002200579e-09
1.188999938964843750e+01 3.717820874183008763e-09 7.764990776635071707e-09
1.189999961853027344e+01 3.807157693554716618e-09 7.960341671537809855e-09
1.190999984741210938e+01 3.876996401295008574e-09 8.114702069844584371e-09
1.192000007629394531e+01 3.927228934595923723e-09 8.227621125100844602e-09
1.192999935150146484e+01 3.957849140602756412e-09 8.298875454230753780e-09
1.193999958038330078e+01 3.968961595748959192e-09 8.328493376463661241e-09
1.194999980926513672e+01 3.960762462006339065e-09 8.316713400593904684e-09
1.196000003814697266e+01 3.933550760845326062e-09 8.264012856503868413e-09
1.196999931335449219e+01 3.887726872061531876e-09 8.171105536026579103e-09
1.197999954223632812e+01 3.823769783880181596e-09 8.038896304503900912e-09
1.198999977111816406e+01 3.742259350189462886e-09 7.868526621648200547e-09
1.200000000000000000e+01 3.643855983308450048e-09 7.661333451178129685e-09
1.200999927520751953e+01 3.529310787103528743e-09 7.418870065451022528e-09
1.201999950408935547e+01 3.399414848630365762e-09 7.142797845465200587e-09
1.202999973297119141e+01 3.255059076945598120e-09 6.835011727797206871e-09
1.203999996185302734e+01 3.097185813520679915e-09 6.497536251869845834e-09
1.205000019073486328e+01 2.926792589607932252e-09 6.132531460774400294e-09
1.205999946594238281e+01 2.744943367686309811e-09 5.742314934205454099e-09
1.206999969482421875e+01 2.552691288838725645e-09 5.329193595541209248e-09
1.207999992370605469e+01 2.351176036757209512e-09 4.895670106691758333e-09
1.209000015258789062e+01 2.141548548575983208e-09 4.444278719842967171e-09
1.209999942779541016e+01 1.925001904320820175e-09 3.977649049981318868e-09
1.210999965667724609e+01 1.702681233443496494e-09 3.498309311561550027e-09
1.211999988555908203e+01 1.475801121830910970e-09 3.008936831237544806e-09
1.213000011444091797e+01 1.245557012662942863e-09 2.512164822542472069e-09
1.213999938964843750e+01 1.013161463835511322e-09 2.010658464526351263e-09
1.214999961853027344e+01 7.797491902588019950e-10 1.506908159408459355e-09
1.215999984741210938e+01 5.465044169415552794e-10 1.003502866932911755e-09
1.217000007629394531e+01 3.145667898090985544e-10 5.029259212721329149e-10
1.217999935150146484e+01 8.507000599671838088e-11 7.637631023484591210e-12
1.218999958038330078e+01 -1.409503750584369807e-10 -4.801240392019176348e-10
1.219999980926513672e+01 -3.624299534868819993e-10 -9.580693899521808472e-10
1.221000003814697266e+01 -5.783675450317688666e-10 -1.424055219883461779e-09
1.221999931335449219e+01 -7.877873189918694716e-10 -1.876002285167075056e-09
1.222999954223632812e+01 -9.898215185607695810e-10 -2.312072632052489654e-09
1.223999977111816406e+01 -1.183593573743319240e-09 -2.730415834861493903e-09
1.225000000000000000e+01 -1.368301454699679763e-09 -3.129347075616641694e-09
1.225999927520751953e+01 -1.543183584103355019e-09 -3.507271488749873097e-09
1.226999950408935547e+01 -1.707586699829906103e-09 -3.862828617930921893e-09
1.227999973297119141e+01 -1.860867442253761502e-09 -4.194677418727812678e-09
1.228999996185302734e+01 -2.002461549226290212e-09 -4.501643379659948883e-09
1.230000019073486328e+01 -2.131867874940649115e-09 -4.782681630431351005e-09
1.230999946594238281e+01 -2.248638773989955215e-09 -5.036853680638813273e-09
1.231999969482421875e+01 -2.352424096542898815e-09 -5.263421097192160171e-09
1.232999992370605469e+01 -2.442904718997009021e-09 -5.461698893713174569e-09
1.234000015258789062e+01 -2.519838514912936302e-09 -5.631153870704493196e-09
1.234999942779541016e+01 -2.583043192097909272e-09 -5.771365673188172913e-09
1.235999965667724609e+01 -2.632418833683672104e-09 -5.882075959332270252e-09
1.236999988555908203e+01 -2.667911248417955586e-09 -5.963106553760813293e-09
1.238000011444091797e+01 -2.689536744390150832e-09 -6.014414195590787996e-09
1.238999938964843750e+01 -2.697374491302654479e-09 -6.036073566858738820e-09
1.239999961853027344e+01 -2.691567138703323790e-09 -6.028281215558557354e-09
1.240999984741210938e+01 -2.672315109609520359e-09 -5.991341725781033699e-09
1.242000007629394531e+01 -2.639879461499645633e-09 -5.925677355720934286e-09
1.242999935150146484e+01 -2.594583781780357618e-09 -5.831833395183100191e-09
1.243999958038330078e+01 -2.536793855144786585e-09 -5.710438178196152907e-09
1.244999980926513672e+01 -2.466941626953861678e-09 -5.562255308368192449e-09
1.246000003814697266e+01 -2.385506905134785495e-09 -5.388148767090806562e-09
1.246999931335449219e+01 -2.293027997341104925e-09 -5.189108746326085682e-09
1.247999954223632812e+01 -2.190062762099921726e-09 -4.966171113654652078e-09
1.248999977111816406e+01 -2.077238812160172272e-09 -4.720528921961941492e-09
1.250000000000000000e+01 -1.955216231482196147e-09 -4.453455783865163812e-09
1.250999927520751953e+01 -1.824705518760584104e-09 -4.166348532725496071e-09
1.251999950408935547e+01 -1.686413598972109472e-09 -3.860611762457632960e-09
1.252999973297119141e+01 -1.541115058633418494e-09 -3.537817742998214103e-09
1.253999996185302734e+01 -1.389599364607414294e-09 -3.199593407375257691e-09
1.255000019073486328e+01 -1.232679037392104247e-09 -2.847640874555279342e-09
1.255999946594238281e+01 -1.071201221282098763e-09 -2.483766029226810595e-09
1.256999969482421875e+01 -9.059814838529457557e-10 -2.109731170714975583e-09
1.257999992370605469e+01 -7.378920908202909497e-10 -1.727455420209941765e-09
1.259000015258789062e+01 -5.677964109537117186e-10 -1.338868058825753832e-09
1.259999942779541016e+01 -3.965760760729557002e-10 -9.459708515870374642e-10
1.260999965667724609e+01 -2.250611130312864900e-10 -5.506776328969837817e-10
1.261999988555908203e+01 -5.412361699146473386e-11 -1.550287882824900680e-10
1.263000011444091797e+01 1.153919626046938918e-10 2.389695598533477091e-10
1.263999938964843750e+01 2.826410671576022517e-10 6.292827787380883087e-10
1.264999961853027344e+01 4.468468989424844907e-10 1.014008112283372063e-09
1.265999984741210938e+01 6.072087506481972669e-10 1.391163021784402282e-09
1.267000007629394531e+01 7.629701243706604567e-10 1.758846695859618130e-09
1.267999935150146484e+01 9.133924228657187517e-10 2.115181198405132189e-09
1.268999958038330078e+01 1.057815465914395367e-09 2.458458121737968203e-09
1.269999980926513672e+01 1.195574712781674531e-09 2.786945856950225139e-09
1.271000003814697266e+01 1.326062379583049400e-09 3.099037789396654834e-09
1.271999931335449219e+01 1.448704388105810045e-09 3.393200970549975232e-09
1.272999954223632812e+01 1.563008980472732447e-09 3.668096316718641434e-09
1.273999977111816406e+01 1.668498717795833807e-09 3.922418915618147534e-09
1.275000000000000000e+01 1.764759999866662222e-09 4.155020026383310679e-09
1.275999927520751953e+01 1.851424771995772944e-09 4.364866128736622618e-09
1.276999950408935547e+01 1.928203910586142938e-09 4.551122593510922672e-09
1.277999973297119141e+01 1.994838469767050345e-09 4.713038083322152368e-09
1.278999996185302734e+01 2.051134226788243955e-09 4.850030276596529447e-09
1.279999923706054688e+01 2.096949267734287923e-09 4.961657474437136297e-09
1.280999946594238281e+01 2.132210300706446276e-09 5.047659650108654115e-09
1.281999969482421875e+01 2.156885927443017480e-09 5.107894162615152342e-09
1.282999992370605469e+01 2.171004310521225548e-09 5.142379199860567058e-09
1.284000015258789062e+01 2.174647170574963876e-09 5.151279122249402107e-09
1.284999942779541016e+01 2.167949488565265306e-09 5.134903282244479579e-09
1.285999965667724609e+01 2.151094261072525915e-09 5.093692347236309688e-09
1.286999988555908203e+01 2.124314409879302435e-09 5.028221745541864565e-09
1.288000011444091797e+01 2.087889015837603678e-09 4.939190909907866040e-09
1.288999938964843750e+01 2.042145876179534276e-09 4.827427691478649032e-09
1.289999961853027344e+01 1.987440586334116943e-09 4.693835196837489287e-09
1.290999984741210938e+01 1.924180039810259698e-09 4.539446988895252012e-09
1.292000007629394531e+01 1.852802965163122629e-09 4.365377203914160768e-09
1.292999935150146484e+01 1.773788760662356180e-09 4.172839719775941825e-09
1.293999958038330078e+01 1.687623550944019775e-09 3.963063106257221721e-09
1.294999980926513672e+01 1.594842349163891596e-09 3.737391110144081873e-09
1.296000003814697266e+01 1.495996420142808369e-09 3.497201002151045328e-09
1.296999931335449219e+01 1.391667462011898537e-09 3.243936139253889331e-09
1.297999954223632812e+01 1.282424075879013259e-09 2.978998650753819344e-09
1.298999977111816406e+01 1.168878370462132550e-09 2.703885495172751033e-09
1.300000000000000000e+01 1.051643467789579687e-09 2.420084263593060962e-09
1.300999927520751953e+01 9.313516906861580801e-10 2.129116589844216759e-09
1.301999950408935547e+01 8.086053154149552350e-10 1.832418774898221824e-09
1.302999973297119141e+01 6.840425107023960344e-10 1.531501405217783305e-09
1.303999996185302734e+01 5.582887588153608339e-10 1.227832352721317936e-09
1.304999923706054688e+01 4.319774189635418921e-10 9.228873832871265398e-10
1.305999946594238281e+01 3.056987395179887882e-10 6.180283405840331805e-10
1.306999969482421875e+01 1.800695865406206511e-10 3.146730897532774826e-10
1.307999992370605469e+01 5.568270175044306428e-11 1.417492764159490059e-11
1.309000015258789062e+01 -6.688370359285364893e-11 -2.821520837708728224e-10
1.309999942779541016e+01 -1.870569463031030223e-10 -5.730089246075580528e-10
1.310999965667724609e+01 -3.043177151654834219e-10 -8.572249137162279299e-10
1.311999988555908203e+01 -4.181333299289599497e-10 -1.133593575295852223e-09
1.313000011444091797e+01 -5.280058665034066619e-10 -1.400986447794772721e-09
1.313999938964843750e+01 -6.334526149914875728e-10 -1.658302990508154249e-09
1.314999961853027344e+01 -7.340476461833576747e-10 -1.904569584799779984e-09
1.315999984741210938e+01 -8.293630390996262234e-10 -2.138793804237608006e-09
1.317000007629394531e+01 -9.190110897607715187e-10 -2.360065257849374742e-09
1.317999935150146484e+01 -1.002627740464756952e-09 -2.567513037772455400e-09
1.318999958038330078e+01 -1.079905158185436218e-09 -2.760385163663255127e-09
1.319999980926513672e+01 -1.150544954632879343e-09 -2.937931427381685469e-09
1.321000003814697266e+01 -1.214291675485881413e-09 -3.099485692244512041e-09
1.321999931335449219e+01 -1.270920311535746965e-09 -3.244434265718873728e-09
1.322999954223632812e+01 -1.320257911647082805e-09 -3.372271561642615570e-09
1.323999977111816406e+01 -1.362151686152629919e-09 -3.482519111759115430e-09
1.325000000000000000e+01 -1.396491690679477882e-09 -3.574784617659379381e-09
1.325999927520751953e+01 -1.423203119029788950e-09 -3.648743309311093811e-09
1.326999950408935547e+01 -1.442255818765599336e-09 -3.704166581048201313e-09
1.327999973297119141e+01 -1.453648887367570759e-09 -3.740881768730234163e-09
1.328999996185302734e+01 -1.457421312339174503e-09 -3.758804192349133939e-09
1.329999923706054688e+01 -1.453649319142860881e-09 -3.757932112030104874e-09
1.330999946594238281e+01 -1.442443578745135845e-09 -3.738346302718107716e-09
1.331999969482421875e+01 -1.423950578650383826e-09 -3.700212004209196437e-09
1.332999992370605469e+01 -1.398350917364781651e-09 -3.643781484337303324e-09
1.334000015258789062e+01 -1.365858159697917103e-09 -3.569393936184559932e-09
1.334999942779541016e+01 -1.326721565289983247e-09 -3.477485314013301813e-09
1.335999965667724609e+01 -1.281209043920551376e-09 -3.368551316408955432e-09
1.336999988555908203e+01 -1.229627961873088286e-09 -3.243199214350441583e-09
1.338000011444091797e+01 -1.172309040742512392e-09 -3.102112951794782436e-09
1.338999938964843750e+01 -1.109614087814212949e-09 -2.946074541434413385e-09
1.339999961853027344e+01 -1.041909516587838103e-09 -2.775900297636727197e-09
1.340999984741210938e+01 -9.696001218664943389e-10 -2.592526758319433261e-09
1.342000007629394531e+01 -8.931033760165512968e-10 -2.396948298911475763e-09
1.342999935150146484e+01 -8.128606289577660120e-10 -2.190246629485746405e-09
1.343999958038330078e+01 -7.293037100608381395e-10 -1.973505281046898609e-09
1.344999980926513672e+01 -6.428984334125497046e-10 -1.747921828835190920e-09
1.346000003814697266e+01 -5.541117756699994523e-10 -1.514723149934703281e-09
1.346999931335449219e+01 -4.634255386509716699e-10 -1.275200349520325830e-09
1.347999954223632812e+01 -3.712990117144323062e-10 -1.030608889221555255e-09
1.348999977111816406e+01 -2.782183924794905956e-10 -7.822975604883639854e-10
1.350000000000000000e+01 -1.846598024109978584e-10 -5.316089603959109822e-10
1.350999927520751953e+01 -9.110428554225989127e-11 -2.799172152807566313e-10
1.351999950408935547e+01 2.000307987505436082e-12 -2.852284748255366344e-11
1.352999973297119141e+01 9.418806382615582600e-11 2.212120419554296544e-10
1.353999996185302734e+01 1.850130054279705688e-10 4.679688308720036144e-10
1.354999923706054688e+01 2.740339324934643180e-10 7.104343462490212347e-10
1.355999946594238281e+01 3.608502650569935626e-10 9.474015471832237119e-10
1.356999969482421875e+01 4.450529683043234031e-10 1.177638815171576774e-09
1.357999992370605469e+01 5.262605279252835620e-10 1.399990779159734426e-09
1.359000015258789062e+01 6.041120236457204828e-10 1.613362213924513357e-09
1.359999942779541016e+01 6.782617541381428945e-10 1.816705796045649982e-09
1.360999965667724609e+01 7.484085356772405730e-10 2.009104703379538901e-09
1.361999988555908203e+01 8.142544300066616384e-10 2.189661354281121734e-09
1.363000011444091797e+01 8.755344690760537656e-10 2.357580512043014970e-09
1.363999938964843750e+01 9.320051414280797978e-10 2.512138969424907781e-09
1.364999961853027344e+01 9.834662104361504043e-10 2.652746069714461837e-09
1.365999984741210938e+01 1.029728943372763345e-09 2.778857161140567729e-09
1.367000007629394531e+01 1.070638557779823178e-09 2.890035063617917183e-09
1.367999935150146484e+01 1.106065756731736628e-09 2.985926611847911812e-09
1.368999958038330078e+01 1.135919841620156534e-09 3.066297329902811599e-09
1.369999980926513672e+01 1.160128402321065605e-09 3.130975323641427846e-09
1.371000003814697266e+01 1.178651207087581716e-09 3.179887456113760854e-09
1.371999931335449219e+01 1.191475316024211954e-09 3.213044514891390620e-09
1.372999954223632812e+01 1.198619008886550249e-09 3.230549234959253269e-09
1.373999977111816406e+01 1.200123909639712626e-09 3.232573715089733628e-09
1.375000000000000000e+01 1.196059769390947238e-09 3.219369509364010924e-09
1.375999927520751953e+01 1.186523378513207695e-09 3.191262686681567886e-09
1.376999950408935547e+01 1.171633542338676235e-09 3.148636995317073993e-09
1.377999973297119141e+01 1.151535600561900047e-09 3.091945127037548462e-09
1.378999996185302734e+01 1.126397256086027173e-09 3.021694382767988079e-09
1.379999923706054688e+01 1.096411184826430362e-09 2.938452149276854497e-09
1.380999946594238281e+01 1.061781927904887521e-09 2.842807874902877595e-09
1.381999969482421875e+01 1.022741810107495971e-09 2.735415861661323412e-09
1.382999992370605469e+01 9.795386053616807942e-10 2.616959894800090790e-09
1.384000015258789062e+01 9.324367743227921373e-10 2.488155970217093816e-09
1.384999942779541016e+01 8.817210173450846481e-10 2.349761552827317849e-09
1.385999965667724609e+01 8.276750808397039026e-10 2.202517730947656140e-09
1.386999988555908203e+01 7.706092838963177333e-10 2.047224678738195172e-09
1.388000011444091797e+01 7.108399096248181817e-10 1.884686134084779537e-09
1.388999938964843750e+01 6.486982984884137876e-10 1.715735276611629338e-09
1.389999961853027344e+01 5.845052783380832510e-10 1.541166658054189311e-09
1.390999984741210938e+01 5.186051223036239800e-10 1.361830278864590640e-09
1.392000007629394531e+01 4.513403686783351173e-10 1.178565174980119239e-09
1.392999935150146484e+01 3.830625184362199381e-10 9.922308628949825280e-10
1.393999958038330078e+01 3.141042137102875345e-10 8.036338587647902941e-10
1.394999980926513672e+01 2.448166944141550174e-10 6.136324823642337345e-10
1.396000003814697266e+01 1.755421579806476836e-10 4.230641265999773122e-10
1.396999931335449219e+01 1.066251433651854856e-10 2.327792179739875970e-10
1.397999954223632812e+01 3.838466589620179616e-11 4.356686543494695058e-11
1.398999977111816406e+01 -2.884786363307507881e-11 -1.437379270494140491e-10
1.400000000000000000e+01 -9.475652370757887185e-11 -3.283288303067912097e-10
1.400999927520751953e+01 -1.590297146208771880e-10 -5.093948957199750324e-10
1.401999950408935547e+01 -2.213859379015679807e-10 -6.861913932388192507e-10
1.402999973297119141e+01 -2.815383175597388732e-10 -8.579383220445902952e-10
1.403999996185302734e+01 -3.392205774953247557e-10 -1.023892314819729987e-09
1.404999923706054688e+01 -3.941769111048073603e-10 -1.183316902036317506e-09
1.405999946594238281e+01 -4.461837870849736788e-10 -1.335545486853703329e-09
1.406999969482421875e+01 -4.950194685466503115e-10 -1.479892957697590015e-09
1.407999992370605469e+01 -5.404861647804246371e-10 -1.615720313423064883e-09
1.409000015258789062e+01 -5.824054487363778602e-10 -1.742422381666984953e-09
1.409999942779541016e+01 -6.206154748720905578e-10 -1.859420496085887975e-09
1.410999965667724609e+01 -6.549857690426448427e-10 -1.966209643698226938e-09
1.411999988555908203e+01 -6.853957902624740171e-10 -2.062294901674605881e-09
1.413000011444091797e+01 -7.117502043543292124e-10 -2.147240506238058797e-09
1.413999938964843750e+01 -7.339733448678154121e-10 -2.220655162626355116e-09
1.414999961853027344e+01 -7.520173800775272617e-10 -2.282222212532727076e-09
1.415999984741210938e+01 -7.658495508356455224e-10 -2.331660651288563751e-09
1.417000007629394531e+01 -7.754608928975758035e-10 -2.368757110769707427e-09
1.417999935150146484e+01 -7.808633309548723563e-10 -2.393359093007497986e-09
1.418999958038330078e+01 -7.820909506439522775e-10 -2.405385345528083630e-09
1.419999980926513672e+01 -7.791964177550622515e-10 -2.404813547422520500e-09
1.421000003814697266e+01 -7.722528412917159713e-10 -2.391692221174684982e-09
1.421999931335449219e+01 -7.613535888519674316e-10 -2.366141635237613218e-09
1.422999954223632812e+01 -7.466069642818672216e-10 -2.328343150594854961e-09
1.423999977111816406e+01 -7.281415934487460130e-10 -2.278553591418952883e-09
1.425000000000000000e+01 -7.061016898997067835e-10 -2.217095804826872703e-09
1.425999927520751953e+01 -6.806494822248788414e-10 -2.144366509017873232e-09
1.426999950408935547e+01 -6.519541056453912257e-10 -2.060805402761089410e-09
1.427999973297119141e+01 -6.202050718207107946e-10 -1.966934199796334945e-09
1.428999996185302734e+01 -5.856017034230393778e-10 -1.863326686944089542e-09
1.429999923706054688e+01 -5.483578757280549084e-10 -1.750622517277844305e-09
1.430999946594238281e+01 -5.086863287509288579e-10 -1.629479042525625297e-09
1.431999969482421875e+01 -4.668187697273110682e-10 -1.500631145286114795e-09
1.432999992370605469e+01 -4.229906403021444295e-10 -1.364843859123480177e-09
1.434000015258789062e+01 -3.774432893820375757e-10 -1.222917152326895121e-09
1.434999942779541016e+01 -3.304272656376067727e-10 -1.075694355736640211e-09
1.435999965667724609e+01 -2.821829912305125179e-10 -9.239994071758981367e-10
1.436999988555908203e+01 -2.329664714542517744e-10 -7.687149942559372309e-10
1.438000011444091797e+01 -1.830302597307875896e-10 -6.107204912844273892e-10
1.438999938964843750e+01 -1.326315088386086069e-10 -4.509147409953402462e-10
1.439999961853027344e+01 -8.201153578298509931e-11 -2.901486464103255614e-10
1.440999984741210938e+01 -3.142356981606259930e-11 -1.293106282687441482e-10
1.442000007629394531e+01 1.888755206657602356e-11 3.074017520315356756e-11
1.442999935150146484e+01 6.867693733639757712e-11 1.891493744559890267e-10
1.443999958038330078e+01 1.177196044191006079e-10 3.451329252557618446e-10
1.444999980926513672e+01 1.657829341615373058e-10 4.978912868476534409e-10
1.446000003814697266e+01 2.126466742316467507e-10 6.466745964411422886e-10
1.446999931335449219e+01 2.580947911256833899e-10 7.907580005787112217e-10
1.447999954223632812e+01 3.019335207580424538e-10 9.294997140211257519e-10
1.448999977111816406e+01 3.439661292752154335e-10 1.062261486166594850e-09
1.450000000000000000e+01 3.840111582888601651e-10 1.188466577857777573e-09
1.450999927520751953e+01 4.218952142238436056e-10 1.307576732779452444e-09
1.451999950408935547e+01 4.574678657148332260e-10 1.419138376115864807e-09
1.452999973297119141e+01 4.905805384739945640e-10 1.522715305886814506e-09
1.453999996185302734e+01 5.211017344455354221e-10 1.617935296996123228e-09
1.454999923706054688e+01 5.489112801222327215e-10 1.704470538719863489e-09
1.455999946594238281e+01 5.739111071796845004e-10 1.782069372318727376e-09
1.456999969482421875e+01 5.960096930939577809e-10 1.850505902658535936e-09
1.457999992370605469e+01 6.151332487235901354e-10 1.909612704524734217e-09
1.458999919891357422e+01 6.312217903111214775e-10 1.959266412739602265e-09
1.459999942779541016e+01 6.442351649600256798e-10 1.999404068109800563e-09
1.460999965667724609e+01 6.541439468267923731e-10 2.029992811746109455e-09
1.461999988555908203e+01 6.609359085226112480e-10 2.051047721886095090e-09
1.463000011444091797e+01 6.646143074102204543e-10 2.062624520476367867e-09
1.463999938964843750e+01 6.651978687877071123e-10 2.064817660862727281e-09
1.464999961853027344e+01 6.627205287121492137e-10 2.057758120483249704e-09
1.465999984741210938e+01 6.572308454216310752e-10 2.041610060498028286e-09
1.467000007629394531e+01 6.487921779564772651e-10 2.016570514954929942e-09
1.467999935150146484e+01 6.374832828511381152e-10 1.982870427005060503e-09
1.468999958038330078e+01 6.233932342048505012e-10 1.940759155322064308e-09
1.469999980926513672e+01 6.066273437568234998e-10 1.890522128897685859e-09
1.471000003814697266e+01 5.873024734627726074e-10 1.832467270165735789e-09
1.471999931335449219e+01 5.655494565419854593e-10 1.766933024412518700e-09
1.472999954223632812e+01 5.415037887771220007e-10 1.694261409957822241e-09
1.473999977111816406e+01 5.153172581814563792e-10 1.614834475830379812e-09
1.475000000000000000e+01 4.871489664480735048e-10 1.529048998261467254e-09
1.475999927520751953e+01 4.571692806470395268e-10 1.437330513704870036e-09
1.476999950408935547e+01 4.255472236483384769e-10 1.340096940329817353e-09
1.477999973297119141e+01 3.924666188704051832e-10 1.237810353220533206e-09
1.478999996185302734e+01 3.581137385256560547e-10 1.130941749799410319e-09
1.479999923706054688e+01 3.226824103655118283e-10 1.019989494881975838e-09
1.480999946594238281e+01 2.863592842182209544e-10 9.054357485124112261e-10
1.481999969482421875e+01 2.493430167773552054e-10 7.878090949700866602e-10
1.482999992370605469e+01 2.118297183755140056e-10 6.676414933613842852e-10
1.483999919891357422e+01 1.740187888236761669e-10 5.454891922997673010e-10
1.484999942779541016e+01 1.360973691663639352e-10 4.218845448059646519e-10
1.485999965667724609e+01 9.826094070733579507e-11 2.974044065467505641e-10
1.486999988555908203e+01 6.069787502478521558e-11 1.726218668848625003e-10
1.488000011444091797e+01 2.359203813919865764e-11 4.811578909820097909e-11
1.488999938964843750e+01 -1.287470952853580807e-11 -7.551971232016288290e-11
1.489999961853027344e+01 -4.853725399787120474e-11 -1.977248509354634257e-10
1.490999984741210938e+01 -8.322716143939419491e-11 -3.179060430652797119e-10
1.492000007629394531e+01 -1.167874308735975886e-10 -4.354861387525801854e-10
1.492999935150146484e+01 -1.490666604746771224e-10 -5.498849447906831579e-10
1.493999958038330078e+01 -1.799318589906752056e-10 -6.605658427405688994e-10
1.494999980926513672e+01 -2.092504957922661034e-10 -7.669736451487534335e-10
1.496000003814697266e+01 -2.369034178170142322e-10 -8.685820986315135946e-10
1.496999931335449219e+01 -2.627797145085974530e-10 -9.648774453915273043e-10
1.497999954223632812e+01 -2.867867308518250745e-10 -1.055398216289151787e-09
1.498999977111816406e+01 -3.088354793696797572e-10 -1.139683574886698631e-09
1.500000000000000000e+01 -3.288508522067311577e-10 -1.217314044186107149e-09
