# col1: q[fm^-1] col2: weakFF col3: chargeFF [unitless]
9.999999999999999547e-07 1.000001998409933757e+00 9.999998882446883286e-01
9.999999776482582092e-03 9.994581834459227432e-01 9.994980645631794669e-01
1.999999955296516418e-02 9.978281290156300054e-01 9.979937467429256248e-01
2.999999932944774628e-02 9.951160014784237173e-01 9.954903908299943538e-01
3.999999910593032837e-02 9.913287278506273115e-01 9.919937446540958437e-01
4.999999701976776123e-02 9.864759715353050851e-01 9.875118304514436396e-01
5.999999865889549255e-02 9.805700920859562464e-01 9.820549147039069338e-01
7.000000029802322388e-02 9.736261088344977388e-01 9.756354834601663750e-01
7.999999821186065674e-02 9.656616432316650345e-01 9.682681998484329311e-01
8.999999612569808960e-02 9.566968478283639499e-01 9.599698510018158659e-01
9.999999403953552246e-02 9.467543413110579564e-01 9.507593022682344630e-01
1.099999994039535522e-01 9.358591160245138818e-01 9.406574275398763563e-01
1.199999973177909851e-01 9.240384812251337676e-01 9.296870742001903665e-01
1.299999952316284180e-01 9.113219165113224385e-01 9.178729461453792871e-01
1.400000005960464478e-01 8.977409878846456248e-01 9.052415460524738666e-01
1.499999910593032837e-01 8.833292798787921729e-01 8.918211338502421981e-01
1.599999964237213135e-01 8.681221608821927394e-01 8.776415308446542385e-01
1.700000017881393433e-01 8.521567965407630396e-01 8.627341555803641482e-01
1.799999922513961792e-01 8.354719603651049598e-01 8.471318716578531971e-01
1.899999976158142090e-01 8.181078192146487016e-01 8.308688120291511936e-01
1.999999880790710449e-01 8.001059707907198781e-01 8.139804394739521554e-01
2.099999934434890747e-01 7.815090942868374579e-01 7.965032450310614021e-01
2.199999988079071045e-01 7.623609901562685698e-01 7.784748110397171628e-01
2.299999892711639404e-01 7.427063553766767301e-01 7.599336261471641984e-01
2.399999946355819702e-01 7.225905422280967105e-01 7.409188835425593034e-01
2.500000000000000000e-01 7.020595833817733222e-01 7.214705300596545579e-01
2.599999904632568359e-01 6.811599556388858723e-01 7.016290682994542616e-01
2.699999809265136719e-01 6.599383645618176475e-01 6.814353767475025414e-01
2.800000011920928955e-01 6.384416220464358416e-01 6.609306167026256507e-01
2.899999916553497314e-01 6.167167243479982908e-01 6.401563302417531132e-01
2.999999821186065674e-01 5.948103207015720262e-01 6.191539551957030429e-01
3.100000023841857910e-01 5.727687588815075781e-01 5.979648882116347375e-01
3.199999928474426270e-01 5.506381436371541316e-01 5.766305614417873704e-01
3.299999833106994629e-01 5.284638049565592022e-01 5.551919494441046599e-01
3.400000035762786865e-01 5.062903613228967314e-01 5.336896453787999262e-01
3.499999940395355225e-01 4.841617899871102915e-01 5.121639453589219571e-01
3.599999845027923584e-01 4.621209068312258084e-01 4.906543574013758069e-01
3.700000047683715820e-01 4.402094478713874381e-01 4.691996907682919882e-01
3.799999952316284180e-01 4.184681520003582511e-01 4.478381480474456500e-01
3.899999856948852539e-01 3.969362632935652946e-01 4.266068457223183841e-01
3.999999761581420898e-01 3.756516936427412579e-01 4.055419788052515573e-01
4.099999964237213135e-01 3.546508029035093101e-01 3.846786079999734431e-01
4.199999868869781494e-01 3.339685633475982796e-01 3.640508255947410010e-01
4.299999773502349854e-01 3.136381062725557278e-01 3.436913049671649345e-01
4.399999976158142090e-01 2.936908442973712452e-01 3.236314185929202725e-01
4.499999880790710449e-01 2.741565824864735101e-01 3.039013470315667931e-01
4.599999785423278809e-01 2.550631067992732981e-01 2.845296588320201936e-01
4.699999988079071045e-01 2.364363214405746094e-01 2.655434390659129340e-01
4.799999892711639404e-01 2.183003704622427377e-01 2.469684044196781003e-01
4.899999797344207764e-01 2.006772734120149948e-01 2.288285195729544419e-01
5.000000000000000000e-01 1.835870753844224545e-01 2.111461346843431508e-01
5.099999904632568359e-01 1.670479773318728212e-01 1.939421055154989804e-01
5.199999809265136719e-01 1.510760224014984776e-01 1.772354509867540839e-01
5.299999713897705078e-01 1.356853008238105562e-01 1.610435452048951943e-01
5.399999618530273438e-01 1.208879049973169834e-01 1.453820498069098577e-01
5.500000119209289551e-01 1.066938606408516094e-01 1.302648171180688375e-01
5.600000023841857910e-01 9.311148243948680348e-02 1.157042447566830751e-01
5.699999928474426270e-01 8.014689382798621808e-02 1.017107380264785504e-01
5.799999833106994629e-01 6.780440290058116493e-02 8.829308240019574650e-02
5.899999737739562988e-01 5.608645590824219013e-02 7.545836596053945300e-02
5.999999642372131348e-01 4.499368291987318469e-02 6.321199888071094009e-02
6.100000143051147461e-01 3.452488836066566757e-02 5.155767033435066510e-02
6.200000047683715820e-01 2.467735303166022215e-02 4.049765235995855112e-02
6.299999952316284180e-01 1.544652060908512960e-02 3.003241731739026907e-02
6.399999856948852539e-01 6.826316147969890488e-03 2.016095806671954621e-02
6.499999761581420898e-01 -1.190849015553430840e-03 1.088075977386618320e-02
6.599999666213989258e-01 -8.614004538826632376e-03 2.187846970301720283e-03
6.699999570846557617e-01 -1.545354517455215133e-02 -5.923165623875140118e-03
6.800000071525573730e-01 -2.172118777548089769e-02 -1.345906199984119901e-02
6.899999976158142090e-01 -2.742974423809198259e-02 -2.042779109451126757e-02
6.999999880790710449e-01 -3.259326250285021070e-02 -2.683867574756542904e-02
7.099999785423278809e-01 -3.722678918163967871e-02 -3.270216653344826252e-02
7.199999690055847168e-01 -4.134632279538564409e-02 -3.802982290890780798e-02
7.299999594688415527e-01 -4.496872714990465120e-02 -4.283424567764154700e-02
7.400000095367431641e-01 -4.811166161661342006e-02 -4.712903180161433919e-02
7.500000000000000000e-01 -5.079342194977676250e-02 -5.092860430070057093e-02
7.599999904632568359e-01 -5.303296568053757210e-02 -5.424829378771555549e-02
7.699999809265136719e-01 -5.484974824071238431e-02 -5.710416033187488277e-02
7.799999713897705078e-01 -5.626365785872761149e-02 -5.951294718013065699e-02
7.899999618530273438e-01 -5.729493158889881893e-02 -6.149200707949956102e-02
7.999999523162841797e-01 -5.796407291894691005e-02 -6.305922858489169947e-02
8.100000023841857910e-01 -5.829177221680733462e-02 -6.423296848681060711e-02
8.199999928474426270e-01 -5.829882257286152919e-02 -6.503195328573892209e-02
8.299999833106994629e-01 -5.800605531034300211e-02 -6.547524887652553249e-02
8.399999737739562988e-01 -5.743425686752811482e-02 -6.558215925529926882e-02
8.499999642372131348e-01 -5.660410115402333270e-02 -6.537216484575135433e-02
8.599999547004699707e-01 -5.553608196909712996e-02 -6.486485417008326648e-02
8.700000047683715820e-01 -5.425044033301668067e-02 -6.407985176175158559e-02
8.799999952316284180e-01 -5.276713539504507278e-02 -6.303677384720605958e-02
8.899999856948852539e-01 -5.110574068790754015e-02 -6.175513748830824962e-02
8.999999761581420898e-01 -4.928541961711461333e-02 -6.025431744685530444e-02
9.099999666213989258e-01 -4.732486809809915984e-02 -5.855348441808169019e-02
9.199999570846557617e-01 -4.524226797894916746e-02 -5.667154971936893409e-02
9.300000071525573730e-01 -4.305523095660473282e-02 -5.462710006237111310e-02
9.399999976158142090e-01 -4.078081242803143630e-02 -5.243839752238001889e-02
9.499999880790710449e-01 -3.843539805596987019e-02 -5.012325943970140363e-02
9.599999785423278809e-01 -3.603472420373938362e-02 -4.769906252913665851e-02
9.699999690055847168e-01 -3.359383783194820616e-02 -4.518269046737814071e-02
9.799999594688415527e-01 -3.112707294887464421e-02 -4.259049635992476907e-02
9.899999499320983887e-01 -2.864803082437590576e-02 -3.993826841214823814e-02
1.000000000000000000e+00 -2.616954915736320261e-02 -3.724118265445573034e-02
1.009999990463256836e+00 -2.370374870987039875e-02 -3.451383968040104555e-02
1.019999980926513672e+00 -2.126193563186863297e-02 -3.177014346991553773e-02
1.029999971389770508e+00 -1.885465514320198294e-02 -2.902334417923611853e-02
1.039999961853027344e+00 -1.649167456303305898e-02 -2.628600405200581802e-02
1.049999952316284180e+00 -1.418198431837019123e-02 -2.356998246893315246e-02
1.059999942779541016e+00 -1.193380201122871964e-02 -2.088642413089544098e-02
1.069999933242797852e+00 -9.754579402534008931e-03 -1.824575031599834710e-02
1.079999923706054688e+00 -7.651012163477715310e-03 -1.565765314037718958e-02
1.090000033378601074e+00 -5.629028642853991724e-03 -1.313106302366672494e-02
1.100000023841857910e+00 -3.693900127242886328e-03 -1.067426845975547739e-02
1.110000014305114746e+00 -1.850113224554785375e-03 -8.294737908932909784e-03
1.120000004768371582e+00 -1.014865444871147212e-04 -5.999246509271474563e-03
1.129999995231628418e+00 1.548832743916403508e-03 -3.793853470111720628e-03
1.139999985694885254e+00 3.098345982813140078e-03 -1.683912362476229019e-03
1.149999976158142090e+00 4.545178499599821127e-03 3.259163228630354483e-04
1.159999966621398926e+00 5.888053658609205231e-03 2.231650481257153439e-03
1.169999957084655762e+00 7.126265663772278144e-03 4.029969699998589040e-03
1.179999947547912598e+00 8.259651283913857500e-03 5.718196703769255589e-03
1.189999938011169434e+00 9.288560669972358366e-03 7.294277082351351485e-03
1.199999928474426270e+00 1.021382743035982761e-02 8.756757445463966491e-03
1.209999918937683105e+00 1.103673812695103902e-02 1.010476215111224575e-02
1.220000028610229492e+00 1.175900936797120294e-02 1.133798277169955834e-02
1.230000019073486328e+00 1.238272338152921967e-02 1.245659498028692594e-02
1.240000009536743164e+00 1.291034832477783861e-02 1.346132008472205287e-02
1.250000000000000000e+00 1.334467137862611549e-02 1.435333734694999204e-02
1.259999990463256836e+00 1.368877681998293717e-02 1.513427116617370796e-02
1.269999980926513672e+00 1.394601517438624413e-02 1.580616232330173815e-02
1.279999971389770508e+00 1.411997277721077637e-02 1.637143881095107223e-02
1.289999961853027344e+00 1.421444185823201971e-02 1.683288638459617612e-02
1.299999952316284180e+00 1.423339125684506580e-02 1.719361896662943701e-02
1.309999942779541016e+00 1.418093786757933586e-02 1.745704903082751641e-02
1.319999933242797852e+00 1.406131890775889903e-02 1.762685809003543616e-02
1.329999923706054688e+00 1.387886509127781234e-02 1.770696740482420595e-02
1.339999914169311523e+00 1.363797478453173534e-02 1.770150902548035116e-02
1.350000023841857910e+00 1.334308539317771714e-02 1.761479577360905088e-02
1.360000014305114746e+00 1.299866439263182120e-02 1.745129837814463417e-02
1.370000004768371582e+00 1.260916563571081415e-02 1.721561185091339055e-02
1.379999995231628418e+00 1.217902151917258334e-02 1.691243209496529759e-02
1.389999985694885254e+00 1.171261971292712235e-02 1.654652953253797285e-02
1.399999976158142090e+00 1.121428436574639295e-02 1.612272417095205607e-02
1.409999966621398926e+00 1.068825860754110853e-02 1.564586161649161519e-02
1.419999957084655762e+00 1.013868836359858167e-02 1.512079009764580664e-02
1.429999947547912598e+00 9.569607489414978102e-03 1.455233855227386179e-02
1.439999938011169434e+00 8.984924228261696039e-03 1.394529582645597648e-02
1.449999928474426270e+00 8.388408987418067425e-03 1.330439102603784597e-02
1.459999918937683105e+00 7.783683423098364945e-03 1.263427505519813115e-02
1.469999909400939941e+00 7.174210818513652999e-03 1.193950336979114277e-02
1.480000019073486328e+00 6.563280455414413975e-03 1.122451134031523905e-02
1.490000009536743164e+00 5.954029664247383231e-03 1.049363383398001920e-02
1.500000000000000000e+00 5.349394184851889375e-03 9.751040498242645807e-03
1.509999990463256836e+00 4.752132620136519450e-03 9.000757437575498260e-03
1.519999980926513672e+00 4.164815593987085743e-03 8.246647825745672539e-03
1.529999971389770508e+00 3.589823291207236509e-03 7.492402181722437882e-03
1.539999961853027344e+00 3.029344053973367229e-03 6.741529884332653558e-03
1.549999952316284180e+00 2.485373987020773195e-03 5.997351907364481885e-03
1.559999942779541016e+00 1.959717521356981167e-03 5.262994752167154087e-03
1.569999933242797852e+00 1.453988884229115734e-03 4.541385550433535770e-03
1.579999923706054688e+00 9.696144213481757953e-04 3.835248305792214769e-03
1.589999914169311523e+00 5.078357159872084244e-04 3.147101239084106918e-03
1.599999904632568359e+00 6.971344851359353545e-05 2.479255198759923538e-03
1.610000014305114746e+00 -3.438728418254200316e-04 1.833805541713782539e-03
1.620000004768371582e+00 -7.322001598101849588e-04 1.212663058212998550e-03
1.629999995231628418e+00 -1.094725912263384360e-03 6.175091171362296705e-04
1.639999985694885254e+00 -1.431061636438350987e-03 4.982896577876054441e-05
1.649999976158142090e+00 -1.740971378315465988e-03 -4.890930424447811030e-04
1.659999966621398926e+00 -2.024364596091576991e-03 -9.981696091627501131e-04
1.669999957084655762e+00 -2.281288722571596112e-03 -1.476505926604064229e-03
1.679999947547912598e+00 -2.511921440890281607e-03 -1.923394442226053665e-03
1.689999938011169434e+00 -2.716562726639126096e-03 -2.338309007724715619e-03
1.699999928474426270e+00 -2.895626707926841816e-03 -2.720898468093655223e-03
1.709999918937683105e+00 -3.049633393178553895e-03 -3.070979746479081396e-03
1.719999909400939941e+00 -3.179200314594479455e-03 -3.388530480396660226e-03
1.730000019073486328e+00 -3.285035256391446654e-03 -3.673684471544056383e-03
1.740000009536743164e+00 -3.367923103638824182e-03 -3.926710380312119393e-03
1.750000000000000000e+00 -3.428725054987271335e-03 -4.148023734558798151e-03
1.759999990463256836e+00 -3.468365046470652576e-03 -4.338164334206922809e-03
1.769999980926513672e+00 -3.487823018603714628e-03 -4.497791046555003891e-03
1.779999971389770508e+00 -3.488126938591019823e-03 -4.627672877431689147e-03
1.789999961853027344e+00 -3.470345010882457375e-03 -4.728679958185452378e-03
1.799999952316284180e+00 -3.435578105121841683e-03 -4.801774494718083312e-03
1.809999942779541016e+00 -3.384952427938806019e-03 -4.848001722824995391e-03
1.819999933242797852e+00 -3.319612462434894627e-03 -4.868480912037171163e-03
1.829999923706054688e+00 -3.240714196625843653e-03 -4.864396457984012691e-03
1.839999914169311523e+00 -3.149418659535906974e-03 -4.836989101028238598e-03
1.849999904632568359e+00 -3.046885781109642290e-03 -4.787547306578523489e-03
1.860000014305114746e+00 -2.934267191559408045e-03 -4.717397885791785317e-03
1.870000004768371582e+00 -2.812706259896840047e-03 -4.627901390470649107e-03
1.879999995231628418e+00 -2.683324922279013529e-03 -4.520439124734819056e-03
1.889999985694885254e+00 -2.547224215854495578e-03 -4.396408594066013482e-03
1.899999976158142090e+00 -2.405478630823643278e-03 -4.257215423900156254e-03
1.909999966621398926e+00 -2.259132118144358513e-03 -4.104266316018487931e-03
1.919999957084655762e+00 -2.109194468497792643e-03 -3.938962345247993234e-03
1.929999947547912598e+00 -1.956638060898392793e-03 -3.762692611997214397e-03
1.939999938011169434e+00 -1.802394977534574035e-03 -3.576828263720242037e-03
1.949999928474426270e+00 -1.647354479740123674e-03 -3.382716896016865326e-03
1.959999918937683105e+00 -1.492360838426006657e-03 -3.181677341750534498e-03
1.969999909400939941e+00 -1.338211510849599342e-03 -2.974994854306132683e-03
1.979999899864196777e+00 -1.185655654265058449e-03 -2.763916688924852871e-03
1.990000009536743164e+00 -1.035391190812281429e-03 -2.549645515306329848e-03
2.000000000000000000e+00 -8.880711004683884257e-04 -2.333346055678702999e-03
2.009999990463256836e+00 -7.442921178241574624e-04 -2.116126516949983546e-03
2.019999980926513672e+00 -6.046016780968702879e-04 -1.899045958645268883e-03
2.029999971389770508e+00 -4.694961287983098188e-04 -1.683109315711349982e-03
2.039999961853027344e+00 -3.394210065274801775e-04 -1.469265339783337298e-03
2.049999952316284180e+00 -2.147715571418513654e-04 -1.258404912558381151e-03
2.059999942779541016e+00 -9.589348343719073583e-05 -1.051359721155302549e-03
2.069999933242797852e+00 1.691609583482292856e-05 -8.489012840695739576e-04
2.079999923706054688e+00 1.234074919830107741e-04 -6.517403151794421605e-04
2.089999914169311523e+00 2.233771139046898517e-04 -4.605264122210430550e-04
2.099999904632568359e+00 3.166659736178582558e-04 -2.758480552283104018e-04
2.109999895095825195e+00 4.031580462198041119e-04 -9.823289962609409631e-05
2.119999885559082031e+00 4.827785005434972261e-04 7.185165202884602270e-05
2.129999876022338867e+00 5.554918165573356076e-04 2.339976162465431096e-04
2.139999866485595703e+00 6.212998052582749528e-04 3.878553498026246840e-04
2.149999856948852539e+00 6.802395464488125406e-04 5.331322433639934175e-04
2.159999847412109375e+00 7.323812593699922198e-04 6.695912052311866255e-04
2.169999837875366211e+00 7.778261206911745189e-04 7.970489530504243489e-04
2.180000066757202148e+00 8.167048936680894192e-04 9.153768428950718539e-04
2.190000057220458984e+00 8.491721321318805582e-04 1.024487764469010588e-03
2.200000047683715820e+00 8.754094780451882399e-04 1.124350893489594900e-03
2.210000038146972656e+00 8.956195426275552528e-04 1.214977888649770637e-03
2.220000028610229492e+00 9.100246637291863581e-04 1.296423420596228742e-03
2.230000019073486328e+00 9.188646807261076745e-04 1.368782683978658895e-03
2.240000009536743164e+00 9.223947417259548446e-04 1.432188839514212742e-03
2.250000000000000000e+00 9.208831525284404520e-04 1.486810402154998840e-03
2.259999990463256836e+00 9.146092760645012669e-04 1.532848590915427116e-03
2.269999980926513672e+00 9.038614903133409791e-04 1.570534655333829903e-03
2.279999971389770508e+00 8.889352119704127791e-04 1.600127192914132168e-03
2.289999961853027344e+00 8.701309924158374346e-04 1.621909471224197838e-03
2.299999952316284180e+00 8.477526918147481856e-04 1.636186767622568785e-03
2.309999942779541016e+00 8.221057364721610916e-04 1.643283738850472714e-03
2.319999933242797852e+00 7.934954638677688132e-04 1.643541831965881052e-03
2.329999923706054688e+00 7.622255591135025134e-04 1.637316747316391484e-03
2.339999914169311523e+00 7.285965859111926931e-04 1.624975963452366789e-03
2.349999904632568359e+00 6.929046144414288807e-04 1.606896333076190562e-03
2.359999895095825195e+00 6.554399479899760805e-04 1.583461758311838219e-03
2.369999885559082031e+00 6.164859495166866892e-04 1.555060952765936278e-03
2.379999876022338867e+00 5.763179687953952704e-04 1.522085297041023784e-03
2.389999866485595703e+00 5.352023702033867477e-04 1.484926793557924144e-03
2.399999856948852539e+00 4.933956607169990042e-04 1.443976125750689619e-03
2.409999847412109375e+00 4.511437171768229067e-04 1.399620825917902286e-03
2.419999837875366211e+00 4.086811114228181148e-04 1.352243555251689830e-03
2.429999828338623047e+00 3.662305314673654460e-04 1.302220498823386226e-03
2.440000057220458984e+00 3.240012939191448042e-04 1.249918606361222553e-03
2.450000047683715820e+00 2.821929726431352610e-04 1.195699265982326596e-03
2.460000038146972656e+00 2.409890453324688099e-04 1.139909559126039236e-03
2.470000028610229492e+00 2.005607111775199681e-04 1.082886072784832116e-03
2.480000019073486328e+00 1.610657415743187474e-04 1.024952665476695649e-03
2.490000009536743164e+00 1.226484188422279043e-04 9.664195719460656406e-04
2.500000000000000000e+00 8.543954872484775217e-05 9.075826237010998663e-04
2.509999990463256836e+00 4.955654253300826261e-05 8.487225832337460174e-04
2.519999980926513672e+00 1.510356464300578722e-05 7.901045893033351031e-04
2.529999971389770508e+00 -1.782825905231682183e-05 7.319777102354075703e-04
2.539999961853027344e+00 -4.916057622808802161e-05 6.745746017958432431e-04
2.549999952316284180e+00 -7.882749129343709447e-05 6.181112658460021858e-04
2.559999942779541016e+00 -1.067752012150730121e-04 5.627869056676651190e-04
2.569999933242797852e+00 -1.329615885779526416e-04 5.087838735668171472e-04
2.579999923706054688e+00 -1.573557764412315677e-04 4.562677061222306747e-04
2.589999914169311523e+00 -1.799376495023054766e-04 4.053872422380139359e-04
2.599999904632568359e+00 -2.006973460140987274e-04 3.562748189878360561e-04
2.609999895095825195e+00 -2.196347248121046682e-04 3.090465401017191490e-04
2.619999885559082031e+00 -2.367588116996575736e-04 2.638026118430220404e-04
2.629999876022338867e+00 -2.520872293140634119e-04 2.206277409522361312e-04
2.639999866485595703e+00 -2.656456144541804705e-04 1.795915892946065701e-04
2.649999856948852539e+00 -2.774670266934671980e-04 1.407492798384576808e-04
2.659999847412109375e+00 -2.875913519330537899e-04 1.041419486095745359e-04
2.669999837875366211e+00 -2.960647043687674850e-04 6.979733731209541981e-05
2.679999828338623047e+00 -3.029388301558809328e-04 3.773042137673522130e-05
2.690000057220458984e+00 -3.082706250654975995e-04 7.943385269429948707e-06
2.700000047683715820e+00 -3.121210792123715275e-04 -1.957090785849907141e-05
2.710000038146972656e+00 -3.145554640065232536e-04 -4.483247288086105608e-05
2.720000028610229492e+00 -3.156422277950095105e-04 -6.787058817280284683e-05
2.730000019073486328e+00 -3.154525954246953628e-04 -8.872380233268824094e-05
2.740000009536743164e+00 -3.140600396131643232e-04 -1.074391968974549097e-04
2.750000000000000000e+00 -3.115397712171736732e-04 -1.240716465711383300e-04
2.759999990463256836e+00 -3.079682500082204415e-04 -1.386830809391113840e-04
2.769999980926513672e+00 -3.034227173577763942e-04 -1.513417514202767633e-04
2.779999971389770508e+00 -2.979807520325258147e-04 -1.621215069812397469e-04
2.789999961853027344e+00 -2.917198501030870083e-04 -1.711010819016767117e-04
2.799999952316284180e+00 -2.847170297793772385e-04 -1.783633986405288034e-04
2.809999942779541016e+00 -2.770484618027151081e-04 -1.839948886097253673e-04
2.819999933242797852e+00 -2.687891258494281730e-04 -1.880848334172578783e-04
2.829999923706054688e+00 -2.600124932340005753e-04 -1.907247288961511447e-04
2.839999914169311523e+00 -2.507902360418706495e-04 -1.920076739913519938e-04
2.849999904632568359e+00 -2.411919626733429259e-04 -1.920277863341495915e-04
2.859999895095825195e+00 -2.312849796410377818e-04 -1.908796460946128419e-04
2.869999885559082031e+00 -2.211340793338740520e-04 -1.886577694676810663e-04
2.879999876022338867e+00 -2.108013533410770359e-04 -1.854561129191489334e-04
2.889999866485595703e+00 -2.003460308199519601e-04 -1.813676090946115399e-04
2.899999856948852539e+00 -1.898243412912027953e-04 -1.764837350784099904e-04
2.909999847412109375e+00 -1.792894011553060872e-04 -1.708941134815705970e-04
2.919999837875366211e+00 -1.687911231425815036e-04 -1.646861466381435918e-04
2.929999828338623047e+00 -1.583761478380061899e-04 -1.579446839990639628e-04
2.939999818801879883e+00 -1.480877963591859317e-04 -1.507517226319910505e-04
2.950000047683715820e+00 -1.379658041739948761e-04 -1.431859563524704609e-04
2.960000038146972656e+00 -1.280472745188435048e-04 -1.353232721293906821e-04
2.970000028610229492e+00 -1.183652392688339490e-04 -1.272354627302691246e-04
2.980000019073486328e+00 -1.089496563850266572e-04 -1.189907702621957662e-04
2.990000009536743164e+00 -9.982720946696432721e-05 -1.106535689923449659e-04
3.000000000000000000e+00 -9.102136553146583534e-05 -1.022842537637126242e-04
3.009999990463256836e+00 -8.255244641910169565e-05 -9.393915670636520624e-05
3.019999980926513672e+00 -7.443771268549485343e-05 -8.567049109381793962e-05
3.029999971389770508e+00 -6.669145883614376459e-05 -7.752632111191684464e-05
3.039999961853027344e+00 -5.932511877005624792e-05 -6.955055623606085633e-05
3.049999952316284180e+00 -5.234738030913604288e-05 -6.178296885210351043e-05
3.059999942779541016e+00 -4.576430770613649482e-05 -5.425923370594055582e-05
3.069999933242797852e+00 -3.957947104419682743e-05 -4.701098772691298115e-05
3.079999923706054688e+00 -3.379408146491105194e-05 -4.006590874000146485e-05
3.089999914169311523e+00 -2.840713118930970812e-05 -3.344781156114905331e-05
3.099999904632568359e+00 -2.341553732692298870e-05 -2.717675995864670394e-05
3.109999895095825195e+00 -1.881428850164130486e-05 -2.126919296062802864e-05
3.119999885559082031e+00 -1.459659335958724231e-05 -1.573806399430176456e-05
3.129999876022338867e+00 -1.075403006295950100e-05 -1.059299135578977451e-05
3.139999866485595703e+00 -7.276695914874625401e-06 -5.840418530047959115e-06
3.149999856948852539e+00 -4.153356303324077670e-06 -1.483782907876821004e-06
3.159999847412109375e+00 -1.371592197126876315e-06 2.476308519230687727e-06
3.169999837875366211e+00 1.082054526831208874e-06 6.041897865942730626e-06
3.179999828338623047e+00 3.221938598044287601e-06 9.217490796188968302e-06
3.189999818801879883e+00 5.063172332750540731e-06 1.200986798731240101e-05
3.199999809265136719e+00 6.621490654556931176e-06 1.442789484583591162e-05
3.210000038146972656e+00 7.913148426277885890e-06 1.648237539060522011e-05
3.220000028610229492e+00 8.954678321739495791e-06 1.818567474588508715e-05
3.230000019073486328e+00 9.762955080523412211e-06 1.955182384024952555e-05
3.240000009536743164e+00 1.035495233830926239e-05 2.059612895569373962e-05
3.250000000000000000e+00 1.074766859682858588e-05 2.133504229747985802e-05
3.259999990463256836e+00 1.095802570398539886e-05 2.178598361452815758e-05
3.269999980926513672e+00 1.100277397216059825e-05 2.196716691253236081e-05
3.279999971389770508e+00 1.089840410496462588e-05 2.189743296124048558e-05
3.289999961853027344e+00 1.066106605489800843e-05 2.159608822617370619e-05
3.299999952316284180e+00 1.030649488784650027e-05 2.108275078411767846e-05
3.309999942779541016e+00 9.849943685394681238e-06 2.037720371143966931e-05
3.319999933242797852e+00 9.306123472808371983e-06 1.949925636502210737e-05
3.329999923706054688e+00 8.689150119349857394e-06 1.846861390766252231e-05
3.339999914169311523e+00 8.012498118639801357e-06 1.730475536352240489e-05
3.349999904632568359e+00 7.288961120122339088e-06 1.602682042479968973e-05
3.359999895095825195e+00 6.530619048617920121e-06 1.465350516866545246e-05
3.369999885559082031e+00 5.748811617466281494e-06 1.320296678371659490e-05
3.379999876022338867e+00 4.954118012109235317e-06 1.169273734808415806e-05
3.389999866485595703e+00 4.156342495160522919e-06 1.013964664702223355e-05
3.399999856948852539e+00 3.364505661155221573e-06 8.559753966483695480e-06
3.409999847412109375e+00 2.586841049333320265e-06 6.968288750987867324e-06
3.419999837875366211e+00 1.830796805953193982e-06 5.379599969086044482e-06
3.429999828338623047e+00 1.103042073838839715e-06 3.807113988104974345e-06
3.439999818801879883e+00 4.094777760296444760e-07 2.263300721565476620e-06
3.449999809265136719e+00 -2.447485475296145910e-07 7.596477778269283942e-07
3.460000038146972656e+00 -8.552381988299856169e-07 -6.933916541235743861e-07
3.470000028610229492e+00 -1.418262239489318193e-06 -2.086272206513890245e-06
3.480000019073486328e+00 -1.930824038998908454e-06 -3.410568298803989691e-06
3.490000009536743164e+00 -2.390572319815855881e-06 -4.658831217787286872e-06
3.500000000000000000e+00 -2.795786346584653272e-06 -5.824615298440675995e-06
3.509999990463256836e+00 -3.145344030587390701e-06 -6.902462985904764454e-06
3.519999980926513672e+00 -3.438688365669556080e-06 -7.887884484523060151e-06
3.529999971389770508e+00 -3.675792508482575376e-06 -8.777332422373057761e-06
3.539999961853027344e+00 -3.857123803344450120e-06 -9.568171965037582834e-06
3.549999952316284180e+00 -3.983607038410617621e-06 -1.025864681504673972e-05
3.559999942779541016e+00 -4.056587204892560974e-06 -1.084784153321496714e-05
3.569999933242797852e+00 -4.077792015420949638e-06 -1.133564061555119737e-05
3.579999923706054688e+00 -4.049294421272290084e-06 -1.172268475443704357e-05
3.589999914169311523e+00 -3.973475351288043929e-06 -1.201032470552571540e-05
3.599999904632568359e+00 -3.852986878323936148e-06 -1.220057317272064907e-05
3.609999895095825195e+00 -3.690716001782408148e-06 -1.229605511238929095e-05
3.619999885559082031e+00 -3.489749217769379021e-06 -1.229995684528807508e-05
3.629999876022338867e+00 -3.253338031561491197e-06 -1.221597435036556156e-05
3.639999866485595703e+00 -2.984865550554189276e-06 -1.204826109890305108e-05
3.649999856948852539e+00 -2.687814279996315452e-06 -1.180137577074101850e-05
3.659999847412109375e+00 -2.365735228354150783e-06 -1.148023017637075478e-05
3.669999837875366211e+00 -2.022218414549098402e-06 -1.109003769005440137e-05
3.679999828338623047e+00 -1.660864855360623794e-06 -1.063626247970173045e-05
3.689999818801879883e+00 -1.285260098122694940e-06 -1.012456979924153213e-05
3.699999809265136719e+00 -8.989493515963308497e-07 -9.560777588934930851e-06
3.709999799728393555e+00 -5.054142563696237947e-07 -8.950809608381475732e-06
3.720000028610229492e+00 -1.080418323920395332e-07 -8.300634373792047647e-06
3.730000019073486328e+00 2.898573912064708338e-07 -7.616284933670202655e-06
3.740000009536743164e+00 6.851245026139303890e-07 -6.903724519315882485e-06
3.750000000000000000e+00 1.074730768327764980e-06 -6.168868854248830561e-06
3.759999990463256836e+00 1.455801830792709515e-06 -5.417534551452746612e-06
3.769999980926513672e+00 1.825630773003980917e-06 -4.655405004832892027e-06
3.779999971389770508e+00 2.181689509033579948e-06 -3.887998811891725697e-06
3.789999961853027344e+00 2.521638523735066847e-06 -3.120640791636310295e-06
3.799999952316284180e+00 2.843334990268607733e-06 -2.358435643583507404e-06
3.809999942779541016e+00 3.144839299097390035e-06 -1.606244276278030163e-06
3.819999933242797852e+00 3.424420036727729236e-06 -8.686628169946390745e-07
3.829999923706054688e+00 3.680557456842455376e-06 -1.500042983434577452e-07
3.839999914169311523e+00 3.911945490563689658e-06 5.457169976429676270e-07
3.849999904632568359e+00 4.117492346489881445e-06 1.214798571661045268e-06
3.859999895095825195e+00 4.296319754866813001e-06 1.853860162650321255e-06
3.869999885559082031e+00 4.447760913827967918e-06 2.459851686335131784e-06
3.879999876022338867e+00 4.571357199060491954e-06 3.030058728033846808e-06
3.889999866485595703e+00 4.666853701566144780e-06 3.562105671677620943e-06
3.899999856948852539e+00 4.734193661337469052e-06 4.053956556699501850e-06
3.909999847412109375e+00 4.773511867798805508e-06 4.503913763262653310e-06
3.919999837875366211e+00 4.785127100716067025e-06 4.910614634154174798e-06
3.929999828338623047e+00 4.769533687953073579e-06 5.273026148586127892e-06
3.939999818801879883e+00 4.727392258905282046e-06 5.590437769145444005e-06
3.949999809265136719e+00 4.659519774642874261e-06 5.862452588190512692e-06
3.959999799728393555e+00 4.566878917718997906e-06 6.088976904170803061e-06
3.970000028610229492e+00 4.450563880356217644e-06 6.270212145800562206e-06
3.980000019073486328e+00 4.311800391859529429e-06 6.406625514318548559e-06
3.990000009536743164e+00 4.151917016621185064e-06 6.498961568762810217e-06
4.000000000000000000e+00 3.972343398164783640e-06 6.548208524571006346e-06
4.009999752044677734e+00 3.774600156699748709e-06 6.555587192581843540e-06
4.019999980926513672e+00 3.560261645675649936e-06 6.522532437165809717e-06
4.029999732971191406e+00 3.330998083412327476e-06 6.450680866277580923e-06
4.039999961853027344e+00 3.088485567842882065e-06 6.341838829625905814e-06
4.049999713897705078e+00 2.834480641927978066e-06 6.197991005442695921e-06
4.059999942779541016e+00 2.570715857905082695e-06 6.021240678739125623e-06
4.069999694824218750e+00 2.298984251980564381e-06 5.813845406236219591e-06
4.079999923706054688e+00 2.021027439625336380e-06 5.578131371264856600e-06
4.089999675750732422e+00 1.738627618439515854e-06 5.316553392616357467e-06
4.099999904632568359e+00 1.453491144060149710e-06 5.031587202826218999e-06
4.110000133514404297e+00 1.167331983308316292e-06 4.725795637264817950e-06
4.119999885559082031e+00 8.818218757615255169e-07 4.401778110830018960e-06
4.130000114440917969e+00 5.985402387974341137e-07 4.062102753523131537e-06
4.139999866485595703e+00 3.190608239322506761e-07 3.709399948386838497e-06
4.150000095367431641e+00 4.483634559098357541e-08 3.346217575794104559e-06
4.159999847412109375e+00 -2.227021570504724352e-07 2.975139973681138744e-06
4.170000076293945312e+00 -4.822557897071841577e-07 2.598635754654954552e-06
4.179999828338623047e+00 -7.325614518566192550e-07 2.219185454260579345e-06
4.190000057220458984e+00 -9.724952181277774850e-07 1.839126000014314619e-06
4.199999809265136719e+00 -1.200980987004636002e-06 1.460783420586573757e-06
4.210000038146972656e+00 -1.417084890697857936e-06 1.086317828188348111e-06
4.219999790191650391e+00 -1.619930714910258633e-06 7.178576999448883491e-07
4.230000019073486328e+00 -1.808783782026695285e-06 3.573489431489725392e-07
4.239999771118164062e+00 -1.982974666871563987e-06 6.687470810183005393e-09
4.250000000000000000e+00 -2.141971339642091945e-06 -3.324244339643696108e-07
4.259999752044677734e+00 -2.285312435240061273e-06 -6.583502537743876764e-07
4.269999980926513672e+00 -2.412666786889965453e-06 -9.696527584603070880e-07
4.279999732971191406e+00 -2.523777225596168632e-06 -1.264973534633120374e-06
4.289999961853027344e+00 -2.618506973321550003e-06 -1.543154014259828998e-06
4.299999713897705078e+00 -2.696794661661401617e-06 -1.803124717845544843e-06
4.309999942779541016e+00 -2.758687376560657354e-06 -2.044011869105016840e-06
4.319999694824218750e+00 -2.804307298385590138e-06 -2.265038281404355923e-06
4.329999923706054688e+00 -2.833871491666529921e-06 -2.465614104942078592e-06
4.339999675750732422e+00 -2.847670288950415510e-06 -2.645250878967947120e-06
4.349999904632568359e+00 -2.846074193759356180e-06 -2.803635423319184458e-06
4.360000133514404297e+00 -2.829522725991000100e-06 -2.940564181857363190e-06
4.369999885559082031e+00 -2.798524740255503608e-06 -3.055969642736703768e-06
4.380000114440917969e+00 -2.753645775650719421e-06 -3.149927773153815636e-06
4.389999866485595703e+00 -2.695514919014814901e-06 -3.222617008649361437e-06
4.400000095367431641e+00 -2.624802623555721096e-06 -3.274348600365289568e-06
4.409999847412109375e+00 -2.542237489090316929e-06 -3.305532831654887473e-06
4.420000076293945312e+00 -2.448574188974500937e-06 -3.316692458582086446e-06
4.429999828338623047e+00 -2.344619551396142327e-06 -3.308443966182889221e-06
4.440000057220458984e+00 -2.231191800332084589e-06 -3.281494934830763869e-06
4.449999809265136719e+00 -2.109154881687906566e-06 -3.236639756787795134e-06
4.460000038146972656e+00 -1.979370319763919177e-06 -3.174742064066679685e-06
4.469999790191650391e+00 -1.842738611987230809e-06 -3.096744031914900283e-06
4.480000019073486328e+00 -1.700145067826568353e-06 -3.003635260431562366e-06
4.489999771118164062e+00 -1.552507009033941960e-06 -2.896474538270844601e-06
4.500000000000000000e+00 -1.400714995033606523e-06 -2.776346778565834593e-06
4.509999752044677734e+00 -1.245684511801233691e-06 -2.644395906233448435e-06
4.519999980926513672e+00 -1.088293998474045652e-06 -2.501771607911112625e-06
4.529999732971191406e+00 -9.294396863018007134e-07 -2.349671841442308274e-06
4.539999961853027344e+00 -7.699718274994853916e-07 -2.189281269748350722e-06
4.549999713897705078e+00 -6.107513544556309613e-07 -2.021821771874165266e-06
4.559999942779541016e+00 -4.525856754972732829e-07 -1.848484493169682020e-06
4.569999694824218750e+00 -2.962858614768035105e-07 -1.670486663105522666e-06
4.579999923706054688e+00 -1.426033157657535195e-07 -1.488999210796602245e-06
4.589999675750732422e+00 7.713742252094112125e-09 -1.305208164143848624e-06
4.599999904632568359e+00 1.539815024731018903e-07 -1.120239753295856732e-06
4.610000133514404297e+00 2.955325564671012496e-07 -9.352158696564907974e-07
4.619999885559082031e+00 4.317407470785156495e-07 -7.512225460440780565e-07
4.630000114440917969e+00 5.620417587021654781e-07 -5.692787466896031689e-07
4.639999866485595703e+00 6.858902495370013782e-07 -3.903930311138801127e-07
4.650000095367431641e+00 8.028110940591156717e-07 -2.154902671314905046e-07
4.659999847412109375e+00 9.123536654709227842e-07 -4.547596003188611543e-08
4.670000076293945312e+00 1.014137517436849824e-06 1.188335636187100615e-07
4.679999828338623047e+00 1.107811616392455356e-06 2.766493675331977235e-07
4.690000057220458984e+00 1.193093776970439650e-06 4.272748801547230691e-07
4.699999809265136719e+00 1.269735425130807047e-06 5.700479031473730017e-07
4.710000038146972656e+00 1.337554255784915454e-06 7.043995650854551338e-07
4.719999790191650391e+00 1.396404962264128680e-06 8.298012159687358513e-07
4.730000019073486328e+00 1.446204745366206198e-06 9.458163875109862356e-07
4.739999771118164062e+00 1.486910299070388111e-06 1.052053482431594288e-06
4.750000000000000000e+00 1.518535964397770445e-06 1.148209984325163115e-06
4.759999752044677734e+00 1.541137118370834541e-06 1.234031661761020917e-06
4.769999980926513672e+00 1.554820930243198016e-06 1.309348490478279308e-06
4.779999732971191406e+00 1.559736163035638561e-06 1.374040899871522065e-06
4.789999961853027344e+00 1.556076650175149068e-06 1.428067089181545290e-06
4.799999713897705078e+00 1.544077388799329423e-06 1.471436652189467272e-06
4.809999942779541016e+00 1.524011007870185057e-06 1.504229182407146835e-06
4.819999694824218750e+00 1.496189911813326436e-06 1.526575424848999678e-06
4.829999923706054688e+00 1.460956153031042641e-06 1.538667268523912790e-06
4.839999675750732422e+00 1.418689275008403861e-06 1.540746395728466309e-06
4.849999904632568359e+00 1.369790129399714719e-06 1.533105949403880626e-06
4.859999656677246094e+00 1.314693970861565945e-06 1.516086483757436733e-06
4.869999885559082031e+00 1.253848868482505533e-06 1.490069765771426200e-06
4.880000114440917969e+00 1.187730250689218549e-06 1.455479832374477905e-06
4.889999866485595703e+00 1.116831003802224442e-06 1.412778769396814194e-06
4.900000095367431641e+00 1.041647022721011819e-06 1.362455046449397209e-06
4.909999847412109375e+00 9.626981980118611472e-07 1.305034877663611129e-06
4.920000076293945312e+00 8.804966888000115339e-07 1.241059303949956910e-06
4.929999828338623047e+00 7.955738034495520438e-07 1.171102115759547408e-06
4.940000057220458984e+00 7.084456993421149495e-07 1.095741714615253671e-06
4.949999809265136719e+00 6.196426839982307637e-07 1.015583832216432876e-06
4.960000038146972656e+00 5.296732167302502090e-07 9.312291224857549188e-07
4.969999790191650391e+00 4.390549095965166240e-07 8.432998758084606656e-07
4.980000019073486328e+00 3.482776939958317958e-07 7.524043329836389587e-07
4.989999771118164062e+00 2.578358003556453606e-07 6.591665497901467116e-07
5.000000000000000000e+00 1.681909205895796930e-07 5.641884394693383359e-07
5.009999752044677734e+00 7.980445930293555178e-08 4.680819201526736883e-07
5.019999980926513672e+00 -6.898527039016618950e-09 3.714296840665724518e-07
5.029999732971191406e+00 -9.149748721043519292e-08 2.748187578609661224e-07
5.039999961853027344e+00 -1.736109436521955273e-07 1.788009664581522033e-07
5.049999713897705078e+00 -2.528656978329423642e-07 8.392705289661356860e-08
5.059999942779541016e+00 -3.289292677947359247e-07 -9.292245249714047981e-09
5.069999694824218750e+00 -4.014807306237135778e-07 -1.003523356420662952e-07
5.079999923706054688e+00 -4.702404766514379919e-07 -1.887922314125858889e-07
5.089999675750732422e+00 -5.349432170326547290e-07 -2.741617195191009686e-07
5.099999904632568359e+00 -5.953645937796289675e-07 -3.560565884308423931e-07
5.109999656677246094e+00 -6.512968114215617214e-07 -4.340875298715939127e-07
5.119999885559082031e+00 -7.025717363396166109e-07 -5.079124579001952949e-07
5.130000114440917969e+00 -7.490416353484007358e-07 -5.772109646301250889e-07
5.139999866485595703e+00 -7.905879955671548055e-07 -6.416971974707383804e-07
5.150000095367431641e+00 -8.271260894953517195e-07 -7.011286560950602055e-07
5.159999847412109375e+00 -8.585912264706363485e-07 -7.552856125755190768e-07
5.170000076293945312e+00 -8.849520836931318572e-07 -8.039938828092093146e-07
5.179999828338623047e+00 -9.061980115809808377e-07 -8.471041680189596549e-07
5.190000057220458984e+00 -9.223482934214405008e-07 -8.845103845494989005e-07
5.199999809265136719e+00 -9.334431578206021211e-07 -9.161328526689074848e-07
5.210000038146972656e+00 -9.395489950858722263e-07 -9.419319952411404882e-07
5.219999790191650391e+00 -9.407530914262317892e-07 -9.618955760314332835e-07
5.230000019073486328e+00 -9.371649023810736145e-07 -9.760476856724297328e-07
5.239999771118164062e+00 -9.289144457641845507e-07 -9.844401319968494032e-07
5.250000000000000000e+00 -9.161497975599963640e-07 -9.871567349675293308e-07
5.259999752044677734e+00 -8.990390080542121571e-07 -9.843088748483173099e-07
5.269999980926513672e+00 -8.777640435190068336e-07 -9.760352146925164558e-07
5.279999732971191406e+00 -8.525260238965283093e-07 -9.625013203723866202e-07
5.289999961853027344e+00 -8.235358844036978873e-07 -9.438950184327715875e-07
5.299999713897705078e+00 -7.910226746061368934e-07 -9.204299168082934755e-07
5.309999942779541016e+00 -7.552212580307656325e-07 -8.923366862580059223e-07
5.319999694824218750e+00 -7.163833623759152663e-07 -8.598702335035334869e-07
5.329999923706054688e+00 -6.747626724990645001e-07 -8.232972651060090838e-07
5.339999675750732422e+00 -6.306282804777786059e-07 -7.829067969955098142e-07
5.349999904632568359e+00 -5.842475581582851425e-07 -7.389944199004290747e-07
5.359999656677246094e+00 -5.359016241220175206e-07 -6.918757716950972436e-07
5.369999885559082031e+00 -4.858664063988636673e-07 -6.418679728304292139e-07
5.380000114440917969e+00 -4.344272395718420505e-07 -5.893030792790690483e-07
5.389999866485595703e+00 -3.818709547258889557e-07 -5.345200048209970198e-07
5.400000095367431641e+00 -3.284767738651416457e-07 -4.778542612765146525e-07
5.409999847412109375e+00 -2.745326738757929110e-07 -4.196546075148768768e-07
5.420000076293945312e+00 -2.203138223147851433e-07 -3.602596809661691125e-07
5.429999828338623047e+00 -1.661018525594489362e-07 -3.000183280424527939e-07
5.440000057220458984e+00 -1.121630238823669537e-07 -2.392652699238760824e-07
5.449999809265136719e+00 -5.876764908283816573e-08 -1.783423024716757826e-07
5.460000038146972656e+00 -6.168416041034083117e-09 -1.175735461778479068e-07
5.469999790191650391e+00 4.538042635813819938e-08 -5.728702584099534281e-08
5.480000019073486328e+00 9.564416215926729872e-08 2.209958051861167014e-09
5.489999771118164062e+00 1.443890348619660862e-07 6.060934564090347376e-08
5.500000000000000000e+00 1.914023556955078052e-07 1.176263105530329962e-07
5.509999752044677734e+00 2.364748839431848756e-07 1.729783247041663481e-07
5.519999980926513672e+00 2.794195780187350994e-07 2.264080337245880999e-07
5.529999732971191406e+00 3.200552365243242457e-07 2.776632911822765004e-07
5.539999961853027344e+00 3.582235575659769067e-07 3.265184763252736935e-07
5.549999713897705078e+00 3.937743089947617617e-07 3.727558799012525757e-07
5.559999942779541016e+00 4.265804052239585145e-07 4.161850732037267143e-07
5.569999694824218750e+00 4.565248334229972653e-07 4.566259828165197662e-07
5.579999923706054688e+00 4.835135069021540190e-07 4.939259757816603610e-07
5.589999675750732422e+00 5.074641301172000501e-07 5.279449109354029663e-07
5.599999904632568359e+00 5.283166423080620749e-07 5.585696660891674869e-07
5.609999656677246094e+00 5.460241588762564412e-07 5.857014003464355820e-07
5.619999885559082031e+00 5.605608770640605094e-07 6.092673140918796222e-07
5.629999637603759766e+00 5.719151854304159862e-07 6.292103010351164383e-07
5.639999866485595703e+00 5.800949633216086747e-07 6.454977989480114069e-07
5.650000095367431641e+00 5.851230698024431775e-07 6.581144674974594450e-07
5.659999847412109375e+00 5.870392028951256365e-07 6.670654850352375074e-07
5.670000076293945312e+00 5.858989649013562665e-07 6.723765972471069666e-07
5.679999828338623047e+00 5.817729627885989488e-07 6.740910172704300448e-07
5.690000057220458984e+00 5.747456840152418240e-07 6.722708242346045635e-07
5.699999809265136719e+00 5.649162701463202045e-07 6.669955704624793020e-07
5.710000038146972656e+00 5.523950069504977962e-07 6.583607978934230423e-07
5.719999790191650391e+00 5.373061361966166205e-07 6.464791469238236060e-07
5.730000019073486328e+00 5.197821394531782869e-07 6.314761367724996063e-07
5.739999771118164062e+00 4.999684517593438503e-07 6.134936581114406352e-07
5.750000000000000000e+00 4.780157594665990141e-07 5.926832157415276348e-07
5.759999752044677734e+00 4.540864476492287716e-07 5.692116431080967339e-07
5.769999980926513672e+00 4.283451656196123613e-07 5.432520511787020078e-07
5.779999732971191406e+00 4.009668124150150680e-07 5.149915639305864342e-07
5.789999961853027344e+00 3.721256487034128201e-07 4.846202552672378159e-07
5.799999713897705078e+00 3.420046018515551299e-07 4.523406711745211181e-07
5.809999942779541016e+00 3.107832196196238822e-07 4.183550663768858185e-07
5.819999694824218750e+00 2.786480584631264541e-07 3.828764514910739040e-07
5.829999923706054688e+00 2.457797828187861169e-07 3.461144626414660513e-07
5.839999675750732422e+00 2.123643876685098572e-07 3.082876509350333327e-07
5.849999904632568359e+00 1.785797477592712651e-07 2.696083313919475797e-07
5.859999656677246094e+00 1.446074181617157156e-07 2.302958175700871186e-07
5.869999885559082031e+00 1.106189311754853683e-07 1.905606011765930189e-07
5.879999637603759766e+00 7.678791667462145429e-08 1.506182267480552201e-07
5.889999866485595703e+00 4.327643157929500931e-08 1.106731505609526409e-07
5.900000095367431641e+00 1.024558403519235215e-08 7.093106186393368772e-08
5.909999847412109375e+00 -2.215003235339404054e-08 3.159219479837264306e-08
5.920000076293945312e+00 -5.376743243353337247e-08 -7.155131887797770818e-09
5.929999828338623047e+00 -8.446502203189185855e-08 -4.512227511648852069e-08
5.940000057220458984e+00 -1.141150692658104386e-07 -8.213576536076760746e-08
5.949999809265136719e+00 -1.425924056192483415e-07 -1.180235593005186873e-07
5.960000038146972656e+00 -1.697860344989638423e-07 -1.526297558401632674e-07
5.969999790191650391e+00 -1.955885635072970798e-07 -1.858015119733498967e-07
5.980000019073486328e+00 -2.199067724349528265e-07 -2.174027175735763644e-07
5.989999771118164062e+00 -2.426519595888013261e-07 -2.473018154504738965e-07
6.000000000000000000e+00 -2.637493202044637852e-07 -2.753842074681281994e-07
6.009999752044677734e+00 -2.831293638648404255e-07 -3.015411922163258835e-07
6.019999980926513672e+00 -3.007359832523894196e-07 -3.256809094790819447e-07
6.029999732971191406e+00 -3.165190716267684314e-07 -3.477185780654104479e-07
6.039999961853027344e+00 -3.304411904150959223e-07 -3.675858218401887152e-07
6.049999713897705078e+00 -3.424714861483236873e-07 -3.852223568694794537e-07
6.059999942779541016e+00 -3.525908932627137466e-07 -4.005835793928790441e-07
6.069999694824218750e+00 -3.607874195180331194e-07 -4.136338162988965437e-07
6.079999923706054688e+00 -3.670598473989871739e-07 -4.243520929434226794e-07
6.089999675750732422e+00 -3.714144265557031416e-07 -4.327270248810459675e-07
6.099999904632568359e+00 -3.738670632297427965e-07 -4.387607206917089264e-07
6.109999656677246094e+00 -3.744414283564132018e-07 -4.424653566583576349e-07
6.119999885559082031e+00 -3.731696494873272736e-07 -4.438652062544269828e-07
6.129999637603759766e+00 -3.700918144749359427e-07 -4.429949038057549368e-07
6.139999866485595703e+00 -3.652552044108672504e-07 -4.398996275365642819e-07
6.150000095367431641e+00 -3.587147943302793089e-07 -4.346347221574955042e-07
6.159999847412109375e+00 -3.505328463273443033e-07 -4.272656047785526913e-07
6.170000076293945312e+00 -3.407770217713208591e-07 -4.178657762696469557e-07
6.179999828338623047e+00 -3.295229257037016563e-07 -4.065190186069540062e-07
6.190000057220458984e+00 -3.168500090716200383e-07 -3.933152944215654982e-07
6.199999809265136719e+00 -3.028454308472649626e-07 -3.783544934178537302e-07
6.210000038146972656e+00 -2.875988096690975056e-07 -3.617408292213654945e-07
6.219999790191650391e+00 -2.712070931499933299e-07 -3.435879105825198147e-07
6.230000019073486328e+00 -2.537682911051686925e-07 -3.240117944956187210e-07
6.239999771118164062e+00 -2.353872162432352564e-07 -3.031372313871720508e-07
6.250000000000000000e+00 -2.161683474609344670e-07 -2.810895546872418836e-07
6.259999752044677734e+00 -1.962222950590399763e-07 -2.580019316296522357e-07
6.269999980926513672e+00 -1.756579564801148144e-07 -2.340062869540183333e-07
6.279999732971191406e+00 -1.545895514714699956e-07 -2.092413774323033867e-07
6.289999961853027344e+00 -1.331282436837605513e-07 -1.838429608474910078e-07
6.299999713897705078e+00 -1.113895867809734438e-07 -1.579525030064648023e-07
6.309999942779541016e+00 -8.948479306137309612e-08 -1.317068123111908611e-07
6.319999694824218750e+00 -6.752843026946471778e-08 -1.052471828024045427e-07
6.329999923706054688e+00 -4.562952247783498804e-08 -7.870871933379892252e-08
6.339999675750732422e+00 -2.389933913127638886e-08 -5.222971902712861069e-08
6.349999904632568359e+00 -2.442513514851923627e-09 -2.594091213825422533e-08
6.359999656677246094e+00 1.863522982074860631e-08 2.511294653950619689e-11
6.369999885559082031e+00 3.923575775796483886e-08 2.554453261513814108e-08
6.379999637603759766e+00 5.926100943956855195e-08 5.049300795046390203e-08
6.389999866485595703e+00 7.862130715861911033e-08 7.475595994847209896e-08
6.399999618530273438e+00 9.722818248441273008e-08 9.821961299805833688e-08
6.409999847412109375e+00 1.150021547240604815e-07 1.207807243796150532e-07
6.420000076293945312e+00 1.318668090465654717e-07 1.423391196198019031e-07
6.429999828338623047e+00 1.477519912943076382e-07 1.628016828329229025e-07
6.440000057220458984e+00 1.625961827581496317e-07 1.820854447344907251e-07
6.449999809265136719e+00 1.763415760191049627e-07 2.001112235906263590e-07
6.460000038146972656e+00 1.889399334109679898e-07 2.168112468512490676e-07
6.469999790191650391e+00 2.003475165042143411e-07 2.321225245349158519e-07
6.480000019073486328e+00 2.105299971369490369e-07 2.459933909922372211e-07
6.489999771118164062e+00 2.194581805428577480e-07 2.583778108691648179e-07
6.500000000000000000e+00 2.271119027072872986e-07 2.692407453338528978e-07
6.509999752044677734e+00 2.334766015559933550e-07 2.785534708289420214e-07
6.519999980926513672e+00 2.385461599837660003e-07 2.862977025036791338e-07
6.529999732971191406e+00 2.423203614799487215e-07 2.924619833714443355e-07
6.539999961853027344e+00 2.448066637116673925e-07 2.970445265747347495e-07
6.549999713897705078e+00 2.460185567761048219e-07 3.000507096225095214e-07
6.559999942779541016e+00 2.459762768921102676e-07 3.014946257122712002e-07
6.569999694824218750e+00 2.447060674640507051e-07 3.013976948734621603e-07
6.579999923706054688e+00 2.422398655222993259e-07 2.997889421584597871e-07
6.589999675750732422e+00 2.386154482778186078e-07 2.967047151845000886e-07
6.599999904632568359e+00 2.338751458338259480e-07 2.921877329257164875e-07
6.609999656677246094e+00 2.280668392202757073e-07 2.862878777303878609e-07
6.619999885559082031e+00 2.212417710971240600e-07 2.790600821334986312e-07
6.629999637603759766e+00 2.134563456876516643e-07 2.705661433105031721e-07
6.639999866485595703e+00 2.047691243699739844e-07 2.608715363131843369e-07
6.649999618530273438e+00 1.952433637650922934e-07 2.500481804576871141e-07
6.659999847412109375e+00 1.849432950991555051e-07 2.381702853300029471e-07
6.670000076293945312e+00 1.739367836316654614e-07 2.253173472855680724e-07
6.679999828338623047e+00 1.622937022714209760e-07 2.115723233074561952e-07
6.690000057220458984e+00 1.500837063844643651e-07 1.970189660218776778e-07
6.699999809265136719e+00 1.373797878192071456e-07 1.817460168342287176e-07
6.710000038146972656e+00 1.242532462526131372e-07 1.658411871653195753e-07
6.719999790191650391e+00 1.107781458478043140e-07 1.493964837843462904e-07
6.730000019073486328e+00 9.702596568613057207e-08 1.325016885725464786e-07
6.739999771118164062e+00 8.307038179176032289e-08 1.152501482923062234e-07
6.750000000000000000e+00 6.898171217261503386e-08 9.773189904976746927e-08
6.759999752044677734e+00 5.483191727804579872e-08 8.003978951525218954e-08
6.769999980926513672e+00 4.068895215948336605e-08 6.226239642043822266e-08
6.779999732971191406e+00 2.662187785952040551e-08 4.449034795911402580e-08
6.789999961853027344e+00 1.269522853098992021e-08 2.680917412863104004e-08
6.799999713897705078e+00 -1.025872064239326458e-09 9.305697503794279393e-09
6.809999942779541016e+00 -1.448122663804903287e-08 -7.939042716876019278e-09
6.819999694824218750e+00 -2.761054475816542194e-08 -2.484346223310275029e-08
6.829999923706054688e+00 -4.035874731473274660e-08 -4.133230210623946420e-08
6.839999675750732422e+00 -5.267113996872386486e-08 -5.733048660026203505e-08
6.849999904632568359e+00 -6.449841898551779873e-08 -7.276966528413361373e-08
6.859999656677246094e+00 -7.579212634697844594e-08 -8.758237324222519084e-08
6.869999885559082031e+00 -8.650927835368231278e-08 -1.017081324509605022e-07
6.879999637603759766e+00 -9.660818187739961645e-08 -1.150880203613435516e-07
6.889999866485595703e+00 -1.060526160422810923e-07 -1.276702300219829583e-07
6.899999618530273438e+00 -1.148080787163932524e-07 -1.394051412045647088e-07
6.909999847412109375e+00 -1.228454609353946966e-07 -1.502502517096413405e-07
6.920000076293945312e+00 -1.301381109827799552e-07 -1.601662820093871072e-07
6.929999828338623047e+00 -1.366633029686376769e-07 -1.691191534842266796e-07
6.940000057220458984e+00 -1.424030557640177584e-07 -1.770811495435021917e-07
6.949999809265136719e+00 -1.473420818803758693e-07 -1.840281036802398134e-07
6.960000038146972656e+00 -1.514699950447226787e-07 -1.899424686946169897e-07
6.969999790191650391e+00 -1.547794374028790017e-07 -1.948106866816294709e-07
6.980000019073486328e+00 -1.572676485844041047e-07 -1.986254370359162522e-07
6.989999771118164062e+00 -1.589351863721425223e-07 -2.013837545326187174e-07
7.000000000000000000e+00 -1.597868443953771027e-07 -2.030884360162497366e-07
7.009999752044677734e+00 -1.598309686267786921e-07 -2.037469182878589838e-07
7.019999980926513672e+00 -1.590797224986887847e-07 -2.033718393628870211e-07
7.029999732971191406e+00 -1.575489899178432770e-07 -2.019806724702937774e-07
7.039999961853027344e+00 -1.552579984846420693e-07 -1.995954536808473697e-07
7.049999713897705078e+00 -1.522297887680445896e-07 -1.962431535836781930e-07
7.059999942779541016e+00 -1.484902182316726149e-07 -1.919545986831047004e-07
7.069999694824218750e+00 -1.440689664459742819e-07 -1.867655484981275241e-07
7.079999923706054688e+00 -1.389979540674858183e-07 -1.807148531543400273e-07
7.089999675750732422e+00 -1.333128446200173580e-07 -1.738461909817346461e-07
7.099999904632568359e+00 -1.270509241356605118e-07 -1.662055188784970959e-07
7.109999656677246094e+00 -1.202530522265846369e-07 -1.578434141675189622e-07
7.119999885559082031e+00 -1.129610584717440416e-07 -1.488118872879431956e-07
7.129999637603759766e+00 -1.052200887923668836e-07 -1.391672618533458691e-07
7.139999866485595703e+00 -9.707558402667203678e-08 -1.289664307280989762e-07
7.149999618530273438e+00 -8.857596218107573188e-08 -1.182702000483018260e-07
7.159999847412109375e+00 -7.976925254786151121e-08 -1.071390794608615336e-07
7.170000076293945312e+00 -7.070561274817281373e-08 -9.563645307562501961e-08
7.179999828338623047e+00 -6.143588545841690591e-08 -8.382678394010259199e-08
7.190000057220458984e+00 -5.200993142052092344e-08 -7.177349644456908329e-08
7.199999809265136719e+00 -4.247945433683288721e-08 -5.954259642309289376e-08
7.210000038146972656e+00 -3.289413049075180991e-08 -4.719773885624995550e-08
7.219999790191650391e+00 -2.330495035005340853e-08 -3.480453362154153333e-08
7.230000019073486328e+00 -1.376029588518779637e-08 -2.242551051602060207e-08
7.239999771118164062e+00 -4.309317927934763943e-09 -1.012450030717149464e-08
7.250000000000000000e+00 5.001954013939523722e-09 2.038396112552799883e-09
7.259999752044677734e+00 1.412726504818630459e-08 1.400243943814892600e-08
7.269999980926513672e+00 2.302391121408246179e-08 2.571117503352306988e-08
7.279999732971191406e+00 3.164948712678949067e-08 3.710816245909319001e-08
7.289999961853027344e+00 3.996547251297837871e-08 4.814169269620086024e-08
7.299999713897705078e+00 4.793413413251854347e-08 5.876069602936934040e-08
7.309999942779541016e+00 5.552185387285730952e-08 6.891916299265931364e-08
7.319999694824218750e+00 6.269624009686802933e-08 7.857230524967457318e-08
7.329999923706054688e+00 6.942913739442494162e-08 8.768059940312954599e-08
7.339999675750732422e+00 7.569399682646337558e-08 9.620626837220094202e-08
7.349999904632568359e+00 8.146851733111855429e-08 1.041168783059927029e-07
7.359999656677246094e+00 8.673231787714635537e-08 1.113821997453770209e-07
7.369999885559082031e+00 9.146917118383862294e-08 1.179773001543012668e-07
7.379999637603759766e+00 9.566501367484256832e-08 1.238798350280225815e-07
7.389999866485595703e+00 9.930974320982593101e-08 1.290725916162701556e-07
7.399999618530273438e+00 1.023955950873471351e-07 1.335412502977412112e-07
7.409999847412109375e+00 1.049184865138393981e-07 1.372763485017612575e-07
7.419999599456787109e+00 1.068767788973786535e-07 1.402715423148762990e-07
7.429999828338623047e+00 1.082721624558593120e-07 1.425249730339849690e-07
7.440000057220458984e+00 1.091088435046828639e-07 1.440381028746216394e-07
7.449999809265136719e+00 1.093938392516388955e-07 1.448162067976641587e-07
7.460000038146972656e+00 1.091367822663257104e-07 1.448682127699340748e-07
7.469999790191650391e+00 1.083497630317438713e-07 1.442064000027194087e-07
7.480000019073486328e+00 1.070470996351278370e-07 1.428462792347209960e-07
7.489999771118164062e+00 1.052454929900622277e-07 1.408066868097246902e-07
7.500000000000000000e+00 1.029633863831781483e-07 1.381091039598541483e-07
7.509999752044677734e+00 1.002214973800754732e-07 1.347782544223077965e-07
7.519999980926513672e+00 9.704179790988242914e-08 1.308408971229032866e-07
7.529999732971191406e+00 9.344839986057326741e-08 1.263269004098913380e-07
7.539999961853027344e+00 8.946619159104188881e-08 1.212675509658291128e-07
7.549999713897705078e+00 8.512204783087532850e-08 1.156970690505250578e-07
7.559999942779541016e+00 8.044316260015839844e-08 1.096504835504823293e-07
7.569999694824218750e+00 7.545854844569162655e-08 1.031655448940639213e-07
7.579999923706054688e+00 7.019710881146922129e-08 9.628022188732803190e-08
7.589999675750732422e+00 6.468938696815757516e-08 8.903496232763881320e-08
7.599999904632568359e+00 5.896542302243870160e-08 8.146987171013770200e-08
7.609999656677246094e+00 5.305670920969748484e-08 7.362726613677993933e-08
7.619999885559082031e+00 4.699387807499063721e-08 6.554859617334991539e-08
7.629999637603759766e+00 4.080881814842733686e-08 5.727723250735229260e-08
7.639999866485595703e+00 3.453224048935417892e-08 4.885520027235615238e-08
7.649999618530273438e+00 2.819590717268441170e-08 4.032613510415499602e-08
7.659999847412109375e+00 2.183012345479829084e-08 3.173189420622940311e-08
7.669999599456787109e+00 1.546603096093381901e-08 2.311561900700970484e-08
7.679999828338623047e+00 9.133072278604923503e-09 1.451828919677037512e-08
7.690000057220458984e+00 2.861004060165528598e-09 5.981423109385834741e-09
7.699999809265136719e+00 -3.321134295741974280e-09 -2.454335143522142376e-09
7.710000038146972656e+00 -9.385997019771971962e-09 -1.075057171324832047e-08
7.719999790191650391e+00 -1.530598496277415272e-08 -1.886846120003402232e-08
7.730000019073486328e+00 -2.105565241434275442e-08 -2.677207404750827166e-08
7.739999771118164062e+00 -2.660955090494223094e-08 -3.442543314621238016e-08
7.750000000000000000e+00 -3.194451019943608638e-08 -4.179565993650028582e-08
7.759999752044677734e+00 -3.703761477985136274e-08 -4.885019471431271759e-08
7.769999980926513672e+00 -4.186832019150981911e-08 -5.555972644476589112e-08
7.779999732971191406e+00 -4.641659701733273453e-08 -6.189562629075098800e-08
7.789999961853027344e+00 -5.066484697707681179e-08 -6.783261092791127685e-08
7.799999713897705078e+00 -5.459624459802192978e-08 -7.334643298157746636e-08
7.809999942779541016e+00 -5.819642129353444275e-08 -7.841623321784566774e-08
7.819999694824218750e+00 -6.145202994454175153e-08 -8.302252508734079566e-08
7.829999923706054688e+00 -6.435216962699084442e-08 -8.714919751460729176e-08
7.839999675750732422e+00 -6.688719306227647681e-08 -9.078182376449652663e-08
7.849999904632568359e+00 -6.904984971307305321e-08 -9.390928361070123072e-08
7.859999656677246094e+00 -7.083435065611767327e-08 -9.652241942477237887e-08
7.869999885559082031e+00 -7.223721337585507317e-08 -9.861525419214294711e-08
7.879999637603759766e+00 -7.325659316713319082e-08 -1.001840102310003658e-07
7.889999866485595703e+00 -7.389281904365246882e-08 -1.012279077285636420e-07
7.899999618530273438e+00 -7.414799539265998155e-08 -1.017485539795474930e-07
7.909999847412109375e+00 -7.402622485995114851e-08 -1.017503156920141379e-07
7.919999599456787109e+00 -7.353347874362831740e-08 -1.012400792351917414e-07
7.929999828338623047e+00 -7.267750936392590884e-08 -1.002271987337694006e-07
7.940000057220458984e+00 -7.146791674771514605e-08 -9.872353748511223883e-08
7.949999809265136719e+00 -6.991608932730198206e-08 -9.674341853061567917e-08
7.960000038146972656e+00 -6.803483090152912023e-08 -9.430314131147338006e-08
7.969999790191650391e+00 -6.583883197785103888e-08 -9.142158921832531072e-08
7.980000019073486328e+00 -6.334386007651137076e-08 -8.811918284207414663e-08
7.989999771118164062e+00 -6.056748950627876855e-08 -8.441884304984552916e-08
8.000000000000000000e+00 -5.752804073443625891e-08 -8.034459397778765159e-08
8.010000228881835938e+00 -5.424535314456646522e-08 -7.592259843931364657e-08
8.019999504089355469e+00 -5.074048531680295049e-08 -7.118077562131448086e-08
8.029999732971191406e+00 -4.703434984116337115e-08 -6.614695978580894275e-08
8.039999961853027344e+00 -4.314958535493806172e-08 -6.085144316268622906e-08
8.050000190734863281e+00 -3.910909834691976842e-08 -5.532501460951791280e-08
8.059999465942382812e+00 -3.493664860933461501e-08 -4.959976808455861052e-08
8.069999694824218750e+00 -3.065510150648899679e-08 -4.370671312106326268e-08
8.079999923706054688e+00 -2.628867640877386251e-08 -3.767886894539834778e-08
8.090000152587890625e+00 -2.186122378353913051e-08 -3.154890951512721707e-08
8.099999427795410156e+00 -1.739690551429355015e-08 -2.535010962273661809e-08
8.109999656677246094e+00 -1.291835310566434456e-08 -1.911379172639748044e-08
8.119999885559082031e+00 -8.449095752482239980e-09 -1.287270112022925563e-08
8.130000114440917969e+00 -4.011733880519499696e-09 -6.658473086822594515e-09
8.139999389648437500e+00 3.713393505464248435e-10 -5.026405563687588425e-10
8.149999618530273438e+00 4.679715614803756006e-09 5.565865452872726437e-09
8.159999847412109375e+00 8.892562429998510680e-09 1.151733621418910663e-08
8.170000076293945312e+00 1.299039650649399135e-08 1.732378028854765920e-08
8.179999351501464844e+00 1.695437631396365245e-08 2.295793205193960472e-08
8.189999580383300781e+00 2.076787711595415999e-08 2.839550126004946586e-08
8.199999809265136719e+00 2.441428588619434193e-08 3.361205005091431621e-08
8.210000038146972656e+00 2.787858445617689355e-08 3.858525462756520778e-08
8.220000267028808594e+00 3.114701138440548940e-08 4.329444029759824816e-08
8.229999542236328125e+00 3.420681756049097331e-08 4.772024236832991886e-08
8.239999771118164062e+00 3.704744165302856644e-08 5.184632470459152981e-08
8.250000000000000000e+00 3.965877657268430205e-08 5.565688974309360812e-08
8.260000228881835938e+00 4.203236849732808961e-08 5.913842949822328833e-08
8.269999504089355469e+00 4.416092627330116632e-08 6.227902907418061501e-08
8.279999732971191406e+00 4.603910508848524050e-08 6.506954395676039731e-08
8.289999961853027344e+00 4.766227561406079530e-08 6.750180280232801832e-08
8.300000190734863281e+00 4.902734177417903372e-08 6.956983097752467160e-08
8.309999465942382812e+00 5.013240887554568384e-08 7.126937284452157456e-08
8.319999694824218750e+00 5.097715106557697211e-08 7.259847920298753140e-08
8.329999923706054688e+00 5.156214506398214772e-08 7.355650095747118171e-08
8.340000152587890625e+00 5.188927886677721733e-08 7.414473246946930850e-08
8.349999427795410156e+00 5.196159784072498000e-08 7.436618116850520126e-08
8.359999656677246094e+00 5.178326373624552008e-08 7.422556420789540829e-08
8.369999885559082031e+00 5.135946731749377336e-08 7.372912460474748202e-08
8.380000114440917969e+00 5.069643125805506706e-08 7.288468791468939619e-08
8.389999389648437500e+00 4.980143706986412525e-08 7.170168593896317798e-08
8.399999618530273438e+00 4.868240975680925437e-08 7.019060292789596187e-08
8.409999847412109375e+00 4.734837845750744548e-08 6.836358106140244209e-08
8.420000076293945312e+00 4.580910273554791619e-08 6.623392459238724687e-08
8.429999351501464844e+00 4.407526700326953892e-08 6.381636238484621351e-08
8.439999580383300781e+00 4.215774535330379586e-08 6.112601759273288732e-08
8.449999809265136719e+00 4.006853984473889909e-08 5.817971122248318869e-08
8.460000038146972656e+00 3.782008035410699689e-08 5.499498184255150869e-08
8.470000267028808594e+00 3.542532418979128299e-08 5.159021729358536541e-08
8.479999542236328125e+00 3.289794578958130989e-08 4.798492069040542164e-08
8.489999771118164062e+00 3.025130170605794250e-08 4.419822734073366002e-08
8.500000000000000000e+00 2.749982023897453726e-08 4.025088126221553886e-08
8.510000228881835938e+00 2.465798898876759665e-08 3.616378609897061517e-08
8.519999504089355469e+00 2.174081090018125201e-08 3.195865390519611934e-08
8.529999732971191406e+00 1.876262280805019404e-08 2.765629633013759086e-08
8.539999961853027344e+00 1.573870495156195582e-08 2.327894017458929646e-08
8.550000190734863281e+00 1.268411084001129884e-08 1.884853725300974079e-08
8.559999465942382812e+00 9.614171589871674045e-09 1.438749086414896758e-08
8.569999694824218750e+00 6.543258776795730970e-09 9.916854515127608416e-09
8.579999923706054688e+00 3.486478562226081101e-09 5.458791453139597074e-09
8.590000152587890625e+00 4.584352282940988780e-10 1.034776823557828634e-09
8.599999427795410156e+00 -2.526259579451078098e-09 -3.333660868291925587e-09
8.609999656677246094e+00 -5.454186610683187655e-09 -7.626696928550362577e-09
8.619999885559082031e+00 -8.311473518442904470e-09 -1.182380223070275927e-08
8.630000114440917969e+00 -1.108500280377246693e-08 -1.590551038058036320e-08
8.639999389648437500e+00 -1.376193685368634857e-08 -1.985271963546357456e-08
8.649999618530273438e+00 -1.633079072912008307e-08 -2.364827464158553840e-08
8.659999847412109375e+00 -1.877995697422230217e-08 -2.727479040897456925e-08
8.670000076293945312e+00 -2.109879315438854580e-08 -3.071625459092812525e-08
8.679999351501464844e+00 -2.327721356086974385e-08 -3.395742245030189190e-08
8.689999580383300781e+00 -2.530655595585890320e-08 -3.698510673401623030e-08
8.699999809265136719e+00 -2.717837854400631973e-08 -3.978638769544062932e-08
8.710000038146972656e+00 -2.888534578190111081e-08 -4.234993087098098030e-08
8.720000267028808594e+00 -3.042104911059131883e-08 -4.466572207002154208e-08
8.729999542236328125e+00 -3.177991589380584196e-08 -4.672493007777440047e-08
8.739999771118164062e+00 -3.295773522014848324e-08 -4.852070671034254921e-08
8.750000000000000000e+00 -3.395089788083613396e-08 -5.004703814520723893e-08
8.760000228881835938e+00 -3.475694415199276350e-08 -5.129957807449393441e-08
8.769999504089355469e+00 -3.537438133982250005e-08 -5.227537255486833714e-08
8.779999732971191406e+00 -3.580290026774180836e-08 -5.297321021501629086e-08
8.789999961853027344e+00 -3.604301427201557673e-08 -5.339305892285130214e-08
8.800000190734863281e+00 -3.609629866495146609e-08 -5.353645077349473950e-08
8.809999465942382812e+00 -3.596532337171584800e-08 -5.340637809496123757e-08
8.819999694824218750e+00 -3.565355834068094699e-08 -5.300718560748855779e-08
8.829999923706054688e+00 -3.516541601488983782e-08 -5.234460479293171813e-08
8.840000152587890625e+00 -3.450617989118494882e-08 -5.142568088690521399e-08
8.849999427795410156e+00 -3.368205044212772590e-08 -5.025883810109280809e-08
8.859999656677246094e+00 -3.269976579870174643e-08 -4.885334612622590054e-08
8.869999885559082031e+00 -3.156702086180020614e-08 -4.721991787686708083e-08
8.880000114440917969e+00 -3.029211049165244533e-08 -4.537020945671698786e-08
8.889999389648437500e+00 -2.888407988818502504e-08 -4.331704179185616876e-08
8.899999618530273438e+00 -2.735211093637962796e-08 -4.107350982653965351e-08
8.909999847412109375e+00 -2.570626350076709916e-08 -3.865406756840236063e-08
8.920000076293945312e+00 -2.395688256561245719e-08 -3.607366782565551552e-08
8.929999351501464844e+00 -2.211483771269992501e-08 -3.334811761790397330e-08
8.939999580383300781e+00 -2.019074259922951363e-08 -3.049292547286266733e-08
8.949999809265136719e+00 -1.819594209921862139e-08 -2.752476399223970005e-08
8.960000038146972656e+00 -1.614174945157001222e-08 -2.446034290694918447e-08
8.970000267028808594e+00 -1.403955121939186595e-08 -2.131656400555779830e-08
8.979999542236328125e+00 -1.190094795822243927e-08 -1.811073265358455822e-08
8.989999771118164062e+00 -9.736872226452334756e-09 -1.485923425618387683e-08
9.000000000000000000e+00 -7.558754194852795304e-09 -1.157927990557471314e-08
9.010000228881835938e+00 -5.377651148666047898e-09 -8.287599667594752111e-09
9.019999504089355469e+00 -3.204602842516187174e-09 -5.000974663799204598e-09
9.029999732971191406e+00 -1.049752997097798919e-09 -1.734904263111863214e-09
9.039999961853027344e+00 1.076452085069822959e-09 1.494585187769582940e-09
9.050000190734863281e+00 3.164137092195615545e-09 4.672265682932306700e-09
9.059999465942382812e+00 5.203636721277669277e-09 7.783164410579137513e-09
9.069999694824218750e+00 7.186304145877374808e-09 1.081380280375201525e-08
9.079999923706054688e+00 9.103373635920834755e-09 1.375046720645880232e-08
9.090000152587890625e+00 1.094677145793689835e-08 1.658045098081637637e-08
9.099999427795410156e+00 1.270877852333741078e-08 1.929154376218299493e-08
9.109999656677246094e+00 1.438271493521159365e-08 2.187309111358585688e-08
9.119999885559082031e+00 1.596194733067984338e-08 2.431447290999631102e-08
9.130000114440917969e+00 1.744058311356626655e-08 2.660617665267695271e-08
9.139999389648437500e+00 1.881318320230637140e-08 2.873935911516025238e-08
9.149999618530273438e+00 2.007528333736809468e-08 3.070666235020553024e-08
9.159999847412109375e+00 2.122261311098721998e-08 3.250100491303765444e-08
9.170000076293945312e+00 2.225163309859678753e-08 3.411642081036895485e-08
9.179999351501464844e+00 2.315931878765518450e-08 3.554772626397552879e-08
9.189999580383300781e+00 2.394349401127197039e-08 3.679105033955398639e-08
9.199999809265136719e+00 2.460230812068241192e-08 3.784301431494613429e-08
9.210000038146972656e+00 2.513458941341351901e-08 3.870129192882557245e-08
9.220000267028808594e+00 2.553974651197793856e-08 3.936445750634816078e-08
9.229999542236328125e+00 2.581774025974327843e-08 3.983194169343313740e-08
9.239999771118164062e+00 2.596916863124093085e-08 4.010417974085546857e-08
9.250000000000000000e+00 2.599509747351908504e-08 4.018233047503919956e-08
9.260000228881835938e+00 2.589716714974046354e-08 4.006845761130810704e-08
9.269999504089355469e+00 2.567757387376677242e-08 3.976549583840161669e-08
9.279999732971191406e+00 2.533896023581472023e-08 3.927709721588924569e-08
9.289999961853027344e+00 2.488452593412525700e-08 3.860778310739842850e-08
9.300000190734863281e+00 2.431793868460690839e-08 3.776282218237853002e-08
9.309999465942382812e+00 2.364340069261222069e-08 3.674832870753289210e-08
9.319999694824218750e+00 2.286536140891260574e-08 3.557083066343929718e-08
9.329999923706054688e+00 2.198888315973495384e-08 3.423782038837671703e-08
9.340000152587890625e+00 2.101937102351288713e-08 3.275734975253561125e-08
9.349999427795410156e+00 1.996271258742990784e-08 3.113824391227004048e-08
9.359999656677246094e+00 1.882484047963985442e-08 2.938943188348567294e-08
9.369999885559082031e+00 1.761231030280903303e-08 2.752083345983442252e-08
9.380000114440917969e+00 1.633187586307538744e-08 2.554271020202972198e-08
9.389999389648437500e+00 1.499068546671186230e-08 2.346596960591941702e-08
9.399999618530273438e+00 1.359573167523672572e-08 2.130131439795220282e-08
9.409999847412109375e+00 1.215458561384593696e-08 1.906038119265383448e-08
9.420000076293945312e+00 1.067485462958500923e-08 1.675490267528460487e-08
9.429999351501464844e+00 9.164415658224964064e-09 1.439707210784217808e-08
9.439999580383300781e+00 7.630797703222936217e-09 1.199858052456127778e-08
9.449999809265136719e+00 6.082008082056845700e-09 9.571907834350845465e-09
9.460000038146972656e+00 4.525918279329275027e-09 7.129365566675436291e-09
9.469999313354492188e+00 2.970514197175514878e-09 4.683489875786162263e-09
9.479999542236328125e+00 1.423261904482004417e-09 2.246044491004447253e-09
9.489999771118164062e+00 -1.080419634945553504e-10 -1.706417185143458046e-10
9.500000000000000000e+00 -1.615904981918062918e-09 -2.554672663645495480e-09
9.510000228881835938e+00 -3.093030286298505589e-09 -4.894415030274984746e-09
9.519999504089355469e+00 -4.532220230893241614e-09 -7.178345758501184158e-09
9.529999732971191406e+00 -5.926959551854662426e-09 -9.395979018662430577e-09
9.539999961853027344e+00 -7.270626868368387133e-09 -1.153661650082911077e-08
9.550000190734863281e+00 -8.557082258140979942e-09 -1.359028160583443576e-08
9.559999465942382812e+00 -9.780446539493677747e-09 -1.554737036772108561e-08
9.569999694824218750e+00 -1.093559151824596808e-08 -1.739943888304207128e-08
9.579999923706054688e+00 -1.201746590897234601e-08 -1.913812811011404507e-08
9.590000152587890625e+00 -1.302159246944524176e-08 -2.075596239532166362e-08
9.599999427795410156e+00 -1.394388491798231627e-08 -2.224605924643326934e-08
9.609999656677246094e+00 -1.478100932238342114e-08 -2.360271767712517778e-08
9.619999885559082031e+00 -1.552986967003640198e-08 -2.482059136583162710e-08
9.630000114440917969e+00 -1.618797824045402433e-08 -2.589529123090875977e-08
9.639999389648437500e+00 -1.675332093366480758e-08 -2.682317129056766085e-08
9.649999618530273438e+00 -1.722456717585523458e-08 -2.760167846498813104e-08
9.659999847412109375e+00 -1.760074568878652777e-08 -2.822882525304995941e-08
9.670000076293945312e+00 -1.788146516729966028e-08 -2.870355636672388816e-08
9.679999351501464844e+00 -1.806683530490851062e-08 -2.902562238984096150e-08
9.689999580383300781e+00 -1.815751763791342099e-08 -2.919567519365979084e-08
9.699999809265136719e+00 -1.815460570491861228e-08 -2.921506561633216995e-08
9.710000038146972656e+00 -1.805968805317002568e-08 -2.908595776826304161e-08
9.719999313354492188e+00 -1.787482841474150447e-08 -2.881129628696232580e-08
9.729999542236328125e+00 -1.760246465221431728e-08 -2.839465547550187638e-08
9.739999771118164062e+00 -1.724549084551276193e-08 -2.784036099666914790e-08
9.750000000000000000e+00 -1.680716915678851218e-08 -2.715335913893012263e-08
9.760000228881835938e+00 -1.629111566583783998e-08 -2.633919362974496548e-08
9.769999504089355469e+00 -1.570133115710484449e-08 -2.540405535264055968e-08
9.779999732971191406e+00 -1.504193913411302978e-08 -2.435436681546832579e-08
9.789999961853027344e+00 -1.431749334029991205e-08 -2.319726954865330522e-08
9.800000190734863281e+00 -1.353272830600998056e-08 -2.194022841348992937e-08
9.809999465942382812e+00 -1.269266352835060485e-08 -2.059119749387656124e-08
9.819999694824218750e+00 -1.180224647005039024e-08 -1.915804589101655878e-08
9.829999923706054688e+00 -1.086680317095427816e-08 -1.764928046142454446e-08
9.840000152587890625e+00 -9.891692155404581870e-09 -1.607348925954560704e-08
9.849999427795410156e+00 -8.882450071916496179e-09 -1.443957541275374455e-08
9.859999656677246094e+00 -7.844374543616099697e-09 -1.275608048838486158e-08
9.869999885559082031e+00 -6.783074717412904707e-09 -1.103207469722702070e-08
9.880000114440917969e+00 -5.704062233767741986e-09 -9.276493821285016544e-09
9.889999389648437500e+00 -4.612924948969517166e-09 -7.498420404822910028e-09
9.899999618530273438e+00 -3.514885214782006406e-09 -5.706362808758339486e-09
9.909999847412109375e+00 -2.415402148866782430e-09 -3.909235816161234304e-09
9.920000076293945312e+00 -1.319734336028846137e-09 -2.115647527446491575e-09
9.929999351501464844e+00 -2.331261695305928381e-10 -3.342033536291606665e-10
9.939999580383300781e+00 8.396248829014208532e-10 1.427204087757035884e-09
9.949999809265136719e+00 1.893563469758859660e-09 3.160403723590158238e-09
9.960000038146972656e+00 2.924008808968672443e-09 4.857654986915395281e-09
9.969999313354492188e+00 3.926371744923795341e-09 6.511347076297822141e-09
9.979999542236328125e+00 4.896548747930849911e-09 8.114649200173492083e-09
9.989999771118164062e+00 5.830360863830374620e-09 9.660584890143839902e-09
1.000000000000000000e+01 6.723951443268590886e-09 1.114268785878838853e-08
1.001000022888183594e+01 7.573700371948314548e-09 1.255486061055133639e-08
1.001999950408935547e+01 8.376160237732146199e-09 1.389126788669236246e-08
1.002999973297119141e+01 9.128367503498562483e-09 1.514685518611732197e-08
1.003999996185302734e+01 9.827391554557329244e-09 1.631659789901009873e-08
1.005000019073486328e+01 1.047065361428198003e-08 1.739603250134836511e-08
1.005999946594238281e+01 1.105580207454596310e-08 1.838104853346043667e-08
1.006999969482421875e+01 1.158093657264561616e-08 1.926826683762844266e-08
1.007999992370605469e+01 1.204427843668955265e-08 2.005448576824248301e-08
1.009000015258789062e+01 1.244440447057380942e-08 2.073707573533276011e-08
1.009999942779541016e+01 1.278016334472571369e-08 2.131383903656110161e-08
1.010999965667724609e+01 1.305080058348905791e-08 2.178322687731100335e-08
1.011999988555908203e+01 1.325576840513860016e-08 2.214401490553480055e-08
1.013000011444091797e+01 1.339486114829786388e-08 2.239553800729983165e-08
1.013999938964843750e+01 1.346817631747935719e-08 2.253762485148489846e-08
1.014999961853027344e+01 1.347613513417449329e-08 2.257064296249613670e-08
1.015999984741210938e+01 1.341943831335292518e-08 2.249541702524316788e-08
1.017000007629394531e+01 1.329909667832745756e-08 2.231329116057633001e-08
1.017999935150146484e+01 1.311643644541446053e-08 2.202613805087304943e-08
1.018999958038330078e+01 1.287301722552376396e-08 2.163623265502554725e-08
1.019999980926513672e+01 1.257072901980957129e-08 2.114640786657888128e-08
1.021000003814697266e+01 1.221171909374018024e-08 2.055994329304902952e-08
1.021999931335449219e+01 1.179843765871119674e-08 1.988064273173991081e-08
1.022999954223632812e+01 1.133346276390911057e-08 1.911254940850407425e-08
1.023999977111816406e+01 1.081972349262285735e-08 1.826031597128609350e-08
1.025000000000000000e+01 1.026033206503358050e-08 1.732893174315281704e-08
1.026000022888183594e+01 9.658604175199476062e-09 1.632375845893634092e-08
1.026999950408935547e+01 9.018103954021779569e-09 1.525060838272551374e-08
1.027999973297119141e+01 8.342376744234330780e-09 1.411529849576351693e-08
1.028999996185302734e+01 7.635295907370402830e-09 1.292423328783395366e-08
1.030000019073486328e+01 6.900800521048495095e-09 1.168396680982196404e-08
1.030999946594238281e+01 6.143005794276858288e-09 1.040138961641757482e-08
1.031999969482421875e+01 5.365888812875629540e-09 9.083197155523050359e-09
1.032999992370605469e+01 4.573699360403234085e-09 7.736585084139711880e-09
1.034000015258789062e+01 3.770648800727779179e-09 6.368722436924226518e-09
1.034999942779541016e+01 2.961034712605058672e-09 4.986962583619166052e-09
1.035999965667724609e+01 2.148907332918381371e-09 3.598272445141597871e-09
1.036999988555908203e+01 1.338509656249722023e-09 2.209981885084269722e-09
1.038000011444091797e+01 5.339453161661691717e-10 8.292149626625726337e-10
1.038999938964843750e+01 -2.606920961260715035e-10 -5.368910189995646384e-10
1.039999961853027344e+01 -1.041643377786599403e-09 -1.881746000863914884e-09
1.040999984741210938e+01 -1.805049563885188125e-09 -3.198563733671465174e-09
1.042000007629394531e+01 -2.547276492974510665e-09 -4.480922738847016183e-09
1.042999935150146484e+01 -3.264790105117888753e-09 -5.722554564174430136e-09
1.043999958038330078e+01 -3.954445230195244587e-09 -6.917847010118004107e-09
1.044999980926513672e+01 -4.613090369655735736e-09 -8.061163544796992795e-09
1.046000003814697266e+01 -5.237858373710844230e-09 -9.147349479210012752e-09
1.046999931335449219e+01 -5.826055010175427991e-09 -1.017154185070334711e-08
1.047999954223632812e+01 -6.375390634659005422e-09 -1.112957601207811898e-08
1.048999977111816406e+01 -6.883652170278078532e-09 -1.201741731013080689e-08
1.050000000000000000e+01 -7.348938345900801784e-09 -1.283157320366078041e-08
1.051000022888183594e+01 -7.769607052809372441e-09 -1.356900407284098233e-08
1.051999950408935547e+01 -8.144245259427689713e-09 -1.422707236027347535e-08
1.052999973297119141e+01 -8.471809180033172007e-09 -1.480379069142100136e-08
1.053999996185302734e+01 -8.751409632204272014e-09 -1.529744627875534787e-08
1.055000019073486328e+01 -8.982457733577961922e-09 -1.570685785701532686e-08
1.055999946594238281e+01 -9.164608596723807899e-09 -1.603127720471610287e-08
1.056999969482421875e+01 -9.297821347909557500e-09 -1.627049686947430638e-08
1.057999992370605469e+01 -9.382248725737477370e-09 -1.642465388563593623e-08
1.059000015258789062e+01 -9.418303857985530932e-09 -1.649434865068530735e-08
1.059999942779541016e+01 -9.406635398852095695e-09 -1.648059991936185000e-08
1.060999965667724609e+01 -9.348108987299674413e-09 -1.638481435704127275e-08
1.061999988555908203e+01 -9.243803674844101064e-09 -1.620877574025732471e-08
1.063000011444091797e+01 -9.095000833553660040e-09 -1.595462726551492124e-08
1.063999938964843750e+01 -8.903191580572632891e-09 -1.562488246490878477e-08
1.064999961853027344e+01 -8.669987255520887248e-09 -1.522226985751279156e-08
1.065999984741210938e+01 -8.397216837644492019e-09 -1.474989914993327449e-08
1.067000007629394531e+01 -8.086844853032446668e-09 -1.421111908066142775e-08
1.067999935150146484e+01 -7.741009230243347037e-09 -1.360958210452395159e-08
1.068999958038330078e+01 -7.361872837843091987e-09 -1.294898542393200866e-08
1.069999980926513672e+01 -6.951808605316551366e-09 -1.223339254277242633e-08
1.071000003814697266e+01 -6.513257694706185937e-09 -1.146698648680227381e-08
1.071999931335449219e+01 -6.048793361646214562e-09 -1.065418142433787930e-08
1.072999954223632812e+01 -5.560928489327157891e-09 -9.799286219708636067e-09
1.073999977111816406e+01 -5.052369196922510669e-09 -8.906948968922508641e-09
1.075000000000000000e+01 -4.525827511241491958e-09 -7.981830294832846343e-09
1.076000022888183594e+01 -3.984052383217918660e-09 -7.028658836552165009e-09
1.076999950408935547e+01 -3.429871215206317457e-09 -6.052306115278041793e-09
1.077999973297119141e+01 -2.865965630360381037e-09 -5.057393199750224370e-09
1.078999996185302734e+01 -2.295177672626965659e-09 -4.048832155778503258e-09
1.080000019073486328e+01 -1.720288184272473085e-09 -3.031437855760267581e-09
1.080999946594238281e+01 -1.144113193394311278e-09 -2.010100601355749543e-09
1.081999969482421875e+01 -5.692733162926845898e-10 -9.893795325689063015e-10
1.082999992370605469e+01 1.486539584707846399e-12 2.592838680170147873e-11
1.084000015258789062e+01 5.655273550297284729e-10 1.031194032416456160e-09
1.084999942779541016e+01 1.120218673916051851e-09 2.021780861831717979e-09
1.085999965667724609e+01 1.663159146232563312e-09 2.993437020513619516e-09
1.086999988555908203e+01 2.191868320446314153e-09 3.941743273164233400e-09
1.088000011444091797e+01 2.704008778827442113e-09 4.862508162204552620e-09
1.088999938964843750e+01 3.197295784634474111e-09 5.751604908869826050e-09
1.089999961853027344e+01 3.669692559274264198e-09 6.605322898713692571e-09
1.090999984741210938e+01 4.119136263606094493e-09 7.419873530865372522e-09
1.092000007629394531e+01 4.543736467331297029e-09 8.191747935341628043e-09
1.092999935150146484e+01 4.941698414223481798e-09 8.917578574757894256e-09
1.093999958038330078e+01 5.311479787954686376e-09 9.594426444082542663e-09
1.094999980926513672e+01 5.651569747060324262e-09 1.021937957016739434e-08
1.096000003814697266e+01 5.960649950288287821e-09 1.078984848153672557e-08
1.096999931335449219e+01 6.237536362537844990e-09 1.130346175546496177e-08
1.097999954223632812e+01 6.481287080964286089e-09 1.175826903812803489e-08
1.098999977111816406e+01 6.691048301538081804e-09 1.215245842143130249e-08
1.100000000000000000e+01 6.866166935121769852e-09 1.248456857492793768e-08
1.101000022888183594e+01 7.006165626927228529e-09 1.275344632413136658e-08
1.101999950408935547e+01 7.110736584392644063e-09 1.295823811812668284e-08
1.102999973297119141e+01 7.179779271641392739e-09 1.309846842177200052e-08
1.103999996185302734e+01 7.213340779486032558e-09 1.317392715048625165e-08
1.105000019073486328e+01 7.211658354397198442e-09 1.318475686157880608e-08
1.105999946594238281e+01 7.175151070751427817e-09 1.313143920798334803e-08
1.106999969482421875e+01 7.104399738456354080e-09 1.301476732825065282e-08
1.107999992370605469e+01 7.000164013700904315e-09 1.283587322519846673e-08
1.109000015258789062e+01 6.863366838148048110e-09 1.259620804211299506e-08
1.109999942779541016e+01 6.695107858465039022e-09 1.229756768169761136e-08
1.110999965667724609e+01 6.496589293628331950e-09 1.194196332713336230e-08
1.111999988555908203e+01 6.269204534353248841e-09 1.153178057148779054e-08
1.113000011444091797e+01 6.014468061954398923e-09 1.106965670164533564e-08
1.113999938964843750e+01 5.734048323548951858e-09 1.055854113014131811e-08
1.114999961853027344e+01 5.429647890227141388e-09 1.000147746770435561e-08
1.115999984741210938e+01 5.103153112249087646e-09 9.401876460322309015e-09
1.117000007629394531e+01 4.756517734994119958e-09 8.763303709600304163e-09
1.117999935150146484e+01 4.391811849128074837e-09 8.089568864080009334e-09
1.118999958038330078e+01 4.011068408072661350e-09 7.384440843712754073e-09
1.119999980926513672e+01 3.616479343136518194e-09 6.652008612907256004e-09
1.121000003814697266e+01 3.210244841054477771e-09 5.896400988130453625e-09
1.121999931335449219e+01 2.794634139228027212e-09 5.121897292342036161e-09
1.122999954223632812e+01 2.371812881807217905e-09 4.332603119265222443e-09
1.123999977111816406e+01 1.944068242235100647e-09 3.532867257198161233e-09
1.125000000000000000e+01 1.513638213888506830e-09 2.726960912158523239e-09
1.125999927520751953e+01 1.082779401705068299e-09 1.919201590173819599e-09
1.126999950408935547e+01 6.535905122795143586e-10 1.113619286102422011e-09
1.127999973297119141e+01 2.282476646020698025e-10 3.143948781330732734e-10
1.128999996185302734e+01 -1.911711613196740698e-10 -4.744715849723122435e-10
1.130000019073486328e+01 -6.026553501358668265e-10 -1.249105775268253989e-09
1.130999946594238281e+01 -1.004233504636227634e-09 -2.005708272640202566e-09
1.131999969482421875e+01 -1.394134596121690535e-09 -2.740860244099460606e-09
1.132999992370605469e+01 -1.770565968851407044e-09 -3.451106887592863150e-09
1.134000015258789062e+01 -2.131874939438141792e-09 -4.133263236536938275e-09
1.134999942779541016e+01 -2.476484372710800673e-09 -4.784293671252189155e-09
1.135999965667724609e+01 -2.803028124971885175e-09 -5.401568491859047983e-09
1.136999988555908203e+01 -3.110158335417505835e-09 -5.982500142165639259e-09
1.138000011444091797e+01 -3.396682505363828974e-09 -6.524802077563389590e-09
1.138999938964843750e+01 -3.661508650262855342e-09 -7.026384622138719513e-09
1.139999961853027344e+01 -3.903746500994901417e-09 -7.485545937607218130e-09
1.140999984741210938e+01 -4.122557285761526959e-09 -7.900686477221025909e-09
1.142000007629394531e+01 -4.317257671118502665e-09 -8.270504539023905668e-09
1.142999935150146484e+01 -4.487278470236132609e-09 -8.593916447393879530e-09
1.143999958038330078e+01 -4.632226546455936368e-09 -8.870172729463132639e-09
1.144999980926513672e+01 -4.751786254278236683e-09 -9.098668917785054463e-09
1.146000003814697266e+01 -4.845784953928446285e-09 -9.279068366783894346e-09
1.146999931335449219e+01 -4.914168051502078926e-09 -9.411252846628498907e-09
1.147999954223632812e+01 -4.957019922329468369e-09 -9.495361551506160500e-09
1.148999977111816406e+01 -4.974521666758452988e-09 -9.531708029563058046e-09
1.150000000000000000e+01 -4.966976151668307241e-09 -9.520827263077976993e-09
1.150999927520751953e+01 -4.934800682120794816e-09 -9.463460103688672503e-09
1.151999950408935547e+01 -4.878508261775458444e-09 -9.360518347294100047e-09
1.152999973297119141e+01 -4.798721725136658386e-09 -9.213108956581615076e-09
1.153999996185302734e+01 -4.696159181785742437e-09 -9.022507706593882858e-09
1.155000019073486328e+01 -4.571631139452222358e-09 -8.790153633968422281e-09
1.155999946594238281e+01 -4.426050406094927063e-09 -8.517668112481401704e-09
1.156999969482421875e+01 -4.260369403862869827e-09 -8.206738339416628166e-09
1.157999992370605469e+01 -4.075658352425441474e-09 -7.859264914390341507e-09
1.159000015258789062e+01 -3.873046232125824745e-09 -7.477253027888054513e-09
1.159999942779541016e+01 -3.653749817812279072e-09 -7.062869135504372558e-09
1.160999965667724609e+01 -3.418982741168383847e-09 -6.618271368441941871e-09
1.161999988555908203e+01 -3.170075379393806036e-09 -6.145838628175819675e-09
1.163000011444091797e+01 -2.908386747259912855e-09 -5.648006958799630157e-09
1.163999938964843750e+01 -2.635345149559241472e-09 -5.127349743286698933e-09
1.164999961853027344e+01 -2.352336763767125066e-09 -4.586368215500403080e-09
1.165999984741210938e+01 -2.060855834849663658e-09 -4.027780934330951971e-09
1.167000007629394531e+01 -1.762395067692291403e-09 -3.454317936673397259e-09
1.167999935150146484e+01 -1.458493868566643308e-09 -2.868816229537130391e-09
1.168999958038330078e+01 -1.150615287621422721e-09 -2.273985398483274292e-09
1.169999980926513672e+01 -8.403134835089549172e-10 -1.672732817194462913e-09
1.171000003814697266e+01 -5.291114083803157584e-10 -1.067930423232533803e-09
1.171999931335449219e+01 -2.185523150851852141e-10 -4.625165379449167257e-10
1.172999954223632812e+01 8.992549676115132505e-11 1.407468532284694997e-10
1.173999977111816406e+01 3.948175661331045182e-10 7.389393553506295111e-10
1.175000000000000000e+01 6.946787644260534974e-10 1.329225935716400818e-09
1.175999927520751953e+01 9.880727219471279473e-10 1.908757440302554238e-09
1.176999950408935547e+01 1.273689795866098416e-09 2.474903983166183671e-09
1.177999973297119141e+01 1.550185479461283247e-09 3.024936457312907552e-09
1.178999996185302734e+01 1.816299421301556416e-09 3.556262658568282854e-09
1.180000019073486328e+01 2.070833214052525741e-09 4.066385224669333500e-09
1.180999946594238281e+01 2.312633807642629884e-09 4.552870143548797167e-09
1.181999969482421875e+01 2.540690078797153437e-09 5.013543646198421383e-09
1.182999992370605469e+01 2.753999477626788591e-09 5.446226691906872231e-09
1.184000015258789062e+01 2.951666376388955865e-09 5.848935805033672966e-09
1.184999942779541016e+01 3.132866236597410292e-09 6.219813835477703496e-09
1.185999965667724609e+01 3.296917017379690122e-09 6.557279795454594002e-09
1.186999988555908203e+01 3.443178708399544416e-09 6.859826853287311819e-09
1.188000011444091797e+01 3.571126887784274982e-09 7.126176474972289457e-09
1.188999938964843750e+01 3.680327331087751754e-09 7.355229724952809718e-09
1.189999961853027344e+01 3.770477479057914420e-09 7.546158062483141571e-09
1.190999984741210938e+01 3.841344879279797537e-09 7.698277714708900531e-09
1.192000007629394531e+01 3.892811022462820586e-09 7.811144813355581506e-09
1.192999935150146484e+01 3.924857606965129271e-09 7.884529171956048977e-09
1.193999958038330078e+01 3.937575981506392928e-09 7.918439422469497372e-09
1.194999980926513672e+01 3.931147267823949254e-09 7.913080295380727565e-09
1.196000003814697266e+01 3.905854269964009275e-09 7.868882013202884157e-09
1.196999931335449219e+01 3.862079775521102585e-09 7.786497032244708602e-09
1.197999954223632812e+01 3.800284751818824476e-09 7.666759300457372446e-09
1.198999977111816406e+01 3.721029597887009516e-09 7.510724318705781327e-09
1.200000000000000000e+01 3.624954795028879291e-09 7.319632579367774483e-09
1.200999927520751953e+01 3.512790821304770046e-09 7.094928512311663966e-09
1.201999950408935547e+01 3.385308567108405093e-09 6.838160147130050890e-09
1.202999973297119141e+01 3.243378025394090157e-09 6.551095401635599148e-09
1.203999996185302734e+01 3.087921028124295232e-09 6.235625859464434537e-09
1.205000019073486328e+01 2.919914998810315386e-09 5.893772219916903474e-09
1.205999946594238281e+01 2.740404190006398262e-09 5.527705197695422134e-09
1.206999969482421875e+01 2.550423527072966164e-09 5.139587884438482110e-09
1.207999992370605469e+01 2.351094829103265289e-09 4.731769559052870539e-09
1.209000015258789062e+01 2.143552602231611395e-09 4.306631924872997004e-09
1.209999942779541016e+01 1.928974688219934013e-09 3.866649298737715629e-09
1.210999965667724609e+01 1.708493057914375697e-09 3.414203245247737634e-09
1.211999988555908203e+01 1.483310214656239604e-09 2.951818957416141883e-09
1.213000011444091797e+01 1.254611460125771947e-09 2.481983247355331473e-09
1.213999938964843750e+01 1.023600910155356081e-09 2.007216554497203724e-09
1.214999961853027344e+01 7.914071003152635183e-10 1.529877288415333724e-09
1.215999984741210938e+01 5.592095694332466803e-10 1.052420643461198647e-09
1.217000007629394531e+01 3.281453125807905277e-10 5.772053467575588929e-10
1.217999935150146484e+01 9.934718524759775781e-11 1.065719677807245772e-10
1.218999958038330078e+01 -1.261480883648547180e-10 -3.573465870078725233e-10
1.219999980926513672e+01 -3.472734125434614479e-10 -8.123647590515940859e-10
1.221000003814697266e+01 -5.630231898981543478e-10 -1.256432834794227745e-09
1.221999931335449219e+01 -7.724156454733648006e-10 -1.687558579201015280e-09
1.222999954223632812e+01 -9.745756848583941949e-10 -2.103976685436287341e-09
1.223999977111816406e+01 -1.168618168180246037e-09 -2.503906988040853245e-09
1.225000000000000000e+01 -1.353731395982020291e-09 -2.885724618921077455e-09
1.225999927520751953e+01 -1.529143141129283602e-09 -3.247888034947811184e-09
1.226999950408935547e+01 -1.694188896035786731e-09 -3.589077858889746351e-09
1.227999973297119141e+01 -1.848213327534469191e-09 -3.907991225731135268e-09
1.228999996185302734e+01 -1.990639834473326921e-09 -4.203483112392543453e-09
1.230000019073486328e+01 -2.120954689122949710e-09 -4.474531395124645329e-09
1.230999946594238281e+01 -2.238697486689972175e-09 -4.720214719438297746e-09
1.231999969482421875e+01 -2.343505669340934181e-09 -4.939803476896927508e-09
1.232999992370605469e+01 -2.435047639672326064e-09 -5.132618438071619980e-09
1.234000015258789062e+01 -2.513069225722373157e-09 -5.298126074012708420e-09
1.234999942779541016e+01 -2.577376436332507303e-09 -5.435900991364481446e-09
1.235999965667724609e+01 -2.627858522625285237e-09 -5.545674614893555837e-09
1.236999988555908203e+01 -2.664450777913881098e-09 -5.627254990808801569e-09
1.238000011444091797e+01 -2.687159797521228382e-09 -5.680580672387428256e-09
1.238999938964843750e+01 -2.696055686152030573e-09 -5.705703815938217606e-09
1.239999961853027344e+01 -2.691273110514098491e-09 -5.702795675878369507e-09
1.240999984741210938e+01 -2.673005003880639380e-09 -5.672130852607945579e-09
1.242000007629394531e+01 -2.641505837316364278e-09 -5.614098134509608399e-09
1.242999935150146484e+01 -2.597093321347374313e-09 -5.529204654616697790e-09
1.243999958038330078e+01 -2.540128383486794807e-09 -5.418039385216298308e-09
1.244999980926513672e+01 -2.471038593714719140e-09 -5.281320147371495220e-09
1.246000003814697266e+01 -2.390300168946350611e-09 -5.119861903649567520e-09
1.246999931335449219e+01 -2.298448420417904107e-09 -4.934600313229403931e-09
1.247999954223632812e+01 -2.196038986579417136e-09 -4.726516440636084306e-09
1.248999977111816406e+01 -2.083697623679031665e-09 -4.496740258827003550e-09
1.250000000000000000e+01 -1.962083114604659605e-09 -4.246479082830778772e-09
1.250999927520751953e+01 -1.831905067866755065e-09 -3.977057176472026056e-09
1.251999950408935547e+01 -1.693869998131484055e-09 -3.689807094540140193e-09
1.252999973297119141e+01 -1.548752324384022141e-09 -3.386219484335458810e-09
1.253999996185302734e+01 -1.397341681436772495e-09 -3.067836815984807741e-09
1.255000019073486328e+01 -1.240451022663650185e-09 -2.736272392276518298e-09
1.255999946594238281e+01 -1.078928169707864242e-09 -2.393237122299535521e-09
1.256999969482421875e+01 -9.135895667942056944e-10 -2.040400436563313537e-09
1.257999992370605469e+01 -7.453085682962675932e-10 -1.679579099295915885e-09
1.259000015258789062e+01 -5.749498279338624058e-10 -1.312598882526250506e-09
1.259999942779541016e+01 -4.033964962617919793e-10 -9.413533504859577468e-10
1.260999965667724609e+01 -2.314802274158367416e-10 -5.676522736373497054e-10
1.261999988555908203e+01 -6.007505768070063652e-11 -1.934243331210119512e-10
1.263000011444091797e+01 1.099724094953388316e-10 1.794347374150620758e-10
1.263999938964843750e+01 2.778151371738952922e-10 5.490026581910867223e-10
1.264999961853027344e+01 4.426737311394723674e-10 9.134823270762172887e-10
1.265999984741210938e+01 6.037444017081709599e-10 1.271001229164999795e-09
1.267000007629394531e+01 7.602672759888771154e-10 1.619764142187935149e-09
1.267999935150146484e+01 9.114999297203619823e-10 1.957997116684299922e-09
1.268999958038330078e+01 1.056778194169142640e-09 2.284086451115055828e-09
1.269999980926513672e+01 1.195432895021786954e-09 2.596395500595156928e-09
1.271000003814697266e+01 1.326851260821686533e-09 2.893405070874236022e-09
1.271999931335449219e+01 1.450453696561764260e-09 3.173664358230425298e-09
1.272999954223632812e+01 1.565742767807147036e-09 3.435905241225301267e-09
1.273999977111816406e+01 1.672234657249372381e-09 3.678889903627791107e-09
1.275000000000000000e+01 1.769509065737424790e-09 3.901526832504030409e-09
1.275999927520751953e+01 1.857190758261650525e-09 4.102831502770944674e-09
1.276999950408935547e+01 1.934983373679270610e-09 4.282006522270729884e-09
1.277999973297119141e+01 2.002620133304991677e-09 4.438330620573331897e-09
1.278999996185302734e+01 2.059898828583399692e-09 4.571240770709925633e-09
1.279999923706054688e+01 2.106669282628677234e-09 4.680304752817153748e-09
1.280999946594238281e+01 2.142850095392218862e-09 4.765261378988444229e-09
1.281999969482421875e+01 2.168401444058883327e-09 4.825957786726218103e-09
1.282999992370605469e+01 2.183343200590428097e-09 4.862391974927748675e-09
1.284000015258789062e+01 2.187748923075567704e-09 4.874698779454178331e-09
1.284999942779541016e+01 2.181745584969827261e-09 4.863148574124424425e-09
1.285999965667724609e+01 2.165508680050902434e-09 4.828136064877885378e-09
1.286999988555908203e+01 2.139263824762445611e-09 4.770181538377551400e-09
1.288000011444091797e+01 2.103283354021758789e-09 4.689922453899012833e-09
1.288999938964843750e+01 2.057888866975411553e-09 4.588117154652716818e-09
1.289999961853027344e+01 2.003430514644629867e-09 4.465596358161639358e-09
1.290999984741210938e+01 1.940310375424243574e-09 4.323313420788210861e-09
1.292000007629394531e+01 1.868963203450432874e-09 4.162298941984070270e-09
1.292999935150146484e+01 1.789865298826053585e-09 3.983678474778093880e-09
1.293999958038330078e+01 1.703500571881917801e-09 3.788593667977521953e-09
1.294999980926513672e+01 1.610402792857658962e-09 3.578295558256725142e-09
1.296000003814697266e+01 1.511122963005167433e-09 3.354068911906812698e-09
1.296999931335449219e+01 1.406243573902524678e-09 3.117262631427178942e-09
1.297999954223632812e+01 1.296334861113004341e-09 2.869189446959885351e-09
1.298999977111816406e+01 1.182011717261802780e-09 2.611253167023460784e-09
1.300000000000000000e+01 1.063890980093822295e-09 2.344851290626463150e-09
1.300999927520751953e+01 9.426097359193033795e-10 2.071415697737248409e-09
1.301999950408935547e+01 8.187756436029508581e-10 1.792300413002385075e-09
1.302999973297119141e+01 6.930333892471102769e-10 1.508931547544753363e-09
1.303999996185302734e+01 5.660156783374584382e-10 1.222697283882912569e-09
1.304999923706054688e+01 4.383639507466544680e-10 9.349954163835045770e-10
1.305999946594238281e+01 3.106767977238556076e-10 6.471182632946791344e-10
1.306999969482421875e+01 1.835803762759290588e-10 3.604128390392063350e-10
1.307999992370605469e+01 5.767707501105122950e-11 7.616691962358625315e-11
1.309000015258789062e+01 -6.644485825019441680e-11 -2.043672778868864440e-10
1.309999942779541016e+01 -1.882022546362529057e-10 -4.799503746675445289e-10
1.310999965667724609e+01 -3.070655688546929821e-10 -7.494634253965398090e-10
1.311999988555908203e+01 -4.224913230932395152e-10 -1.011752636720082171e-09
1.313000011444091797e+01 -5.339709262356519662e-10 -1.265737415844041426e-09
1.313999938964843750e+01 -6.410109194467281558e-10 -1.510363066803534407e-09
1.314999961853027344e+01 -7.431752338796347142e-10 -1.744695152395759163e-09
1.315999984741210938e+01 -8.400255847910832551e-10 -1.967781161243072342e-09
1.317000007629394531e+01 -9.311643648482609791e-10 -2.178746552076673618e-09
1.317999935150146484e+01 -1.016217854554575328e-09 -2.376754400843496589e-09
1.318999958038330078e+01 -1.094869405230451589e-09 -2.561081397217330549e-09
1.319999980926513672e+01 -1.166811890024744249e-09 -2.731006137164980138e-09
1.321000003814697266e+01 -1.231781794762023336e-09 -2.885887743560543641e-09
1.321999931335449219e+01 -1.289546525463355443e-09 -3.025135651244717416e-09
1.322999954223632812e+01 -1.339926479485811688e-09 -3.148263124651008991e-09
1.323999977111816406e+01 -1.382762523860389618e-09 -3.254809436393717771e-09
1.325000000000000000e+01 -1.417939141164409597e-09 -3.344396517492896583e-09
1.325999927520751953e+01 -1.445376559279997599e-09 -3.416710850574563525e-09
1.326999950408935547e+01 -1.465040541103912300e-09 -3.471531387195984379e-09
1.327999973297119141e+01 -1.476926567246961985e-09 -3.508690055115022510e-09
1.328999996185302734e+01 -1.481070762238553820e-09 -3.528102845826819552e-09
1.329999923706054688e+01 -1.477547144347173272e-09 -3.529764448271237385e-09
1.330999946594238281e+01 -1.466464907068447170e-09 -3.513748650696622327e-09
1.331999969482421875e+01 -1.447969636172658223e-09 -3.480208606179578382e-09
1.332999992370605469e+01 -1.422241697223741120e-09 -3.429380043616295264e-09
1.334000015258789062e+01 -1.389495046122788247e-09 -3.361580774909034665e-09
1.334999942779541016e+01 -1.349979983479089230e-09 -3.277219597772729613e-09
1.335999965667724609e+01 -1.303965936845592337e-09 -3.176762119177587290e-09
1.336999988555908203e+01 -1.251762466938704093e-09 -3.060778172533156013e-09
1.338000011444091797e+01 -1.193703016872193462e-09 -2.929909672072892122e-09
1.338999938964843750e+01 -1.130152742908897334e-09 -2.784890264859876564e-09
1.339999961853027344e+01 -1.061481681216177575e-09 -2.626485923416837559e-09
1.340999984741210938e+01 -9.880989968059645098e-10 -2.455574695766894405e-09
1.342000007629394531e+01 -9.104269481562973271e-10 -2.273088658456006881e-09
1.342999935150146484e+01 -8.289122732519120626e-10 -2.080041345313796218e-09
1.343999958038330078e+01 -7.439922809265313684e-10 -1.877447835023607256e-09
1.344999980926513672e+01 -6.561390683997672655e-10 -1.666429550731023208e-09
1.346000003814697266e+01 -5.658262054189917432e-10 -1.448135140671741575e-09
1.346999931335449219e+01 -4.735426509394094976e-10 -1.223773187502968531e-09
1.347999954223632812e+01 -3.797547796048068113e-10 -9.945187114236159226e-10
1.348999977111816406e+01 -2.849566961875262100e-10 -7.616340634861723134e-10
1.350000000000000000e+01 -1.896326242917363767e-10 -5.263758126112911596e-10
1.350999927520751953e+01 -9.427220190061439729e-11 -2.900302466965610702e-10
1.351999950408935547e+01 6.683562810242340831e-13 -5.381477436668997576e-11
1.352999973297119141e+01 9.471399832088920514e-11 1.809949915704253844e-10
1.353999996185302734e+01 1.874095576400586821e-10 4.131637265321521103e-10
1.354999923706054688e+01 2.783042805885680606e-10 6.414604808517086308e-10
1.355999946594238281e+01 3.669884272179753722e-10 8.647533362903466500e-10
1.356999969482421875e+01 4.530431670592374470e-10 1.081886186368219534e-09
1.357999992370605469e+01 5.360773177409105286e-10 1.291773517957545217e-09
1.359000015258789062e+01 6.157202903901220229e-10 1.493385140785686763e-09
1.359999942779541016e+01 6.916166035296189524e-10 1.685734467676937683e-09
1.360999965667724609e+01 7.634558992934934626e-10 1.867956567857327643e-09
1.361999988555908203e+01 8.309307275243660816e-10 2.039202848059763737e-09
1.363000011444091797e+01 8.937670005111697851e-10 2.198719597235197513e-09
1.363999938964843750e+01 9.517122330248061694e-10 2.345819210308349842e-09
1.364999961853027344e+01 1.004557974504475250e-09 2.479937816954729847e-09
1.365999984741210938e+01 1.052107251565551342e-09 2.600552947428788671e-09
1.367000007629394531e+01 1.094197642877164373e-09 2.707242073977772774e-09
1.367999935150146484e+01 1.130692628839932835e-09 2.799660279544934686e-09
1.368999958038330078e+01 1.161495153747078209e-09 2.877573859140263472e-09
1.369999980926513672e+01 1.186526753490394923e-09 2.940806418778511982e-09
1.371000003814697266e+01 1.205741910010488489e-09 2.989273905492899434e-09
1.371999931335449219e+01 1.219123052183890784e-09 3.022970385578762883e-09
1.372999954223632812e+01 1.226684719607952044e-09 3.041976741239563472e-09
1.373999977111816406e+01 1.228465398894310756e-09 3.046438185275868206e-09
1.375000000000000000e+01 1.224532557792101233e-09 3.036574905367581096e-09
1.375999927520751953e+01 1.214981525357154613e-09 3.012677135935728359e-09
1.376999950408935547e+01 1.199930461208603099e-09 2.975090482616473999e-09
1.377999973297119141e+01 1.179524889975198586e-09 2.924225246044560117e-09
1.378999996185302734e+01 1.153933539003008117e-09 2.860544083851068078e-09
1.379999923706054688e+01 1.123351000330661895e-09 2.784566859360560955e-09
1.380999946594238281e+01 1.087984369463689207e-09 2.696835894356383566e-09
1.381999969482421875e+01 1.048069487520921593e-09 2.597955009951515525e-09
1.382999992370605469e+01 1.003858368895426502e-09 2.488557249354132300e-09
1.384000015258789062e+01 9.556204599160953857e-10 2.369307292891893406e-09
1.384999942779541016e+01 9.036462835641600111e-10 2.240910053431389080e-09
1.385999965667724609e+01 8.482257155727356324e-10 2.104056957793254566e-09
1.386999988555908203e+01 7.896761897741793744e-10 1.959495909579251567e-09
1.388000011444091797e+01 7.283215746264189818e-10 1.807979731679073693e-09
1.388999938964843750e+01 6.645014964308185304e-10 1.650290174242512817e-09
1.389999961853027344e+01 5.985450689452984238e-10 1.487174273550472333e-09
1.390999984741210938e+01 5.308057601522824857e-10 1.319432050561859013e-09
1.392000007629394531e+01 4.616355255870373014e-10 1.147854418159236068e-09
1.392999935150146484e+01 3.913957960818705534e-10 9.732524576321155940e-10
1.393999958038330078e+01 3.204288468105072540e-10 7.963884109880804012e-10
1.394999980926513672e+01 2.490963226236962314e-10 6.180737400738247631e-10
1.396000003814697266e+01 1.777507986406758011e-10 4.391008374468618882e-10
1.396999931335449219e+01 1.067474939358934450e-10 2.602747439105419370e-10
1.397999954223632812e+01 3.641555555862016249e-11 8.234311702867396361e-11
1.398999977111816406e+01 -3.290287905743901327e-11 -9.390315286544844715e-11
1.400000000000000000e+01 -1.008814131038481054e-10 -2.677001443576572800e-10
1.400999927520751953e+01 -1.671978803719858284e-10 -4.382796993507806972e-10
1.401999950408935547e+01 -2.315609493590155384e-10 -6.049362724592312377e-10
1.402999973297119141e+01 -2.936735196800164973e-10 -7.669314070260726289e-10
1.403999996185302734e+01 -3.532595268668687136e-10 -9.235615360717928883e-10
1.404999923706054688e+01 -4.100534864430206731e-10 -1.074129984796225221e-09
1.405999946594238281e+01 -4.638230355669205709e-10 -1.218006481986962536e-09
1.406999969482421875e+01 -5.143374386438604175e-10 -1.354543686502064178e-09
1.407999992370605469e+01 -5.613904853435848236e-10 -1.483138195889709503e-09
1.409000015258789062e+01 -6.047957659067346816e-10 -1.603218915309660022e-09
1.409999942779541016e+01 -6.443837978861244075e-10 -1.714240031044046892e-09
1.410999965667724609e+01 -6.800173650437067166e-10 -1.815725675142052928e-09
1.411999988555908203e+01 -7.115693216457468885e-10 -1.907209506145306253e-09
1.413000011444091797e+01 -7.389384335341337891e-10 -1.988281140058337528e-09
1.413999938964843750e+01 -7.620436538063380860e-10 -2.058572023809935336e-09
1.414999961853027344e+01 -7.808326412189161402e-10 -2.117784182598382453e-09
1.415999984741210938e+01 -7.952685183114747770e-10 -2.165652733549436376e-09
1.417000007629394531e+01 -8.053389673028942690e-10 -2.201976321520047799e-09
1.417999935150146484e+01 -8.110532326493123901e-10 -2.226610382438415602e-09
1.418999958038330078e+01 -8.124435173691463789e-10 -2.239477370413512007e-09
1.419999980926513672e+01 -8.095612403460092227e-10 -2.240554219792444526e-09
1.421000003814697266e+01 -8.024790466504520621e-10 -2.229884022481756776e-09
1.421999931335449219e+01 -7.912906317091532331e-10 -2.207576491961384839e-09
1.422999954223632812e+01 -7.761053016750405047e-10 -2.173798542224816191e-09
1.423999977111816406e+01 -7.570535285885071659e-10 -2.128786769454447018e-09
1.425000000000000000e+01 -7.342821198059141722e-10 -2.072839196533443427e-09
1.425999927520751953e+01 -7.079567512594141239e-10 -2.006322300730470858e-09
1.426999950408935547e+01 -6.782505034257234917e-10 -1.929642692585255146e-09
1.427999973297119141e+01 -6.453578178671957928e-10 -1.843282777055510863e-09
1.428999996185302734e+01 -6.094835934736025163e-10 -1.747773358680811252e-09
1.429999923706054688e+01 -5.708481197220369659e-10 -1.643706319516488787e-09
1.430999946594238281e+01 -5.296708180284184478e-10 -1.531690139769098027e-09
1.431999969482421875e+01 -4.861911085290608391e-10 -1.412405165217880775e-09
1.432999992370605469e+01 -4.406526192191238322e-10 -1.286559900761208534e-09
1.434000015258789062e+01 -3.933054432498330983e-10 -1.154895453610070355e-09
1.434999942779541016e+01 -3.444095671239205658e-10 -1.018193433042644663e-09
1.435999965667724609e+01 -2.942147681142542418e-10 -8.772177407504165555e-10
1.436999988555908203e+01 -2.429873458717181539e-10 -7.327872042743157597e-10
1.438000011444091797e+01 -1.909903182434441079e-10 -5.857180358507693779e-10
1.438999938964843750e+01 -1.384917883100252026e-10 -4.368451059505626731e-10
1.439999961853027344e+01 -8.574364021631048350e-11 -2.869592240675826996e-10
1.440999984741210938e+01 -3.301042439755556207e-11 -1.368868313931966510e-10
1.442000007629394531e+01 1.945181273253241334e-11 1.257214447665245114e-11
1.442999935150146484e+01 7.138674636519197575e-11 1.606213254993130681e-10
1.443999958038330078e+01 1.225586259952010177e-10 3.065291347139849310e-10
1.444999980926513672e+01 1.727235649491347081e-10 4.495485163510104328e-10
1.446000003814697266e+01 2.216504313232259184e-10 5.889777995036817980e-10
1.446999931335449219e+01 2.691123699633467222e-10 7.241375759270823128e-10
1.447999954223632812e+01 3.149056788069809662e-10 8.544251622697126321e-10
1.448999977111816406e+01 3.588234749078398054e-10 9.792399974736456750e-10
1.450000000000000000e+01 4.006747694289909401e-10 1.098038040084437584e-09
1.450999927520751953e+01 4.402769547604008643e-10 1.210310158440153693e-09
1.451999950408935547e+01 4.774713965679682242e-10 1.315625747361460135e-09
1.452999973297119141e+01 5.121013871068125662e-10 1.413569356723432906e-09
1.453999996185302734e+01 5.440280672576644697e-10 1.503784695512086920e-09
1.454999923706054688e+01 5.731244227680452774e-10 1.585956241631098809e-09
1.455999946594238281e+01 5.992865724692393128e-10 1.659839520212067045e-09
1.456999969482421875e+01 6.224174944059360636e-10 1.725213389829528712e-09
1.457999992370605469e+01 6.424387340350850850e-10 1.781911224930709644e-09
1.458999919891357422e+01 6.592862947706499506e-10 1.829807313854312711e-09
1.459999942779541016e+01 6.729169476948543745e-10 1.868832836204444829e-09
1.460999965667724609e+01 6.832986962723479035e-10 1.898946811385342237e-09
1.461999988555908203e+01 6.904175499736117234e-10 1.920153456329416988e-09
1.463000011444091797e+01 6.942757265807565097e-10 1.932495342202520188e-09
1.463999938964843750e+01 6.948916307553477195e-10 1.936051568922080174e-09
1.464999961853027344e+01 6.922995833045094833e-10 1.930936368754699144e-09
1.465999984741210938e+01 6.865491994922459606e-10 1.917295201405714979e-09
1.467000007629394531e+01 6.777055769010905545e-10 1.895305106935741759e-09
1.467999935150146484e+01 6.658499216303479512e-10 1.865175452686930124e-09
1.468999958038330078e+01 6.510742251545655311e-10 1.827134005274596699e-09
1.469999980926513672e+01 6.334874753223308533e-10 1.781442667181980844e-09
1.471000003814697266e+01 6.132107500716076052e-10 1.728385317197003887e-09
1.471999931335449219e+01 5.903797681871398971e-10 1.668275064087946511e-09
1.472999954223632812e+01 5.651351321992684111e-10 1.601429460002042096e-09
1.473999977111816406e+01 5.376345501650802655e-10 1.528203880804041344e-09
1.475000000000000000e+01 5.080434315033583835e-10 1.448968263885236644e-09
1.475999927520751953e+01 4.765390594386022797e-10 1.364119966931085803e-09
1.476999950408935547e+01 4.432973634212695083e-10 1.274050020500915811e-09
1.477999973297119141e+01 4.085099106159124088e-10 1.179190936854052207e-09
1.478999996185302734e+01 3.723709542134872485e-10 1.079984032215675018e-09
1.479999923706054688e+01 3.350828332951293265e-10 9.768964346310209383e-10
1.480999946594238281e+01 2.968404956704598855e-10 8.703804971736246609e-10
1.481999969482421875e+01 2.578517171580915561e-10 7.609318943270913033e-10
1.482999992370605469e+01 2.183218154725721577e-10 6.490495409001006838e-10
1.483999919891357422e+01 1.784598252950976845e-10 5.352549657243036201e-10
1.484999942779541016e+01 1.384621310557474771e-10 4.200473410652533279e-10
1.485999965667724609e+01 9.853420637746546067e-11 3.039671336632417944e-10
1.486999988555908203e+01 5.887434742747795279e-11 1.875510861234889483e-10
1.488000011444091797e+01 1.967643280553633842e-11 7.134105447043685632e-11
1.488999938964843750e+01 -1.886741980609955419e-11 -4.410716991561558801e-11
1.489999961853027344e+01 -5.658242808702109288e-11 -1.582701785244046937e-10
1.490999984741210938e+01 -9.328993325478543408e-11 -2.705933358256975413e-10
1.492000007629394531e+01 -1.288229941912121404e-10 -3.805376702433673648e-10
1.492999935150146484e+01 -1.630202231126121125e-10 -4.875616463088461325e-10
1.493999958038330078e+01 -1.957393736642618147e-10 -5.911647434675804964e-10
1.494999980926513672e+01 -2.268383434327574982e-10 -6.908292681885959886e-10
1.496000003814697266e+01 -2.561888814136663970e-10 -7.860647288626793398e-10
1.496999931335449219e+01 -2.836711719240024637e-10 -8.763923649393979557e-10
1.497999954223632812e+01 -3.091845051666850311e-10 -9.613823967315047731e-10
1.498999977111816406e+01 -3.326318222295035334e-10 -1.040605482082256084e-09
1.500000000000000000e+01 -3.539306019864473804e-10 -1.113670819883420964e-09
