# col1: q[fm^-1] col2: weakFF col3: chargeFF [unitless]
9.999999999999999547e-07 9.999999563407956371e-01 9.999999387649513016e-01
9.999999776482582092e-03 9.997761801433465711e-01 9.997941596177173373e-01
1.999999955296516418e-02 9.991051035798625968e-01 9.991770351370893311e-01
2.999999932944774628e-02 9.979874823237051551e-01 9.981492038909940412e-01
3.999999910593032837e-02 9.964245743793301857e-01 9.967117290404502450e-01
4.999999701976776123e-02 9.944181383315179312e-01 9.948660970522975600e-01
5.999999865889549255e-02 9.919704282430997777e-01 9.926142134565231201e-01
7.000000029802322388e-02 9.890841933451210988e-01 9.899584031381301052e-01
7.999999821186065674e-02 9.857626720547544297e-01 9.869014055362101967e-01
8.999999612569808960e-02 9.820095834493877129e-01 9.834463676220981387e-01
9.999999403953552246e-02 9.778291241990600957e-01 9.795968420195111381e-01
1.099999994039535522e-01 9.732259568057500809e-01 9.753567772372186973e-01
1.199999973177909851e-01 9.682052156686449251e-01 9.707305244343361617e-01
1.299999952316284180e-01 9.627724777623262176e-01 9.657228116978361365e-01
1.400000005960464478e-01 9.569337620574001058e-01 9.603387448920398528e-01
1.499999910593032837e-01 9.506955385326310015e-01 9.545838174761051009e-01
1.599999964237213135e-01 9.440646671739703066e-01 9.484638558326837776e-01
1.700000017881393433e-01 9.370484460630279511e-01 9.419850653129506757e-01
1.799999922513961792e-01 9.296545738256299929e-01 9.351539973869794631e-01
1.899999976158142090e-01 9.218911011241216480e-01 9.279775066742650402e-01
1.999999880790710449e-01 9.137664956875688471e-01 9.204628129755050292e-01
2.099999934434890747e-01 9.052895357932376763e-01 9.126174048121209470e-01
2.199999988079071045e-01 8.964693791025469816e-01 9.044491051543167570e-01
2.299999892711639404e-01 8.873155135805957938e-01 8.959660281883590205e-01
2.399999946355819702e-01 8.778376987471248061e-01 8.871765270391933633e-01
2.500000000000000000e-01 8.680460315814779726e-01 8.780892570816025700e-01
2.599999904632568359e-01 8.579508913502665868e-01 8.687131271251740117e-01
2.699999809265136719e-01 8.475628913507109452e-01 8.590572568958191324e-01
2.800000011920928955e-01 8.368928736909353461e-01 8.491309744398681802e-01
2.899999916553497314e-01 8.259520056454335846e-01 8.389439082012123405e-01
2.999999821186065674e-01 8.147515712328415871e-01 8.285057955091684745e-01
3.100000023841857910e-01 8.033030453414646832e-01 8.178265537820301745e-01
3.199999928474426270e-01 7.916181816002375582e-01 8.069163650181858660e-01
3.299999833106994629e-01 7.797087895062180252e-01 7.957854702877876774e-01
3.400000035762786865e-01 7.675868155656787595e-01 7.844442476277326826e-01
3.499999940395355225e-01 7.552644364141030131e-01 7.729033016800717082e-01
3.599999845027923584e-01 7.427538237089529316e-01 7.611732460629002661e-01
3.700000047683715820e-01 7.300672316985969967e-01 7.492647874082601911e-01
3.799999952316284180e-01 7.172170949338441126e-01 7.371888195314073577e-01
3.899999856948852539e-01 7.042157832019382280e-01 7.249561956220620385e-01
3.999999761581420898e-01 6.910757342405267067e-01 7.125778549309116361e-01
4.099999964237213135e-01 6.778093585833417922e-01 7.000647353475470958e-01
4.199999868869781494e-01 6.644291803859855294e-01 6.874279083584878824e-01
4.299999773502349854e-01 6.509475826631109241e-01 6.746783407491344642e-01
4.399999976158142090e-01 6.373769073014604603e-01 6.618269906144839121e-01
4.499999880790710449e-01 6.237295607942455744e-01 6.488849095863996608e-01
4.599999785423278809e-01 6.100177548768204172e-01 6.358629989926177783e-01
4.699999988079071045e-01 5.962536106841399564e-01 6.227721099084727596e-01
4.799999892711639404e-01 5.824492667333320828e-01 6.096231477291054190e-01
4.899999797344207764e-01 5.686166171971773764e-01 5.964268247569435299e-01
5.000000000000000000e-01 5.547674194505244349e-01 5.831937636056971908e-01
5.099999904632568359e-01 5.409134035777912741e-01 5.699346034455732291e-01
5.199999809265136719e-01 5.270660104472529861e-01 5.566597509461927995e-01
5.299999713897705078e-01 5.132365430499233883e-01 5.433795259054675642e-01
5.399999618530273438e-01 4.994361119997685616e-01 5.301041101658219290e-01
5.500000119209289551e-01 4.856755409311337979e-01 5.168434573123318332e-01
5.600000023841857910e-01 4.719656821597489893e-01 5.036075978081627769e-01
5.699999928474426270e-01 4.583169128390409686e-01 4.904061541268229241e-01
5.799999833106994629e-01 4.447394522811757289e-01 4.772486469344990878e-01
5.899999737739562988e-01 4.312432693182058352e-01 4.641444062877431165e-01
5.999999642372131348e-01 4.178380724006139357e-01 4.511025623590389499e-01
6.100000143051147461e-01 4.045332213085425233e-01 4.381319595263633571e-01
6.200000047683715820e-01 3.913380350736243574e-01 4.252414568209993417e-01
6.299999952316284180e-01 3.782613079940438383e-01 4.124394560717298264e-01
6.399999856948852539e-01 3.653116200380879253e-01 3.997342041856997152e-01
6.499999761581420898e-01 3.524972503817466185e-01 3.871337086430702290e-01
6.599999666213989258e-01 3.398261711788282957e-01 3.746457310018335707e-01
6.699999570846557617e-01 3.273060419528087683e-01 3.622777808846974201e-01
6.800000071525573730e-01 3.149441314129947656e-01 3.500370378838532082e-01
6.899999976158142090e-01 3.027476068773894413e-01 3.379306376066733009e-01
6.999999880790710449e-01 2.907230883620159356e-01 3.259652292970591225e-01
7.099999785423278809e-01 2.788769411604384296e-01 3.141472644155988703e-01
7.199999690055847168e-01 2.672151991432015206e-01 3.024829197094405231e-01
7.299999594688415527e-01 2.557435628155054763e-01 2.909780941115877595e-01
7.400000095367431641e-01 2.444673313450070606e-01 2.796383390328839869e-01
7.500000000000000000e-01 2.333916694709021744e-01 2.684691255958931433e-01
7.599999904632568359e-01 2.225212039858324164e-01 2.574754373731124035e-01
7.699999809265136719e-01 2.118602941338924295e-01 2.466620405589154963e-01
7.799999713897705078e-01 2.014129647082122943e-01 2.360334151302325434e-01
7.899999618530273438e-01 1.911829074791152328e-01 2.255937545454972104e-01
7.999999523162841797e-01 1.811734831397678880e-01 2.153469658862728620e-01
8.100000023841857910e-01 1.713876660988123135e-01 2.052966111206042665e-01
8.199999928474426270e-01 1.618282793947115605e-01 1.954461465517385588e-01
8.299999833106994629e-01 1.524976481110815185e-01 1.857985647753706837e-01
8.399999737739562988e-01 1.433978379004196002e-01 1.763566373104760443e-01
8.499999642372131348e-01 1.345306002827754976e-01 1.671228563152374613e-01
8.599999547004699707e-01 1.258973773598160983e-01 1.580994371767308060e-01
8.700000047683715820e-01 1.174992575748671081e-01 1.492882695862616238e-01
8.799999952316284180e-01 1.093371800315529052e-01 1.406911296607120110e-01
8.899999856948852539e-01 1.014116400042497090e-01 1.323093684717557561e-01
8.999999761581420898e-01 9.372289677138188890e-02 1.241441273802429690e-01
9.099999666213989258e-01 8.627092937865582511e-02 1.161962891803137166e-01
9.199999570846557617e-01 7.905544346321184690e-02 1.084664826964596845e-01
9.300000071525573730e-01 7.207583746054266327e-02 1.009550435459920514e-01
9.399999976158142090e-01 6.533137497175750541e-02 9.366219707556086571e-02
9.499999880790710449e-01 5.882094277376832131e-02 8.658779514059312954e-02
9.599999785423278809e-01 5.254322646073804337e-02 7.973150214487595422e-02
9.699999690055847168e-01 4.649667617634381522e-02 7.309275549360301494e-02
9.799999594688415527e-01 4.067951483213488872e-02 6.667077167934377935e-02
9.899999499320983887e-01 3.508974648825754356e-02 6.046455256298795267e-02
1.000000000000000000e+00 2.972513356790021724e-02 5.447285675794417970e-02
1.009999990463256836e+00 2.458333206035667046e-02 4.869434782641384601e-02
1.019999980926513672e+00 1.966170844095384285e-02 4.312738678725105274e-02
1.029999971389770508e+00 1.495747773522203977e-02 3.777018314602385157e-02
1.039999961853027344e+00 1.046767977764442338e-02 3.262076557026945267e-02
1.049999952316284180e+00 6.189188163278805388e-03 2.767698901981233486e-02
1.059999942779541016e+00 2.118719230258327840e-03 2.293654196613002100e-02
1.069999933242797852e+00 -1.747158944156464774e-03 1.839695368619294336e-02
1.079999923706054688e+00 -5.412017550848801338e-03 1.405560161642778125e-02
1.090000033378601074e+00 -8.879598251133682257e-03 9.909670483570847191e-03
1.100000023841857910e+00 -1.215364125477620509e-02 5.956355091070803659e-03
1.110000014305114746e+00 -1.523812438313176636e-02 2.192571285039177521e-03
1.120000004768371582e+00 -1.813708660326766170e-02 -1.384836607447224649e-03
1.129999995231628418e+00 -2.085466179246293558e-02 -4.779138911888275443e-03
1.139999985694885254e+00 -2.339507009156295558e-02 -7.993713177685327770e-03
1.149999976158142090e+00 -2.576260936526991382e-02 -1.103203678169308727e-02
1.159999966621398926e+00 -2.796164678189266492e-02 -1.389767957580026643e-02
1.169999957084655762e+00 -2.999661052447358950e-02 -1.659429658994501441e-02
1.179999947547912598e+00 -3.187198164459483646e-02 -1.912562080156172961e-02
1.189999938011169434e+00 -3.359228606954533375e-02 -2.149545598203528654e-02
1.199999928474426270e+00 -3.516208677290499907e-02 -2.370766963030809804e-02
1.209999918937683105e+00 -3.658597611797385213e-02 -2.576618600334505335e-02
1.220000028610229492e+00 -3.786858284872651054e-02 -2.767500113081801383e-02
1.230000019073486328e+00 -3.901450533958065320e-02 -2.943808684133338710e-02
1.240000009536743164e+00 -4.002839616297296926e-02 -3.105952059289594433e-02
1.250000000000000000e+00 -4.091489242696917661e-02 -3.254338623111741047e-02
1.259999990463256836e+00 -4.167862522504479916e-02 -3.389379127275148063e-02
1.269999980926513672e+00 -4.232421317940478905e-02 -3.511486069564732221e-02
1.279999971389770508e+00 -4.285625620562462379e-02 -3.621073088067443962e-02
1.289999961853027344e+00 -4.327932950308804871e-02 -3.718554371162394179e-02
1.299999952316284180e+00 -4.359797777510730082e-02 -3.804344083862271075e-02
1.309999942779541016e+00 -4.381670968203239119e-02 -3.878855811013177946e-02
1.319999933242797852e+00 -4.393999253008758904e-02 -3.942502017813730858e-02
1.329999923706054688e+00 -4.397224719811931165e-02 -3.995693528068562650e-02
1.339999914169311523e+00 -4.391784330389553181e-02 -4.038839020545842429e-02
1.350000023841857910e+00 -4.378109250704274175e-02 -4.072344887326413698e-02
1.360000014305114746e+00 -4.356625166756730727e-02 -4.096613285324825909e-02
1.370000004768371582e+00 -4.327750887828343829e-02 -4.112044078024449517e-02
1.379999995231628418e+00 -4.291898519413431257e-02 -4.119032700110875078e-02
1.389999985694885254e+00 -4.249472985504470363e-02 -4.117970204427676834e-02
1.399999976158142090e+00 -4.200871689550225024e-02 -4.109242872270089247e-02
1.409999966621398926e+00 -4.146484199126854175e-02 -4.093231843161591887e-02
1.419999957084655762e+00 -4.086691954108593455e-02 -4.070312764148109608e-02
1.429999947547912598e+00 -4.021867998085305873e-02 -4.040855458607219008e-02
1.439999938011169434e+00 -3.952376732736710002e-02 -4.005223614533438836e-02
1.449999928474426270e+00 -3.878573694837446351e-02 -3.963774492225537183e-02
1.459999918937683105e+00 -3.800805355533559693e-02 -3.916858651268112501e-02
1.469999909400939941e+00 -3.719408941499057625e-02 -3.864819696666980248e-02
1.480000019073486328e+00 -3.634711249490656798e-02 -3.807993339335151439e-02
1.490000009536743164e+00 -3.547032588527661290e-02 -3.746709947308980021e-02
1.500000000000000000e+00 -3.456680600375332951e-02 -3.681290277818899392e-02
1.509999990463256836e+00 -3.363954167558284858e-02 -3.612047955267300853e-02
1.519999980926513672e+00 -3.269142346436038071e-02 -3.539288660435500194e-02
1.529999971389770508e+00 -3.172524309886148169e-02 -3.463309986939216989e-02
1.539999961853027344e+00 -3.074369308399690220e-02 -3.384401315056342202e-02
1.549999952316284180e+00 -2.974936649012293807e-02 -3.302843702574987522e-02
1.559999942779541016e+00 -2.874475691479113498e-02 -3.218909792289557925e-02
1.569999933242797852e+00 -2.773225861089017794e-02 -3.132863735753881052e-02
1.579999923706054688e+00 -2.671416677501961892e-02 -3.044961132882954488e-02
1.589999914169311523e+00 -2.569267798983995016e-02 -2.955448986979010775e-02
1.599999904632568359e+00 -2.466989081406293499e-02 -2.864565674742852036e-02
1.610000014305114746e+00 -2.364779434133168143e-02 -2.772539827880364863e-02
1.620000004768371582e+00 -2.262831779771570101e-02 -2.679594733779614574e-02
1.629999995231628418e+00 -2.161325839676916244e-02 -2.585941761635824482e-02
1.639999985694885254e+00 -2.060433122815607046e-02 -2.491784765392108386e-02
1.649999976158142090e+00 -1.960315829686373745e-02 -2.397319031009573914e-02
1.659999966621398926e+00 -1.861126986352530654e-02 -2.302731326522805544e-02
1.669999957084655762e+00 -1.763010588711124565e-02 -2.208199963710415908e-02
1.679999947547912598e+00 -1.666101756356209301e-02 -2.113894870872130849e-02
1.689999938011169434e+00 -1.570526895398293571e-02 -2.019977676200500685e-02
1.699999928474426270e+00 -1.476403869608046079e-02 -1.926601801233401856e-02
1.709999918937683105e+00 -1.383842179259480928e-02 -1.833912563872511919e-02
1.719999909400939941e+00 -1.292943147055949059e-02 -1.742047290452980110e-02
1.730000019073486328e+00 -1.203799058676940405e-02 -1.651134358770084756e-02
1.740000009536743164e+00 -1.116497590908155021e-02 -1.561297650546767356e-02
1.750000000000000000e+00 -1.031115637672228198e-02 -1.472650182881143216e-02
1.759999990463256836e+00 -9.477237911752901811e-03 -1.385298599548957961e-02
1.769999980926513672e+00 -8.663854810360333003e-03 -1.299342230993792355e-02
1.779999971389770508e+00 -7.871571903331370593e-03 -1.214873250023395038e-02
1.789999961853027344e+00 -7.100886747229992989e-03 -1.131976833037381079e-02
1.799999952316284180e+00 -6.352231841070131793e-03 -1.050731326305728852e-02
1.809999942779541016e+00 -5.625976863426666516e-03 -9.712084168253124275e-03
1.819999933242797852e+00 -4.922430925080982511e-03 -8.934733072902359755e-03
1.829999923706054688e+00 -4.241844832457201085e-03 -8.175848947208222764e-03
1.839999914169311523e+00 -3.584413357266637984e-03 -7.435959523058132195e-03
1.849999904632568359e+00 -2.950277507944956776e-03 -6.715533140225621138e-03
1.860000014305114746e+00 -2.339519657506859262e-03 -6.014972384786537209e-03
1.870000004768371582e+00 -1.752194649808545618e-03 -5.334649146589177764e-03
1.879999995231628418e+00 -1.188288366535811269e-03 -4.674856409981817396e-03
1.889999985694885254e+00 -6.477493676549615775e-04 -4.035843817085276938e-03
1.899999976158142090e+00 -1.304836913044242724e-04 -3.417811121048431895e-03
1.909999966621398926e+00 3.636429471784366615e-04 -2.820910113825243325e-03
1.919999957084655762e+00 8.348029805343956970e-04 -2.245246554491068299e-03
1.929999947547912598e+00 1.283204842191878981e-03 -1.690882094707697736e-03
1.939999938011169434e+00 1.709090849062225173e-03 -1.157836198079185844e-03
1.949999928474426270e+00 2.112735117200707172e-03 -6.460880502745166036e-04
1.959999918937683105e+00 2.494441512840325347e-03 -1.555784569283824397e-04
1.969999909400939941e+00 2.854541641135128864e-03 3.137882735324753819e-04
1.979999899864196777e+00 3.193392874780552875e-03 7.621424648534174187e-04
1.990000009536743164e+00 3.511380092373484006e-03 1.189652201012029965e-03
2.000000000000000000e+00 3.808898879707989845e-03 1.596501368501194789e-03
2.009999990463256836e+00 4.086376426122480254e-03 1.982918433648974549e-03
2.019999980926513672e+00 4.344254325042327773e-03 2.349154042053301378e-03
2.029999971389770508e+00 4.582990743026780188e-03 2.695484498629358017e-03
2.039999961853027344e+00 4.803058724034935112e-03 3.022210058706247763e-03
2.049999952316284180e+00 5.004944544236470880e-03 3.329653252115448003e-03
2.059999942779541016e+00 5.189146118286191121e-03 3.618157241908680037e-03
2.069999933242797852e+00 5.356171457841254341e-03 3.888084219213422139e-03
2.079999923706054688e+00 5.506537182964027326e-03 4.139813835607457360e-03
2.089999914169311523e+00 5.640767086921908563e-03 4.373741674268486097e-03
2.099999904632568359e+00 5.759390754768067139e-03 4.590277761032642533e-03
2.109999895095825195e+00 5.862942235964294438e-03 4.789845116375333021e-03
2.119999885559082031e+00 5.951958771188862150e-03 4.972878349210650868e-03
2.129999876022338867e+00 6.026979573358643566e-03 5.139822293290905939e-03
2.139999866485595703e+00 6.088544662785939400e-03 5.291130686876287410e-03
2.149999856948852539e+00 6.137193756286000827e-03 5.427264896236036994e-03
2.159999847412109375e+00 6.173465209952153261e-03 5.548692683437237393e-03
2.169999837875366211e+00 6.197895015220358968e-03 5.655887018775038015e-03
2.180000066757202148e+00 6.211016029973600618e-03 5.749327005652342566e-03
2.190000057220458984e+00 6.213356100059169024e-03 5.829488201957647511e-03
2.200000047683715820e+00 6.205439070098400269e-03 5.896854916779127424e-03
2.210000038146972656e+00 6.187782481061252643e-03 5.951909977422060842e-03
2.220000028610229492e+00 6.160897269659924846e-03 5.995136156840889970e-03
2.230000019073486328e+00 6.125287071517613972e-03 6.027015256065895200e-03
2.240000009536743164e+00 6.081447572731778911e-03 6.048027231179847925e-03
2.250000000000000000e+00 6.029865908867733382e-03 6.058649364507684605e-03
2.259999990463256836e+00 5.971020110365682365e-03 6.059355479611681743e-03
2.269999980926513672e+00 5.905378593296282085e-03 6.050615199618698814e-03
2.279999971389770508e+00 5.833399694355890890e-03 6.032893248342749253e-03
2.289999961853027344e+00 5.755531248953265483e-03 6.006648793607609164e-03
2.299999952316284180e+00 5.672210211203732901e-03 5.972334832118126290e-03
2.309999942779541016e+00 5.583862314615599398e-03 5.930397615177309713e-03
2.319999933242797852e+00 5.490901772226000448e-03 5.881276114497804852e-03
2.329999923706054688e+00 5.393731014919606916e-03 5.825401527311423709e-03
2.339999914169311523e+00 5.292740466643612411e-03 5.763196819938965626e-03
2.349999904632568359e+00 5.188308355216006765e-03 5.695076308944726877e-03
2.359999895095825195e+00 5.080800557411056448e-03 5.621445278965046463e-03
2.369999885559082031e+00 4.970570476996335335e-03 5.542699636269215156e-03
2.379999876022338867e+00 4.857958954389017363e-03 5.459225597082464042e-03
2.389999866485595703e+00 4.743294206595999318e-03 5.371399409676002115e-03
2.399999856948852539e+00 4.626891796101679534e-03 5.279587109206702357e-03
2.409999847412109375e+00 4.509054627369933101e-03 5.184144304270298965e-03
2.419999837875366211e+00 4.390072969631505367e-03 5.085415994115403092e-03
2.429999828338623047e+00 4.270224504636029560e-03 4.983736415452555066e-03
2.440000057220458984e+00 4.149771521161626890e-03 4.879426402071266114e-03
2.450000047683715820e+00 4.028972510956819846e-03 4.772803298871980057e-03
2.460000038146972656e+00 3.908065043992985967e-03 4.664165958473184999e-03
2.470000028610229492e+00 3.787277383012412069e-03 4.553804589326872730e-03
2.480000019073486328e+00 3.666825771105533018e-03 4.441998277407092043e-03
2.490000009536743164e+00 3.546914602228483197e-03 4.329014987785736839e-03
2.500000000000000000e+00 3.427736607840368120e-03 4.215111588183042754e-03
2.509999990463256836e+00 3.309473058477158721e-03 4.100533893409567636e-03
2.519999980926513672e+00 3.192293979104094369e-03 3.985516729623919154e-03
2.529999971389770508e+00 3.076358377114724388e-03 3.870284017340010815e-03
2.539999961853027344e+00 2.961814481872222359e-03 3.755048872128823999e-03
2.549999952316284180e+00 2.848799994717175332e-03 3.640013721972469325e-03
2.559999942779541016e+00 2.737442348395401157e-03 3.525370440242732353e-03
2.569999933242797852e+00 2.627858974890083001e-03 3.411300493292300159e-03
2.579999923706054688e+00 2.520157580673297506e-03 3.297975101663792267e-03
2.589999914169311523e+00 2.414436428424093783e-03 3.185555413940590209e-03
2.599999904632568359e+00 2.310784624292514574e-03 3.074192692282732339e-03
2.609999895095825195e+00 2.209282409821820056e-03 2.964028508712120667e-03
2.619999885559082031e+00 2.110001457674440684e-03 2.855194951233042556e-03
2.629999876022338867e+00 2.013005170340606206e-03 2.747814838896411871e-03
2.639999866485595703e+00 1.918348981042259640e-03 2.642001944939796707e-03
2.649999856948852539e+00 1.826080656078839150e-03 2.537861227159457240e-03
2.659999847412109375e+00 1.736240597895017789e-03 2.435489064695201770e-03
2.669999837875366211e+00 1.648862148184634122e-03 2.334973500434626200e-03
2.679999828338623047e+00 1.563971890378426308e-03 2.236394488268865499e-03
2.690000057220458984e+00 1.481588016781517844e-03 2.139821866513169895e-03
2.700000047683715820e+00 1.401728424722073138e-03 2.045324774588265764e-03
2.710000038146972656e+00 1.324399228278235049e-03 1.952958093677253319e-03
2.720000028610229492e+00 1.249602969290081189e-03 1.862771965716905793e-03
2.730000019073486328e+00 1.177336914034943834e-03 1.774809727690230361e-03
2.740000009536743164e+00 1.107593340173361951e-03 1.689108173359620641e-03
2.750000000000000000e+00 1.040359819431739292e-03 1.605697815227011445e-03
2.759999990463256836e+00 9.756194956268100446e-04 1.524603146169060605e-03
2.769999980926513672e+00 9.133513576668458650e-04 1.445842900222481329e-03
2.779999971389770508e+00 8.535305071939426830e-04 1.369430312021685005e-03
2.789999961853027344e+00 7.961284205600985785e-04 1.295373374417519395e-03
2.799999952316284180e+00 7.411132048576581305e-04 1.223675093832482172e-03
2.809999942779541016e+00 6.884498477518534660e-04 1.154333742933826880e-03
2.819999933242797852e+00 6.381004608892850219e-04 1.087343110231879777e-03
2.829999923706054688e+00 5.900245166818672950e-04 1.022692746236328332e-03
2.839999914169311523e+00 5.441790782902996941e-04 9.603682058281383513e-04
2.849999904632568359e+00 5.005190226550288368e-04 9.003512865294551913e-04
2.859999895095825195e+00 4.589972564457069516e-04 8.426202623778259338e-04
2.869999885559082031e+00 4.195649248221607844e-04 7.871501131345564348e-04
2.879999876022338867e+00 3.821716129213776031e-04 7.339127485801881555e-04
2.889999866485595703e+00 3.467655400051841957e-04 6.828772276723302356e-04
2.899999856948852539e+00 3.132937462230653519e-04 6.340099723629967010e-04
2.909999847412109375e+00 2.817022719630504356e-04 5.872749758938816981e-04
2.919999837875366211e+00 2.519363297815267072e-04 5.426340054084496847e-04
2.929999828338623047e+00 2.239404689196962319e-04 5.000467987398592769e-04
2.939999818801879883e+00 1.976587324304629023e-04 4.594712552528865145e-04
2.950000047683715820e+00 1.730342391882217976e-04 4.208627232612618453e-04
2.960000038146972656e+00 1.500116349370822651e-04 3.841778134785243741e-04
2.970000028610229492e+00 1.285337070823794749e-04 3.493690502266623833e-04
2.980000019073486328e+00 1.085438990652515625e-04 3.163887652341816517e-04
2.990000009536743164e+00 8.998582478284668847e-05 2.851883137894946265e-04
3.000000000000000000e+00 7.280338267041128273e-05 2.557182283456909278e-04
3.009999990463256836e+00 5.694086293957365994e-05 2.279283658105509219e-04
3.019999980926513672e+00 4.234304809517189244e-05 2.017680485300011272e-04
3.029999971389770508e+00 2.895530686176950126e-05 1.771861989862459586e-04
3.039999961853027344e+00 1.672368165907998038e-05 1.541314682443847318e-04
3.049999952316284180e+00 5.594969772768351043e-06 1.325523581929978598e-04
3.059999942779541016e+00 -4.483201626202351392e-06 1.123973376353525798e-04
3.069999933242797852e+00 -1.356230645461217322e-05 9.361495229830053431e-05
3.079999923706054688e+00 -2.169285651806108494e-05 7.615392883569741640e-05
3.089999914169311523e+00 -2.892434397103437740e-05 5.996327291239452150e-05
3.099999904632568359e+00 -3.530518926294667935e-05 4.499236146321886591e-05
3.109999895095825195e+00 -4.088269439367247832e-05 3.119102922940637768e-05
3.119999885559082031e+00 -4.570300129920642183e-05 1.850964968208652209e-05
3.129999876022338867e+00 -4.981105518583745493e-05 6.899210449160795703e-06
3.139999866485595703e+00 -5.325057262940275765e-05 -3.688616632008292363e-06
3.149999856948852539e+00 -5.606401425492391218e-05 -1.330141070815992206e-05
3.159999847412109375e+00 -5.829256181119834922e-05 -2.198594221705409745e-05
3.169999837875366211e+00 -5.997609945453427182e-05 -2.978811817041120393e-05
3.179999828338623047e+00 -6.115319905600568955e-05 -3.675293227161131887e-05
3.189999818801879883e+00 -6.186110934714297643e-05 -4.292441972355008254e-05
3.199999809265136719e+00 -6.213574871990690186e-05 -4.834561657905399345e-05
3.210000038146972656e+00 -6.201169405471092006e-05 -5.305862773224800352e-05
3.220000028610229492e+00 -6.152220172913003488e-05 -5.710416247701938827e-05
3.230000019073486328e+00 -6.069919135620880149e-05 -6.052217929953462524e-05
3.240000009536743164e+00 -5.957325466329000855e-05 -6.335139669266516387e-05
3.250000000000000000e+00 -5.817366552036506815e-05 -6.562939357920268078e-05
3.259999990463256836e+00 -5.652839089722515683e-05 -6.739259271325078880e-05
3.269999980926513672e+00 -5.466410424163003438e-05 -6.867624754714520821e-05
3.279999971389770508e+00 -5.260620111378885502e-05 -6.951443240852895808e-05
3.289999961853027344e+00 -5.037881691600064999e-05 -6.994003583289081091e-05
3.299999952316284180e+00 -4.800484656012085573e-05 -6.998475689791675155e-05
3.309999942779541016e+00 -4.550596591942146572e-05 -6.967910440724370963e-05
3.319999933242797852e+00 -4.290265491559129855e-05 -6.905239877285188641e-05
3.329999923706054688e+00 -4.021422209577252336e-05 -6.813277644708260427e-05
3.339999914169311523e+00 -3.745883055895147515e-05 -6.694719675739510697e-05
3.349999904632568359e+00 -3.465352509548620495e-05 -6.552145099926011201e-05
3.359999895095825195e+00 -3.181426040801552867e-05 -6.388017364505790526e-05
3.369999885559082031e+00 -2.895593028672727010e-05 -6.204685552959768129e-05
3.379999876022338867e+00 -2.609239761653125999e-05 -6.004385887571704849e-05
3.389999866485595703e+00 -2.323652509844710760e-05 -5.789243402642233345e-05
3.399999856948852539e+00 -2.040020657224166407e-05 -5.561273775330841102e-05
3.409999847412109375e+00 -1.759439883206585136e-05 -5.322385301414237570e-05
3.419999837875366211e+00 -1.482915383164576369e-05 -5.074381003610136509e-05
3.429999828338623047e+00 -1.211365118027787942e-05 -4.818960860454107414e-05
3.439999818801879883e+00 -9.456230835604341415e-06 -4.557724144085050833e-05
3.449999809265136719e+00 -6.864425903855960171e-06 -4.292171855665838620e-05
3.460000038146972656e+00 -4.344936306931554860e-06 -4.023702822795556446e-05
3.470000028610229492e+00 -1.903900106733205334e-06 -3.753641973639877623e-05
3.480000019073486328e+00 4.534344842987884016e-07 -3.483204550577483587e-05
3.490000009536743164e+00 2.722434498168481171e-06 -3.213524402169205699e-05
3.500000000000000000e+00 4.899111009338215856e-06 -2.945650379556037440e-05
3.509999990463256836e+00 6.980087309806213486e-06 -2.680549142223424003e-05
3.519999980926513672e+00 8.962567475424217212e-06 -2.419107993203925826e-05
3.529999971389770508e+00 1.084430537748478406e-05 -2.162137735535666388e-05
3.539999961853027344e+00 1.262357418961018306e-05 -1.910375542175585316e-05
3.549999952316284180e+00 1.429913643590626867e-05 -1.664487831967400561e-05
3.559999942779541016e+00 1.587021462264010026e-05 -1.425073144632264981e-05
3.569999933242797852e+00 1.733646249189964083e-05 -1.192665008137222965e-05
3.579999923706054688e+00 1.869793693204481724e-05 -9.677347921731783268e-06
3.589999914169311523e+00 1.995507057635697161e-05 -7.506945418323277191e-06
3.599999904632568359e+00 2.110864511775707792e-05 -5.418997859542374765e-06
3.609999895095825195e+00 2.215976536430169972e-05 -3.416523149532538757e-06
3.619999885559082031e+00 2.310983405693099518e-05 -1.502029232983547901e-06
3.629999876022338867e+00 2.396052746792764356e-05 3.224588784029610453e-07
3.639999866485595703e+00 2.471377179561285109e-05 2.055372519342214645e-06
3.649999856948852539e+00 2.537172036799189971e-05 3.695573262480346480e-06
3.659999847412109375e+00 2.593673166538662669e-05 5.242327323072181490e-06
3.669999837875366211e+00 2.641134816952045474e-05 6.695280508745319642e-06
3.679999828338623047e+00 2.679827604403250114e-05 8.054433743244491427e-06
3.689999818801879883e+00 2.710036564917151568e-05 9.320119190205215199e-06
3.699999809265136719e+00 2.732059289106558781e-05 1.049297700003451633e-05
3.709999799728393555e+00 2.746204140397806405e-05 1.157393270035500663e-05
3.720000028610229492e+00 2.752788625620020515e-05 1.256419778654478887e-05
3.730000019073486328e+00 2.752137332273653416e-05 1.346515618524553711e-05
3.740000009536743164e+00 2.744581324003819996e-05 1.427848527579170117e-05
3.750000000000000000e+00 2.730455887345971914e-05 1.500603944404601287e-05
3.759999990463256836e+00 2.710099403307989984e-05 1.564985559316470220e-05
3.769999980926513672e+00 2.683852051681764268e-05 1.621213468296105246e-05
3.779999971389770508e+00 2.652054592603656511e-05 1.669522398724500992e-05
3.789999961853027344e+00 2.615047223932815958e-05 1.710160007119469034e-05
3.799999952316284180e+00 2.573168512901679434e-05 1.743385248895058324e-05
3.809999942779541016e+00 2.526754400394350616e-05 1.769466819988199562e-05
3.819999933242797852e+00 2.476137276118000507e-05 1.788681670033153337e-05
3.829999923706054688e+00 2.421645122848998383e-05 1.801313586608214339e-05
3.839999914169311523e+00 2.363600727864415742e-05 1.807651849932209861e-05
3.849999904632568359e+00 2.302320959606167389e-05 1.807989957254683519e-05
3.859999895095825195e+00 2.238116107569312923e-05 1.802624416053222932e-05
3.869999885559082031e+00 2.171289283359240620e-05 1.791853605034836322e-05
3.879999876022338867e+00 2.102135880825446786e-05 1.775976701829453134e-05
3.889999866485595703e+00 2.030943093145811477e-05 1.755292676160714738e-05
3.899999856948852539e+00 1.957989484714206096e-05 1.730099347190292247e-05
3.909999847412109375e+00 1.883544615665359544e-05 1.700692503643967907e-05
3.919999837875366211e+00 1.807868716861877562e-05 1.667365085255779336e-05
3.929999828338623047e+00 1.731212413163399759e-05 1.630406423994807622e-05
3.939999818801879883e+00 1.653816492801240919e-05 1.590101543480776171e-05
3.949999809265136719e+00 1.575911720687027677e-05 1.546730514939769304e-05
3.959999799728393555e+00 1.497718693499787911e-05 1.500567868005548989e-05
3.970000028610229492e+00 1.419445868963354398e-05 1.451880865885745535e-05
3.980000019073486328e+00 1.341296965086373725e-05 1.400933724752817499e-05
3.990000009536743164e+00 1.263459723921364877e-05 1.347980204600528305e-05
4.000000000000000000e+00 1.186113380982789674e-05 1.293267812059135955e-05
4.009999752044677734e+00 1.109428650820388972e-05 1.237037684004255072e-05
4.019999980926513672e+00 1.033558692722703987e-05 1.179517505467882966e-05
4.029999732971191406e+00 9.586591650459818433e-06 1.120936231158099256e-05
4.039999961853027344e+00 8.848612820650977637e-06 1.061503262971771018e-05
4.049999713897705078e+00 8.123004940428684762e-06 1.001430573261686871e-05
4.059999942779541016e+00 7.410885248616701306e-06 9.409099396205707218e-06
4.069999694824218750e+00 6.713412061566473174e-06 8.801357125073871787e-06
4.079999923706054688e+00 6.031515354397730443e-06 8.192816990832495054e-06
4.089999675750732422e+00 5.366164761739298763e-06 7.585242667393310967e-06
4.099999904632568359e+00 4.718111963732340525e-06 6.980191564984243808e-06
4.110000133514404297e+00 4.088117159792219718e-06 6.379217878298655031e-06
4.119999885559082031e+00 3.476852574083947558e-06 5.783785227266466707e-06
4.130000114440917969e+00 2.884821543052261303e-06 5.195183017415664851e-06
4.139999866485595703e+00 2.312563008513466458e-06 4.614725259033148937e-06
4.150000095367431641e+00 1.760428620185337974e-06 4.043527426676671412e-06
4.159999847412109375e+00 1.228803847150188759e-06 3.482728934764373387e-06
4.170000076293945312e+00 7.179003847441304676e-07 2.933276972922455983e-06
4.179999828338623047e+00 2.279618918484505248e-07 2.396141864789297964e-06
4.190000057220458984e+00 -2.409278329116471595e-07 1.872109476965316762e-06
4.199999809265136719e+00 -6.886549366329235331e-07 1.361987874120597480e-06
4.210000038146972656e+00 -1.115251307518321709e-06 8.664096482975090276e-07
4.219999790191650391e+00 -1.520720726105735666e-06 3.860285361856873630e-07
4.230000019073486328e+00 -1.905198560657013233e-06 -7.866722439473231301e-08
4.239999771118164062e+00 -2.268794040162320067e-06 -5.271694079849428229e-07
4.250000000000000000e+00 -2.611733947219178588e-06 -9.591245383474437289e-07
4.259999752044677734e+00 -2.934220900516753845e-06 -1.374160397503225796e-06
4.269999980926513672e+00 -3.236561293346456960e-06 -1.772048189964699519e-06
4.279999732971191406e+00 -3.519039323513590510e-06 -2.152541698159536957e-06
4.289999961853027344e+00 -3.782029558151595422e-06 -2.515526406832635676e-06
4.299999713897705078e+00 -4.025886317507193257e-06 -2.860871756835514607e-06
4.309999942779541016e+00 -4.251041361548188760e-06 -3.188566945849417457e-06
4.319999694824218750e+00 -4.457908120312493261e-06 -3.498586549337505854e-06
4.329999923706054688e+00 -4.646965095565053828e-06 -3.791012881293717812e-06
4.339999675750732422e+00 -4.818674333760058000e-06 -4.065915084019820978e-06
4.349999904632568359e+00 -4.973551217365650231e-06 -4.323458084132453270e-06
4.360000133514404297e+00 -5.112102721922211953e-06 -4.563806155668147024e-06
4.369999885559082031e+00 -5.234853209160208283e-06 -4.787163373311267350e-06
4.380000114440917969e+00 -5.342356295682390331e-06 -4.993799353239812847e-06
4.389999866485595703e+00 -5.435153584027202720e-06 -5.183974202272285577e-06
4.400000095367431641e+00 -5.513813775987001053e-06 -5.358014966844508433e-06
4.409999847412109375e+00 -5.578895217589737347e-06 -5.516240630236292563e-06
4.420000076293945312e+00 -5.630974188479782253e-06 -5.659026244917495353e-06
4.429999828338623047e+00 -5.670618194040059687e-06 -5.786740218728815945e-06
4.440000057220458984e+00 -5.698404293392884110e-06 -5.899796654148094997e-06
4.449999809265136719e+00 -5.714902271365228319e-06 -5.998604389992360276e-06
4.460000038146972656e+00 -5.720683875824557118e-06 -6.083608139253805440e-06
4.469999790191650391e+00 -5.716314995058454683e-06 -6.155248685915566652e-06
4.480000019073486328e+00 -5.702356673382779785e-06 -6.213993467793193252e-06
4.489999771118164062e+00 -5.679365422239086408e-06 -6.260307274372906186e-06
4.500000000000000000e+00 -5.647886872437903733e-06 -6.294672963439750203e-06
4.509999752044677734e+00 -5.608463358805032846e-06 -6.317571964632283653e-06
4.519999980926513672e+00 -5.561621049051580761e-06 -6.329495849354073115e-06
4.529999732971191406e+00 -5.507883961083495399e-06 -6.330935915134943964e-06
4.539999961853027344e+00 -5.447755383351018288e-06 -6.322386348306657106e-06
4.549999713897705078e+00 -5.381737509978672115e-06 -6.304342145404315748e-06
4.559999942779541016e+00 -5.310307936487572275e-06 -6.277294618195638968e-06
4.569999694824218750e+00 -5.233944129696547668e-06 -6.241736899312730507e-06
4.579999923706054688e+00 -5.153095746908898831e-06 -6.198152540430306720e-06
4.589999675750732422e+00 -5.068213194136728301e-06 -6.147027849148332714e-06
4.599999904632568359e+00 -4.979716477070089750e-06 -6.088834324310685376e-06
4.610000133514404297e+00 -4.888022699610897851e-06 -6.024043839629833945e-06
4.619999885559082031e+00 -4.793534322265843539e-06 -5.953121842685233611e-06
4.630000114440917969e+00 -4.696624729615726335e-06 -5.876514959412667814e-06
4.639999866485595703e+00 -4.597669879511413658e-06 -5.794674572693101076e-06
4.650000095367431641e+00 -4.497011295488313957e-06 -5.708026999392156375e-06
4.659999847412109375e+00 -4.394993665564081224e-06 -5.617003979839124094e-06
4.670000076293945312e+00 -4.291926494288834118e-06 -5.522009148120597552e-06
4.679999828338623047e+00 -4.188122968812707854e-06 -5.423452153787730698e-06
4.690000057220458984e+00 -4.083860772042051358e-06 -5.321712063629193482e-06
4.699999809265136719e+00 -3.979421719080055708e-06 -5.217174479602274372e-06
4.710000038146972656e+00 -3.875052184768489854e-06 -5.110192475000297864e-06
4.719999790191650391e+00 -3.771003062007477046e-06 -5.001126108421933064e-06
4.730000019073486328e+00 -3.667490209238840835e-06 -4.890301459351248365e-06
4.739999771118164062e+00 -3.564734329970294722e-06 -4.778051976290988330e-06
4.750000000000000000e+00 -3.462921798943035661e-06 -4.664676136913199174e-06
4.759999752044677734e+00 -3.362244109030638445e-06 -4.550480108694881414e-06
4.769999980926513672e+00 -3.262859389301325290e-06 -4.435734517603788275e-06
4.779999732971191406e+00 -3.164931110918149789e-06 -4.320717940994104388e-06
4.789999961853027344e+00 -3.068590566428406414e-06 -4.205673226874550819e-06
4.799999713897705078e+00 -2.973974570044360070e-06 -4.090851380932559032e-06
4.809999942779541016e+00 -2.881189125530156104e-06 -3.976467836247440945e-06
4.819999694824218750e+00 -2.790345897986855787e-06 -3.862746338582959037e-06
4.829999923706054688e+00 -2.701527257974723138e-06 -3.749875524507977968e-06
4.839999675750732422e+00 -2.614821341400914410e-06 -3.638052451016536988e-06
4.849999904632568359e+00 -2.530288620170714784e-06 -3.527439798803577664e-06
4.859999656677246094e+00 -2.447995403857625151e-06 -3.418208733478242389e-06
4.869999885559082031e+00 -2.367982052362872870e-06 -3.310497010557588936e-06
4.880000114440917969e+00 -2.290291158916679194e-06 -3.204445880455827142e-06
4.889999866485595703e+00 -2.214955731264690598e-06 -3.100184408910251423e-06
4.900000095367431641e+00 -2.141989364525621585e-06 -2.997815235968513790e-06
4.909999847412109375e+00 -2.071411556979382028e-06 -2.897449484168655618e-06
4.920000076293945312e+00 -2.003220328807943422e-06 -2.799168077318591065e-06
4.929999828338623047e+00 -1.937419591734950893e-06 -2.703060365112913422e-06
4.940000057220458984e+00 -1.873993578798247419e-06 -2.609187017408818505e-06
4.949999809265136719e+00 -1.812932385534051618e-06 -2.517617046870985390e-06
4.960000038146972656e+00 -1.754208203224615432e-06 -2.428392395058775571e-06
4.969999790191650391e+00 -1.697799041644554894e-06 -2.341563240097275181e-06
4.980000019073486328e+00 -1.643666738380987663e-06 -2.257154361008552176e-06
4.989999771118164062e+00 -1.591778892819413778e-06 -2.175198647142578315e-06
5.000000000000000000e+00 -1.542088606892969224e-06 -2.095705299615182199e-06
5.009999752044677734e+00 -1.494554677028863572e-06 -2.018691486613738550e-06
5.019999980926513672e+00 -1.449123006993615646e-06 -1.944152415647826283e-06
5.029999732971191406e+00 -1.405745119051755011e-06 -1.872091103821710746e-06
5.039999961853027344e+00 -1.364361167280683922e-06 -1.802490331851038644e-06
5.049999713897705078e+00 -1.324916841343452389e-06 -1.735340520974645403e-06
5.059999942779541016e+00 -1.287347898631092321e-06 -1.670613559315602459e-06
5.069999694824218750e+00 -1.251595543926627617e-06 -1.608288797300068662e-06
5.079999923706054688e+00 -1.217592390844938367e-06 -1.548328718919504507e-06
5.089999675750732422e+00 -1.185276408422956667e-06 -1.490703085363126461e-06
5.099999904632568359e+00 -1.154578216413860821e-06 -1.435366408005966250e-06
5.109999656677246094e+00 -1.125433695605778902e-06 -1.382280285500826271e-06
5.119999885559082031e+00 -1.097772517451180398e-06 -1.331392621816874436e-06
5.130000114440917969e+00 -1.071528300148158544e-06 -1.282655941894615201e-06
5.139999866485595703e+00 -1.046634364139326541e-06 -1.236019653899365539e-06
5.150000095367431641e+00 -1.023020690905796784e-06 -1.191424146993636207e-06
5.159999847412109375e+00 -1.000622283935020869e-06 -1.148816413540863833e-06
5.170000076293945312e+00 -9.793703366981102239e-07 -1.108133312137723488e-06
5.179999828338623047e+00 -9.592009702466381912e-07 -1.069318111235159030e-06
5.190000057220458984e+00 -9.400472777795928978e-07 -1.032305222257187939e-06
5.199999809265136719e+00 -9.218471873274683102e-07 -9.970352751448429506e-07
5.210000038146972656e+00 -9.045362834289939064e-07 -9.634412288445606807e-07
5.219999790191650391e+00 -8.880548948021406042e-07 -9.314620724531666001e-07
5.230000019073486328e+00 -8.723415968084326043e-07 -9.010302171049877836e-07
5.239999771118164062e+00 -8.573396206623007499e-07 -8.720839194395201947e-07
5.250000000000000000e+00 -8.429909443763293168e-07 -8.445558571451752992e-07
5.259999752044677734e+00 -8.292421158526098405e-07 -8.183843730349968944e-07
5.269999980926513672e+00 -8.160388447334628580e-07 -7.935031360621661290e-07
5.279999732971191406e+00 -8.033313268481239522e-07 -7.698513045758993886e-07
5.289999961853027344e+00 -7.910692546677995012e-07 -7.473641753275679636e-07
5.299999713897705078e+00 -7.792067251473403544e-07 -7.259823635915640933e-07
5.309999942779541016e+00 -7.676975922569670575e-07 -7.056433444813846709e-07
5.319999694824218750e+00 -7.565000343819521388e-07 -6.862897456812611494e-07
5.329999923706054688e+00 -7.455721784856734301e-07 -6.678616880778296570e-07
5.339999675750732422e+00 -7.348763970707209840e-07 -6.503042840489179747e-07
5.349999904632568359e+00 -7.243751398649589447e-07 -6.335606879058714233e-07
5.359999656677246094e+00 -7.140350239459989584e-07 -6.175788890780887037e-07
5.369999885559082031e+00 -7.038228153295089513e-07 -6.023053870340883050e-07
5.380000114440917969e+00 -6.937088890019771627e-07 -5.876906825307514562e-07
5.389999866485595703e+00 -6.836657111537203195e-07 -5.736869060803133847e-07
5.400000095367431641e+00 -6.736664006407869763e-07 -5.602460039085062150e-07
5.409999847412109375e+00 -6.636880478869599019e-07 -5.473243854079219402e-07
5.420000076293945312e+00 -6.537078618528752692e-07 -5.348778178605194636e-07
5.429999828338623047e+00 -6.437069434085660905e-07 -5.228663897397914292e-07
5.440000057220458984e+00 -6.336664315224911680e-07 -5.112497709248334411e-07
5.449999809265136719e+00 -6.235712760686998126e-07 -4.999918139225816469e-07
5.460000038146972656e+00 -6.134063542412675883e-07 -4.890561181781907048e-07
5.469999790191650391e+00 -6.031602715298607053e-07 -4.784103303190156232e-07
5.480000019073486328e+00 -5.928214251873731821e-07 -4.680219570362131300e-07
5.489999771118164062e+00 -5.823818563506059558e-07 -4.578624195818122526e-07
5.500000000000000000e+00 -5.718332429228621561e-07 -4.479030656000440507e-07
5.509999752044677734e+00 -5.611708203909357203e-07 -4.381190272594262062e-07
5.519999980926513672e+00 -5.503892916297069141e-07 -4.284853882116764382e-07
5.529999732971191406e+00 -5.394868288931746999e-07 -4.189808889634491577e-07
5.539999961853027344e+00 -5.284608928347884657e-07 -4.095842108453086173e-07
5.549999713897705078e+00 -5.173123234257248216e-07 -4.002775665468528285e-07
5.559999942779541016e+00 -5.060410648575678058e-07 -3.910430684914359146e-07
5.569999694824218750e+00 -4.946503488307709642e-07 -3.818662369883270645e-07
5.579999923706054688e+00 -4.831423259478896769e-07 -3.727324256747752302e-07
5.589999675750732422e+00 -4.715223408991783017e-07 -3.636302744855951699e-07
5.599999904632568359e+00 -4.597944744761114955e-07 -3.545481698314430250e-07
5.609999656677246094e+00 -4.479659066817959097e-07 -3.454776645988195675e-07
5.619999885559082031e+00 -4.360423765778070937e-07 -3.364099554288566210e-07
5.629999637603759766e+00 -4.240326262591928917e-07 -3.273392872723482234e-07
5.639999866485595703e+00 -4.119437884159635318e-07 -3.182594345072734777e-07
5.650000095367431641e+00 -3.997853201753586624e-07 -3.091666692778569776e-07
5.659999847412109375e+00 -3.875672368048923183e-07 -3.000584068458342265e-07
5.670000076293945312e+00 -3.752982872900405045e-07 -2.909318398139199667e-07
5.679999828338623047e+00 -3.629899784070029008e-07 -2.817869202408206601e-07
5.690000057220458984e+00 -3.506518385535499311e-07 -2.726228178227677462e-07
5.699999809265136719e+00 -3.382960541829170144e-07 -2.634413485263484983e-07
5.710000038146972656e+00 -3.259327110402083313e-07 -2.542434194752186171e-07
5.719999790191650391e+00 -3.135744523631478245e-07 -2.450324720648829206e-07
5.730000019073486328e+00 -3.012317145023139124e-07 -2.358109155366236178e-07
5.739999771118164062e+00 -2.889173899631791378e-07 -2.265835824974089065e-07
5.750000000000000000e+00 -2.766420749913959227e-07 -2.173541555411425445e-07
5.759999752044677734e+00 -2.644187199240024010e-07 -2.081286307275578432e-07
5.769999980926513672e+00 -2.522579066357199168e-07 -1.989117436525828713e-07
5.779999732971191406e+00 -2.401724683457729494e-07 -1.897104344013297778e-07
5.789999961853027344e+00 -2.281728148756639592e-07 -1.805302811863240107e-07
5.799999713897705078e+00 -2.162715040319694255e-07 -1.713789586063501983e-07
5.809999942779541016e+00 -2.044786324144825787e-07 -1.622626883420219597e-07
5.819999694824218750e+00 -1.928063407346116395e-07 -1.531896812098617481e-07
5.829999923706054688e+00 -1.812642874856513794e-07 -1.441666154743756698e-07
5.839999675750732422e+00 -1.698640710211363417e-07 -1.352020521482713426e-07
5.849999904632568359e+00 -1.586148027679310195e-07 -1.263029522558744663e-07
5.859999656677246094e+00 -1.475274295730176193e-07 -1.174780541009790449e-07
5.869999885559082031e+00 -1.366104223297640869e-07 -1.087344413145720598e-07
5.879999637603759766e+00 -1.258739829455201087e-07 -1.000808703387185225e-07
5.889999866485595703e+00 -1.153258633079565784e-07 -9.152440135941944402e-08
5.900000095367431641e+00 -1.049749535013687940e-07 -8.307326369932730876e-08
5.909999847412109375e+00 -9.482968858087897184e-08 -7.473556343553348026e-08
5.920000076293945312e+00 -8.489662625807905644e-08 -6.651808322020886991e-08
5.929999828338623047e+00 -7.518379635026167085e-08 -5.842902267836207907e-08
5.940000057220458984e+00 -6.569690341794512908e-08 -5.047483904504965770e-08
5.949999809265136719e+00 -5.644302231952720316e-08 -4.266330682624703124e-08
5.960000038146972656e+00 -4.742697410982262928e-08 -3.500046243046617789e-08
5.969999790191650391e+00 -3.865484990539663998e-08 -2.749356167622149435e-08
5.980000019073486328e+00 -3.013056929169198020e-08 -2.014813904544516137e-08
5.989999771118164062e+00 -2.185922364537477664e-08 -1.297085266126600075e-08
6.000000000000000000e+00 -1.384382484777240195e-08 -5.966668005612134063e-09
6.009999752044677734e+00 -6.088460635685886914e-09 8.584192364153026400e-10
6.019999980926513672e+00 1.404760033245540271e-09 7.500066027270107139e-09
6.029999732971191406e+00 8.632745605497804901e-09 1.395299000294051232e-08
6.039999961853027344e+00 1.559427503503560098e-08 2.021351090455409198e-08
6.049999713897705078e+00 2.228723494978959927e-08 2.627709723575569479e-08
6.059999942779541016e+00 2.871126781545744881e-08 3.214075936170850827e-08
6.069999694824218750e+00 3.486521079667796578e-08 3.780074152037937196e-08
6.079999923706054688e+00 4.074953699847494919e-08 4.325476078052473630e-08
6.089999675750732422e+00 4.636399779775460176e-08 4.849985004658274503e-08
6.099999904632568359e+00 5.170985657802207757e-08 5.353443822833933238e-08
6.109999656677246094e+00 5.678773497316535128e-08 5.835634875871562929e-08
6.119999885559082031e+00 6.159963982766852646e-08 6.296471747562247379e-08
6.129999637603759766e+00 6.614701254303923529e-08 6.735815007076474707e-08
6.139999866485595703e+00 7.043255124316955891e-08 7.153647533075022133e-08
6.150000095367431641e+00 7.445864703476938747e-08 7.549924761584600068e-08
6.159999847412109375e+00 7.822807537441485861e-08 7.924641518350112865e-08
6.170000076293945312e+00 8.174446445417973762e-08 8.277880272101637429e-08
6.179999828338623047e+00 8.501105157068338494e-08 8.609687805423377338e-08
6.190000057220458984e+00 8.803200950834331271e-08 8.920209095924342770e-08
6.199999809265136719e+00 9.081118358378214204e-08 9.209559762938652139e-08
6.210000038146972656e+00 9.335322884642303929e-08 9.477943539196373623e-08
6.219999790191650391e+00 9.566253275373231849e-08 9.725540784639731558e-08
6.230000019073486328e+00 9.774416972760747831e-08 9.952609795555783440e-08
6.239999771118164062e+00 9.960300300656361155e-08 1.015939114234281418e-07
6.250000000000000000e+00 1.012444638207307497e-07 1.034619315317996086e-07
6.259999752044677734e+00 1.026738252459364767e-07 1.051331174348082765e-07
6.269999980926513672e+00 1.038968138857357525e-07 1.066110049473201416e-07
6.279999732971191406e+00 1.049190479058995928e-07 1.078990555841714325e-07
6.289999961853027344e+00 1.057464896474393607e-07 1.090012082786347020e-07
6.299999713897705078e+00 1.063850394754477247e-07 1.099213742269278711e-07
6.309999942779541016e+00 1.068408381782779013e-07 1.106638451967875890e-07
6.319999694824218750e+00 1.071200078103051830e-07 1.112329285421692767e-07
6.329999923706054688e+00 1.072288130810132322e-07 1.116332183784998764e-07
6.339999675750732422e+00 1.071735400057158607e-07 1.118693645097613858e-07
6.349999904632568359e+00 1.069605257442253670e-07 1.119462132749136160e-07
6.359999656677246094e+00 1.065961656120301809e-07 1.118687036054010648e-07
6.369999885559082031e+00 1.060868209918220572e-07 1.116418847876644783e-07
6.379999637603759766e+00 1.054389450739385592e-07 1.112709324119693854e-07
6.389999866485595703e+00 1.046588785744103029e-07 1.107610506823204070e-07
6.399999618530273438e+00 1.037530844661356276e-07 1.101176006407012522e-07
6.409999847412109375e+00 1.027278412600073617e-07 1.093458949458728955e-07
6.420000076293945312e+00 1.015895200992189688e-07 1.084513849780556426e-07
6.429999828338623047e+00 1.003444696967908313e-07 1.074395837083052400e-07
6.440000057220458984e+00 9.899880462132401394e-08 1.063158834416362649e-07
6.449999809265136719e+00 9.755882384958516351e-08 1.050858959009874853e-07
6.460000038146972656e+00 9.603049028355368677e-08 1.037550141882394699e-07
6.469999790191650391e+00 9.441997058125897418e-08 1.023288704561299098e-07
6.480000019073486328e+00 9.273304575154242828e-08 1.008128194381600150e-07
6.489999771118164062e+00 9.097571685876510363e-08 9.921247156925028208e-08
6.500000000000000000e+00 8.915355585736533892e-08 9.753310650791826892e-08
6.509999752044677734e+00 8.727236811699208519e-08 9.578027337941866689e-08
6.519999980926513672e+00 8.533749239301946572e-08 9.395914265592637963e-08
6.529999732971191406e+00 8.335451141738368435e-08 9.207516527951380378e-08
6.539999961853027344e+00 8.132850958720151982e-08 9.013337114429431214e-08
6.549999713897705078e+00 7.926482321056710522e-08 8.813907900032597667e-08
6.559999942779541016e+00 7.716826414708630315e-08 8.609714961290540854e-08
6.569999694824218750e+00 7.504390167178424423e-08 8.401273853789237985e-08
6.579999923706054688e+00 7.289625991462218571e-08 8.189051181098081776e-08
6.589999675750732422e+00 7.073012371301700393e-08 7.973543392436500527e-08
6.599999904632568359e+00 6.854971728153520381e-08 7.755195363404216511e-08
6.609999656677246094e+00 6.635952684778918332e-08 7.534481974198657728e-08
6.619999885559082031e+00 6.416346754248676767e-08 7.311824430182910491e-08
6.629999637603759766e+00 6.196571606256202811e-08 7.087673912863350661e-08
6.639999866485595703e+00 5.976987230254747394e-08 6.862426333513448244e-08
6.649999618530273438e+00 5.757979574892539015e-08 6.636507383383724510e-08
6.659999847412109375e+00 5.539876789338562138e-08 6.410286376194533219e-08
6.670000076293945312e+00 5.323022347893002000e-08 6.184151286435410475e-08
6.679999828338623047e+00 5.107743450620068739e-08 5.958476170156747979e-08
6.690000057220458984e+00 4.894320527641057365e-08 5.733588696308912823e-08
6.699999809265136719e+00 4.683058941497042961e-08 5.509845213601343379e-08
6.710000038146972656e+00 4.474207740935650402e-08 5.287544914678755680e-08
6.719999790191650391e+00 4.268040328902754864e-08 5.067015032080812837e-08
6.730000019073486328e+00 4.064775017064358261e-08 4.848526057360078295e-08
6.739999771118164062e+00 3.864653817876186341e-08 4.632375789354647485e-08
6.750000000000000000e+00 3.667865180470574308e-08 4.418806070373330054e-08
6.759999752044677734e+00 3.474620536420028636e-08 4.208085236643005673e-08
6.769999980926513672e+00 3.285079549384531316e-08 4.000426788160764217e-08
6.779999732971191406e+00 3.099424089644111017e-08 3.796069834340856551e-08
6.789999961853027344e+00 2.917786283528690708e-08 3.595200069231633433e-08
6.799999713897705078e+00 2.740319636530724805e-08 3.398027849248575398e-08
6.809999942779541016e+00 2.567130123741356649e-08 3.204711800685929292e-08
6.819999694824218750e+00 2.398344223872255035e-08 3.015434208864727506e-08
6.829999923706054688e+00 2.234043250843847385e-08 2.830327543057460433e-08
6.839999675750732422e+00 2.074328101706827911e-08 2.649546877841410705e-08
6.849999904632568359e+00 1.919256989473917970e-08 2.473199578356730409e-08
6.859999656677246094e+00 1.768906748041482192e-08 2.301414516756264509e-08
6.869999885559082031e+00 1.623314089183247894e-08 2.134275120587191830e-08
6.879999637603759766e+00 1.482533344591325792e-08 1.971885186669976014e-08
6.889999866485595703e+00 1.346581335625654154e-08 1.814305457362672253e-08
6.899999618530273438e+00 1.215491468550593245e-08 1.661615873557871301e-08
6.909999847412109375e+00 1.089262273169621194e-08 1.513855806605841425e-08
6.920000076293945312e+00 9.679021289935447340e-09 1.371075939342593466e-08
6.929999828338623047e+00 8.514098549780593804e-09 1.233315693352827626e-08
6.940000057220458984e+00 7.397594704372167497e-09 1.100584930665596937e-08
6.949999809265136719e+00 6.329388791438479478e-09 9.729096816808000734e-09
6.960000038146972656e+00 5.309076441208250618e-09 8.502818619057233990e-09
6.969999790191650391e+00 4.336381081426995046e-09 7.327083228454952770e-09
6.980000019073486328e+00 3.410768219124324819e-09 6.201644199068376042e-09
6.989999771118164062e+00 2.531820114923778869e-09 5.126392141353802808e-09
7.000000000000000000e+00 1.698886034288360111e-09 4.100928827051808958e-09
7.009999752044677734e+00 9.114210585690157032e-10 3.124980894515435998e-09
7.019999980926513672e+00 1.686715458463079276e-10 2.198012042603885501e-09
7.029999732971191406e+00 -5.300210446836487018e-10 1.319598869068722434e-09
7.039999961853027344e+00 -1.185500427533721861e-09 4.890805753392840596e-10
7.049999713897705078e+00 -1.798525609640616989e-09 -2.941023959658954576e-10
7.059999942779541016e+00 -2.370017990220911808e-09 -1.030721918259683755e-09
7.069999694824218750e+00 -2.900824233248170701e-09 -1.721459877627554860e-09
7.079999923706054688e+00 -3.391931432285671933e-09 -2.367185968870735518e-09
7.089999675750732422e+00 -3.844261411621876182e-09 -2.968690668049877347e-09
7.099999904632568359e+00 -4.258855317800282062e-09 -3.526928414089070671e-09
7.109999656677246094e+00 -4.636697922284226757e-09 -4.042784645594301440e-09
7.119999885559082031e+00 -4.978873112063172280e-09 -4.517285672172225677e-09
7.129999637603759766e+00 -5.286416669871605319e-09 -4.951398414867106150e-09
7.139999866485595703e+00 -5.560444232454435445e-09 -5.346208413138274893e-09
7.149999618530273438e+00 -5.802030960665851656e-09 -5.702750796066527705e-09
7.159999847412109375e+00 -6.012313597336061739e-09 -6.022157975684728935e-09
7.170000076293945312e+00 -6.192403275649984513e-09 -6.305532952901826051e-09
7.179999828338623047e+00 -6.343423944957013592e-09 -6.554004995678965906e-09
7.190000057220458984e+00 -6.466524942833507398e-09 -6.768754449609294877e-09
7.199999809265136719e+00 -6.562831410098633477e-09 -6.950930859407317450e-09
7.210000038146972656e+00 -6.633489088708972371e-09 -7.101732273991911619e-09
7.219999790191650391e+00 -6.679624994611694700e-09 -7.222332686008297273e-09
7.230000019073486328e+00 -6.702372372729039547e-09 -7.313937099668913496e-09
7.239999771118164062e+00 -6.702850691007741983e-09 -7.377732628712606132e-09
7.250000000000000000e+00 -6.682172505400255520e-09 -7.414921162770434738e-09
7.259999752044677734e+00 -6.641441073732787532e-09 -7.426692323205243106e-09
7.269999980926513672e+00 -6.581740868162058868e-09 -7.414235580207173575e-09
7.279999732971191406e+00 -6.504151136636766590e-09 -7.378733268839808161e-09
7.289999961853027344e+00 -6.409721753585995675e-09 -7.321353987284206758e-09
7.299999713897705078e+00 -6.299501088764526457e-09 -7.243263883489963496e-09
7.309999942779541016e+00 -6.174498847949091464e-09 -7.145603152630159710e-09
7.319999694824218750e+00 -6.035726644267023727e-09 -7.029513817778033346e-09
7.329999923706054688e+00 -5.884149415809761195e-09 -6.896101101025380674e-09
7.339999675750732422e+00 -5.720737150337571744e-09 -6.746475960135917197e-09
7.349999904632568359e+00 -5.546406399608029889e-09 -6.581703060331475376e-09
7.359999656677246094e+00 -5.362081655004841267e-09 -6.402856358673807661e-09
7.369999885559082031e+00 -5.168628410444585091e-09 -6.210955351974659611e-09
7.379999637603759766e+00 -4.966922751665248675e-09 -6.007032054176726824e-09
7.389999866485595703e+00 -4.757777330121740287e-09 -5.792057117612516400e-09
7.399999618530273438e+00 -4.542017801323412175e-09 -5.567016612127402313e-09
7.409999847412109375e+00 -4.320402993362374597e-09 -5.332829547303125616e-09
7.419999599456787109e+00 -4.093706897442053314e-09 -5.090432922076590552e-09
7.429999828338623047e+00 -3.862634231151703370e-09 -4.840692097735724189e-09
7.440000057220458984e+00 -3.627895493160519212e-09 -4.584480303151379427e-09
7.449999809265136719e+00 -3.390175387060511030e-09 -4.322645017210798987e-09
7.460000038146972656e+00 -3.150098148386345097e-09 -4.055968865488651793e-09
7.469999790191650391e+00 -2.908307334034344884e-09 -3.785257393865834354e-09
7.480000019073486328e+00 -2.665374588177079885e-09 -3.511237384891289235e-09
7.489999771118164062e+00 -2.421891987440706671e-09 -3.234659883218203619e-09
7.500000000000000000e+00 -2.178379764095526976e-09 -2.956195799565916803e-09
7.509999752044677734e+00 -1.935379353104236982e-09 -2.676541274723191387e-09
7.519999980926513672e+00 -1.693360917434688130e-09 -2.396311654633300908e-09
7.529999732971191406e+00 -1.452816246962276392e-09 -2.116148109204617901e-09
7.539999961853027344e+00 -1.214166857499544706e-09 -1.836610980145115967e-09
7.549999713897705078e+00 -9.778559744015560557e-10 -1.558286659990617717e-09
7.559999942779541016e+00 -7.442579100513123585e-10 -1.281681237558705261e-09
7.569999694824218750e+00 -5.137684431403320048e-10 -1.007326728166724558e-09
7.579999923706054688e+00 -2.867161121963181329e-10 -7.356758638257341669e-10
7.589999675750732422e+00 -6.345038313658857933e-11 -4.672068563819264294e-10
7.599999904632568359e+00 1.557445706749679914e-10 -2.023201003839790872e-10
7.609999656677246094e+00 3.705644445611377345e-10 5.855926272243390740e-11
7.619999885559082031e+00 5.807680294464718934e-10 3.150820374999965774e-10
7.629999637603759766e+00 7.860949895698036501e-10 5.668752556852685429e-10
7.639999866485595703e+00 9.863456539207625565e-10 8.136396497374578229e-10
7.649999618530273438e+00 1.181302385066575652e-09 1.055053344933687725e-09
7.659999847412109375e+00 1.370805555527875745e-09 1.290865573521965501e-09
7.669999599456787109e+00 1.554678830208500191e-09 1.520804263768359951e-09
7.679999828338623047e+00 1.732801012347432704e-09 1.744665530837609578e-09
7.690000057220458984e+00 1.905043571452517420e-09 1.962235794942496495e-09
7.699999809265136719e+00 2.071297749473490212e-09 2.173325552609428312e-09
7.710000038146972656e+00 2.231496598645882330e-09 2.377797722399195155e-09
7.719999790191650391e+00 2.385559692236791342e-09 2.575497435179421159e-09
7.730000019073486328e+00 2.533453672196522887e-09 2.766329427372828925e-09
7.739999771118164062e+00 2.675132907992249828e-09 2.950182036623014708e-09
7.750000000000000000e+00 2.810595294269456027e-09 3.126999329979895551e-09
7.759999752044677734e+00 2.939827563595109809e-09 3.296710302189032549e-09
7.769999980926513672e+00 3.062856287567074591e-09 3.459295597470961121e-09
7.779999732971191406e+00 3.179697873923527660e-09 3.614722029666684521e-09
7.789999961853027344e+00 3.290404777722382921e-09 3.763003822082682367e-09
7.799999713897705078e+00 3.395020171671208268e-09 3.904142513518896157e-09
7.809999942779541016e+00 3.493619422213287247e-09 4.038182700441003733e-09
7.819999694824218750e+00 3.586269385533901156e-09 4.165157344642492724e-09
7.829999923706054688e+00 3.673065245365211229e-09 4.285138055428739365e-09
7.839999675750732422e+00 3.754094353942361360e-09 4.398185769556022453e-09
7.849999904632568359e+00 3.829468566222982533e-09 4.504395660786966791e-09
7.859999656677246094e+00 3.899292513884500849e-09 4.603853120371066007e-09
7.869999885559082031e+00 3.963691600945972933e-09 4.696673422640110303e-09
7.879999637603759766e+00 4.022784573648857803e-09 4.782962898819668158e-09
7.889999866485595703e+00 4.076707366717124201e-09 4.862853522870351032e-09
7.899999618530273438e+00 4.125589808123366038e-09 4.936469137450806688e-09
7.909999847412109375e+00 4.169575523106266984e-09 5.003955152467646300e-09
7.919999599456787109e+00 4.208802593002838444e-09 5.065449653544868049e-09
7.929999828338623047e+00 4.243419737702079327e-09 5.121108429338256488e-09
7.940000057220458984e+00 4.273572063100286826e-09 5.171083015611115436e-09
7.949999809265136719e+00 4.299407081463785806e-09 5.215530034546154464e-09
7.960000038146972656e+00 4.321076941426303549e-09 5.254615694956195565e-09
7.969999790191650391e+00 4.338729834123524549e-09 5.288500994506700165e-09
7.980000019073486328e+00 4.352517870733840728e-09 5.317356108505707085e-09
7.989999771118164062e+00 4.362589936223166186e-09 5.341346911042468484e-09
8.000000000000000000e+00 4.369096644742182262e-09 5.360645544803444100e-09
8.010000228881835938e+00 4.372186235590203556e-09 5.375421397023745907e-09
8.019999504089355469e+00 4.372006572774864533e-09 5.385844711089761009e-09
8.029999732971191406e+00 4.368703971999891652e-09 5.392088529307958371e-09
8.039999961853027344e+00 4.362423134621051938e-09 5.394322430704547684e-09
8.050000190734863281e+00 4.353307213914826134e-09 5.392716613175312652e-09
8.059999465942382812e+00 4.341498795471630322e-09 5.387441108156715212e-09
8.069999694824218750e+00 4.327135021492721195e-09 5.378663181293990287e-09
8.079999923706054688e+00 4.310354275716751409e-09 5.366550165384483116e-09
8.090000152587890625e+00 4.291291842666055126e-09 5.351267588968352423e-09
8.099999427795410156e+00 4.270082962068856628e-09 5.332981214637475748e-09
8.109999656677246094e+00 4.246854473222552078e-09 5.311849613500671091e-09
8.119999885559082031e+00 4.221736916721505079e-09 5.288034501651138711e-09
8.130000114440917969e+00 4.194856581594083533e-09 5.261693888767877682e-09
8.139999389648437500e+00 4.166340168400328276e-09 5.232986387904272144e-09
8.149999618530273438e+00 4.136303695889507736e-09 5.202059897994480022e-09
8.159999847412109375e+00 4.104868774727697244e-09 5.169067915962885108e-09
8.170000076293945312e+00 4.072151802600801843e-09 5.134158654465417041e-09
8.179999351501464844e+00 4.038269815092900714e-09 5.097481105165619261e-09
8.189999580383300781e+00 4.003327362535863093e-09 5.059170730064029735e-09
8.199999809265136719e+00 3.967435822300679306e-09 5.019370320899834767e-09
8.210000038146972656e+00 3.930700471675890986e-09 4.978216006651137794e-09
8.220000267028808594e+00 3.893223558958688446e-09 4.935840513570103029e-09
8.229999542236328125e+00 3.855107854077945904e-09 4.892377200164297458e-09
8.239999771118164062e+00 3.816441929115026575e-09 4.847943211163789914e-09
8.250000000000000000e+00 3.777321866300796392e-09 4.802664209486317093e-09
8.260000228881835938e+00 3.737836650184242235e-09 4.756657729739015844e-09
8.269999504089355469e+00 3.698075462732279052e-09 4.710041595413200470e-09
8.279999732971191406e+00 3.658112377700172940e-09 4.662915931939989305e-09
8.289999961853027344e+00 3.618029024636461426e-09 4.615389725262892100e-09
8.300000190734863281e+00 3.577899346847331811e-09 4.567562963180374052e-09
8.309999465942382812e+00 3.537797125336408398e-09 4.519535534948239536e-09
8.319999694824218750e+00 3.497780618582390443e-09 4.471388798442439414e-09
8.329999923706054688e+00 3.457915474775049672e-09 4.423213005782998535e-09
8.340000152587890625e+00 3.418259396589672429e-09 4.375088940299108373e-09
8.349999427795410156e+00 3.378869704573782539e-09 4.327097029652023607e-09
8.359999656677246094e+00 3.339788349884939998e-09 4.279299044048362706e-09
8.369999885559082031e+00 3.301064499670222488e-09 4.231765589738466333e-09
8.380000114440917969e+00 3.262739539770832365e-09 4.184557825219117665e-09
8.389999389648437500e+00 3.224854519012859571e-09 4.137736561413308183e-09
8.399999618530273438e+00 3.187435842512613207e-09 4.091344530274126181e-09
8.409999847412109375e+00 3.150517082403385071e-09 4.045433304653579962e-09
8.420000076293945312e+00 3.114124625479508145e-09 4.000045535523508671e-09
8.429999351501464844e+00 3.078284863574153109e-09 3.955223846862124988e-09
8.439999580383300781e+00 3.043010753903677122e-09 3.910993972394557654e-09
8.449999809265136719e+00 3.008322525838783255e-09 3.867390609628562248e-09
8.460000038146972656e+00 2.974234159416947578e-09 3.824440477532197785e-09
8.470000267028808594e+00 2.940757045175159688e-09 3.782166845743545918e-09
8.479999542236328125e+00 2.907903308433687104e-09 3.740593701537915438e-09
8.489999771118164062e+00 2.875673558509491668e-09 3.699730197955365102e-09
8.500000000000000000e+00 2.844075913786291604e-09 3.659594691125911287e-09
8.510000228881835938e+00 2.813113628614764734e-09 3.620199056110066454e-09
8.519999504089355469e+00 2.782791332654436641e-09 3.581556575953026972e-09
8.529999732971191406e+00 2.753103729780373833e-09 3.543667505532825472e-09
8.539999961853027344e+00 2.724053145472487393e-09 3.506541411705201034e-09
8.550000190734863281e+00 2.695638079126579720e-09 3.470182571677534046e-09
8.559999465942382812e+00 2.667858913181184261e-09 3.434597252218139056e-09
8.569999694824218750e+00 2.640707525049365013e-09 3.399780390287376090e-09
8.579999923706054688e+00 2.614183315063755509e-09 3.365736122944126967e-09
8.590000152587890625e+00 2.588282661367853096e-09 3.332464284810776489e-09
8.599999427795410156e+00 2.563004074037753611e-09 3.299967028204543615e-09
8.609999656677246094e+00 2.538338684209404324e-09 3.268236605948499419e-09
8.619999885559082031e+00 2.514284763387580302e-09 3.237274053829167098e-09
8.630000114440917969e+00 2.490838056424397750e-09 3.207076785467859250e-09
8.639999389648437500e+00 2.467996390023117635e-09 3.177644546452632223e-09
8.649999618530273438e+00 2.445751017547151560e-09 3.148968287125664177e-09
8.659999847412109375e+00 2.424099676011762072e-09 3.121047016067695919e-09
8.670000076293945312e+00 2.403037788910729159e-09 3.093876496228754332e-09
8.679999351501464844e+00 2.382562561343755650e-09 3.067454556312438173e-09
8.689999580383300781e+00 2.362665178445345579e-09 3.041771054252784775e-09
8.699999809265136719e+00 2.343342469041394799e-09 3.016822959934992168e-09
8.710000038146972656e+00 2.324588983319992103e-09 2.992604162998826790e-09
8.720000267028808594e+00 2.306398913950877361e-09 2.969107980525746892e-09
8.729999542236328125e+00 2.288767694518484431e-09 2.946329249389449995e-09
8.739999771118164062e+00 2.271685270639611889e-09 2.924255657103687980e-09
8.750000000000000000e+00 2.255146138467344116e-09 2.902880733120917249e-09
8.760000228881835938e+00 2.239142521061858205e-09 2.882195052408647692e-09
8.769999504089355469e+00 2.223667493159110107e-09 2.862190289141958382e-09
8.779999732971191406e+00 2.208709100218601542e-09 2.842851626676221604e-09
8.789999961853027344e+00 2.194259197510991185e-09 2.824169193106635288e-09
8.800000190734863281e+00 2.180307492692464289e-09 2.806130366135935681e-09
8.809999465942382812e+00 2.166844314988461477e-09 2.788723355687288672e-09
8.819999694824218750e+00 2.153855545385360856e-09 2.771930648788036640e-09
8.829999923706054688e+00 2.141330349797627156e-09 2.755739005273045136e-09
8.840000152587890625e+00 2.129256040799690388e-09 2.740132808983295801e-09
8.849999427795410156e+00 2.117620526318688991e-09 2.725097225566957422e-09
8.859999656677246094e+00 2.106407975597115777e-09 2.710612593405982935e-09
8.869999885559082031e+00 2.095605546610265334e-09 2.696663106995750399e-09
8.880000114440917969e+00 2.085198984446209325e-09 2.683231117793722025e-09
8.889999389648437500e+00 2.075174773233102768e-09 2.670299901479595065e-09
8.899999618530273438e+00 2.065516435407218181e-09 2.657848873718098695e-09
8.909999847412109375e+00 2.056210354413123529e-09 2.645861090955547771e-09
8.920000076293945312e+00 2.047242004012453668e-09 2.634318375609586158e-09
8.929999351501464844e+00 2.038597818729732833e-09 2.623203716652155036e-09
8.939999580383300781e+00 2.030262009965321318e-09 2.612497169792598764e-09
8.949999809265136719e+00 2.022221588462804693e-09 2.602182309912912725e-09
8.960000038146972656e+00 2.014463108032575820e-09 2.592242039283982663e-09
8.970000267028808594e+00 2.006973568222000636e-09 2.582659746758523793e-09
8.979999542236328125e+00 1.999741145105089984e-09 2.573420240996199901e-09
8.989999771118164062e+00 1.992752499820821244e-09 2.564506315562631804e-09
9.000000000000000000e+00 1.985996947468682390e-09 2.555904078468486895e-09
9.010000228881835938e+00 1.979463694889947059e-09 2.547599427378478436e-09
9.019999504089355469e+00 1.973143143764824050e-09 2.539579715966599118e-09
9.029999732971191406e+00 1.967024496601354625e-09 2.531830725678684898e-09
9.039999961853027344e+00 1.961099357386399422e-09 2.524341243152232011e-09
9.050000190734863281e+00 1.955359275210294059e-09 2.517099951595263211e-09
9.059999465942382812e+00 1.949796844120825229e-09 2.510096831139098003e-09
9.069999694824218750e+00 1.944403552887397096e-09 2.503320462643176628e-09
9.079999923706054688e+00 1.939172914553427824e-09 2.496761977119260902e-09
9.090000152587890625e+00 1.934098269161995437e-09 2.490412296955420095e-09
9.099999427795410156e+00 1.929173721328411837e-09 2.484263319867831598e-09
9.109999656677246094e+00 1.924392208434551107e-09 2.478305514729786019e-09
9.119999885559082031e+00 1.919748248709332279e-09 2.472531358426110835e-09
9.130000114440917969e+00 1.915235979752323075e-09 2.466932889932314841e-09
9.139999389648437500e+00 1.910849979751701253e-09 2.461502734536551085e-09
9.149999618530273438e+00 1.906583542568229433e-09 2.456231970585780145e-09
9.159999847412109375e+00 1.902431126794708093e-09 2.451113161295418855e-09
9.170000076293945312e+00 1.898386617326142738e-09 2.446138199950121668e-09
9.179999351501464844e+00 1.894444075350854014e-09 2.441299231911589497e-09
9.189999580383300781e+00 1.890596205694573237e-09 2.436586770404691129e-09
9.199999809265136719e+00 1.886836584085694995e-09 2.431992425169660474e-09
9.210000038146972656e+00 1.883158124770123365e-09 2.427507015036964288e-09
9.220000267028808594e+00 1.879553453830134975e-09 2.423121020525391415e-09
9.229999542236328125e+00 1.876015245595813351e-09 2.418824985470068032e-09
9.239999771118164062e+00 1.872534892061688133e-09 2.414607895989982609e-09
9.250000000000000000e+00 1.869104549821647339e-09 2.410459659683626269e-09
9.260000228881835938e+00 1.865715817088942599e-09 2.406369492783308737e-09
9.269999504089355469e+00 1.862360434564064591e-09 2.402326763236538489e-09
9.279999732971191406e+00 1.859029058707087018e-09 2.398319509642831409e-09
9.289999961853027344e+00 1.855713237190197900e-09 2.394336818468182403e-09
9.300000190734863281e+00 1.852404188753476231e-09 2.390367351638793966e-09
9.309999465942382812e+00 1.849093508187732678e-09 2.386400193554484188e-09
9.319999694824218750e+00 1.845771972619330497e-09 2.382423422206985769e-09
9.329999923706054688e+00 1.842431506478579348e-09 2.378426466086628185e-09
9.340000152587890625e+00 1.839063990629924967e-09 2.374398680426677031e-09
9.349999427795410156e+00 1.835661974699465076e-09 2.370330204956116834e-09
9.359999656677246094e+00 1.832217442410579747e-09 2.366210493308722607e-09
9.369999885559082031e+00 1.828723819777469521e-09 2.362030721274279863e-09
9.380000114440917969e+00 1.825174739230535746e-09 2.357782316476534943e-09
9.389999389648437500e+00 1.821564759229213844e-09 2.353457827883020966e-09
9.399999618530273438e+00 1.817888024279148499e-09 2.349049328729716914e-09
9.409999847412109375e+00 1.814140363801393967e-09 2.344550939210273489e-09
9.420000076293945312e+00 1.810317947001727717e-09 2.339957224095821484e-09
9.429999351501464844e+00 1.806418014341375223e-09 2.335264079382414998e-09
9.439999580383300781e+00 1.802437388792955497e-09 2.330466948060545163e-09
9.449999809265136719e+00 1.798374702870424377e-09 2.325563507205784825e-09
9.460000038146972656e+00 1.794228904500253559e-09 2.320551877065457161e-09
9.469999313354492188e+00 1.790000009475934000e-09 2.315431535195989330e-09
9.479999542236328125e+00 1.785687448807925284e-09 2.310201319395836205e-09
9.489999771118164062e+00 1.781292449412425604e-09 2.304862313777996893e-09
9.500000000000000000e+00 1.776816380919428907e-09 2.299415850189541641e-09
9.510000228881835938e+00 1.772261104091443530e-09 2.293863930935083127e-09
9.519999504089355469e+00 1.767629357402397555e-09 2.288209701430663679e-09
9.529999732971191406e+00 1.762922922107778343e-09 2.282455208545130707e-09
9.539999961853027344e+00 1.758145209021597264e-09 2.276604556300695502e-09
9.550000190734863281e+00 1.753299434825694640e-09 2.270661677318529159e-09
9.559999465942382812e+00 1.748389465528918715e-09 2.264631361561584777e-09
9.569999694824218750e+00 1.743417874989814623e-09 2.258516866338633175e-09
9.579999923706054688e+00 1.738388694149226655e-09 2.252323287241580864e-09
9.590000152587890625e+00 1.733305486566944501e-09 2.246055189094845076e-09
9.599999427795410156e+00 1.728172253256280164e-09 2.239717713578103464e-09
9.609999656677246094e+00 1.722991422825855541e-09 2.233314090335369869e-09
9.619999885559082031e+00 1.717766749183079273e-09 2.226849207546266335e-09
9.630000114440917969e+00 1.712501322968970129e-09 2.220327150526890315e-09
9.639999389648437500e+00 1.707198541053904375e-09 2.213752394595482366e-09
9.649999618530273438e+00 1.701860059870562791e-09 2.207127260520456047e-09
9.659999847412109375e+00 1.696488819168902809e-09 2.200455657855063773e-09
9.670000076293945312e+00 1.691087017926328060e-09 2.193740570777449037e-09
9.679999351501464844e+00 1.685657141125432604e-09 2.186985328986822650e-09
9.689999580383300781e+00 1.680199894597895610e-09 2.180191034455306793e-09
9.699999809265136719e+00 1.674717328221037333e-09 2.173360444450979803e-09
9.710000038146972656e+00 1.669210788930817847e-09 2.166495423905324174e-09
9.719999313354492188e+00 1.663681990804973048e-09 2.159598277922071902e-09
9.729999542236328125e+00 1.658130933464333061e-09 2.152669155037056276e-09
9.739999771118164062e+00 1.652559098171331607e-09 2.145710035779566316e-09
9.750000000000000000e+00 1.646967375235698024e-09 2.138722149913596535e-09
9.760000228881835938e+00 1.641356624064665694e-09 2.131706678036614820e-09
9.769999504089355469e+00 1.635728246283091790e-09 2.124665472602282237e-09
9.779999732971191406e+00 1.630082069259763450e-09 2.117598414186210489e-09
9.789999961853027344e+00 1.624419598455667380e-09 2.110507485119303690e-09
9.800000190734863281e+00 1.618741899043304743e-09 2.103394124780420961e-09
9.809999465942382812e+00 1.613050700293912103e-09 2.096260617770017257e-09
9.819999694824218750e+00 1.607346241521801642e-09 2.089107398688820330e-09
9.829999923706054688e+00 1.601630543710013518e-09 2.081937157747584828e-09
9.840000152587890625e+00 1.595905248797664916e-09 2.074752137198537908e-09
9.849999427795410156e+00 1.590172711464007295e-09 2.067555504603214258e-09
9.859999656677246094e+00 1.584433808956273318e-09 2.060348606105255691e-09
9.869999885559082031e+00 1.578691212816253098e-09 2.053135075928548171e-09
9.880000114440917969e+00 1.572947188775188834e-09 2.045918075759938800e-09
9.889999389648437500e+00 1.567204670108101593e-09 2.038701642881280867e-09
9.899999618530273438e+00 1.561465042861842484e-09 2.031487905749103506e-09
9.909999847412109375e+00 1.555731402993800310e-09 2.024281174931887390e-09
9.920000076293945312e+00 1.550006332366988381e-09 2.017085144901533551e-09
9.929999351501464844e+00 1.544292954829944571e-09 2.009904216582122836e-09
9.939999580383300781e+00 1.538592719751545009e-09 2.002740705895512959e-09
9.949999809265136719e+00 1.532908632327650190e-09 1.995598897190312383e-09
9.960000038146972656e+00 1.527243032594045686e-09 1.988482244068557940e-09
9.969999313354492188e+00 1.521598638992385590e-09 1.981394671953216038e-09
9.979999542236328125e+00 1.515976359080491027e-09 1.974337820342820699e-09
9.989999771118164062e+00 1.510378484007146570e-09 1.967315044818632728e-09
1.000000000000000000e+01 1.504806500395231051e-09 1.960328659703267793e-09
1.001000022888183594e+01 1.499261600931495061e-09 1.953380569895754135e-09
1.001999950408935547e+01 1.493745184740642784e-09 1.946472887978831375e-09
1.002999973297119141e+01 1.488256736531931485e-09 1.939605270174030433e-09
1.003999996185302734e+01 1.482796969573690999e-09 1.932778844020253516e-09
1.005000019073486328e+01 1.477365710747786116e-09 1.925993552433537837e-09
1.005999946594238281e+01 1.471962940373630057e-09 1.919249447726327198e-09
1.006999969482421875e+01 1.466586737989306483e-09 1.912544123215717824e-09
1.007999992370605469e+01 1.461236384872860414e-09 1.905876582721622433e-09
1.009000015258789062e+01 1.455910316567737680e-09 1.899244682488123209e-09
1.009999942779541016e+01 1.450607166475591679e-09 1.892646431705566283e-09
1.010999965667724609e+01 1.445323772612413361e-09 1.886077514644633654e-09
1.011999988555908203e+01 1.440058243967512154e-09 1.879535109106023557e-09
1.013000011444091797e+01 1.434807971864538704e-09 1.873015416613962300e-09
1.013999938964843750e+01 1.429570675162990010e-09 1.866514967966460848e-09
1.014999961853027344e+01 1.424342446085516458e-09 1.860028206173390237e-09
1.015999984741210938e+01 1.419120790987516918e-09 1.853551269909648040e-09
1.017000007629394531e+01 1.413902676262966111e-09 1.847079578432339696e-09
1.017999935150146484e+01 1.408685571834946061e-09 1.840609137971173709e-09
1.018999958038330078e+01 1.403465505203300571e-09 1.834134140525533682e-09
1.019999980926513672e+01 1.398240089886599856e-09 1.827650732471820331e-09
1.021000003814697266e+01 1.393006575905410469e-09 1.821154609739213242e-09
1.021999931335449219e+01 1.387762886291058230e-09 1.814642317287420048e-09
1.022999954223632812e+01 1.382505649574750867e-09 1.808108817824003988e-09
1.023999977111816406e+01 1.377233230058808328e-09 1.801551267079933448e-09
1.025000000000000000e+01 1.371943754372826281e-09 1.794966574613993893e-09
1.026000022888183594e+01 1.366635631228457840e-09 1.788352059368750151e-09
1.026999950408935547e+01 1.361308075364902179e-09 1.781706112533376163e-09
1.027999973297119141e+01 1.355959083098849540e-09 1.775025679053044885e-09
1.028999996185302734e+01 1.350588485181796059e-09 1.768310071965426805e-09
1.030000019073486328e+01 1.345195914762952337e-09 1.761558442692325184e-09
1.030999946594238281e+01 1.339781826217941419e-09 1.754771058128385885e-09
1.031999969482421875e+01 1.334345416126159250e-09 1.747946694538036801e-09
1.032999992370605469e+01 1.328887706202566715e-09 1.741086501950479015e-09
1.034000015258789062e+01 1.323409459920776112e-09 1.734191390988405325e-09
1.034999942779541016e+01 1.317912200505047665e-09 1.727263308834239008e-09
1.035999965667724609e+01 1.312396085835735077e-09 1.720302555127095321e-09
1.036999988555908203e+01 1.306863026405069157e-09 1.713311705128940704e-09
1.038000011444091797e+01 1.301314560484974724e-09 1.706292925253696718e-09
1.038999938964843750e+01 1.295752878436909682e-09 1.699249258847052203e-09
1.039999961853027344e+01 1.290178668948021326e-09 1.692181888797065134e-09
1.040999984741210938e+01 1.284594272124016182e-09 1.685094121477966169e-09
1.042000007629394531e+01 1.279001530547006081e-09 1.677988656291855131e-09
1.042999935150146484e+01 1.273402826287300488e-09 1.670868892049170249e-09
1.043999958038330078e+01 1.267798919877304561e-09 1.663736168901009890e-09
1.044999980926513672e+01 1.262192132700952672e-09 1.656593806498121756e-09
1.046000003814697266e+01 1.256584193345175337e-09 1.649444357714511370e-09
1.046999931335449219e+01 1.250977290342924143e-09 1.642290942165798283e-09
1.047999954223632812e+01 1.245371922396627492e-09 1.635134496801372503e-09
1.048999977111816406e+01 1.239770099377815197e-09 1.627977854808855162e-09
1.050000000000000000e+01 1.234173199540046712e-09 1.620823008544836234e-09
1.051000022888183594e+01 1.228582504218404280e-09 1.613671789128852860e-09
1.051999950408935547e+01 1.222999734010791842e-09 1.606526551995298366e-09
1.052999973297119141e+01 1.217424926344526498e-09 1.599387460592134194e-09
1.053999996185302734e+01 1.211859640446907321e-09 1.592256590315606988e-09
1.055000019073486328e+01 1.206304839919901530e-09 1.585135222231058080e-09
1.055999946594238281e+01 1.200761968314830624e-09 1.578025225777095971e-09
1.056999969482421875e+01 1.195230852362062918e-09 1.570926374545960929e-09
1.057999992370605469e+01 1.189712891916564317e-09 1.563840444841514745e-09
1.059000015258789062e+01 1.184208962877060013e-09 1.556768533651730736e-09
1.059999942779541016e+01 1.178720487279361762e-09 1.549712440905474425e-09
1.060999965667724609e+01 1.173247359501368168e-09 1.542672011528423461e-09
1.061999988555908203e+01 1.167791104009817676e-09 1.535649203755680933e-09
1.063000011444091797e+01 1.162352795755888154e-09 1.528645424538107805e-09
1.063999938964843750e+01 1.156934113667448929e-09 1.521662893730251361e-09
1.064999961853027344e+01 1.151535286558083732e-09 1.514702004536630264e-09
1.065999984741210938e+01 1.146158202732499900e-09 1.507765337495085325e-09
1.067000007629394531e+01 1.140804345952257817e-09 1.500855007104983483e-09
1.067999935150146484e+01 1.135475822700663722e-09 1.493973991758764190e-09
1.068999958038330078e+01 1.130173330314102588e-09 1.487123513055952445e-09
1.069999980926513672e+01 1.124899202111674920e-09 1.480306970259523549e-09
1.071000003814697266e+01 1.119655363761632216e-09 1.473527302093970648e-09
1.071999931335449219e+01 1.114444327108812251e-09 1.466788269885257853e-09
1.072999954223632812e+01 1.109267190811549515e-09 1.460091869147784071e-09
1.073999977111816406e+01 1.104126605344892196e-09 1.453442159784184653e-09
1.075000000000000000e+01 1.099024762303469604e-09 1.446842660116290014e-09
1.076000022888183594e+01 1.093963871204291724e-09 1.440296956179318700e-09
1.076999950408935547e+01 1.088946612131736300e-09 1.433809278251048120e-09
1.077999973297119141e+01 1.083974201355474427e-09 1.427381989918741148e-09
1.078999996185302734e+01 1.079049237455068455e-09 1.421019257618387714e-09
1.080000019073486328e+01 1.074173756882302942e-09 1.414724524468336533e-09
1.080999946594238281e+01 1.069350147352453436e-09 1.408501677663731224e-09
1.081999969482421875e+01 1.064579287834568955e-09 1.402352636831890598e-09
1.082999992370605469e+01 1.059863286141530081e-09 1.396280873255749193e-09
1.084000015258789062e+01 1.055203612206149412e-09 1.390288988693900644e-09
1.084999942779541016e+01 1.050601977780114624e-09 1.384379835652017590e-09
1.085999965667724609e+01 1.046058569811144371e-09 1.378554238276526209e-09
1.086999988555908203e+01 1.041574670338210859e-09 1.372814346497639820e-09
1.088000011444091797e+01 1.037150885122245708e-09 1.367161351475451032e-09
1.088999938964843750e+01 1.032787991523204551e-09 1.361596563086271572e-09
1.089999961853027344e+01 1.028485276314029317e-09 1.356119284770816052e-09
1.090999984741210938e+01 1.024243032467692172e-09 1.350729993895971163e-09
1.092000007629394531e+01 1.020060892776714545e-09 1.345428212878055066e-09
1.092999935150146484e+01 1.015938646008453905e-09 1.340213545558329584e-09
1.093999958038330078e+01 1.011874680675798190e-09 1.335083711221002635e-09
1.094999980926513672e+01 1.007868357125237271e-09 1.330037548796776603e-09
1.096000003814697266e+01 1.003918445705326552e-09 1.325073045528495490e-09
1.096999931335449219e+01 1.000023910201078375e-09 1.320188331317855645e-09
1.097999954223632812e+01 9.961824481056324466e-10 1.315379857970446046e-09
1.098999977111816406e+01 9.923927415149946585e-10 1.310645232884027520e-09
1.100000000000000000e+01 9.886529896383679840e-10 1.305981389386256450e-09
1.101000022888183594e+01 9.849613074358409368e-10 1.301385100116823835e-09
1.101999950408935547e+01 9.813160955550941857e-10 1.296853450584569767e-09
1.102999973297119141e+01 9.777146784972772048e-10 1.292382161244660677e-09
1.103999996185302734e+01 9.741554141132142218e-10 1.287968224516253303e-09
1.105000019073486328e+01 9.706363213877185370e-10 1.283608212840533017e-09
1.105999946594238281e+01 9.671557816321450325e-10 1.279299163035691118e-09
1.106999969482421875e+01 9.637112337995663320e-10 1.275036974962461552e-09
1.107999992370605469e+01 9.603011831304664413e-10 1.270818910788505231e-09
1.109000015258789062e+01 9.569238848292693817e-10 1.266641976604742683e-09
1.109999942779541016e+01 9.535780076315992604e-10 1.262503753730531302e-09
1.110999965667724609e+01 9.502613699936535464e-10 1.258400844090013084e-09
1.111999988555908203e+01 9.469728612203188886e-10 1.254331252873105498e-09
1.113000011444091797e+01 9.437111661790801614e-10 1.250292816236210527e-09
1.113999938964843750e+01 9.404753944584933498e-10 1.246283983150195259e-09
1.114999961853027344e+01 9.372638467844270976e-10 1.242302287853733911e-09
1.115999984741210938e+01 9.340758625833550615e-10 1.238346637878699965e-09
1.117000007629394531e+01 9.309105768424362690e-10 1.234415771429185436e-09
1.117999935150146484e+01 9.277675202120017463e-10 1.230508997625805956e-09
1.118999958038330078e+01 9.246454120871155813e-10 1.226624689908571164e-09
1.119999980926513672e+01 9.215439474680671694e-10 1.222762499580852069e-09
1.121000003814697266e+01 9.184625832512726535e-10 1.218921838872882552e-09
1.121999931335449219e+01 9.154011168796065038e-10 1.215102591787356183e-09
1.122999954223632812e+01 9.123585065436089789e-10 1.211303631622403499e-09
1.123999977111816406e+01 9.093346094204661614e-10 1.207524978702334398e-09
1.125000000000000000e+01 9.063289986783066261e-10 1.203766313881427330e-09
1.125999927520751953e+01 9.033415280135038353e-10 1.200027673001804325e-09
1.126999950408935547e+01 9.003711821576388455e-10 1.196307997667119435e-09
1.127999973297119141e+01 8.974177762345723405e-10 1.192607252028557915e-09
1.128999996185302734e+01 8.944808057821885683e-10 1.188924974915530176e-09
1.130000019073486328e+01 8.915597257530364703e-10 1.185260620978241133e-09
1.130999946594238281e+01 8.886542219470198022e-10 1.181613894817744708e-09
1.131999969482421875e+01 8.857631011362716468e-10 1.177983352635342975e-09
1.132999992370605469e+01 8.828859528437696974e-10 1.174368484352561311e-09
1.134000015258789062e+01 8.800220406364132376e-10 1.170768320243669462e-09
1.134999942779541016e+01 8.771708545978109982e-10 1.167182124823083387e-09
1.135999965667724609e+01 8.743310298884250777e-10 1.163608037856174740e-09
1.136999988555908203e+01 8.715019850965027070e-10 1.160045138085087224e-09
1.138000011444091797e+01 8.686828417832547605e-10 1.156492089121562530e-09
1.138999938964843750e+01 8.658729746104177284e-10 1.152947838520755525e-09
1.139999961853027344e+01 8.630709508376320307e-10 1.149410287221441503e-09
1.140999984741210938e+01 8.602761499415704058e-10 1.145878340942423855e-09
1.142000007629394531e+01 8.574877030797864577e-10 1.142350582285391867e-09
1.142999935150146484e+01 8.547050390223964579e-10 1.138825970887601734e-09
1.143999958038330078e+01 8.519268354103709586e-10 1.135302525217987090e-09
1.144999980926513672e+01 8.491526227497380873e-10 1.131779364883362527e-09
1.146000003814697266e+01 8.463817337302120011e-10 1.128255390833081438e-09
1.146999931335449219e+01 8.436138426969603377e-10 1.124729980823351197e-09
1.147999954223632812e+01 8.408479189333071581e-10 1.121201665294508236e-09
1.148999977111816406e+01 8.380838178478593935e-10 1.117670162690336925e-09
1.150000000000000000e+01 8.353212307219527597e-10 1.114135049929047254e-09
1.150999927520751953e+01 8.325602158181689903e-10 1.110596447272212880e-09
1.151999950408935547e+01 8.298001473267321874e-10 1.107053675554022155e-09
1.152999973297119141e+01 8.270412953408356863e-10 1.103507284383822254e-09
1.153999996185302734e+01 8.242837703115511809e-10 1.099957701365481926e-09
1.155000019073486328e+01 8.215277824481415158e-10 1.096405564014495709e-09
1.155999946594238281e+01 8.187738984645145125e-10 1.092852049252373108e-09
1.156999969482421875e+01 8.160219833383135660e-10 1.089297503671230819e-09
1.157999992370605469e+01 8.132727667678607835e-10 1.085743459362691586e-09
1.159000015258789062e+01 8.105267817883288321e-10 1.082191257539676163e-09
1.159999942779541016e+01 8.077848764056969595e-10 1.078642700885185973e-09
1.160999965667724609e+01 8.050471549392055019e-10 1.075098673267760062e-09
1.161999988555908203e+01 8.023145332320831429e-10 1.071561141437146575e-09
1.163000011444091797e+01 7.995876779347144007e-10 1.068031770246004039e-09
1.163999938964843750e+01 7.968675126408105346e-10 1.064512564573225498e-09
1.164999961853027344e+01 7.941541665065076917e-10 1.061004496008061668e-09
1.165999984741210938e+01 7.914485169857083689e-10 1.057509485475411182e-09
1.167000007629394531e+01 7.887511378952666442e-10 1.054029028712769810e-09
1.167999935150146484e+01 7.860628028359602296e-10 1.050564833182964888e-09
1.168999958038330078e+01 7.833834492981714762e-10 1.047117471320649578e-09
1.169999980926513672e+01 7.807137072185582161e-10 1.043688338874606497e-09
1.171000003814697266e+01 7.780538641465749815e-10 1.040278310620689002e-09
1.171999931335449219e+01 7.754043680064372943e-10 1.036888376914530851e-09
1.172999954223632812e+01 7.727648122466569235e-10 1.033518338410031076e-09
1.173999977111816406e+01 7.701354493834479925e-10 1.030168736979178736e-09
1.175000000000000000e+01 7.675161782161952402e-10 1.026839555264344513e-09
1.175999927520751953e+01 7.649070464395084719e-10 1.023530855009603220e-09
1.176999950408935547e+01 7.623072590946456728e-10 1.020241520368723547e-09
1.177999973297119141e+01 7.597166761557231175e-10 1.016971159014230927e-09
1.178999996185302734e+01 7.571348226072198511e-10 1.013718849996691418e-09
1.180000019073486328e+01 7.545611454433278225e-10 1.010483475723485748e-09
1.180999946594238281e+01 7.519952671152865167e-10 1.007264047246182505e-09
1.181999969482421875e+01 7.494360177321486952e-10 1.004058499732254542e-09
1.182999992370605469e+01 7.468829142233503707e-10 1.000865558728820629e-09
1.184000015258789062e+01 7.443351925708311387e-10 9.976835370567640602e-10
1.184999942779541016e+01 7.417923073832841652e-10 9.945109725294059103e-10
1.185999965667724609e+01 7.392529744012166965e-10 9.913454469820068142e-10
1.186999988555908203e+01 7.367166377410589168e-10 9.881854303124341697e-10
1.188000011444091797e+01 7.341825112417962669e-10 9.850290978436261510e-10
1.188999938964843750e+01 7.316500738991423128e-10 9.818749615919119953e-10
1.189999961853027344e+01 7.291181143562570692e-10 9.787206931636795145e-10
1.190999984741210938e+01 7.265861894237654668e-10 9.755649524761930975e-10
1.192000007629394531e+01 7.240536663154355359e-10 9.724062062222928469e-10
1.192999935150146484e+01 7.215202128597220009e-10 9.692433492962612954e-10
1.193999958038330078e+01 7.189848367104114625e-10 9.660745137123017876e-10
1.194999980926513672e+01 7.164473391955521534e-10 9.628988905950899371e-10
1.196000003814697266e+01 7.139073517974844109e-10 9.597155330749647377e-10
1.196999931335449219e+01 7.113648216276995171e-10 9.565239678011823181e-10
1.197999954223632812e+01 7.088190410241924966e-10 9.533229781945881616e-10
1.198999977111816406e+01 7.062701008638475781e-10 9.501124288046793564e-10
1.200000000000000000e+01 7.037179180822640175e-10 9.468920434416793400e-10
1.200999927520751953e+01 7.011627177491400218e-10 9.436620091767878754e-10
1.201999950408935547e+01 6.986040529931662767e-10 9.404217320511349481e-10
1.202999973297119141e+01 6.960422610036403065e-10 9.371716713734016537e-10
1.203999996185302734e+01 6.934774821274761835e-10 9.339120929106280681e-10
1.205000019073486328e+01 6.909098959771860872e-10 9.306433586248000098e-10
1.205999946594238281e+01 6.883399592648372860e-10 9.273662210415089910e-10
1.206999969482421875e+01 6.857674174074692239e-10 9.240805527250069903e-10
1.207999992370605469e+01 6.831927677138957424e-10 9.207872021358770375e-10
1.209000015258789062e+01 6.806162717273751167e-10 9.174867246802982017e-10
1.209999942779541016e+01 6.780384394384536001e-10 9.141799922425538468e-10
1.210999965667724609e+01 6.754590393243710002e-10 9.108669135807212176e-10
1.211999988555908203e+01 6.728785680541241927e-10 9.075483110853737218e-10
1.213000011444091797e+01 6.702972625706386470e-10 9.042246462552058597e-10
1.213999938964843750e+01 6.677155884478508428e-10 9.008966411212471309e-10
1.214999961853027344e+01 6.651332523152155236e-10 8.975639995368487367e-10
1.215999984741210938e+01 6.625506777039551537e-10 8.942273057763230790e-10
1.217000007629394531e+01 6.599680198595269646e-10 8.908867525317953446e-10
1.217999935150146484e+01 6.573856588256371502e-10 8.875427771235101236e-10
1.218999958038330078e+01 6.548032161637309399e-10 8.841947885604183517e-10
1.219999980926513672e+01 6.522210354377841055e-10 8.808430869672442784e-10
1.221000003814697266e+01 6.496392007933142829e-10 8.774875968432280397e-10
1.221999931335449219e+01 6.470580338525425725e-10 8.741285173322643387e-10
1.222999954223632812e+01 6.444771143144213368e-10 8.707650537127507107e-10
1.223999977111816406e+01 6.418967627837605125e-10 8.673973547149497638e-10
1.225000000000000000e+01 6.393170620918467676e-10 8.640252478743448650e-10
1.225999927520751953e+01 6.367383558228469392e-10 8.606488996844573572e-10
1.226999950408935547e+01 6.341602709832502312e-10 8.572675452603939764e-10
1.227999973297119141e+01 6.315832000218164660e-10 8.538814388398149357e-10
1.228999996185302734e+01 6.290073229026763786e-10 8.504905841270947529e-10
1.230000019073486328e+01 6.264328587831009952e-10 8.470950735492943459e-10
1.230999946594238281e+01 6.238603161192052626e-10 8.436954285814358143e-10
1.231999969482421875e+01 6.212895157635524762e-10 8.402913169913656351e-10
1.232999992370605469e+01 6.187210665301783554e-10 8.368835107403118946e-10
1.234000015258789062e+01 6.161553860296823751e-10 8.334725995576386139e-10
1.234999942779541016e+01 6.135931917207929182e-10 8.300596480266823953e-10
1.235999965667724609e+01 6.110345241779892697e-10 8.266448980960951985e-10
1.236999988555908203e+01 6.084802126277290088e-10 8.232297239571104066e-10
1.238000011444091797e+01 6.059308951553033164e-10 8.198153285717866955e-10
1.238999938964843750e+01 6.033875027519836287e-10 8.164033900574384896e-10
1.239999961853027344e+01 6.008502854162534930e-10 8.129947524372598260e-10
1.240999984741210938e+01 5.983202628324893197e-10 8.095913678788485497e-10
1.242000007629394531e+01 5.957982474580030579e-10 8.061949811348209109e-10
1.242999935150146484e+01 5.932853200872360832e-10 8.028077619469897994e-10
1.243999958038330078e+01 5.907818645185369767e-10 7.994309951881553472e-10
1.244999980926513672e+01 5.882889979300957371e-10 7.960669994608008675e-10
1.246000003814697266e+01 5.858076029506731103e-10 7.927178120411155107e-10
1.246999931335449219e+01 5.833387941256766917e-10 7.893858064992402799e-10
1.247999954223632812e+01 5.808829686978010562e-10 7.860723994968328531e-10
1.248999977111816406e+01 5.784412109705960841e-10 7.827799340292013733e-10
1.250000000000000000e+01 5.760143409431339195e-10 7.795103827577973804e-10
1.250999927520751953e+01 5.736033716980787372e-10 7.762659518676322717e-10
1.251999950408935547e+01 5.712085837577058685e-10 7.730478237844851414e-10
1.252999973297119141e+01 5.688308981551309804e-10 7.698579935666370624e-10
1.253999996185302734e+01 5.664709491902489122e-10 7.666980101475482134e-10
1.255000019073486328e+01 5.641293100723047075e-10 7.635692705877268549e-10
1.255999946594238281e+01 5.618067093672466109e-10 7.604732999377742823e-10
1.256999969482421875e+01 5.595031436320070806e-10 7.574105621328833339e-10
1.257999992370605469e+01 5.572192044537331701e-10 7.543822235696174891e-10
1.259000015258789062e+01 5.549551895560786264e-10 7.513889636944594624e-10
1.259999942779541016e+01 5.527115381889071586e-10 7.484315500763357913e-10
1.260999965667724609e+01 5.504879780979894047e-10 7.455097145049511342e-10
1.261999988555908203e+01 5.482848115141664319e-10 7.426238494872491976e-10
1.263000011444091797e+01 5.461020600488441686e-10 7.397738832884954405e-10
1.263999938964843750e+01 5.439398886213234024e-10 7.369598399775292431e-10
1.264999961853027344e+01 5.417977869472707269e-10 7.341807812103142346e-10
1.265999984741210938e+01 5.396758118345988036e-10 7.314364305935631236e-10
1.267000007629394531e+01 5.375737658837498986e-10 7.287261126050194986e-10
1.267999935150146484e+01 5.354916081769996177e-10 7.260492937387507288e-10
1.268999958038330078e+01 5.334286679769601960e-10 7.234045829080321662e-10
1.269999980926513672e+01 5.313848422437875181e-10 7.207912819518853367e-10
1.271000003814697266e+01 5.293598057951721142e-10 7.182083808411951872e-10
1.271999931335449219e+01 5.273534072256182706e-10 7.156550756610902620e-10
1.272999954223632812e+01 5.253649109950082043e-10 7.131298158941674566e-10
1.273999977111816406e+01 5.233941508735986472e-10 7.106317829835932420e-10
1.275000000000000000e+01 5.214407677747370463e-10 7.081599299891408363e-10
1.275999927520751953e+01 5.195045899846754349e-10 7.057134731693136545e-10
1.276999950408935547e+01 5.175849000354902835e-10 7.032909741754457467e-10
1.277999973297119141e+01 5.156815455743241945e-10 7.008917506127103459e-10
1.278999996185302734e+01 5.137942014531991057e-10 6.985149489767602386e-10
1.279999923706054688e+01 5.119227345567660319e-10 6.961600089668501184e-10
1.280999946594238281e+01 5.100664922099766386e-10 6.938257709339702993e-10
1.281999969482421875e+01 5.082253733319100435e-10 6.915118248583403427e-10
1.282999992370605469e+01 5.063991123400260149e-10 6.892176086985982181e-10
1.284000015258789062e+01 5.045874574635880346e-10 6.869426310145115220e-10
1.284999942779541016e+01 5.027903396803939990e-10 6.846866797498989813e-10
1.285999965667724609e+01 5.010071864110519229e-10 6.824489561759374884e-10
1.286999988555908203e+01 4.992379472649652439e-10 6.802293568332803485e-10
1.288000011444091797e+01 4.974824044050200324e-10 6.780276010685918729e-10
1.288999938964843750e+01 4.957405068839245887e-10 6.758436429676362793e-10
1.289999961853027344e+01 4.940117044273599006e-10 6.736768280786789881e-10
1.290999984741210938e+01 4.922959409795697746e-10 6.715271306249952247e-10
1.292000007629394531e+01 4.905929858677351261e-10 6.693943063070844878e-10
1.292999935150146484e+01 4.889027583363167886e-10 6.672782903303942672e-10
1.293999958038330078e+01 4.872246813667124361e-10 6.651783803578043080e-10
1.294999980926513672e+01 4.855586466822020448e-10 6.630944368723101227e-10
1.296000003814697266e+01 4.839043669302537316e-10 6.610260651916457416e-10
1.296999931335449219e+01 4.822616923542552110e-10 6.589730054692011384e-10
1.297999954223632812e+01 4.806299844767172305e-10 6.569343450632052269e-10
1.298999977111816406e+01 4.790090558719803132e-10 6.549096892939403738e-10
1.300000000000000000e+01 4.773985428005168840e-10 6.528983748072775553e-10
1.300999927520751953e+01 4.757982156366565783e-10 6.508998564328232024e-10
1.301999950408935547e+01 4.742073708109653170e-10 6.489129482152833773e-10
1.302999973297119141e+01 4.726257486549510125e-10 6.469369714185228169e-10
1.303999996185302734e+01 4.710529245910484643e-10 6.449709975457358960e-10
1.304999923706054688e+01 4.694886141086081813e-10 6.430142341902175612e-10
1.305999946594238281e+01 4.679320802696918136e-10 6.410652896601695419e-10
1.306999969482421875e+01 4.663830325596087146e-10 6.391233043051699402e-10
1.307999992370605469e+01 4.648410334715494973e-10 6.371872164498521410e-10
1.309000015258789062e+01 4.633056521748078443e-10 6.352559633858305011e-10
1.309999942779541016e+01 4.617766144364583387e-10 6.333286800316237733e-10
1.310999965667724609e+01 4.602532240328506900e-10 6.314039791206911459e-10
1.311999988555908203e+01 4.587352418551275783e-10 6.294810692905211828e-10
1.313000011444091797e+01 4.572223059092929497e-10 6.275590345299400323e-10
1.313999938964843750e+01 4.557142248107533529e-10 6.256372160082344467e-10
1.314999961853027344e+01 4.542104060582062856e-10 6.237144922461520374e-10
1.315999984741210938e+01 4.527107219095029995e-10 6.217903910665718110e-10
1.317000007629394531e+01 4.512149360054854398e-10 6.198643673256016178e-10
1.317999935150146484e+01 4.497229913269667636e-10 6.179361791454071188e-10
1.318999958038330078e+01 4.482344426769545108e-10 6.160051592165610844e-10
1.319999980926513672e+01 4.467493110124886225e-10 6.140713230573859135e-10
1.321000003814697266e+01 4.452675140493959728e-10 6.121346364739416601e-10
1.321999931335449219e+01 4.437891489427279981e-10 6.101953848140041372e-10
1.322999954223632812e+01 4.423139274367993859e-10 6.082534309362667320e-10
1.323999977111816406e+01 4.408420201124644609e-10 6.063093208096246537e-10
1.325000000000000000e+01 4.393734898082345010e-10 6.043635375143784258e-10
1.325999927520751953e+01 4.379085695196147865e-10 6.024168631801967252e-10
1.326999950408935547e+01 4.364471006826185306e-10 6.004696258028735793e-10
1.327999973297119141e+01 4.349893678662029273e-10 5.985228010452426691e-10
1.328999996185302734e+01 4.335355357517943675e-10 5.965772559991476313e-10
1.329999923706054688e+01 4.320859229181419574e-10 5.946341049707883531e-10
1.330999946594238281e+01 4.306404450067184033e-10 5.926939525752140091e-10
1.331999969482421875e+01 4.291994399928853823e-10 5.907579893560995280e-10
1.332999992370605469e+01 4.277631104678048384e-10 5.888272333405060261e-10
1.334000015258789062e+01 4.263316579205062147e-10 5.869026987716825358e-10
1.334999942779541016e+01 4.249054145813789160e-10 5.849855622220640005e-10
1.335999965667724609e+01 4.234842959891469955e-10 5.830764160767105749e-10
1.336999988555908203e+01 4.220686138136494016e-10 5.811763510671179230e-10
1.338000011444091797e+01 4.206585281577543043e-10 5.792862105102334815e-10
1.338999938964843750e+01 4.192543148282733913e-10 5.774069401330189052e-10
1.339999961853027344e+01 4.178558280034777136e-10 5.755388618503873639e-10
1.340999984741210938e+01 4.164633020873316437e-10 5.736827406994111237e-10
1.342000007629394531e+01 4.150768142373733956e-10 5.718390602993701182e-10
1.342999935150146484e+01 4.136965491953557834e-10 5.700083721790524929e-10
1.343999958038330078e+01 4.123222730827908446e-10 5.681905962206865008e-10
1.344999980926513672e+01 4.109541235137008694e-10 5.663860681268329735e-10
1.346000003814697266e+01 4.095920831460687465e-10 5.645948416271085848e-10
1.346999931335449219e+01 4.082362417853478387e-10 5.628170364263393273e-10
1.347999954223632812e+01 4.068862812224580719e-10 5.610521670082672125e-10
1.348999977111816406e+01 4.055422529316803658e-10 5.593001672557375911e-10
1.350000000000000000e+01 4.042040623572268815e-10 5.575607198397313656e-10
1.350999927520751953e+01 4.028717276392673003e-10 5.558336006192044963e-10
1.351999950408935547e+01 4.015448743555317394e-10 5.541180320443517149e-10
1.352999973297119141e+01 4.002235004832340732e-10 5.524136831579739665e-10
1.353999996185302734e+01 3.989074701686357820e-10 5.507200218290710999e-10
1.354999923706054688e+01 3.975967684084964223e-10 5.490366525660560860e-10
1.355999946594238281e+01 3.962910039394293057e-10 5.473626874979714310e-10
1.356999969482421875e+01 3.949901615961925270e-10 5.456977214520452184e-10
1.357999992370605469e+01 3.936941038855279261e-10 5.440411999947471808e-10
1.359000015258789062e+01 3.924026981205294727e-10 5.423925907892569499e-10
1.359999942779541016e+01 3.911159404907627916e-10 5.407515487873174432e-10
1.360999965667724609e+01 3.898334668977226885e-10 5.391172988490797793e-10
1.361999988555908203e+01 3.885552902644265410e-10 5.374895810771018221e-10
1.363000011444091797e+01 3.872813097710824953e-10 5.358680288521970931e-10
1.363999938964843750e+01 3.860115550414210622e-10 5.342524826910244751e-10
1.364999961853027344e+01 3.847457020062686879e-10 5.326423758780812391e-10
1.365999984741210938e+01 3.834837992069165734e-10 5.310376587437063928e-10
1.367000007629394531e+01 3.822257822144867852e-10 5.294381797469217576e-10
1.367999935150146484e+01 3.809717135444114314e-10 5.278439884293844005e-10
1.368999958038330078e+01 3.797213033054787737e-10 5.262547226130203893e-10
1.369999980926513672e+01 3.784746254849976682e-10 5.246705145539322332e-10
1.371000003814697266e+01 3.772316376553234817e-10 5.230913749738679416e-10
1.371999931335449219e+01 3.759924171423312665e-10 5.215174870348513190e-10
1.372999954223632812e+01 3.747566869081723155e-10 5.199485974568339479e-10
1.373999977111816406e+01 3.735245229689733599e-10 5.183849078328761063e-10
1.375000000000000000e+01 3.722958797255068309e-10 5.168264643157540602e-10
1.375999927520751953e+01 3.710708233467907749e-10 5.152734462503004140e-10
1.376999950408935547e+01 3.698490633661609103e-10 5.137255651522264989e-10
1.377999973297119141e+01 3.686306524495910541e-10 5.121829448072807430e-10
1.378999996185302734e+01 3.674155176716498484e-10 5.106455205496304858e-10
1.379999923706054688e+01 3.662036921221607452e-10 5.091133266220698908e-10
1.380999946594238281e+01 3.649948524013167367e-10 5.075859065896997508e-10
1.381999969482421875e+01 3.637890118130690882e-10 5.060631857997170063e-10
1.382999992370605469e+01 3.625860577912922220e-10 5.045448835182614870e-10
1.384000015258789062e+01 3.613858679342113255e-10 5.030306579634211674e-10
1.384999942779541016e+01 3.601884247921721517e-10 5.015202505592036845e-10
1.385999965667724609e+01 3.589933601415320441e-10 5.000129119653986616e-10
1.386999988555908203e+01 3.578006413935223325e-10 4.985082697797894401e-10
1.388000011444091797e+01 3.566101159871823316e-10 4.970057571823655349e-10
1.388999938964843750e+01 3.554217405599447115e-10 4.955049066412437198e-10
1.389999961853027344e+01 3.542351296070318518e-10 4.940047853261294658e-10
1.390999984741210938e+01 3.530502374425860752e-10 4.925048628326986642e-10
1.392000007629394531e+01 3.518669067524246362e-10 4.910044485427447811e-10
1.392999935150146484e+01 3.506850967185746601e-10 4.895029886792259270e-10
1.393999958038330078e+01 3.495044344889498161e-10 4.879995048021675945e-10
1.394999980926513672e+01 3.483248935348412769e-10 4.864934644709504491e-10
1.396000003814697266e+01 3.471463446215132628e-10 4.849842201399184229e-10
1.396999931335449219e+01 3.459687828395361867e-10 4.834713083990127385e-10
1.397999954223632812e+01 3.447918801702137679e-10 4.819538833605153216e-10
1.398999977111816406e+01 3.436156609127949954e-10 4.804315928217281515e-10
1.400000000000000000e+01 3.424400536450387056e-10 4.789040108467789479e-10
1.400999927520751953e+01 3.412651167956390262e-10 4.773709369569551686e-10
1.401999950408935547e+01 3.400905912185458714e-10 4.758318177484027310e-10
1.402999973297119141e+01 3.389165731223348526e-10 4.742866299193931146e-10
1.403999996185302734e+01 3.377430660287645474e-10 4.727353001796019153e-10
1.404999923706054688e+01 3.365702046701121414e-10 4.711780025988119608e-10
1.405999946594238281e+01 3.353978072450878064e-10 4.696145647575929244e-10
1.406999969482421875e+01 3.342260459912480132e-10 4.680453580964802505e-10
1.407999992370605469e+01 3.330549988135535932e-10 4.664707019281312888e-10
1.409000015258789062e+01 3.318847600783133794e-10 4.648910075375932650e-10
1.409999942779541016e+01 3.307155506929320938e-10 4.633069237173368578e-10
1.410999965667724609e+01 3.295472706495688078e-10 4.617187249452892309e-10
1.411999988555908203e+01 3.283801664269136656e-10 4.601272095089551090e-10
1.413000011444091797e+01 3.272143829924763823e-10 4.585330860100794574e-10
1.413999938964843750e+01 3.260501844247176730e-10 4.569372660528635486e-10
1.414999961853027344e+01 3.248875079837449556e-10 4.553402441429965866e-10
1.415999984741210938e+01 3.237266283619526986e-10 4.537429992848386174e-10
1.417000007629394531e+01 3.225677114129450351e-10 4.521463743912755304e-10
1.417999935150146484e+01 3.214110336200474011e-10 4.505513685187985543e-10
1.418999958038330078e+01 3.202565391993819992e-10 4.489585167453530268e-10
1.419999980926513672e+01 3.191045003699028673e-10 4.473687917747525696e-10
1.421000003814697266e+01 3.179550742942687206e-10 4.457829845318924896e-10
1.421999931335449219e+01 3.168085214161203757e-10 4.442019971934747123e-10
1.422999954223632812e+01 3.156647670971804782e-10 4.426262316519847956e-10
1.423999977111816406e+01 3.145240567883419806e-10 4.410564867550555561e-10
1.425000000000000000e+01 3.133865176052645095e-10 4.394933483751954705e-10
1.425999927520751953e+01 3.122523752373516851e-10 4.379374835219104506e-10
1.426999950408935547e+01 3.111215212985516617e-10 4.363890440575922649e-10
1.427999973297119141e+01 3.099941621880686555e-10 4.348485551118522694e-10
1.428999996185302734e+01 3.088703862162176631e-10 4.333163203831584911e-10
1.429999923706054688e+01 3.077503787862158325e-10 4.317927167500823711e-10
1.430999946594238281e+01 3.066339959163500276e-10 4.302776162124762358e-10
1.431999969482421875e+01 3.055214057642657192e-10 4.287712615368599993e-10
1.432999992370605469e+01 3.044126616343831035e-10 4.272736889620217261e-10
1.434000015258789062e+01 3.033078097743153244e-10 4.257848798657921443e-10
1.434999942779541016e+01 3.022069950882103723e-10 4.243049082604119541e-10
1.435999965667724609e+01 3.011100424168677699e-10 4.228333845078088831e-10
1.436999988555908203e+01 3.000170874132627882e-10 4.213703101249384964e-10
1.438000011444091797e+01 2.989281571374920594e-10 4.199155206372542905e-10
1.438999938964843750e+01 2.978433793687676068e-10 4.184689730110367078e-10
1.439999961853027344e+01 2.967625699685021919e-10 4.170302028398276938e-10
1.440999984741210938e+01 2.956858543909438974e-10 4.155991599774489090e-10
1.442000007629394531e+01 2.946132541471743613e-10 4.141756633523956352e-10
1.442999935150146484e+01 2.935448926296895950e-10 4.127596807669992947e-10
1.443999958038330078e+01 2.924805883843062623e-10 4.113507953229592350e-10
1.444999980926513672e+01 2.914204667799598290e-10 4.099490206870835590e-10
1.446000003814697266e+01 2.903645521475858850e-10 4.085542640971915311e-10
1.446999931335449219e+01 2.893129699993184574e-10 4.071665965495943869e-10
1.447999954223632812e+01 2.882655461643996953e-10 4.057857257066371161e-10
1.448999977111816406e+01 2.872224082805923932e-10 4.044117902956895799e-10
1.450000000000000000e+01 2.861835838906663057e-10 4.030448292759418179e-10
1.450999927520751953e+01 2.851491989068455061e-10 4.016850418518201109e-10
1.451999950408935547e+01 2.841190828860991595e-10 4.003322662609373343e-10
1.452999973297119141e+01 2.830933603340632260e-10 3.989867538188915033e-10
1.453999996185302734e+01 2.820720549933049475e-10 3.976486444272657575e-10
1.454999923706054688e+01 2.810552848154789552e-10 3.963182173373267671e-10
1.455999946594238281e+01 2.800428737474226631e-10 3.949953779490717179e-10
1.456999969482421875e+01 2.790349328965140081e-10 3.936804121834501871e-10
1.457999992370605469e+01 2.780314715459699112e-10 3.923734711657169035e-10
1.458999919891357422e+01 2.770325887981642475e-10 3.910748146674722247e-10
1.459999942779541016e+01 2.760380923577900152e-10 3.897843093164599636e-10
1.460999965667724609e+01 2.750480696920670568e-10 3.885021649094714719e-10
1.461999988555908203e+01 2.740625061809297006e-10 3.872284318147088962e-10
1.463000011444091797e+01 2.730813803341017623e-10 3.859631194326005469e-10
1.463999938964843750e+01 2.721047565714368931e-10 3.847063106507667802e-10
1.464999961853027344e+01 2.711324131091556216e-10 3.834576791070515412e-10
1.465999984741210938e+01 2.701644008696563703e-10 3.822172053271689655e-10
1.467000007629394531e+01 2.692006707914791328e-10 3.809846944027464283e-10
1.467999935150146484e+01 2.682412588011878432e-10 3.797600120522045279e-10
1.468999958038330078e+01 2.672859207326159668e-10 3.785426184620933514e-10
1.469999980926513672e+01 2.663346818815654700e-10 3.773322707758041234e-10
1.471000003814697266e+01 2.653874713287928629e-10 3.761285579900659540e-10
1.471999931335449219e+01 2.644443041472422557e-10 3.749311361288063430e-10
1.472999954223632812e+01 2.635049228557570717e-10 3.737392770440808259e-10
1.473999977111816406e+01 2.625693379817184523e-10 3.725525597682010898e-10
1.475000000000000000e+01 2.616374688289341316e-10 3.713704201025095363e-10
1.475999927520751953e+01 2.607093229103954281e-10 3.701923850646303261e-10
1.476999950408935547e+01 2.597846431816676600e-10 3.690176321269417853e-10
1.477999973297119141e+01 2.588634400651518408e-10 3.678456721032418703e-10
1.478999996185302734e+01 2.579456379174316592e-10 3.666759083417382548e-10
1.479999923706054688e+01 2.570312516482543843e-10 3.655078696882575842e-10
1.480999946594238281e+01 2.561200389448459425e-10 3.643407740606782472e-10
1.481999969482421875e+01 2.552120242266704118e-10 3.631742053261843173e-10
1.482999992370605469e+01 2.543071501031462636e-10 3.620076758871257269e-10
1.483999919891357422e+01 2.534054510933958238e-10 3.608408569792626742e-10
1.484999942779541016e+01 2.525067103200828789e-10 3.596731402760998478e-10
1.485999965667724609e+01 2.516109757826692724e-10 3.585043113529061298e-10
1.486999988555908203e+01 2.507182162317585775e-10 3.573341095041640071e-10
1.488000011444091797e+01 2.498284073755039863e-10 3.561623426360412572e-10
1.488999938964843750e+01 2.489416162680033884e-10 3.549890017923351820e-10
1.489999961853027344e+01 2.480576631140583021e-10 3.538138145537748104e-10
1.490999984741210938e+01 2.471766284487916089e-10 3.526369165222746397e-10
1.492000007629394531e+01 2.462985142539235362e-10 3.514584026063076618e-10
1.492999935150146484e+01 2.454234114967486364e-10 3.502785489415703529e-10
1.493999958038330078e+01 2.445511661250707030e-10 3.490973590637755693e-10
1.494999980926513672e+01 2.436818792551760532e-10 3.479152343929960430e-10
1.496000003814697266e+01 2.428155724679673998e-10 3.467325186231762834e-10
1.496999931335449219e+01 2.419523529514421037e-10 3.455497164817503790e-10
1.497999954223632812e+01 2.410920838690866019e-10 3.443670352991946881e-10
1.498999977111816406e+01 2.402348776693941511e-10 3.431850541702171561e-10
1.500000000000000000e+01 2.393807658776445240e-10 3.420042645741982669e-10
