# col1: q[fm^-1] col2: weakFF col3: chargeFF [unitless]
9.999999999999999547e-07 1.000000378057822381e+00 9.999999628086858605e-01
9.999999776482582092e-03 9.995855259569470519e-01 9.996216263415215186e-01
1.999999955296516418e-02 9.983417933049871795e-01 9.984872792207525327e-01
2.999999932944774628e-02 9.962716487135676591e-01 9.965989066930673879e-01
3.999999910593032837e-02 9.933791986014798292e-01 9.939598120606794041e-01
4.999999701976776123e-02 9.896701761057552504e-01 9.905746092480646192e-01
5.999999865889549255e-02 9.851519207085256413e-01 9.864492079473250463e-01
7.000000029802322388e-02 9.798333636772800226e-01 9.815908051013743085e-01
7.999999821186065674e-02 9.737250000231295610e-01 9.760078650896703012e-01
8.999999612569808960e-02 9.668388528984157571e-01 9.697100939717256951e-01
9.999999403953552246e-02 9.591884452207243283e-01 9.627084212686668474e-01
1.099999994039535522e-01 9.507887526298482994e-01 9.550149655645000513e-01
1.199999973177909851e-01 9.416561863463600579e-01 9.466430283459573714e-01
1.299999952316284180e-01 9.318085089680558930e-01 9.376070272117359439e-01
1.400000005960464478e-01 9.212648004846774041e-01 9.279224757808680613e-01
1.499999910593032837e-01 9.100454389405321365e-01 9.176059778474898732e-01
1.599999964237213135e-01 8.981719529989029560e-01 9.066751043882157468e-01
1.700000017881393433e-01 8.856670689847115918e-01 8.951484498944466406e-01
1.799999922513961792e-01 8.725546016574849961e-01 8.830455456071439890e-01
1.899999976158142090e-01 8.588593253695321339e-01 8.703867547036842067e-01
1.999999880790710449e-01 8.446070445515191372e-01 8.571933519477422658e-01
2.099999934434890747e-01 8.298243599802193060e-01 8.434873224904360089e-01
2.199999988079071045e-01 8.145387427480909048e-01 8.292914454051301121e-01
2.299999892711639404e-01 7.987783996126137653e-01 8.146291844216257960e-01
2.399999946355819702e-01 7.825721234202345222e-01 7.995245641978354634e-01
2.500000000000000000e-01 7.659493571492718145e-01 7.840022453964217153e-01
2.599999904632568359e-01 7.489400484021410120e-01 7.680874048658635767e-01
2.699999809265136719e-01 7.315745182069198771e-01 7.518056283044733945e-01
2.800000011920928955e-01 7.138834036437458064e-01 7.351828714093946449e-01
2.899999916553497314e-01 6.958977662526220076e-01 7.182455771475407813e-01
2.999999821186065674e-01 6.776486966848365157e-01 7.010203189703262394e-01
3.100000023841857910e-01 6.591673908646885627e-01 6.835338859709031434e-01
3.199999928474426270e-01 6.404852409257122403e-01 6.658133834819510710e-01
3.299999833106994629e-01 6.216334276592191399e-01 6.478858608319616463e-01
3.400000035762786865e-01 6.026430076632803834e-01 6.297784057929749491e-01
3.499999940395355225e-01 5.835450109576361122e-01 6.115182506194262180e-01
3.599999845027923584e-01 5.643700284093065012e-01 5.931323901551658340e-01
3.700000047683715820e-01 5.451483094253806172e-01 5.746476848529598058e-01
3.799999952316284180e-01 5.259098657873646498e-01 5.560909714889684663e-01
3.899999856948852539e-01 5.066840609533600492e-01 5.374886773696680997e-01
3.999999761581420898e-01 4.874997746946403976e-01 5.188669865801819325e-01
4.099999964237213135e-01 4.683852271177911808e-01 5.002516770544932490e-01
4.199999868869781494e-01 4.493681471342602096e-01 4.816682914502860013e-01
4.299999773502349854e-01 4.304753742083619605e-01 4.631417547663982393e-01
4.399999976158142090e-01 4.117329775813807768e-01 4.446964938800702649e-01
4.499999880790710449e-01 3.931663719586094841e-01 4.263565558990094484e-01
4.599999785423278809e-01 3.747999352647370386e-01 4.081452343879519717e-01
4.699999988079071045e-01 3.566571352231127645e-01 3.900851942212433254e-01
4.799999892711639404e-01 3.387606486130469996e-01 3.721985916925855675e-01
4.899999797344207764e-01 3.211319999482631360e-01 3.545067140697265584e-01
5.000000000000000000e-01 3.037916939918768322e-01 3.370301085649691220e-01
5.099999904632568359e-01 2.867593374802163142e-01 3.197887032391940054e-01
5.199999809265136719e-01 2.700533028312495643e-01 3.028014640925871803e-01
5.299999713897705078e-01 2.536909132483494700e-01 2.860865762725821604e-01
5.399999618530273438e-01 2.376883716625425302e-01 2.696613663324400334e-01
5.500000119209289551e-01 2.220606533744056976e-01 2.535421843189012980e-01
5.600000023841857910e-01 2.068218646234504798e-01 2.377447660620412018e-01
5.699999928474426270e-01 1.919846752990961858e-01 2.222836389537883595e-01
5.799999833106994629e-01 1.775606890631290236e-01 2.071724931713397333e-01
5.899999737739562988e-01 1.635603476746635143e-01 1.924240722454972907e-01
5.999999642372131348e-01 1.499929329336279760e-01 1.780501632226436093e-01
6.100000143051147461e-01 1.368664949710463041e-01 1.640615071889841015e-01
6.200000047683715820e-01 1.241881709463283912e-01 1.504681257766958824e-01
6.299999952316284180e-01 1.119637269817135988e-01 1.372788186061191795e-01
6.399999856948852539e-01 1.001978881909726254e-01 1.245014994499103883e-01
6.499999761581420898e-01 8.889427634858347582e-02 1.121431144120219603e-01
6.599999666213989258e-01 7.805542983737540075e-02 1.002096470271645334e-01
6.699999570846557617e-01 6.768282618340999701e-02 8.870612568558353117e-02
6.800000071525573730e-01 5.777684938854675545e-02 7.763656863989056023e-02
6.899999976158142090e-01 4.833705061673712611e-02 6.700425721228807363e-02
6.999999880790710449e-01 3.936182339740365577e-02 5.681135388358330568e-02
7.099999785423278809e-01 3.084867406031215065e-02 4.705918485227542081e-02
7.199999690055847168e-01 2.279419464169531520e-02 3.774819073764477950e-02
7.299999594688415527e-01 1.519409793352880823e-02 2.887794642045077992e-02
7.400000095367431641e-01 8.043212789664683574e-03 2.044713370607368838e-02
7.500000000000000000e-01 1.335689923541265962e-03 1.245376298419356709e-02
7.599999904632568359e-01 -4.935214542505911121e-03 4.894896589611671261e-03
7.699999809265136719e-01 -1.077692564063957754e-02 -2.233121266747057840e-03
7.799999713897705078e-01 -1.619755228652098797e-02 -8.934688377300522080e-03
7.899999618530273438e-01 -2.120584528973771046e-02 -1.521491560285313620e-02
7.999999523162841797e-01 -2.581115475615575888e-02 -2.107959679153013910e-02
8.100000023841857910e-01 -3.002341099050880383e-02 -2.653520897407590090e-02
8.199999928474426270e-01 -3.385298306479276459e-02 -3.158875269831418892e-02
8.299999833106994629e-01 -3.731078584723312996e-02 -3.624791421698674021e-02
8.399999737739562988e-01 -4.040813376635291748e-02 -4.052089946675193483e-02
8.499999642372131348e-01 -4.315672366469173321e-02 -4.441643364935381894e-02
8.599999547004699707e-01 -4.556859163967687254e-02 -4.794372660175221651e-02
8.700000047683715820e-01 -4.765608176940637486e-02 -5.111245563308536299e-02
8.799999952316284180e-01 -4.943175602370327576e-02 -5.393265686102573231e-02
8.899999856948852539e-01 -5.090842716552995001e-02 -5.641480302206595965e-02
8.999999761581420898e-01 -5.209906623371465123e-02 -5.856969038048309012e-02
9.099999666213989258e-01 -5.301677588419761999e-02 -6.040842324936682856e-02
9.199999570846557617e-01 -5.367475128024786629e-02 -6.194237871455231942e-02
9.300000071525573730e-01 -5.408624376664104144e-02 -6.318317814926399656e-02
9.399999976158142090e-01 -5.426451559778035921e-02 -6.414262469914082387e-02
9.499999880790710449e-01 -5.422281879884528755e-02 -6.483271328749398710e-02
9.599999785423278809e-01 -5.397434952330979613e-02 -6.526556561876983853e-02
9.699999690055847168e-01 -5.353221812048520462e-02 -6.545340528671095282e-02
9.799999594688415527e-01 -5.290941743756055055e-02 -6.540852530176102797e-02
9.899999499320983887e-01 -5.211879258365516299e-02 -6.514325637018913984e-02
1.000000000000000000e+00 -5.117300612771281954e-02 -6.466993257863688782e-02
1.009999990463256836e+00 -5.008453440530592771e-02 -6.400087392074003956e-02
1.019999980926513672e+00 -4.886560798645415288e-02 -6.314834019912905771e-02
1.029999971389770508e+00 -4.752820939931468036e-02 -6.212451310246071973e-02
1.039999961853027344e+00 -4.608404558346749363e-02 -6.094146699785277926e-02
1.049999952316284180e+00 -4.454452717352531260e-02 -5.961114304382508777e-02
1.059999942779541016e+00 -4.292074943360514594e-02 -5.814532445331305199e-02
1.069999933242797852e+00 -4.122347484466228756e-02 -5.655561294499997227e-02
1.079999923706054688e+00 -3.946311734096139001e-02 -5.485340641647503540e-02
1.090000033378601074e+00 -3.764970629187777001e-02 -5.304985580798819017e-02
1.100000023841857910e+00 -3.579296112125158330e-02 -5.115593252748541764e-02
1.110000014305114746e+00 -3.390215053801021866e-02 -4.918228074906555447e-02
1.120000004768371582e+00 -3.198616919987085083e-02 -4.713928515981476164e-02
1.129999995231628418e+00 -3.005350863419610843e-02 -4.503703416305928492e-02
1.139999985694885254e+00 -2.811225099912526351e-02 -4.288530532478800061e-02
1.149999976158142090e+00 -2.617006432704110930e-02 -4.069355214711473101e-02
1.159999966621398926e+00 -2.423419920954471979e-02 -3.847089216626528585e-02
1.169999957084655762e+00 -2.231148687968967023e-02 -3.622609636852153897e-02
1.179999947547912598e+00 -2.040833864409299231e-02 -3.396757991363773266e-02
1.189999938011169434e+00 -1.853074661469367168e-02 -3.170339415147856166e-02
1.199999928474426270e+00 -1.668428568737145151e-02 -2.944121991402021826e-02
1.209999918937683105e+00 -1.487411671236608425e-02 -2.718836206141316686e-02
1.220000028610229492e+00 -1.310496997211490523e-02 -2.495171871814200193e-02
1.230000019073486328e+00 -1.138123443717309335e-02 -2.273788471703791156e-02
1.240000009536743164e+00 -9.706837547691577264e-03 -2.055298965550732271e-02
1.250000000000000000e+00 -8.085337476376054655e-03 -1.840280412012238950e-02
1.259999990463256836e+00 -6.519910028878947265e-03 -1.629271330271114815e-02
1.269999980926513672e+00 -5.013357716868440880e-03 -1.422771845327216490e-02
1.279999971389770508e+00 -3.568119597206429513e-03 -1.221243935670900983e-02
1.289999961853027344e+00 -2.186281813838229001e-03 -1.025111779121199752e-02
1.299999952316284180e+00 -8.695887790884195608e-04 -8.347621924390338094e-03
1.309999942779541016e+00 3.805450686272366886e-04 -6.505451601734897789e-03
1.319999933242797852e+00 1.563022993134380572e-03 -4.727744480667844806e-03
1.329999923706054688e+00 2.677053236604724513e-03 -3.017282962310388963e-03
1.339999914169311523e+00 3.722135904234673363e-03 -1.376501872169897094e-03
1.350000023841857910e+00 4.698060738632259953e-03 1.925214286419121618e-04
1.360000014305114746e+00 5.604847690912006901e-03 1.687984052698410318e-03
1.370000004768371582e+00 6.442802785905816197e-03 3.108460213563901762e-03
1.379999995231628418e+00 7.212456663280001137e-03 4.452815350492481984e-03
1.389999985694885254e+00 7.914562418884704686e-03 5.720214590021971759e-03
1.399999976158142090e+00 8.550081344421216548e-03 6.910111624776850078e-03
1.409999966621398926e+00 9.120168661561194393e-03 8.022237195283438496e-03
1.419999957084655762e+00 9.626159298342136170e-03 9.056587224455398336e-03
1.429999947547912598e+00 1.006955375352012495e-02 1.001341065377394333e-02
1.439999938011169434e+00 1.045200409234053711e-02 1.089319702941029221e-02
1.449999928474426270e+00 1.077530011490089590e-02 1.169666388562561402e-02
1.459999918937683105e+00 1.104135573594003210e-02 1.242474397174466415e-02
1.469999909400939941e+00 1.125219561250259855e-02 1.307857236783917416e-02
1.480000019073486328e+00 1.140994362622516772e-02 1.365948002898593680e-02
1.490000009536743164e+00 1.151680322239443874e-02 1.416895398273689682e-02
1.500000000000000000e+00 1.157505621896726469e-02 1.460866589087599608e-02
1.509999990463256836e+00 1.158704261680590548e-02 1.498043059500765543e-02
1.519999980926513672e+00 1.155515112090043511e-02 1.528620066167800731e-02
1.529999971389770508e+00 1.148180788430191307e-02 1.552805370026981782e-02
1.539999961853027344e+00 1.136946568678908788e-02 1.570817984479088922e-02
1.549999952316284180e+00 1.122059356527323887e-02 1.582886943210809819e-02
1.559999942779541016e+00 1.103766691060452561e-02 1.589250090731814460e-02
1.569999933242797852e+00 1.082315804314794988e-02 1.590152898504940474e-02
1.579999923706054688e+00 1.057952727725499503e-02 1.585847309356338414e-02
1.589999914169311523e+00 1.030921448257408196e-02 1.576590612657903859e-02
1.599999904632568359e+00 1.001463114802467018e-02 1.562644352578420812e-02
1.610000014305114746e+00 9.698149058306035006e-03 1.544273027187618302e-02
1.620000004768371582e+00 9.362108728701022328e-03 1.521743998242296170e-02
1.629999995231628418e+00 9.008790313802549077e-03 1.495325191672437597e-02
1.639999985694885254e+00 8.640422563261548547e-03 1.465284984103163747e-02
1.649999976158142090e+00 8.259173770597247333e-03 1.431891110886293617e-02
1.659999966621398926e+00 7.867146866274767406e-03 1.395409810039123684e-02
1.669999957084655762e+00 7.466375001352134472e-03 1.356105009883023897e-02
1.679999947547912598e+00 7.058817613445636518e-03 1.314237561148101294e-02
1.689999938011169434e+00 6.646356965408019984e-03 1.270064514132675237e-02
1.699999928474426270e+00 6.230795145856718974e-03 1.223838441333632496e-02
1.709999918937683105e+00 5.813851519528165368e-03 1.175806805796375532e-02
1.719999909400939941e+00 5.397160614370890772e-03 1.126211375271250585e-02
1.730000019073486328e+00 4.982265502065547601e-03 1.075287068048347283e-02
1.740000009536743164e+00 4.570636279818032777e-03 1.023263902837362113e-02
1.750000000000000000e+00 4.163639478556217452e-03 9.703629028939179252e-03
1.759999990463256836e+00 3.762557374213049578e-03 9.167981068897766359e-03
1.769999980926513672e+00 3.368582872120985845e-03 8.627756085796470936e-03
1.779999971389770508e+00 2.982819692257378426e-03 8.084932393592187891e-03
1.789999961853027344e+00 2.606282877864153028e-03 7.541402932502566485e-03
1.799999952316284180e+00 2.239899609245052034e-03 6.998972933448442679e-03
1.809999942779541016e+00 1.884510304304698892e-03 6.459357986420040040e-03
1.819999933242797852e+00 1.540869987234455476e-03 5.924182501186823872e-03
1.829999923706054688e+00 1.209649906668704448e-03 5.394978547936172923e-03
1.839999914169311523e+00 8.914393846274577598e-04 4.873185064668364777e-03
1.849999904632568359e+00 5.867478776242846450e-04 4.360147417494183303e-03
1.860000014305114746e+00 2.960038501917979089e-04 3.857111367130096596e-03
1.870000004768371582e+00 1.957090246155290290e-05 3.365247159722897698e-03
1.879999995231628418e+00 -2.422704441029948806e-04 2.885614056808242026e-03
1.889999985694885254e+00 -4.893059841554382337e-04 2.419185280225253070e-03
1.899999976158142090e+00 -7.213885289940850801e-04 1.966843051930174373e-03
1.909999966621398926e+00 -9.384349519987046206e-04 1.529379952113501737e-03
1.919999957084655762e+00 -1.140423145327217926e-03 1.107500520431610978e-03
1.929999947547912598e+00 -1.327388903893275641e-03 7.018230836895977516e-04
1.939999938011169434e+00 -1.499422752116345587e-03 3.128817932659330725e-04
1.949999928474426270e+00 -1.656666728374003904e-03 -5.887114441576724689e-05
1.959999918937683105e+00 -1.799311141495485737e-03 -4.130630609899270562e-04
1.969999909400939941e+00 -1.927591313019690880e-03 -7.493982593210137422e-04
1.979999899864196777e+00 -2.041784318303414923e-03 -1.067655303057465661e-03
1.990000009536743164e+00 -2.142206855303036960e-03 -1.367687646236282178e-03
2.000000000000000000e+00 -2.229207396667791038e-03 -1.649406594733381862e-03
2.009999990463256836e+00 -2.303170175686917488e-03 -1.912799721483171350e-03
2.019999980926513672e+00 -2.364507092319466808e-03 -2.157913213924386470e-03
2.029999971389770508e+00 -2.413655899996152484e-03 -2.384852366010652147e-03
2.039999961853027344e+00 -2.451077177083528687e-03 -2.593778332599425574e-03
2.049999952316284180e+00 -2.477251369849689695e-03 -2.784904845540634843e-03
2.059999942779541016e+00 -2.492675914538406562e-03 -2.958494904788452808e-03
2.069999933242797852e+00 -2.497862445470636940e-03 -3.114857457338410154e-03
2.079999923706054688e+00 -2.493334095412140690e-03 -3.254344076248257868e-03
2.089999914169311523e+00 -2.479622893775799367e-03 -3.377345651437169312e-03
2.099999904632568359e+00 -2.457267267569265314e-03 -3.484289103377669495e-03
2.109999895095825195e+00 -2.426809649354477998e-03 -3.575634130199983884e-03
2.119999885559082031e+00 -2.388794195857359484e-03 -3.651869998123102260e-03
2.129999876022338867e+00 -2.343764620254987479e-03 -3.713512384512557187e-03
2.139999866485595703e+00 -2.292262140575422602e-03 -3.761100282244967275e-03
2.149999856948852539e+00 -2.234823546073354435e-03 -3.795192973436042460e-03
2.159999847412109375e+00 -2.171979382893996120e-03 -3.816367079964373427e-03
2.169999837875366211e+00 -2.104252259809296938e-03 -3.825213697600511695e-03
2.180000066757202148e+00 -2.032153507297932045e-03 -3.822335416387696080e-03
2.190000057220458984e+00 -1.956188705489927092e-03 -3.808344196511861436e-03
2.200000047683715820e+00 -1.876846018340644264e-03 -3.783858354282481577e-03
2.210000038146972656e+00 -1.794601763443036922e-03 -3.749500098330864947e-03
2.220000028610229492e+00 -1.709917644215247154e-03 -3.705893231211073325e-03
2.230000019073486328e+00 -1.623239765977502842e-03 -3.653660893995762816e-03
2.240000009536743164e+00 -1.534997764837964847e-03 -3.593423425260281953e-03
2.250000000000000000e+00 -1.445604046835159738e-03 -3.525796336575601903e-03
2.259999990463256836e+00 -1.355453134484486217e-03 -3.451388406106662733e-03
2.269999980926513672e+00 -1.264921117602692789e-03 -3.370799891407606861e-03
2.279999971389770508e+00 -1.174365205036472957e-03 -3.284620862019433946e-03
2.289999961853027344e+00 -1.084123373699587755e-03 -3.193429652010338748e-03
2.299999952316284180e+00 -9.945141111265727325e-04 -3.097791432154726413e-03
2.309999942779541016e+00 -9.058362475796893128e-04 -2.998256901024719170e-03
2.319999933242797852e+00 -8.183688735990219884e-04 -2.895361093868247752e-03
2.329999923706054688e+00 -7.323713387625791849e-04 -2.789622307770947898e-03
2.339999914169311523e+00 -6.480833273235255248e-04 -2.681541141245686113e-03
2.349999904632568359e+00 -5.657250063144584999e-04 -2.571599646063581473e-03
2.359999895095825195e+00 -4.854972416530604538e-04 -2.460260588834300901e-03
2.369999885559082031e+00 -4.075818777487777542e-04 -2.347966819560851851e-03
2.379999876022338867e+00 -3.321420760955255571e-04 -2.235140744135633798e-03
2.389999866485595703e+00 -2.593227083397087553e-04 -2.122183897509290987e-03
2.399999856948852539e+00 -1.892507993352776478e-04 -2.009476614052380615e-03
2.409999847412109375e+00 -1.220360157370724204e-04 -1.897377791441250865e-03
2.419999837875366211e+00 -5.777119573921742318e-05 -1.786224744233796437e-03
2.429999828338623047e+00 3.467084364118957567e-06 -1.676333143157255918e-03
2.440000057220458984e+00 6.161926025891890219e-05 -1.567994473823803398e-03
2.450000047683715820e+00 1.166366799868290098e-04 -1.461486430443954690e-03
2.460000038146972656e+00 1.684892721188340230e-04 -1.357057579913494233e-03
2.470000028610229492e+00 2.171592524362658458e-04 -1.254937978805367726e-03
2.480000019073486328e+00 2.626418581552960999e-04 -1.155336875417383629e-03
2.490000009536743164e+00 3.049446456377481523e-04 -1.058443074434301445e-03
2.500000000000000000e+00 3.440867785284586178e-04 -9.644253571925988323e-04
2.509999990463256836e+00 3.800983096661351740e-04 -8.734329531530426538e-04
2.519999980926513672e+00 4.130194599572580829e-04 -7.855960582145571488e-04
2.529999971389770508e+00 4.428998972405002294e-04 -7.010263955462774739e-04
2.539999961853027344e+00 4.697980180036106504e-04 -6.198178146723134878e-04
2.549999952316284180e+00 4.937802346465008842e-04 -5.420469246147039408e-04
2.559999942779541016e+00 5.149202708141607928e-04 -4.677737569834535089e-04
2.569999933242797852e+00 5.332984671522024217e-04 -3.970424549972783636e-04
2.579999923706054688e+00 5.490010996665111798e-04 -3.298819845242204713e-04
2.589999914169311523e+00 5.621197126979942922e-04 -2.663068633462131046e-04
2.599999904632568359e+00 5.727504683540135750e-04 -2.063179049755337166e-04
2.609999895095825195e+00 5.809935140706626918e-04 -1.499029734826721203e-04
2.619999885559082031e+00 5.869523698151030882e-04 -9.703774593362213448e-05
2.629999876022338867e+00 5.907333362752674758e-04 -4.768647917928109706e-05
2.639999866485595703e+00 5.924449252258984135e-04 -1.802777889432518812e-06
2.649999856948852539e+00 5.921973131055554077e-04 4.066963912207997986e-05
2.659999847412109375e+00 5.901018186892756541e-04 7.979617707650111949e-05
2.669999837875366211e+00 5.862704055964631632e-04 1.156506105487695472e-04
2.679999828338623047e+00 5.808152102334967776e-04 1.483143383980445068e-04
2.690000057220458984e+00 5.738479123882124500e-04 1.778763191708053340e-04
2.700000047683715820e+00 5.654800162188645084e-04 2.044296072643963787e-04
2.710000038146972656e+00 5.558214561393507542e-04 2.280748752748374027e-04
2.720000028610229492e+00 5.449808613844745213e-04 2.489168381986400671e-04
2.730000019073486328e+00 5.330650670760230057e-04 2.670643291856526031e-04
2.740000009536743164e+00 5.201788002240529752e-04 2.826296548833551257e-04
2.750000000000000000e+00 5.064243919139497542e-04 2.957279731242603411e-04
2.759999990463256836e+00 4.919015153667413535e-04 3.064766941363889635e-04
2.769999980926513672e+00 4.767069494739341806e-04 3.149949063048945491e-04
2.779999971389770508e+00 4.609343673280611180e-04 3.214028273648731021e-04
2.789999961853027344e+00 4.446741491963628837e-04 3.258212817613898374e-04
2.799999952316284180e+00 4.280132193174041727e-04 3.283712047733693129e-04
2.809999942779541016e+00 4.110349058388232846e-04 3.291731738633761574e-04
2.819999933242797852e+00 3.938188231588953653e-04 3.283469675858019304e-04
2.829999923706054688e+00 3.764407758848729185e-04 3.260111522618824842e-04
2.839999914169311523e+00 3.589726835771258305e-04 3.222826965113130505e-04
2.849999904632568359e+00 3.414825254098306003e-04 3.172766136175101726e-04
2.859999895095825195e+00 3.240343038460943978e-04 3.111056315966099161e-04
2.869999885559082031e+00 3.066880263978906027e-04 3.038798907393866640e-04
2.879999876022338867e+00 2.894997045188596203e-04 2.957066683005817758e-04
2.889999866485595703e+00 2.725213686606033623e-04 2.866901299214587718e-04
2.899999856948852539e+00 2.558010985106077650e-04 2.769311072891071862e-04
2.909999847412109375e+00 2.393830674219193607e-04 2.665269014598198793e-04
2.919999837875366211e+00 2.233076000412127164e-04 2.555711112039635280e-04
2.929999828338623047e+00 2.076112421425742088e-04 2.441534856659691838e-04
2.939999818801879883e+00 1.923268416790570594e-04 2.323598005754421911e-04
2.950000047683715820e+00 1.774832916537354588e-04 2.202714661075813162e-04
2.960000038146972656e+00 1.631070357681648061e-04 2.079666077703831955e-04
2.970000028610229492e+00 1.492200530460643785e-04 1.955182762134678634e-04
2.980000019073486328e+00 1.358414009486897116e-04 1.829955570718634704e-04
2.990000009536743164e+00 1.229869788575049035e-04 1.704632668613225745e-04
3.000000000000000000e+00 1.106696564024937002e-04 1.579819519683547762e-04
3.009999990463256836e+00 9.889940651727886724e-05 1.456079047199871767e-04
3.019999980926513672e+00 8.768344238954370632e-05 1.333931955142016862e-04
3.029999971389770508e+00 7.702635750626605029e-05 1.213857199834917212e-04
3.039999961853027344e+00 6.693026802611934953e-05 1.096292601601422798e-04
3.049999952316284180e+00 5.739495674565318808e-05 9.816355861216343164e-05
3.059999942779541016e+00 4.841801796161869303e-05 8.702440452341271787e-05
3.069999933242797852e+00 3.999500256848887092e-05 7.624373069981428953e-05
3.079999923706054688e+00 3.211956276788427027e-05 6.584972049563358597e-05
3.089999914169311523e+00 2.478359580490677736e-05 5.586692366925278148e-05
3.099999904632568359e+00 1.797738618506376993e-05 4.631638019646860217e-05
3.109999895095825195e+00 1.168974586448399844e-05 3.721575109091999781e-05
3.119999885559082031e+00 5.908151945073312491e-06 2.857945530543722792e-05
3.129999876022338867e+00 6.188814451295406076e-07 2.041881181478793285e-05
3.139999866485595703e+00 -4.192857245546387004e-06 1.274218600914557375e-05
3.149999856948852539e+00 -8.542796579015410233e-06 5.555139558444024098e-06
3.159999847412109375e+00 -1.244748604662953038e-05 -1.139417059657461885e-06
3.169999837875366211e+00 -1.592417263960868243e-05 -7.341070141403360377e-06
3.179999828338623047e+00 -1.899068581623831561e-05 -1.305174718600239009e-05
3.189999818801879883e+00 -2.166532718460527222e-05 -1.827556087351086064e-05
3.199999809265136719e+00 -2.396676507650069194e-05 -2.301865325564829434e-05
3.210000038146972656e+00 -2.591397650847369926e-05 -2.728913703867035125e-05
3.220000028610229492e+00 -2.752597476568777827e-05 -3.109654611881670845e-05
3.230000019073486328e+00 -2.882199724857570087e-05 -3.445229454719859054e-05
3.240000009536743164e+00 -2.982122713329988110e-05 -3.736910916636094256e-05
3.250000000000000000e+00 -3.054276453363017729e-05 -3.986099089922802820e-05
3.259999990463256836e+00 -3.100555241221768644e-05 -4.194307201432951899e-05
3.269999980926513672e+00 -3.122830779457073480e-05 -4.363147717541590299e-05
3.279999971389770508e+00 -3.122945824590030010e-05 -4.494318863230400404e-05
3.289999961853027344e+00 -3.102708355104952850e-05 -4.589591587262598999e-05
3.299999952316284180e+00 -3.063886251939842645e-05 -4.650797001786238040e-05
3.309999942779541016e+00 -3.008202481981920502e-05 -4.679814321147827483e-05
3.319999933242797852e+00 -2.937330773550979213e-05 -4.678559321251743816e-05
3.329999923706054688e+00 -2.852891771475266270e-05 -4.648973337442444305e-05
3.339999914169311523e+00 -2.756449658130238344e-05 -4.593012815653529278e-05
3.349999904632568359e+00 -2.649509225718809806e-05 -4.512639428449425607e-05
3.359999895095825195e+00 -2.533513384111819853e-05 -4.409810764588512251e-05
3.369999885559082031e+00 -2.409841087735845156e-05 -4.286471597879305991e-05
3.379999876022338867e+00 -2.279805664289904113e-05 -4.144545738372307979e-05
3.389999866485595703e+00 -2.144653527478284928e-05 -3.985928466343007469e-05
3.399999856948852539e+00 -2.005563255467112879e-05 -3.812479547077893098e-05
3.409999847412109375e+00 -1.863645016392467363e-05 -3.626016822171080077e-05
3.419999837875366211e+00 -1.719940321971241649e-05 -3.428310370887527211e-05
3.429999828338623047e+00 -1.575422090073563952e-05 -3.221077233137161166e-05
3.439999818801879883e+00 -1.430994997015153821e-05 -3.005976683740781380e-05
3.449999809265136719e+00 -1.287496100305013807e-05 -2.784606045956859957e-05
3.460000038146972656e+00 -1.145692357821472892e-05 -2.558491595073657062e-05
3.470000028610229492e+00 -1.006295218368332342e-05 -2.329107089327889899e-05
3.480000019073486328e+00 -8.699416311463747646e-06 -2.097838716443170410e-05
3.490000009536743164e+00 -7.372091439758867907e-06 -1.866004406848325542e-05
3.500000000000000000e+00 -6.086141894754532486e-06 -1.634846772620874309e-05
3.509999990463256836e+00 -4.846139333843994136e-06 -1.405531825742619773e-05
3.519999980926513672e+00 -3.656082634452598852e-06 -1.179148115225887012e-05
3.529999971389770508e+00 -2.519419016632379467e-06 -9.567062623739175053e-06
3.539999961853027344e+00 -1.439066232363157142e-06 -7.391388729291560766e-06
3.549999952316284180e+00 -4.174356597229914708e-07 -5.273008044837571713e-06
3.559999942779541016e+00 5.435438544648691644e-07 -3.219697672421841768e-06
3.569999933242797852e+00 1.442401554076182644e-06 -1.238472360601870679e-06
3.579999923706054688e+00 2.278099879675814060e-06 6.644034838159038268e-07
3.589999914169311523e+00 3.050009259237875907e-06 2.483401113889481081e-06
3.599999904632568359e+00 3.757882715121362596e-06 4.213710310400946768e-06
3.609999895095825195e+00 4.401830412153186473e-06 5.851220017373626302e-06
3.619999885559082031e+00 4.982294264684597522e-06 7.392496960254815395e-06
3.629999876022338867e+00 5.500022713398818244e-06 8.834762458121204985e-06
3.639999866485595703e+00 5.956045775520574538e-06 1.017586763702009128e-05
3.649999856948852539e+00 6.351650464699925755e-06 1.141426724651091938e-05
3.659999847412109375e+00 6.688356669571219152e-06 1.254899227598854979e-05
3.669999837875366211e+00 6.967893572584703244e-06 1.357962156126661647e-05
3.679999828338623047e+00 7.192176683311572338e-06 1.450625256531727579e-05
3.689999818801879883e+00 7.363285553140354930e-06 1.532947151015538452e-05
3.699999809265136719e+00 7.483442230913111983e-06 1.605032302940563718e-05
3.709999799728393555e+00 7.554990511919237077e-06 1.667027950348883304e-05
3.720000028610229492e+00 7.580376100438445007e-06 1.719122148793549745e-05
3.730000019073486328e+00 7.562126265340305515e-06 1.761535956309953643e-05
3.740000009536743164e+00 7.502835254155870750e-06 1.794527804730525758e-05
3.750000000000000000e+00 7.405143648008151408e-06 1.818385253550091661e-05
3.759999990463256836e+00 7.271723267264784187e-06 1.833423338366852861e-05
3.769999980926513672e+00 7.105261897035963038e-06 1.839981608215384416e-05
3.779999971389770508e+00 6.908448985211640422e-06 1.838421221343121710e-05
3.789999961853027344e+00 6.683962314651302441e-06 1.829122108902571343e-05
3.799999952316284180e+00 6.434455646044376283e-06 1.812480215184049677e-05
3.809999942779541016e+00 6.162547323183749934e-06 1.788904822176791548e-05
3.819999933242797852e+00 5.870809827995987867e-06 1.758815965423383867e-05
3.829999923706054688e+00 5.561760268631910428e-06 1.722641947328456215e-05
3.839999914169311523e+00 5.237851780261416668e-06 1.680816953294182893e-05
3.849999904632568359e+00 4.901465814933976087e-06 1.633778775294674241e-05
3.859999895095825195e+00 4.554905293963454913e-06 1.581966646758760193e-05
3.869999885559082031e+00 4.200388593771153266e-06 1.525819191920754668e-05
3.879999876022338867e+00 3.840044333975333307e-06 1.465772492111818180e-05
3.889999866485595703e+00 3.475906934717844326e-06 1.402258270811297023e-05
3.899999856948852539e+00 3.109912908785819881e-06 1.335702198651138609e-05
3.909999847412109375e+00 2.743897852981052131e-06 1.266522318975516845e-05
3.919999837875366211e+00 2.379594102404699682e-06 1.195127593997650394e-05
3.929999828338623047e+00 2.018629010850039940e-06 1.121916571068462412e-05
3.939999818801879883e+00 1.662523820269227067e-06 1.047276168079755504e-05
3.949999809265136719e+00 1.312693082354683235e-06 9.715805765649706307e-06
3.959999799728393555e+00 9.704445955299825250e-07 8.951902806344051247e-06
3.970000028610229492e+00 6.369719843548862802e-07 8.184493583877598411e-06
3.980000019073486328e+00 3.133871543587660212e-07 7.416920531933063673e-06
3.990000009536743164e+00 6.738191394626713845e-10 6.652311357410779045e-06
4.000000000000000000e+00 -3.002788123618470402e-07 5.893646798972152765e-06
4.009999752044677734e+00 -5.886753882788330290e-07 5.143755688790121623e-06
4.019999980926513672e+00 -8.638457204524786825e-07 4.405222736623749214e-06
4.029999732971191406e+00 -1.125168936977179998e-06 3.680580647173506399e-06
4.039999961853027344e+00 -1.372168168358228772e-06 2.972045500469384124e-06
4.049999713897705078e+00 -1.604407916982023915e-06 2.281791915839542964e-06
4.059999942779541016e+00 -1.821584935971125542e-06 1.611683288044749074e-06
4.069999694824218750e+00 -2.023436285490190450e-06 9.635354856544793206e-07
4.079999923706054688e+00 -2.209818554086133688e-06 3.388631501832677507e-07
4.089999675750732422e+00 -2.380627199032677056e-06 -2.608711970147597944e-07
4.099999904632568359e+00 -2.535863827548899700e-06 -8.344923004490522227e-07
4.110000133514404297e+00 -2.675573454143159902e-06 -1.380905638303319217e-06
4.119999885559082031e+00 -2.799868320996248744e-06 -1.899185099051652715e-06
4.130000114440917969e+00 -2.908938364365930987e-06 -2.388636859794698879e-06
4.139999866485595703e+00 -3.003007519151663521e-06 -2.848624943569765273e-06
4.150000095367431641e+00 -3.082371353209430667e-06 -3.278752515839999257e-06
4.159999847412109375e+00 -3.147357100168830133e-06 -3.678680872443482837e-06
4.170000076293945312e+00 -3.198350010296847228e-06 -4.048287503041365638e-06
4.179999828338623047e+00 -3.235764512448413757e-06 -4.387507345176506197e-06
4.190000057220458984e+00 -3.260059843802478217e-06 -4.696467320546042211e-06
4.199999809265136719e+00 -3.271721821065060401e-06 -4.975350271313577066e-06
4.210000038146972656e+00 -3.271268434408778498e-06 -5.224506073720779322e-06
4.219999790191650391e+00 -3.259241585133113384e-06 -5.444338273651663886e-06
4.230000019073486328e+00 -3.236203428579971269e-06 -5.635392240160913481e-06
4.239999771118164062e+00 -3.202737336157057030e-06 -5.798264157089823959e-06
4.250000000000000000e+00 -3.159435848501278969e-06 -5.933666994797315457e-06
4.259999752044677734e+00 -3.106910042936553807e-06 -6.042361195301546168e-06
4.269999980926513672e+00 -3.045770012596883133e-06 -6.125199512894650763e-06
4.279999732971191406e+00 -2.976641764671821109e-06 -6.183078452901411098e-06
4.289999961853027344e+00 -2.900141174779990341e-06 -6.216963260837625024e-06
4.299999713897705078e+00 -2.816897505249553092e-06 -6.227858939685526144e-06
4.309999942779541016e+00 -2.727521798205495082e-06 -6.216816853419351154e-06
4.319999694824218750e+00 -2.632636085011697029e-06 -6.184923954248255332e-06
4.329999923706054688e+00 -2.532837178010962401e-06 -6.133292610938046938e-06
4.339999675750732422e+00 -2.428730640442759695e-06 -6.063066524683961878e-06
4.349999904632568359e+00 -2.320890917429928583e-06 -5.975395497509419665e-06
4.360000133514404297e+00 -2.209893789453551869e-06 -5.871451076046876930e-06
4.369999885559082031e+00 -2.096300545151376556e-06 -5.752414670890593559e-06
4.380000114440917969e+00 -1.980639598135773879e-06 -5.619451958070903168e-06
4.389999866485595703e+00 -1.863443343568154356e-06 -5.473749430770792940e-06
4.400000095367431641e+00 -1.745203007277159595e-06 -5.316459379781783431e-06
4.409999847412109375e+00 -1.626412243809618708e-06 -5.148750923390860498e-06
4.420000076293945312e+00 -1.507521285630504424e-06 -4.971746241680170530e-06
4.429999828338623047e+00 -1.388981441596961584e-06 -4.786580551503004915e-06
4.440000057220458984e+00 -1.271199260838131547e-06 -4.594331359775999215e-06
4.449999809265136719e+00 -1.154581205701778268e-06 -4.396085655530510593e-06
4.460000038146972656e+00 -1.039488476425781099e-06 -4.192863883194158245e-06
4.469999790191650391e+00 -9.262811954158469084e-07 -3.985692678958242157e-06
4.480000019073486328e+00 -8.152744678883608215e-07 -3.775525180808311225e-06
4.489999771118164062e+00 -7.067814811700844331e-07 -3.563317712430631259e-06
4.500000000000000000e+00 -6.010713047387982703e-07 -3.349947945858638636e-06
4.509999752044677734e+00 -4.984103777127121750e-07 -3.136294029594092589e-06
4.519999980926513672e+00 -3.990224804812950580e-07 -2.923152005461292119e-06
4.529999732971191406e+00 -3.031281544118796330e-07 -2.711315985372154569e-06
4.539999961853027344e+00 -2.109072076530825263e-07 -2.501496099465210013e-06
4.549999713897705078e+00 -1.225356821517131737e-07 -2.294398444905114286e-06
4.559999942779541016e+00 -3.815118907260810694e-08 -2.090644710596273208e-06
4.569999694824218750e+00 4.211289157506589758e-08 -1.890850748612182297e-06
4.579999923706054688e+00 1.181590145088074014e-07 -1.695548884472075801e-06
4.589999675750732422e+00 1.898942832454838202e-07 -1.505264094451949036e-06
4.599999904632568359e+00 2.572588218232100663e-07 -1.320439872133115353e-06
4.610000133514404297e+00 3.202006783912274648e-07 -1.141502744587127027e-06
4.619999885559082031e+00 3.786863748813888555e-07 -9.688343566038741927e-07
4.630000114440917969e+00 4.327076495739298413e-07 -8.027487370313682069e-07
4.639999866485595703e+00 4.822617769813652413e-07 -6.435499853293411410e-07
4.650000095367431641e+00 5.273714760520930531e-07 -4.914699388798207254e-07
4.659999847412109375e+00 5.680652948241535345e-07 -3.467299182565038132e-07
4.670000076293945312e+00 6.043941114004430954e-07 -2.094839311912676490e-07
4.679999828338623047e+00 6.364148808025377106e-07 -7.987511273388868319e-08
4.690000057220458984e+00 6.642037837272455379e-07 4.201525508246740030e-08
4.699999809265136719e+00 6.878432694447361811e-07 1.561169030645981867e-07
4.710000038146972656e+00 7.074319472760858870e-07 2.624155756737182857e-07
4.719999790191650391e+00 7.230748177429918167e-07 3.609079708637485752e-07
4.730000019073486328e+00 7.348900379785962355e-07 4.516407043479776509e-07
4.739999771118164062e+00 7.430021969084586595e-07 5.346711030385185455e-07
4.750000000000000000e+00 7.475461184001260231e-07 6.101001733612726638e-07
4.759999752044677734e+00 7.486630050222717554e-07 6.780392246301816000e-07
4.769999980926513672e+00 7.465014715892736315e-07 7.386369699079276996e-07
4.779999732971191406e+00 7.412163559366949072e-07 7.920518681947733221e-07
4.789999961853027344e+00 7.329672005045179554e-07 8.384735641178568271e-07
4.799999713897705078e+00 7.219195074312110865e-07 8.781007605370111714e-07
4.809999942779541016e+00 7.082409067976814183e-07 9.111572708091617445e-07
4.819999694824218750e+00 6.921046170071139414e-07 9.378751665202212382e-07
4.829999923706054688e+00 6.736835550798159804e-07 9.585057731033222343e-07
4.839999675750732422e+00 6.531557515297980905e-07 9.733077809299595031e-07
4.849999904632568359e+00 6.306966705237156474e-07 9.825535617610854874e-07
4.859999656677246094e+00 6.064863210066658003e-07 9.865218851937535763e-07
4.869999885559082031e+00 5.807000624860801454e-07 9.854999699933467951e-07
4.880000114440917969e+00 5.535158239950033410e-07 9.797800316105400871e-07
4.889999866485595703e+00 5.251103084174388805e-07 9.696594093839285250e-07
4.900000095367431641e+00 4.956540170894692659e-07 9.554367127037661868e-07
4.909999847412109375e+00 4.653202649974262859e-07 9.374143381490291349e-07
4.920000076293945312e+00 4.342734183763938019e-07 9.158918220123294871e-07
4.929999828338623047e+00 4.026798925949537007e-07 8.911714179754842335e-07
4.940000057220458984e+00 3.706958381257915867e-07 8.635487841121870882e-07
4.949999809265136719e+00 3.384786815581585319e-07 8.333212398308440248e-07
4.960000038146972656e+00 3.061745165762513023e-07 8.007762516336085509e-07
4.969999790191650391e+00 2.739299530488892661e-07 7.662019224961915324e-07
4.980000019073486328e+00 2.418794544226404536e-07 7.298737299887751075e-07
4.989999771118164062e+00 2.101572732996332512e-07 6.920668103676337907e-07
5.000000000000000000e+00 1.788849583030348876e-07 6.530413856663244216e-07
5.009999752044677734e+00 1.481831701407240740e-07 6.130564198959972668e-07
5.019999980926513672e+00 1.181595600568968038e-07 5.723541491974657493e-07
5.029999732971191406e+00 8.892027776639121897e-08 5.311747078894317499e-07
5.039999961853027344e+00 6.055840073156668692e-08 4.897401486409172179e-07
5.049999713897705078e+00 3.316496423150631495e-08 4.482696608882368260e-07
5.059999942779541016e+00 6.818096492686034675e-09 4.069634370819973020e-07
5.069999694824218750e+00 -1.840657875890996724e-08 3.660181344526713993e-07
5.079999923706054688e+00 -4.244597117359763144e-08 3.256109095933647153e-07
5.089999675750732422e+00 -6.523987744207031777e-08 2.859148059146651502e-07
5.099999904632568359e+00 -8.674006901840376938e-08 2.470832429668400608e-07
5.109999656677246094e+00 -1.069015091665520543e-07 2.092650454758214919e-07
5.119999885559082031e+00 -1.256904189081726491e-07 1.725896366707618593e-07
5.130000114440917969e+00 -1.430772380925576404e-07 1.371798033387618953e-07
5.139999866485595703e+00 -1.590396362987687730e-07 1.031460871750930398e-07
5.150000095367431641e+00 -1.735643017375117046e-07 7.058230451615328469e-08
5.159999847412109375e+00 -1.866415718259859423e-07 3.957689098730689294e-08
5.170000076293945312e+00 -1.982707437025927431e-07 1.020069872002760739e-08
5.179999828338623047e+00 -2.084548440268372192e-07 -1.748095507180466547e-08
5.190000057220458984e+00 -2.172048124077778054e-07 -4.341920866690632869e-08
5.199999809265136719e+00 -2.245353509901973088e-07 -6.757080446641270403e-08
5.210000038146972656e+00 -2.304679947228800733e-07 -8.990764273690794236e-08
5.219999790191650391e+00 -2.350280332587113833e-07 -1.104072174240563085e-07
5.230000019073486328e+00 -2.382464982257501967e-07 -1.290607512503063258e-07
5.239999771118164062e+00 -2.401581321690368079e-07 -1.458649762035987769e-07
5.250000000000000000e+00 -2.408023374029128665e-07 -1.608288287897876832e-07
5.259999752044677734e+00 -2.402221504599007542e-07 -1.739666021564055841e-07
5.269999980926513672e+00 -2.384642097486999403e-07 -1.853032084488524617e-07
5.279999732971191406e+00 -2.355786794592056989e-07 -1.948687013228806183e-07
5.289999961853027344e+00 -2.316183042048706620e-07 -2.027021378269225106e-07
5.299999713897705078e+00 -2.266392136877759835e-07 -2.088474444071650186e-07
5.309999942779541016e+00 -2.206991419079363550e-07 -2.133559334589744275e-07
5.319999694824218750e+00 -2.138590332235640994e-07 -2.162834630437179021e-07
5.329999923706054688e+00 -2.061805116198231732e-07 -2.176916830897846218e-07
5.339999675750732422e+00 -1.977282001833622444e-07 -2.176464190874458022e-07
5.349999904632568359e+00 -1.885665324544235611e-07 -2.162177398794352832e-07
5.359999656677246094e+00 -1.787626907515409520e-07 -2.134794786195666322e-07
5.369999885559082031e+00 -1.683828568199393677e-07 -2.095082281689733377e-07
5.380000114440917969e+00 -1.574951397297205746e-07 -2.043836281154421331e-07
5.389999866485595703e+00 -1.461680177987678166e-07 -1.981877577845786864e-07
5.400000095367431641e+00 -1.344683472756370130e-07 -1.910035485013356759e-07
5.409999847412109375e+00 -1.224649274258597423e-07 -1.829165237117947003e-07
5.420000076293945312e+00 -1.102237966622537250e-07 -1.740116438391938281e-07
5.429999828338623047e+00 -9.781254431338656405e-08 -1.643759506138811393e-07
5.440000057220458984e+00 -8.529540766751654758e-08 -1.540947806035788704e-07
5.449999809265136719e+00 -7.273774861979768305e-08 -1.432550269137896881e-07
5.460000038146972656e+00 -6.020105522920753760e-08 -1.319408562575174816e-07
5.469999790191650391e+00 -4.774748670729199279e-08 -1.202374606265638709e-07
5.480000019073486328e+00 -3.543488044605037646e-08 -1.082264120462214015e-07
5.489999771118164062e+00 -2.332127369263417212e-08 -9.598977805010887102e-08
5.500000000000000000e+00 -1.146001280279303373e-08 -8.360524524514462464e-08
5.509999752044677734e+00 9.583393344135538194e-11 -7.115047587269686870e-08
5.519999980926513672e+00 1.129817387480886345e-08 -5.869812610424206284e-08
5.529999732971191406e+00 2.209966441340233590e-08 -4.632032638837891179e-08
5.539999961853027344e+00 3.245813379604412933e-08 -3.408371325552343047e-08
5.549999713897705078e+00 4.233261304687206203e-08 -2.205392327253406715e-08
5.559999942779541016e+00 5.168740523190298807e-08 -1.029074822838107150e-08
5.569999694824218750e+00 6.048843649422389762e-08 1.147458876149646571e-09
5.579999923706054688e+00 6.870690907023179822e-08 1.220840581048598120e-08
5.589999675750732422e+00 7.631602374630806136e-08 2.284163486251603732e-08
5.599999904632568359e+00 8.329416311661786857e-08 3.300283419962269104e-08
5.609999656677246094e+00 8.962202813393760334e-08 4.264987237680817878e-08
5.619999885559082031e+00 9.528531012267854334e-08 5.174672393770147263e-08
5.629999637603759766e+00 1.002722742552940371e-07 6.025983425075326959e-08
5.639999866485595703e+00 1.045758913723753750e-07 6.816159753662867677e-08
5.650000095367431641e+00 1.081920473520797451e-07 7.542744066534570257e-08
5.659999847412109375e+00 1.111203384283528997e-07 8.203715070535270764e-08
5.670000076293945312e+00 1.133642585299897242e-07 8.797563786502667978e-08
5.679999828338623047e+00 1.149302006454214323e-07 9.323074350991242173e-08
5.690000057220458984e+00 1.158281946738945546e-07 9.779541895666380367e-08
5.699999809265136719e+00 1.160711721751856135e-07 1.016656211212922662e-07
5.710000038146972656e+00 1.156751612533091041e-07 1.048419352492628399e-07
5.719999790191650391e+00 1.146590262328066842e-07 1.073279654707183892e-07
5.730000019073486328e+00 1.130441446377808916e-07 1.091314001684965929e-07
5.739999771118164062e+00 1.108546034003124013e-07 1.102629019110246694e-07
5.750000000000000000e+00 1.081163925978772192e-07 1.107366260932427111e-07
5.759999752044677734e+00 1.048580320796658660e-07 1.105696041249505777e-07
5.769999980926513672e+00 1.011093248284211251e-07 1.097817368586298525e-07
5.779999732971191406e+00 9.690238095931435605e-08 1.083956551275072635e-07
5.789999961853027344e+00 9.226998023211319155e-08 1.064362191295846470e-07
5.799999713897705078e+00 8.724695432710774495e-08 1.039308315492351833e-07
5.809999942779541016e+00 8.186821309493231011e-08 1.009084823918335445e-07
5.819999694824218750e+00 7.617044091317201388e-08 9.740048208204378343e-08
5.829999923706054688e+00 7.018984471807843957e-08 9.343909814937063911e-08
5.839999675750732422e+00 6.396411617354011038e-08 8.905866897233453477e-08
5.849999904632568359e+00 5.752996143396706401e-08 8.429388417170260762e-08
5.859999656677246094e+00 5.092527784299691469e-08 7.918123409632157044e-08
5.869999885559082031e+00 4.418652585122222796e-08 7.375698979996392502e-08
5.879999637603759766e+00 3.735106705249562751e-08 6.805893901402712161e-08
5.889999866485595703e+00 3.045443784027212840e-08 6.212412416871195042e-08
5.900000095367431641e+00 2.353246467689547845e-08 5.599051586277951058e-08
5.909999847412109375e+00 1.662014766627059386e-08 4.969605169584707890e-08
5.920000076293945312e+00 9.750532448906898801e-09 4.327751165042709600e-08
5.929999828338623047e+00 2.956888521006218619e-09 3.677245956375873674e-08
5.940000057220458984e+00 -3.730017078800817374e-09 3.021663732419767696e-08
5.949999809265136719e+00 -1.027943799840901364e-08 2.364628129146608097e-08
5.960000038146972656e+00 -1.666328556236768283e-08 1.709548125483060964e-08
5.969999790191650391e+00 -2.285371987908123998e-08 1.059854011410406815e-08
5.980000019073486328e+00 -2.882565280719244264e-08 4.187352726439200857e-09
5.989999771118164062e+00 -3.455445699750817102e-08 -2.106243224289590564e-09
6.000000000000000000e+00 -4.001829488059070103e-08 -8.253016755287809039e-09
6.009999752044677734e+00 -4.519598636089832424e-08 -1.422405068346712965e-08
6.019999980926513672e+00 -5.006912886071361228e-08 -1.999317189791478947e-08
6.029999732971191406e+00 -5.462015942469090115e-08 -2.553476183377844659e-08
6.039999961853027344e+00 -5.883423597423671708e-08 -3.082602453268113548e-08
6.049999713897705078e+00 -6.269752414787750387e-08 -3.584494145203217404e-08
6.059999942779541016e+00 -6.619881511581862650e-08 -4.057233949465592517e-08
6.069999694824218750e+00 -6.932806169428522616e-08 -4.499002607150723894e-08
6.079999923706054688e+00 -7.207771332025419382e-08 -4.908262480355795828e-08
6.089999675750732422e+00 -7.444151998060517393e-08 -5.283592125916572663e-08
6.099999904632568359e+00 -7.641557020940081448e-08 -5.623843981303798273e-08
6.109999656677246094e+00 -7.799737530732855792e-08 -5.928002467038163188e-08
6.119999885559082031e+00 -7.918660150872877045e-08 -6.195313735505138907e-08
6.129999637603759766e+00 -7.998444093759218247e-08 -6.425169160805746660e-08
6.139999866485595703e+00 -8.039403438012371957e-08 -6.617205707815563758e-08
6.150000095367431641e+00 -8.042012178334852729e-08 -6.771222499173714069e-08
6.159999847412109375e+00 -8.006919633452548170e-08 -6.887218787853874763e-08
6.170000076293945312e+00 -7.934932415635196090e-08 -6.965398580406108126e-08
6.179999828338623047e+00 -7.827025146469934392e-08 -7.006131830408212479e-08
6.190000057220458984e+00 -7.684307261725369247e-08 -7.009979038637846454e-08
6.199999809265136719e+00 -7.508057389428201536e-08 -6.977669574581884505e-08
6.210000038146972656e+00 -7.299662063351695800e-08 -6.910096603772130230e-08
6.219999790191650391e+00 -7.060674934037728573e-08 -6.808321851144360049e-08
6.230000019073486328e+00 -6.792729324360864843e-08 -6.673542065215394286e-08
6.239999771118164062e+00 -6.497620175115382058e-08 -6.507118982202199480e-08
6.250000000000000000e+00 -6.177192828163185975e-08 -6.310519056031162885e-08
6.259999752044677734e+00 -5.833445271873496770e-08 -6.085366935644856422e-08
6.269999980926513672e+00 -5.468395948752487278e-08 -5.833360664965391354e-08
6.279999732971191406e+00 -5.084203591204761706e-08 -5.556346595064092413e-08
6.289999961853027344e+00 -4.683017208086659781e-08 -5.256212677728961581e-08
6.299999713897705078e+00 -4.267110589117059911e-08 -4.934982403243404166e-08
6.309999942779541016e+00 -3.838717918905255157e-08 -4.594689169262501116e-08
6.319999694824218750e+00 -3.400179877948979637e-08 -4.237486565684040808e-08
6.329999923706054688e+00 -2.953768552747511857e-08 -3.865507088738659628e-08
6.339999675750732422e+00 -2.501841972950167369e-08 -3.480985890052412980e-08
6.349999904632568359e+00 -2.046662122994404629e-08 -3.086107317559056621e-08
6.359999656677246094e+00 -1.590554726592277256e-08 -2.683139106179929495e-08
6.369999885559082031e+00 -1.135724214060590068e-08 -2.274270359580254350e-08
6.379999637603759766e+00 -6.844155942628276418e-09 -1.861753083793636339e-08
6.389999866485595703e+00 -2.387301884433459282e-09 -1.447735273089259966e-08
6.399999618530273438e+00 1.992134860360605215e-09 -1.034406675194124280e-08
6.409999847412109375e+00 6.274595389767065281e-09 -6.238306110510686399e-09
6.420000076293945312e+00 1.044077311294930846e-08 -2.180717061560418350e-09
6.429999828338623047e+00 1.447235505555496318e-08 1.808740344959583425e-09
6.440000057220458984e+00 1.835265622546926682e-08 5.711444706203297205e-09
6.449999809265136719e+00 2.206536668317077103e-08 9.508878073064663463e-09
6.460000038146972656e+00 2.559609431928650841e-08 1.318418992150823129e-08
6.469999790191650391e+00 2.893100913837410046e-08 1.672082462663150828e-08
6.480000019073486328e+00 3.205823530728779091e-08 2.010398480571465106e-08
6.489999771118164062e+00 3.496662057197032273e-08 2.331934289224967535e-08
6.500000000000000000e+00 3.764695625114093320e-08 2.635437811865091644e-08
6.509999752044677734e+00 4.009088993568906597e-08 2.919719438534972716e-08
6.519999980926513672e+00 4.229195688410799459e-08 3.183770901613274849e-08
6.529999732971191406e+00 4.424465081560386691e-08 3.426659614931320305e-08
6.539999961853027344e+00 4.594525509772340612e-08 3.647630957012466615e-08
6.549999713897705078e+00 4.739108293317571192e-08 3.846016762233999977e-08
6.559999942779541016e+00 4.858110165680350779e-08 4.021319677729235101e-08
6.569999694824218750e+00 4.951534999761832475e-08 4.173137064310265517e-08
6.579999923706054688e+00 5.019535357192444515e-08 4.301226534217131717e-08
6.589999675750732422e+00 5.062372324489036557e-08 4.405446165254185757e-08
6.599999904632568359e+00 5.080436438986665355e-08 4.485800762186855056e-08
6.609999656677246094e+00 5.074225674701057287e-08 4.542398927887969192e-08
6.619999885559082031e+00 5.044346410768959786e-08 4.575480010673015246e-08
6.629999637603759766e+00 4.991509254496635071e-08 4.585388218712707155e-08
6.639999866485595703e+00 4.916511079343167583e-08 4.572580609269393852e-08
6.649999618530273438e+00 4.820248037572774618e-08 4.537618084361186715e-08
6.659999847412109375e+00 4.703680003661084387e-08 4.481155138868629056e-08
6.670000076293945312e+00 4.567852898816220537e-08 4.403943079095923999e-08
6.679999828338623047e+00 4.413881722015962602e-08 4.306823386778222077e-08
6.690000057220458984e+00 4.242917059508657404e-08 4.190703072395074415e-08
6.699999809265136719e+00 4.056191183415994990e-08 4.056582848718828323e-08
6.710000038146972656e+00 3.854945889580596830e-08 3.905506430208076320e-08
6.719999790191650391e+00 3.640496351831875577e-08 3.738604739219426709e-08
6.730000019073486328e+00 3.414147694371187237e-08 3.557031739796498893e-08
6.739999771118164062e+00 3.177269732383298637e-08 3.362021036089503011e-08
6.750000000000000000e+00 2.931204352138908110e-08 3.154810073354021144e-08
6.759999752044677734e+00 2.677349207012764004e-08 2.936707478146903492e-08
6.769999980926513672e+00 2.417058016872006293e-08 2.709007587831659423e-08
6.779999732971191406e+00 2.151731189585693872e-08 2.473066727237666051e-08
6.789999961853027344e+00 1.882711155755044385e-08 2.230210116364988807e-08
6.799999713897705078e+00 1.611377832702743337e-08 1.981815166318021189e-08
6.809999942779541016e+00 1.339041085273523704e-08 1.729212864316651446e-08
6.819999694824218750e+00 1.067038941333335802e-08 1.473776103377758871e-08
6.829999923706054688e+00 7.966292198724997535e-09 1.216817658429989878e-08
6.839999675750732422e+00 5.290884419067382890e-09 9.596815387123465248e-09
6.849999904632568359e+00 2.656045954844353578e-09 7.036396493269557204e-09
6.859999656677246094e+00 7.374762294516186263e-11 4.499841732943521483e-09
6.869999885559082031e+00 -2.444991022720021571e-09 1.999249618271746380e-09
6.879999637603759766e+00 -4.889156935134240448e-09 -4.531898935998817949e-10
6.889999866485595703e+00 -7.248737935764482324e-09 -2.846194577496085205e-09
6.899999618530273438e+00 -9.513826677942434250e-09 -5.168502636265261608e-09
6.909999847412109375e+00 -1.167555076291371842e-08 -7.409826408175931686e-09
6.920000076293945312e+00 -1.372533584356408568e-08 -9.560109847839280513e-09
6.929999828338623047e+00 -1.565528182729748040e-08 -1.160991850475962196e-08
6.940000057220458984e+00 -1.745844103824776431e-08 -1.355074881592396732e-08
6.949999809265136719e+00 -1.912821297069221933e-08 -1.537438968535474678e-08
6.960000038146972656e+00 -2.065905207335571007e-08 -1.707369080094257753e-08
6.969999790191650391e+00 -2.204585084001071276e-08 -1.864189522653505949e-08
6.980000019073486328e+00 -2.328453871572784334e-08 -2.007330954986094008e-08
6.989999771118164062e+00 -2.437156711464412178e-08 -2.136272695476884737e-08
7.000000000000000000e+00 -2.530439115912540118e-08 -2.250598860584720360e-08
7.009999752044677734e+00 -2.608106226994593969e-08 -2.349950554283347496e-08
7.019999980926513672e+00 -2.670058677157116155e-08 -2.434070305842052478e-08
7.029999732971191406e+00 -2.716262936764868906e-08 -2.502764743441623337e-08
7.039999961853027344e+00 -2.746774511663668132e-08 -2.555936757342705657e-08
7.049999713897705078e+00 -2.761719483190513473e-08 -2.593559026184635863e-08
7.059999942779541016e+00 -2.761304949956270077e-08 -2.615693591550812603e-08
7.069999694824218750e+00 -2.745811645308502469e-08 -2.622476373787565795e-08
7.079999923706054688e+00 -2.715591793637253815e-08 -2.614124111271137518e-08
7.089999675750732422e+00 -2.671072483105957491e-08 -2.590929776863954437e-08
7.099999904632568359e+00 -2.612741367948980275e-08 -2.553257101681143014e-08
7.109999656677246094e+00 -2.541160282924519418e-08 -2.501546589052528197e-08
7.119999885559082031e+00 -2.456939475837540134e-08 -2.436298102917182636e-08
7.129999637603759766e+00 -2.360760775790324280e-08 -2.358086975321825059e-08
7.139999866485595703e+00 -2.253341277055227415e-08 -2.267535387345004496e-08
7.149999618530273438e+00 -2.135465218950158575e-08 -2.165337883083427275e-08
7.159999847412109375e+00 -2.007938254812954878e-08 -2.052222498665866428e-08
7.170000076293945312e+00 -1.871620372784580188e-08 -1.928978727399513168e-08
7.179999828338623047e+00 -1.727405544221963677e-08 -1.796440080390923569e-08
7.190000057220458984e+00 -1.576193672925793459e-08 -1.655457761309681618e-08
7.199999809265136719e+00 -1.418933895207106195e-08 -1.506940534799714111e-08
7.210000038146972656e+00 -1.256561378323101160e-08 -1.351795656892376910e-08
7.219999790191650391e+00 -1.090051345039283375e-08 -1.190979747995525522e-08
7.230000019073486328e+00 -9.203516115221233840e-09 -1.025434193588360468e-08
7.239999771118164062e+00 -7.484402218009505546e-09 -8.561406450814166803e-09
7.250000000000000000e+00 -5.752553663835915386e-09 -6.840524836463254380e-09
7.259999752044677734e+00 -4.017553432281824274e-09 -5.101536579901867231e-09
7.269999980926513672e+00 -2.288474919524089136e-09 -3.353878380461306864e-09
7.279999732971191406e+00 -5.744919713004635141e-10 -1.607192728196750681e-09
7.289999961853027344e+00 1.115825771767407696e-09 1.293874790232031954e-10
7.299999713897705078e+00 2.773905032482283381e-09 1.846623327977216589e-09
7.309999942779541016e+00 4.391852585969532734e-09 3.535876478320117802e-09
7.319999694824218750e+00 5.961861766392020305e-09 5.188499447469562123e-09
7.329999923706054688e+00 7.476861464653262409e-09 6.796518532388094710e-09
7.339999675750732422e+00 8.929948456943152729e-09 8.352042404639615915e-09
7.349999904632568359e+00 1.031498950073739017e-08 9.847907652873138486e-09
7.359999656677246094e+00 1.162609007768568292e-08 1.127711737994567941e-08
7.369999885559082031e+00 1.285813910270895668e-08 1.263343707807684021e-08
7.379999637603759766e+00 1.400632360327044755e-08 1.391087397556686562e-08
7.389999866485595703e+00 1.506660742642716899e-08 1.510421259831879418e-08
7.399999618530273438e+00 1.603530014476032686e-08 1.620854447822666916e-08
7.409999847412109375e+00 1.690946307980231719e-08 1.721973453912381432e-08
7.419999599456787109e+00 1.768653936139952100e-08 1.813400948247527561e-08
7.429999828338623047e+00 1.836468252328637737e-08 1.894834801047081326e-08
7.440000057220458984e+00 1.894247831658043543e-08 1.966016623376614662e-08
7.449999809265136719e+00 1.941906729674792949e-08 2.026746932828803622e-08
7.460000038146972656e+00 1.979417892294531940e-08 2.076891239036189409e-08
7.469999790191650391e+00 2.006796971034189844e-08 2.116360347579710998e-08
7.480000019073486328e+00 2.024114956920105860e-08 2.145128527317742912e-08
7.489999771118164062e+00 2.031485869976675150e-08 2.163217279907943424e-08
7.500000000000000000e+00 2.029071393897958865e-08 2.170704920268586162e-08
7.509999752044677734e+00 2.017075909230513588e-08 2.167718062140677993e-08
7.519999980926513672e+00 1.995743398880971606e-08 2.154432727092817257e-08
7.529999732971191406e+00 1.965359672224515710e-08 2.131073509998904281e-08
7.539999961853027344e+00 1.926241933329699124e-08 2.097906484823015157e-08
7.549999713897705078e+00 1.878747900148982366e-08 2.055245856072745797e-08
7.559999942779541016e+00 1.823258532176838315e-08 2.003439067863031470e-08
7.569999694824218750e+00 1.760193617164100993e-08 1.942880598232594536e-08
7.579999923706054688e+00 1.689988244018856810e-08 1.873989801241743183e-08
7.589999675750732422e+00 1.613114311594749787e-08 1.797231363219932331e-08
7.599999904632568359e+00 1.530051407207021828e-08 1.713086515839083298e-08
7.609999656677246094e+00 1.441313590453767964e-08 1.622079549937474356e-08
7.619999885559082031e+00 1.347415399518447033e-08 1.524743130976587727e-08
7.629999637603759766e+00 1.248903178965486277e-08 1.421650158983963710e-08
7.639999866485595703e+00 1.146316986413569298e-08 1.313373996994930277e-08
7.649999618530273438e+00 1.040225668306435728e-08 1.200524877057989598e-08
7.659999847412109375e+00 9.311854796237518666e-09 1.083705917527001982e-08
7.669999599456787109e+00 8.197780661117719778e-09 9.635532060548700120e-09
7.679999828338623047e+00 7.065666401885496740e-09 8.406885333259905342e-09
7.690000057220458984e+00 5.921305254132805512e-09 7.157562391110766189e-09
7.699999809265136719e+00 4.770471362213547963e-09 5.894036092220506593e-09
7.710000038146972656e+00 3.618729116706279899e-09 4.622594981565950211e-09
7.719999790191650391e+00 2.471793984966289568e-09 3.349737348938126366e-09
7.730000019073486328e+00 1.335071187161071831e-09 2.081659217816422955e-09
7.739999771118164062e+00 2.140689229802749695e-10 8.247102690522818034e-10
7.750000000000000000e+00 -8.860569155570055860e-10 -4.151164705091764558e-10
7.759999752044677734e+00 -1.960098865826371313e-09 -1.631734101549801225e-09
7.769999980926513672e+00 -3.003238632140777711e-09 -2.819460619575495845e-09
7.779999732971191406e+00 -4.010660192538838676e-09 -3.972582657127787590e-09
7.789999961853027344e+00 -4.977967804813351212e-09 -5.085833169317792158e-09
7.799999713897705078e+00 -5.900823100022273549e-09 -6.153977751714563004e-09
7.809999942779541016e+00 -6.775332658962764596e-09 -7.172262187353853190e-09
7.819999694824218750e+00 -7.597715352534422530e-09 -8.136028937283004003e-09
7.829999923706054688e+00 -8.364652434544289088e-09 -9.041126152525275907e-09
7.839999675750732422e+00 -9.072990559705140436e-09 -9.883561097917460392e-09
7.849999904632568359e+00 -9.720048142387963039e-09 -1.065986306886771285e-08
7.859999656677246094e+00 -1.030335858874448707e-08 -1.136677957108965315e-08
7.869999885559082031e+00 -1.082092762841324690e-08 -1.200158658929926514e-08
7.879999637603759766e+00 -1.127102035557457150e-08 -1.256183232566564729e-08
7.889999866485595703e+00 -1.165236533471440427e-08 -1.304558942770758388e-08
7.899999618530273438e+00 -1.196398807673819057e-08 -1.345125001162730673e-08
7.909999847412109375e+00 -1.220535893018955559e-08 -1.377771575234414771e-08
7.919999599456787109e+00 -1.237627463914451688e-08 -1.402424680426936168e-08
7.929999828338623047e+00 -1.247694832305811772e-08 -1.419058705261446914e-08
7.940000057220458984e+00 -1.250793962275684956e-08 -1.427687063283978782e-08
7.949999809265136719e+00 -1.247018726027400123e-08 -1.428367004137515378e-08
7.960000038146972656e+00 -1.236497953879847679e-08 -1.421197305642459831e-08
7.969999790191650391e+00 -1.219396346820986234e-08 -1.406318031325551257e-08
7.980000019073486328e+00 -1.195909132634654366e-08 -1.383906631209165373e-08
7.989999771118164062e+00 -1.166266969022732647e-08 -1.354182141734406574e-08
8.000000000000000000e+00 -1.130725261082833624e-08 -1.317395018198859385e-08
8.010000228881835938e+00 -1.089571365264273714e-08 -1.273834300352874402e-08
8.019999504089355469e+00 -1.043121768433083923e-08 -1.223825259369237188e-08
8.029999732971191406e+00 -9.917028596557475706e-09 -1.167708671856686008e-08
8.039999961853027344e+00 -9.356751704831243597e-09 -1.105867052875038850e-08
8.050000190734863281e+00 -8.754136334968705312e-09 -1.038703577116664325e-08
8.059999465942382812e+00 -8.113154782693013500e-09 -9.666509364227086068e-09
8.069999694824218750e+00 -7.437727778533063586e-09 -8.901405766195350254e-09
8.079999923706054688e+00 -6.732065271707745931e-09 -8.096411174990806844e-09
8.090000152587890625e+00 -6.000398429008226075e-09 -7.256283562620635388e-09
8.099999427795410156e+00 -5.247085185803038394e-09 -6.385973874029234500e-09
8.109999656677246094e+00 -4.476294512506313506e-09 -5.490261451158746520e-09
8.119999885559082031e+00 -3.692412471570320619e-09 -4.574223381830209599e-09
8.130000114440917969e+00 -2.899731539450611566e-09 -3.642875841724145299e-09
8.139999389648437500e+00 -2.102573655333245794e-09 -2.701317517152106538e-09
8.149999618530273438e+00 -1.304962771471228549e-09 -1.754341816302065501e-09
8.159999847412109375e+00 -5.110600285166854778e-10 -8.069498612125872074e-10
8.170000076293945312e+00 2.751606196206211396e-10 1.360336471122231926e-10
8.179999351501464844e+00 1.049782073627709750e-09 1.069806613421560272e-09
8.189999580383300781e+00 1.809255763968110663e-09 1.989967592064471709e-09
8.199999809265136719e+00 2.549973452360445800e-09 2.892001867439655352e-09
8.210000038146972656e+00 3.268578235580531064e-09 3.771658546843933871e-09
8.220000267028808594e+00 3.961902373035448600e-09 4.624878794809859680e-09
8.229999542236328125e+00 4.626915968936440141e-09 5.447735006871336519e-09
8.239999771118164062e+00 5.260987061568985205e-09 6.236756247877940023e-09
8.250000000000000000e+00 5.861508150963265251e-09 6.988469496770754104e-09
8.260000228881835938e+00 6.426158868506906525e-09 7.699727806134021076e-09
8.269999504089355469e+00 6.952797306140032840e-09 8.367578040570286153e-09
8.279999732971191406e+00 7.439660455183740794e-09 8.989519193367477610e-09
8.289999961853027344e+00 7.885064423569148175e-09 9.563125916094750732e-09
8.300000190734863281e+00 8.287609852116518653e-09 1.008631233426584313e-08
8.309999465942382812e+00 8.646097356672633292e-09 1.055722704403486171e-08
8.319999694824218750e+00 8.959658669872339277e-09 1.097442963390602660e-08
8.329999923706054688e+00 9.227549046084381084e-09 1.133662158380813573e-08
8.340000152587890625e+00 9.449285219714859629e-09 1.164283052323976769e-08
8.349999427795410156e+00 9.624590760236698795e-09 1.189234008331143834e-08
8.359999656677246094e+00 9.753454043554098823e-09 1.208477703467217410e-08
8.369999885559082031e+00 9.836022901911864421e-09 1.221996489593236577e-08
8.380000114440917969e+00 9.872670428070518959e-09 1.229802019283188789e-08
8.389999389648437500e+00 9.863973051083201644e-09 1.231932142568560333e-08
8.399999618530273438e+00 9.810696518794094591e-09 1.228450584891996281e-08
8.409999847412109375e+00 9.713794276977115864e-09 1.219445078360170814e-08
8.420000076293945312e+00 9.574401362371519995e-09 1.205027987079614223e-08
8.429999351501464844e+00 9.393844862454488521e-09 1.185337174534594658e-08
8.439999580383300781e+00 9.173563407004676020e-09 1.160527141108147316e-08
8.449999809265136719e+00 8.915202727462599014e-09 1.130779413686753250e-08
8.460000038146972656e+00 8.620542258499142226e-09 1.096294562579089377e-08
8.470000267028808594e+00 8.291501799443126206e-09 1.057292815585056497e-08
8.479999542236328125e+00 7.930168489785245529e-09 1.014017309698334748e-08
8.489999771118164062e+00 7.538646517873474181e-09 9.667160394658345191e-09
8.500000000000000000e+00 7.119254509791683485e-09 9.156654709916462519e-09
8.510000228881835938e+00 6.674380444552083022e-09 8.611531674596503422e-09
8.519999504089355469e+00 6.206549753676039611e-09 8.034860528850374652e-09
8.529999732971191406e+00 5.718233705051073723e-09 7.429667420125459034e-09
8.539999961853027344e+00 5.212106170211994195e-09 6.799251637499974328e-09
8.550000190734863281e+00 4.690855339628747274e-09 6.146953502794447342e-09
8.559999465942382812e+00 4.157266563200361827e-09 5.476257318702178768e-09
8.569999694824218750e+00 3.614005073081527134e-09 4.790517829651928362e-09
8.579999923706054688e+00 3.063908899601120358e-09 4.093328195495304472e-09
8.590000152587890625e+00 2.509773062614498809e-09 3.388248740551390666e-09
8.599999427795410156e+00 1.954439487328499162e-09 2.678920713108121378e-09
8.609999656677246094e+00 1.400571440184477466e-09 1.968777789086471428e-09
8.619999885559082031e+00 8.509580614497879493e-10 1.261434859625216866e-09
8.630000114440917969e+00 3.082886372018740852e-10 5.603996840370485376e-10
8.639999389648437500e+00 -2.247577680587766742e-10 -1.308120267835745248e-10
8.649999618530273438e+00 -7.457282499651947513e-10 -8.089570987566092680e-10
8.659999847412109375e+00 -1.252103866296129981e-09 -1.470686328503177808e-09
8.670000076293945312e+00 -1.741517034547114402e-09 -2.112826612870422220e-09
8.679999351501464844e+00 -2.211668710533300212e-09 -2.732273254935870175e-09
8.689999580383300781e+00 -2.660517737049387709e-09 -3.326240216968047252e-09
8.699999809265136719e+00 -3.086022608490867189e-09 -3.891920557155798556e-09
8.710000038146972656e+00 -3.486333238148365974e-09 -4.426739707788314369e-09
8.720000267028808594e+00 -3.859754613635838153e-09 -4.928308756086891595e-09
8.729999542236328125e+00 -4.204723769033679725e-09 -5.394394127284483110e-09
8.739999771118164062e+00 -4.519946109274083800e-09 -5.823103198516518644e-09
8.750000000000000000e+00 -4.804204099428112222e-09 -6.212627145307321048e-09
8.760000228881835938e+00 -5.056496845761169500e-09 -6.561430803016506839e-09
8.769999504089355469e+00 -5.275990331302133780e-09 -6.868186222023023375e-09
8.779999732971191406e+00 -5.462100615936970576e-09 -7.131891087007865176e-09
8.789999961853027344e+00 -5.614369437964516453e-09 -7.351696823946066825e-09
8.800000190734863281e+00 -5.732551150446694048e-09 -7.527031936017920859e-09
8.809999465942382812e+00 -5.816582519824775689e-09 -7.657560940575641423e-09
8.819999694824218750e+00 -5.866608934217330991e-09 -7.743228762104738948e-09
8.829999923706054688e+00 -5.882932516944567831e-09 -7.784183289284344294e-09
8.840000152587890625e+00 -5.866042427669557601e-09 -7.780825147118332710e-09
8.849999427795410156e+00 -5.816605324389555179e-09 -7.733793803640746544e-09
8.859999656677246094e+00 -5.735436180942541846e-09 -7.643938127681710649e-09
8.869999885559082031e+00 -5.623518529443486431e-09 -7.512334746146949398e-09
8.880000114440917969e+00 -5.481979578333400137e-09 -7.340264231761494419e-09
8.889999389648437500e+00 -5.312101074670528399e-09 -7.129224333957694828e-09
8.899999618530273438e+00 -5.115241267144302327e-09 -6.880833547499340781e-09
8.909999847412109375e+00 -4.892921262551919112e-09 -6.596939036290373748e-09
8.920000076293945312e+00 -4.646751272399310963e-09 -6.279525804237809266e-09
8.929999351501464844e+00 -4.378460235580603146e-09 -5.930755170231432409e-09
8.939999580383300781e+00 -4.089779265346074427e-09 -5.552813664554248154e-09
8.949999809265136719e+00 -3.782583268614761025e-09 -5.148097559278368796e-09
8.960000038146972656e+00 -3.458778344916283420e-09 -4.719066962760112717e-09
8.970000267028808594e+00 -3.120314277464957352e-09 -4.268261928637325011e-09
8.979999542236328125e+00 -2.769206685745609243e-09 -3.798332449769857270e-09
8.989999771118164062e+00 -2.407390241665445581e-09 -3.311841810489223989e-09
9.000000000000000000e+00 -2.036908638963411058e-09 -2.811520654713903401e-09
9.010000228881835938e+00 -1.659770822264255429e-09 -2.300074388951480965e-09
9.019999504089355469e+00 -1.278010142865851830e-09 -1.780262628096516317e-09
9.029999732971191406e+00 -8.935284491679385431e-10 -1.254686193146394378e-09
9.039999961853027344e+00 -5.083056061186478761e-10 -7.260717163461919289e-10
9.050000190734863281e+00 -1.242454506231433130e-10 -1.970612566682188752e-10
9.059999465942382812e+00 2.567598644485116741e-10 3.297003026110773924e-10
9.069999694824218750e+00 6.329823477092209469e-10 8.517771774284500341e-10
9.079999923706054688e+00 1.002646647515738200e-09 1.366651268535988442e-09
9.090000152587890625e+00 1.364082046687466874e-09 1.871933241758957103e-09
9.099999427795410156e+00 1.715658488256185336e-09 2.365274597995849591e-09
9.109999656677246094e+00 2.055924754978715253e-09 2.844562899356649569e-09
9.119999885559082031e+00 2.383411483397923663e-09 3.307646537788100990e-09
9.130000114440917969e+00 2.696770297069047293e-09 3.752531026316317720e-09
9.139999389648437500e+00 2.994715542197448889e-09 4.177297872724230283e-09
9.149999618530273438e+00 3.276139445993975099e-09 4.580270123420779016e-09
9.159999847412109375e+00 3.539943974681962811e-09 4.959773830853024658e-09
9.170000076293945312e+00 3.785158232464708672e-09 5.314306446112044874e-09
9.179999351501464844e+00 4.010890486138613680e-09 5.642469018523805656e-09
9.189999580383300781e+00 4.216413866862917935e-09 5.943092092906055480e-09
9.199999809265136719e+00 4.401038212831387560e-09 6.215050486287511946e-09
9.210000038146972656e+00 4.564198971867220211e-09 6.457393444377715451e-09
9.220000267028808594e+00 4.705435298014460047e-09 6.669313958515838486e-09
9.229999542236328125e+00 4.824380083533755061e-09 6.850134512128186649e-09
9.239999771118164062e+00 4.920803259721546863e-09 6.999374202957274594e-09
9.250000000000000000e+00 4.994543493338624654e-09 7.116645916539299914e-09
9.260000228881835938e+00 5.045555266189075023e-09 7.201728675577920176e-09
9.269999504089355469e+00 5.073894117783128136e-09 7.254545345274342082e-09
9.279999732971191406e+00 5.079724292807397019e-09 7.275179232756065897e-09
9.289999961853027344e+00 5.063301266948216548e-09 7.263842986678694783e-09
9.300000190734863281e+00 5.024983124764879200e-09 7.220900491748375746e-09
9.309999465942382812e+00 4.965231576712709627e-09 7.146867014931319806e-09
9.319999694824218750e+00 4.884584858303700138e-09 7.042375675941768806e-09
9.329999923706054688e+00 4.783689395842622776e-09 6.908217079056512597e-09
9.340000152587890625e+00 4.663276017971677971e-09 6.745310592433027785e-09
9.349999427795410156e+00 4.524175394444761057e-09 6.554725436831019087e-09
9.359999656677246094e+00 4.367259384036673444e-09 6.337600746293420576e-09
9.369999885559082031e+00 4.193516564452368913e-09 6.095249611584520854e-09
9.380000114440917969e+00 4.003996234511456074e-09 5.829083066629354936e-09
9.389999389648437500e+00 3.799835894175281073e-09 5.540649012512674667e-09
9.399999618530273438e+00 3.582176478631873630e-09 5.231512903263974001e-09
9.409999847412109375e+00 3.352273492869727443e-09 4.903415272421657096e-09
9.420000076293945312e+00 3.111414142999779123e-09 4.558155261284836364e-09
9.429999351501464844e+00 2.860953811930314824e-09 4.197643150118062004e-09
9.439999580383300781e+00 2.602212615267394424e-09 3.823751771929014119e-09
9.449999809265136719e+00 2.336611670674663039e-09 3.438513005485113301e-09
9.460000038146972656e+00 2.065570807417956154e-09 3.043970924432956596e-09
9.469999313354492188e+00 1.790550674337869416e-09 2.642243098173499101e-09
9.479999542236328125e+00 1.512939541979222935e-09 2.235355288343969866e-09
9.489999771118164062e+00 1.234202916117053440e-09 1.825460047278471598e-09
9.500000000000000000e+00 9.557708282682712020e-10 1.414672139119003902e-09
9.510000228881835938e+00 6.790559116877597892e-10 1.005094672227033676e-09
9.519999504089355469e+00 4.054714055015585346e-10 5.988457471202737276e-10
9.529999732971191406e+00 1.363193188886148074e-10 1.978919773314388881e-10
9.539999961853027344e+00 -1.270603370636062399e-10 -1.957303311151148705e-10
9.550000190734863281e+00 -3.834016038305332952e-10 -5.800820021175673168e-10
9.559999465942382812e+00 -6.314699703794449759e-10 -9.532579597813801815e-10
9.569999694824218750e+00 -8.701627161966834525e-10 -1.313538977125254136e-09
9.579999923706054688e+00 -1.098372806952647091e-09 -1.659187719768609989e-09
9.590000152587890625e+00 -1.315089954871738988e-09 -1.988601567292686351e-09
9.599999427795410156e+00 -1.519362632516072642e-09 -2.300256078470101733e-09
9.609999656677246094e+00 -1.710379178118238252e-09 -2.592829852209410979e-09
9.619999885559082031e+00 -1.887354505931879976e-09 -2.865032758689003796e-09
9.630000114440917969e+00 -2.049612398059665746e-09 -3.115732539278630777e-09
9.639999389648437500e+00 -2.196554557089751415e-09 -3.343908443589372801e-09
9.649999618530273438e+00 -2.327716943345453735e-09 -3.548740038228105573e-09
9.659999847412109375e+00 -2.442686677917413643e-09 -3.729479402896633108e-09
9.670000076293945312e+00 -2.541160013054270304e-09 -3.885542309483391335e-09
9.679999351501464844e+00 -2.622920320094362753e-09 -4.016474964294838431e-09
9.689999580383300781e+00 -2.687866788726676334e-09 -4.122001440982321063e-09
9.699999809265136719e+00 -2.735966122632437466e-09 -4.201947630935781508e-09
9.710000038146972656e+00 -2.767283269973752598e-09 -4.256291626248241283e-09
9.719999313354492188e+00 -2.781969606680915230e-09 -4.285145604257750155e-09
9.729999542236328125e+00 -2.780263849005578418e-09 -4.288760690245759038e-09
9.739999771118164062e+00 -2.762480145589019890e-09 -4.267506022406034241e-09
9.750000000000000000e+00 -2.729011314099041116e-09 -4.221877023822562771e-09
9.760000228881835938e+00 -2.680322378999474961e-09 -4.152485677966426288e-09
9.769999504089355469e+00 -2.616952735868574000e-09 -4.060064118439132403e-09
9.779999732971191406e+00 -2.539485766022070920e-09 -3.945420400542446778e-09
9.789999961853027344e+00 -2.448580204570558245e-09 -3.809484376879817273e-09
9.800000190734863281e+00 -2.344942190701544291e-09 -3.653267123890019626e-09
9.809999465942382812e+00 -2.229336994236191793e-09 -3.477878629148049760e-09
9.819999694824218750e+00 -2.102538519426424778e-09 -3.284451238133999557e-09
9.829999923706054688e+00 -1.965390341486078606e-09 -3.074232322420848739e-09
9.840000152587890625e+00 -1.818757469331881601e-09 -2.848511200743169761e-09
9.849999427795410156e+00 -1.663546882989114200e-09 -2.608650656801761713e-09
9.859999656677246094e+00 -1.500642477974247072e-09 -2.355986340490319663e-09
9.869999885559082031e+00 -1.330989138630686110e-09 -2.091956658927863385e-09
9.880000114440917969e+00 -1.155529519459971592e-09 -1.818005091757822554e-09
9.889999389648437500e+00 -9.752312927330623463e-10 -1.535622546313742086e-09
9.899999618530273438e+00 -7.910135077490526080e-10 -1.246231886172016047e-09
9.909999847412109375e+00 -6.038457095800928832e-10 -9.513430846839526264e-10
9.920000076293945312e+00 -4.146755090652435301e-10 -6.524397607005759039e-10
9.929999351501464844e+00 -2.244599102281930806e-10 -3.510284480560810983e-10
9.939999580383300781e+00 -3.408899904651830401e-11 -4.851751289095019152e-11
9.949999809265136719e+00 1.555085223679049670e-10 2.536157185363546324e-10
9.960000038146972656e+00 3.434411813596063107e-10 5.539451779918316745e-10
9.969999313354492188e+00 5.288222086958303000e-10 8.510443333932036931e-10
9.979999542236328125e+00 7.108429893944621015e-10 1.143604086854368700e-09
9.989999771118164062e+00 8.886696723366842848e-10 1.430267198559583665e-09
1.000000000000000000e+01 1.061516909364711184e-09 1.709746532211468262e-09
1.001000022888183594e+01 1.228632593676946536e-09 1.980800814979373048e-09
1.001999950408935547e+01 1.389285301984431951e-09 2.242214313420421429e-09
1.002999973297119141e+01 1.542827298470071041e-09 2.492899627884630082e-09
1.003999996185302734e+01 1.688604717756609536e-09 2.731751771171487126e-09
1.005000019073486328e+01 1.826021651804792474e-09 2.957752650991457507e-09
1.005999946594238281e+01 1.954514692648420678e-09 3.169929692923058688e-09
1.006999969482421875e+01 2.073602992307210046e-09 3.367438932536789330e-09
1.007999992370605469e+01 2.182816427919028372e-09 3.549446790886110150e-09
1.009000015258789062e+01 2.281747171542574292e-09 3.715215612597737144e-09
1.009999942779541016e+01 2.370030603199792812e-09 3.864072395913679607e-09
1.010999965667724609e+01 2.447379332153902208e-09 3.995466802509206346e-09
1.011999988555908203e+01 2.513533823727603158e-09 4.108888512691025788e-09
1.013000011444091797e+01 2.568298141576724016e-09 4.203928080155081173e-09
1.013999938964843750e+01 2.611528258709530499e-09 4.280257656834359304e-09
1.014999961853027344e+01 2.643148047785868817e-09 4.337660143999673751e-09
1.015999984741210938e+01 2.663124899396284001e-09 4.375986961353810531e-09
1.017000007629394531e+01 2.671487446985857927e-09 4.395190091948391865e-09
1.017999935150146484e+01 2.668321596552507081e-09 4.395315505251377097e-09
1.018999958038330078e+01 2.653767791393516340e-09 4.376501642110341435e-09
1.019999980926513672e+01 2.628022131174177054e-09 4.338979156935900317e-09
1.021000003814697266e+01 2.591335237395581889e-09 4.283072069808957359e-09
1.021999931335449219e+01 2.544015694834873266e-09 4.209203504342429570e-09
1.022999954223632812e+01 2.486409341151830242e-09 4.117864007639310451e-09
1.023999977111816406e+01 2.418924448409884993e-09 4.009651565142453267e-09
1.025000000000000000e+01 2.342012391242407452e-09 3.885242190814073265e-09
1.026000022888183594e+01 2.256169096404957044e-09 3.745392664921577291e-09
1.026999950408935547e+01 2.161941557606769622e-09 3.590951915383520060e-09
1.027999973297119141e+01 2.059887943547534386e-09 3.422796125587780289e-09
1.028999996185302734e+01 1.950628209554399047e-09 3.241912156560447905e-09
1.030000019073486328e+01 1.834805257909082599e-09 3.049334342409362629e-09
1.030999946594238281e+01 1.713101556938790182e-09 2.846172341553286772e-09
1.031999969482421875e+01 1.586188109400183769e-09 2.633526137743195146e-09
1.032999992370605469e+01 1.454790016133938126e-09 2.412595631948426306e-09
1.034000015258789062e+01 1.319636232160443727e-09 2.184596877980610011e-09
1.034999942779541016e+01 1.181479816576869333e-09 1.950796105938639730e-09
1.035999965667724609e+01 1.041040494392986523e-09 1.712412356400501491e-09
1.036999988555908203e+01 8.990793810144683551e-10 1.470743732576951021e-09
1.038000011444091797e+01 7.563420664101341771e-10 1.227070843649188338e-09
1.038999938964843750e+01 6.135809047036833944e-10 9.826943814197276346e-10
1.039999961853027344e+01 4.714962890162802040e-10 7.388341193261124693e-10
1.040999984741210938e+01 3.308143395450825780e-10 4.967614058871257733e-10
1.042000007629394531e+01 1.922284219115465770e-10 2.576985503492372080e-10
1.042999935150146484e+01 5.642183315282993746e-11 2.285724546510232795e-11
1.043999958038330078e+01 -7.598726256927185964e-11 -2.066573267246026762e-10
1.044999980926513672e+01 -2.043712819905945084e-10 -4.297182328712539886e-10
1.046000003814697266e+01 -3.281483486260765672e-10 -6.452727532065242170e-10
1.046999931335449219e+01 -4.467608321846425123e-10 -8.523058069999129825e-10
1.047999954223632812e+01 -5.597224886922239715e-10 -1.049922959570923407e-09
1.048999977111816406e+01 -6.665525690563584692e-10 -1.237236083326201678e-09
1.050000000000000000e+01 -7.668233515702459294e-10 -1.413446949782722994e-09
1.051000022888183594e+01 -8.601499794451815145e-10 -1.577830162599560047e-09
1.051999950408935547e+01 -9.461836902652270175e-10 -1.729721785871210081e-09
1.052999973297119141e+01 -1.024644701727894003e-09 -1.868578009816012491e-09
1.053999996185302734e+01 -1.095273380923874350e-09 -1.993889466445482428e-09
1.055000019073486328e+01 -1.157863939448212159e-09 -2.105241178993440251e-09
1.055999946594238281e+01 -1.212250939909181231e-09 -2.202289099697844544e-09
1.056999969482421875e+01 -1.258328847896926775e-09 -2.284795440267322609e-09
1.057999992370605469e+01 -1.296020227986333053e-09 -2.352572280851530015e-09
1.059000015258789062e+01 -1.325296394148880917e-09 -2.405518717134145363e-09
1.059999942779541016e+01 -1.346169133305315259e-09 -2.443606306403046366e-09
1.060999965667724609e+01 -1.358696571490817997e-09 -2.466890117289528137e-09
1.061999988555908203e+01 -1.362969781012270289e-09 -2.475484555936056959e-09
1.063000011444091797e+01 -1.359119942576364135e-09 -2.469576644133459975e-09
1.063999938964843750e+01 -1.347315734876987057e-09 -2.449421364583938684e-09
1.064999961853027344e+01 -1.327756249520049974e-09 -2.415329502875036637e-09
1.065999984741210938e+01 -1.300675877865505459e-09 -2.367675972333647604e-09
1.067000007629394531e+01 -1.266338588525984950e-09 -2.306890084498341375e-09
1.067999935150146484e+01 -1.225040935950704599e-09 -2.233460940062530210e-09
1.068999958038330078e+01 -1.177093603987285617e-09 -2.147904705804972640e-09
1.069999980926513672e+01 -1.122843037328300836e-09 -2.050803200224231477e-09
1.071000003814697266e+01 -1.062654265427222575e-09 -1.942773527486857910e-09
1.071999931335449219e+01 -9.969189877638346272e-10 -1.824482757050343607e-09
1.072999954223632812e+01 -9.260279223168507929e-10 -1.696598365252017086e-09
1.073999977111816406e+01 -8.504064596079984992e-10 -1.559852637996614382e-09
1.075000000000000000e+01 -7.704880692843243460e-10 -1.414995116151531808e-09
1.076000022888183594e+01 -6.867183310555370428e-10 -1.262800124473224359e-09
1.076999950408935547e+01 -5.995614360235604534e-10 -1.104078977658880118e-09
1.077999973297119141e+01 -5.094646672073936218e-10 -9.396156231906645837e-10
1.078999996185302734e+01 -4.169064227744023800e-10 -7.702544606372624436e-10
1.080000019073486328e+01 -3.223613375247853025e-10 -5.968372324467933705e-10
1.080999946594238281e+01 -2.263157709452488588e-10 -4.202317606583190712e-10
1.081999969482421875e+01 -1.292291400987289664e-10 -2.412611910620738804e-10
1.082999992370605469e+01 -3.158708484458756329e-11 -6.080211215080361135e-11
1.084000015258789062e+01 6.613693909227005957e-11 1.202856891483678887e-10
1.084999942779541016e+01 1.634651647050489514e-10 3.011284198979531227e-10
1.085999965667724609e+01 2.599544569109884373e-10 4.809104042168154613e-10
1.086999988555908203e+01 3.551423857234300379e-10 6.587736568950143672e-10
1.088000011444091797e+01 4.485862701442101809e-10 8.338902175094202317e-10
1.088999938964843750e+01 5.398470939531373150e-10 1.005431984007382400e-09
1.089999961853027344e+01 6.285259117724647070e-10 1.172639139791286295e-09
1.090999984741210938e+01 7.142133327121696197e-10 1.334725223392973699e-09
1.092000007629394531e+01 7.965263246476406072e-10 1.490946371015600844e-09
1.092999935150146484e+01 8.750937873941432073e-10 1.640574218020383947e-09
1.093999958038330078e+01 9.495878127058990593e-10 1.782955732864906775e-09
1.094999980926513672e+01 1.019680250203205826e-09 1.917430833354254029e-09
1.096000003814697266e+01 1.085074575692160818e-09 2.043393455642417930e-09
1.096999931335449219e+01 1.145494106285300044e-09 2.160269456536284272e-09
1.097999954223632812e+01 1.200705886053559323e-09 2.267563420027288181e-09
1.098999977111816406e+01 1.250487267989013842e-09 2.364794631594000829e-09
1.100000000000000000e+01 1.294650529302102500e-09 2.451545339871873239e-09
1.101000022888183594e+01 1.333037788867794116e-09 2.527451699898390083e-09
1.101999950408935547e+01 1.365518960689995164e-09 2.592200418345201209e-09
1.102999973297119141e+01 1.392004183213430582e-09 2.645554388400762239e-09
1.103999996185302734e+01 1.412425644263935182e-09 2.687317283073403279e-09
1.105000019073486328e+01 1.426750790102502012e-09 2.717360688075681543e-09
1.105999946594238281e+01 1.434978500601490048e-09 2.735617176752358180e-09
1.106999969482421875e+01 1.437141499503575336e-09 2.742086718305481491e-09
1.107999992370605469e+01 1.433301306858451214e-09 2.736826388223982216e-09
1.109000015258789062e+01 1.423551414554969703e-09 2.719958193011349972e-09
1.109999942779541016e+01 1.408017222031804655e-09 2.691669297144458639e-09
1.110999965667724609e+01 1.386848617328617604e-09 2.652198989295022761e-09
1.111999988555908203e+01 1.360227762661144168e-09 2.601853322929486163e-09
1.113000011444091797e+01 1.328362398041676257e-09 2.540993376594337868e-09
1.113999938964843750e+01 1.291489319172870801e-09 2.470042212887371953e-09
1.114999961853027344e+01 1.249858190548883415e-09 2.389454005736448629e-09
1.115999984741210938e+01 1.203750901437629753e-09 2.299751501744427242e-09
1.117000007629394531e+01 1.153466038978269700e-09 2.201496311834542876e-09
1.117999935150146484e+01 1.099325484064563588e-09 2.095301821794686040e-09
1.118999958038330078e+01 1.041651265114747700e-09 1.981787762572543273e-09
1.119999980926513672e+01 9.807943948035017114e-10 1.861636688527557023e-09
1.121000003814697266e+01 9.171122994716499220e-10 1.735549577704804024e-09
1.121999931335449219e+01 8.509779326376841453e-10 1.604263613387704915e-09
1.122999954223632812e+01 7.827520043326129480e-10 1.468496764650554870e-09
1.123999977111816406e+01 7.128185838081359582e-10 1.329018143118723421e-09
1.125000000000000000e+01 6.415577900413740067e-10 1.186593449948214355e-09
1.125999927520751953e+01 5.693566757615951796e-10 1.042006286881693926e-09
1.126999950408935547e+01 4.965794144415994596e-10 8.959980206628880436e-10
1.127999973297119141e+01 4.236065738865130927e-10 7.493460049525632502e-10
1.128999996185302734e+01 3.508056120468092995e-10 6.028040832291258632e-10
1.130000019073486328e+01 2.785358191059043461e-10 4.571120330338275151e-10
1.130999946594238281e+01 2.071532818592661768e-10 3.130051959107412981e-10
1.131999969482421875e+01 1.369820637733160168e-10 1.711558903881099373e-10
1.132999992370605469e+01 6.835356600972988526e-11 3.225251515887610479e-11
1.134000015258789062e+01 1.577774186534161869e-12 -1.030588105173283343e-10
1.134999942779541016e+01 -6.304509167419659039e-11 -2.341509654977380153e-10
1.135999965667724609e+01 -1.252501436185304736e-10 -3.604679462585760783e-10
1.136999988555908203e+01 -1.847717769738943709e-10 -4.814519354662287341e-10
1.138000011444091797e+01 -2.413693894393975065e-10 -5.965956174777965661e-10
1.138999938964843750e+01 -2.948168593594006693e-10 -7.054209099071802546e-10
1.139999961853027344e+01 -3.449231924354147596e-10 -8.075210749708512414e-10
1.140999984741210938e+01 -3.915023324422620091e-10 -9.024992714931686330e-10
1.142000007629394531e+01 -4.343941761252580139e-10 -9.900113245854338120e-10
1.142999935150146484e+01 -4.734559680926353216e-10 -1.069748146702453982e-09
1.143999958038330078e+01 -5.085769144735386496e-10 -1.141465505894755812e-09
1.144999980926513672e+01 -5.396557885295689372e-10 -1.204938225631395265e-09
1.146000003814697266e+01 -5.666160949311398297e-10 -1.259991044170895480e-09
1.146999931335449219e+01 -5.893999859044085592e-10 -1.306486105886750668e-09
1.147999954223632812e+01 -6.079762769599572657e-10 -1.344339227294869190e-09
1.148999977111816406e+01 -6.223270579233186052e-10 -1.373492496848003616e-09
1.150000000000000000e+01 -6.324563809653119267e-10 -1.393931957704539274e-09
1.150999927520751953e+01 -6.383870593243479554e-10 -1.405681089748684275e-09
1.151999950408935547e+01 -6.401620169425271393e-10 -1.408803429689501123e-09
1.152999973297119141e+01 -6.378403462981948600e-10 -1.403394777991529417e-09
1.153999996185302734e+01 -6.314993743036314338e-10 -1.389587392140770010e-09
1.155000019073486328e+01 -6.212332676149087891e-10 -1.367547314216906077e-09
1.155999946594238281e+01 -6.071538910532489463e-10 -1.337476459351335682e-09
1.156999969482421875e+01 -5.893843761245913694e-10 -1.299599203137015981e-09
1.157999992370605469e+01 -5.680664727137488845e-10 -1.254178441977228207e-09
1.159000015258789062e+01 -5.433547758085350955e-10 -1.201503668997586188e-09
1.159999942779541016e+01 -5.154199191419401354e-10 -1.141898255607810803e-09
1.160999965667724609e+01 -4.844367953477702276e-10 -1.075694807383987295e-09
1.161999988555908203e+01 -4.505997257672252076e-10 -1.003268053983185038e-09
1.163000011444091797e+01 -4.141112188917020936e-10 -9.250114240709591602e-10
1.163999938964843750e+01 -3.751874004418215384e-10 -8.413492645490519720e-10
1.164999961853027344e+01 -3.340419895679717757e-10 -7.527029703971302308e-10
1.165999984741210938e+01 -2.909076333691466196e-10 -6.595374176812616418e-10
1.167000007629394531e+01 -2.460202613497345570e-10 -5.623279230430385512e-10
1.167999935150146484e+01 -1.996261355723256565e-10 -4.615760430677392622e-10
1.168999958038330078e+01 -1.519629322211984587e-10 -3.577689919215993391e-10
1.169999980926513672e+01 -1.032852237267112696e-10 -2.514354560381932298e-10
1.171000003814697266e+01 -5.384576549750706031e-11 -1.431054083315265928e-10
1.171999931335449219e+01 -3.903474815460301373e-12 -3.332792287237023134e-11
1.172999954223632812e+01 4.629685349410465851e-11 7.737313026143125727e-11
1.173999977111816406e+01 9.649712805407327412e-11 1.884385839987890666e-10
1.175000000000000000e+01 1.464462024828038044e-10 2.993182852015890000e-10
1.175999927520751953e+01 1.958916628055500444e-10 4.094528475519109967e-10
1.176999950408935547e+01 2.445998604910222801e-10 5.183183104897480435e-10
1.177999973297119141e+01 2.923287878531186874e-10 6.253658168705507224e-10
1.178999996185302734e+01 3.388482049454560619e-10 7.300665965941351074e-10
1.180000019073486328e+01 3.839360596042570409e-10 8.319042907247715936e-10
1.180999946594238281e+01 4.273755589506792045e-10 9.303686197943776011e-10
1.181999969482421875e+01 4.689726739496686086e-10 1.024995502434626107e-09
1.182999992370605469e+01 5.085322871113229323e-10 1.115313467697626825e-09
1.184000015258789062e+01 5.458759186145486811e-10 1.200884351960362253e-09
1.184999942779541016e+01 5.808351905468029972e-10 1.281288987620503791e-09
1.185999965667724609e+01 6.132657652200931642e-10 1.356159918697698066e-09
1.186999988555908203e+01 6.430280601202547351e-10 1.425137706618481144e-09
1.188000011444091797e+01 6.700014793377246034e-10 1.487904327500680661e-09
1.188999938964843750e+01 6.940793592512597758e-10 1.544172177427694370e-09
1.189999961853027344e+01 7.151783266323978108e-10 1.593706659617045032e-09
1.190999984741210938e+01 7.332248479730523001e-10 1.636295431033375580e-09
1.192000007629394531e+01 7.481649317002225680e-10 1.671771721417407602e-09
1.192999935150146484e+01 7.599608349277090956e-10 1.700007219240447429e-09
1.193999958038330078e+01 7.685952668906854991e-10 1.720922758219887241e-09
1.194999980926513672e+01 7.740645269227489786e-10 1.734472440596619134e-09
1.196000003814697266e+01 7.763830873546488701e-10 1.740655086703973026e-09
1.196999931335449219e+01 7.755822134096182656e-10 1.739511309153135764e-09
1.197999954223632812e+01 7.717089255156725460e-10 1.731121717699715277e-09
1.198999977111816406e+01 7.648259321702181451e-10 1.715606623206251390e-09
1.200000000000000000e+01 7.550109922874008177e-10 1.693125037580316957e-09
1.200999927520751953e+01 7.423574705830813805e-10 1.663876005246258633e-09
1.201999950408935547e+01 7.269684464536422550e-10 1.628084999413664364e-09
1.202999973297119141e+01 7.089631090327567190e-10 1.586018661768469235e-09
1.203999996185302734e+01 6.884712675794254817e-10 1.537972023404988197e-09
1.205000019073486328e+01 6.656334493941698894e-10 1.484268546317483975e-09
1.205999946594238281e+01 6.406023693107331960e-10 1.425263408400632626e-09
1.206999969482421875e+01 6.135321167894842408e-10 1.361317769408161786e-09
1.207999992370605469e+01 5.845914278021421372e-10 1.292829785103263103e-09
1.209000015258789062e+01 5.539532382212906716e-10 1.220209694414364247e-09
1.209999942779541016e+01 5.217990074255771865e-10 1.143889740794406214e-09
1.210999965667724609e+01 4.883052116602792944e-10 1.064291791623971607e-09
1.211999988555908203e+01 4.536606898449809617e-10 9.818681976563823475e-10
1.213000011444091797e+01 4.180534398558635088e-10 8.970701594374892396e-10
1.213999938964843750e+01 3.816760798420914080e-10 8.103604385127465025e-10
1.214999961853027344e+01 3.447108891321209910e-10 7.221774439533371184e-10
1.215999984741210938e+01 3.073496848263019163e-10 6.329823942150126694e-10
1.217000007629394531e+01 2.697790708921839974e-10 5.432239850923130258e-10
1.217999935150146484e+01 2.321865740802428797e-10 4.533529047565564098e-10
1.218999958038330078e+01 1.947454653354789291e-10 3.637854582899722932e-10
1.219999980926513672e+01 1.576355160861299301e-10 2.749531547164963142e-10
1.221000003814697266e+01 1.210279091351977040e-10 1.872666533530250369e-10
1.221999931335449219e+01 8.509153891383537780e-11 1.011309080123847272e-10
1.222999954223632812e+01 4.997873903444685152e-11 1.691106205854551285e-11
1.223999977111816406e+01 1.584529745726860092e-11 -6.501942636293230857e-11
1.225000000000000000e+01 -1.716385567176023309e-11 -1.443128969887905417e-10
1.225999927520751953e+01 -4.890869332652103973e-11 -2.206329768523463457e-10
1.226999950408935547e+01 -7.926650538812100810e-11 -2.936841905440709289e-10
1.227999973297119141e+01 -1.081140895616655916e-10 -3.631688894306145845e-10
1.228999996185302734e+01 -1.353403276389594214e-10 -4.288172211591915201e-10
1.230000019073486328e+01 -1.608433831710935776e-10 -4.903801399689829184e-10
1.230999946594238281e+01 -1.845287788168419540e-10 -5.476245108229669002e-10
1.231999969482421875e+01 -2.063184677037360474e-10 -6.003548181400516838e-10
1.232999992370605469e+01 -2.261374386491712815e-10 -6.483805998328227383e-10
1.234000015258789062e+01 -2.439230702737813226e-10 -6.915388962875324850e-10
1.234999942779541016e+01 -2.596214887198369292e-10 -7.296853249366255043e-10
1.235999965667724609e+01 -2.731934253294313693e-10 -7.627082671928914459e-10
1.236999988555908203e+01 -2.846052624286041822e-10 -7.905071134676030029e-10
1.238000011444091797e+01 -2.938352297372168583e-10 -8.130073842693343059e-10
1.238999938964843750e+01 -3.008712118085248706e-10 -8.301555353316162101e-10
1.239999961853027344e+01 -3.057131618458785449e-10 -8.419250403821451780e-10
1.240999984741210938e+01 -3.083689822866010581e-10 -8.483066127526529043e-10
1.242000007629394531e+01 -3.088572933319310506e-10 -8.493152847133633122e-10
1.242999935150146484e+01 -3.072067563693865817e-10 -8.449891817935099222e-10
1.243999958038330078e+01 -3.034550458269635365e-10 -8.353873324076223351e-10
1.244999980926513672e+01 -2.976495707580042717e-10 -8.205920851933761528e-10
1.246000003814697266e+01 -2.898467814779444498e-10 -8.007078477551215211e-10
1.246999931335449219e+01 -2.801129430541073075e-10 -7.758636738723429071e-10
1.247999954223632812e+01 -2.685198982003048870e-10 -7.462030650011850115e-10
1.248999977111816406e+01 -2.551502728175181553e-10 -7.118978829977064264e-10
1.250000000000000000e+01 -2.400935264610274354e-10 -6.731389113697616888e-10
1.250999927520751953e+01 -2.234479997191990624e-10 -6.301417624581800239e-10
1.251999950408935547e+01 -2.053139234335715351e-10 -5.831294261302717426e-10
1.252999973297119141e+01 -1.858024361992682019e-10 -5.323561453789899633e-10
1.253999996185302734e+01 -1.650288176583121621e-10 -4.780904992614278064e-10
1.255000019073486328e+01 -1.431134120768118003e-10 -4.206182738980266890e-10
1.255999946594238281e+01 -1.201832398395471253e-10 -3.602471774311472556e-10
1.256999969482421875e+01 -9.636250284870585598e-11 -2.972822120181563985e-10
1.257999992370605469e+01 -7.178505289131934917e-11 -2.320588121784667087e-10
1.259000015258789062e+01 -4.658503414391832442e-11 -1.649184646313921600e-10
1.259999942779541016e+01 -2.090078294680675468e-11 -9.621922601142473172e-11
1.260999965667724609e+01 5.135740827964858216e-12 -2.630751504870962019e-11
1.261999988555908203e+01 3.138496557318535999e-11 4.444447720687548331e-11
1.263000011444091797e+01 5.771020702235025557e-11 1.156669367476790835e-10
1.263999938964843750e+01 8.397347125341046643e-11 1.869812799630346676e-10
1.264999961853027344e+01 1.100461921111439384e-10 2.580295684806473529e-10
1.265999984741210938e+01 1.357948916357891293e-10 3.284358821542502041e-10
1.267000007629394531e+01 1.610919105517635255e-10 3.978358143384709006e-10
1.267999935150146484e+01 1.858112390993092627e-10 4.658655130119258287e-10
1.268999958038330078e+01 2.098385326366635742e-10 5.321897407433450090e-10
1.269999980926513672e+01 2.330575542907842204e-10 5.964650796555264367e-10
1.271000003814697266e+01 2.553602414305872274e-10 6.583681684809459686e-10
1.271999931335449219e+01 2.766428662895730047e-10 7.175856542122275962e-10
1.272999954223632812e+01 2.968145396085710425e-10 7.738384378088671788e-10
1.273999977111816406e+01 3.157854497960327702e-10 8.268495168186289591e-10
1.275000000000000000e+01 3.334754706774462430e-10 8.763684831322093407e-10
1.275999927520751953e+01 3.498109169216312393e-10 9.221630053155442725e-10
1.276999950408935547e+01 3.647309192106001428e-10 9.640372072225515575e-10
1.277999973297119141e+01 3.781782826552734140e-10 1.001806496372020366e-09
1.278999996185302734e+01 3.901060143594417164e-10 1.035316270173362403e-09
1.279999923706054688e+01 4.004748886598262504e-10 1.064435446309562332e-09
1.280999946594238281e+01 4.092573007941286040e-10 1.089067579397171674e-09
1.281999969482421875e+01 4.164313211536645250e-10 1.109134391959242823e-09
1.282999992370605469e+01 4.219847423742873723e-10 1.124587308178690723e-09
1.284000015258789062e+01 4.259139038845841200e-10 1.135404249256911539e-09
1.284999942779541016e+01 4.282233884035079180e-10 1.141588844878178535e-09
1.285999965667724609e+01 4.289265423949178603e-10 1.143171738421749307e-09
1.286999988555908203e+01 4.280439086335575965e-10 1.140206262724577450e-09
1.288000011444091797e+01 4.256039743595836735e-10 1.132770285997350210e-09
1.288999938964843750e+01 4.216430012337887687e-10 1.120965630621696830e-09
1.289999961853027344e+01 4.162030149595871704e-10 1.104911918878049786e-09
1.290999984741210938e+01 4.093336972757437381e-10 1.084752003933929151e-09
1.292000007629394531e+01 4.010906110018826939e-10 1.060646438234251373e-09
1.292999935150146484e+01 3.915360528826087397e-10 1.032775720659145887e-09
1.293999958038330078e+01 3.807348408112620796e-10 1.001327745528962025e-09
1.294999980926513672e+01 3.687593368198887629e-10 9.665121923922620010e-10
1.296000003814697266e+01 3.556854564558988391e-10 9.285486323741959848e-10
1.296999931335449219e+01 3.415944381873002084e-10 8.876714444100150017e-10
1.297999954223632812e+01 3.265668955006508208e-10 8.441123637494726751e-10
1.298999977111816406e+01 3.106904179370358495e-10 7.981223690870412140e-10
1.300000000000000000e+01 2.940538106338493723e-10 7.499548495443371946e-10
1.300999927520751953e+01 2.767496012757453325e-10 6.998727962524965404e-10
1.301999950408935547e+01 2.588669097321692510e-10 6.481281452955793667e-10
1.302999973297119141e+01 2.405009074170190055e-10 5.949891856181248974e-10
1.303999996185302734e+01 2.217458219546746273e-10 5.407203971599579747e-10
1.304999923706054688e+01 2.026979471753330212e-10 4.855913023522766442e-10
1.305999946594238281e+01 1.834479201157549426e-10 4.298543011959962476e-10
1.306999969482421875e+01 1.640912194914890176e-10 3.737752896312781762e-10
1.307999992370605469e+01 1.447205138627259312e-10 3.176117911965361060e-10
1.309000015258789062e+01 1.254270758604467131e-10 2.616173595879353233e-10
1.309999942779541016e+01 1.063022190490351169e-10 2.060460985707230201e-10
1.310999965667724609e+01 8.742965373916620640e-11 1.511308037241596656e-10
1.311999988555908203e+01 6.889609511254119590e-11 9.711415394029306459e-11
1.313000011444091797e+01 5.078360735509288764e-11 4.422684185908415853e-11
1.313999938964843750e+01 3.317277137014413457e-11 -7.302827633820039197e-12
1.314999961853027344e+01 1.613570928676641248e-11 -5.726901377776190750e-11
1.315999984741210938e+01 -2.541147763294554388e-13 -1.054593486883940799e-10
1.317000007629394531e+01 -1.592894079208507973e-11 -1.516752673282414759e-10
1.317999935150146484e+01 -3.082388088450637503e-11 -1.957234483232100941e-10
1.318999958038330078e+01 -4.488276450413841759e-11 -2.374329321803373552e-10
1.319999980926513672e+01 -5.804982426750524481e-11 -2.766304141895464198e-10
1.321000003814697266e+01 -7.027565778301711224e-11 -3.131578099341472694e-10
1.321999931335449219e+01 -8.151492332074506298e-11 -3.468654168270261917e-10
1.322999954223632812e+01 -9.173069052039251985e-11 -3.776250609427303355e-10
1.323999977111816406e+01 -1.008881375166313460e-10 -4.053113510773240474e-10
1.325000000000000000e+01 -1.089590483809855065e-10 -4.298153886719769424e-10
1.325999927520751953e+01 -1.159201699051698239e-10 -4.510401158170685065e-10
1.326999950408935547e+01 -1.217558229655647561e-10 -4.689086564348601562e-10
1.327999973297119141e+01 -1.264539522331349559e-10 -4.833526987428933220e-10
1.328999996185302734e+01 -1.300088986504880054e-10 -4.943214287698938856e-10
1.329999923706054688e+01 -1.324204882243644861e-10 -5.017792834833054286e-10
1.330999946594238281e+01 -1.336947962018351022e-10 -5.057088918323723767e-10
1.331999969482421875e+01 -1.338426934305279638e-10 -5.061071779949958517e-10
1.332999992370605469e+01 -1.328807724971714697e-10 -5.029888491180519479e-10
1.334000015258789062e+01 -1.308309325787898524e-10 -4.963857406363618593e-10
1.334999942779541016e+01 -1.277205672819641545e-10 -4.863480691251261858e-10
1.335999965667724609e+01 -1.235810905650065160e-10 -4.729403061132523798e-10
1.336999988555908203e+01 -1.184495094211430433e-10 -4.562468549017305313e-10
1.338000011444091797e+01 -1.123670982079069749e-10 -4.363683485947452554e-10
1.338999938964843750e+01 -1.053800922949416295e-10 -4.134244575019139507e-10
1.339999961853027344e+01 -9.753665194926421752e-11 -3.875443948821565130e-10
1.340999984741210938e+01 -8.889056391562525625e-11 -3.588794894006704316e-10
1.342000007629394531e+01 -7.949833460857072692e-11 -3.275940031770829486e-10
1.342999935150146484e+01 -6.942046714553597535e-11 -2.938696646139665916e-10
1.343999958038330078e+01 -5.871719713852450825e-11 -2.578916012121587094e-10
1.344999980926513672e+01 -4.745390399100949011e-11 -2.198665794294588699e-10
1.346000003814697266e+01 -3.569695118725786545e-11 -1.800091511039318464e-10
1.346999931335449219e+01 -2.351541535289718527e-11 -1.385474752813860344e-10
1.347999954223632812e+01 -1.097601321342458844e-11 -9.570594492519577285e-11
1.348999977111816406e+01 1.850302899509093711e-12 -5.172746774268556398e-11
1.350000000000000000e+01 1.489334304666039618e-11 -6.856231447959107319e-12
1.350999927520751953e+01 2.808165409335925828e-11 3.865564728199101471e-11
1.351999950408935547e+01 4.134793913159649711e-11 8.456718145890439085e-11
1.352999973297119141e+01 5.462186451832817186e-11 1.306240815651622685e-10
1.353999996185302734e+01 6.783543778001843603e-11 1.765777318825794715e-10
1.354999923706054688e+01 8.092085517064014771e-11 2.221781815285741295e-10
1.355999946594238281e+01 9.381580666758238305e-11 2.671931057063744636e-10
1.356999969482421875e+01 1.064562857011900654e-10 3.113832190175758742e-10
1.357999992370605469e+01 1.187818892707098747e-10 3.545212069647848142e-10
1.359000015258789062e+01 1.307348316448600802e-10 3.963887479759862118e-10
1.359999942779541016e+01 1.422591151914009032e-10 4.367740334710192101e-10
1.360999965667724609e+01 1.533051129378263148e-10 4.754882224166720698e-10
1.361999988555908203e+01 1.638231702342580573e-10 5.123433698837955271e-10
1.363000011444091797e+01 1.737682289900717550e-10 5.471689369166923491e-10
1.363999938964843750e+01 1.830980060751446983e-10 5.798056664696836512e-10
1.364999961853027344e+01 1.917766293172011935e-10 6.101184934785022561e-10
1.365999984741210938e+01 1.997694052937866987e-10 6.379783738639129260e-10
1.367000007629394531e+01 2.070465310485676957e-10 6.632753443923684804e-10
1.367999935150146484e+01 2.135816545326982777e-10 6.859135181429112074e-10
1.368999958038330078e+01 2.193543427503720423e-10 7.058195761578448400e-10
1.369999980926513672e+01 2.243463636988223248e-10 7.229297798501104856e-10
1.371000003814697266e+01 2.285442574297659929e-10 7.371987254030537880e-10
1.371999931335449219e+01 2.319383769215098553e-10 7.485958475234458551e-10
1.372999954223632812e+01 2.345240726634849878e-10 7.571091286646620053e-10
1.373999977111816406e+01 2.362996984047064586e-10 7.627381173014910607e-10
1.375000000000000000e+01 2.372679155034840206e-10 7.654980126364729938e-10
1.375999927520751953e+01 2.374352687117059841e-10 7.654179728954567956e-10
1.376999950408935547e+01 2.368120741932803946e-10 7.625401461369069778e-10
1.377999973297119141e+01 2.354122119459814113e-10 7.569190112696706892e-10
1.378999996185302734e+01 2.332531384169801808e-10 7.486208712778322230e-10
1.379999923706054688e+01 2.303560039428586608e-10 7.377241227525676299e-10
1.380999946594238281e+01 2.267443253587248309e-10 7.243140756186203700e-10
1.381999969482421875e+01 2.224454850495874771e-10 7.084884285958376838e-10
1.382999992370605469e+01 2.174895209962061278e-10 6.903525878274512298e-10
1.384000015258789062e+01 2.119091858735776736e-10 6.700198376799341980e-10
1.384999942779541016e+01 2.057403709731371992e-10 6.476128508554893995e-10
1.385999965667724609e+01 1.990194962078572478e-10 6.232542464612918751e-10
1.386999988555908203e+01 1.917868382598726071e-10 5.970787695175642482e-10
1.388000011444091797e+01 1.840840150945733400e-10 5.692243004180107084e-10
1.388999938964843750e+01 1.759551205202420950e-10 5.398361746756442733e-10
1.389999961853027344e+01 1.674433555939308763e-10 5.090552647978599072e-10
1.390999984741210938e+01 1.585954561224680327e-10 4.770342930784963086e-10
1.392000007629394531e+01 1.494583928883823320e-10 4.439262542243047650e-10
1.392999935150146484e+01 1.400807941589786098e-10 4.098899611435521185e-10
1.393999958038330078e+01 1.305091049506124228e-10 3.750765170499652612e-10
1.394999980926513672e+01 1.207927197727369059e-10 3.396483776588007593e-10
1.396000003814697266e+01 1.109801823125350105e-10 3.037660084842407824e-10
1.396999931335449219e+01 1.011207709108582557e-10 2.675941206726022215e-10
1.397999954223632812e+01 9.126049492318265576e-11 2.312874095924259862e-10
1.398999977111816406e+01 8.144751011964375051e-11 1.950108357879821820e-10
1.400000000000000000e+01 7.172812770296039774e-11 1.589253783338034839e-10
1.400999927520751953e+01 6.214843603384143409e-11 1.231943819607316420e-10
1.401999950408935547e+01 5.275044300973894914e-11 8.796945467699798733e-11
1.402999973297119141e+01 4.357735721015265895e-11 5.341040773321570800e-11
1.403999996185302734e+01 3.466971773789760622e-11 1.967101377770642143e-11
1.404999923706054688e+01 2.606693360030882669e-11 -1.309508177965880621e-11
1.405999946594238281e+01 1.780385598769895404e-11 -4.474739039358833552e-11
1.406999969482421875e+01 9.915545254352752193e-12 -7.514045720006032349e-11
1.407999992370605469e+01 2.433808862101394119e-12 -1.041371436424912413e-10
1.409000015258789062e+01 -4.612094955860867082e-12 -1.316061480658571455e-10
1.409999942779541016e+01 -1.119496816981694612e-11 -1.574203358806673812e-10
1.410999965667724609e+01 -1.729223986671849123e-11 -1.814671495864280895e-10
1.411999988555908203e+01 -2.288227816330774739e-11 -2.036345389689624404e-10
1.413000011444091797e+01 -2.794701339869452404e-11 -2.238216917844316691e-10
1.413999938964843750e+01 -3.247092975714251144e-11 -2.419355594589636660e-10
1.414999961853027344e+01 -3.644276896788498540e-11 -2.578982384402049329e-10
1.415999984741210938e+01 -3.985295147386649294e-11 -2.716372240495679245e-10
1.417000007629394531e+01 -4.269534957347979065e-11 -2.830931124071729760e-10
1.417999935150146484e+01 -4.496661767424768647e-11 -2.922175419967289042e-10
1.418999958038330078e+01 -4.666696466433502341e-11 -2.989769127036288439e-10
1.419999980926513672e+01 -4.779879874374849077e-11 -3.033475440824459402e-10
1.421000003814697266e+01 -4.836757803446673016e-11 -3.053196839124437437e-10
1.421999931335449219e+01 -4.838150673684401956e-11 -3.048968892620355758e-10
1.422999954223632812e+01 -4.785138922639845676e-11 -3.020957468406086320e-10
1.423999977111816406e+01 -4.679051348522518093e-11 -2.969461256515182615e-10
1.425000000000000000e+01 -4.521458717512241696e-11 -2.894911449534756743e-10
1.425999927520751953e+01 -4.314179985683001994e-11 -2.797879245009529231e-10
1.426999950408935547e+01 -4.059184486979570111e-11 -2.679033507887752454e-10
1.427999973297119141e+01 -3.758696153735912453e-11 -2.539192160473237269e-10
1.428999996185302734e+01 -3.415103674068353463e-11 -2.379281954557102375e-10
1.429999923706054688e+01 -3.031000622691205005e-11 -2.200358305703843627e-10
1.430999946594238281e+01 -2.609018847755543582e-11 -2.003527950807235764e-10
1.431999969482421875e+01 -2.152032243767764948e-11 -1.790043379687001180e-10
1.432999992370605469e+01 -1.662997219221595753e-11 -1.561227359526672024e-10
1.434000015258789062e+01 -1.144970808188594921e-11 -1.318479506553681503e-10
1.434999942779541016e+01 -6.011470678302137738e-12 -1.063290981907362225e-10
1.435999965667724609e+01 -3.463060738708548144e-13 -7.971352654980709601e-11
1.436999988555908203e+01 5.512680481628727519e-12 -5.216034015423048756e-11
1.438000011444091797e+01 1.153253864465549850e-11 -2.382964438761719180e-11
1.438999938964843750e+01 1.767953227089706420e-11 5.113424799920056084e-12
1.439999961853027344e+01 2.392165113760447700e-11 3.451093206150147368e-11
1.440999984741210938e+01 3.022523870204080625e-11 6.419666906017268978e-11
1.442000007629394531e+01 3.655747454326402788e-11 9.400824010357487645e-11
1.442999935150146484e+01 4.288533284868288190e-11 1.237825408446365313e-10
1.443999958038330078e+01 4.917813343214325647e-11 1.533681118993525454e-10
1.444999980926513672e+01 5.540404815120878525e-11 1.826090149883290342e-10
1.446000003814697266e+01 6.153264613041031831e-11 2.113570825679053634e-10
1.446999931335449219e+01 6.753384635377718190e-11 2.394672234012377153e-10
1.447999954223632812e+01 7.338031250895819054e-11 2.668088039552721101e-10
1.448999977111816406e+01 7.904412668141199802e-11 2.932501755933579528e-10
1.450000000000000000e+01 8.449920074882954397e-11 3.186700210892890054e-10
1.450999927520751953e+01 8.972031261162791789e-11 3.429528417835686206e-10
1.451999950408935547e+01 9.468517160577112548e-11 3.659984862895514145e-10
1.452999973297119141e+01 9.937151716152514000e-11 3.877085264462332187e-10
1.453999996185302734e+01 1.037592192447816978e-10 4.079958456960071241e-10
1.454999923706054688e+01 1.078294736827698608e-10 4.267806756264048080e-10
1.455999946594238281e+01 1.115663954989268227e-10 4.439976725592895555e-10
1.456999969482421875e+01 1.149547509142240173e-10 4.595851441215601374e-10
1.457999992370605469e+01 1.179815984523352080e-10 4.734922927014110474e-10
1.458999919891357422e+01 1.206356985625567404e-10 4.856761453504832637e-10
1.459999942779541016e+01 1.229085304898184732e-10 4.961058653560469093e-10
1.460999965667724609e+01 1.247928033338179762e-10 5.047555659511839974e-10
1.461999988555908203e+01 1.262835271271265993e-10 5.116088880896642934e-10
1.463000011444091797e+01 1.273777539587574335e-10 5.166574950452688654e-10
1.463999938964843750e+01 1.280745325821590481e-10 5.199005740457963031e-10
1.464999961853027344e+01 1.283751278667143512e-10 5.213456179208175205e-10
1.465999984741210938e+01 1.282826031618680066e-10 5.210062858765584743e-10
1.467000007629394531e+01 1.278020939238135841e-10 5.189035316778598188e-10
1.467999935150146484e+01 1.269407811822104229e-10 5.150653833588036418e-10
1.468999958038330078e+01 1.257074739477496119e-10 5.095250509920066596e-10
1.469999980926513672e+01 1.241130398231347961e-10 5.023228802725862931e-10
1.471000003814697266e+01 1.221700373233046978e-10 4.935048178781293909e-10
1.471999931335449219e+01 1.198929273635791494e-10 4.831235410242551877e-10
1.472999954223632812e+01 1.172970767479949390e-10 4.712341441553745548e-10
1.473999977111816406e+01 1.143999581702997915e-10 4.578998983687972056e-10
1.475000000000000000e+01 1.112201972500331331e-10 4.431882552171050587e-10
1.475999927520751953e+01 1.077779913647501753e-10 4.271731785949208036e-10
1.476999950408935547e+01 1.040936407145107617e-10 4.099287405005745220e-10
1.477999973297119141e+01 1.001893843464716549e-10 3.915381267968979859e-10
1.478999996185302734e+01 9.608796763392765696e-11 3.720874676656200601e-10
1.479999923706054688e+01 9.181322721406228301e-11 3.516691074244476404e-10
1.480999946594238281e+01 8.738829388621504363e-11 3.303735170966584843e-10
1.481999969482421875e+01 8.283789116281837932e-11 3.083007672352750797e-10
1.482999992370605469e+01 7.818656701040067742e-11 2.855525694251674634e-10
1.483999919891357422e+01 7.345939679883031326e-11 2.622361447995404896e-10
1.484999942779541016e+01 6.868002399855216564e-11 2.384549567394190042e-10
1.485999965667724609e+01 6.387322406101166081e-11 2.143217158228509207e-10
1.486999988555908203e+01 5.906296557245717993e-11 1.899491346210177404e-10
1.488000011444091797e+01 5.427272380395204841e-11 1.654516923455884882e-10
1.488999938964843750e+01 4.952580365955197329e-11 1.409474939852034477e-10
1.489999961853027344e+01 4.484341343946844775e-11 1.165484039880026341e-10
1.490999984741210938e+01 4.024727422103424011e-11 9.237353144662765706e-11
1.492000007629394531e+01 3.575770165739614249e-11 6.853927988503040046e-11
1.492999935150146484e+01 3.139438019354971937e-11 4.516326786572019923e-11
1.493999958038330078e+01 2.717463037283888716e-11 2.235480377227505116e-11
1.494999980926513672e+01 2.311583937025605439e-11 2.276083842249472991e-13
1.496000003814697266e+01 1.923372433863882357e-11 -2.110984474928606999e-11
1.496999931335449219e+01 1.554305042600508052e-11 -4.155086564832037922e-11
1.497999954223632812e+01 1.205620486101460439e-11 -6.099895475265192349e-11
1.498999977111816406e+01 8.785285349488421266e-12 -7.935677531925206730e-11
1.500000000000000000e+01 5.740657050945464018e-12 -9.653471533135932798e-11
