# col1: q[fm^-1] col2: weakFF col3: chargeFF [unitless]
9.999999999999999547e-07 1.000000371098882956e+00 9.999999630494775804e-01
9.999999776482582092e-03 9.995838111051948971e-01 9.996246574139062702e-01
1.999999955296516418e-02 9.983349621848573996e-01 9.984993933516119746e-01
2.999999932944774628e-02 9.962563151458216915e-01 9.966261278306469684e-01
3.999999910593032837e-02 9.933520132874726905e-01 9.940081171240304769e-01
4.999999701976776123e-02 9.896278411455602386e-01 9.906499095232259577e-01
5.999999865889549255e-02 9.850912038676304938e-01 9.865573307238972856e-01
7.000000029802322388e-02 9.797511123791057264e-01 9.817374755330018354e-01
7.999999821186065674e-02 9.736181549668445623e-01 9.761986884021319755e-01
8.999999612569808960e-02 9.667044612278591353e-01 9.699505380981456870e-01
9.999999403953552246e-02 9.590236732312699131e-01 9.630037998841005642e-01
1.099999994039535522e-01 9.505908978980595059e-01 9.553704216783547309e-01
1.199999973177909851e-01 9.414226893614570102e-01 9.470635182619755454e-01
1.299999952316284180e-01 9.315369639648499733e-01 9.380973053578358645e-01
1.400000005960464478e-01 9.209529656434880529e-01 9.284870800701990889e-01
1.499999910593032837e-01 9.096912459736550272e-01 9.182492154930618211e-01
1.599999964237213135e-01 8.977735156102719660e-01 9.074010390902120804e-01
1.700000017881393433e-01 8.852226909137256294e-01 8.959608890543488968e-01
1.799999922513961792e-01 8.720627836891349238e-01 8.839480286869079162e-01
1.899999976158142090e-01 8.583187712363464783e-01 8.713825428675192608e-01
1.999999880790710449e-01 8.440166664255943640e-01 8.582854176397870516e-01
2.099999934434890747e-01 8.291832824560178006e-01 8.446783410392550984e-01
2.199999988079071045e-01 8.138463063953783605e-01 8.305837865779549523e-01
2.299999892711639404e-01 7.980341633545563473e-01 8.160249053588930490e-01
2.399999946355819702e-01 7.817758657124933563e-01 8.010254038111760400e-01
2.500000000000000000e-01 7.651010766578486555e-01 7.856096188433182581e-01
2.599999904632568359e-01 7.480399634875715131e-01 7.698023994914481305e-01
2.699999809265136719e-01 7.306230652982339535e-01 7.536290009358201925e-01
2.800000011920928955e-01 7.128812347526436444e-01 7.371150465259894702e-01
2.899999916553497314e-01 6.948457460862242918e-01 7.202866449430604945e-01
2.999999821186065674e-01 6.765478979446396535e-01 7.031700363923002461e-01
3.100000023841857910e-01 6.580190891321451296e-01 6.857916778106036837e-01
3.199999928474426270e-01 6.392909091057993320e-01 6.681783435194996734e-01
3.299999833106994629e-01 6.203947287540509947e-01 6.503567559222296346e-01
3.400000035762786865e-01 6.013617872093967032e-01 6.323536799607550885e-01
3.499999940395355225e-01 5.822232890776936065e-01 6.141960292119694742e-01
3.599999845027923584e-01 5.630099904021973467e-01 5.959104868154621037e-01
3.700000047683715820e-01 5.437522961113686604e-01 5.775236084591449659e-01
3.799999952316284180e-01 5.244803635399398756e-01 5.590619331498045685e-01
3.899999856948852539e-01 5.052236905327261995e-01 5.405516000419673395e-01
3.999999761581420898e-01 4.860112800165612423e-01 5.220185143500889469e-01
4.099999964237213135e-01 4.668714633950231674e-01 5.034881857648874082e-01
4.199999868869781494e-01 4.478320689219800754e-01 4.849858990910657641e-01
4.299999773502349854e-01 4.289200226667961857e-01 4.665363341105513428e-01
4.399999976158142090e-01 4.101614677338371040e-01 4.481636849873893991e-01
4.499999880790710449e-01 3.915818798419316571e-01 4.298917786643399741e-01
4.599999785423278809e-01 3.732056846396046290e-01 4.117437029811231164e-01
4.699999988079071045e-01 3.550563843814870668e-01 3.937419313582172786e-01
4.799999892711639404e-01 3.371566771702892429e-01 3.759084429451077791e-01
4.899999797344207764e-01 3.195280955484045560e-01 3.582643636625296724e-01
5.000000000000000000e-01 3.021911392034779542e-01 3.408300949740599162e-01
5.099999904632568359e-01 2.851653967645441101e-01 3.236254348236604073e-01
5.199999809265136719e-01 2.684692097732699345e-01 3.066692357716660489e-01
5.299999713897705078e-01 2.521198580152949065e-01 2.899795859152354827e-01
5.399999618530273438e-01 2.361334887784005410e-01 2.735737314612770033e-01
5.500000119209289551e-01 2.205250099798634622e-01 2.574679590020464981e-01
5.600000023841857910e-01 2.053084486691696964e-01 2.416779575925418477e-01
5.699999928474426270e-01 1.904963848843076457e-01 2.262182250269730022e-01
5.799999833106994629e-01 1.761003218332550524e-01 2.111024386712408440e-01
5.899999737739562988e-01 1.621305908650054195e-01 1.963433460408275100e-01
5.999999642372131348e-01 1.485963539909579689e-01 1.819527548226658187e-01
6.100000143051147461e-01 1.355055330066514407e-01 1.679414430555468685e-01
6.200000047683715820e-01 1.228651279682779623e-01 1.543194859711979339e-01
6.299999952316284180e-01 1.106807610727273267e-01 1.410957523362676991e-01
6.399999856948852539e-01 9.895700654537518959e-02 1.282782407847349315e-01
6.499999761581420898e-01 8.769732922951205267e-02 1.158739974975040998e-01
6.599999666213989258e-01 7.690410526592893203e-02 1.038891208760031187e-01
6.699999570846557617e-01 6.657864537295368756e-02 9.232876849920564066e-02
6.800000071525573730e-01 5.672116322647193648e-02 8.119710123718267003e-02
6.899999976158142090e-01 4.733103574245806078e-02 7.049755742538169057e-02
6.999999880790710449e-01 3.840648077921501174e-02 6.023246815002025051e-02
7.099999785423278809e-01 2.994482718470404051e-02 5.040334064330884156e-02
7.199999690055847168e-01 2.194248874497104623e-02 4.101080798681689538e-02
7.299999594688415527e-01 1.439499998243258180e-02 3.205464827869310140e-02
7.400000095367431641e-01 7.297012515420655231e-03 2.353375604861530565e-02
7.500000000000000000e-01 6.425003158365730997e-04 1.544636536765784697e-02
7.599999904632568359e-01 -5.575454142857694077e-03 7.789769242523468529e-03
7.699999809265136719e-01 -1.136444702496365415e-02 5.605509098801688675e-04
7.799999713897705078e-01 -1.673275488556088750e-02 -6.245441344023256944e-03
7.899999618530273438e-01 -2.168929204554065002e-02 -1.263306603705334312e-02
7.999999523162841797e-01 -2.624356738699207270e-02 -1.860785920850100555e-02
8.100000023841857910e-01 -3.040566438344896941e-02 -2.417603609746071802e-02
8.199999928474426270e-01 -3.418610031555983919e-02 -2.934432958830057725e-02
8.299999833106994629e-01 -3.759593099603508737e-02 -3.412015723771558845e-02
8.399999737739562988e-01 -4.064660526331213136e-02 -3.851145339290811681e-02
8.499999642372131348e-01 -4.334994709878307872e-02 -4.252667024308957877e-02
8.599999547004699707e-01 -4.571811207196167792e-02 -4.617474398978443917e-02
8.700000047683715820e-01 -4.776355546520425627e-02 -4.946507920192878133e-02
8.799999952316284180e-01 -4.949894286279553357e-02 -5.240743802791501121e-02
8.899999856948852539e-01 -5.093718127470416024e-02 -5.501202312385215093e-02
8.999999761581420898e-01 -5.209132740139089945e-02 -5.728936241694382314e-02
9.099999666213989258e-01 -5.297456053063112624e-02 -5.925029508178080578e-02
9.199999570846557617e-01 -5.360014328123494792e-02 -6.090593697671873447e-02
9.300000071525573730e-01 -5.398138499899440140e-02 -6.226765356670821427e-02
9.399999976158142090e-01 -5.413159713058796757e-02 -6.334699519599598649e-02
9.499999880790710449e-01 -5.406407098091561836e-02 -6.415571206027678719e-02
9.599999785423278809e-01 -5.379203282388485274e-02 -6.470568693372753810e-02
9.699999690055847168e-01 -5.332861384161553114e-02 -6.500891158416971516e-02
9.799999594688415527e-01 -5.268681852332880028e-02 -6.507745485371728422e-02
9.899999499320983887e-01 -5.187949456346286486e-02 -6.492343145935483562e-02
1.000000000000000000e+00 -5.091929815038029328e-02 -6.455896880733810739e-02
1.009999990463256836e+00 -4.981869080727798632e-02 -6.399618739294377079e-02
1.019999980926513672e+00 -4.858987958174845051e-02 -6.324715901702035459e-02
1.029999971389770508e+00 -4.724481539450583328e-02 -6.232388663590755079e-02
1.039999961853027344e+00 -4.579516569698209583e-02 -6.123827615770057603e-02
1.049999952316284180e+00 -4.425229407911809160e-02 -6.000211086605410776e-02
1.059999942779541016e+00 -4.262724155316543334e-02 -5.862702695689162025e-02
1.069999933242797852e+00 -4.093070951341101077e-02 -5.712449022603015986e-02
1.079999923706054688e+00 -3.917304436595320238e-02 -5.550577394112038432e-02
1.090000033378601074e+00 -3.736420198786787744e-02 -5.378191679365371819e-02
1.100000023841857910e+00 -3.551382253467447181e-02 -5.196378669307502585e-02
1.110000014305114746e+00 -3.363109044192851699e-02 -5.006193885399793514e-02
1.120000004768371582e+00 -3.172481134715302714e-02 -4.808667974642561599e-02
1.129999995231628418e+00 -2.980338351862494781e-02 -4.604803128589178562e-02
1.139999985694885254e+00 -2.787479208848771955e-02 -4.395571625835665436e-02
1.149999976158142090e+00 -2.594660477345160296e-02 -4.181914503731293253e-02
1.159999966621398926e+00 -2.402596904005427011e-02 -3.964740359141603887e-02
1.169999957084655762e+00 -2.211961066807377821e-02 -3.744924277699730047e-02
1.179999947547912598e+00 -2.023383366260018273e-02 -3.523306890599561814e-02
1.189999938011169434e+00 -1.837452146248280335e-02 -3.300693557616404122e-02
1.199999928474426270e+00 -1.654713939037765619e-02 -3.077853674688206878e-02
1.209999918937683105e+00 -1.475673828741960736e-02 -2.855520104053711414e-02
1.220000028610229492e+00 -1.300793869187111783e-02 -2.634386098349909486e-02
1.230000019073486328e+00 -1.130501956219237027e-02 -2.415115499645701866e-02
1.240000009536743164e+00 -9.651799947869547577e-03 -2.198326693776877366e-02
1.250000000000000000e+00 -8.051730705615675263e-03 -1.984603072705836205e-02
1.259999990463256836e+00 -6.507882041731396540e-03 -1.774490392208089018e-02
1.269999980926513672e+00 -5.022952971032604817e-03 -1.568496878605896497e-02
1.279999971389770508e+00 -3.599281523854846836e-03 -1.367093436081578094e-02
1.289999961853027344e+00 -2.238855636606087388e-03 -1.170713950518282101e-02
1.299999952316284180e+00 -9.433246615453301769e-04 -9.797556856455414201e-03
1.309999942779541016e+00 2.859885681042903765e-04 -7.945797671159942829e-03
1.319999933242797852e+00 1.448075180952968595e-03 -6.155117500079932205e-03
1.329999923706054688e+00 2.542227280547198088e-03 -4.428422651364414230e-03
1.339999914169311523e+00 3.568024590130534652e-03 -2.768277394607469941e-03
1.350000023841857910e+00 4.525331792959734825e-03 -1.176893305318053211e-03
1.360000014305114746e+00 5.414239790724544379e-03 3.437871295949770770e-04
1.370000004768371582e+00 6.235120067354125994e-03 1.792195231429059192e-03
1.379999995231628418e+00 6.988563982480504658e-03 3.167049713788181679e-03
1.389999985694885254e+00 7.675380266466344525e-03 4.467365884737639972e-03
1.399999976158142090e+00 8.296580663818331480e-03 5.692445015426431804e-03
1.409999966621398926e+00 8.853365594836114585e-03 6.841863308446807269e-03
1.419999957084655762e+00 9.347109883002288622e-03 7.915460514129528044e-03
1.429999947547912598e+00 9.779348593381764071e-03 8.913328242388766920e-03
1.439999938011169434e+00 1.015176302498917334e-02 9.835798017006569527e-03
1.449999928474426270e+00 1.046616689771238777e-02 1.068342911839081401e-02
1.459999918937683105e+00 1.072449277196026521e-02 1.145699625986079315e-02
1.469999909400939941e+00 1.092877873674409812e-02 1.215747714141703247e-02
1.480000019073486328e+00 1.108115691519349910e-02 1.278604699331469148e-02
1.490000009536743164e+00 1.118383414456139077e-02 1.334403690088284758e-02
1.500000000000000000e+00 1.123909051810467914e-02 1.383296617607263079e-02
1.509999990463256836e+00 1.124925959953471111e-02 1.425449902294138697e-02
1.519999980926513672e+00 1.121671902306383209e-02 1.461044001184714190e-02
1.529999971389770508e+00 1.114387940212209320e-02 1.490272174707965060e-02
1.539999961853027344e+00 1.103317368658542942e-02 1.513339268082543668e-02
1.549999952316284180e+00 1.088704698439250766e-02 1.530460510540589472e-02
1.559999942779541016e+00 1.070794686106425059e-02 1.541860335394116405e-02
1.569999933242797852e+00 1.049831412832848143e-02 1.547771223777100885e-02
1.579999923706054688e+00 1.026057413079940056e-02 1.548432574711222816e-02
1.589999914169311523e+00 9.997128537473538856e-03 1.544089603956154931e-02
1.599999904632568359e+00 9.710347642685896938e-03 1.534992273916661355e-02
1.610000014305114746e+00 9.402559393989172454e-03 1.521394068778595537e-02
1.620000004768371582e+00 9.076057648729624061e-03 1.503551695173695364e-02
1.629999995231628418e+00 8.733073955795051663e-03 1.481723139797798926e-02
1.639999985694885254e+00 8.375786359349452620e-03 1.456167340789398489e-02
1.649999976158142090e+00 8.006310699665819194e-03 1.427143164616680344e-02
1.659999966621398926e+00 7.626695959802747872e-03 1.394908559488510814e-02
1.669999957084655762e+00 7.238920101796196722e-03 1.359719750478101917e-02
1.679999947547912598e+00 6.844886383105532220e-03 1.321830477154564698e-02
1.689999938011169434e+00 6.446420142737368381e-03 1.281491274345696908e-02
1.699999928474426270e+00 6.045266045255565449e-03 1.238948796488101300e-02
1.709999918937683105e+00 5.643085769769290785e-03 1.194445185858462356e-02
1.719999909400939941e+00 5.241456129974760361e-03 1.148217484822809838e-02
1.730000019073486328e+00 4.841862864766983444e-03 1.100496515221734660e-02
1.740000009536743164e+00 4.445718606683912721e-03 1.051508672146073305e-02
1.750000000000000000e+00 4.054333596961313090e-03 1.001472050315342643e-02
1.759999990463256836e+00 3.668934472093649760e-03 9.505982917125352719e-03
1.769999980926513672e+00 3.290659523073244039e-03 8.990916544718459413e-03
1.779999971389770508e+00 2.920559064772642634e-03 8.471486840787375780e-03
1.789999961853027344e+00 2.559596118622004066e-03 7.949579256671510455e-03
1.799999952316284180e+00 2.208647389978344536e-03 7.426996765231869135e-03
1.809999942779541016e+00 1.868504521400785609e-03 6.905457778076416926e-03
1.819999933242797852e+00 1.539875602942725923e-03 6.386594444201928490e-03
1.829999923706054688e+00 1.223386920545942126e-03 5.871951318458456040e-03
1.839999914169311523e+00 9.195849236685618667e-04 5.362984387494844699e-03
1.849999904632568359e+00 6.289383933957472944e-04 4.861060440169241714e-03
1.860000014305114746e+00 3.518375713043131827e-04 4.367450938989838292e-03
1.870000004768371582e+00 8.860972468585475977e-05 3.883355477417135999e-03
1.879999995231628418e+00 -1.604980195565006184e-04 3.409866773372471644e-03
1.889999985694885254e+00 -3.953025082207415231e-04 2.947994929701356053e-03
1.899999976158142090e+00 -6.156850488024768553e-04 2.498662376880021133e-03
1.909999966621398926e+00 -8.215884179225776702e-04 2.062705008217820268e-03
1.919999957084655762e+00 -1.013013792226072612e-03 1.640873555545206350e-03
1.929999947547912598e+00 -1.190017617530603720e-03 1.233835189513659723e-03
1.939999938011169434e+00 -1.352708431435804175e-03 8.421753285706384904e-04
1.949999928474426270e+00 -1.501243654008260070e-03 4.663996406679160622e-04
1.959999918937683105e+00 -1.635826360533425543e-03 1.069362218129405948e-04
1.969999909400939941e+00 -1.756702049680100705e-03 -2.358620643222020914e-04
1.979999899864196777e+00 -1.864155419758283623e-03 -5.617151013636914863e-04
1.990000009536743164e+00 -1.958508213113850649e-03 -8.704164822779281467e-04
2.000000000000000000e+00 -2.040111701970435173e-03 -1.161816264381208526e-03
2.009999990463256836e+00 -2.109350300406826004e-03 -1.435840221853509815e-03
2.019999980926513672e+00 -2.166633835470222359e-03 -1.692472003650289259e-03
2.029999971389770508e+00 -2.212395732135513052e-03 -1.931753929660200196e-03
2.039999961853027344e+00 -2.247090065668361572e-03 -2.153783946864591767e-03
2.049999952316284180e+00 -2.271188691350436908e-03 -2.358712541414220969e-03
2.059999942779541016e+00 -2.285178458643417204e-03 -2.546739619507242501e-03
2.069999933242797852e+00 -2.289558516176026098e-03 -2.718111369465492540e-03
2.079999923706054688e+00 -2.284837713256385443e-03 -2.873117116896509084e-03
2.089999914169311523e+00 -2.271532102942151483e-03 -3.012086184299581429e-03
2.099999904632568359e+00 -2.250162551045601939e-03 -3.135384765928445408e-03
2.109999895095825195e+00 -2.221252454811522593e-03 -3.243412828163223533e-03
2.119999885559082031e+00 -2.185325574384290245e-03 -3.336601045073076151e-03
2.129999876022338867e+00 -2.142903979578282894e-03 -3.415407778270936057e-03
2.139999866485595703e+00 -2.094506113884198831e-03 -3.480316109575436623e-03
2.149999856948852539e+00 -2.040644977084178201e-03 -3.531830934404887792e-03
2.159999847412109375e+00 -1.981826427311763998e-03 -3.570476123236567597e-03
2.169999837875366211e+00 -1.918547602879844185e-03 -3.596791757873439577e-03
2.180000066757202148e+00 -1.851293816730262146e-03 -3.611331659410416638e-03
2.190000057220458984e+00 -1.780543726937564063e-03 -3.614659688544103345e-03
2.200000047683715820e+00 -1.706758477488857324e-03 -3.607349300526549538e-03
2.210000038146972656e+00 -1.630386925393769804e-03 -3.589979484588630594e-03
2.220000028610229492e+00 -1.551863092045462078e-03 -3.563132939811713799e-03
2.230000019073486328e+00 -1.471605284905357731e-03 -3.527393869337751287e-03
2.240000009536743164e+00 -1.390015328998382661e-03 -3.483345880515933708e-03
2.250000000000000000e+00 -1.307477905368320276e-03 -3.431569993259467495e-03
2.259999990463256836e+00 -1.224359993366275256e-03 -3.372642758384683959e-03
2.269999980926513672e+00 -1.141010413395441821e-03 -3.307134487220292525e-03
2.279999971389770508e+00 -1.057759466511633273e-03 -3.235607593308404729e-03
2.289999961853027344e+00 -9.749186670813771898e-04 -3.158615046571787693e-03
2.299999952316284180e+00 -8.927805645270833106e-04 -3.076698939894460111e-03
2.309999942779541016e+00 -8.116186500413268175e-04 -2.990389167655912572e-03
2.319999933242797852e+00 -7.316873440292660834e-04 -2.900202215373490905e-03
2.329999923706054688e+00 -6.532220599385470334e-04 -2.806640059243277387e-03
2.339999914169311523e+00 -5.764393400593078491e-04 -2.710189174027396227e-03
2.349999904632568359e+00 -5.015370588222525490e-04 -2.611319647415654473e-03
2.359999895095825195e+00 -4.286946890890532057e-04 -2.510484398691482932e-03
2.369999885559082031e+00 -3.580736269160538854e-04 -2.408118499256750849e-03
2.379999876022338867e+00 -2.898175702781490243e-04 -2.304638592317035609e-03
2.389999866485595703e+00 -2.240529472639091874e-04 -2.200442408798048300e-03
2.399999856948852539e+00 -1.608893892944799231e-04 -2.095908376355382682e-03
2.409999847412109375e+00 -1.004202449764693173e-04 -1.991395318152817864e-03
2.419999837875366211e+00 -4.272313027184060770e-05 -1.887242237919188386e-03
2.429999828338623047e+00 1.213948924532614690e-05 -1.783768187649592725e-03
2.440000057220458984e+00 6.412089282196316005e-05 -1.681269784413758333e-03
2.450000047683715820e+00 1.131845819564890673e-04 -1.580030984227801102e-03
2.460000038146972656e+00 1.593110632392729016e-04 -1.480308502591524879e-03
2.470000028610229492e+00 2.024921507759890233e-04 -1.382341780438661001e-03
2.480000019073486328e+00 2.427315568911644125e-04 -1.286350750411562440e-03
2.490000009536743164e+00 2.800441998248215294e-04 -1.192536118568690139e-03
2.500000000000000000e+00 3.144555055713413533e-04 -1.101079700922441432e-03
2.509999990463256836e+00 3.460007070212576283e-04 -1.012144810713257572e-03
2.519999980926513672e+00 3.747241434023469622e-04 -9.258766923450942972e-04
2.529999971389770508e+00 4.006785628483069852e-04 -8.424029979408426084e-04
2.539999961853027344e+00 4.239244307529718139e-04 -7.618343025234461515e-04
2.549999952316284180e+00 4.445292463957933480e-04 -6.842646538883641024e-04
2.559999942779541016e+00 4.625668701514158493e-04 -6.097721533048777601e-04
2.569999933242797852e+00 4.781168634232282606e-04 -5.384195632665068378e-04
2.579999923706054688e+00 4.912638432685348909e-04 -4.702549386039539189e-04
2.589999914169311523e+00 5.020968535122910612e-04 -4.053122773762481211e-04
2.599999904632568359e+00 5.107087539776462848e-04 -3.436121880666459451e-04
2.609999895095825195e+00 5.171956292956874160e-04 -2.851625697282688938e-04
2.619999885559082031e+00 5.216562185941136295e-04 -2.299593018496175515e-04
2.629999876022338867e+00 5.241913672057334000e-04 -1.779869408413346495e-04
2.639999866485595703e+00 5.249035013831248632e-04 -1.292194201819180923e-04
2.649999856948852539e+00 5.238961268558592994e-04 -8.362075140068409409e-05
2.659999847412109375e+00 5.212733519218130289e-04 -4.114572322071785083e-05
2.669999837875366211e+00 5.171394356245888205e-04 -1.740596331612876658e-06
2.679999828338623047e+00 5.115983614351304583e-04 3.465620858886081220e-05
2.690000057220458984e+00 5.047532588034002975e-04 6.811419505967730530e-05
2.700000047683715820e+00 4.967067128535105659e-04 9.870700256660543180e-05
2.710000038146972656e+00 4.875594329957545791e-04 1.265165349586239412e-04
2.720000028610229492e+00 4.774105548987248406e-04 1.516290613936901207e-04
2.730000019073486328e+00 4.663571956348023378e-04 1.741354249308540796e-04
2.740000009536743164e+00 4.544941824272217146e-04 1.941304365467680945e-04
2.750000000000000000e+00 4.419138065895776221e-04 2.117122883441699334e-04
2.759999990463256836e+00 4.287056022266586062e-04 2.269819871372624081e-04
2.769999980926513672e+00 4.149561491881119672e-04 2.400428094574967076e-04
2.779999971389770508e+00 4.007488996954360234e-04 2.509997788851720305e-04
2.789999961853027344e+00 3.861640279979790280e-04 2.599591664778425071e-04
2.799999952316284180e+00 3.712783023550718657e-04 2.670280149361773411e-04
2.809999942779541016e+00 3.561649785888528689e-04 2.723136870218492342e-04
2.819999933242797852e+00 3.408937144057495004e-04 2.759234386205824214e-04
2.829999923706054688e+00 3.255305036437608469e-04 2.779640167269333798e-04
2.839999914169311523e+00 3.101376295674520872e-04 2.785412825157443481e-04
2.849999904632568359e+00 2.947736363029038317e-04 2.777598595589498231e-04
2.859999895095825195e+00 2.794933174803817893e-04 2.757228071454540441e-04
2.869999885559082031e+00 2.643477211331687047e-04 2.725313185662836600e-04
2.879999876022338867e+00 2.493841698866310313e-04 2.682844441374426249e-04
2.889999866485595703e+00 2.346462954618615227e-04 2.630788386485582368e-04
2.899999856948852539e+00 2.201740865131445314e-04 2.570085328470028793e-04
2.909999847412109375e+00 2.060039488175927579e-04 2.501647284942560071e-04
2.919999837875366211e+00 1.921687768386295774e-04 2.426356164642124650e-04
2.929999828338623047e+00 1.786980356921132214e-04 2.345062172916668856e-04
2.939999818801879883e+00 1.656178525547592761e-04 2.258582435233868178e-04
2.950000047683715820e+00 1.529508196618955716e-04 2.167697618452422580e-04
2.960000038146972656e+00 1.407172999471618903e-04 2.073159743628784563e-04
2.970000028610229492e+00 1.289337284779829809e-04 1.975678392363534538e-04
2.980000019073486328e+00 1.176139508135586243e-04 1.875928712060265257e-04
2.990000009536743164e+00 1.067690408160191509e-04 1.774548899353892552e-04
3.000000000000000000e+00 9.640742955893101486e-05 1.672139971391016348e-04
3.009999990463256836e+00 8.653503752071571196e-05 1.569265698702697288e-04
3.019999980926513672e+00 7.715540929463330364e-05 1.466452690631340398e-04
3.029999971389770508e+00 6.826985008070136723e-05 1.364190624168919500e-04
3.039999961853027344e+00 5.987756326013268440e-05 1.262932607003648927e-04
3.049999952316284180e+00 5.197578838912229269e-05 1.163095665550309854e-04
3.059999942779541016e+00 4.455993898614748772e-05 1.065061348757645145e-04
3.069999933242797852e+00 3.762373952493903013e-05 9.691764385394081892e-05
3.079999923706054688e+00 3.115936108382330729e-05 8.757537577635312329e-05
3.089999914169311523e+00 2.515755514103977934e-05 7.850730668534843470e-05
3.099999904632568359e+00 1.960778504455827103e-05 6.973820402048000998e-05
3.109999895095825195e+00 1.449835472392116796e-05 6.128973137969938659e-05
3.119999885559082031e+00 9.816534250213830392e-06 5.318055955824551884e-05
3.129999876022338867e+00 5.548681888536105223e-06 4.542648304592999194e-05
3.139999866485595703e+00 1.680362324968707066e-06 3.804054118808887849e-05
3.149999856948852539e+00 -1.803539213117220062e-06 3.103314324194858190e-05
3.159999847412109375e+00 -4.918707188565284636e-06 2.441219658824411631e-05
3.169999837875366211e+00 -7.681290547964019375e-06 1.818323738756559018e-05
3.179999828338623047e+00 -1.010780225365205829e-05 1.234956300165618651e-05
3.189999818801879883e+00 -1.221502369804379767e-05 6.912365531863232973e-06
3.199999809265136719e+00 -1.401991411298779602e-05 1.870865859603859618e-06
3.210000038146972656e+00 -1.553955802227306122e-05 -2.777658564936061759e-06
3.220000028610229492e+00 -1.679094680911533911e-05 -7.037306496290059025e-06
3.230000019073486328e+00 -1.779112026692371848e-05 -1.091408550568833759e-05
3.240000009536743164e+00 -1.855694529541061937e-05 -1.441532882269101161e-05
3.250000000000000000e+00 -1.910509055069578089e-05 -1.754968232595355499e-05
3.259999990463256836e+00 -1.945196663244515937e-05 -2.032697850979833641e-05
3.269999980926513672e+00 -1.961367130857591087e-05 -2.275811330171288550e-05
3.279999971389770508e+00 -1.960593969627582588e-05 -2.485492607328415485e-05
3.289999961853027344e+00 -1.944409930112276028e-05 -2.663008315390621300e-05
3.299999952316284180e+00 -1.914302980074661384e-05 -2.809696512404835436e-05
3.309999942779541016e+00 -1.871712744570656973e-05 -2.926955813302346848e-05
3.319999933242797852e+00 -1.818027393798546019e-05 -3.016234945520363897e-05
3.329999923706054688e+00 -1.754580963673396719e-05 -3.079022746845779473e-05
3.339999914169311523e+00 -1.682651093150701752e-05 -3.116838620944313955e-05
3.349999904632568359e+00 -1.603457161525642294e-05 -3.131223463226757525e-05
3.359999895095825195e+00 -1.518158808259045842e-05 -3.123731066995102696e-05
3.369999885559082031e+00 -1.427854817336547260e-05 -3.095920017226713489e-05
3.379999876022338867e+00 -1.333582347732503768e-05 -3.049346076880266740e-05
3.389999866485595703e+00 -1.236316491227779996e-05 -2.985555068257384249e-05
3.399999856948852539e+00 -1.136970138609096489e-05 -2.906076249730868367e-05
3.409999847412109375e+00 -1.036394135150658559e-05 -2.812416186047100384e-05
3.419999837875366211e+00 -9.353777062434648321e-06 -2.706053108446918937e-05
3.429999828338623047e+00 -8.346491340789878526e-06 -2.588431759000149262e-05
3.439999818801879883e+00 -7.348766664139032029e-06 -2.460958711840799618e-05
3.449999809265136719e+00 -6.366696386335952518e-06 -2.324998162407300196e-05
3.460000038146972656e+00 -5.405775289031896316e-06 -2.181864686558468043e-05
3.470000028610229492e+00 -4.471005659995105676e-06 -2.032833758547174919e-05
3.480000019073486328e+00 -3.566776178918329907e-06 -1.879118356603795011e-05
3.490000009536743164e+00 -2.696972140084774786e-06 -1.721880023118334017e-05
3.500000000000000000e+00 -1.864971444530405150e-06 -1.562223481733014517e-05
3.509999990463256836e+00 -1.073664852131620203e-06 -1.401194975019339445e-05
3.519999980926513672e+00 -3.254771509683948865e-07 -1.239780974079464934e-05
3.529999971389770508e+00 3.776109102679737191e-07 -1.078907242958897293e-05
3.539999961853027344e+00 1.034040075323701655e-06 -9.194382402449150144e-06
3.549999952316284180e+00 1.642649561146268883e-06 -7.621768398249662486e-06
3.559999942779541016e+00 2.202653702431423608e-06 -6.078643524688261319e-06
3.569999933242797852e+00 2.713618389451191848e-06 -4.571808296894059820e-06
3.579999923706054688e+00 3.175437421987165469e-06 -3.107456312184769037e-06
3.589999914169311523e+00 3.588308895454195786e-06 -1.691182373955845459e-06
3.599999904632568359e+00 3.952711728258861372e-06 -3.279928782445740121e-07
3.609999895095825195e+00 4.269382432538303791e-06 9.776817223052234025e-07
3.619999885559082031e+00 4.539292223254817317e-06 2.221972560339186356e-06
3.629999876022338867e+00 4.763624553511744307e-06 3.401556282122336320e-06
3.639999866485595703e+00 4.943753156834124067e-06 4.513637439683304275e-06
3.649999856948852539e+00 5.081220669948865854e-06 5.555929520182997200e-06
3.659999847412109375e+00 5.177717902520155658e-06 6.526634781604321767e-06
3.669999837875366211e+00 5.235063813198087961e-06 7.424423058949911042e-06
3.679999828338623047e+00 5.255186244324581930e-06 8.248409699807662235e-06
3.689999818801879883e+00 5.240103460798793868e-06 8.998132782505904821e-06
3.699999809265136719e+00 5.191906531755161508e-06 9.673529763950689743e-06
3.709999799728393555e+00 5.112742587143519345e-06 1.027491369796890204e-05
3.720000028610229492e+00 5.004796075738379986e-06 1.080296088058653148e-05
3.730000019073486328e+00 4.870284831716578346e-06 1.125863800548569694e-05
3.740000009536743164e+00 4.711430564114566100e-06 1.164325337184859606e-05
3.750000000000000000e+00 4.530455477522450168e-06 1.195838057439471966e-05
3.759999990463256836e+00 4.329567927173285399e-06 1.220584790952345125e-05
3.769999980926513672e+00 4.110951253290172518e-06 1.238771459207758524e-05
3.779999971389770508e+00 3.876753547465982508e-06 1.250624733483272971e-05
3.789999961853027344e+00 3.629078338590609917e-06 1.256389737520467408e-05
3.799999952316284180e+00 3.369976181603493844e-06 1.256327802648669515e-05
3.809999942779541016e+00 3.101437128506059061e-06 1.250714282384438945e-05
3.819999933242797852e+00 2.825384057567092117e-06 1.239836432833135076e-05
3.829999923706054688e+00 2.543666833551401679e-06 1.223991364534881384e-05
3.839999914169311523e+00 2.258057269029596527e-06 1.203484070729363405e-05
3.849999904632568359e+00 1.970244854486110592e-06 1.178625536366913326e-05
3.859999895095825195e+00 1.681833222909212531e-06 1.149730931561331287e-05
3.869999885559082031e+00 1.394337312932970336e-06 1.117117892576518201e-05
3.879999876022338867e+00 1.109181193315280456e-06 1.081104892853980219e-05
3.889999866485595703e+00 8.276965105959038507e-07 1.042009706030279512e-05
3.899999856948852539e+00 5.511215211770460188e-07 1.000147962361871539e-05
3.909999847412109375e+00 2.806006687732232366e-07 9.558317994684589265e-06
3.919999837875366211e+00 1.718466817539527591e-08 9.093686078290171853e-06
3.929999828338623047e+00 -2.381689434470512560e-07 8.610598710146432478e-06
3.939999818801879883e+00 -4.845948259820913512e-07 8.112001002199072688e-06
3.949999809265136719e+00 -7.213184640556997648e-07 7.600758622638857838e-06
3.959999799728393555e+00 -9.476544395439536013e-07 7.079648998645879584e-06
3.970000028610229492e+00 -1.163009383505792776e-06 6.551340766051901234e-06
3.980000019073486328e+00 -1.366859367302254898e-06 6.018437330677519149e-06
3.990000009536743164e+00 -1.558778141573601413e-06 5.483395069739971046e-06
4.000000000000000000e+00 -1.738413514540754782e-06 4.948568327389125586e-06
4.009999752044677734e+00 -1.905485789232078791e-06 4.416205070300773916e-06
4.019999980926513672e+00 -2.059803761456557686e-06 3.888379974191405199e-06
4.029999732971191406e+00 -2.201219884495875867e-06 3.367130304273722661e-06
4.039999961853027344e+00 -2.329681264736408875e-06 2.854265584415825437e-06
4.049999713897705078e+00 -2.445172230240484684e-06 2.351564534597182320e-06
4.059999942779541016e+00 -2.547759767001102672e-06 1.860578985857074019e-06
4.069999694824218750e+00 -2.637545836709686541e-06 1.382825090392414991e-06
4.079999923706054688e+00 -2.714702894179486433e-06 9.195967457007275937e-07
4.089999675750732422e+00 -2.779435948371856759e-06 4.721484958445294315e-07
4.099999904632568359e+00 -2.832008396072360454e-06 4.152056466240140877e-08
4.110000133514404297e+00 -2.872715307882728379e-06 -3.713079873901253342e-07
4.119999885559082031e+00 -2.901891639616246502e-06 -7.654846833468799402e-07
4.130000114440917969e+00 -2.919910315411444166e-06 -1.140333392479645446e-06
4.139999866485595703e+00 -2.927170320193051536e-06 -1.495221870847959414e-06
4.150000095367431641e+00 -2.924100239866604708e-06 -1.829701085387904295e-06
4.159999847412109375e+00 -2.911152051352663008e-06 -2.143366098495971396e-06
4.170000076293945312e+00 -2.888796792127580092e-06 -2.435979462022044337e-06
4.179999828338623047e+00 -2.857526228501639613e-06 -2.707347266731900459e-06
4.190000057220458984e+00 -2.817841371320484851e-06 -2.957426164810585425e-06
4.199999809265136719e+00 -2.770261334798341788e-06 -3.186215127358077260e-06
4.210000038146972656e+00 -2.715305467895870432e-06 -3.393845962264673321e-06
4.219999790191650391e+00 -2.653508662231058689e-06 -3.580491013302755592e-06
4.230000019073486328e+00 -2.585397903263996843e-06 -3.746437319624234686e-06
4.239999771118164062e+00 -2.511513250501241916e-06 -3.892010208046476633e-06
4.250000000000000000e+00 -2.432379630265161343e-06 -4.017631489230220655e-06
4.259999752044677734e+00 -2.348532692928369337e-06 -4.123758642243489698e-06
4.269999980926513672e+00 -2.260486670953924619e-06 -4.210927659658177905e-06
4.279999732971191406e+00 -2.168764314543345620e-06 -4.279707301551281218e-06
4.289999961853027344e+00 -2.073861626214218535e-06 -4.330727386933813083e-06
4.299999713897705078e+00 -1.976281086274113237e-06 -4.364647403512656322e-06
4.309999942779541016e+00 -1.876494049998048189e-06 -4.382171196217985903e-06
4.319999694824218750e+00 -1.774976496000727625e-06 -4.384029059211969503e-06
4.329999923706054688e+00 -1.672169835791486228e-06 -4.370979894564560450e-06
4.339999675750732422e+00 -1.568518449720034761e-06 -4.343805783574852607e-06
4.349999904632568359e+00 -1.464429613054584144e-06 -4.303302780996074615e-06
4.360000133514404297e+00 -1.360307164593751745e-06 -4.250284049304700452e-06
4.369999885559082031e+00 -1.256535997881837305e-06 -4.185574585002832293e-06
4.380000114440917969e+00 -1.153466645367543131e-06 -4.109995383774165579e-06
4.389999866485595703e+00 -1.051449388401998672e-06 -4.024382614452090066e-06
4.400000095367431641e+00 -9.507946932404706251e-07 -3.929555456393073922e-06
4.409999847412109375e+00 -8.518118464149039767e-07 -3.826345254090464122e-06
4.420000076293945312e+00 -7.547705208389588788e-07 -3.715556405224674419e-06
4.429999828338623047e+00 -6.599384687369658002e-07 -3.598002631418958609e-06
4.440000057220458984e+00 -5.675446501353025467e-07 -3.474462177008935199e-06
4.449999809265136719e+00 -4.778155312850887523e-07 -3.345719962298857992e-06
4.460000038146972656e+00 -3.909401428604166677e-07 -3.212518316250149266e-06
4.469999790191650391e+00 -3.071045924488389190e-07 -3.075603808218484189e-06
4.480000019073486328e+00 -2.264593563100997124e-07 -2.935674685229863225e-06
4.489999771118164062e+00 -1.491516751964273872e-07 -2.793431224113499014e-06
4.500000000000000000e+00 -7.529532267599443334e-08 -2.649520978375520912e-06
4.509999752044677734e+00 -5.000613374135085892e-09 -2.504591552469557771e-06
4.519999980926513672e+00 6.165316653117204136e-08 -2.359234686933795420e-06
4.529999732971191406e+00 1.245903513441101610e-07 -2.214040427905577435e-06
4.539999961853027344e+00 1.837636709493673363e-07 -2.069540994488071919e-06
4.549999713897705078e+00 2.391295999026373506e-07 -1.926265397218289954e-06
4.559999942779541016e+00 2.906702548614938806e-07 -1.784683940797196721e-06
4.569999694824218750e+00 3.383716044903317827e-07 -1.645262432820176958e-06
4.579999923706054688e+00 3.822424504013314701e-07 -1.508408080095738561e-06
4.589999675750732422e+00 4.222955519694973124e-07 -1.374522521454275193e-06
4.599999904632568359e+00 4.585636919157195306e-07 -1.243949778782224769e-06
4.610000133514404297e+00 4.910851863982169688e-07 -1.117021482542596874e-06
4.619999885559082031e+00 5.199097612036123554e-07 -9.940372440629429464e-07
4.630000114440917969e+00 5.451012263980347359e-07 -8.752482545546090348e-07
4.639999866485595703e+00 5.667276533710306622e-07 -7.608983466313988197e-07
4.650000095367431641e+00 5.848703810214369492e-07 -6.511793370840689882e-07
4.659999847412109375e+00 5.996151433855097103e-07 -5.462752934494530629e-07
4.670000076293945312e+00 6.110584196171851599e-07 -4.463214868881650586e-07
4.679999828338623047e+00 6.193012122056570545e-07 -3.514452175338959321e-07
4.690000057220458984e+00 6.244528729616185574e-07 -2.617286157528316143e-07
4.699999809265136719e+00 6.266273858656253043e-07 -1.772457765506081086e-07
4.710000038146972656e+00 6.259448215821631740e-07 -9.802956374815983820e-08
4.719999790191650391e+00 6.225299567023349466e-07 -2.410488751973076098e-08
4.730000019073486328e+00 6.165115270155908457e-07 4.454041207731588309e-08
4.739999771118164062e+00 6.080229968528345173e-07 1.079262322985444824e-07
4.750000000000000000e+00 5.971997966025265921e-07 1.661052402512852555e-07
4.759999752044677734e+00 5.841820418215897974e-07 2.191375009810214622e-07
4.769999980926513672e+00 5.691099533781800743e-07 2.671114866867843770e-07
4.779999732971191406e+00 5.521283157612543280e-07 3.101226170088054277e-07
4.789999961853027344e+00 5.333802887334510318e-07 3.482903636692759336e-07
4.799999713897705078e+00 5.130133875815177283e-07 3.817405966081452713e-07
4.809999942779541016e+00 4.911719032160968369e-07 4.106189537118873258e-07
4.819999694824218750e+00 4.680041837027346264e-07 4.350768361565556300e-07
4.829999923706054688e+00 4.436538851789700049e-07 4.552812563985654649e-07
4.839999675750732422e+00 4.182683336420098803e-07 4.714042832629745849e-07
4.849999904632568359e+00 3.919888317475854024e-07 4.836296174899140998e-07
4.859999656677246094e+00 3.649598821928586578e-07 4.921452516466013951e-07
4.869999885559082031e+00 3.373187752856923106e-07 4.971470513367720126e-07
4.880000114440917969e+00 3.092041103861658900e-07 4.988343714373138473e-07
4.889999866485595703e+00 2.807516345894248376e-07 4.974109194355325925e-07
4.900000095367431641e+00 2.520896880899986892e-07 4.930828085067775762e-07
4.909999847412109375e+00 2.233483575578231763e-07 4.860583791500986808e-07
4.920000076293945312e+00 1.946482214426857470e-07 4.765456365627114766e-07
4.929999828338623047e+00 1.661109562666598124e-07 4.647539665684050752e-07
4.940000057220458984e+00 1.378481054062389751e-07 4.508896783190448389e-07
4.949999809265136719e+00 1.099716527931502386e-07 4.351596256373897019e-07
4.960000038146972656e+00 8.258300274611234618e-08 4.177651788288244317e-07
4.969999790191650391e+00 5.578335312971942384e-08 3.989074418858081550e-07
4.980000019073486328e+00 2.966305811768416129e-08 3.787799710315048694e-07
4.989999771118164062e+00 4.311647085215317839e-09 3.575752832575099190e-07
5.000000000000000000e+00 -2.019227555486741270e-08 3.354766282452912463e-07
5.009999752044677734e+00 -4.377150416450933994e-08 3.126654932411371669e-07
5.019999980926513672e+00 -6.635966020976125485e-08 2.893127197955298544e-07
5.029999732971191406e+00 -8.789228107907211784e-08 2.655867234386742429e-07
5.039999961853027344e+00 -1.083154623090760053e-07 2.416442279179342299e-07
5.049999713897705078e+00 -1.275776669103720448e-07 2.176389349686177569e-07
5.059999942779541016e+00 -1.456374883464945426e-07 1.937121270299069783e-07
5.069999694824218750e+00 -1.624562685850358381e-07 1.700015420665783733e-07
5.079999923706054688e+00 -1.780049099136676517e-07 1.466320717761781699e-07
5.089999675750732422e+00 -1.922573723861582692e-07 1.237246183333499174e-07
5.099999904632568359e+00 -2.051964834166164225e-07 1.013870894880713941e-07
5.109999656677246094e+00 -2.168083676512083525e-07 7.972303777029943232e-08
5.119999885559082031e+00 -2.270872233543109855e-07 5.882312721240962583e-08
5.130000114440917969e+00 -2.360311149195753579e-07 3.877244584060722721e-08
5.139999866485595703e+00 -2.436437305379269685e-07 1.964726457306826862e-08
5.150000095367431641e+00 -2.499349818824741606e-07 1.512557179930265414e-09
5.159999847412109375e+00 -2.549184050645644446e-07 -1.557162758399942767e-08
5.170000076293945312e+00 -2.586133389092921416e-07 -3.155693361830502516e-08
5.179999828338623047e+00 -2.610427869667996025e-07 -4.640002596066590115e-08
5.190000057220458984e+00 -2.622345931613968056e-07 -6.006848760582599406e-08
5.199999809265136719e+00 -2.622202651928359806e-07 -7.253494890060922772e-08
5.210000038146972656e+00 -2.610351893307084816e-07 -8.378205779821052110e-08
5.219999790191650391e+00 -2.587183793002793996e-07 -9.379747028667945278e-08
5.230000019073486328e+00 -2.553117834961592736e-07 -1.025778621002223903e-07
5.239999771118164062e+00 -2.508609104000565494e-07 -1.101248167444196398e-07
5.250000000000000000e+00 -2.454132913307058547e-07 -1.164478688474371764e-07
5.259999752044677734e+00 -2.390199217872434427e-07 -1.215613041811316728e-07
5.269999980926513672e+00 -2.317329511418309641e-07 -1.254862452021033101e-07
5.279999732971191406e+00 -2.236078691911075215e-07 -1.282483569824553496e-07
5.289999961853027344e+00 -2.147005010495809158e-07 -1.298790039009443763e-07
5.299999713897705078e+00 -2.050698597117053394e-07 -1.304138367864195141e-07
5.309999942779541016e+00 -1.947745299775769049e-07 -1.298930661155425054e-07
5.319999694824218750e+00 -1.838761010514972944e-07 -1.283608891080615399e-07
5.329999923706054688e+00 -1.724350277098411257e-07 -1.258649390661049521e-07
5.339999675750732422e+00 -1.605145519380309847e-07 -1.224564967802473052e-07
5.349999904632568359e+00 -1.481761328586191588e-07 -1.181891878159144693e-07
5.359999656677246094e+00 -1.354837630984685972e-07 -1.131199104361067987e-07
5.369999885559082031e+00 -1.224990612851407246e-07 -1.073068626834952754e-07
5.380000114440917969e+00 -1.092852527068935727e-07 -1.008107841165099237e-07
5.389999866485595703e+00 -9.590519215504529720e-08 -9.369402772106037804e-08
5.400000095367431641e+00 -8.241919211187769989e-08 -8.601905154716098039e-08
5.409999847412109375e+00 -6.888929422723713864e-08 -7.785052230550829333e-08
5.420000076293945312e+00 -5.537393447340189891e-08 -6.925207186414810471e-08
5.429999828338623047e+00 -4.193288996074233274e-08 -6.028907721442930836e-08
5.440000057220458984e+00 -2.862193819516278339e-08 -5.102508200343669884e-08
5.449999809265136719e+00 -1.549777734122169981e-08 -4.152489835788207117e-08
5.460000038146972656e+00 -2.612770709384327323e-09 -3.185079478169144826e-08
5.469999790191650391e+00 9.980243768951850807e-09 -2.206582511685424771e-08
5.480000019073486328e+00 2.223303650174697702e-08 -1.222988305366628213e-08
5.489999771118164062e+00 3.409736575088877660e-08 -2.403165186444390981e-09
5.500000000000000000e+00 4.552980579892161360e-08 7.357810477554691897e-09
5.509999752044677734e+00 5.648738666872554912e-08 1.699669703789995582e-08
5.519999980926513672e+00 6.693209168009717206e-08 2.646124337880923016e-08
5.529999732971191406e+00 7.682682082001649973e-08 3.569982706320830820e-08
5.539999961853027344e+00 8.613948956553674251e-08 4.466523548140520868e-08
5.549999713897705078e+00 9.483937096769138628e-08 5.331131775362810145e-08
5.559999942779541016e+00 1.029007365406787306e-07 6.159654313496130860e-08
5.569999694824218750e+00 1.102996232475170535e-07 6.948084327034011889e-08
5.579999923706054688e+00 1.170169672677414180e-07 7.692887735717376022e-08
5.589999675750732422e+00 1.230358328893285483e-07 8.390712791524314299e-08
5.599999904632568359e+00 1.283440008628470534e-07 9.038681191611525040e-08
5.609999656677246094e+00 1.329316868382651649e-07 9.634128434549427049e-08
5.619999885559082031e+00 1.367935575819749587e-07 1.017485450090514443e-07
5.629999637603759766e+00 1.399269571847654234e-07 1.065889947760665356e-07
5.639999866485595703e+00 1.423333363581057664e-07 1.108474988029828994e-07
5.650000095367431641e+00 1.440170584934171103e-07 1.145116910583678665e-07
5.659999847412109375e+00 1.449859234301296675e-07 1.175727640387215628e-07
5.670000076293945312e+00 1.452510545906653154e-07 1.200257325665008492e-07
5.679999828338623047e+00 1.448265458432960175e-07 1.218684213365898845e-07
5.690000057220458984e+00 1.437294369734329438e-07 1.231023217739190874e-07
5.699999809265136719e+00 1.419797284002524200e-07 1.237317956667971838e-07
5.710000038146972656e+00 1.395998102063126670e-07 1.237644398474825365e-07
5.719999790191650391e+00 1.366149555471167438e-07 1.232107244432850930e-07
5.730000019073486328e+00 1.330522385462957611e-07 1.220838757481730781e-07
5.739999771118164062e+00 1.289414777609822608e-07 1.203999416832891078e-07
5.750000000000000000e+00 1.243136868333259787e-07 1.181772128407492612e-07
5.759999752044677734e+00 1.192024326585953966e-07 1.154366994299032708e-07
5.769999980926513672e+00 1.136418698531445090e-07 1.122011191385603443e-07
5.779999732971191406e+00 1.076684723706292848e-07 1.084957622386305732e-07
5.789999961853027344e+00 1.013187084749052827e-07 1.043470824790017317e-07
5.799999713897705078e+00 9.463109953421866110e-08 9.978392023029694551e-08
5.809999942779541016e+00 8.764359622956743947e-08 9.483573900160374688e-08
5.819999694824218750e+00 8.039591419119569785e-08 8.953417060010919216e-08
5.829999923706054688e+00 7.292667463005204801e-08 8.391094498345267050e-08
5.839999675750732422e+00 6.527596342830376466e-08 7.799971646941161626e-08
5.849999904632568359e+00 5.748230031955734845e-08 7.183373847353676926e-08
5.859999656677246094e+00 4.958536602312167791e-08 6.544792585998035943e-08
5.869999885559082031e+00 4.162286364319352970e-08 5.887632868493811421e-08
5.879999637603759766e+00 3.363335748453863838e-08 5.215438288956952675e-08
5.889999866485595703e+00 2.565308861547343238e-08 4.531623848988571046e-08
5.900000095367431641e+00 1.771849241816621143e-08 3.839681764398224310e-08
5.909999847412109375e+00 9.864910940611308038e-09 3.143070954345996058e-08
5.920000076293945312e+00 2.125354716649565977e-09 2.445100218534143881e-08
5.929999828338623047e+00 -5.467003626212509631e-09 1.749146167796577545e-08
5.940000057220458984e+00 -1.288187777873151545e-08 1.058373764697850006e-08
5.949999809265136719e+00 -2.008907122634694820e-08 3.759879390441064303e-09
5.960000038146972656e+00 -2.706138193860858319e-08 -2.950415607476150685e-09
5.969999790191650391e+00 -3.377193209997532301e-08 -9.517320367863250373e-09
5.980000019073486328e+00 -4.019688539130073911e-08 -1.591353828285824302e-08
5.989999771118164062e+00 -4.631294686334818008e-08 -2.211190227057288100e-08
6.000000000000000000e+00 -5.209985446793952992e-08 -2.808789826117413270e-08
6.009999752044677734e+00 -5.753808804173458093e-08 -3.381738712827515123e-08
6.019999980926513672e+00 -6.261110227551261016e-08 -3.927895137417756361e-08
6.029999732971191406e+00 -6.730327829865017847e-08 -4.445177814914353838e-08
6.039999961853027344e+00 -7.160187087583692445e-08 -4.931779349288579408e-08
6.049999713897705078e+00 -7.549523020366929972e-08 -5.385974018685747032e-08
6.059999942779541016e+00 -7.897444173678936048e-08 -5.806306903517674296e-08
6.069999694824218750e+00 -8.203183964380782747e-08 -6.191424025172230159e-08
6.079999923706054688e+00 -8.466232327062141612e-08 -6.540234667263496805e-08
6.089999675750732422e+00 -8.686217739297644333e-08 -6.851766198523848878e-08
6.099999904632568359e+00 -8.863005487992746271e-08 -7.125297634406315707e-08
6.109999656677246094e+00 -8.996611256939932596e-08 -7.360240913601915885e-08
6.119999885559082031e+00 -9.087265520542900981e-08 -7.556244317448459583e-08
6.129999637603759766e+00 -9.135358955281242996e-08 -7.713101395060335671e-08
6.139999866485595703e+00 -9.141473013239802753e-08 -7.830823433151590136e-08
6.150000095367431641e+00 -9.106354179402550957e-08 -7.909579484343021455e-08
6.159999847412109375e+00 -9.030924530591893917e-08 -7.949723493220069618e-08
6.170000076293945312e+00 -8.916256408977132684e-08 -7.951787342938932391e-08
6.179999828338623047e+00 -8.763595999131012209e-08 -7.916466956653985109e-08
6.190000057220458984e+00 -8.574313064984548764e-08 -7.844617576132430317e-08
6.199999809265136719e+00 -8.349951528797375931e-08 -7.737260749984288168e-08
6.210000038146972656e+00 -8.092149703305620530e-08 -7.595550245757017802e-08
6.219999790191650391e+00 -7.802717060606301479e-08 -7.420805252038434124e-08
6.230000019073486328e+00 -7.483527298044389432e-08 -7.214448556840556184e-08
6.239999771118164062e+00 -7.136618815733410577e-08 -6.978064302269898412e-08
6.250000000000000000e+00 -6.764063390685230208e-08 -6.713310527996735828e-08
6.259999752044677734e+00 -6.368087560895892817e-08 -6.421999422808999164e-08
6.269999980926513672e+00 -5.950920072888264211e-08 -6.105986753508464857e-08
6.279999732971191406e+00 -5.514931114692326743e-08 -5.767272219184055524e-08
6.289999961853027344e+00 -5.062462035004438215e-08 -5.407868652337961651e-08
6.299999713897705078e+00 -4.595979177710235595e-08 -5.029919802486954531e-08
6.309999942779541016e+00 -4.117889637086446320e-08 -4.635552502473515450e-08
6.319999694824218750e+00 -3.630706321665437745e-08 -4.227008989144350596e-08
6.329999923706054688e+00 -3.136853699315336899e-08 -3.806485466119668819e-08
6.339999675750732422e+00 -2.638840657631207018e-08 -3.376275913290997321e-08
6.349999904632568359e+00 -2.139060297215047514e-08 -2.938600641774617201e-08
6.359999656677246094e+00 -1.639967157135264012e-08 -2.495758450321728833e-08
6.369999885559082031e+00 -1.143875129579430194e-08 -2.049948856074479146e-08
6.379999637603759766e+00 -6.531356790972591980e-09 -1.603429423457577339e-08
6.389999866485595703e+00 -1.699378740101115540e-09 -1.158335362381735427e-08
6.399999618530273438e+00 3.035156554474370716e-09 -7.168388827471227241e-09
6.409999847412109375e+00 7.652027426197212104e-09 -2.809697809706663858e-09
6.420000076293945312e+00 1.213132074871030804e-08 1.472464480370985130e-09
6.429999828338623047e+00 1.645422703019868254e-08 5.658625372896369382e-09
6.440000057220458984e+00 2.060371000932526425e-08 9.730762608583906345e-09
6.449999809265136719e+00 2.456315694494299416e-08 1.367100036639972227e-08
6.460000038146972656e+00 2.831802156708298557e-08 1.746323169899083470e-08
6.469999790191650391e+00 3.185437157419164185e-08 2.109168511627700705e-08
6.480000019073486328e+00 3.516036322580744797e-08 2.454242653886004616e-08
6.489999771118164062e+00 3.822493075936631175e-08 2.780202959219142419e-08
6.500000000000000000e+00 4.103907124502933419e-08 3.085893262958383694e-08
6.509999752044677734e+00 4.359469412593179229e-08 3.370223370659988519e-08
6.519999980926513672e+00 4.588570001312698085e-08 3.632288224782563674e-08
6.529999732971191406e+00 4.790700493928060700e-08 3.871261653559117546e-08
6.539999961853027344e+00 4.965540196132955059e-08 4.086497388776227206e-08
6.549999713897705078e+00 5.112877095152866258e-08 4.277438513449406524e-08
6.559999942779541016e+00 5.232671703482639003e-08 4.443699161664144466e-08
6.569999694824218750e+00 5.324997289139788742e-08 4.584990760526830731e-08
6.579999923706054688e+00 5.390081303534042875e-08 4.701183689987433504e-08
6.589999675750732422e+00 5.428265173998650000e-08 4.792251053682019418e-08
6.599999904632568359e+00 5.440023683190740699e-08 4.858310015028659194e-08
6.609999656677246094e+00 5.425944254702627011e-08 4.899583468537183634e-08
6.619999885559082031e+00 5.386725076132307513e-08 4.916421188043505672e-08
6.629999637603759766e+00 5.323173441341722474e-08 4.909279411956387083e-08
6.639999866485595703e+00 5.236183783983254544e-08 4.878722331084283444e-08
6.649999618530273438e+00 5.126754292825810547e-08 4.825419254848453647e-08
6.659999847412109375e+00 4.995946341962361897e-08 4.750127322981764825e-08
6.670000076293945312e+00 4.844910609946688706e-08 4.653700503930629262e-08
6.679999828338623047e+00 4.674867980262489333e-08 4.537080167824266280e-08
6.690000057220458984e+00 4.487073094399798874e-08 4.401267336022487158e-08
6.699999809265136719e+00 4.282865460661449184e-08 4.247357172919573460e-08
6.710000038146972656e+00 4.063590460366335802e-08 4.076480599957549003e-08
6.719999790191650391e+00 3.830669421873107348e-08 3.889855855300354625e-08
6.730000019073486328e+00 3.585508923564083802e-08 3.688716635271778523e-08
6.739999771118164062e+00 3.329582155164053840e-08 3.474376057483730117e-08
6.750000000000000000e+00 3.064328755197927778e-08 3.248143291296001322e-08
6.759999752044677734e+00 2.791245377390068594e-08 3.011398148314041129e-08
6.769999980926513672e+00 2.511778334463239183e-08 2.765498280413064182e-08
6.779999732971191406e+00 2.227421193901437512e-08 2.511862479040817340e-08
6.789999961853027344e+00 1.939602497442664774e-08 2.251870595140389697e-08
6.799999713897705078e+00 1.649788164978655371e-08 1.986953529866795236e-08
6.809999942779541016e+00 1.359366524529935012e-08 1.718488067098126140e-08
6.819999694824218750e+00 1.069753304321994805e-08 1.447891483160746071e-08
6.829999923706054688e+00 7.822761471811899960e-09 1.176513483874556317e-08
6.839999675750732422e+00 4.982800166491462489e-09 9.057333489253209996e-09
6.849999904632568359e+00 2.190132846162652728e-09 6.368511321117431724e-09
6.859999656677246094e+00 -5.426853390858400410e-10 3.711852875895372808e-09
6.869999885559082031e+00 -3.204131375177290243e-09 1.099652270912043555e-09
6.879999637603759766e+00 -5.782713341190399104e-09 -1.455725537883977159e-09
6.889999866485595703e+00 -8.268019851912184020e-09 -3.942885612694732653e-09
6.899999618530273438e+00 -1.064977331213125379e-08 -6.350475506624791079e-09
6.909999847412109375e+00 -1.291880811832796469e-08 -8.668173767427539333e-09
6.920000076293945312e+00 -1.506629369144148318e-08 -1.088591668390813152e-08
6.929999828338623047e+00 -1.708412910743194230e-08 -1.299430105246390760e-08
6.940000057220458984e+00 -1.896523119915468329e-08 -1.498489851461667574e-08
6.949999809265136719e+00 -2.070290033585231374e-08 -1.684959711310501346e-08
6.960000038146972656e+00 -2.229155686359223237e-08 -1.858138701294172743e-08
6.969999790191650391e+00 -2.372609702377852563e-08 -2.017367571902967385e-08
6.980000019073486328e+00 -2.500251242567217470e-08 -2.162096890464234326e-08
6.989999771118164062e+00 -2.611735514978890161e-08 -2.291828244063432893e-08
7.000000000000000000e+00 -2.706823203068497529e-08 -2.406170802495912634e-08
7.009999752044677734e+00 -2.785338456429769512e-08 -2.504793010417054497e-08
7.019999980926513672e+00 -2.847205225298841435e-08 -2.587466843715345109e-08
7.029999732971191406e+00 -2.892417047062805181e-08 -2.654030558768730696e-08
7.039999961853027344e+00 -2.921059973107703244e-08 -2.704420113557364017e-08
7.049999713897705078e+00 -2.933294226660743516e-08 -2.738643301461183805e-08
7.059999942779541016e+00 -2.929363677157753234e-08 -2.756798074754669686e-08
7.069999694824218750e+00 -2.909589214879464810e-08 -2.759058152874687148e-08
7.079999923706054688e+00 -2.874365001451162663e-08 -2.745678258021344516e-08
7.089999675750732422e+00 -2.824163189695426721e-08 -2.716991057482099841e-08
7.099999904632568359e+00 -2.759517448666957181e-08 -2.673399591140220503e-08
7.109999656677246094e+00 -2.681038457236157635e-08 -2.615385189407890675e-08
7.119999885559082031e+00 -2.589385461623434275e-08 -2.543487635251232147e-08
7.129999637603759766e+00 -2.485291789776882545e-08 -2.458323495725403362e-08
7.139999866485595703e+00 -2.369525441171779402e-08 -2.360554810010840661e-08
7.149999618530273438e+00 -2.242923709412597839e-08 -2.250917087979069035e-08
7.159999847412109375e+00 -2.106344019776726030e-08 -2.130177543336500727e-08
7.170000076293945312e+00 -1.960699464595382015e-08 -1.999165370531480591e-08
7.179999828338623047e+00 -1.806937018175048333e-08 -1.858753135246391569e-08
7.190000057220458984e+00 -1.646007826039215040e-08 -1.709829162833551090e-08
7.199999809265136719e+00 -1.478913485325524200e-08 -1.553339921424663333e-08
7.210000038146972656e+00 -1.306638931770856316e-08 -1.390227818083875189e-08
7.219999790191650391e+00 -1.130209998880836179e-08 -1.221484999928197648e-08
7.230000019073486328e+00 -9.506219946278465478e-09 -1.048085626340685835e-08
7.239999771118164062e+00 -7.689009250268237170e-09 -8.710442971325859015e-09
7.250000000000000000e+00 -5.860294785862128115e-09 -6.913444462266381901e-09
7.259999752044677734e+00 -4.030105582506643058e-09 -5.100000544534417686e-09
7.269999980926513672e+00 -2.207923808348527059e-09 -3.279818399048631721e-09
7.279999732971191406e+00 -4.033296464755065917e-10 -1.462808909935127266e-09
7.289999961853027344e+00 1.374740044855648757e-09 3.416568444944314430e-10
7.299999713897705078e+00 3.117350546696761719e-09 2.124105660876629595e-09
7.309999942779541016e+00 4.816287383499478606e-09 3.875695026454584940e-09
7.319999694824218750e+00 6.463431556594738752e-09 5.587578890296204351e-09
7.329999923706054688e+00 8.051440149924648094e-09 7.251614574567476517e-09
7.339999675750732422e+00 9.573149957271359048e-09 8.859748992752479041e-09
7.349999904632568359e+00 1.102220791588632242e-08 1.040468565640466699e-08
7.359999656677246094e+00 1.239251414660108542e-08 1.187930330469392152e-08
7.369999885559082031e+00 1.367879134580683132e-08 1.327727048513761141e-08
7.379999637603759766e+00 1.487607710716188038e-08 1.459250755705044391e-08
7.389999866485595703e+00 1.598022335535228445e-08 1.581973802115081097e-08
7.399999618530273438e+00 1.698744650400962259e-08 1.695400366676600090e-08
7.409999847412109375e+00 1.789475003298761093e-08 1.799114366465717300e-08
7.419999599456787109e+00 1.869953959072594959e-08 1.892737127406502798e-08
7.429999828338623047e+00 1.939996383964132727e-08 1.975967364230027756e-08
7.440000057220458984e+00 1.999462587933870539e-08 2.048548903557183502e-08
7.449999809265136719e+00 2.048271035445986173e-08 2.110286205893789196e-08
7.460000038146972656e+00 2.086401732750786610e-08 2.161050462087783517e-08
7.469999790191650391e+00 2.113879640843367496e-08 2.200759553719795749e-08
7.480000019073486328e+00 2.130787456409499899e-08 2.229396400034429185e-08
7.489999771118164062e+00 2.137253159999627615e-08 2.246992570507714180e-08
7.500000000000000000e+00 2.133454387169845936e-08 2.253637749015051262e-08
7.509999752044677734e+00 2.119613684605888288e-08 2.249471331632315557e-08
7.519999980926513672e+00 2.095994764643980581e-08 2.234683139373170875e-08
7.529999732971191406e+00 2.062905294473812724e-08 2.209512948537366361e-08
7.539999961853027344e+00 2.020685455779603435e-08 2.174242740519054609e-08
7.549999713897705078e+00 1.969717943657454044e-08 2.129203950728102973e-08
7.559999942779541016e+00 1.910409363856342181e-08 2.074761686015197709e-08
7.569999694824218750e+00 1.843206981730963936e-08 2.011329326091592321e-08
7.579999923706054688e+00 1.768573583648953301e-08 1.939345265743436504e-08
7.589999675750732422e+00 1.687010394574271388e-08 1.859294362320911471e-08
7.599999904632568359e+00 1.599026108839024392e-08 1.771677870904244698e-08
7.609999656677246094e+00 1.505165290394092162e-08 1.677041106148135305e-08
7.619999885559082031e+00 1.405972342822709273e-08 1.575937334063700510e-08
7.629999637603759766e+00 1.302024620213740412e-08 1.468960908051091569e-08
7.639999866485595703e+00 1.193892158537702178e-08 1.356705961613515125e-08
7.649999618530273438e+00 1.082174658886522038e-08 1.239804188980054677e-08
7.659999847412109375e+00 9.674578430416432229e-09 1.118879248992078951e-08
7.669999599456787109e+00 8.503534249842020921e-09 9.945882914581908017e-09
7.679999828338623047e+00 7.314529834494421170e-09 8.675730341414745664e-09
7.690000057220458984e+00 6.113642671052942290e-09 7.384978943028838966e-09
7.699999809265136719e+00 4.906922209580891954e-09 6.080297044030456798e-09
7.710000038146972656e+00 3.700190057978759852e-09 4.768156644566043317e-09
7.719999790191650391e+00 2.499418217435031590e-09 3.455240376359813239e-09
7.730000019073486328e+00 1.310245790083709190e-09 2.147913277081066572e-09
7.739999771118164062e+00 1.384117386098531223e-10 8.526932846385075263e-10
7.750000000000000000e+00 -1.010721210411527745e-09 -4.242746227423381106e-10
7.759999752044677734e+00 -2.131744093435452872e-09 -1.676753885691894668e-09
7.769999980926513672e+00 -3.219661743030247466e-09 -2.898929752848600298e-09
7.779999732971191406e+00 -4.269488552535231919e-09 -4.084959793946243391e-09
7.789999961853027344e+00 -5.276683960481853264e-09 -5.229465053055298516e-09
7.799999713897705078e+00 -6.236773729773668528e-09 -6.327104126337943828e-09
7.809999942779541016e+00 -7.145752936494469699e-09 -7.373032830263235462e-09
7.819999694824218750e+00 -7.999739256192134369e-09 -8.362509617414877641e-09
7.829999923706054688e+00 -8.795336210483687059e-09 -9.291315207925922047e-09
7.839999675750732422e+00 -9.529324078694157996e-09 -1.015539625108401559e-08
7.849999904632568359e+00 -1.019897701632452865e-08 -1.095123724280229976e-08
7.859999656677246094e+00 -1.080179626822032732e-08 -1.167554837114983259e-08
7.869999885559082031e+00 -1.133577578723861756e-08 -1.232558308848911683e-08
7.879999637603759766e+00 -1.179918143489434305e-08 -1.289887502655909700e-08
7.889999866485595703e+00 -1.219076087681306830e-08 -1.339349578961031747e-08
7.899999618530273438e+00 -1.250957144089869457e-08 -1.380784471605316736e-08
7.909999847412109375e+00 -1.275513132662084055e-08 -1.414084278882932309e-08
7.919999599456787109e+00 -1.292729776482206444e-08 -1.439177787530487298e-08
7.929999828338623047e+00 -1.302635791690514502e-08 -1.456043208089637438e-08
7.940000057220458984e+00 -1.305295752073780260e-08 -1.464698612025654571e-08
7.949999809265136719e+00 -1.300813345721912294e-08 -1.465206804481963464e-08
7.960000038146972656e+00 -1.289328184655250118e-08 -1.457672900677209631e-08
7.969999790191650391e+00 -1.271016901695549056e-08 -1.442244114243284840e-08
7.980000019073486328e+00 -1.246087357354144618e-08 -1.419105669804527893e-08
7.989999771118164062e+00 -1.214783916127139778e-08 -1.388485158585430884e-08
8.000000000000000000e+00 -1.177376130327937252e-08 -1.350642042111177705e-08
8.010000228881835938e+00 -1.134166385248363076e-08 -1.305875042559926417e-08
8.019999504089355469e+00 -1.085486904207824583e-08 -1.254519706433703347e-08
8.029999732971191406e+00 -1.031679639674235955e-08 -1.196927134995920757e-08
8.039999961853027344e+00 -9.731217051751426027e-09 -1.133490933839583587e-08
8.050000190734863281e+00 -9.102047120145879100e-09 -1.064625577142726456e-08
8.059999465942382812e+00 -8.433430530709287096e-09 -9.907755072340175305e-09
8.069999694824218750e+00 -7.729453006527002363e-09 -9.123836210180123616e-09
8.079999923706054688e+00 -6.994497864933067121e-09 -8.299306651753740071e-09
8.090000152587890625e+00 -6.232966752037888926e-09 -7.439045069533720388e-09
8.099999427795410156e+00 -5.449389893775088599e-09 -6.548125652751237116e-09
8.109999656677246094e+00 -4.648098009633495433e-09 -5.631445083846011031e-09
8.119999885559082031e+00 -3.833644967976789449e-09 -4.694203166866689098e-09
8.130000114440917969e+00 -3.010484862601256243e-09 -3.741535814772279200e-09
8.139999389648437500e+00 -2.183100103639198134e-09 -2.778661929603849673e-09
8.149999618530273438e+00 -1.355661792369764055e-09 -1.810486973398016149e-09
8.159999847412109375e+00 -5.324815792912383703e-10 -8.421276777636284691e-10
8.170000076293945312e+00 2.823248886674986087e-10 1.214807213664860406e-10
8.179999351501464844e+00 1.084702706935345733e-09 1.075427206165759012e-09
8.189999580383300781e+00 1.870980437043279277e-09 2.015211132774104020e-09
8.199999809265136719e+00 2.637426506354610516e-09 2.936217193758233605e-09
8.210000038146972656e+00 3.380571355623861250e-09 3.834100684403654763e-09
8.220000267028808594e+00 4.097142998504685241e-09 4.704714192507643348e-09
8.229999542236328125e+00 4.784014066177815980e-09 5.544045627303214054e-09
8.239999771118164062e+00 5.438470437481918321e-09 6.348550212408348624e-09
8.250000000000000000e+00 6.057825534175803463e-09 7.114682621038015478e-09
8.260000228881835938e+00 6.639691711849341984e-09 7.839231817785543893e-09
8.269999504089355469e+00 7.181868227609764746e-09 8.519186354195697364e-09
8.279999732971191406e+00 7.682547587608504965e-09 9.151997427055171013e-09
8.289999961853027344e+00 8.140006955211878259e-09 9.735195675758842169e-09
8.300000190734863281e+00 8.552819697792576873e-09 1.026665989939156167e-08
8.309999465942382812e+00 8.919768529844658756e-09 1.074451037068466685e-08
8.319999694824218750e+00 9.239979641195770457e-09 1.116728796120706809e-08
8.329999923706054688e+00 9.512710137215713497e-09 1.153368111274207396e-08
8.340000152587890625e+00 9.737489224572574899e-09 1.184271287390389762e-08
8.349999427795410156e+00 9.914062409867007732e-09 1.209366991206741995e-08
8.359999656677246094e+00 1.004244950791372713e-08 1.228618998677949419e-08
8.369999885559082031e+00 1.012283824567701642e-08 1.242011460316190435e-08
8.380000114440917969e+00 1.015565034442123451e-08 1.249558578223401185e-08
8.389999389648437500e+00 1.014151956640549357e-08 1.251301504079374277e-08
8.399999618530273438e+00 1.008127501252921149e-08 1.247307831508218137e-08
8.409999847412109375e+00 9.975942123219685265e-09 1.237669920041306652e-08
8.420000076293945312e+00 9.826734112590021971e-09 1.222505351441191732e-08
8.429999351501464844e+00 9.635063427095116841e-09 1.201957877910219586e-08
8.439999580383300781e+00 9.402456280639199464e-09 1.176188182252507776e-08
8.449999809265136719e+00 9.130653973099411225e-09 1.145384715643892405e-08
8.460000038146972656e+00 8.821534733542407193e-09 1.109755351856211935e-08
8.470000267028808594e+00 8.477120734312332756e-09 1.069528029986780247e-08
8.479999542236328125e+00 8.099605988625856171e-09 1.024954083337649949e-08
8.489999771118164062e+00 7.691199145786594054e-09 9.762896338766353273e-09
8.500000000000000000e+00 7.254329493667735498e-09 9.238198978506082668e-09
8.510000228881835938e+00 6.791495109054615175e-09 8.678412686471222080e-09
8.519999504089355469e+00 6.305333577623792173e-09 8.086697922729418958e-09
8.529999732971191406e+00 5.798422712298203662e-09 7.466168658346802104e-09
8.539999961853027344e+00 5.273547208004204294e-09 6.820216698180447116e-09
8.550000190734863281e+00 4.733502790282188594e-09 6.152273334141341817e-09
8.559999465942382812e+00 4.181181996133869948e-09 5.465914689099531396e-09
8.569999694824218750e+00 3.619349210915587933e-09 4.764581700776117746e-09
8.579999923706054688e+00 3.050943804676539816e-09 4.051956589582182019e-09
8.590000152587890625e+00 2.478856680316397779e-09 3.331685164305291917e-09
8.599999427795410156e+00 1.906023180769267734e-09 2.607493038383361474e-09
8.609999656677246094e+00 1.335190483754507128e-09 1.882891081879053415e-09
8.619999885559082031e+00 7.692317928378435294e-10 1.161572342448673437e-09
8.630000114440917969e+00 2.109135520333662498e-10 4.471176328165441356e-10
8.639999389648437500e+00 -3.370121371952621299e-10 -2.568870874991920318e-10
8.649999618530273438e+00 -8.720293058251327639e-10 -9.471363156580318167e-10
8.659999847412109375e+00 -1.391557601858260171e-09 -1.620219370762349402e-09
8.670000076293945312e+00 -1.893175612015810571e-09 -2.272907700712669299e-09
8.679999351501464844e+00 -2.374535690535376917e-09 -2.902045252726018023e-09
8.689999580383300781e+00 -2.833557578245599819e-09 -3.504802508348364282e-09
8.699999809265136719e+00 -3.268163798993190071e-09 -4.078331502913463274e-09
8.710000038146972656e+00 -3.676475819098357516e-09 -4.620022992541211564e-09
8.720000267028808594e+00 -4.056776567796662109e-09 -5.127458844523544089e-09
8.729999542236328125e+00 -4.407486866301710597e-09 -5.598381355762686782e-09
8.739999771118164062e+00 -4.727303753359983617e-09 -6.030880634115492253e-09
8.750000000000000000e+00 -5.015005778939735869e-09 -6.423134668517279007e-09
8.760000228881835938e+00 -5.269594750247025974e-09 -6.773601106489768122e-09
8.769999504089355469e+00 -5.490245149160485549e-09 -7.080950239895032301e-09
8.779999732971191406e+00 -5.676387482377501978e-09 -7.344183474004505129e-09
8.789999961853027344e+00 -5.827583020269887592e-09 -7.562461000391317506e-09
8.800000190734863281e+00 -5.943611060783615573e-09 -7.735225347591426392e-09
8.809999465942382812e+00 -6.024438680034468042e-09 -7.862160469842703226e-09
8.819999694824218750e+00 -6.070245364085833212e-09 -7.943234522512359645e-09
8.829999923706054688e+00 -6.081372694003530849e-09 -7.978624315393896573e-09
8.840000152587890625e+00 -6.058353242636766240e-09 -7.968763630652440707e-09
8.849999427795410156e+00 -6.001901712779883233e-09 -7.914330179015928333e-09
8.859999656677246094e+00 -5.912882694383635949e-09 -7.816213041311029713e-09
8.869999885559082031e+00 -5.792334621498241946e-09 -7.675535049587991492e-09
8.880000114440917969e+00 -5.641441979445151690e-09 -7.493626002365303801e-09
8.889999389648437500e+00 -5.461547459669029198e-09 -7.272037355791640745e-09
8.899999618530273438e+00 -5.254069712469967083e-09 -7.012441446412355845e-09
8.909999847412109375e+00 -5.020595115139860180e-09 -6.716745196109342457e-09
8.920000076293945312e+00 -4.762799921698672245e-09 -6.386995046581424286e-09
8.929999351501464844e+00 -4.482481640009665481e-09 -6.025417365645937699e-09
8.939999580383300781e+00 -4.181437514914509003e-09 -5.634262118441827343e-09
8.949999809265136719e+00 -3.861612703417942446e-09 -5.215994433661224209e-09
8.960000038146972656e+00 -3.524982780195753883e-09 -4.773143539243872105e-09
8.970000267028808594e+00 -3.173567022920559049e-09 -4.308319752715048090e-09
8.979999542236328125e+00 -2.809451473538632530e-09 -3.824245502001921545e-09
8.989999771118164062e+00 -2.434636856565967393e-09 -3.323552936302244614e-09
9.000000000000000000e+00 -2.051235677561779916e-09 -2.809045761309785561e-09
9.010000228881835938e+00 -1.661323168810645248e-09 -2.283500908860954041e-09
9.019999504089355469e+00 -1.266998558629459399e-09 -1.749750302236743705e-09
9.029999732971191406e+00 -8.702240845056619964e-10 -1.210462204910593951e-09
9.039999961853027344e+00 -4.730414173972559056e-10 -6.684334667679899555e-10
9.050000190734863281e+00 -7.741251451081675154e-11 -1.263734559582369986e-10
9.059999465942382812e+00 3.147140597597665190e-10 4.130063640219560087e-10
9.069999694824218750e+00 7.015600678321305374e-10 9.472094648075563008e-10
9.079999923706054688e+00 1.081299945988892604e-09 1.473655934627012519e-09
9.090000152587890625e+00 1.452217313693358112e-09 1.989898736039279414e-09
9.099999427795410156e+00 1.812639309164833667e-09 2.493533905714361547e-09
9.109999656677246094e+00 2.161078268235321929e-09 2.982399933579602034e-09
9.119999885559082031e+00 2.496029834887234088e-09 3.454296905601296736e-09
9.130000114440917969e+00 2.816115675655213752e-09 3.907187044958948677e-09
9.139999389648437500e+00 3.120023927166388667e-09 4.339112162708336592e-09
9.149999618530273438e+00 3.406626650338928590e-09 4.748362061824934144e-09
9.159999847412109375e+00 3.674808341665441411e-09 5.133232088594836933e-09
9.170000076293945312e+00 3.923585725430781575e-09 5.492194499995174664e-09
9.179999351501464844e+00 4.152058967521345843e-09 5.823829785826189146e-09
9.189999580383300781e+00 4.359498334783926173e-09 6.126953901961218995e-09
9.199999809265136719e+00 4.545214432869732270e-09 6.400431130135616118e-09
9.210000038146972656e+00 4.708648171720133856e-09 6.643305694457100104e-09
9.220000267028808594e+00 4.849348473911907534e-09 6.854770711982426388e-09
9.229999542236328125e+00 4.966962358689184406e-09 7.034154102517136884e-09
9.239999771118164062e+00 5.061277522107671334e-09 7.180985016681186545e-09
9.250000000000000000e+00 5.132154638444529763e-09 7.294891751177780664e-09
9.260000228881835938e+00 5.179573825060091478e-09 7.375673530247067926e-09
9.269999504089355469e+00 5.203620215077758383e-09 7.423278699629166692e-09
9.279999732971191406e+00 5.204489680156210481e-09 7.437819080842807607e-09
9.289999961853027344e+00 5.182473581167491419e-09 7.419541661800893535e-09
9.300000190734863281e+00 5.137968320912731512e-09 7.368848366786769577e-09
9.309999465942382812e+00 5.071477141819077312e-09 7.286297261300582023e-09
9.319999694824218750e+00 4.983580126205441940e-09 7.172565435423824814e-09
9.329999923706054688e+00 4.874969442392467883e-09 7.028493234467994271e-09
9.340000152587890625e+00 4.746422744438397263e-09 6.855052059293947473e-09
9.349999427795410156e+00 4.598819762325920847e-09 6.653367003982320051e-09
9.359999656677246094e+00 4.433080075651366870e-09 6.424632304447592039e-09
9.369999885559082031e+00 4.250243221907630146e-09 6.170221410991716859e-09
9.380000114440917969e+00 4.051409193338397640e-09 5.891606451288582984e-09
9.389999389648437500e+00 3.837767334341871005e-09 5.590399078213458710e-09
9.399999618530273438e+00 3.610507660576675264e-09 5.268225909238923829e-09
9.409999847412109375e+00 3.370937153626278189e-09 4.926893031566494157e-09
9.420000076293945312e+00 3.120393022088949125e-09 4.568264344776174770e-09
9.429999351501464844e+00 2.860280739471319877e-09 4.194316247409223267e-09
9.439999580383300781e+00 2.591966680112804058e-09 3.806983593714124998e-09
9.449999809265136719e+00 2.316919691981693098e-09 3.408363570070864962e-09
9.460000038146972656e+00 2.036604903156346774e-09 3.000563413870560808e-09
9.469999313354492188e+00 1.752527407373830582e-09 2.585763937596694711e-09
9.479999542236328125e+00 1.466115449059317279e-09 2.166048976692538573e-09
9.489999771118164062e+00 1.178875059973148977e-09 1.743631212225075025e-09
9.500000000000000000e+00 8.922737194331779882e-10 1.320682330987185748e-09
9.510000228881835938e+00 6.077591718445653089e-10 8.993601801534794954e-10
9.519999504089355469e+00 3.267779990462074689e-10 4.818362480896930736e-10
9.529999732971191406e+00 5.066089981841665151e-11 7.012472558267388792e-11
9.539999961853027344e+00 -2.192239263867080461e-10 -3.336900416419451251e-10
9.550000190734863281e+00 -4.815857673529278079e-10 -7.276248971104805108e-10
9.559999465942382812e+00 -7.351676216085325261e-10 -1.109733079588842765e-09
9.569999694824218750e+00 -9.788486370118401533e-10 -1.478259455847874576e-09
9.579999923706054688e+00 -1.211504875079904517e-09 -1.831431569947276662e-09
9.590000152587890625e+00 -1.432112538680224309e-09 -2.167616045864774800e-09
9.599999427795410156e+00 -1.639709146356891912e-09 -2.485260728052595880e-09
9.609999656677246094e+00 -1.833475840316105870e-09 -2.783021831006921847e-09
9.619999885559082031e+00 -2.012622170885770201e-09 -3.059588802649477916e-09
9.630000114440917969e+00 -2.176469677996157710e-09 -3.313813336178824835e-09
9.639999389648437500e+00 -2.324420487398526108e-09 -3.544662219980455794e-09
9.649999618530273438e+00 -2.456013923909240033e-09 -3.751307107349028509e-09
9.659999847412109375e+00 -2.570842775241727654e-09 -3.932995190866512887e-09
9.670000076293945312e+00 -2.668611631468542931e-09 -4.089141479868293182e-09
9.679999351501464844e+00 -2.749114815678565907e-09 -4.219295345234458082e-09
9.689999580383300781e+00 -2.812264463555255754e-09 -4.323187542782442475e-09
9.699999809265136719e+00 -2.858042845867163570e-09 -4.400654567495289233e-09
9.710000038146972656e+00 -2.886532569164727112e-09 -4.451688765111073542e-09
9.719999313354492188e+00 -2.897905083001754875e-09 -4.476420612037319962e-09
9.729999542236328125e+00 -2.892420166516584406e-09 -4.475121845028305706e-09
9.739999771118164062e+00 -2.870415798773688617e-09 -4.448186792236208021e-09
9.750000000000000000e+00 -2.832310048241430281e-09 -4.396139038625914805e-09
9.760000228881835938e+00 -2.778594770920995268e-09 -4.319621933142056863e-09
9.769999504089355469e+00 -2.709838166690364898e-09 -4.219402816519732158e-09
9.779999732971191406e+00 -2.626652160519361404e-09 -4.096325602701611897e-09
9.789999961853027344e+00 -2.529726709635700700e-09 -3.951360958120627479e-09
9.800000190734863281e+00 -2.419799677759795633e-09 -3.785562636327039816e-09
9.809999465942382812e+00 -2.297669535167588947e-09 -3.600086671756493191e-09
9.819999694824218750e+00 -2.164142190848948252e-09 -3.396110725816251483e-09
9.829999923706054688e+00 -2.020095605474364350e-09 -3.174932318834257166e-09
9.840000152587890625e+00 -1.866428919529520639e-09 -2.937891719171261274e-09
9.849999427795410156e+00 -1.704084120621224554e-09 -2.686405283697288988e-09
9.859999656677246094e+00 -1.533978089378723752e-09 -2.421860145910599579e-09
9.869999885559082031e+00 -1.357090593724062716e-09 -2.145750511353052783e-09
9.880000114440917969e+00 -1.174398188510439002e-09 -1.859575297139367755e-09
9.889999389648437500e+00 -9.869026590898263239e-10 -1.564882488784883059e-09
9.899999618530273438e+00 -7.955544762070466491e-10 -1.263148688409449641e-09
9.909999847412109375e+00 -6.013558803057840943e-10 -9.559410431601142730e-10
9.920000076293945312e+00 -4.052855454173612779e-10 -6.447988075381738671e-10
9.929999351501464844e+00 -2.083310815694564046e-10 -3.312846510943197300e-10
9.939999580383300781e+00 -1.141002629692727917e-11 -1.685869409128254656e-11
9.949999809265136719e+00 1.845208947556236335e-10 2.969477036593668288e-10
9.960000038146972656e+00 3.785443285005031390e-10 6.086570635585302495e-10
9.969999313354492188e+00 5.697486921086150875e-10 9.167921288179726274e-10
9.979999542236328125e+00 7.573039267113172330e-10 1.219998189566497520e-09
9.989999771118164062e+00 9.403548672508664190e-10 1.516871422235988178e-09
1.000000000000000000e+01 1.118097315575626745e-09 1.806081607544300079e-09
1.001000022888183594e+01 1.289762282908608078e-09 2.086347030468758436e-09
1.001999950408935547e+01 1.454603110116861100e-09 2.356413551653838889e-09
1.002999973297119141e+01 1.611960082445309703e-09 2.615160825889796684e-09
1.003999996185302734e+01 1.761168248152133198e-09 2.861451580827029947e-09
1.005000019073486328e+01 1.901623160117500499e-09 3.094239594612769265e-09
1.005999946594238281e+01 2.032754777085859070e-09 3.312527032912070466e-09
1.006999969482421875e+01 2.154078486678384869e-09 3.515449902581724436e-09
1.007999992370605469e+01 2.265121741807310671e-09 3.702156400691300950e-09
1.009000015258789062e+01 2.365476644907483808e-09 3.871894901869336643e-09
1.009999942779541016e+01 2.454780469171944541e-09 4.023981829667532619e-09
1.010999965667724609e+01 2.532749975882426722e-09 4.157860835356829637e-09
1.011999988555908203e+01 2.599131392424725373e-09 4.273018289631305571e-09
1.013000011444091797e+01 2.653736506441224928e-09 4.369045406255915383e-09
1.013999938964843750e+01 2.696430843967281036e-09 4.445618580347711244e-09
1.014999961853027344e+01 2.727149325588528489e-09 4.502528486766941680e-09
1.015999984741210938e+01 2.745872091788658707e-09 4.539637618442551666e-09
1.017000007629394531e+01 2.752641950499346106e-09 4.556912384959535471e-09
1.017999935150146484e+01 2.747560524276816808e-09 4.554416634092007644e-09
1.018999958038330078e+01 2.730784635119043308e-09 4.532308930483458144e-09
1.019999980926513672e+01 2.702528400518554646e-09 4.490843648050270051e-09
1.021000003814697266e+01 2.663061272975163290e-09 4.430371021912448472e-09
1.021999931335449219e+01 2.612711823381986259e-09 4.351343448602968721e-09
1.022999954223632812e+01 2.551845724078434682e-09 4.254281597871661812e-09
1.023999977111816406e+01 2.480892540871267524e-09 4.139817194323061748e-09
1.025000000000000000e+01 2.400325141724053657e-09 4.008661497246183550e-09
1.026000022888183594e+01 2.310661300369678557e-09 3.861608302808630705e-09
1.026999950408935547e+01 2.212470474534304820e-09 3.699545868265811003e-09
1.027999973297119141e+01 2.106332270517972728e-09 3.523388866976034374e-09
1.028999996185302734e+01 1.992889212291851671e-09 3.334165972657785812e-09
1.030000019073486328e+01 1.872806291704195222e-09 3.132953578104594049e-09
1.030999946594238281e+01 1.746788267891715834e-09 2.920905008949177770e-09
1.031999969482421875e+01 1.615526884672613890e-09 2.699161908559961315e-09
1.032999992370605469e+01 1.479768812032725861e-09 2.468968723376964944e-09
1.034000015258789062e+01 1.340263670501437811e-09 2.231585373102198609e-09
1.034999942779541016e+01 1.197785017623018549e-09 1.988322824660535506e-09
1.035999965667724609e+01 1.053071186278720693e-09 1.740441922855304340e-09
1.036999988555908203e+01 9.069024139947219687e-10 1.489284882243880931e-09
1.038000011444091797e+01 7.600422078109063324e-10 1.236174947846215461e-09
1.038999938964843750e+01 6.132603660734129273e-10 9.824555862506313415e-10
1.039999961853027344e+01 4.672726747861209808e-10 7.293857641159429194e-10
1.040999984741210938e+01 3.228208502631209725e-10 4.782776352896558385e-10
1.042000007629394531e+01 1.806124687022129705e-10 2.303921957469555954e-10
1.042999935150146484e+01 4.134432501244195815e-11 -1.302073948857543801e-11
1.043999958038330078e+01 -9.435396986601591464e-11 -2.508218178968260939e-10
1.044999980926513672e+01 -2.258434822833603599e-10 -4.818491112820143627e-10
1.046000003814697266e+01 -3.525324421947370027e-10 -7.050175062983200063e-10
1.046999931335449219e+01 -4.738542145657338303e-10 -9.192807504945259846e-10
1.047999954223632812e+01 -5.893154677294216556e-10 -1.123717295485785771e-09
1.048999977111816406e+01 -6.984287399102796563e-10 -1.317411923337981043e-09
1.050000000000000000e+01 -8.007610306063296665e-10 -1.499542236168288910e-09
1.051000022888183594e+01 -8.959233706611596349e-10 -1.669360972438119293e-09
1.051999950408935547e+01 -9.835639059136685360e-10 -1.826184272845247561e-09
1.052999973297119141e+01 -1.063401366324014498e-09 -1.969452254345343075e-09
1.053999996185302734e+01 -1.135175303427255523e-09 -2.098640566751576079e-09
1.055000019073486328e+01 -1.198680404339372706e-09 -2.213322329786484627e-09
1.055999946594238281e+01 -1.253752759101719935e-09 -2.313143984307469507e-09
1.056999969482421875e+01 -1.300289627430355642e-09 -2.397861663156883297e-09
1.057999992370605469e+01 -1.338217214022467791e-09 -2.467283236106836958e-09
1.059000015258789062e+01 -1.367511568939019196e-09 -2.521306581706496680e-09
1.059999942779541016e+01 -1.388190225990577332e-09 -2.559904720797963100e-09
1.060999965667724609e+01 -1.400317932991648675e-09 -2.583136994904148987e-09
1.061999988555908203e+01 -1.403993325382742315e-09 -2.591124576000049214e-09
1.063000011444091797e+01 -1.399355984310255670e-09 -2.584063955264371687e-09
1.063999938964843750e+01 -1.386583881894281963e-09 -2.562222347324574258e-09
1.064999961853027344e+01 -1.365885852279735458e-09 -2.525924772911207831e-09
1.065999984741210938e+01 -1.337506973153776231e-09 -2.475563272824272098e-09
1.067000007629394531e+01 -1.301722426117599668e-09 -2.411586493102331603e-09
1.067999935150146484e+01 -1.258840679367496859e-09 -2.334505476686487515e-09
1.068999958038330078e+01 -1.209184343927167813e-09 -2.244859385500909654e-09
1.069999980926513672e+01 -1.153112641284127731e-09 -2.143256049903209407e-09
1.071000003814697266e+01 -1.091003560656029079e-09 -2.030340109876090531e-09
1.071999931335449219e+01 -1.023262208430664837e-09 -1.906808385225277777e-09
1.072999954223632812e+01 -9.502923062739804253e-10 -1.773358121394331691e-09
1.073999977111816406e+01 -8.725329177886150042e-10 -1.630754224624845552e-09
1.075000000000000000e+01 -7.904310191861038291e-10 -1.479779559542013397e-09
1.076000022888183594e+01 -7.044456407657444590e-10 -1.321242775642811913e-09
1.076999950408935547e+01 -6.150545058988314829e-10 -1.155990952790512976e-09
1.077999973297119141e+01 -5.227175827802326253e-10 -9.848425383570809843e-10
1.078999996185302734e+01 -4.279263157236553542e-10 -8.086787103637256726e-10
1.080000019073486328e+01 -3.311678248485254294e-10 -6.283775912024663274e-10
1.080999946594238281e+01 -2.329407459865718891e-10 -4.448440605671897617e-10
1.081999969482421875e+01 -1.337156710561662034e-10 -2.589361533788711404e-10
1.082999992370605469e+01 -3.398950423962170104e-11 -7.156695300743963357e-11
1.084000015258789062e+01 6.575383623634435508e-11 1.163684870445285219e-10
1.084999942779541016e+01 1.650265811186454701e-10 3.039612238623664376e-10
1.085999965667724609e+01 2.633768329029833464e-10 4.903632933156109256e-10
1.086999988555908203e+01 3.603335641769970059e-10 6.746835867329682359e-10
1.088000011444091797e+01 4.554464451793279984e-10 8.560629346660494890e-10
1.088999938964843750e+01 5.482694544972697764e-10 1.033642878425234196e-09
1.089999961853027344e+01 6.383978928924946759e-10 1.206636519911807543e-09
1.090999984741210938e+01 7.254169880651780135e-10 1.374230260238886286e-09
1.092000007629394531e+01 8.089393157599464926e-10 1.535655486321685620e-09
1.092999935150146484e+01 8.885901256694191419e-10 1.690160539396833142e-09
1.093999958038330078e+01 9.640390010597041888e-10 1.837072468328282858e-09
1.094999980926513672e+01 1.034955797193407425e-09 1.975711928071313123e-09
1.096000003814697266e+01 1.101042922772616081e-09 2.105456205459299310e-09
1.096999931335449219e+01 1.162023380881206309e-09 2.225716386023751780e-09
1.097999954223632812e+01 1.217664833707626910e-09 2.335985449394231352e-09
1.098999977111816406e+01 1.267745836914567686e-09 2.435772327799165206e-09
1.100000000000000000e+01 1.312080650797859833e-09 2.524651507902393081e-09
1.101000022888183594e+01 1.350514063713324006e-09 2.602253629741227323e-09
1.101999950408935547e+01 1.382919321032966489e-09 2.668262018421080076e-09
1.102999973297119141e+01 1.409210473599130014e-09 2.722438732603361852e-09
1.103999996185302734e+01 1.429324204200556407e-09 2.764588401101410601e-09
1.105000019073486328e+01 1.443232974608683089e-09 2.794585832789606437e-09
1.105999946594238281e+01 1.450941210731860423e-09 2.812368961420568342e-09
1.106999969482421875e+01 1.452487457930383223e-09 2.817944969610287403e-09
1.107999992370605469e+01 1.447939584216343334e-09 2.811380201126253064e-09
1.109000015258789062e+01 1.437397719088641142e-09 2.792807768119685900e-09
1.109999942779541016e+01 1.420994272778186039e-09 2.762427937451135450e-09
1.110999965667724609e+01 1.398886130998625212e-09 2.720494173667512193e-09
1.111999988555908203e+01 1.371262892490413690e-09 2.667328885152730243e-09
1.113000011444091797e+01 1.338339802116802844e-09 2.603310824922186740e-09
1.113999938964843750e+01 1.300361371168313565e-09 2.528882476247306081e-09
1.114999961853027344e+01 1.257584721112081519e-09 2.444517718680040526e-09
1.115999984741210938e+01 1.210299531736391923e-09 2.350761175623660081e-09
1.117000007629394531e+01 1.158812056411383958e-09 2.248197098979834074e-09
1.117999935150146484e+01 1.103451900051530184e-09 2.137462928986071993e-09
1.118999958038330078e+01 1.044548369556636004e-09 2.019201997913226835e-09
1.119999980926513672e+01 9.824599750810725189e-10 1.894122496046020052e-09
1.121000003814697266e+01 9.175513623935253329e-10 1.762951244774062296e-09
1.121999931335449219e+01 8.502026263113078458e-10 1.626452287345109818e-09
1.122999954223632812e+01 7.807810489755171556e-10 1.485369351532994194e-09
1.123999977111816406e+01 7.096773714652863931e-10 1.340499076434970787e-09
1.125000000000000000e+01 6.372779938975979489e-10 1.192634362729704324e-09
1.125999927520751953e+01 5.639760555648988604e-10 1.042586578526704558e-09
1.126999950408935547e+01 4.901411838571825999e-10 8.911232205667049455e-10
1.127999973297119141e+01 4.161593786263639366e-10 7.390491472681799697e-10
1.128999996185302734e+01 3.424030655806668121e-10 5.871448804137945429e-10
1.130000019073486328e+01 2.692361286361510887e-10 4.361764530864786060e-10
1.130999946594238281e+01 1.970189359000073718e-10 2.869054106067064457e-10
1.131999969482421875e+01 1.260791939232393508e-10 1.400281494377242743e-10
1.132999992370605469e+01 5.675177531967771402e-11 -3.742133267136631469e-12
1.134000015258789062e+01 -1.065036928756328293e-11 -1.437358932803198389e-10
1.134999942779541016e+01 -7.582443794818631684e-11 -2.793031511387152136e-10
1.135999965667724609e+01 -1.385035535150737247e-10 -4.098674040431905406e-10
1.136999988555908203e+01 -1.984204038589597590e-10 -5.348502314119135119e-10
1.138000011444091797e+01 -2.553331815467498733e-10 -6.537254363456958930e-10
1.138999938964843750e+01 -3.090149884663776754e-10 -7.659971172952769065e-10
1.139999961853027344e+01 -3.592745633036304163e-10 -8.712431533491146653e-10
1.140999984741210938e+01 -4.059259551685086707e-10 -9.690518616371729207e-10
1.142000007629394531e+01 -4.488096307609799833e-10 -1.059066184016995939e-09
1.142999935150146484e+01 -4.877838480526517451e-10 -1.140965641377996725e-09
1.143999958038330078e+01 -5.227392198074553446e-10 -1.214496952201251639e-09
1.144999980926513672e+01 -5.535763581859921753e-10 -1.279427042295975079e-09
1.146000003814697266e+01 -5.802209995942995456e-10 -1.335574802407122725e-09
1.146999931335449219e+01 -6.026179500540362987e-10 -1.382798335022825789e-09
1.147999954223632812e+01 -6.207389286919921797e-10 -1.421011483082353323e-09
1.148999977111816406e+01 -6.345693808736810262e-10 -1.450156022091720295e-09
1.150000000000000000e+01 -6.441170032484683602e-10 -1.470219654701865630e-09
1.150999927520751953e+01 -6.494086159186669611e-10 -1.481229481311728976e-09
1.151999950408935547e+01 -6.504912371635355757e-10 -1.483254280011187681e-09
1.152999973297119141e+01 -6.474284803985043498e-10 -1.476397103274955588e-09
1.153999996185302734e+01 -6.403023525958267407e-10 -1.460799178358654698e-09
1.155000019073486328e+01 -6.292118878592404284e-10 -1.436637232650718243e-09
1.155999946594238281e+01 -6.142740580118718952e-10 -1.404125763729331097e-09
1.156999969482421875e+01 -5.956169782111165071e-10 -1.363502589347561969e-09
1.157999992370605469e+01 -5.733877178828985331e-10 -1.315046221380590951e-09
1.159000015258789062e+01 -5.477461694364145464e-10 -1.259062945862254912e-09
1.159999942779541016e+01 -5.188683792779320286e-10 -1.195894572008160623e-09
1.160999965667724609e+01 -4.869343735967220482e-10 -1.125892295184685354e-09
1.161999988555908203e+01 -4.521438356196074178e-10 -1.049451513177290105e-09
1.163000011444091797e+01 -4.147044726318691786e-10 -9.669869432336891079e-10
1.163999938964843750e+01 -3.748375934376756034e-10 -8.789454690790850722e-10
1.164999961853027344e+01 -3.327616951324659433e-10 -7.857704543613752360e-10
1.165999984741210938e+01 -2.887143090210732566e-10 -6.879505534690477928e-10
1.167000007629394531e+01 -2.429359666887469750e-10 -5.859848812175694347e-10
1.167999935150146484e+01 -1.956773960343563901e-10 -4.803995523308722093e-10
1.168999958038330078e+01 -1.471802519882428354e-10 -3.717051141573024155e-10
1.169999980926513672e+01 -9.770307253101412475e-11 -2.604549989226643123e-10
1.171000003814697266e+01 -4.750221361435145666e-11 -1.472033691820588267e-10
1.171999931335449219e+01 3.160038220871393452e-12 -3.252372959582630085e-11
1.172999954223632812e+01 5.403603500495662171e-11 8.303736936893129499e-11
1.173999977111816406e+01 1.048649474417804080e-10 1.988971397085326841e-10
1.175000000000000000e+01 1.553932942911863108e-10 3.144828538784264112e-10
1.175999927520751953e+01 2.053666175679341075e-10 4.292128031673913766e-10
1.176999950408935547e+01 2.545497157345231356e-10 5.425427997522109475e-10
1.177999973297119141e+01 3.026992179222864331e-10 6.539033150511404084e-10
1.178999996185302734e+01 3.495839160131092698e-10 7.627463157187723910e-10
1.180000019073486328e+01 3.949811281199527638e-10 8.685372228197030992e-10
1.180999946594238281e+01 4.386737427257570483e-10 9.707483045737819342e-10
1.181999969482421875e+01 4.804678063130526901e-10 1.068900268662868602e-09
1.182999992370605469e+01 5.201685162507039889e-10 1.162506584458637728e-09
1.184000015258789062e+01 5.575980370181810582e-10 1.251115679412091415e-09
1.184999942779541016e+01 5.925889237844630389e-10 1.334296049694826412e-09
1.185999965667724609e+01 6.249980527079676530e-10 1.411670043706162798e-09
1.186999988555908203e+01 6.546873019373420992e-10 1.482868604841957382e-09
1.188000011444091797e+01 6.815377830513867078e-10 1.547565774057335834e-09
1.188999938964843750e+01 7.054447817187193816e-10 1.605467289767246848e-09
1.189999961853027344e+01 7.263270274230058805e-10 1.656333777261821544e-09
1.190999984741210938e+01 7.441133217692358617e-10 1.699949061053013801e-09
1.192000007629394531e+01 7.587521604906685435e-10 1.736144131825006059e-09
1.192999935150146484e+01 7.702084688341504264e-10 1.764789828268244583e-09
1.193999958038330078e+01 7.784676522071717945e-10 1.785807635906435237e-09
1.194999980926513672e+01 7.835289094976031552e-10 1.799153556219300156e-09
1.196000003814697266e+01 7.854096706441075086e-10 1.804829718144264607e-09
1.196999931335449219e+01 7.841442738735954461e-10 1.802881460865226550e-09
1.197999954223632812e+01 7.797827299011505017e-10 1.793395170753770837e-09
1.198999977111816406e+01 7.723909033066644609e-10 1.776498410133883077e-09
1.200000000000000000e+01 7.620496827445578631e-10 1.752358598005443898e-09
1.200999927520751953e+01 7.488556150329873891e-10 1.721184556219140322e-09
1.201999950408935547e+01 7.329147906164957894e-10 1.683212098207080717e-09
1.202999973297119141e+01 7.143495333272157213e-10 1.638719820861103008e-09
1.203999996185302734e+01 6.932926911976472854e-10 1.588015560897076478e-09
1.205000019073486328e+01 6.698877717208201645e-10 1.531436549605404008e-09
1.205999946594238281e+01 6.442904523468466356e-10 1.469352939403429447e-09
1.206999969482421875e+01 6.166575394742016304e-10 1.402140811140516390e-09
1.207999992370605469e+01 5.871605533779264860e-10 1.330214884270930914e-09
1.209000015258789062e+01 5.559750545145464886e-10 1.254002376248721101e-09
1.209999942779541016e+01 5.232850617126864294e-10 1.173953495396779124e-09
1.210999965667724609e+01 4.892693329666027413e-10 1.090507547151122799e-09
1.211999988555908203e+01 4.541190095698939617e-10 1.004135849794378750e-09
1.213000011444091797e+01 4.180241987690725974e-10 9.153086064929651623e-10
1.213999938964843750e+01 3.811795230815728668e-10 8.245082729561257808e-10
1.214999961853027344e+01 3.437689783220546649e-10 7.321919895166784768e-10
1.215999984741210938e+01 3.059860720242741342e-10 6.388409969571040821e-10
1.217000007629394531e+01 2.680188869853197731e-10 5.449236563405397191e-10
1.217999935150146484e+01 2.300562923317611121e-10 4.509106526306103797e-10
1.218999958038330078e+01 1.922726225678258090e-10 3.572369470365604273e-10
1.219999980926513672e+01 1.548486429061987385e-10 2.643536433325199239e-10
1.221000003814697266e+01 1.179563141648295444e-10 1.726902567767034337e-10
1.221999931335449219e+01 8.176515116210916794e-11 8.267052714769220437e-11
1.222999954223632812e+01 4.642785543506378975e-11 -5.323250885414513359e-12
1.223999977111816406e+01 1.210047670432876001e-11 -9.089996695002812365e-11
1.225000000000000000e+01 -2.107199812363401826e-11 -1.736953872822954025e-10
1.225999927520751953e+01 -5.294965103067110832e-11 -2.533570423351713900e-10
1.226999950408935547e+01 -8.341009127577015806e-11 -3.295751769614448680e-10
1.227999973297119141e+01 -1.123305661711267941e-10 -4.020378410356107744e-10
1.228999996185302734e+01 -1.396005857991983685e-10 -4.704622215536964581e-10
1.230000019073486328e+01 -1.651191004723707605e-10 -5.345873916579504310e-10
1.230999946594238281e+01 -1.887925734436571136e-10 -5.941692620128546215e-10
1.231999969482421875e+01 -2.105440370825828704e-10 -6.490032125717861694e-10
1.232999992370605469e+01 -2.302996961714014142e-10 -6.988902332344838627e-10
1.234000015258789062e+01 -2.479982701621982981e-10 -7.436603253332495565e-10
1.234999942779541016e+01 -2.635873515815891832e-10 -7.831632558690012471e-10
1.235999965667724609e+01 -2.770292084540955124e-10 -8.172832601655054398e-10
1.236999988555908203e+01 -2.882918807830656682e-10 -8.459165244080356801e-10
1.238000011444091797e+01 -2.973553245317035906e-10 -8.689868553834326093e-10
1.238999938964843750e+01 -3.042092332605943521e-10 -8.864403254220607306e-10
1.239999961853027344e+01 -3.088553673352089732e-10 -8.982514360708835901e-10
1.240999984741210938e+01 -3.113035249919057142e-10 -9.044131468585119150e-10
1.242000007629394531e+01 -3.115742285360018968e-10 -9.049440702397857159e-10
1.242999935150146484e+01 -3.096980719979350463e-10 -8.998872520688197957e-10
1.243999958038330078e+01 -3.057145918960119051e-10 -8.893076373238811238e-10
1.244999980926513672e+01 -2.996731041563765748e-10 -8.732948588206818062e-10
1.246000003814697266e+01 -2.916319114507903019e-10 -8.519616668024393719e-10
1.246999931335449219e+01 -2.816591072479053265e-10 -8.254466837460220014e-10
1.247999954223632812e+01 -2.698282346044839351e-10 -7.939034821143064345e-10
1.248999977111816406e+01 -2.562236164925434954e-10 -7.575153851395695678e-10
1.250000000000000000e+01 -2.409363035009888548e-10 -7.164853371874011432e-10
1.250999927520751953e+01 -2.240661544565380385e-10 -6.710421241564897524e-10
1.251999950408935547e+01 -2.057147508142937801e-10 -6.214218924380033446e-10
1.252999973297119141e+01 -1.859945342008402434e-10 -5.678933444891917784e-10
1.253999996185302734e+01 -1.650219456774085451e-10 -5.107398207403381882e-10
1.255000019073486328e+01 -1.429183645794189211e-10 -4.502623118173274446e-10
1.255999946594238281e+01 -1.198117309452637999e-10 -3.867843899668168698e-10
1.256999969482421875e+01 -9.582698061244390039e-11 -3.206263020362852144e-10
1.257999992370605469e+01 -7.109861179925467022e-11 -2.521398049720136156e-10
1.259000015258789062e+01 -4.576125741792857205e-11 -1.816825267922528698e-10
1.259999942779541016e+01 -1.995361290555118111e-11 -1.096290173515774498e-10
1.260999965667724609e+01 6.192177401904361307e-12 -3.634117936480282810e-11
1.261999988555908203e+01 3.253645955606542283e-11 3.779247470389358105e-11
1.263000011444091797e+01 5.894261449076185222e-11 1.123863222442856236e-10
1.263999938964843750e+01 8.527283883043794968e-11 1.870459174304298212e-10
1.264999961853027344e+01 1.113989014812635193e-10 2.613987461020105853e-10
1.265999984741210938e+01 1.371877598918828599e-10 3.350537449956249700e-10
1.267000007629394531e+01 1.625123106090618660e-10 4.076321366055763003e-10
1.267999935150146484e+01 1.872472046646801940e-10 4.787559148286060157e-10
1.268999958038330078e+01 2.112788598254898943e-10 5.480771295794888480e-10
1.269999980926513672e+01 2.344918857474244317e-10 6.152393678511540542e-10
1.271000003814697266e+01 2.567791483133771329e-10 6.799072256872137189e-10
1.271999931335449219e+01 2.780379213543775504e-10 7.417557578430865002e-10
1.272999954223632812e+01 2.981783705674981942e-10 8.004957526704598251e-10
1.273999977111816406e+01 3.171117965232484837e-10 8.558401023690310515e-10
1.275000000000000000e+01 3.347592239434687262e-10 9.075293498232771714e-10
1.275999927520751953e+01 3.510481535219371166e-10 9.553227594206003642e-10
1.276999950408935547e+01 3.659189089294251813e-10 9.990174669552718592e-10
1.277999973297119141e+01 3.793155121648636965e-10 1.038422184976257778e-09
1.278999996185302734e+01 3.911921839103870676e-10 1.073376707571727865e-09
1.279999923706054688e+01 4.015109083321148502e-10 1.103745147803530186e-09
1.280999946594238281e+01 4.102452585742579858e-10 1.129427524984994048e-09
1.281999969482421875e+01 4.173744711303342784e-10 1.150342589768531020e-09
1.282999992370605469e+01 4.228874652031135305e-10 1.166439860022253385e-09
1.284000015258789062e+01 4.267816641944963502e-10 1.177696290918693871e-09
1.284999942779541016e+01 4.290626870980324019e-10 1.184115473806016326e-09
1.285999965667724609e+01 4.297448517027917732e-10 1.185729007983643170e-09
1.286999988555908203e+01 4.288496170921202641e-10 1.182592035639230510e-09
1.288000011444091797e+01 4.264063142168304654e-10 1.174785186581149939e-09
1.288999938964843750e+01 4.224519722905787782e-10 1.162414014263713838e-09
1.289999961853027344e+01 4.170293069379585078e-10 1.145602589121056299e-09
1.290999984741210938e+01 4.101886040648462582e-10 1.124499233093585881e-09
1.292000007629394531e+01 4.019859425072444411e-10 1.099270764952785839e-09
1.292999935150146484e+01 3.924840377422513381e-10 1.070104894659800927e-09
1.293999958038330078e+01 3.817480475354523801e-10 1.037197128628664754e-09
1.294999980926513672e+01 3.698505625211871904e-10 1.000765864838973302e-09
1.296000003814697266e+01 3.568676326890927945e-10 9.610399797717119402e-10
1.296999931335449219e+01 3.428805205392458130e-10 9.182640025590118768e-10
1.297999954223632812e+01 3.279697933486488050e-10 8.726798773064778404e-10
1.298999977111816406e+01 3.122228645034008542e-10 8.245498861438827530e-10
1.300000000000000000e+01 2.957282717590069324e-10 7.741390480000304972e-10
1.300999927520751953e+01 2.785781604734989721e-10 7.217226526784181467e-10
1.301999950408935547e+01 2.608612145555933916e-10 6.675646424517644823e-10
1.302999973297119141e+01 2.426720294575972476e-10 6.119462930384078470e-10
1.303999996185302734e+01 2.241041769209444177e-10 5.551451017391059619e-10
1.304999923706054688e+01 2.052531846006083125e-10 4.974440354239312785e-10
1.305999946594238281e+01 1.862088925436788583e-10 4.391083101775015500e-10
1.306999969482421875e+01 1.670658428779094686e-10 3.804174120988459073e-10
1.307999992370605469e+01 1.479157067561154397e-10 3.216421782698278061e-10
1.309000015258789062e+01 1.288486852439757680e-10 2.630493710285247202e-10
1.309999942779541016e+01 1.099549294790069037e-10 2.049063700864399910e-10
1.310999965667724609e+01 9.131699109499638373e-11 1.474582650288564548e-10
1.311999988555908203e+01 7.302030438770545127e-11 9.096045140808053093e-11
1.313000011444091797e+01 5.514562518203469007e-11 3.565570919067311943e-11
1.313999938964843750e+01 3.777216145162166952e-11 -1.821579700867838466e-11
1.314999961853027344e+01 2.097069605049095677e-11 -7.043754200380689916e-11
1.315999984741210938e+01 4.813259500476612891e-12 -1.207863649643662151e-10
1.317000007629394531e+01 -1.063381701942643797e-11 -1.690537552899748877e-10
1.317999935150146484e+01 -2.530710457320261821e-11 -2.150369372320618735e-10
1.318999958038330078e+01 -3.915182885911983037e-11 -2.585567603999336842e-10
1.319999980926513672e+01 -5.211367408507357711e-11 -2.994319242554935176e-10
1.321000003814697266e+01 -6.414465042557707759e-11 -3.374973288235574902e-10
1.321999931335449219e+01 -7.520081889066714130e-11 -3.725969499598922820e-10
1.322999954223632812e+01 -8.524656416720323567e-11 -4.045975273493320773e-10
1.323999977111816406e+01 -9.424838772030832521e-11 -4.333690396567229799e-10
1.325000000000000000e+01 -1.021793252441444719e-10 -4.587989728449570949e-10
1.325999927520751953e+01 -1.090173237562890768e-10 -4.807874704900076824e-10
1.326999950408935547e+01 -1.147477992299595130e-10 -4.992559525253055257e-10
1.327999973297119141e+01 -1.193597489297916682e-10 -5.141350566123010972e-10
1.328999996185302734e+01 -1.228484675950750976e-10 -5.253738698261210409e-10
1.329999923706054688e+01 -1.252146449973515350e-10 -5.329375848609558169e-10
1.330999946594238281e+01 -1.264651082151456680e-10 -5.368104471001264247e-10
1.331999969482421875e+01 -1.266113880882561286e-10 -5.369917743990132399e-10
1.332999992370605469e+01 -1.256706206394381818e-10 -5.334994735260298125e-10
1.334000015258789062e+01 -1.236651325780514725e-10 -5.263693366434385616e-10
1.334999942779541016e+01 -1.206226176094897826e-10 -5.156563310925181753e-10
1.335999965667724609e+01 -1.165746873074081189e-10 -5.014301639766989021e-10
1.336999988555908203e+01 -1.115584025846572367e-10 -4.837813061702670899e-10
1.338000011444091797e+01 -1.056149700316629849e-10 -4.628170041091562660e-10
1.338999938964843750e+01 -9.879041281130303019e-11 -4.386642213680201388e-10
1.339999961853027344e+01 -9.113259879700903179e-11 -4.114596256956671444e-10
1.340999984741210938e+01 -8.269484997465038691e-11 -3.813628075743873287e-10
1.342000007629394531e+01 -7.353309702606611673e-11 -3.485466002968433816e-10
1.342999935150146484e+01 -6.370711940389276702e-11 -3.132018327320261873e-10
1.343999958038330078e+01 -5.327638247729596484e-11 -2.755225867620395986e-10
1.344999980926513672e+01 -4.230530850358618010e-11 -2.357253172711036646e-10
1.346000003814697266e+01 -3.085921570527568059e-11 -1.940343397270377380e-10
1.346999931335449219e+01 -1.900599753140001573e-11 -1.506879364509920494e-10
1.347999954223632812e+01 -6.811182517481997253e-12 -1.059202120216233419e-10
1.348999977111816406e+01 5.655651730432519401e-12 -5.998440749606802022e-11
1.350000000000000000e+01 1.832574573752109624e-11 -1.313490478025294670e-11
1.350999927520751953e+01 3.112919274138319588e-11 3.436580189662006562e-11
1.351999950408935547e+01 4.400020212821091105e-11 8.226696832920570716e-11
1.352999973297119141e+01 5.687011855819509682e-11 1.303040713079275307e-10
1.353999996185302734e+01 6.967264532699937119e-11 1.782185854753022808e-10
1.354999923706054688e+01 8.234175903297716843e-11 2.257506430547462626e-10
1.355999946594238281e+01 9.481684604642789360e-11 2.726587688010286560e-10
1.356999969482421875e+01 1.070357414069128163e-10 3.186942249023483976e-10
1.357999992370605469e+01 1.189398610101660972e-10 3.636207203362422846e-10
1.359000015258789062e+01 1.304732453198629060e-10 4.072112830926316457e-10
1.359999942779541016e+01 1.415817601580716805e-10 4.492456614667790753e-10
1.360999965667724609e+01 1.522175115717017282e-10 4.895274342552381265e-10
1.361999988555908203e+01 1.623326763715691081e-10 5.278610266910789361e-10
1.363000011444091797e+01 1.718839580460007052e-10 5.640688881712956904e-10
1.363999938964843750e+01 1.808308319958113120e-10 5.979851196654219810e-10
1.364999961853027344e+01 1.891390277423111252e-10 6.294688900028854298e-10
1.365999984741210938e+01 1.967755076104898612e-10 6.583855579551961971e-10
1.367000007629394531e+01 2.037120229959733348e-10 6.846202550718613758e-10
1.367999935150146484e+01 2.099237340454024519e-10 7.080727049110049512e-10
1.368999958038330078e+01 2.153915485871457565e-10 7.286660338803662129e-10
1.369999980926513672e+01 2.200985823598741700e-10 7.463333352875226193e-10
1.371000003814697266e+01 2.240325982553646280e-10 7.610267622396758276e-10
1.371999931335449219e+01 2.271850947448453981e-10 7.727139396416503526e-10
1.372999954223632812e+01 2.295523947238488200e-10 7.813817815685431113e-10
1.373999977111816406e+01 2.311337845609373792e-10 7.870293507138046737e-10
1.375000000000000000e+01 2.319327194451035029e-10 7.896720710076263842e-10
1.375999927520751953e+01 2.319564316951319366e-10 7.893400332227851210e-10
1.376999950408935547e+01 2.312157629611948063e-10 7.860769143042925572e-10
1.377999973297119141e+01 2.297250360576879847e-10 7.799394568969294056e-10
1.378999996185302734e+01 2.275020079894100577e-10 7.709968696517275352e-10
1.379999923706054688e+01 2.245680028991408312e-10 7.593311803205347485e-10
1.380999946594238281e+01 2.209465721844567356e-10 7.450317332624926846e-10
1.381999969482421875e+01 2.166650142650371636e-10 7.282010849064160968e-10
1.382999992370605469e+01 2.117531482591551434e-10 7.089500162410054058e-10
1.384000015258789062e+01 2.062433787754155740e-10 6.873977431827551343e-10
1.384999942779541016e+01 2.001711110118127275e-10 6.636735254351660007e-10
1.385999965667724609e+01 1.935721822949673489e-10 6.379066778339589297e-10
1.386999988555908203e+01 1.864861377630397677e-10 6.102394667995586668e-10
1.388000011444091797e+01 1.789537528072607407e-10 5.808175850842628848e-10
1.388999938964843750e+01 1.710181442977324518e-10 5.497947079824858198e-10
1.389999961853027344e+01 1.627214826763238042e-10 5.173198990961827554e-10
1.390999984741210938e+01 1.541093140402164645e-10 4.835548119283152476e-10
1.392000007629394531e+01 1.452273379473034771e-10 4.486614446834552522e-10
1.392999935150146484e+01 1.361227921720034456e-10 4.128079624503771416e-10
1.393999958038330078e+01 1.268407248503235261e-10 3.761544208393316697e-10
1.394999980926513672e+01 1.174289781961504178e-10 3.388728168043769609e-10
1.396000003814697266e+01 1.079344986967583549e-10 3.011330019539443793e-10
1.396999931335449219e+01 9.840487370760669782e-11 2.631092138686984243e-10
1.397999954223632812e+01 8.888446341821385050e-11 2.249650565929819371e-10
1.398999977111816406e+01 7.941963622768016342e-11 1.868747918096357788e-10
1.400000000000000000e+01 7.005491185477954962e-11 1.490083345639560952e-10
1.400999927520751953e+01 6.083452711646481444e-11 1.115378933322089967e-10
1.401999950408935547e+01 5.179872539345356250e-11 7.462316217077342747e-11
1.402999973297119141e+01 4.298884157984111908e-11 3.843221398085886792e-11
1.403999996185302734e+01 3.444357841023691950e-11 3.126549569038799321e-12
1.404999923706054688e+01 2.620048730173249831e-11 -3.113272201385576740e-11
1.405999946594238281e+01 1.829268721610277919e-11 -6.419851037471983686e-11
1.406999969482421875e+01 1.075343498490624049e-11 -9.591879643955398675e-11
1.407999992370605469e+01 3.612810150630075667e-12 -1.261505202730748754e-10
1.409000015258789062e+01 -3.101606810659304958e-12 -1.547569799185111085e-10
1.409999942779541016e+01 -9.364266760167112567e-12 -1.816060885712030553e-10
1.410999965667724609e+01 -1.515408933587868372e-11 -2.065811867101197170e-10
1.411999988555908203e+01 -2.045095044056379708e-11 -2.295663929146850768e-10
1.413000011444091797e+01 -2.523817449412123492e-11 -2.504577494891119412e-10
1.413999938964843750e+01 -2.950157419089519622e-11 -2.691596004673954125e-10
1.414999961853027344e+01 -3.323104993058365877e-11 -2.855921891947805451e-10
1.415999984741210938e+01 -3.641815432518210448e-11 -2.996815752470771726e-10
1.417000007629394531e+01 -3.905775887030940602e-11 -3.113675687216294954e-10
1.417999935150146484e+01 -4.114742144422559836e-11 -3.206015992337696248e-10
1.418999958038330078e+01 -4.268808731352664643e-11 -3.273504563673021232e-10
1.419999980926513672e+01 -4.368283456677135286e-11 -3.315913737993884037e-10
1.421000003814697266e+01 -4.413765055009424504e-11 -3.333160774615266856e-10
1.421999931335449219e+01 -4.406115174208211259e-11 -3.325301745795200985e-10
1.422999954223632812e+01 -4.346440414341539235e-11 -3.292527066422261023e-10
1.423999977111816406e+01 -4.236085773065765003e-11 -3.235165907020072936e-10
1.425000000000000000e+01 -4.076624562506344592e-11 -3.153684385595094209e-10
1.425999927520751953e+01 -3.869865496864077373e-11 -3.048693944634294912e-10
1.426999950408935547e+01 -3.617755425542958113e-11 -2.920905642864147627e-10
1.427999973297119141e+01 -3.322483434361020747e-11 -2.771185859404876311e-10
1.428999996185302734e+01 -2.986391217905906066e-11 -2.600512868287141816e-10
1.429999923706054688e+01 -2.612012541290457076e-11 -2.409998263661907742e-10
1.430999946594238281e+01 -2.201910911370888828e-11 -2.200804845650598969e-10
1.431999969482421875e+01 -1.758878186338930152e-11 -1.974247417240891365e-10
1.432999992370605469e+01 -1.285779012186439857e-11 -1.731712679028230445e-10
1.434000015258789062e+01 -7.855686252439431840e-12 -1.474666581668945248e-10
1.434999942779541016e+01 -2.613278627310940645e-12 -1.204670167139192770e-10
1.435999965667724609e+01 2.839550641473467809e-12 -9.232643491418974019e-11
1.436999988555908203e+01 8.470997863564030262e-12 -6.321133459001239717e-11
1.438000011444091797e+01 1.424947185527127603e-11 -3.328912165302011151e-11
1.438999938964843750e+01 2.014268870522706953e-11 -2.732479027466477222e-12
1.439999961853027344e+01 2.612007799237432772e-11 2.829351299019749816e-11
1.440999984741210938e+01 3.214954824193881743e-11 5.961500958923977430e-11
1.442000007629394531e+01 3.819986561598196425e-11 9.106213244647937880e-11
1.442999935150146484e+01 4.423965555167452738e-11 1.224641721333038142e-10
1.443999958038330078e+01 5.023983492391702673e-11 1.536625934791079803e-10
1.444999980926513672e+01 5.617027504400065977e-11 1.844940107248155147e-10
1.446000003814697266e+01 6.200222880233620338e-11 2.148030910672090757e-10
1.446999931335449219e+01 6.770732999491538665e-11 2.444375925422408707e-10
1.447999954223632812e+01 7.325986653704744027e-11 2.732603546647489967e-10
1.448999977111816406e+01 7.863361518996923023e-11 3.011329831548844463e-10
1.450000000000000000e+01 8.380413115046694278e-11 3.279278126298864324e-10
1.450999927520751953e+01 8.874783013242703255e-11 3.535231541540651640e-10
1.451999950408935547e+01 9.344394021967093242e-11 3.778133477513040702e-10
1.452999973297119141e+01 9.787175130749276355e-11 4.006944143497186408e-10
1.453999996185302734e+01 1.020126008569260081e-10 4.220741783015500793e-10
1.454999923706054688e+01 1.058491099571500586e-10 4.418681088771057849e-10
1.455999946594238281e+01 1.093666812863376644e-10 4.600067978552528242e-10
1.456999969482421875e+01 1.125513579613376529e-10 4.764246299854035112e-10
1.457999992370605469e+01 1.153913673984847176e-10 4.910674400643428764e-10
1.458999919891357422e+01 1.178765627499356987e-10 5.038893042990117971e-10
1.459999942779541016e+01 1.199993712799999697e-10 5.148571015977143711e-10
1.460999965667724609e+01 1.217533968318764542e-10 5.239429748558431704e-10
1.461999988555908203e+01 1.231344198647551018e-10 5.311291721451036280e-10
1.463000011444091797e+01 1.241401513028516444e-10 5.364064833027311255e-10
1.463999938964843750e+01 1.247701888186052614e-10 5.397737392683757068e-10
1.464999961853027344e+01 1.250262098526223966e-10 5.412386327070184327e-10
1.465999984741210938e+01 1.249115898498147988e-10 5.408155061604097371e-10
1.467000007629394531e+01 1.244316465666717469e-10 5.385265329351082843e-10
1.467999935150146484e+01 1.235936165907671751e-10 5.344015041623951738e-10
1.468999958038330078e+01 1.224062484389802527e-10 5.284758065378311696e-10
1.469999980926513672e+01 1.208802201811360603e-10 5.207925262927539431e-10
1.471000003814697266e+01 1.190277794892781262e-10 5.114007974586466541e-10
1.471999931335449219e+01 1.168629439999537723e-10 5.003570013522597611e-10
1.472999954223632812e+01 1.144005521202201127e-10 4.877201692972592803e-10
1.473999977111816406e+01 1.116574017865005786e-10 4.735580965332634921e-10
1.475000000000000000e+01 1.086513420579951644e-10 4.579430736871598542e-10
1.475999927520751953e+01 1.054016674164377126e-10 4.409543440340283881e-10
1.476999950408935547e+01 1.019277290564689625e-10 4.226712893404874057e-10
1.477999973297119141e+01 9.825066617569937236e-11 4.031829603040798650e-10
1.478999996185302734e+01 9.439205126521598391e-11 3.825815070772708276e-10
1.479999923706054688e+01 9.037443902387357369e-11 3.609656191725847009e-10
1.480999946594238281e+01 8.621967575464953940e-11 3.384319401491163627e-10
1.481999969482421875e+01 8.195105806122718721e-11 3.150871895740011970e-10
1.482999992370605469e+01 7.759166924218515894e-11 2.910397142652729841e-10
1.483999919891357422e+01 7.316503749609429790e-11 2.664035583908478844e-10
1.484999942779541016e+01 6.869330047124590905e-11 2.412886537697025903e-10
1.485999965667724609e+01 6.419960552809560668e-11 2.158145449245056124e-10
1.486999988555908203e+01 5.970629362140801515e-11 1.901006062157673961e-10
1.488000011444091797e+01 5.523519336758808989e-11 1.642678973044371677e-10
1.488999938964843750e+01 5.080792238672390589e-11 1.384411146777381813e-10
1.489999961853027344e+01 4.644409194992655720e-11 1.127381904428541520e-10
1.490999984741210938e+01 4.216374194328383924e-11 8.728450547059490644e-11
1.492000007629394531e+01 3.798555341134729735e-11 6.220240469207987274e-11
1.492999935150146484e+01 3.392757199318144049e-11 3.761533198881635835e-11
1.493999958038330078e+01 3.000559944545090021e-11 1.363782230936409717e-11
1.494999980926513672e+01 2.623545724521097423e-11 -9.611104089919717406e-12
1.496000003814697266e+01 2.263137491831747434e-11 -3.201808740415961731e-11
1.496999931335449219e+01 1.920666127961440766e-11 -5.347177142219890278e-11
1.497999954223632812e+01 1.597238591398317000e-11 -7.387160718466446858e-11
1.498999977111816406e+01 1.293932184863773259e-11 -9.311625903824662416e-11
1.500000000000000000e+01 1.011661152936032035e-11 -1.111125704779087577e-10
