# col1: q[fm^-1] col2: weakFF col3: chargeFF [unitless]
9.999999999999999547e-07 1.000000666956047057e+00 9.999999459971607996e-01
9.999999776482582092e-03 9.995753779366806091e-01 9.996222316945685415e-01
1.999999955296516418e-02 9.983003800263607896e-01 9.984897494361469894e-01
2.999999932944774628e-02 9.961782781085184446e-01 9.966044795791074717e-01
3.999999910593032837e-02 9.932134049874341564e-01 9.939697172921659885e-01
4.999999701976776123e-02 9.894118092218587845e-01 9.905900651444874416e-01
5.999999865889549255e-02 9.847812331297962629e-01 9.864714182893509209e-01
7.000000029802322388e-02 9.793310964455426149e-01 9.816209559790861627e-01
7.999999821186065674e-02 9.730724658601217492e-01 9.760471218048536457e-01
8.999999612569808960e-02 9.660180165294678378e-01 9.697595980074817934e-01
9.999999403953552246e-02 9.581820007126765626e-01 9.627692873175508481e-01
1.099999994039535522e-01 9.495801970264080571e-01 9.550882786448267048e-01
1.199999973177909851e-01 9.402298900733661036e-01 9.467298409638003065e-01
1.299999952316284180e-01 9.301497811665452309e-01 9.377083566696878814e-01
1.400000005960464478e-01 9.193599502791008904e-01 9.280393015605881146e-01
1.499999910593032837e-01 9.078818327611304362e-01 9.177392390465446415e-01
1.599999964237213135e-01 8.957380648252962763e-01 9.068256974003844340e-01
1.700000017881393433e-01 8.829525278604675176e-01 8.953172260496359280e-01
1.799999922513961792e-01 8.695502327115117724e-01 8.832333090015748178e-01
1.899999976158142090e-01 8.555571839025876146e-01 8.705942602481087089e-01
1.999999880790710449e-01 8.410004474710183198e-01 8.574213033467420475e-01
2.099999934434890747e-01 8.259079078868643009e-01 8.437363705926034241e-01
2.199999988079071045e-01 8.103083392927616924e-01 8.295621864820120761e-01
2.299999892711639404e-01 7.942312635977819557e-01 8.149221586764507919e-01
2.399999946355819702e-01 7.777067935250009389e-01 7.998402545225142823e-01
2.500000000000000000e-01 7.607656935755369165e-01 7.843410760765372469e-01
2.599999904632568359e-01 7.434392272416784353e-01 7.684497405306431883e-01
2.699999809265136719e-01 7.257590190709404254e-01 7.521917730984941652e-01
2.800000011920928955e-01 7.077569921213735515e-01 7.355930682824598499e-01
2.899999916553497314e-01 6.894654740484174038e-01 7.186800070414874897e-01
2.999999821186065674e-01 6.709167908111051126e-01 7.014791005861311657e-01
3.100000023841857910e-01 6.521433405049262833e-01 6.840170754715659829e-01
3.199999928474426270e-01 6.331776818450850497e-01 6.663209741236842953e-01
3.299999833106994629e-01 6.140521166390010555e-01 6.484177831787422130e-01
3.400000035762786865e-01 5.947987751861016914e-01 6.303345278567267229e-01
3.499999940395355225e-01 5.754497118952737189e-01 6.120983779273788672e-01
3.599999845027923584e-01 5.560364840788808438e-01 5.937362663903271720e-01
3.700000047683715820e-01 5.365902485498297292e-01 5.752749924121177694e-01
3.799999952316284180e-01 5.171418639946154805e-01 5.567413319689149542e-01
3.899999856948852539e-01 4.977214732931818930e-01 5.381616526036648862e-01
3.999999761581420898e-01 4.783586682548935931e-01 5.195620795214205279e-01
4.099999964237213135e-01 4.590823102235369046e-01 5.009683329170445676e-01
4.199999868869781494e-01 4.399206985122124935e-01 4.824058987145256050e-01
4.299999773502349854e-01 4.209011677017385211e-01 4.638996466861356471e-01
4.399999976158142090e-01 4.020502073579708679e-01 4.454739498996775904e-01
4.499999880790710449e-01 3.833935776218077573e-01 4.271528030120339547e-01
4.599999785423278809e-01 3.649559245521674655e-01 4.089594489489126738e-01
4.699999988079071045e-01 3.467609078143310541e-01 3.909165036701695572e-01
4.799999892711639404e-01 3.288313203891010672e-01 3.730460762319821044e-01
4.899999797344207764e-01 3.111887268970630060e-01 3.553694087371438437e-01
5.000000000000000000e-01 2.938535977511529396e-01 3.379070052249819600e-01
5.099999904632568359e-01 2.768454318152064331e-01 3.206787525419679818e-01
5.199999809265136719e-01 2.601824217545911089e-01 3.037035777626592714e-01
5.299999713897705078e-01 2.438816409823333642e-01 2.869996292967220697e-01
5.399999618530273438e-01 2.279589747192150018e-01 2.705841992583594147e-01
5.500000119209289551e-01 2.124290156695035348e-01 2.544736056640276023e-01
5.600000023841857910e-01 1.973054228020791612e-01 2.386835545826052618e-01
5.699999928474426270e-01 1.826003604447108963e-01 2.232285462748480609e-01
5.799999833106994629e-01 1.683248692776292965e-01 2.081222462538092899e-01
5.899999737739562988e-01 1.544887744822501519e-01 1.933773759526213887e-01
5.999999642372131348e-01 1.411006911547798837e-01 1.790057029267536626e-01
6.100000143051147461e-01 1.281679574185901060e-01 1.650179514155636074e-01
6.200000047683715820e-01 1.156969521785238264e-01 1.514241288663802087e-01
6.299999952316284180e-01 1.036926478663603435e-01 1.382330234364019805e-01
6.399999856948852539e-01 9.215893990306885108e-02 1.254525401501475901e-01
6.499999761581420898e-01 8.109858952536171117e-02 1.130896191063975598e-01
6.599999666213989258e-01 7.051324783141162122e-02 1.011502405919202652e-01
6.699999570846557617e-01 6.040348244667388677e-02 8.963943251618193553e-02
6.800000071525573730e-01 5.076875064022244588e-02 7.856121536806334738e-02
6.899999976158142090e-01 4.160765763024568825e-02 6.791887563897872071e-02
6.999999880790710449e-01 3.291764560791045346e-02 5.771458359896391305e-02
7.099999785423278809e-01 2.469526181645058382e-02 4.794967604647525777e-02
7.199999690055847168e-01 1.693613705571928377e-02 3.862460695188707493e-02
7.299999594688415527e-01 9.635024658527134578e-03 2.973896728162032238e-02
7.400000095367431641e-01 2.785801433050209049e-03 2.129145753680321621e-02
7.500000000000000000e-01 -3.618330026510420926e-03 1.328010979310243964e-02
7.599999904632568359e-01 -9.585043396588501310e-03 5.702010433845746198e-03
7.699999809265136719e-01 -1.512267891108659904e-02 -1.446469563590519446e-03
7.799999713897705078e-01 -2.024024099037900412e-02 -8.169698642749816456e-03
7.899999618530273438e-01 -2.494735310446924426e-02 -1.447275577778506066e-02
7.999999523162841797e-01 -2.925421220007202311e-02 -2.036140044189341247e-02
8.100000023841857910e-01 -3.317156506352276352e-02 -2.584207300957520187e-02
8.199999928474426270e-01 -3.671057129486737791e-02 -3.092173454635797555e-02
8.299999833106994629e-01 -3.988289737469555979e-02 -3.560802995750805139e-02
8.399999737739562988e-01 -4.270057527949419618e-02 -3.990912144510429249e-02
8.499999642372131348e-01 -4.517598156660219272e-02 -4.383368830963017132e-02
8.599999547004699707e-01 -4.732179242592295804e-02 -4.739089239938589632e-02
8.700000047683715820e-01 -4.915094931395119771e-02 -5.059036121730901142e-02
8.799999952316284180e-01 -5.067657361665813681e-02 -5.344207860867313670e-02
8.899999856948852539e-01 -5.191198916058846480e-02 -5.595646376532204674e-02
8.999999761581420898e-01 -5.287063497248617461e-02 -5.814425750533822046e-02
9.099999666213989258e-01 -5.356603633766252731e-02 -6.001650707867078882e-02
9.199999570846557617e-01 -5.401176518099438939e-02 -6.158453099955528420e-02
9.300000071525573730e-01 -5.422140226715552874e-02 -6.285989088156217208e-02
9.399999976158142090e-01 -5.420849657968632856e-02 -6.385432821315327467e-02
9.499999880790710449e-01 -5.398653705839594197e-02 -6.457977572125819798e-02
9.599999785423278809e-01 -5.356891212282167969e-02 -6.504829167917929034e-02
9.699999690055847168e-01 -5.296887897958686697e-02 -6.527203534917130900e-02
9.799999594688415527e-01 -5.219953257640097544e-02 -6.526323464337248359e-02
9.899999499320983887e-01 -5.127377618792068603e-02 -6.503415453991009954e-02
1.000000000000000000e+00 -5.020428689358111957e-02 -6.459706312357894886e-02
1.009999990463256836e+00 -4.900351590110337691e-02 -6.396421339137638162e-02
1.019999980926513672e+00 -4.768362586948236836e-02 -6.314779859654591487e-02
1.029999971389770508e+00 -4.625649306232309382e-02 -6.215993360952144081e-02
1.039999961853027344e+00 -4.473368056532392445e-02 -6.101262607614736655e-02
1.049999952316284180e+00 -4.312641921845758453e-02 -5.971775068207210713e-02
1.059999942779541016e+00 -4.144559030147417639e-02 -5.828702456839549711e-02
1.069999933242797852e+00 -3.970170996404134151e-02 -5.673198393641733228e-02
1.079999923706054688e+00 -3.790491538601827720e-02 -5.506396187457854308e-02
1.090000033378601074e+00 -3.606493049395662065e-02 -5.329404577335757065e-02
1.100000023841857910e+00 -3.419114378249947517e-02 -5.143314330617036745e-02
1.110000014305114746e+00 -3.229246775226066873e-02 -4.949183728692345408e-02
1.120000004768371582e+00 -3.037741909383802688e-02 -4.748045195645911321e-02
1.129999995231628418e+00 -2.845409140129057102e-02 -4.540901673914227860e-02
1.139999985694885254e+00 -2.653015111812170868e-02 -4.328725183591070752e-02
1.149999976158142090e+00 -2.461283497287944030e-02 -4.112455514154151476e-02
1.159999966621398926e+00 -2.270894885382141251e-02 -3.892999048314511878e-02
1.169999957084655762e+00 -2.082486806899513238e-02 -3.671227717284627351e-02
1.179999947547912598e+00 -1.896653893530644147e-02 -3.447978086369907214e-02
1.189999938011169434e+00 -1.713948163768966651e-02 -3.224050569412307415e-02
1.199999928474426270e+00 -1.534879429735020763e-02 -3.000208770254823160e-02
1.209999918937683105e+00 -1.359915818621674349e-02 -2.777178949052375515e-02
1.220000028610229492e+00 -1.189482399209441585e-02 -2.555646981657368894e-02
1.230000019073486328e+00 -1.023969986348051940e-02 -2.336268614268983621e-02
1.240000009536743164e+00 -8.637237700477589861e-03 -2.119653431412507963e-02
1.250000000000000000e+00 -7.090524164733621668e-03 -1.906375384244488047e-02
1.259999990463256836e+00 -5.602270043657283857e-03 -1.696970186619247561e-02
1.269999980926513672e+00 -4.174820957057291150e-03 -1.491935467882618722e-02
1.279999971389770508e+00 -2.810168743411809583e-03 -1.291731027225431067e-02
1.289999961853027344e+00 -1.509963458605411693e-03 -1.096779185351167384e-02
1.299999952316284180e+00 -2.755259205891384916e-04 -9.074652290426190801e-03
1.309999942779541016e+00 8.921392657428981908e-04 -7.241379440629911943e-03
1.319999933242797852e+00 1.992330268121508992e-03 -5.471102316976596269e-03
1.329999923706054688e+00 3.024634234335717067e-03 -3.766598041334258840e-03
1.339999914169311523e+00 3.988913209529910964e-03 -2.130299537824699701e-03
1.350000023841857910e+00 4.885300105918432417e-03 -5.642856741359838883e-04
1.360000014305114746e+00 5.714142288764687688e-03 9.296358803133066787e-04
1.370000004768371582e+00 6.476051085732605073e-03 2.350031082817336144e-03
1.379999995231628418e+00 7.171843580694069881e-03 3.695753829047783955e-03
1.389999985694885254e+00 7.802539039321836414e-03 4.965954405544118974e-03
1.399999976158142090e+00 8.369344288235039050e-03 6.160068413581930302e-03
1.409999966621398926e+00 8.873639185622535577e-03 7.277805305456834344e-03
1.419999957084655762e+00 9.316962228977069757e-03 8.319136582690822221e-03
1.429999947547912598e+00 9.700996343097860811e-03 9.284283704999212600e-03
1.439999938011169434e+00 1.002755488899051764e-02 1.017370575804595924e-02
1.449999928474426270e+00 1.029856793172195285e-02 1.098808692706923669e-02
1.459999918937683105e+00 1.051606880268660983e-02 1.172832382238816681e-02
1.469999909400939941e+00 1.068218098911904827e-02 1.239551270161038873e-02
1.480000019073486328e+00 1.079910649066749377e-02 1.299094330793996131e-02
1.490000009536743164e+00 1.086910846732342707e-02 1.351605848262464084e-02
1.500000000000000000e+00 1.089450760384546267e-02 1.397248389455573066e-02
1.509999990463256836e+00 1.087766445337665783e-02 1.436198604137015403e-02
1.519999980926513672e+00 1.082097004651030869e-02 1.468646710159384958e-02
1.529999971389770508e+00 1.072683528718328810e-02 1.494795239879605740e-02
1.539999961853027344e+00 1.059768083276636796e-02 1.514857803466452754e-02
1.549999952316284180e+00 1.043592747070665704e-02 1.529057872304434053e-02
1.559999942779541016e+00 1.024398700170858073e-02 1.537627585510656023e-02
1.569999933242797852e+00 1.002425363713850028e-02 1.540806582390254718e-02
1.579999923706054688e+00 9.779095916109245556e-03 1.538840863462285352e-02
1.589999914169311523e+00 9.510849145551244707e-03 1.531981682492556708e-02
1.599999904632568359e+00 9.221808364510041683e-03 1.520484471773261674e-02
1.610000014305114746e+00 8.914218063447850934e-03 1.504607588358150214e-02
1.620000004768371582e+00 8.590281084772895259e-03 1.484612121565960334e-02
1.629999995231628418e+00 8.252131108291097666e-03 1.460759789212645945e-02
1.639999985694885254e+00 7.901842163406927813e-03 1.433312722815333409e-02
1.649999976158142090e+00 7.541420606578625070e-03 1.402532422165357444e-02
1.659999966621398926e+00 7.172801152798970008e-03 1.368678916168550655e-02
1.669999957084655762e+00 6.797843389918930071e-03 1.332009967168281024e-02
1.679999947547912598e+00 6.418328763945611685e-03 1.292780319463768778e-02
1.689999938011169434e+00 6.035958022267435413e-03 1.251240992560067634e-02
1.699999928474426270e+00 5.652349100685930168e-03 1.207638619514963055e-02
1.709999918937683105e+00 5.269035439164765355e-03 1.162214830582377484e-02
1.719999909400939941e+00 4.887464710341214019e-03 1.115205682191986424e-02
1.730000019073486328e+00 4.508993456053004591e-03 1.066840547415695735e-02
1.740000009536743164e+00 4.134904602113286323e-03 1.017343957881499880e-02
1.750000000000000000e+00 3.766380229400840933e-03 9.669317041919402167e-03
1.759999990463256836e+00 3.404519882254029330e-03 9.158127368785481601e-03
1.769999980926513672e+00 3.050336565468541629e-03 8.641882485906469610e-03
1.779999971389770508e+00 2.704757578563232821e-03 8.122513677907092916e-03
1.789999961853027344e+00 2.368625635259348234e-03 7.601868941425189881e-03
1.799999952316284180e+00 2.042700248807700295e-03 7.081710745975267410e-03
1.809999942779541016e+00 1.727659363770308243e-03 6.563714190889590600e-03
1.819999933242797852e+00 1.424101214911953133e-03 6.049465546551043536e-03
1.829999923706054688e+00 1.132546393979174055e-03 5.540461167328687361e-03
1.839999914169311523e+00 8.534401053355679737e-04 5.038106762901135155e-03
1.849999904632568359e+00 5.871545916783363133e-04 4.543717014003577012e-03
1.860000014305114746e+00 3.339887726523585584e-04 4.058509793361813819e-03
1.870000004768371582e+00 9.418287099033697000e-05 3.583629454406764454e-03
1.879999995231628418e+00 -1.320968725248166699e-04 3.120112666561810060e-03
1.889999985694885254e+00 -3.447430416376763822e-04 2.668912520948421400e-03
1.899999976158142090e+00 -5.437071338432428484e-04 2.230893800184438527e-03
1.909999966621398926e+00 -7.289964870212618450e-04 1.806834340539555106e-03
1.919999957084655762e+00 -9.006711556961132523e-04 1.397426628837053616e-03
1.929999947547912598e+00 -1.058840751829377962e-03 1.003279617574940556e-03
1.939999938011169434e+00 -1.203661264405506571e-03 6.249207417213191841e-04
1.949999928474426270e+00 -1.335331871402123784e-03 2.627981206804100691e-04
1.959999918937683105e+00 -1.454091757048848977e-03 -8.271707097612432510e-05
1.969999909400939941e+00 -1.560216946576075238e-03 -4.113280802653605773e-04
1.979999899864196777e+00 -1.654017169941450049e-03 -7.228099160856072585e-04
1.990000009536743164e+00 -1.735833670620519830e-03 -1.017009972492283459e-03
2.000000000000000000e+00 -1.806032401390954062e-03 -1.293831321143361097e-03
2.009999990463256836e+00 -1.865006881985204921e-03 -1.553250779923266321e-03
2.019999980926513672e+00 -1.913171239890680640e-03 -1.795301625936870709e-03
2.029999971389770508e+00 -1.950958411979609314e-03 -2.020074094228812862e-03
2.039999961853027344e+00 -1.978817382789665753e-03 -2.227712219179628621e-03
2.049999952316284180e+00 -1.997210511947060396e-03 -2.418410642384694227e-03
2.059999942779541016e+00 -2.006610956482737015e-03 -2.592411399945309704e-03
2.069999933242797852e+00 -2.007500193112078148e-03 -2.750000701571378089e-03
2.079999923706054688e+00 -2.000365644883929719e-03 -2.891505713344164064e-03
2.089999914169311523e+00 -1.985698415957442686e-03 -3.017291355418589161e-03
2.099999904632568359e+00 -1.963991137636975602e-03 -3.127757125360514177e-03
2.109999895095825195e+00 -1.935735928187269075e-03 -3.223333957217979460e-03
2.119999885559082031e+00 -1.901422468364874496e-03 -3.304481125819463960e-03
2.129999876022338867e+00 -1.861536194038298673e-03 -3.371683205179408505e-03
2.139999866485595703e+00 -1.816556606729595371e-03 -3.425447089274073677e-03
2.149999856948852539e+00 -1.766955702395059825e-03 -3.466299082831897967e-03
2.159999847412109375e+00 -1.713196518273004103e-03 -3.494782069164099891e-03
2.169999837875366211e+00 -1.655731797162713357e-03 -3.511452761445660407e-03
2.180000066757202148e+00 -1.595001284685449664e-03 -3.516879043139618279e-03
2.190000057220458984e+00 -1.531436495695155230e-03 -3.511637155984214005e-03
2.200000047683715820e+00 -1.465451020080884865e-03 -3.496309989574107081e-03
2.210000038146972656e+00 -1.397445367953266361e-03 -3.471483948798814289e-03
2.220000028610229492e+00 -1.327804786470084073e-03 -3.437746958586144694e-03
2.230000019073486328e+00 -1.256898592749174180e-03 -3.395686316909697026e-03
2.240000009536743164e+00 -1.185079609028710833e-03 -3.345886659546138796e-03
2.250000000000000000e+00 -1.112683696697536412e-03 -3.288928038405361780e-03
2.259999990463256836e+00 -1.040029385596536946e-03 -3.225384114749835478e-03
2.269999980926513672e+00 -9.674175947966587958e-04 -3.155820468131939182e-03
2.279999971389770508e+00 -8.951314408891376632e-04 -3.080793021410433829e-03
2.289999961853027344e+00 -8.234361296787632602e-04 -3.000846581760729156e-03
2.299999952316284180e+00 -7.525789270505006592e-04 -2.916513497168597008e-03
2.309999942779541016e+00 -6.827892046831415818e-04 -2.828312427494280353e-03
2.319999933242797852e+00 -6.142785562100045978e-04 -2.736747228814046581e-03
2.329999923706054688e+00 -5.472409793752268034e-04 -2.642305949389376751e-03
2.339999914169311523e+00 -4.818531197039550504e-04 -2.545459935280547804e-03
2.349999904632568359e+00 -4.182745711952065852e-04 -2.446663043311606001e-03
2.359999895095825195e+00 -3.566482295557511892e-04 -2.346350958807477075e-03
2.369999885559082031e+00 -2.971006935217369578e-04 -2.244940615261452419e-03
2.379999876022338867e+00 -2.397427098603848925e-04 -2.142829712852287790e-03
2.389999866485595703e+00 -1.846696577062193921e-04 -2.040396332514399138e-03
2.399999856948852539e+00 -1.319620679635894898e-04 -1.937998642072072397e-03
2.409999847412109375e+00 -8.168617359884160429e-05 -1.835974690778553698e-03
2.419999837875366211e+00 -3.389448675008305419e-05 -1.734642288453264528e-03
2.429999828338623047e+00 1.137360130099711691e-05 -1.634298965284412255e-03
2.440000057220458984e+00 5.409218904425110196e-05 -1.535219663258727664e-03
2.450000047683715820e+00 9.424421745462132716e-05 -1.437666264331556197e-03
2.460000038146972656e+00 1.318269351754377476e-04 -1.341873585408261084e-03
2.470000028610229492e+00 1.668471086893846106e-04 -1.248059106079738023e-03
2.480000019073486328e+00 1.993214115542763334e-04 -1.156420891464286522e-03
2.490000009536743164e+00 2.292757625845845122e-04 -1.067137948953791535e-03
2.500000000000000000e+00 2.567446648340265835e-04 -9.803706362670916875e-04
2.509999990463256836e+00 2.817705481087231568e-04 -8.962611165759542696e-04
2.519999980926513672e+00 3.044031175668221283e-04 -8.149338565079088667e-04
2.529999971389770508e+00 3.246987107854030293e-04 -7.364961628834392707e-04
2.539999961853027344e+00 3.427196655003678224e-04 -6.610387541114281108e-04
2.549999952316284180e+00 3.585337000502156223e-04 -5.886363622454802687e-04
2.559999942779541016e+00 3.722133083812628903e-04 -5.193483617941204757e-04
2.569999933242797852e+00 3.838351713005483585e-04 -4.532194214784773757e-04
2.579999923706054688e+00 3.934795854941343135e-04 -3.902801752415524538e-04
2.589999914169311523e+00 4.012299116632938104e-04 -3.305479089321272006e-04
2.599999904632568359e+00 4.071720429699105860e-04 -2.740272592132758276e-04
2.609999895095825195e+00 4.113938948256235070e-04 -2.207109213791322712e-04
2.619999885559082031e+00 4.139849169074602759e-04 -1.705803629033169179e-04
2.629999876022338867e+00 4.150356281361251582e-04 -1.236065396873776414e-04
2.639999866485595703e+00 4.146371752123169667e-04 -7.975061212684514346e-05
2.649999856948852539e+00 4.128809151714708499e-04 -3.896465826524317166e-05
2.659999847412109375e+00 4.098580222886103884e-04 -1.192381462027668646e-06
2.669999837875366211e+00 4.056591195426082885e-04 3.363018984214995671e-05
2.679999828338623047e+00 4.003739347332612082e-04 6.557401252059674810e-05
2.690000057220458984e+00 3.940908202380466897e-04 9.471701347405075424e-05
2.700000047683715820e+00 3.868970815827617381e-04 1.211407144577902883e-04
2.710000038146972656e+00 3.788778051153174169e-04 1.449337507790698844e-04
2.720000028610229492e+00 3.701161894302258779e-04 1.661883979269031546e-04
2.730000019073486328e+00 3.606931843064098528e-04 1.850006889583080173e-04
2.740000009536743164e+00 3.506872910476823454e-04 2.014698243834310315e-04
2.750000000000000000e+00 3.401743854407903410e-04 2.156976035988786614e-04
2.759999990463256836e+00 3.292275627345950034e-04 2.277878788866407580e-04
2.769999980926513672e+00 3.179170039865539515e-04 2.378460328527803641e-04
2.779999971389770508e+00 3.063098630711695428e-04 2.459784800409230772e-04
2.789999961853027344e+00 2.944701735993880297e-04 2.522921933208107921e-04
2.799999952316284180e+00 2.824587749579513516e-04 2.568942555222265031e-04
2.809999942779541016e+00 2.703332566430616084e-04 2.598914366595747052e-04
2.819999933242797852e+00 2.581479200334175811e-04 2.613897969726459731e-04
2.829999923706054688e+00 2.459537567234379614e-04 2.614943158947997124e-04
2.839999914169311523e+00 2.337984425180032657e-04 2.603085469510472809e-04
2.849999904632568359e+00 2.217263461754106276e-04 2.579342984856547319e-04
2.859999895095825195e+00 2.097785519748787100e-04 2.544713400217367156e-04
2.869999885559082031e+00 1.979928951789785760e-04 2.500171339642475745e-04
2.879999876022338867e+00 1.864040094594357976e-04 2.446665922726505116e-04
2.889999866485595703e+00 1.750433853566497997e-04 2.385118576504562224e-04
2.899999856948852539e+00 1.639394388489471080e-04 2.316421087258284731e-04
2.909999847412109375e+00 1.531175891166591330e-04 2.241433886304223838e-04
2.919999837875366211e+00 1.426003445985025617e-04 2.160984563225843639e-04
2.929999828338623047e+00 1.324073964532473686e-04 2.075866599459402632e-04
2.939999818801879883e+00 1.225557185580359297e-04 1.986838314650990641e-04
2.950000047683715820e+00 1.130594511309068718e-04 1.894619786673914651e-04
2.960000038146972656e+00 1.039309084269615191e-04 1.799901071680283472e-04
2.970000028610229492e+00 9.517933451528667768e-05 1.703328523005077119e-04
2.980000019073486328e+00 8.681193565798925804e-05 1.605513242994493974e-04
2.990000009536743164e+00 7.883377008952830128e-05 1.507028802758100165e-04
3.000000000000000000e+00 7.124787033991175752e-05 1.408411285359329303e-04
3.009999990463256836e+00 6.405536673169450065e-05 1.310159479530304493e-04
3.019999980926513672e+00 5.725561141021645503e-05 1.212735214323917604e-04
3.029999971389770508e+00 5.084630230209348766e-05 1.116563825081893374e-04
3.039999961853027344e+00 4.482360643360478375e-05 1.022034741106053865e-04
3.049999952316284180e+00 3.918228207777439242e-05 9.295021854659214213e-05
3.059999942779541016e+00 3.391579923677414402e-05 8.392859774604043632e-05
3.069999933242797852e+00 2.901645800426215887e-05 7.516724283692163963e-05
3.079999923706054688e+00 2.447550439047055449e-05 6.669153212807158923e-05
3.089999914169311523e+00 2.028324323090115788e-05 5.852369659633600867e-05
3.099999904632568359e+00 1.642914783726571228e-05 5.068293199560388858e-05
3.109999895095825195e+00 1.290196608665788572e-05 4.318551672862289684e-05
3.119999885559082031e+00 9.689822681607661826e-06 3.604493464805991123e-05
3.129999876022338867e+00 6.780317349559132643e-06 2.927200198097079065e-05
3.139999866485595703e+00 4.160618785256157463e-06 2.287499760031062236e-05
3.149999856948852539e+00 1.817554173306410003e-06 1.685979589819742397e-05
3.159999847412109375e+00 -2.623058391884937537e-07 1.123000154807893347e-05
3.169999837875366211e+00 -2.092566818841765462e-06 5.987085476588211938e-06
3.179999828338623047e+00 -3.686934940210282620e-06 1.130521400382957926e-06
3.189999818801879883e+00 -5.059146138955968851e-06 -3.342077681365651820e-06
3.199999809265136719e+00 -6.222900038384528066e-06 -7.434823612390593202e-06
3.210000038146972656e+00 -7.191819523585592943e-06 -1.115350261202142461e-05
3.220000028610229492e+00 -7.979306455097990070e-06 -1.450509654972509442e-05
3.230000019073486328e+00 -8.598627882167636565e-06 -1.749818369288062305e-05
3.240000009536743164e+00 -9.062772065970480867e-06 -2.014244693598401528e-05
3.250000000000000000e+00 -9.384431050245036542e-06 -2.244864143986731575e-05
3.259999990463256836e+00 -9.575962262342819638e-06 -2.442847247537586767e-05
3.269999980926513672e+00 -9.649354391756351861e-06 -2.609447688569680287e-05
3.279999971389770508e+00 -9.616197411414840706e-06 -2.745990845444961848e-05
3.289999961853027344e+00 -9.487656596174362067e-06 -2.853862743301518784e-05
3.299999952316284180e+00 -9.274450383813607335e-06 -2.934499444791818977e-05
3.309999942779541016e+00 -8.986831916164559258e-06 -2.989376897727685398e-05
3.319999933242797852e+00 -8.634574091864418745e-06 -3.020001255472134016e-05
3.329999923706054688e+00 -8.226957957402759956e-06 -3.027899682956233199e-05
3.339999914169311523e+00 -7.772764259644317195e-06 -3.014611658361220556e-05
3.349999904632568359e+00 -7.280267980708240550e-06 -2.981680777796070505e-05
3.359999895095825195e+00 -6.757235674871427384e-06 -2.930647067705418972e-05
3.369999885559082031e+00 -6.210925426966289066e-06 -2.863039807295236671e-05
3.379999876022338867e+00 -5.648089252474565191e-06 -2.780370860934689437e-05
3.389999866485595703e+00 -5.074977761021530535e-06 -2.684128518311960118e-05
3.399999856948852539e+00 -4.497346907248517056e-06 -2.575771838069385389e-05
3.409999847412109375e+00 -3.920466655896828157e-06 -2.456725488733823272e-05
3.419999837875366211e+00 -3.349131391427242032e-06 -2.328375078985504064e-05
3.429999828338623047e+00 -2.787671906349872417e-06 -2.192062967671029589e-05
3.439999818801879883e+00 -2.239968806797155700e-06 -2.049084542466966848e-05
3.449999809265136719e+00 -1.709467178520190092e-06 -1.900684954736081160e-05
3.460000038146972656e+00 -1.199180458211637682e-06 -1.748052616657141861e-05
3.470000028610229492e+00 -7.117553553284999709e-07 -1.592331466543528241e-05
3.480000019073486328e+00 -2.494163198090399269e-07 -1.434597111416356501e-05
3.490000009536743164e+00 1.859669918477534090e-07 -1.275869726800774883e-05
3.500000000000000000e+00 5.928733398250351078e-07 -1.117109253796092331e-05
3.509999990463256836e+00 9.701106767267722813e-07 -9.592145492794352038e-06
3.519999980926513672e+00 1.316796613028143233e-06 -8.030228775933018318e-06
3.529999971389770508e+00 1.632338685442681506e-06 -6.493097248426612277e-06
3.539999961853027344e+00 1.916414535697448920e-06 -4.987889166270549957e-06
3.549999952316284180e+00 2.168952101284074205e-06 -3.521130198482667016e-06
3.559999942779541016e+00 2.390109913999105915e-06 -2.098740091301593040e-06
3.569999933242797852e+00 2.580257596202444699e-06 -7.260417837899745490e-07
3.579999923706054688e+00 2.739956638834611274e-06 5.922272190872373792e-07
3.589999914169311523e+00 2.869941539435136342e-06 1.851901408344405110e-06
3.599999904632568359e+00 2.971101372412246829e-06 3.049371957855302741e-06
3.609999895095825195e+00 3.044461858020772374e-06 4.181569723350872687e-06
3.619999885559082031e+00 3.091167990548360527e-06 5.245946736928615090e-06
3.629999876022338867e+00 3.112467280312774702e-06 6.240456376239416351e-06
3.639999866485595703e+00 3.109693658240375804e-06 7.163532382716993956e-06
3.649999856948852539e+00 3.084252085835824577e-06 8.014066897876694924e-06
3.659999847412109375e+00 3.037603907588400146e-06 8.791387680978952828e-06
3.669999837875366211e+00 2.971252977010455596e-06 9.495234665189789609e-06
3.679999828338623047e+00 2.886732581764008638e-06 1.012573600282180093e-05
3.689999818801879883e+00 2.785593187712208190e-06 1.068338374349462157e-05
3.699999809265136719e+00 2.669391016103347161e-06 1.116900928188652778e-05
3.709999799728393555e+00 2.539677462711070811e-06 1.158375870452428806e-05
3.720000028610229492e+00 2.397985853677079161e-06 1.192907557562318149e-05
3.730000019073486328e+00 2.245836357495507728e-06 1.220664517532097066e-05
3.740000009536743164e+00 2.084707607949741501e-06 1.241841958048730129e-05
3.750000000000000000e+00 1.916042745675637844e-06 1.256655920752124293e-05
3.759999990463256836e+00 1.741239759440701997e-06 1.265341838545629574e-05
3.769999980926513672e+00 1.561645859737331194e-06 1.268152239071985323e-05
3.779999971389770508e+00 1.378552619712790498e-06 1.265354507388248422e-05
3.789999961853027344e+00 1.193191856384584896e-06 1.257228714688770795e-05
3.799999952316284180e+00 1.006732221960670384e-06 1.244065519186754802e-05
3.809999942779541016e+00 8.202764722953656802e-07 1.226164144543557562e-05
3.819999933242797852e+00 6.348593771305029734e-07 1.203830440531292298e-05
3.829999923706054688e+00 4.514462347674620169e-07 1.177375029934090033e-05
3.839999914169311523e+00 2.709319522082159896e-07 1.147111545034390140e-05
3.849999904632568359e+00 9.414065060726220259e-08 1.113354956396979312e-05
3.859999895095825195e+00 -7.817424494483444922e-08 1.076419996059963163e-05
3.869999885559082031e+00 -2.453294726890435985e-07 1.036619676662038586e-05
3.879999876022338867e+00 -4.067109999575139868e-07 9.942639074903276327e-06
3.889999866485595703e+00 -5.617727285378548338e-07 9.496582079145373463e-06
3.899999856948852539e+00 -7.100348800986770948e-07 9.031025181882656810e-06
3.909999847412109375e+00 -8.510821011583224947e-07 8.548901071452187455e-06
3.919999837875366211e+00 -9.845613257994598301e-07 8.053065758959039195e-06
3.929999828338623047e+00 -1.110179432817408933e-06 7.546289562417227364e-06
3.939999818801879883e+00 -1.227700732218733788e-06 7.031249021652979779e-06
3.949999809265136719e+00 -1.336944314035580345e-06 6.510519724316484271e-06
3.959999799728393555e+00 -1.437781290312011278e-06 5.986570020391566898e-06
3.970000028610229492e+00 -1.530134059165530525e-06 5.461743095112373208e-06
3.980000019073486328e+00 -1.613964812284824536e-06 4.938302460243135552e-06
3.990000009536743164e+00 -1.689285830760686748e-06 4.418353018032512040e-06
4.000000000000000000e+00 -1.756147551181459891e-06 3.903888149047281493e-06
4.009999752044677734e+00 -1.814636663148049786e-06 3.396786925307668340e-06
4.019999980926513672e+00 -1.864879706858560853e-06 2.898752609333274458e-06
4.029999732971191406e+00 -1.907026370296892524e-06 2.411443136739146883e-06
4.039999961853027344e+00 -1.941264214332488325e-06 1.936293584328476849e-06
4.049999713897705078e+00 -1.967799840378166204e-06 1.474702089922920638e-06
4.059999942779541016e+00 -1.986869359059807204e-06 1.027849816090758101e-06
4.069999694824218750e+00 -1.998725659140783262e-06 5.968782040433717712e-07
4.079999923706054688e+00 -2.003643269083781630e-06 1.827206886803171882e-07
4.089999675750732422e+00 -2.001911394948587418e-06 -2.137307334550071543e-07
4.099999904632568359e+00 -1.993833575680832171e-06 -5.917805069041483838e-07
4.110000133514404297e+00 -1.979725274979848841e-06 -9.507919287071869722e-07
4.119999885559082031e+00 -1.959912832578632381e-06 -1.290244428715595629e-06
4.130000114440917969e+00 -1.934727337988546572e-06 -1.609774232569014228e-06
4.139999866485595703e+00 -1.904509974881933785e-06 -1.909059335916208903e-06
4.150000095367431641e+00 -1.869600680198789306e-06 -2.187936998078929500e-06
4.159999847412109375e+00 -1.830347879539789967e-06 -2.446285078513369368e-06
4.170000076293945312e+00 -1.787093623694375650e-06 -2.684123687061798158e-06
4.179999828338623047e+00 -1.740186952964128451e-06 -2.901511778123188485e-06
4.190000057220458984e+00 -1.689966030687901221e-06 -3.098632928413872031e-06
4.199999809265136719e+00 -1.636774606083322357e-06 -3.275707320155899075e-06
4.210000038146972656e+00 -1.580941664968572562e-06 -3.433061878191189942e-06
4.219999790191650391e+00 -1.522800466373440363e-06 -3.571057508843360652e-06
4.230000019073486328e+00 -1.462666223126800162e-06 -3.690144058275180237e-06
4.239999771118164062e+00 -1.400857201814457195e-06 -3.790802439056071295e-06
4.250000000000000000e+00 -1.337670930742731135e-06 -3.873585070139721376e-06
4.259999752044677734e+00 -1.273406874198037264e-06 -3.939072319287021530e-06
4.269999980926513672e+00 -1.208341643054271211e-06 -3.987899251855412966e-06
4.279999732971191406e+00 -1.142752781226494508e-06 -4.020725644221144798e-06
4.289999961853027344e+00 -1.076893425553196358e-06 -4.038250004174718605e-06
4.299999713897705078e+00 -1.011016773469053921e-06 -4.041192267932895363e-06
4.309999942779541016e+00 -9.453506045711142398e-07 -4.030296160282536969e-06
4.319999694824218750e+00 -8.801220326826228280e-07 -4.006323574764416998e-06
4.329999923706054688e+00 -8.155322626552246631e-07 -3.970046418193744950e-06
4.339999675750732422e+00 -7.517812661150447155e-07 -3.922251588859343568e-06
4.349999904632568359e+00 -6.890431046925479728e-07 -3.863723499417963926e-06
4.360000133514404297e+00 -6.274873014758108245e-07 -3.795255020670030377e-06
4.369999885559082031e+00 -5.672695395730620384e-07 -3.717639347058087716e-06
4.380000114440917969e+00 -5.085234436072164255e-07 -3.631653528854941566e-06
4.389999866485595703e+00 -4.513807143304066468e-07 -3.538082335766063832e-06
4.400000095367431641e+00 -3.959490218519007836e-07 -3.437682803824736194e-06
4.409999847412109375e+00 -3.423341124775914898e-07 -3.331217139785127113e-06
4.420000076293945312e+00 -2.906190727738986532e-07 -3.219412173993021665e-06
4.429999828338623047e+00 -2.408851974078166941e-07 -3.102997598500564868e-06
4.440000057220458984e+00 -1.931927551108862870e-07 -2.982661466875075269e-06
4.449999809265136719e+00 -1.476004582361217816e-07 -2.859092636143217860e-06
4.460000038146972656e+00 -1.041478224524042048e-07 -2.732933396505533124e-06
4.469999790191650391e+00 -6.287311202776529586e-08 -2.604825037735174738e-06
4.480000019073486328e+00 -2.379734991559087089e-08 -2.475358622531223578e-06
4.489999771118164062e+00 1.305935570159071686e-08 -2.345122660691549289e-06
4.500000000000000000e+00 4.769212477160506133e-08 -2.214652961851556622e-06
4.509999752044677734e+00 8.009666245494404025e-08 -2.084481473326417842e-06
4.519999980926513672e+00 1.102818953028123041e-07 -1.955086063537022784e-06
4.529999732971191406e+00 1.382570493509541365e-07 -1.826939659665403679e-06
4.539999961853027344e+00 1.640426290667547587e-07 -1.700460724292403715e-06
4.549999713897705078e+00 1.876592285151513364e-07 -1.576061914850656502e-06
4.559999942779541016e+00 2.091368888943035458e-07 -1.454101924816766311e-06
4.569999694824218750e+00 2.285056317863136614e-07 -1.334932976393454532e-06
4.579999923706054688e+00 2.458032427716522016e-07 -1.218854605738525553e-06
4.589999675750732422e+00 2.610674950501045532e-07 -1.106159391552461637e-06
4.599999904632568359e+00 2.743424147754345513e-07 -9.970891727879931139e-07
4.610000133514404297e+00 2.856726396284503584e-07 -8.918735853463779106e-07
4.619999885559082031e+00 2.951057537225241329e-07 -7.907137209450732115e-07
4.630000114440917969e+00 3.026929908249611342e-07 -6.937691617307650476e-07
4.639999866485595703e+00 3.084861106063190503e-07 -6.011919919994641707e-07
4.650000095367431641e+00 3.125401431474671729e-07 -5.130906585429296981e-07
4.659999847412109375e+00 3.149110353124745318e-07 -4.295661242606630834e-07
4.670000076293945312e+00 3.156571047389556052e-07 -3.506791931802570269e-07
4.679999828338623047e+00 3.148380403438500234e-07 -2.764833117949401478e-07
4.690000057220458984e+00 3.125151369936572951e-07 -2.069954773709872670e-07
4.699999809265136719e+00 3.087515458238675505e-07 -1.422255582151312053e-07
4.710000038146972656e+00 3.036113641032649910e-07 -8.215083507217206686e-08
4.719999790191650391e+00 2.971610247327387725e-07 -2.674178189111177604e-08
4.730000019073486328e+00 2.894673201599162503e-07 2.405977275781722528e-08
4.739999771118164062e+00 2.805998159028879693e-07 7.031839885452247467e-08
4.750000000000000000e+00 2.706278928716387896e-07 1.121233532450009854e-07
4.759999752044677734e+00 2.596240668296191911e-07 1.495698038723498442e-07
4.769999980926513672e+00 2.476601400693277546e-07 1.827736879102112510e-07
4.779999732971191406e+00 2.348113072010593365e-07 2.118562937808331059e-07
4.789999961853027344e+00 2.211515145149956923e-07 2.369558530287850553e-07
4.799999713897705078e+00 2.067582321781339922e-07 2.582153234497942614e-07
4.809999942779541016e+00 1.917071273826813806e-07 2.757909159695667919e-07
4.819999694824218750e+00 1.760773837662637321e-07 2.898428857533096415e-07
4.829999923706054688e+00 1.599458020075588606e-07 3.005412261664439497e-07
4.839999675750732422e+00 1.433925489405030533e-07 3.080592451233334842e-07
4.849999904632568359e+00 1.264948060137279753e-07 3.125766825892342262e-07
4.859999656677246094e+00 1.093328329861671646e-07 3.142758263790629458e-07
4.869999885559082031e+00 9.198329002390146022e-08 3.133423277525874461e-07
4.880000114440917969e+00 7.452467012100135112e-08 3.099633776984969571e-07
4.889999866485595703e+00 5.703459323099004723e-08 3.043275892827796880e-07
4.900000095367431641e+00 3.958699860163991395e-08 2.966228158985126576e-07
4.909999847412109375e+00 2.225768973499612099e-08 2.870374616439166263e-07
4.920000076293945312e+00 5.117407045602735473e-09 2.757568076610306930e-07
4.929999828338623047e+00 -1.176186363912532954e-08 2.629658907203472570e-07
4.940000057220458984e+00 -2.831369444457873172e-08 2.488445455085256198e-07
4.949999809265136719e+00 -4.447106326968247758e-08 2.335715907166523589e-07
4.960000038146972656e+00 -6.017291277305883752e-08 2.173188721250381046e-07
4.969999790191650391e+00 -7.535824510173270111e-08 2.002564850938437091e-07
4.980000019073486328e+00 -8.997232487650689195e-08 1.825460920435308116e-07
4.989999771118164062e+00 -1.039611049543022655e-07 1.643469204077256720e-07
5.000000000000000000e+00 -1.172769730168912728e-07 1.458086130117650540e-07
5.009999752044677734e+00 -1.298735853186670484e-07 1.270777540647852115e-07
5.019999980926513672e+00 -1.417110697628356254e-07 1.082904925452199908e-07
5.029999732971191406e+00 -1.527513366990239092e-07 8.957936514716319805e-08
5.039999961853027344e+00 -1.629626661208614182e-07 7.106591176243419887e-08
5.049999713897705078e+00 -1.723155559864351082e-07 5.286758296162250888e-08
5.059999942779541016e+00 -1.807866368455408649e-07 3.509054360122965340e-08
5.069999694824218750e+00 -1.883551088444456482e-07 1.783647296059430041e-08
5.079999923706054688e+00 -1.950059430602072584e-07 1.195728051377827678e-09
5.089999675750732422e+00 -2.007269484227367977e-07 -1.474613355350871707e-08
5.099999904632568359e+00 -2.055112347163110621e-07 -2.991468437464637045e-08
5.109999656677246094e+00 -2.093549401542328197e-07 -4.424052858547491774e-08
5.119999885559082031e+00 -2.122589459188867595e-07 -5.766500578765703496e-08
5.130000114440917969e+00 -2.142273558721858227e-07 -7.013521175622835191e-08
5.139999866485595703e+00 -2.152681078724372223e-07 -8.160612406638379465e-08
5.150000095367431641e+00 -2.153927719032022347e-07 -9.204188356800703010e-08
5.159999847412109375e+00 -2.146161523340433673e-07 -1.014119086302544443e-07
5.170000076293945312e+00 -2.129561732017310444e-07 -1.096946664925975261e-07
5.179999828338623047e+00 -2.104340005445344698e-07 -1.168738803592115120e-07
5.190000057220458984e+00 -2.070732415476265119e-07 -1.229414436571455324e-07
5.199999809265136719e+00 -2.029007285454261844e-07 -1.278944251719771493e-07
5.210000038146972656e+00 -1.979450711052603702e-07 -1.317371107180650464e-07
5.219999790191650391e+00 -1.922380718772493356e-07 -1.344788282358114653e-07
5.230000019073486328e+00 -1.858126772208072657e-07 -1.361351207877112128e-07
5.239999771118164062e+00 -1.787049851921891913e-07 -1.367263936543738202e-07
5.250000000000000000e+00 -1.709516455491549818e-07 -1.362782401432900175e-07
5.259999752044677734e+00 -1.625924111217416497e-07 -1.348208943758686992e-07
5.269999980926513672e+00 -1.536670422109752233e-07 -1.323887470574916108e-07
5.279999732971191406e+00 -1.442183446051292630e-07 -1.290205710699199823e-07
5.289999961853027344e+00 -1.342886367658023242e-07 -1.247582780564358337e-07
5.299999713897705078e+00 -1.239232109565955057e-07 -1.196478692594917347e-07
5.309999942779541016e+00 -1.131664244738875628e-07 -1.137374955842168385e-07
5.319999694824218750e+00 -1.020655148723193353e-07 -1.070790734656565768e-07
5.329999923706054688e+00 -9.066637900454872351e-08 -9.972572098019461889e-08
5.339999675750732422e+00 -7.901766925140762765e-08 -9.173396799076065308e-08
5.349999904632568359e+00 -6.716632645939107055e-08 -8.316064896886547425e-08
5.359999656677246094e+00 -5.516188140653483252e-08 -7.406562823469982987e-08
5.369999885559082031e+00 -4.305180991304758096e-08 -6.450823648785400607e-08
5.380000114440917969e+00 -3.088538184440463774e-08 -5.454994226183960590e-08
5.389999866485595703e+00 -1.871181214629989000e-08 -4.425284085326833519e-08
5.400000095367431641e+00 -6.578358130394749367e-09 -3.367780510921603738e-08
5.409999847412109375e+00 5.465777493087795232e-09 -2.288767069167636815e-08
5.420000076293945312e+00 1.737422505886697618e-08 -1.194293862654274694e-08
5.429999828338623047e+00 2.909903035149288262e-08 -9.056077755344479621e-10
5.440000057220458984e+00 4.059535862413014130e-08 1.016524898616312322e-08
5.449999809265136719e+00 5.181720868478984134e-08 2.120954181450188121e-08
5.460000038146972656e+00 6.272196892254654378e-08 3.217061927544744317e-08
5.469999790191650391e+00 7.326632966086371282e-08 4.299130404399761296e-08
5.480000019073486328e+00 8.341061869614048194e-08 5.361828766909569668e-08
5.489999771118164062e+00 9.311497327341396852e-08 6.399823013824769064e-08
5.500000000000000000e+00 1.023433850280775662e-07 7.408200599607112684e-08
5.509999752044677734e+00 1.110601869125953914e-07 8.382094765927185489e-08
5.519999980926513672e+00 1.192337413686950795e-07 9.317086047987107381e-08
5.529999732971191406e+00 1.268332908465512251e-07 1.020884831651199004e-07
5.539999961853027344e+00 1.338322285838416623e-07 1.105351963483436493e-07
5.549999713897705078e+00 1.402053541639416296e-07 1.184737659414111719e-07
5.559999942779541016e+00 1.459316734975277155e-07 1.258716780249768844e-07
5.569999694824218750e+00 1.509920932509948407e-07 1.326982225967544043e-07
5.579999923706054688e+00 1.553717054283769192e-07 1.389273969605954926e-07
5.589999675750732422e+00 1.590579466202053689e-07 1.445353783562872948e-07
5.599999904632568359e+00 1.620423327780306020e-07 1.495029483197588638e-07
5.609999656677246094e+00 1.643191011741137365e-07 1.538133932629818381e-07
5.619999885559082031e+00 1.658863723024679547e-07 1.574544133028402100e-07
5.629999637603759766e+00 1.667452843102364575e-07 1.604164801812383884e-07
5.639999866485595703e+00 1.669005710726222481e-07 1.626942055569259794e-07
5.650000095367431641e+00 1.663601485802607639e-07 1.642852354030703131e-07
5.659999847412109375e+00 1.651353216743348961e-07 1.651907669708184065e-07
5.670000076293945312e+00 1.632403725200189083e-07 1.654154602102671448e-07
5.679999828338623047e+00 1.606929403053566107e-07 1.649671288020776648e-07
5.690000057220458984e+00 1.575131735619211621e-07 1.638567243453506726e-07
5.699999809265136719e+00 1.537245497492334779e-07 1.620983867106819747e-07
5.710000038146972656e+00 1.493525023074324288e-07 1.597088913128607703e-07
5.719999790191650391e+00 1.444256792910340084e-07 1.567081708472598833e-07
5.730000019073486328e+00 1.389740870654429919e-07 1.531182510350462188e-07
5.739999771118164062e+00 1.330307563170418218e-07 1.489642225986020163e-07
5.750000000000000000e+00 1.266294532390014012e-07 1.442727001935759677e-07
5.759999752044677734e+00 1.198067151109796668e-07 1.390732158990409320e-07
5.769999980926513672e+00 1.125991870367635374e-07 1.333962442056272772e-07
5.779999732971191406e+00 1.050459838557731272e-07 1.272749815169001525e-07
5.789999961853027344e+00 9.718571582686287527e-08 1.207429868916224161e-07
5.799999713897705078e+00 8.905912898845379780e-08 1.138363061400733614e-07
5.809999942779541016e+00 8.070588658259266736e-08 1.065907834408556732e-07
5.819999694824218750e+00 7.216743620262618301e-08 9.904448363924120870e-08
5.829999923706054688e+00 6.348361524537629381e-08 9.123473381740910180e-08
5.839999675750732422e+00 5.469569036807089068e-08 8.320079343089179651e-08
5.849999904632568359e+00 4.584285496107084126e-08 7.498068740753769109e-08
5.859999656677246094e+00 3.696538462115836088e-08 6.661407081404217129e-08
5.869999885559082031e+00 2.810109276137185101e-08 5.813891615976793853e-08
5.879999637603759766e+00 1.928854505787971881e-08 4.959451741294140289e-08
5.889999866485595703e+00 1.056353606995736150e-08 4.101809394475577064e-08
5.900000095367431641e+00 1.961899287928224370e-09 3.244746996795856695e-08
5.909999847412109375e+00 -6.481903357373217859e-09 2.391969586975677047e-08
5.920000076293945312e+00 -1.473607300968586693e-08 1.546968325993244532e-08
5.929999828338623047e+00 -2.276877523267977989e-08 7.132904744320591472e-09
5.940000057220458984e+00 -3.055136582790696377e-08 -1.057949213402358725e-09
5.949999809265136719e+00 -3.805540498315798634e-08 -9.069915349782560491e-09
5.960000038146972656e+00 -4.525568029662140467e-08 -1.687298324057644122e-08
5.969999790191650391e+00 -5.212739962324183879e-08 -2.443714447347013114e-08
5.980000019073486328e+00 -5.864897217255169784e-08 -3.173545197087027004e-08
5.989999771118164062e+00 -6.479942286157331892e-08 -3.874122052815883122e-08
6.000000000000000000e+00 -7.056089820575165445e-08 -4.543087590549795532e-08
6.009999752044677734e+00 -7.591633959853796691e-08 -5.178134966726707306e-08
6.019999980926513672e+00 -8.085168644068573962e-08 -5.777267943429337720e-08
6.029999732971191406e+00 -8.535383979628539962e-08 -6.338563597756388299e-08
6.039999961853027344e+00 -8.941254071171287632e-08 -6.860404158269662246e-08
6.049999713897705078e+00 -9.301864931951359071e-08 -7.341266184807155338e-08
6.059999942779541016e+00 -9.616568157005093337e-08 -7.779921484213613341e-08
6.069999694824218750e+00 -9.884842220372606985e-08 -8.175255413044356456e-08
6.079999923706054688e+00 -1.010641082050371021e-07 -8.526434725853984314e-08
6.089999675750732422e+00 -1.028113873010239894e-07 -8.832757032374538636e-08
6.099999904632568359e+00 -1.040911413779161877e-07 -9.093784020350283405e-08
6.109999656677246094e+00 -1.049057954516853325e-07 -9.309223463808763989e-08
6.119999885559082031e+00 -1.052597791506841139e-07 -9.479026853609485156e-08
6.129999637603759766e+00 -1.051591845607032545e-07 -9.603304713909850203e-08
6.139999866485595703e+00 -1.046118687354113110e-07 -9.682388262872083546e-08
6.150000095367431641e+00 -1.036273954111802417e-07 -9.716778752253133817e-08
6.159999847412109375e+00 -1.022170723456673475e-07 -9.707170437810958726e-08
6.170000076293945312e+00 -1.003936091938426595e-07 -9.654434618035344995e-08
6.179999828338623047e+00 -9.817158532674301626e-08 -9.559622322892173768e-08
6.190000057220458984e+00 -9.556670004215134562e-08 -9.423938182669504432e-08
6.199999809265136719e+00 -9.259655326172800425e-08 -9.248769464076237466e-08
6.210000038146972656e+00 -8.927958593070460164e-08 -9.035627143435076181e-08
6.219999790191650391e+00 -8.563613242768472513e-08 -8.786204312489555734e-08
6.230000019073486328e+00 -8.168707634954784573e-08 -8.502286575451292119e-08
6.239999771118164062e+00 -7.745514529726332528e-08 -8.185837551063671196e-08
6.250000000000000000e+00 -7.296331199526501614e-08 -7.838881198661443857e-08
6.259999752044677734e+00 -6.823629910933616663e-08 -7.463611750591702492e-08
6.269999980926513672e+00 -6.329876008885058590e-08 -7.062251015566237391e-08
6.279999732971191406e+00 -5.817695937017763989e-08 -6.637179748212716837e-08
6.289999961853027344e+00 -5.289677126863661527e-08 -6.190773365863119245e-08
6.299999713897705078e+00 -4.748549932006392755e-08 -5.725551502077070459e-08
6.309999942779541016e+00 -4.196973482985501240e-08 -5.243995897971794355e-08
6.319999694824218750e+00 -3.637727817670537776e-08 -4.748714694259000359e-08
6.329999923706054688e+00 -3.073490108029380843e-08 -4.242246509738132021e-08
6.339999675750732422e+00 -2.507033242043474156e-08 -3.727235903047151707e-08
6.349999904632568359e+00 -1.940996975986888597e-08 -3.206227820051742349e-08
6.359999656677246094e+00 -1.378089258876383826e-08 -2.681850600807406181e-08
6.369999885559082031e+00 -8.208569032643699365e-09 -2.156605058703593800e-08
6.379999637603759766e+00 -2.718860374122012272e-09 -1.633051417674439258e-08
6.389999866485595703e+00 2.664231880154168796e-09 -1.113597274109672089e-08
6.399999618530273438e+00 7.916604853301457773e-09 -6.006849219109231566e-09
6.409999847412109375e+00 1.301622361567638851e-08 -9.658234307447899678e-10
6.420000076293945312e+00 1.794146642913726644e-08 3.964557019295017299e-09
6.429999828338623047e+00 2.267201839738206141e-08 8.762736497240405533e-09
6.440000057220458984e+00 2.718960625377002288e-08 1.340890953324983706e-08
6.449999809265136719e+00 3.147652994828659406e-08 1.788352556006116323e-08
6.460000038146972656e+00 3.551745608664758551e-08 2.216913691988320226e-08
6.469999790191650391e+00 3.929784844845921505e-08 2.624876724436890354e-08
6.480000019073486328e+00 4.280555665341559889e-08 3.010760498145174249e-08
6.489999771118164062e+00 4.602941485719588783e-08 3.373150362066869032e-08
6.500000000000000000e+00 4.896060302046550713e-08 3.710849424980474241e-08
6.509999752044677734e+00 5.159143232413012806e-08 4.022743982528994681e-08
6.519999980926513672e+00 5.391646264201306885e-08 4.307934523408319199e-08
6.529999732971191406e+00 5.593148926714156554e-08 4.565618417448029142e-08
6.539999961853027344e+00 5.763440652837478052e-08 4.795199043960836086e-08
6.549999713897705078e+00 5.902440630490448138e-08 4.996187212114392254e-08
6.559999942779541016e+00 6.010258395469388054e-08 5.168287318837353932e-08
6.569999694824218750e+00 6.087135488561642622e-08 5.311318572683188139e-08
6.579999923706054688e+00 6.133480486599854768e-08 5.425277619623997537e-08
6.589999675750732422e+00 6.149832669385833195e-08 5.510280234245313448e-08
6.599999904632568359e+00 6.136872236238299153e-08 5.566600363652374780e-08
6.609999656677246094e+00 6.095405769751920388e-08 5.594632541988261414e-08
6.619999885559082031e+00 6.026352861471965398e-08 5.594907782551723339e-08
6.629999637603759766e+00 5.930752756476308434e-08 5.568076571516410712e-08
6.639999866485595703e+00 5.809729014269510817e-08 5.514902475093811230e-08
6.649999618530273438e+00 5.664516337082249873e-08 5.436265182906967443e-08
6.659999847412109375e+00 5.496405216652962722e-08 5.333133083722271974e-08
6.670000076293945312e+00 5.306778064891967518e-08 5.206578890149839966e-08
6.679999828338623047e+00 5.097083704779077474e-08 5.057765641992127623e-08
6.690000057220458984e+00 4.868793576305080984e-08 4.887912504213269658e-08
6.699999809265136719e+00 4.623464961955873610e-08 4.698338957563257241e-08
6.710000038146972656e+00 4.362645566778402601e-08 4.490392314389521594e-08
6.719999790191650391e+00 4.087958400987128146e-08 4.265511780068772619e-08
6.730000019073486328e+00 3.800994640684444015e-08 4.025141560166755744e-08
6.739999771118164062e+00 3.503410430957112132e-08 3.770808542291258532e-08
6.750000000000000000e+00 3.196810549154795883e-08 3.504023294878744131e-08
6.759999752044677734e+00 2.882854727171147114e-08 3.226369266306069124e-08
6.769999980926513672e+00 2.563134615713971352e-08 2.939394062838921842e-08
6.779999732971191406e+00 2.239287133700014390e-08 2.644707915310729050e-08
6.789999961853027344e+00 1.912867176510132940e-08 2.343867668176482340e-08
6.799999713897705078e+00 1.585465464940546091e-08 2.038482167626993652e-08
6.809999942779541016e+00 1.258579360639823349e-08 1.730091399317466435e-08
6.819999694824218750e+00 9.337327060868362821e-09 1.420276406122893703e-08
6.829999923706054688e+00 6.123470145328311164e-09 1.110535984831117404e-08
6.839999675750732422e+00 2.958608624392214939e-09 8.023987455579063294e-09
6.849999904632568359e+00 -1.439638675549429126e-10 4.972997203698793559e-09
6.859999656677246094e+00 -3.170879580276673618e-09 1.966922291177159213e-09
6.869999885559082031e+00 -6.109913656861631484e-09 -9.807333116028783765e-10
6.879999637603759766e+00 -8.948867162747532619e-09 -3.856400515459545110e-09
6.889999866485595703e+00 -1.167671919630673858e-08 -6.647613808723293229e-09
6.899999618530273438e+00 -1.428257881780235713e-08 -9.341962205829619625e-09
6.909999847412109375e+00 -1.675675449890901024e-08 -1.192819425611100445e-08
6.920000076293945312e+00 -1.908990005723634105e-08 -1.439534815867669631e-08
6.929999828338623047e+00 -2.127344645056975093e-08 -1.673320116838320778e-08
6.940000057220458984e+00 -2.329991134129349480e-08 -1.893261457784079531e-08
6.949999809265136719e+00 -2.516221487166527348e-08 -2.098480344124888905e-08
6.960000038146972656e+00 -2.685447521166440078e-08 -2.288220444659609471e-08
6.969999790191650391e+00 -2.837132148161707356e-08 -2.461772266990282671e-08
6.980000019073486328e+00 -2.970855777176901344e-08 -2.618547862735504442e-08
6.989999771118164062e+00 -3.086260241864242966e-08 -2.758016905311471014e-08
7.000000000000000000e+00 -3.183101125930624187e-08 -2.879768175937298981e-08
7.009999752044677734e+00 -3.261204848121057753e-08 -2.983457874871055383e-08
7.019999980926513672e+00 -3.320506244115574793e-08 -3.068857013863604601e-08
7.029999732971191406e+00 -3.361019055925963338e-08 -3.135812517015933581e-08
7.039999961853027344e+00 -3.382858384284063788e-08 -3.184279928403415012e-08
7.049999713897705078e+00 -3.386224565324396294e-08 -3.214297586113601340e-08
7.059999942779541016e+00 -3.371410407407376584e-08 -3.226004351589028977e-08
7.069999694824218750e+00 -3.338798187493377396e-08 -3.219626873661509410e-08
7.079999923706054688e+00 -3.288851900622818008e-08 -3.195482355900435374e-08
7.089999675750732422e+00 -3.222126874867865832e-08 -3.153978671186339757e-08
7.099999904632568359e+00 -3.139247579981435115e-08 -3.095602495841178815e-08
7.109999656677246094e+00 -3.040929147044449572e-08 -3.020931794919271870e-08
7.119999885559082031e+00 -2.927941595884592877e-08 -2.930609960338173585e-08
7.129999637603759766e+00 -2.801142354339622708e-08 -2.825369964624304207e-08
7.139999866485595703e+00 -2.661428060704072255e-08 -2.705995435740561563e-08
7.149999618530273438e+00 -2.509777010953577977e-08 -2.573355577080805969e-08
7.159999847412109375e+00 -2.347189960813334380e-08 -2.428354384338670286e-08
7.170000076293945312e+00 -2.174732846489030892e-08 -2.271967541320668630e-08
7.179999828338623047e+00 -1.993510447685312873e-08 -2.105219788663796003e-08
7.190000057220458984e+00 -1.804631352914022362e-08 -1.929152268381406067e-08
7.199999809265136719e+00 -1.609262173289298670e-08 -1.744872696170032857e-08
7.210000038146972656e+00 -1.408548470052232060e-08 -1.553481700156198934e-08
7.219999790191650391e+00 -1.203681703871058864e-08 -1.356136019170609374e-08
7.230000019073486328e+00 -9.958156339279123782e-09 -1.153968839760800811e-08
7.239999771118164062e+00 -7.861370036605131536e-09 -9.481579154386946574e-09
7.250000000000000000e+00 -5.757794581732898260e-09 -7.398418525740559212e-09
7.259999752044677734e+00 -3.658964469300933747e-09 -5.301916230531437267e-09
7.269999980926513672e+00 -1.575746842365849098e-09 -3.203247771310841253e-09
7.279999732971191406e+00 4.809224284536260655e-10 -1.113788034516565635e-09
7.289999961853027344e+00 2.500889270068227811e-09 9.557478005529035013e-10
7.299999713897705078e+00 4.474053050835755594e-09 2.994567547121865151e-09
7.309999942779541016e+00 6.391184118687544368e-09 4.992643572092004929e-09
7.319999694824218750e+00 8.243217340586729688e-09 6.939987942251571631e-09
7.329999923706054688e+00 1.002202031621237459e-08 8.827458937550184126e-09
7.339999675750732422e+00 1.171972212657569262e-08 1.064606236796860856e-08
7.349999904632568359e+00 1.332941801353152241e-08 1.238770714106180884e-08
7.359999656677246094e+00 1.484454556489615448e-08 1.404454614494308537e-08
7.369999885559082031e+00 1.625951402371928357e-08 1.560966690654622152e-08
7.379999637603759766e+00 1.756913883164888440e-08 1.707648427769972093e-08
7.389999866485595703e+00 1.876918624983345032e-08 1.843935439235068469e-08
7.399999618530273438e+00 1.985587568812548912e-08 1.969303002063886702e-08
7.409999847412109375e+00 2.082633286423442679e-08 2.083318834075702923e-08
7.419999599456787109e+00 2.167816769902230178e-08 2.185595827392974424e-08
7.429999828338623047e+00 2.240983172316141891e-08 2.275835495277489733e-08
7.440000057220458984e+00 2.302030375866584888e-08 2.353792085597505063e-08
7.449999809265136719e+00 2.350921856079354063e-08 2.419289113217650560e-08
7.460000038146972656e+00 2.387688878740877280e-08 2.472225026165917607e-08
7.469999790191650391e+00 2.412413179601170284e-08 2.512551453475872678e-08
7.480000019073486328e+00 2.425238371760626730e-08 2.540291726811888193e-08
7.489999771118164062e+00 2.426357690078843601e-08 2.555523583597144639e-08
7.500000000000000000e+00 2.416016017513016379e-08 2.558387642036800535e-08
7.509999752044677734e+00 2.394506414573859059e-08 2.549079250016679083e-08
7.519999980926513672e+00 2.362163203348533315e-08 2.527847155812199747e-08
7.529999732971191406e+00 2.319367045505064978e-08 2.494994410225957830e-08
7.539999961853027344e+00 2.266529644839146541e-08 2.450867638107619278e-08
7.549999713897705078e+00 2.204106967793574730e-08 2.395866717167014213e-08
7.559999942779541016e+00 2.132576223609068304e-08 2.330425197405334499e-08
7.569999694824218750e+00 2.052456666545604692e-08 2.255028306896156225e-08
7.579999923706054688e+00 1.964279590523296828e-08 2.170185188301873524e-08
7.589999675750732422e+00 1.868616015222931789e-08 2.076454623073577692e-08
7.599999904632568359e+00 1.766040493215637071e-08 1.974409858015792860e-08
7.609999656677246094e+00 1.657164865794933052e-08 1.864671298288053040e-08
7.619999885559082031e+00 1.542596728801964520e-08 1.747864784509750395e-08
7.629999637603759766e+00 1.422978350133680941e-08 1.624660384050186233e-08
7.639999866485595703e+00 1.298940679129989003e-08 1.495725052399353666e-08
7.649999618530273438e+00 1.171146447675922145e-08 1.361766554002439042e-08
7.659999847412109375e+00 1.040240639593885416e-08 1.223481502197650371e-08
7.669999599456787109e+00 9.068967514195060782e-09 1.081603366367555606e-08
7.679999828338623047e+00 7.717646643692108302e-09 9.368469340846170993e-09
7.690000057220458984e+00 6.355125058834833877e-09 7.899522677885878535e-09
7.699999809265136719e+00 4.988054529693907680e-09 6.416618891591785770e-09
7.710000038146972656e+00 3.622835505034726290e-09 4.926961107608705113e-09
7.719999790191650391e+00 2.266048982882622332e-09 3.437995883644058749e-09
7.730000019073486328e+00 9.239127416418356138e-10 1.956816274634996135e-09
7.739999771118164062e+00 -3.972272065048841987e-10 4.906977863971260750e-10
7.750000000000000000e+00 -1.691432185340484015e-09 -9.534955751220706633e-10
7.759999752044677734e+00 -2.952693385321261801e-09 -2.368784089485503155e-09
7.769999980926513672e+00 -4.175449502951477553e-09 -3.748652119712843226e-09
7.779999732971191406e+00 -5.354132076943946236e-09 -5.086539868648792750e-09
7.789999961853027344e+00 -6.483655726699604909e-09 -6.376398111108979211e-09
7.799999713897705078e+00 -7.558994294438351784e-09 -7.612208427015069497e-09
7.809999942779541016e+00 -8.575634654262819371e-09 -8.788502406638495343e-09
7.819999694824218750e+00 -9.529190727935427912e-09 -9.899918980883187645e-09
7.829999923706054688e+00 -1.041581248224669753e-08 -1.094167830512332146e-08
7.839999675750732422e+00 -1.123184386689932964e-08 -1.190918378638264504e-08
7.849999904632568359e+00 -1.197417948039570983e-08 -1.279844174113532463e-08
7.859999656677246094e+00 -1.263997139798167286e-08 -1.360571459231998822e-08
7.869999885559082031e+00 -1.322692706701024038e-08 -1.432787851249091062e-08
7.879999637603759766e+00 -1.373306887283487922e-08 -1.496213305458440913e-08
7.889999866485595703e+00 -1.415696810836936586e-08 -1.550629032065893993e-08
7.899999618530273438e+00 -1.449755998966479238e-08 -1.595854502940371120e-08
7.909999847412109375e+00 -1.475431000498994936e-08 -1.631769027075903943e-08
7.919999599456787109e+00 -1.492708595709862449e-08 -1.658295072308154474e-08
7.929999828338623047e+00 -1.501625459292359098e-08 -1.675412172823675626e-08
7.940000057220458984e+00 -1.502260948084725613e-08 -1.683146853908382974e-08
7.949999809265136719e+00 -1.494740576935183839e-08 -1.681577992552315823e-08
7.960000038146972656e+00 -1.479232078552492068e-08 -1.670833800297594935e-08
7.969999790191650391e+00 -1.455947454864203059e-08 -1.651092315020625507e-08
7.980000019073486328e+00 -1.425135399854506214e-08 -1.622575893173610777e-08
7.989999771118164062e+00 -1.387088128473659779e-08 -1.585556922383303700e-08
8.000000000000000000e+00 -1.342127417574627822e-08 -1.540344928939523185e-08
8.010000228881835938e+00 -1.290613921343973075e-08 -1.487295556900664357e-08
8.019999504089355469e+00 -1.232943277487311975e-08 -1.426807376374346886e-08
8.029999732971191406e+00 -1.169522210432718146e-08 -1.359296779088502652e-08
8.039999961853027344e+00 -1.100798481496845207e-08 -1.285229563165504710e-08
8.050000190734863281e+00 -1.027236183195083596e-08 -1.205095243734512138e-08
8.059999465942382812e+00 -9.493252247827285593e-09 -1.119417458884388978e-08
8.069999694824218750e+00 -8.675477670126650111e-09 -1.028717187731034640e-08
8.079999923706054688e+00 -7.824194255698607047e-09 -9.335582101133423537e-09
8.090000152587890625e+00 -6.944564575567073736e-09 -8.345111905353035360e-09
8.099999427795410156e+00 -6.041882775416618492e-09 -7.321677712751367973e-09
8.109999656677246094e+00 -5.121194398684215308e-09 -6.270974945935227680e-09
8.119999885559082031e+00 -4.187781139617702659e-09 -5.199027895714344715e-09
8.130000114440917969e+00 -3.246786792541240790e-09 -4.111765919665952396e-09
8.139999389648437500e+00 -2.303362460932253223e-09 -3.015189613114880043e-09
8.149999618530273438e+00 -1.362278256756596568e-09 -1.914918009431112600e-09
8.159999847412109375e+00 -4.284377281643678732e-10 -8.167850289095886137e-10
8.170000076293945312e+00 4.935064434656467263e-10 2.736087285337232863e-10
8.179999351501464844e+00 1.398998926404692573e-09 1.350717963747315817e-09
8.189999580383300781e+00 2.283945243019629495e-09 2.409488428219345620e-09
8.199999809265136719e+00 3.144210212505459090e-09 3.444763585564459932e-09
8.210000038146972656e+00 3.975980295321268602e-09 4.451718852933272257e-09
8.220000267028808594e+00 4.775688883645182768e-09 5.425777268762834649e-09
8.229999542236328125e+00 5.539955392722537088e-09 6.362538788539500979e-09
8.239999771118164062e+00 6.265881453896698068e-09 7.258148529433359847e-09
8.250000000000000000e+00 6.950618973473279585e-09 8.108772196834391571e-09
8.260000228881835938e+00 7.591669268580570023e-09 8.910967294175161897e-09
8.269999504089355469e+00 8.186755917991463599e-09 9.661530584012238249e-09
8.279999732971191406e+00 8.734047701382242933e-09 1.035778518309149210e-08
8.289999961853027344e+00 9.231816530770184688e-09 1.099715440465831929e-08
8.300000190734863281e+00 9.678666471578806784e-09 1.157745534819237257e-08
8.309999465942382812e+00 1.007343582431623330e-08 1.209677863566853388e-08
8.319999694824218750e+00 1.041533794983328206e-08 1.255367968162916059e-08
8.329999923706054688e+00 1.070372958610976900e-08 1.294687896149415804e-08
8.340000152587890625e+00 1.093826018765009118e-08 1.327546267113713561e-08
8.349999427795410156e+00 1.111881025027537180e-08 1.353880382102208885e-08
8.359999656677246094e+00 1.124554774262770400e-08 1.373665116813168950e-08
8.369999885559082031e+00 1.131881723100862379e-08 1.386897245618100155e-08
8.380000114440917969e+00 1.133920613415595775e-08 1.393605451754541468e-08
8.389999389648437500e+00 1.130752251432823999e-08 1.393847071389222538e-08
8.399999618530273438e+00 1.122477004153967271e-08 1.387706806205154024e-08
8.409999847412109375e+00 1.109215828898746839e-08 1.375295798834218362e-08
8.420000076293945312e+00 1.091108752188839411e-08 1.356751500866480828e-08
8.429999351501464844e+00 1.068316516484246831e-08 1.332239093468300048e-08
8.439999580383300781e+00 1.041010630423041445e-08 1.301940663780668319e-08
8.449999809265136719e+00 1.009385626457365905e-08 1.266068326896254227e-08
8.460000038146972656e+00 9.736499724286657170e-09 1.224854456230645295e-08
8.470000267028808594e+00 9.340271855464705248e-09 1.178552730847677022e-08
8.479999542236328125e+00 8.907592625658598574e-09 1.127442176732953327e-08
8.489999771118164062e+00 8.440889271783190523e-09 1.071806098923136079e-08
8.500000000000000000e+00 7.942834951449071425e-09 1.011960210407307821e-08
8.510000228881835938e+00 7.416177134363972227e-09 9.482323377855432673e-09
8.519999504089355469e+00 6.863820723429942341e-09 8.809723515400602844e-09
8.529999732971191406e+00 6.288604000575311985e-09 8.105247974718956785e-09
8.539999961853027344e+00 5.693603699860683558e-09 7.372659944577702913e-09
8.550000190734863281e+00 5.081914343979563217e-09 6.615771498467234592e-09
8.559999465942382812e+00 4.456747177789403438e-09 5.838565020928468234e-09
8.569999694824218750e+00 3.821176927753497817e-09 5.044877799970816837e-09
8.579999923706054688e+00 3.178485967352998764e-09 4.238829646006900803e-09
8.590000152587890625e+00 2.531912101673470384e-09 3.424509409549882488e-09
8.599999427795410156e+00 1.884754035628677960e-09 2.606107108027812779e-09
8.609999656677246094e+00 1.240108674703883985e-09 1.787581383622359239e-09
8.619999885559082031e+00 6.012258239454294160e-10 9.731080019690916055e-10
8.630000114440917969e+00 -2.875538738677035685e-11 1.667467104807554527e-10
8.639999389648437500e+00 -6.467030506916515054e-10 -6.274269706392605003e-10
8.649999618530273438e+00 -1.249743716033053432e-09 -1.405644958867578664e-09
8.659999847412109375e+00 -1.834924825774149231e-09 -2.164012914708318036e-09
8.670000076293945312e+00 -2.399468155591106097e-09 -2.898835965737771494e-09
8.679999351501464844e+00 -2.940675620594539532e-09 -3.606497017216067262e-09
8.689999580383300781e+00 -3.456148751547357055e-09 -4.283744411015777725e-09
8.699999809265136719e+00 -3.943493075370418659e-09 -4.927305959109037777e-09
8.710000038146972656e+00 -4.400540621198834161e-09 -5.534180411728981579e-09
8.720000267028808594e+00 -4.825309611774052892e-09 -6.101586002060668398e-09
8.729999542236328125e+00 -5.215980124161952770e-09 -6.626928475793224348e-09
8.739999771118164062e+00 -5.571049790412133025e-09 -7.108012074373527302e-09
8.750000000000000000e+00 -5.889118442746930853e-09 -7.542751468169847144e-09
8.760000228881835938e+00 -6.169047453964196834e-09 -7.929387530172076742e-09
8.769999504089355469e+00 -6.409904951469518917e-09 -8.266414591546550816e-09
8.779999732971191406e+00 -6.611057473925705115e-09 -8.552711391619875773e-09
8.789999961853027344e+00 -6.772033786363121311e-09 -8.787353026966231467e-09
8.800000190734863281e+00 -6.892620550242897343e-09 -8.969747211942596185e-09
8.809999465942382812e+00 -6.972829945881365352e-09 -9.099590476471417156e-09
8.819999694824218750e+00 -7.012922861197615806e-09 -9.176911068939711944e-09
8.829999923706054688e+00 -7.013357792635075393e-09 -9.201990873098955581e-09
8.840000152587890625e+00 -6.974818424217639369e-09 -9.175414062287427106e-09
8.849999427795410156e+00 -6.898204756635508753e-09 -9.098054017205552434e-09
8.859999656677246094e+00 -6.784590407791804136e-09 -8.971029030805311827e-09
8.869999885559082031e+00 -6.635255505331424628e-09 -8.795735016877106374e-09
8.880000114440917969e+00 -6.451648720361670488e-09 -8.573807335530496990e-09
8.889999389648437500e+00 -6.235401635482621981e-09 -8.307138362736634053e-09
8.899999618530273438e+00 -5.988228986583193125e-09 -7.997755206263930672e-09
8.909999847412109375e+00 -5.712037875989966655e-09 -7.647955231155205883e-09
8.920000076293945312e+00 -5.408832911782981360e-09 -7.260190067578601670e-09
8.929999351501464844e+00 -5.080752083307879572e-09 -6.837111849097102944e-09
8.939999580383300781e+00 -4.729923390305208702e-09 -6.381388821342019212e-09
8.949999809265136719e+00 -4.358637102810511217e-09 -5.895927959892658777e-09
8.960000038146972656e+00 -3.969207090745563373e-09 -5.383696644747216681e-09
8.970000267028808594e+00 -3.563985614095314448e-09 -4.847741450521372042e-09
8.979999542236328125e+00 -3.145388896617104360e-09 -4.291222453379517478e-09
8.989999771118164062e+00 -2.715721754240174913e-09 -3.717179680566730803e-09
9.000000000000000000e+00 -2.277403775719348498e-09 -3.128833393260785932e-09
9.010000228881835938e+00 -1.832797690027500412e-09 -2.529355484612015575e-09
9.019999504089355469e+00 -1.384279447034795041e-09 -1.921962765833614901e-09
9.029999732971191406e+00 -9.340554412225921076e-10 -1.309668312280952200e-09
9.039999961853027344e+00 -4.844091590966259885e-10 -6.956143790886504619e-10
9.050000190734863281e+00 -3.752078106342788803e-11 -8.282705514260133583e-11
9.059999465942382812e+00 4.044568077844260670e-10 5.256813246080552493e-10
9.069999694824218750e+00 8.395737344130801160e-10 1.127155765752403607e-09
9.079999923706054688e+00 1.265836563261037374e-09 1.718760672233779587e-09
9.090000152587890625e+00 1.681383374044778114e-09 2.297822304713742633e-09
9.099999427795410156e+00 2.084408503080755794e-09 2.861726038741136098e-09
9.109999656677246094e+00 2.473319310721592582e-09 3.408137596592488444e-09
9.119999885559082031e+00 2.846508796831795225e-09 3.934686570771296299e-09
9.130000114440917969e+00 3.202513587475516739e-09 4.439188959187253452e-09
9.139999389648437500e+00 3.539945904349259721e-09 4.919552906613724375e-09
9.149999618530273438e+00 3.857622335815466414e-09 5.373963855602141814e-09
9.159999847412109375e+00 4.154371938203009629e-09 5.800612921244229020e-09
9.170000076293945312e+00 4.429167897674620009e-09 6.197885648310774194e-09
9.179999351501464844e+00 4.681072258681079108e-09 6.564284090723320458e-09
9.189999580383300781e+00 4.909330333586904184e-09 6.898565763705935226e-09
9.199999809265136719e+00 5.113226728530062667e-09 7.199535550006314661e-09
9.210000038146972656e+00 5.292183859108248066e-09 7.466190056598092862e-09
9.220000267028808594e+00 5.445736834414968570e-09 7.697682418424915622e-09
9.229999542236328125e+00 5.573522413259141849e-09 7.893306401838506520e-09
9.239999771118164062e+00 5.675325105243583696e-09 8.052568460259876783e-09
9.250000000000000000e+00 5.751003724977434969e-09 8.175076378407369884e-09
9.260000228881835938e+00 5.800542237347876108e-09 8.260617868452735277e-09
9.269999504089355469e+00 5.824034810996440709e-09 8.309137601071514226e-09
9.279999732971191406e+00 5.821691610504900210e-09 8.320752210007463606e-09
9.289999961853027344e+00 5.793824517286539497e-09 8.295722301655073716e-09
9.300000190734863281e+00 5.740857465875376853e-09 8.234473925811532434e-09
9.309999465942382812e+00 5.663330144071613270e-09 8.137602147924030985e-09
9.319999694824218750e+00 5.561864370721406432e-09 8.005829272883397456e-09
9.329999923706054688e+00 5.437206499068240395e-09 7.840058472120514230e-09
9.340000152587890625e+00 5.290197652419824101e-09 7.641337657223665385e-09
9.349999427795410156e+00 5.121794081141541846e-09 7.410887337375951462e-09
9.359999656677246094e+00 4.932997427923861606e-09 7.150005786451100557e-09
9.369999885559082031e+00 4.724947284721605859e-09 6.860196480402018859e-09
9.380000114440917969e+00 4.498854357616556007e-09 6.543077618001640681e-09
9.389999389648437500e+00 4.256034330759000137e-09 6.200430130797732384e-09
9.399999618530273438e+00 3.997807905876415587e-09 5.834057280667319579e-09
9.409999847412109375e+00 3.725633652839809903e-09 5.445972887019585756e-09
9.420000076293945312e+00 3.441009939158813185e-09 5.038263812552498782e-09
9.429999351501464844e+00 3.145518509060886849e-09 4.613152822632318756e-09
9.439999580383300781e+00 2.840702698327105747e-09 4.172823894681831337e-09
9.449999809265136719e+00 2.528228273936001232e-09 3.719654172931743404e-09
9.460000038146972656e+00 2.209762643327979424e-09 3.256040797936149738e-09
9.469999313354492188e+00 1.887024169938825992e-09 2.784472830820678553e-09
9.479999542236328125e+00 1.561648999148722966e-09 2.307336840502083744e-09
9.489999771118164062e+00 1.235366146969774640e-09 1.827172904492355147e-09
9.500000000000000000e+00 9.098646144036034836e-10 1.346480602807920499e-09
9.510000228881835938e+00 5.868139570906689121e-10 8.677488016972186489e-10
9.519999504089355469e+00 2.678844671239368687e-10 3.934856234396904555e-10
9.529999732971191406e+00 -4.538397663726959579e-11 -7.397705223653105908e-11
9.539999961853027344e+00 -3.514087789907939233e-10 -5.322266366931379365e-10
9.550000190734863281e+00 -6.486961384897096633e-10 -9.789659364874632348e-10
9.559999465942382812e+00 -9.357923929872683063e-10 -1.411941121976353492e-09
9.569999694824218750e+00 -1.211400908055800576e-09 -1.829119045254045956e-09
9.579999923706054688e+00 -1.474225303808395309e-09 -2.228451852133119987e-09
9.590000152587890625e+00 -1.723087134601358759e-09 -2.608055527957468070e-09
9.599999427795410156e+00 -1.956882731146609982e-09 -2.966145667926251674e-09
9.609999656677246094e+00 -2.174676439170318038e-09 -3.301181792287330873e-09
9.619999885559082031e+00 -2.375571307746273361e-09 -3.611670751239223295e-09
9.630000114440917969e+00 -2.558803560215778781e-09 -3.896312862234066027e-09
9.639999389648437500e+00 -2.723707538853464079e-09 -4.153949419073642513e-09
9.649999618530273438e+00 -2.869778758415993637e-09 -4.383663013687177128e-09
9.659999847412109375e+00 -2.996580426358295641e-09 -4.584633179088671356e-09
9.670000076293945312e+00 -3.103808216933951857e-09 -4.756239187511925935e-09
9.679999351501464844e+00 -3.191265426453511094e-09 -4.898022520489545819e-09
9.689999580383300781e+00 -3.258892755465758181e-09 -5.009737195478844647e-09
9.699999809265136719e+00 -3.306715750011214317e-09 -5.091266373717645905e-09
9.710000038146972656e+00 -3.334876810822815190e-09 -5.142675875423594846e-09
9.719999313354492188e+00 -3.343622041671354894e-09 -5.164193971756162585e-09
9.729999542236328125e+00 -3.333298150687360503e-09 -5.156211034724919931e-09
9.739999771118164062e+00 -3.304342374647192288e-09 -5.119260617210350995e-09
9.750000000000000000e+00 -3.257282041530350447e-09 -5.054022957541214562e-09
9.760000228881835938e+00 -3.192726831714823308e-09 -4.961313244288150268e-09
9.769999504089355469e+00 -3.111371020540356329e-09 -4.842085335771764244e-09
9.779999732971191406e+00 -3.013954299134132197e-09 -4.697374342482792722e-09
9.789999961853027344e+00 -2.901301764526974497e-09 -4.528355255556218497e-09
9.800000190734863281e+00 -2.774287657970016741e-09 -4.336289880902064454e-09
9.809999465942382812e+00 -2.633849586710866419e-09 -4.122548202394277428e-09
9.819999694824218750e+00 -2.480926959605341517e-09 -3.888514589295444179e-09
9.829999923706054688e+00 -2.316534924550454614e-09 -3.635700240227216590e-09
9.840000152587890625e+00 -2.141705576532250627e-09 -3.365653657676846730e-09
9.849999427795410156e+00 -1.957512535516500691e-09 -3.079998318866718798e-09
9.859999656677246094e+00 -1.764993849692983343e-09 -2.780312867122167979e-09
9.869999885559082031e+00 -1.565251924248866176e-09 -2.468285885830297155e-09
9.880000114440917969e+00 -1.359378705185448759e-09 -2.145599738718883961e-09
9.889999389648437500e+00 -1.148488131540646405e-09 -1.813981065780699746e-09
9.899999618530273438e+00 -9.336305032084071193e-10 -1.475065841883052089e-09
9.909999847412109375e+00 -7.159089598953485018e-10 -1.130582330117135471e-09
9.920000076293945312e+00 -4.963953399459442489e-10 -7.822186628817805601e-10
9.929999351501464844e+00 -2.761673299931206341e-10 -4.316814498546866478e-10
9.939999580383300781e+00 -5.622089535594757948e-11 -8.055615272269482108e-11
9.949999809265136719e+00 1.624067576893467252e-10 2.694973346202531353e-10
9.960000038146972656e+00 3.787242256654297490e-10 6.168832698578124420e-10
9.969999313354492188e+00 5.917475689728005801e-10 9.600087876147306778e-10
9.979999542236328125e+00 8.005838836139371620e-10 1.297418695252736486e-09
9.989999771118164062e+00 1.004311722542909363e-09 1.627602949844520396e-09
1.000000000000000000e+01 1.202065119010096771e-09 1.949132001629340341e-09
1.001000022888183594e+01 1.393015341284284483e-09 2.260627576346372861e-09
1.001999950408935547e+01 1.576355962686927804e-09 2.560738277850108970e-09
1.002999973297119141e+01 1.751374205815345662e-09 2.848256603617065601e-09
1.003999996185302734e+01 1.917347993713682514e-09 3.121950596231865722e-09
1.005000019073486328e+01 2.073618746148564903e-09 3.380683135037968376e-09
1.005999946594238281e+01 2.219562124791282883e-09 3.623363993216701892e-09
1.006999969482421875e+01 2.354644717848525543e-09 3.849044517720856903e-09
1.007999992370605469e+01 2.478342394371362962e-09 4.056782250665746823e-09
1.009000015258789062e+01 2.590198933739794805e-09 4.245738801262995496e-09
1.009999942779541016e+01 2.689804540499815113e-09 4.415144348386105958e-09
1.010999965667724609e+01 2.776834434017975543e-09 4.564363998269751341e-09
1.011999988555908203e+01 2.850993447337268136e-09 4.692804250508998019e-09
1.013000011444091797e+01 2.912056746439494287e-09 4.799982940923774287e-09
1.013999938964843750e+01 2.959857160927763208e-09 4.885508213376826820e-09
1.014999961853027344e+01 2.994303297126035105e-09 4.949112024216855907e-09
1.015999984741210938e+01 3.015353081713998056e-09 4.990603795811540450e-09
1.017000007629394531e+01 3.023033923259856488e-09 5.009907410617132947e-09
1.017999935150146484e+01 3.017439030256746001e-09 5.007055169021709688e-09
1.018999958038330078e+01 2.998724025022498281e-09 4.982185904076034288e-09
1.019999980926513672e+01 2.967109833798312841e-09 4.935547395300980480e-09
1.021000003814697266e+01 2.922881091558803086e-09 4.867497525245020855e-09
1.021999931335449219e+01 2.866390892309174043e-09 4.778512432778962633e-09
1.022999954223632812e+01 2.798036531132759781e-09 4.669149303037967144e-09
1.023999977111816406e+01 2.718289938569558500e-09 4.540095369794761518e-09
1.025000000000000000e+01 2.627674880596506936e-09 4.392133129396060024e-09
1.026000022888183594e+01 2.526768964832036627e-09 4.226144265151816927e-09
1.026999950408935547e+01 2.416211406099642146e-09 4.043123514429004292e-09
1.027999973297119141e+01 2.296656295167222363e-09 3.844102043010752121e-09
1.028999996185302734e+01 2.168831963969903103e-09 3.630246409052771372e-09
1.030000019073486328e+01 2.033495308087500576e-09 3.402783598337654848e-09
1.030999946594238281e+01 1.891451056208524485e-09 3.163033750205688738e-09
1.031999969482421875e+01 1.743491978889807683e-09 2.912309518993527347e-09
1.032999992370605469e+01 1.590475109099092577e-09 2.652044925516012837e-09
1.034000015258789062e+01 1.433262734262901997e-09 2.383695892332972385e-09
1.034999942779541016e+01 1.272745568492517399e-09 2.108779601591952627e-09
1.035999965667724609e+01 1.109775593125260271e-09 1.828759222617088037e-09
1.036999988555908203e+01 9.452524172649139086e-10 1.545191499534952420e-09
1.038000011444091797e+01 7.800566641004657179e-10 1.259612274789320053e-09
1.038999938964843750e+01 6.150753188656977177e-10 9.735796104753519351e-10
1.039999961853027344e+01 4.511334147940647892e-10 6.885546365933001320e-10
1.040999984741210938e+01 2.890833719203979861e-10 4.060556916273617636e-10
1.042000007629394531e+01 1.297369834484358899e-10 1.275396251595490682e-10
1.042999935150146484e+01 -2.610883046496917028e-11 -1.455542277034018434e-10
1.043999958038330078e+01 -1.777355102690766101e-10 -4.119162952282605914e-10
1.044999980926513672e+01 -3.244175652518169517e-10 -6.702182851729637751e-10
1.046000003814697266e+01 -4.654860548832948618e-10 -9.192253810924142506e-10
1.046999931335449219e+01 -6.003041999836042256e-10 -1.157754334914544627e-09
1.047999954223632812e+01 -7.283209888911323240e-10 -1.384769352731793303e-09
1.048999977111816406e+01 -8.489962629338315320e-10 -1.599250515215875893e-09
1.050000000000000000e+01 -9.618546768478832147e-10 -1.800290142414202096e-09
1.051000022888183594e+01 -1.066473947486964664e-09 -1.987072927946542191e-09
1.051999950408935547e+01 -1.162477086053793817e-09 -2.158862841920200493e-09
1.052999973297119141e+01 -1.249568737190463502e-09 -2.315068958508898036e-09
1.053999996185302734e+01 -1.327480312110947538e-09 -2.455147957027269377e-09
1.055000019073486328e+01 -1.396007191776031133e-09 -2.578671272952719859e-09
1.055999946594238281e+01 -1.454993335848373834e-09 -2.685297997472320101e-09
1.056999969482421875e+01 -1.504351881546383943e-09 -2.774812611594119006e-09
1.057999992370605469e+01 -1.544030072641177350e-09 -2.847061967129851789e-09
1.059000015258789062e+01 -1.574031108345484893e-09 -2.901995064440967712e-09
1.059999942779541016e+01 -1.594404756796223094e-09 -2.939646255022299799e-09
1.060999965667724609e+01 -1.605252184250501498e-09 -2.960144468154862320e-09
1.061999988555908203e+01 -1.606712122621300269e-09 -2.963687840926249990e-09
1.063000011444091797e+01 -1.598967232296649576e-09 -2.950555592765632670e-09
1.063999938964843750e+01 -1.582241299751793402e-09 -2.921102843607225474e-09
1.064999961853027344e+01 -1.556789510947433903e-09 -2.875743322452158874e-09
1.065999984741210938e+01 -1.522905541384889410e-09 -2.814961715119821925e-09
1.067000007629394531e+01 -1.480913477944675587e-09 -2.739299356860733237e-09
1.067999935150146484e+01 -1.431171578437021076e-09 -2.649360957691995460e-09
1.068999958038330078e+01 -1.374050069233926246e-09 -2.545774447685622018e-09
1.069999980926513672e+01 -1.309957235948947266e-09 -2.429238189973247098e-09
1.071000003814697266e+01 -1.239318780734886034e-09 -2.300483769677220831e-09
1.071999931335449219e+01 -1.162587502999619162e-09 -2.160293773154232651e-09
1.072999954223632812e+01 -1.080211219297940786e-09 -2.009443370405087262e-09
1.073999977111816406e+01 -9.926745998507320158e-10 -1.848777019777684106e-09
1.075000000000000000e+01 -9.004683644661356160e-10 -1.679152549864818136e-09
1.076000022888183594e+01 -8.040943266593739344e-10 -1.501450739731476089e-09
1.076999950408935547e+01 -7.040731659404081609e-10 -1.316590173717859456e-09
1.077999973297119141e+01 -6.009040436515571420e-10 -1.125453073309131390e-09
1.078999996185302734e+01 -4.951200910739682217e-10 -9.289883886017995273e-10
1.080000019073486328e+01 -3.872487551757064154e-10 -7.281391204358218594e-10
1.080999946594238281e+01 -2.778298996250722503e-10 -5.238765550531968251e-10
1.081999969482421875e+01 -1.673721510475246738e-10 -3.171193335042967436e-10
1.082999992370605469e+01 -5.641383547984615442e-11 -1.088478008523639073e-10
1.084000015258789062e+01 5.452043866293781797e-11 9.997642159071544282e-11
1.084999942779541016e+01 1.649007079186623114e-10 3.083740791137017393e-10
1.085999965667724609e+01 2.742355268216687367e-10 5.154306698108427510e-10
1.086999988555908203e+01 3.820105671055180851e-10 7.201800890847167697e-10
1.088000011444091797e+01 4.877327057869775503e-10 9.216874602262500334e-10
1.088999938964843750e+01 5.909116589885301967e-10 1.119013971680983154e-09
1.089999961853027344e+01 6.911010369460689300e-10 1.311295275263303329e-09
1.090999984741210938e+01 7.878411828412623422e-10 1.497632101010880236e-09
1.092000007629394531e+01 8.807007914818852499e-10 1.677169849631855476e-09
1.092999935150146484e+01 9.692606735799827947e-10 1.849067502328511496e-09
1.093999958038330078e+01 1.053149085558375023e-09 2.012566540913114445e-09
1.094999980926513672e+01 1.131992914707965741e-09 2.166896603538390166e-09
1.096000003814697266e+01 1.205453789264262072e-09 2.311346059149914871e-09
1.096999931335449219e+01 1.273215041427982059e-09 2.445237166040035496e-09
1.097999954223632812e+01 1.335008730691656430e-09 2.567980278221161807e-09
1.098999977111816406e+01 1.390578429486281141e-09 2.679001163221048078e-09
1.100000000000000000e+01 1.439707118609978791e-09 2.777797025838849593e-09
1.101000022888183594e+01 1.482211762421848530e-09 2.863926879441996172e-09
1.101999950408935547e+01 1.517941365631286680e-09 2.937008590504209286e-09
1.102999973297119141e+01 1.546790899736907005e-09 2.996748570747818894e-09
1.103999996185302734e+01 1.568681569035906075e-09 3.042902584940445627e-09
1.105000019073486328e+01 1.583575600016725456e-09 3.075307152425184496e-09
1.105999946594238281e+01 1.591472342786601464e-09 3.093872597264952316e-09
1.106999969482421875e+01 1.592410613720043917e-09 3.098590041278298367e-09
1.107999992370605469e+01 1.586463920037779001e-09 3.089521453981145785e-09
1.109000015258789062e+01 1.573743609839170590e-09 3.066808150513172006e-09
1.109999942779541016e+01 1.554399145627525626e-09 3.030671920290036108e-09
1.110999965667724609e+01 1.528609027658743630e-09 2.981398814521719887e-09
1.111999988555908203e+01 1.496590571830576498e-09 2.919358108481244899e-09
1.113000011444091797e+01 1.458591577168058492e-09 2.844987394148527773e-09
1.113999938964843750e+01 1.414894485607858930e-09 2.758801182265301016e-09
1.114999961853027344e+01 1.365797140604474079e-09 2.661353331734882567e-09
1.115999984741210938e+01 1.311635616266026231e-09 2.553282358163308175e-09
1.117000007629394531e+01 1.252765660533570899e-09 2.435275027421115422e-09
1.117999935150146484e+01 1.189570265388107043e-09 2.308081517424379503e-09
1.118999958038330078e+01 1.122432458781043921e-09 2.172460556012647589e-09
1.119999980926513672e+01 1.051768745903661599e-09 2.029246536269321233e-09
1.121000003814697266e+01 9.780025205469009988e-10 1.879295731090029367e-09
1.121999931335449219e+01 9.015744020620363385e-10 1.723506849371013936e-09
1.122999954223632812e+01 8.229099106705845868e-10 1.562754641215017267e-09
1.123999977111816406e+01 7.424603758869895490e-10 1.397972730163752648e-09
1.125000000000000000e+01 6.606711381302581756e-10 1.230088205138138134e-09
1.125999927520751953e+01 5.779938537795591076e-10 1.060046155260320366e-09
1.126999950408935547e+01 4.948521785973008191e-10 8.887383794808733325e-10
1.127999973297119141e+01 4.116865759955124836e-10 7.170948422750034251e-10
1.128999996185302734e+01 3.289203830175666874e-10 5.460131994404102952e-10
1.130000019073486328e+01 2.469653860130066269e-10 3.763695478100523825e-10
1.130999946594238281e+01 1.662273470994482843e-10 2.090292460968755340e-10
1.131999969482421875e+01 8.707339142188386688e-11 4.477869391965474026e-11
1.132999992370605469e+01 9.876533353538618518e-12 -1.155829325216767457e-10
1.134000015258789062e+01 -6.501681739044323679e-11 -2.713115022328389533e-10
1.134999942779541016e+01 -1.372736689141533087e-10 -4.216909646346214775e-10
1.135999965667724609e+01 -2.066028990710792834e-10 -5.660929081490231065e-10
1.136999988555908203e+01 -2.727147991434716521e-10 -7.038926096602752482e-10
1.138000011444091797e+01 -3.353496695842615194e-10 -8.345287020915109909e-10
1.138999938964843750e+01 -3.942659220161723994e-10 -9.574784663715026508e-10
1.139999961853027344e+01 -4.492625874121591630e-10 -1.072304807926875521e-09
1.140999984741210938e+01 -5.001457909529027978e-10 -1.178586214819031032e-09
1.142000007629394531e+01 -5.467516761479251842e-10 -1.275964447031498568e-09
1.142999935150146484e+01 -5.889367269386333460e-10 -1.364124127865435028e-09
1.143999958038330078e+01 -6.265932473910834181e-10 -1.442824845576179646e-09
1.144999980926513672e+01 -6.596249032269514629e-10 -1.511849751828115299e-09
1.146000003814697266e+01 -6.879628546696028364e-10 -1.571038970167381183e-09
1.146999931335449219e+01 -7.115590207331256785e-10 -1.620275216871478762e-09
1.147999954223632812e+01 -7.303940851850925158e-10 -1.659500194101385980e-09
1.148999977111816406e+01 -7.444633937535832202e-10 -1.688684875235256894e-09
1.150000000000000000e+01 -7.537857729189513426e-10 -1.707847665403902668e-09
1.150999927520751953e+01 -7.584001644619029828e-10 -1.717047225386272589e-09
1.151999950408935547e+01 -7.583662400729596451e-10 -1.716383440469851866e-09
1.152999973297119141e+01 -7.537610582106997236e-10 -1.705990621544358085e-09
1.153999996185302734e+01 -7.446805463371784108e-10 -1.686040466003274755e-09
1.155000019073486328e+01 -7.312381081006546648e-10 -1.656739288389653624e-09
1.155999946594238281e+01 -7.135657721080904952e-10 -1.618330772563473510e-09
1.156999969482421875e+01 -6.918063047766850092e-10 -1.571079190516899196e-09
1.157999992370605469e+01 -6.661226007824584443e-10 -1.515290248549605305e-09
1.159000015258789062e+01 -6.366905783051800264e-10 -1.451296175797720538e-09
1.159999942779541016e+01 -6.037032131362467347e-10 -1.379465131156424359e-09
1.160999965667724609e+01 -5.673568343608469058e-10 -1.300172047651880431e-09
1.161999988555908203e+01 -5.278692345792957980e-10 -1.213838818855905127e-09
1.163000011444091797e+01 -4.854665824321464840e-10 -1.120906625585442837e-09
1.163999938964843750e+01 -4.403899707604124412e-10 -1.021851138485924733e-09
1.164999961853027344e+01 -3.928770740457818059e-10 -9.171430740896989514e-10
1.165999984741210938e+01 -3.431870523102613960e-10 -8.073038052680240825e-10
1.167000007629394531e+01 -2.915826122791617454e-10 -6.928668494577233817e-10
1.167999935150146484e+01 -2.383383112844431548e-10 -5.743971137000467611e-10
1.168999958038330078e+01 -1.837190132045193778e-10 -4.524437513961555531e-10
1.169999980926513672e+01 -1.280092746712299125e-10 -3.276063055530165613e-10
1.171000003814697266e+01 -7.149198485918187650e-11 -2.004879055454686642e-10
1.171999931335449219e+01 -1.445759974137798625e-11 -7.171658192341410337e-11
1.172999954223632812e+01 4.281894378065425352e-11 5.810638816441130633e-11
1.173999977111816406e+01 1.000468660516984198e-10 1.883352826713668199e-10
1.175000000000000000e+01 1.569426395840910566e-10 3.183317684179526634e-10
1.175999927520751953e+01 2.132206253799018834e-10 4.474434434000080638e-10
1.176999950408935547e+01 2.686158952013244528e-10 5.750562192899319206e-10
1.177999973297119141e+01 3.228534056805015823e-10 7.005237196773574817e-10
1.178999996185302734e+01 3.756709768358411432e-10 8.232202114896712003e-10
1.180000019073486328e+01 4.268152988916517859e-10 9.425318775027520196e-10
1.180999946594238281e+01 4.760387203289205408e-10 1.057849746438822177e-09
1.181999969482421875e+01 5.231191933358546559e-10 1.168617077143398408e-09
1.182999992370605469e+01 5.678333686351772302e-10 1.274267048327424129e-09
1.184000015258789062e+01 6.099768151307697843e-10 1.374270916372992528e-09
1.184999942779541016e+01 6.493567659078587244e-10 1.468121803165729235e-09
1.185999965667724609e+01 6.858079442071786906e-10 1.555373410046304814e-09
1.186999988555908203e+01 7.191709656708465442e-10 1.635589552660385933e-09
1.188000011444091797e+01 7.493084940017002100e-10 1.708383682734116995e-09
1.188999938964843750e+01 7.760996839116179607e-10 1.773406620642583904e-09
1.189999961853027344e+01 7.994506774763037920e-10 1.830373115666174537e-09
1.190999984741210938e+01 8.192797143127570058e-10 1.879026737819295302e-09
1.192000007629394531e+01 8.355279952374210711e-10 1.919167223210108588e-09
1.192999935150146484e+01 8.481560989265484799e-10 1.950642666225659962e-09
1.193999958038330078e+01 8.571484684563037438e-10 1.973361625128149300e-09
1.194999980926513672e+01 8.625060483023023014e-10 1.987275577890190177e-09
1.196000003814697266e+01 8.642511692851348285e-10 1.992391799375116061e-09
1.196999931335449219e+01 8.624260893749056529e-10 1.988770278307666589e-09
1.197999954223632812e+01 8.570913927395297235e-10 1.976520622842110266e-09
1.198999977111816406e+01 8.483263503168401397e-10 1.955802836374372708e-09
1.200000000000000000e+01 8.362277442563591503e-10 1.926825028023252205e-09
1.200999927520751953e+01 8.209105568844294175e-10 1.889845113753441192e-09
1.201999950408935547e+01 8.025007906641279835e-10 1.845153442841022955e-09
1.202999973297119141e+01 7.811431369797013479e-10 1.793091175125989348e-09
1.203999996185302734e+01 7.569942363978141923e-10 1.734033786724753535e-09
1.205000019073486328e+01 7.302227356785905096e-10 1.668390848735003367e-09
1.205999946594238281e+01 7.010108844291604410e-10 1.596609576322592109e-09
1.206999969482421875e+01 6.695418199085649926e-10 1.519143115741272642e-09
1.207999992370605469e+01 6.360149557395391790e-10 1.436487845180434236e-09
1.209000015258789062e+01 6.006336881497602558e-10 1.349152622356848007e-09
1.209999942779541016e+01 5.636103150592905876e-10 1.257670334744106305e-09
1.210999965667724609e+01 5.251504125484239992e-10 1.162558710837454824e-09
1.211999988555908203e+01 4.854727420483017364e-10 1.064368941969012613e-09
1.213000011444091797e+01 4.447939887070536938e-10 9.636474326491309090e-10
1.213999938964843750e+01 4.033349790174385214e-10 8.609506766999338287e-10
1.214999961853027344e+01 3.613036188050988098e-10 7.568025385569090326e-10
1.215999984741210938e+01 3.189175435384252046e-10 6.517499731540668889e-10
1.217000007629394531e+01 2.763873142488690248e-10 5.463210897770072313e-10
1.217999935150146484e+01 2.339234106960817872e-10 4.410422494903196403e-10
1.218999958038330078e+01 1.917191404252686547e-10 3.363955476736866947e-10
1.219999980926513672e+01 1.499741476584182382e-10 2.328770464419457884e-10
1.221000003814697266e+01 1.088774395744153925e-10 1.309547322088404498e-10
1.221999931335449219e+01 6.861456555074166110e-11 3.108644813607936376e-11
1.222999954223632812e+01 2.935173370229261174e-11 -6.631928968804153759e-11
1.223999977111816406e+01 -8.741655516853045211e-12 -1.608471066702439410e-10
1.225000000000000000e+01 -4.550893496519425496e-11 -2.521139065516419831e-10
1.225999927520751953e+01 -8.079940248757501922e-11 -3.397516498758726042e-10
1.226999950408935547e+01 -1.144819937352581203e-10 -4.234408419019597056e-10
1.227999973297119141e+01 -1.464253639737476828e-10 -5.028605684546132179e-10
1.228999996185302734e+01 -1.765117568478244287e-10 -5.777224136857394098e-10
1.230000019073486328e+01 -2.046337721501750036e-10 -6.477619160445290342e-10
1.230999946594238281e+01 -2.306921495922815329e-10 -7.127325332519136282e-10
1.231999969482421875e+01 -2.546056475949392007e-10 -7.724298064608381323e-10
1.232999992370605469e+01 -2.762962221225390224e-10 -8.266539803263553025e-10
1.234000015258789062e+01 -2.956992501709798779e-10 -8.752351212363887687e-10
1.234999942779541016e+01 -3.127594812581196085e-10 -9.180227121130093782e-10
1.235999965667724609e+01 -3.274373500400001708e-10 -9.549012908953074545e-10
1.236999988555908203e+01 -3.396992132363748784e-10 -9.857658574137285793e-10
1.238000011444091797e+01 -3.495240714352503178e-10 -1.010538725737207675e-09
1.238999938964843750e+01 -3.569012059401049001e-10 -1.029163701268247100e-09
1.239999961853027344e+01 -3.618327004787990870e-10 -1.041612675297845311e-09
1.240999984741210938e+01 -3.643291379216954937e-10 -1.047875093160752609e-09
1.242000007629394531e+01 -3.644125419213057771e-10 -1.047965829005011826e-09
1.242999935150146484e+01 -3.621157540383573510e-10 -1.041924197382328378e-09
1.243999958038330078e+01 -3.574811659229404782e-10 -1.029811298077029846e-09
1.244999980926513672e+01 -3.505618443016768864e-10 -1.011713724333221664e-09
1.246000003814697266e+01 -3.414206473768535746e-10 -9.877420650105466974e-10
1.246999931335449219e+01 -3.301312396887746064e-10 -9.580344822073229349e-10
1.247999954223632812e+01 -3.167732702374906585e-10 -9.227449581174590688e-10
1.248999977111816406e+01 -3.014384939097091178e-10 -8.820603664194840394e-10
1.250000000000000000e+01 -2.842262660259895625e-10 -8.361896118430223087e-10
1.250999927520751953e+01 -2.652459677810909813e-10 -7.853710788398038151e-10
1.251999950408935547e+01 -2.446091063904945286e-10 -7.298524266745511168e-10
1.252999973297119141e+01 -2.224396579687064708e-10 -6.699191953824355106e-10
1.253999996185302734e+01 -1.988664012991247856e-10 -6.058751633129962116e-10
1.255000019073486328e+01 -1.740240179838712866e-10 -5.380460575860863227e-10
1.255999946594238281e+01 -1.480549474478285926e-10 -4.667853848073983514e-10
1.256999969482421875e+01 -1.210986573283100732e-10 -3.924455706845107117e-10
1.257999992370605469e+01 -9.330577514567672549e-11 -3.154172274898938566e-10
1.259000015258789062e+01 -6.482748981581335632e-11 -2.361004702595019813e-10
1.259999942779541016e+01 -3.581995218337316917e-11 -1.549173708201718469e-10
1.260999965667724609e+01 -6.432320765395220028e-12 -7.227859161051317741e-11
1.261999988555908203e+01 2.317746825556660724e-11 1.137249639631370696e-11
1.263000011444091797e+01 5.285459566649080082e-11 9.559322448471641632e-11
1.263999938964843750e+01 8.244266785972401429e-11 1.799286514181388910e-10
1.264999961853027344e+01 1.117958601345444347e-10 2.639465985393176407e-10
1.265999984741210938e+01 1.407628135033137365e-10 3.471922593895911703e-10
1.267000007629394531e+01 1.691987792584565575e-10 4.292234061318883720e-10
1.267999935150146484e+01 1.969609846008161855e-10 5.095977914008758175e-10
1.268999958038330078e+01 2.239199340341360780e-10 5.879066692913981507e-10
1.269999980926513672e+01 2.499442356388123685e-10 6.637317034976361985e-10
1.271000003814697266e+01 2.749119577711431546e-10 7.366787149896316503e-10
1.271999931335449219e+01 2.987063707930115974e-10 8.063662117572595459e-10
1.272999954223632812e+01 3.212254903733303978e-10 8.724542755465565283e-10
1.273999977111816406e+01 3.423689601563423542e-10 9.346070540261757266e-10
1.275000000000000000e+01 3.620477016946538615e-10 9.925219027061240488e-10
1.275999927520751953e+01 3.801803133376766770e-10 1.045919670429305933e-09
1.276999950408935547e+01 3.967001493958602968e-10 1.094566338944183882e-09
1.277999973297119141e+01 4.115451696808453179e-10 1.138243842827281966e-09
1.278999996185302734e+01 4.246651758466836756e-10 1.176772011985274747e-09
1.279999923706054688e+01 4.360191002096800823e-10 1.210001149002875661e-09
1.280999946594238281e+01 4.455791882132521224e-10 1.237824687558979650e-09
1.281999969482421875e+01 4.533244472842400218e-10 1.260160332565809354e-09
1.282999992370605469e+01 4.592450343881008455e-10 1.276963116814357832e-09
1.284000015258789062e+01 4.633409093207060410e-10 1.288221535153306591e-09
1.284999942779541016e+01 4.656214648648887867e-10 1.293956528352907621e-09
1.285999965667724609e+01 4.661059298767544537e-10 1.294222138899822823e-09
1.286999988555908203e+01 4.648217242155170397e-10 1.289100984215769467e-09
1.288000011444091797e+01 4.618051130351526904e-10 1.278705488971346306e-09
1.288999938964843750e+01 4.571010038372244408e-10 1.263177119151596174e-09
1.289999961853027344e+01 4.507605292906952469e-10 1.242678118224223131e-09
1.290999984741210938e+01 4.428432580391818390e-10 1.217398432685026190e-09
1.292000007629394531e+01 4.334150444087739402e-10 1.187548170318336545e-09
1.292999935150146484e+01 4.225489710340506940e-10 1.153360134003510113e-09
1.293999958038330078e+01 4.103205234115254658e-10 1.115074153069096329e-09
1.294999980926513672e+01 3.968132701920011167e-10 1.072954464164250870e-09
1.296000003814697266e+01 3.821142945956375045e-10 1.027274855767876030e-09
1.296999931335449219e+01 3.663161681413841331e-10 9.783243859655052500e-10
1.297999954223632812e+01 3.495102700747969580e-10 9.263863056174420653e-10
1.298999977111816406e+01 3.317953017477399724e-10 8.717641192198049489e-10
1.300000000000000000e+01 3.132708249595251211e-10 8.147613087254094200e-10
1.300999927520751953e+01 2.940400652632034219e-10 7.556898175756564895e-10
1.301999950408935547e+01 2.742020032560131686e-10 6.948456936585486762e-10
1.302999973297119141e+01 2.538619064379107003e-10 6.325414632294312530e-10
1.303999996185302734e+01 2.331235775998292542e-10 5.690824342785980594e-10
1.304999923706054688e+01 2.120927188680978446e-10 5.047772250033912675e-10
1.305999946594238281e+01 1.908684413795650661e-10 4.399121159507526030e-10
1.306999969482421875e+01 1.695548944426162999e-10 3.747870003500329848e-10
1.307999992370605469e+01 1.482528552523670974e-10 3.096901382616934318e-10
1.309000015258789062e+01 1.270613348970336174e-10 2.449036093662543898e-10
1.309999942779541016e+01 1.060791951966717462e-10 1.807088574460037612e-10
1.310999965667724609e+01 8.539680623596167242e-11 1.173617969857624826e-10
1.311999988555908203e+01 6.510772542470701315e-11 5.512920075062109009e-11
1.313000011444091797e+01 4.530033522482905481e-11 -5.736211589826967669e-12
1.313999938964843750e+01 2.606134777452910335e-11 -6.498435451984607394e-11
1.314999961853027344e+01 7.468218621580387963e-12 -1.223905165145563506e-10
1.315999984741210938e+01 -1.040011815977951208e-11 -1.777217110684290786e-10
1.317000007629394531e+01 -2.747092505112627014e-11 -2.307597671279775209e-10
1.317999935150146484e+01 -4.367455386028804567e-11 -2.812912426063516149e-10
1.318999958038330078e+01 -5.895078881040718943e-11 -3.291268477278766243e-10
1.319999980926513672e+01 -7.323979287229466190e-11 -3.740729344375741313e-10
1.321000003814697266e+01 -8.648859061126238460e-11 -4.159515286065915495e-10
1.321999931335449219e+01 -9.864856763473833214e-11 -4.545924177520689133e-10
1.322999954223632812e+01 -1.096801807648487051e-10 -4.898482043877278234e-10
1.323999977111816406e+01 -1.195461476414236049e-10 -5.215728507543374001e-10
1.325000000000000000e+01 -1.282163264579384151e-10 -5.496374802635841208e-10
1.325999927520751953e+01 -1.356659602571108462e-10 -5.739251820379705109e-10
1.326999950408935547e+01 -1.418784854408278161e-10 -5.943407315263209890e-10
1.327999973297119141e+01 -1.468413222406500345e-10 -6.107975129497811467e-10
1.328999996185302734e+01 -1.505488630480566435e-10 -6.232279970313239629e-10
1.329999923706054688e+01 -1.530015270488710174e-10 -6.315814689565892446e-10
1.330999946594238281e+01 -1.542065426252362894e-10 -6.358276207154414486e-10
1.331999969482421875e+01 -1.541764798122108867e-10 -6.359525091393919590e-10
1.332999992370605469e+01 -1.529302077124218189e-10 -6.319628064734402217e-10
1.334000015258789062e+01 -1.504924702460373830e-10 -6.238853857614558609e-10
1.334999942779541016e+01 -1.468941200178013886e-10 -6.117691313693764106e-10
1.335999965667724609e+01 -1.421704375966297617e-10 -5.956802615568123063e-10
1.336999988555908203e+01 -1.363629673860396294e-10 -5.757094554861973483e-10
1.338000011444091797e+01 -1.295179923952408423e-10 -5.519676294794655771e-10
1.338999938964843750e+01 -1.216873255291959271e-10 -5.245895234649187347e-10
1.339999961853027344e+01 -1.129249097354034174e-10 -4.937225608760452281e-10
1.340999984741210938e+01 -1.032909638883899419e-10 -4.595419985772364877e-10
1.342000007629394531e+01 -9.284871696623392890e-11 -4.222400764974111019e-10
1.342999935150146484e+01 -8.166582086529262795e-11 -3.820314881084897561e-10
1.343999958038330078e+01 -6.980960677706054487e-11 -3.391366272796664331e-10
1.344999980926513672e+01 -5.735307427443850525e-11 -2.938033094933433644e-10
1.346000003814697266e+01 -4.437025655426698416e-11 -2.462901857326347283e-10
1.346999931335449219e+01 -3.093811307577526442e-11 -1.968735712955855612e-10
1.347999954223632812e+01 -1.713091665663947904e-11 -1.458265908707730160e-10
1.348999977111816406e+01 -3.027505602793155654e-12 -9.344555158691108366e-11
1.350000000000000000e+01 1.129424914008697482e-11 -4.002918696294431076e-11
1.350999927520751953e+01 2.575523685490018748e-11 1.411366746579266405e-11
1.351999950408935547e+01 4.028106657673465730e-11 6.868700395038601698e-11
1.352999973297119141e+01 5.479419668034506564e-11 1.233788482520948451e-10
1.353999996185302734e+01 6.921984777207959489e-11 1.778841177261479993e-10
1.354999923706054688e+01 8.348366160112166927e-11 2.318965856055556441e-10
1.355999946594238281e+01 9.751749139431876433e-11 2.851316122144480748e-10
1.356999969482421875e+01 1.112515701490300730e-10 3.372972866366970070e-10
1.357999992370605469e+01 1.246202925382118824e-10 3.881171041546142043e-10
1.359000015258789062e+01 1.375611373150865547e-10 4.373266549818340458e-10
1.359999942779541016e+01 1.500137697480111871e-10 4.846709281430271384e-10
1.360999965667724609e+01 1.619249843386193889e-10 5.299237577008560011e-10
1.361999988555908203e+01 1.732417809694319039e-10 5.728620759713647741e-10
1.363000011444091797e+01 1.839163505573665974e-10 6.132853669260932511e-10
1.363999938964843750e+01 1.939040990502249769e-10 6.510085794618502428e-10
1.364999961853027344e+01 2.031675195477893525e-10 6.858770399938671390e-10
1.365999984741210938e+01 2.116705712792545764e-10 7.177454089585641538e-10
1.367000007629394531e+01 2.193826338909239881e-10 7.464927052830271132e-10
1.367999935150146484e+01 2.262769526489743637e-10 7.720164506807040830e-10
1.368999958038330078e+01 2.323332155522798428e-10 7.942420526087433680e-10
1.369999980926513672e+01 2.375336071613736583e-10 8.131079523720362203e-10
1.371000003814697266e+01 2.418654999741348645e-10 8.285752702706958569e-10
1.371999931335449219e+01 2.453204304251660158e-10 8.406236614674160357e-10
1.372999954223632812e+01 2.478952746028676777e-10 8.492548745968639556e-10
1.373999977111816406e+01 2.495901946144874644e-10 8.544850234742529312e-10
1.375000000000000000e+01 2.504099485613565715e-10 8.563485745101093191e-10
1.375999927520751953e+01 2.503634569910450209e-10 8.548963109679011132e-10
1.376999950408935547e+01 2.494635805889677527e-10 8.501933820151851627e-10
1.377999973297119141e+01 2.477270141662023265e-10 8.423190247560378045e-10
1.378999996185302734e+01 2.451742038483458586e-10 8.313651822950597882e-10
1.379999923706054688e+01 2.418295085955577695e-10 8.174368139015716652e-10
1.380999946594238281e+01 2.377196799079502593e-10 8.006451750907728705e-10
1.381999969482421875e+01 2.328756018112050811e-10 7.811147183249230078e-10
1.382999992370605469e+01 2.273309004890847360e-10 7.589770129917541987e-10
1.384000015258789062e+01 2.211220301139349822e-10 7.343709552685475285e-10
1.384999942779541016e+01 2.142887490994376682e-10 7.074445329694840032e-10
1.385999965667724609e+01 2.068712410417712940e-10 6.783434954247137286e-10
1.386999988555908203e+01 1.989138118845959660e-10 6.472260300368342942e-10
1.388000011444091797e+01 1.904621122025936299e-10 6.142520226922809118e-10
1.388999938964843750e+01 1.815643956670415495e-10 5.795883066635883822e-10
1.389999961853027344e+01 1.722678427242233012e-10 5.433947584831979075e-10
1.390999984741210938e+01 1.626234155202526776e-10 5.058437128432179438e-10
1.392000007629394531e+01 1.526822522517139208e-10 4.671064992230093713e-10
1.392999935150146484e+01 1.424972241230352830e-10 4.273601738481906652e-10
1.393999958038330078e+01 1.321187700088860193e-10 3.867719697317678025e-10
1.394999980926513672e+01 1.216004745124721757e-10 3.455218086174634144e-10
1.396000003814697266e+01 1.109949409526099941e-10 3.037869741215304256e-10
1.396999931335449219e+01 1.003555078136526042e-10 2.617496379538388873e-10
1.397999954223632812e+01 8.973192808964617526e-11 2.195805436946216004e-10
1.398999977111816406e+01 7.917621021682699396e-11 1.774628188817270333e-10
1.400000000000000000e+01 6.873830585633537892e-11 1.355756435773560254e-10
1.400999927520751953e+01 5.846784883835683517e-11 9.410182977514223365e-11
1.401999950408935547e+01 4.841001431617383918e-11 5.321163242099595238e-11
1.402999973297119141e+01 3.861117372527995649e-11 1.308604331759969625e-11
1.403999996185302734e+01 2.911473679223419351e-11 -2.609962237010987783e-11
1.404999923706054688e+01 1.996278840301698809e-11 -6.416877919082212362e-11
1.405999946594238281e+01 1.119243638678325956e-11 -1.009586664212647314e-10
1.406999969482421875e+01 2.840876201213197022e-12 -1.362992848666036890e-10
1.407999992370605469e+01 -5.058299468744809786e-12 -1.700288585499575247e-10
1.409000015258789062e+01 -1.247435494613445907e-11 -2.019910224193691715e-10
1.409999942779541016e+01 -1.937890369582689872e-11 -2.320329802254606003e-10
1.410999965667724609e+01 -2.574859974584615687e-11 -2.600177538763938646e-10
1.411999988555908203e+01 -3.156126865097038555e-11 -2.858079712838900064e-10
1.413000011444091797e+01 -3.679865800165176891e-11 -3.092785424220092881e-10
1.413999938964843750e+01 -4.144538319657492971e-11 -3.303128306155985263e-10
1.414999961853027344e+01 -4.549066627563216020e-11 -3.488114472569423803e-10
1.415999984741210938e+01 -4.892567661311683365e-11 -3.646811693399960187e-10
1.417000007629394531e+01 -5.174534217233149531e-11 -3.778441278428609279e-10
1.417999935150146484e+01 -5.394765792032694934e-11 -3.882356789499163224e-10
1.418999958038330078e+01 -5.553440822233326223e-11 -3.958088726422361811e-10
1.419999980926513672e+01 -5.650982971869196426e-11 -4.005291680218427865e-10
1.421000003814697266e+01 -5.688141614085635841e-11 -4.023792225318032442e-10
1.421999931335449219e+01 -5.665961774684263420e-11 -4.013584279961858649e-10
1.422999954223632812e+01 -5.585757513079704651e-11 -3.974825329461902359e-10
1.423999977111816406e+01 -5.449111053516017983e-11 -3.907843669612401913e-10
1.425000000000000000e+01 -5.257854973081010027e-11 -3.813137063883144648e-10
1.425999927520751953e+01 -5.014081345180222971e-11 -3.691383440186812585e-10
1.426999950408935547e+01 -4.720027043708093995e-11 -3.543388426806723259e-10
1.427999973297119141e+01 -4.378196300560066412e-11 -3.370150113525642153e-10
1.428999996185302734e+01 -3.991254746400582511e-11 -3.172808485219895729e-10
1.429999923706054688e+01 -3.562075004694064715e-11 -2.952669654151282203e-10
1.430999946594238281e+01 -3.093550676146366777e-11 -2.711110090507227303e-10
1.431999969482421875e+01 -2.588824141190884492e-11 -2.449691889875406425e-10
1.432999992370605469e+01 -2.051108422980275311e-11 -2.170068711238312565e-10
1.434000015258789062e+01 -1.483708249647771294e-11 -1.873992553974711508e-10
1.434999942779541016e+01 -8.900602248497235724e-12 -1.563329994889922884e-10
1.435999965667724609e+01 -2.734865889183663217e-12 -1.239927519565323457e-10
1.436999988555908203e+01 3.624813221062973718e-12 -9.057743450118903444e-11
1.438000011444091797e+01 1.014343659692698353e-11 -5.628695587894105835e-11
1.438999938964843750e+01 1.678528519661483111e-11 -2.132690480940853876e-11
1.439999961853027344e+01 2.351661701380932988e-11 1.410640796806942716e-11
1.440999984741210938e+01 3.030200703850162883e-11 4.980743876324832841e-11
1.442000007629394531e+01 3.710701326813393290e-11 8.557618217031979334e-11
1.442999935150146484e+01 4.389703735339749150e-11 1.212128891514558084e-10
1.443999958038330078e+01 5.064004333164075204e-11 1.565329807071126221e-10
1.444999980926513672e+01 5.730279150681562341e-11 1.913478592849867806e-10
1.446000003814697266e+01 6.385355333879828359e-11 2.254796612095331318e-10
1.446999931335449219e+01 7.026097416350745230e-11 2.587557251301653747e-10
1.447999954223632812e+01 7.649661503506539946e-11 2.910220851934502761e-10
1.448999977111816406e+01 8.253138843636095825e-11 3.221251517046234674e-10
1.450000000000000000e+01 8.833812239245609080e-11 3.519251163901078811e-10
1.450999927520751953e+01 9.389052434404829227e-11 3.802905776201581427e-10
1.451999950408935547e+01 9.916537058335272027e-11 4.071095681545136287e-10
1.452999973297119141e+01 1.041394167034107543e-10 4.322735189875551899e-10
1.453999996185302734e+01 1.087916299635525778e-10 4.556883207133200979e-10
1.454999923706054688e+01 1.131023357092039127e-10 4.772695544797111804e-10
1.455999946594238281e+01 1.170549074195136380e-10 4.969504213832682216e-10
1.456999969482421875e+01 1.206333699839196297e-10 5.146691598972476482e-10
1.457999992370605469e+01 1.238241453767262272e-10 5.303771589970259784e-10
1.458999919891357422e+01 1.266154380166519612e-10 5.440352368403251642e-10
1.459999942779541016e+01 1.289983139600771001e-10 5.556182316895012686e-10
1.460999965667724609e+01 1.309651463760561238e-10 5.651067189756240732e-10
1.461999988555908203e+01 1.325107546811104156e-10 5.724919321647261520e-10
1.463000011444091797e+01 1.336321440771731384e-10 5.777738611062914015e-10
1.463999938964843750e+01 1.343284735571568400e-10 5.809605473340070159e-10
1.464999961853027344e+01 1.346012833689018509e-10 5.820686111263499700e-10
1.465999984741210938e+01 1.344540869239102135e-10 5.811209646222028459e-10
1.467000007629394531e+01 1.338926541652333692e-10 5.781477915037285262e-10
1.467999935150146484e+01 1.329249999562757328e-10 5.731863139974336125e-10
1.468999958038330078e+01 1.315609257528156215e-10 5.662783567553153573e-10
1.469999980926513672e+01 1.298125105644470379e-10 5.574728867222364284e-10
1.471000003814697266e+01 1.276937012750350313e-10 5.468240486710414208e-10
1.471999931335449219e+01 1.252205457053830814e-10 5.343926041087439872e-10
1.472999954223632812e+01 1.224101090871711610e-10 5.202408543297247323e-10
1.473999977111816406e+01 1.192817730165633190e-10 5.044396425615186392e-10
1.475000000000000000e+01 1.158561928035327467e-10 4.870636899795843232e-10
1.475999927520751953e+01 1.121557396448545277e-10 4.681945101573142881e-10
1.476999950408935547e+01 1.082029096556422406e-10 4.479130319842094838e-10
1.477999973297119141e+01 1.040222833792714610e-10 4.263103871073284387e-10
1.478999996185302734e+01 9.963896907514518126e-11 4.034808243335273361e-10
1.479999923706054688e+01 9.507921088742678001e-11 3.795257456646229231e-10
1.480999946594238281e+01 9.036845354583727935e-11 3.545444102695487941e-10
1.481999969482421875e+01 8.553377476092077820e-11 3.286475807235724372e-10
1.482999992370605469e+01 8.060197871567877542e-11 3.019483647633959278e-10
1.483999919891357422e+01 7.560032307356834673e-11 2.745669242381811997e-10
1.484999942779541016e+01 7.055442778941176003e-11 2.466197415434204874e-10
1.485999965667724609e+01 6.549097049487622303e-11 2.182350226922852353e-10
1.486999988555908203e+01 6.043561852923911654e-11 1.895419514331743961e-10
1.488000011444091797e+01 5.541334815034472883e-11 1.606728454411022368e-10
1.488999938964843750e+01 5.044876992827480570e-11 1.317654116275709656e-10
1.489999961853027344e+01 4.556410683541160322e-11 1.029511373942948654e-10
1.490999984741210938e+01 4.078191820274213214e-11 7.437120441530091042e-11
1.492000007629394531e+01 3.612309099786219158e-11 4.616473113034546929e-11
1.492999935150146484e+01 3.160764741511257064e-11 1.847335905967038175e-11
1.493999958038330078e+01 2.725295838948129154e-11 -8.570105576608040314e-12
1.494999980926513672e+01 2.307626797008655466e-11 -3.482671585260039744e-11
1.496000003814697266e+01 1.909290795051594634e-11 -6.016294174699298755e-11
1.496999931335449219e+01 1.531705344050778786e-11 -8.444669702427615106e-11
1.497999954223632812e+01 1.176028448193595165e-11 -1.075574763477512450e-10
1.498999977111816406e+01 8.433744756390353413e-12 -1.293734138379719469e-10
1.500000000000000000e+01 5.346689052531984070e-12 -1.497816220377205390e-10
