# col1: q[fm^-1] col2: weakFF col3: chargeFF [unitless]
9.999999999999999547e-07 1.000000164947523640e+00 9.999999782259196834e-01
9.999999776482582092e-03 9.996001801428332501e-01 9.996233058256854820e-01
1.999999955296516418e-02 9.984009841583483258e-01 9.984939434845604422e-01
2.999999932944774628e-02 9.964048502376222638e-01 9.966138542145299706e-01
3.999999910593032837e-02 9.936155601735553455e-01 9.939863043561997236e-01
4.999999701976776123e-02 9.900383946677010494e-01 9.906158562863675021e-01
5.999999865889549255e-02 9.856801151481969780e-01 9.865083537792315171e-01
7.000000029802322388e-02 9.805489515993572880e-01 9.816709137198623703e-01
7.999999821186065674e-02 9.746545777840411873e-01 9.761119066108464581e-01
8.999999612569808960e-02 9.680080795503591684e-01 9.698409312021564199e-01
9.999999403953552246e-02 9.606219304783090163e-01 9.628687966657497599e-01
1.099999994039535522e-01 9.525099498596527603e-01 9.552074886964412315e-01
1.199999973177909851e-01 9.436872898902014528e-01 9.468701637699385998e-01
1.299999952316284180e-01 9.341703584094825930e-01 9.378710830583012470e-01
1.400000005960464478e-01 9.239767904157312195e-01 9.282255928806295575e-01
1.499999910593032837e-01 9.131254340562763305e-01 9.179501193796231195e-01
1.599999964237213135e-01 9.016362129760771005e-01 9.070620465471032068e-01
1.700000017881393433e-01 8.895301769626534627e-01 8.955797728857427531e-01
1.799999922513961792e-01 8.768294016855624484e-01 8.835226255732460121e-01
1.899999976158142090e-01 8.635568694588657834e-01 8.709107566511589127e-01
1.999999880790710449e-01 8.497365432675872965e-01 8.577652230071560746e-01
2.099999934434890747e-01 8.353931461077207521e-01 8.441077865717162565e-01
2.199999988079071045e-01 8.205522386616991293e-01 8.299609982153762777e-01
2.299999892711639404e-01 8.052400948098948907e-01 8.153480895687399421e-01
2.399999946355819702e-01 7.894835624131750773e-01 8.002928504067602367e-01
2.500000000000000000e-01 7.733101316743405951e-01 7.848197041822665421e-01
2.599999904632568359e-01 7.567477999386991172e-01 7.689535893341437056e-01
2.699999809265136719e-01 7.398249500705134096e-01 7.527198530047596314e-01
2.800000011920928955e-01 7.225703004859027612e-01 7.361442130148108109e-01
2.899999916553497314e-01 7.050130170326405210e-01 7.192528755516852668e-01
2.999999821186065674e-01 6.871823332629105607e-01 7.020721801229660164e-01
3.100000023841857910e-01 6.691076301538591009e-01 6.846286851576806054e-01
3.199999928474426270e-01 6.508185308895981791e-01 6.669492691081814195e-01
3.299999833106994629e-01 6.323445076569373935e-01 6.490607598265494271e-01
3.400000035762786865e-01 6.137149717144608774e-01 6.309900294307444479e-01
3.499999940395355225e-01 5.949593744081744795e-01 6.127641008486202079e-01
3.599999845027923584e-01 5.761068071170882821e-01 5.944097673609073373e-01
3.700000047683715820e-01 5.571861011246495021e-01 5.759536960042668241e-01
3.799999952316284180e-01 5.382259342938194857e-01 5.574225387809745857e-01
3.899999856948852539e-01 5.192544305940044458e-01 5.388425480580877336e-01
3.999999761581420898e-01 5.002993254719882987e-01 5.202397431064789135e-01
4.099999964237213135e-01 4.813877953005706867e-01 5.016397479019463201e-01
4.199999868869781494e-01 4.625466269657891871e-01 4.830679623866270811e-01
4.299999773502349854e-01 4.438018262281896442e-01 4.645491808751183727e-01
4.399999976158142090e-01 4.251787372479496896e-01 4.461077118714059653e-01
4.499999880790710449e-01 4.067021595768620656e-01 4.277674968590771121e-01
4.599999785423278809e-01 3.883959695519040300e-01 4.095517369677836861e-01
4.699999988079071045e-01 3.702832464158087311e-01 3.914830180577743568e-01
4.799999892711639404e-01 3.523863922189068298e-01 3.735834312336893115e-01
4.899999797344207764e-01 3.347267710634878046e-01 3.558742124634443060e-01
5.000000000000000000e-01 3.173248404862368255e-01 3.383758717349663048e-01
5.099999904632568359e-01 3.002002732182424416e-01 3.211083143275853535e-01
5.199999809265136719e-01 2.833716184065744881e-01 3.040904975764750495e-01
5.299999713897705078e-01 2.668564855302019145e-01 2.873406123365194742e-01
5.399999618530273438e-01 2.506714709418169651e-01 2.708760051408277136e-01
5.500000119209289551e-01 2.348320464850686684e-01 2.547130599214517122e-01
5.600000023841857910e-01 2.193529202139515577e-01 2.388675612250514002e-01
5.699999928474426270e-01 2.042474580787848326e-01 2.233540982326034374e-01
5.799999833106994629e-01 1.895280551228100130e-01 2.081864367587349385e-01
5.899999737739562988e-01 1.752060344972797556e-01 1.933774092833432934e-01
5.999999642372131348e-01 1.612916449623395809e-01 1.789389047791216103e-01
6.100000143051147461e-01 1.477939821686298782e-01 1.648817784379928431e-01
6.200000047683715820e-01 1.347213113673387808e-01 1.512161794124574077e-01
6.299999952316284180e-01 1.220805908430717540e-01 1.379510453472969078e-01
6.399999856948852539e-01 1.098778052356058632e-01 1.250944396551890436e-01
6.499999761581420898e-01 9.811789546900924475e-02 1.126534687644486360e-01
6.599999666213989258e-01 8.680477295000633975e-02 1.006342866504572192e-01
6.699999570846557617e-01 7.594133623028855029e-02 8.904210166137700722e-02
6.800000071525573730e-01 6.552942931301296292e-02 7.788112034466473932e-02
6.899999976158142090e-01 5.557010845576779851e-02 6.715482219726838509e-02
6.999999880790710449e-01 4.606329318823985247e-02 5.686557380670987510e-02
7.099999785423278809e-01 3.700804263557784524e-02 4.701491287774848399e-02
7.199999690055847168e-01 2.840251936923229165e-02 3.760349768391421654e-02
7.299999594688415527e-01 2.024401840926695270e-02 2.863112617873228571e-02
7.400000095367431641e-01 1.252895316767712458e-02 2.009670729594077027e-02
7.500000000000000000e-01 5.253068831913172525e-03 1.199848433782431736e-02
7.599999904632568359e-01 -1.588800069997274925e-03 4.333753871921132601e-03
7.699999809265136719e-01 -8.002508468850186296e-03 -2.900902635276690102e-03
7.799999713897705078e-01 -1.399461234346562576e-02 -9.709644072003321622e-03
7.899999618530273438e-01 -1.957233207382108944e-02 -1.609734150495846158e-02
7.999999523162841797e-01 -2.474351499720666217e-02 -2.206954885205520897e-02
8.100000023841857910e-01 -2.951662458352129204e-02 -2.763250446277557351e-02
8.199999928474426270e-01 -3.390059038607227959e-02 -3.279296963035732704e-02
8.299999833106994629e-01 -3.790493962958556978e-02 -3.755839534409197156e-02
8.399999737739562988e-01 -4.153964180105137322e-02 -4.193675441465944537e-02
8.499999642372131348e-01 -4.481509883939807648e-02 -4.593654238679514834e-02
8.599999547004699707e-01 -4.774210568057905141e-02 -4.956674358063989372e-02
8.700000047683715820e-01 -5.033182535890930870e-02 -5.283681517706213110e-02
8.799999952316284180e-01 -5.259569015395975516e-02 -5.575657677256964234e-02
8.899999856948852539e-01 -5.454545530164613132e-02 -5.833629241568476231e-02
8.999999761581420898e-01 -5.619309695653236514e-02 -6.058655566129075853e-02
9.099999666213989258e-01 -5.755079080152223497e-02 -6.251827524391709301e-02
9.199999570846557617e-01 -5.863087486809034216e-02 -6.414264031441480052e-02
9.300000071525573730e-01 -5.944581718220970368e-02 -6.547109294929918943e-02
9.399999976158142090e-01 -6.000816230316521199e-02 -6.651526400993579280e-02
9.499999880790710449e-01 -6.033052563501810350e-02 -6.728698669750368677e-02
9.599999785423278809e-01 -6.042553876409906266e-02 -6.779822982734462489e-02
9.699999690055847168e-01 -6.030582240729049498e-02 -6.806107381043090265e-02
9.799999594688415527e-01 -5.998395484345440259e-02 -6.808767848673276391e-02
9.899999499320983887e-01 -5.947244152319117183e-02 -6.789025167333036237e-02
1.000000000000000000e+00 -5.878368130209541548e-02 -6.748101545124111922e-02
1.009999990463256836e+00 -5.792995605342326354e-02 -6.687218738061391499e-02
1.019999980926513672e+00 -5.692337937350077509e-02 -6.607593685226800795e-02
1.029999971389770508e+00 -5.577588684029090305e-02 -6.510436573291027151e-02
1.039999961853027344e+00 -5.449920862397598237e-02 -6.396947963295455952e-02
1.049999952316284180e+00 -5.310484710468302977e-02 -6.268316206475661734e-02
1.059999942779541016e+00 -5.160405592823885668e-02 -6.125714971461725805e-02
1.069999933242797852e+00 -5.000782051481086204e-02 -5.970300886742491847e-02
1.079999923706054688e+00 -4.832684003003279855e-02 -5.803211301818803070e-02
1.090000033378601074e+00 -4.657148949514408609e-02 -5.625559993690224664e-02
1.100000023841857910e+00 -4.475188929604381749e-02 -5.438443772655614239e-02
1.110000014305114746e+00 -4.287776581774255247e-02 -5.242927889462434959e-02
1.120000004768371582e+00 -4.095852221879563160e-02 -5.040052656785272422e-02
1.129999995231628418e+00 -3.900320718336373893e-02 -4.830829782192706118e-02
1.139999985694885254e+00 -3.702050559432276677e-02 -4.616240887821577987e-02
1.149999976158142090e+00 -3.501873060258629128e-02 -4.397236160065954441e-02
1.159999966621398926e+00 -3.300581706639855312e-02 -4.174733129177044672e-02
1.169999957084655762e+00 -3.098931633080117057e-02 -3.949615578270809085e-02
1.179999947547912598e+00 -2.897639231415281846e-02 -3.722732580853833212e-02
1.189999938011169434e+00 -2.697381886548818122e-02 -3.494897665605938702e-02
1.199999928474426270e+00 -2.498797835364790360e-02 -3.266888106801145442e-02
1.209999918937683105e+00 -2.302486144649304109e-02 -3.039444338407338783e-02
1.220000028610229492e+00 -2.109004516149735886e-02 -2.813266803609196232e-02
1.230000019073486328e+00 -1.918878681864959884e-02 -2.589026379867743685e-02
1.240000009536743164e+00 -1.732588863673359056e-02 -2.367347959938955956e-02
1.250000000000000000e+00 -1.550579448344900114e-02 -2.148821144415152470e-02
1.259999990463256836e+00 -1.373257166072638404e-02 -1.933997528943788222e-02
1.269999980926513672e+00 -1.200991683247786337e-02 -1.723390802314554021e-02
1.279999971389770508e+00 -1.034116279728454144e-02 -1.517476946422989699e-02
1.289999961853027344e+00 -8.729286051880506131e-03 -1.316694534063840225e-02
1.299999952316284180e+00 -7.176915090753289289e-03 -1.121445120332106860e-02
1.309999942779541016e+00 -5.686339386849118167e-03 -9.320937232539825562e-03
1.319999933242797852e+00 -4.259518998243155136e-03 -7.489693891335198750e-03
1.329999923706054688e+00 -2.898094745701431524e-03 -5.723658379839156179e-03
1.339999914169311523e+00 -1.603398906315579679e-03 -4.025421843143305554e-03
1.350000023841857910e+00 -3.764521497955688458e-04 -2.397218300663947303e-03
1.360000014305114746e+00 7.819672020821557537e-04 -8.410100203828427658e-04
1.370000004768371582e+00 1.871399027735928073e-03 6.416197945611095722e-04
1.379999995231628418e+00 2.891629859641250706e-03 2.049378767353805201e-03
1.389999985694885254e+00 3.842695443466789037e-03 3.381274933644556717e-03
1.399999976158142090e+00 4.724868063402189004e-03 4.636606036953843345e-03
1.409999966621398926e+00 5.538643714030911866e-03 5.814948413607106369e-03
1.419999957084655762e+00 6.284729165806812040e-03 6.916145515868170508e-03
1.429999947547912598e+00 6.964028969646247555e-03 7.940296121388317266e-03
1.439999938011169434e+00 7.577632444504201620e-03 8.887742276388046689e-03
1.449999928474426270e+00 8.126800690072995270e-03 9.759057019154681115e-03
1.459999918937683105e+00 8.612953664935739731e-03 1.055503192947873300e-02
1.469999909400939941e+00 9.037657368632000948e-03 1.127666454857187243e-02
1.480000019073486328e+00 9.402615165732508898e-03 1.192515301257867505e-02
1.490000009536743164e+00 9.709638597758205383e-03 1.250185329634236064e-02
1.500000000000000000e+00 9.960661159040899368e-03 1.300831285795967136e-02
1.509999990463256836e+00 1.015770814945740792e-02 1.344622618435756430e-02
1.519999980926513672e+00 1.030288958700762737e-02 1.381743035057518033e-02
1.529999971389770508e+00 1.039838870985832463e-02 1.412389252445781819e-02
1.539999961853027344e+00 1.044645079529508101e-02 1.436769761504236124e-02
1.549999952316284180e+00 1.044937231770955328e-02 1.455103609720176557e-02
1.559999942779541016e+00 1.040949046566727945e-02 1.467619204332460195e-02
1.569999933242797852e+00 1.032917303603667070e-02 1.474553139097527395e-02
1.579999923706054688e+00 1.021080872111746266e-02 1.476149047361907662e-02
1.589999914169311523e+00 1.005679780269608942e-02 1.472656483961257666e-02
1.599999904632568359e+00 9.869543264978969041e-03 1.464329838275910296e-02
1.610000014305114746e+00 9.651439562080912568e-03 1.451427100531301091e-02
1.620000004768371582e+00 9.404875369061815871e-03 1.434209513721018334e-02
1.629999995231628418e+00 9.132210361589919445e-03 1.412939664663070451e-02
1.639999985694885254e+00 8.835778151395233884e-03 1.387881105471237136e-02
1.649999976158142090e+00 8.517877186049195234e-03 1.359297323620795722e-02
1.659999966621398926e+00 8.180764521380988821e-03 1.327450880213635297e-02
1.669999957084655762e+00 7.826650045222136032e-03 1.292602590404159403e-02
1.679999947547912598e+00 7.457691150517931251e-03 1.255010746821263144e-02
1.689999938011169434e+00 7.075987854400395648e-03 1.214930386647051185e-02
1.699999928474426270e+00 6.683578358449293599e-03 1.172612602842878181e-02
1.709999918937683105e+00 6.282435044075820527e-03 1.128303899848105175e-02
1.719999909400939941e+00 5.874460895750396351e-03 1.082245593916992057e-02
1.730000019073486328e+00 5.461481397862662755e-03 1.034672682891372465e-02
1.740000009536743164e+00 5.045261542011958422e-03 9.858156225796766564e-03
1.750000000000000000e+00 4.627473909481432876e-03 9.358964537420456226e-03
1.759999990463256836e+00 4.209716369171070949e-03 8.851306332621950573e-03
1.769999980926513672e+00 3.793505597186642118e-03 8.337260964308102970e-03
1.779999971389770508e+00 3.380275856399416520e-03 7.818829203854927093e-03
1.789999961853027344e+00 2.971378125639834254e-03 7.297930293834891530e-03
1.799999952316284180e+00 2.568079564414951430e-03 6.776399410210316027e-03
1.809999942779541016e+00 2.171563298539356049e-03 6.255985524133027276e-03
1.819999933242797852e+00 1.782928511643504937e-03 5.738349652566345806e-03
1.829999923706054688e+00 1.403190827170659348e-03 5.225063486096316254e-03
1.839999914169311523e+00 1.033282965191944982e-03 4.717608381524814216e-03
1.849999904632568359e+00 6.740556581559831737e-04 4.217374706137287828e-03
1.860000014305114746e+00 3.262747347883088525e-04 3.725655713905149866e-03
1.870000004768371582e+00 -9.361046910073484288e-06 3.243670898186214787e-03
1.879999995231628418e+00 -3.322432908484461542e-04 2.772531114792791979e-03
1.889999985694885254e+00 -6.418354421475824323e-04 2.313262756296346687e-03
1.899999976158142090e+00 -9.376750334487528923e-04 1.866802723751276880e-03
1.909999966621398926e+00 -1.219371553001436220e-03 1.433999575799722393e-03
1.919999957084655762e+00 -1.486604165720407109e-03 1.015614924210479601e-03
1.929999947547912598e+00 -1.739119302634359104e-03 6.123250597247733478e-04
1.939999938011169434e+00 -1.976728133862576051e-03 2.247227920039592767e-04
1.949999928474426270e+00 -2.199303939929833293e-03 -1.466805125432545814e-04
1.959999918937683105e+00 -2.406779395865973198e-03 -5.014527112365443733e-04
1.969999909400939941e+00 -2.599143782138399993e-03 -8.392384999900672155e-04
1.979999899864196777e+00 -2.776440136036088888e-03 -1.159756878508695329e-03
1.990000009536743164e+00 -2.938764202963313216e-03 -1.462801989301931943e-03
2.000000000000000000e+00 -3.086253946748958484e-03 -1.748226088958155372e-03
2.009999990463256836e+00 -3.219098207026002776e-03 -2.015958335489668150e-03
2.019999980926513672e+00 -3.337525822053158224e-03 -2.265987148624374649e-03
2.029999971389770508e+00 -3.441804693837920408e-03 -2.498360874321655690e-03
2.039999961853027344e+00 -3.532238840974976334e-03 -2.713184672518703048e-03
2.049999952316284180e+00 -3.609165473233610835e-03 -2.910617358838384679e-03
2.059999942779541016e+00 -3.672952097302503022e-03 -3.090868213468886318e-03
2.069999933242797852e+00 -3.723993662519087429e-03 -3.254193769934418581e-03
2.079999923706054688e+00 -3.762709754825802489e-03 -3.400894595961641374e-03
2.089999914169311523e+00 -3.789541846609030713e-03 -3.531312078110985988e-03
2.099999904632568359e+00 -3.804950609491341163e-03 -3.645825221289220562e-03
2.109999895095825195e+00 -3.809413296564833230e-03 -3.744847473691192540e-03
2.119999885559082031e+00 -3.803421199975971518e-03 -3.828823587138482660e-03
2.129999876022338867e+00 -3.787477189201279241e-03 -3.898226522192468815e-03
2.139999866485595703e+00 -3.762093334791087422e-03 -3.953554406822244044e-03
2.149999856948852539e+00 -3.727788621806376029e-03 -3.995327556806030876e-03
2.159999847412109375e+00 -3.685086756633420592e-03 -4.024085565440906065e-03
2.169999837875366211e+00 -3.634514070333718597e-03 -4.040384469531720091e-03
2.180000066757202148e+00 -3.576596056969384534e-03 -4.044793966021284319e-03
2.190000057220458984e+00 -3.511861177967304758e-03 -4.037894614456950804e-03
2.200000047683715820e+00 -3.440830765090876261e-03 -4.020275877605757400e-03
2.210000038146972656e+00 -3.364022694421803846e-03 -3.992532962337317498e-03
2.220000028610229492e+00 -3.281948506987257541e-03 -3.955264695295583263e-03
2.230000019073486328e+00 -3.195111930072299603e-03 -3.909071259696150942e-03
2.240000009536743164e+00 -3.104007503760086370e-03 -3.854552040741979907e-03
2.250000000000000000e+00 -3.009119312246991054e-03 -3.792303582045578741e-03
2.259999990463256836e+00 -2.910919819116315234e-03 -3.722917654929121418e-03
2.269999980926513672e+00 -2.809868805412511078e-03 -3.646979441975129951e-03
2.279999971389770508e+00 -2.706412409037335307e-03 -3.565065835719410849e-03
2.289999961853027344e+00 -2.600982263690730656e-03 -3.477743852916491494e-03
2.299999952316284180e+00 -2.493994735302307569e-03 -3.385569164366264688e-03
2.309999942779541016e+00 -2.385850253644170461e-03 -3.289084739869975026e-03
2.319999933242797852e+00 -2.276932736582346507e-03 -3.188819607484412889e-03
2.329999923706054688e+00 -2.167609104212117263e-03 -3.085287725865986600e-03
2.339999914169311523e+00 -2.058228879931654938e-03 -2.978986968141228951e-03
2.349999904632568359e+00 -1.949123875338609193e-03 -2.870398215408199658e-03
2.359999895095825195e+00 -1.840607955684838955e-03 -2.759984557663560344e-03
2.369999885559082031e+00 -1.732976882495168959e-03 -2.648190599663707064e-03
2.379999876022338867e+00 -1.626508229846258596e-03 -2.535441868964615798e-03
2.389999866485595703e+00 -1.521461370710931130e-03 -2.422144323144422452e-03
2.399999856948852539e+00 -1.418077529700736191e-03 -2.308683952994634338e-03
2.409999847412109375e+00 -1.316579898484966996e-03 -2.195426478270394097e-03
2.419999837875366211e+00 -1.217173810126495831e-03 -2.082717132416690448e-03
2.429999828338623047e+00 -1.120046968553493026e-03 -1.970880532535877749e-03
2.440000057220458984e+00 -1.025367502550980333e-03 -1.860218008711500342e-03
2.450000047683715820e+00 -9.332932652228636064e-04 -1.751018158856748955e-03
2.460000038146972656e+00 -8.439586570268240188e-04 -1.643541110629339122e-03
2.470000028610229492e+00 -7.574841301470968758e-04 -1.538029282342489668e-03
2.480000019073486328e+00 -6.739743500976346207e-04 -1.434704965739325502e-03
2.490000009536743164e+00 -5.935186772664675361e-04 -1.333770623103854285e-03
2.500000000000000000e+00 -5.161916777330478965e-04 -1.235409240942554566e-03
2.509999990463256836e+00 -4.420536598976379755e-04 -1.139784736006247291e-03
2.519999980926513672e+00 -3.711512335506826025e-04 -1.047042409439380385e-03
2.529999971389770508e+00 -3.035178881073742640e-04 -9.573094448765621760e-04
2.539999961853027344e+00 -2.391745868368751931e-04 -8.706954463529006016e-04
2.549999952316284180e+00 -1.781303740266146427e-04 -7.872930119549048384e-04
2.559999942779541016e+00 -1.203829921386968414e-04 -7.071783392114036875e-04
2.569999933242797852e+00 -6.591950613686016946e-05 -6.304118583080390009e-04
2.579999923706054688e+00 -1.471693228826096227e-05 -5.570388893039153813e-04
2.589999914169311523e+00 3.325713112654885202e-05 -4.870903196336942142e-04
2.599999904632568359e+00 7.804387363006275353e-05 -4.205832982920871383e-04
2.609999895095825195e+00 1.196926451912628885e-04 -3.575219432194608367e-04
2.619999885559082031e+00 1.582603338610692354e-04 -2.978980585361607272e-04
2.629999876022338867e+00 1.938107504283564074e-04 -2.416918584084728713e-04
2.639999866485595703e+00 2.264140219884039405e-04 -1.888726944699011857e-04
2.649999856948852539e+00 2.561459961791545691e-04 -1.393997838669189227e-04
2.659999847412109375e+00 2.830876577048764640e-04 -9.322293514775782382e-05
2.669999837875366211e+00 3.073245586323942904e-04 -5.028326936527052613e-05
2.679999828338623047e+00 3.289462638121928395e-04 -1.051393391981477809e-05
2.690000057220458984e+00 3.480462387055601142e-04 2.616003125014010677e-05
2.700000047683715820e+00 3.647195676739178579e-04 5.981757795554378188e-05
2.710000038146972656e+00 3.790651803623413716e-04 9.054621420249414480e-05
2.720000028610229492e+00 3.911834895871872772e-04 1.184377718908412341e-04
2.730000019073486328e+00 4.011764132435746634e-04 1.435886718394728567e-04
2.740000009536743164e+00 4.091469317454107953e-04 1.660992966595998903e-04
2.750000000000000000e+00 4.151986665572281188e-04 1.860733838127544249e-04
2.759999990463256836e+00 4.194354802110339809e-04 2.036174400826149477e-04
2.769999980926513672e+00 4.219610980985540136e-04 2.188401785420634972e-04
2.779999971389770508e+00 4.228787522309782033e-04 2.318519789527107109e-04
2.789999961853027344e+00 4.222908470644995134e-04 2.427643723935630571e-04
2.799999952316284180e+00 4.202986474009516344e-04 2.516895507792892917e-04
2.809999942779541016e+00 4.170019882885769120e-04 2.587399017966308772e-04
2.819999933242797852e+00 4.124990067685256091e-04 2.640275696604710959e-04
2.829999923706054688e+00 4.068858952381938570e-04 2.676640419690399825e-04
2.839999914169311523e+00 4.002566761328463099e-04 2.697597628208880569e-04
2.849999904632568359e+00 3.927029975623130094e-04 2.704237722449677299e-04
2.859999895095825195e+00 3.843139494797188113e-04 2.697633718894109885e-04
2.869999885559082031e+00 3.751758999042724635e-04 2.678838168145234724e-04
2.879999876022338867e+00 3.653723506700637174e-04 2.648880331414675592e-04
2.889999866485595703e+00 3.549838121274387164e-04 2.608763612197377698e-04
2.899999856948852539e+00 3.440876961829055685e-04 2.559463238943588759e-04
2.909999847412109375e+00 3.327582270274852456e-04 2.501924193773627991e-04
2.919999837875366211e+00 3.210663688718437200e-04 2.437059381578421413e-04
2.929999828338623047e+00 3.090797699794355438e-04 2.365748033204675483e-04
2.939999818801879883e+00 2.968627222660084539e-04 2.288834335839737754e-04
2.950000047683715820e+00 2.844758388382759295e-04 2.207124284157034632e-04
2.960000038146972656e+00 2.719772279551243557e-04 2.121392651466675575e-04
2.970000028610229492e+00 2.594207207945344713e-04 2.032370539381560715e-04
2.980000019073486328e+00 2.468570645763900912e-04 1.940752538511736033e-04
2.990000009536743164e+00 2.343336549661300316e-04 1.847194481080640738e-04
3.000000000000000000e+00 2.218945729295182133e-04 1.752313264406625906e-04
3.009999990463256836e+00 2.095806317202983415e-04 1.656686841784147149e-04
3.019999980926513672e+00 1.974294332221496922e-04 1.560854371206043959e-04
3.029999971389770508e+00 1.854754328749391224e-04 1.465316512262047541e-04
3.039999961853027344e+00 1.737500124266050416e-04 1.370535861488193319e-04
3.049999952316284180e+00 1.622815597656046777e-04 1.276937516422598927e-04
3.059999942779541016e+00 1.510955551048307160e-04 1.184909758645379937e-04
3.069999933242797852e+00 1.402146628058577478e-04 1.094804846140383944e-04
3.079999923706054688e+00 1.296588281521772034e-04 1.006939905412398311e-04
3.089999914169311523e+00 1.194453784015985946e-04 9.215979139234536997e-05
3.099999904632568359e+00 1.095891274709239231e-04 8.390287635724947473e-05
3.109999895095825195e+00 1.001024836302897853e-04 7.594503961332613401e-05
3.119999885559082031e+00 9.099555960992193810e-05 6.830500017818007957e-05
3.129999876022338867e+00 8.227628454836194709e-05 6.099852720861718389e-05
3.139999866485595703e+00 7.395051723830742339e-05 5.403856990946501139e-05
3.149999856948852539e+00 6.602216015387590506e-05 4.743539124415397946e-05
3.159999847412109375e+00 5.849327377124225922e-05 4.119670466908971148e-05
3.169999837875366211e+00 5.136419072301124836e-05 3.532781314545102694e-05
3.179999828338623047e+00 4.463362935524396301e-05 2.983174971502169527e-05
3.189999818801879883e+00 3.829880628469654516e-05 2.470941896075449658e-05
3.199999809265136719e+00 3.235554758223821073e-05 1.995973870774815921e-05
3.210000038146972656e+00 2.679827029625413568e-05 1.557968130358711891e-05
3.220000028610229492e+00 2.162061060083392221e-05 1.156482285705928978e-05
3.230000019073486328e+00 1.681473417683283203e-05 7.908855764708786835e-06
3.240000009536743164e+00 1.237197772984558482e-05 4.604152069638280392e-06
3.250000000000000000e+00 8.282811598067598799e-06 1.641789146974392515e-06
3.259999990463256836e+00 4.536936391987726924e-06 -9.883186544158849577e-07
3.269999980926513672e+00 1.123376407933066700e-06 -3.297291621450600945e-06
3.279999971389770508e+00 -1.969430346976953307e-06 -5.297159890478253283e-06
3.289999961853027344e+00 -4.753545657648043117e-06 -7.000742582438741297e-06
3.299999952316284180e+00 -7.241448248449095525e-06 -8.421531142107293940e-06
3.309999942779541016e+00 -9.445954670704541633e-06 -9.573577129939625993e-06
3.319999933242797852e+00 -1.138014400523302889e-05 -1.047138468189527067e-05
3.329999923706054688e+00 -1.305728643543376085e-05 -1.112980782033514863e-05
3.339999914169311523e+00 -1.449077572792246797e-05 -1.156395276795884895e-05
3.349999904632568359e+00 -1.569406564026870520e-05 -1.178908538668115642e-05
3.359999895095825195e+00 -1.668061025884137790e-05 -1.182054383442865895e-05
3.369999885559082031e+00 -1.746380825431979143e-05 -1.167365650523243666e-05
3.379999876022338867e+00 -1.805695102792753622e-05 -1.136366529159665056e-05
3.389999866485595703e+00 -1.847317470791016427e-05 -1.090565418309631269e-05
3.399999856948852539e+00 -1.872541594326830047e-05 -1.031448319145757884e-05
3.409999847412109375e+00 -1.882637143015014483e-05 -9.604727570055633526e-06
3.419999837875366211e+00 -1.878846109568693503e-05 -8.790622274877189299e-06
3.429999828338623047e+00 -1.862379485431452669e-05 -7.886011594450436759e-06
3.439999818801879883e+00 -1.834414284279761750e-05 -6.904303858164793148e-06
3.449999809265136719e+00 -1.796090903224811713e-05 -5.858431115725827613e-06
3.460000038146972656e+00 -1.748509574589951322e-05 -4.760786974536507900e-06
3.470000028610229492e+00 -1.692733131079868006e-05 -3.623301788872447986e-06
3.480000019073486328e+00 -1.629778467987267015e-05 -2.457259022210881102e-06
3.490000009536743164e+00 -1.560619487558020731e-05 -1.273377235998045647e-06
3.500000000000000000e+00 -1.486184945740750998e-05 -8.176692799855236488e-08
3.509999990463256836e+00 -1.407357591840883603e-05 1.108082974422576580e-06
3.519999980926513672e+00 -1.324973559232709268e-05 2.287314752760571045e-06
3.529999971389770508e+00 -1.239821993448950694e-05 3.447707859609986399e-06
3.539999961853027344e+00 -1.152644903836512000e-05 4.581681401752722058e-06
3.549999952316284180e+00 -1.064137224915926412e-05 5.682293344850778735e-06
3.559999942779541016e+00 -9.749470735711701470e-06 6.743236643314034205e-06
3.569999933242797852e+00 -8.856761882519775055e-06 7.758832500550278226e-06
3.579999923706054688e+00 -7.968805364779864316e-06 8.724020965513008425e-06
3.589999914169311523e+00 -7.090710770814259162e-06 9.634349071259332736e-06
3.599999904632568359e+00 -6.227146638362801198e-06 1.048595672003824838e-05
3.609999895095825195e+00 -5.382350773570425408e-06 1.127556051756372066e-05
3.619999885559082031e+00 -4.560141724416851088e-06 1.200043575635103673e-05
3.629999876022338867e+00 -3.763931283555987931e-06 1.265839674453775226e-05
3.639999866485595703e+00 -2.996737899064083953e-06 1.324777567256231582e-05
3.649999856948852539e+00 -2.261200875541192587e-06 1.376740020526159543e-05
3.659999847412109375e+00 -1.559595252126594154e-06 1.421656998173344310e-05
3.669999837875366211e+00 -8.938472484242996579e-07 1.459503219948179789e-05
3.679999828338623047e+00 -2.655501739732750399e-07 1.490295645312202757e-05
3.689999818801879883e+00 3.240192983315491900e-07 1.514090899131932238e-05
3.699999809265136719e+00 8.738845894350507440e-07 1.530982654858468450e-05
3.709999799728393555e+00 1.383352491460729059e-06 1.541098990131503191e-05
3.720000028610229492e+00 1.852007034335124045e-06 1.544599735035408680e-05
3.730000019073486328e+00 2.279648934224196498e-06 1.541673639388599340e-05
3.740000009536743164e+00 2.666345862403262984e-06 1.532536221574507866e-05
3.750000000000000000e+00 3.012370118557840625e-06 1.517426661085158779e-05
3.759999990463256836e+00 3.318193830071661647e-06 1.496605374931417171e-05
3.769999980926513672e+00 3.584472737566672921e-06 1.470351478084190560e-05
3.779999971389770508e+00 3.812030280915319293e-06 1.438960298966011987e-05
3.789999961853027344e+00 4.001842033738682044e-06 1.402740958575968192e-05
3.799999952316284180e+00 4.155020529512937171e-06 1.362014021032044718e-05
3.809999942779541016e+00 4.272800517660326618e-06 1.317109222527474620e-05
3.819999933242797852e+00 4.356524683397285971e-06 1.268363284924564552e-05
3.829999923706054688e+00 4.407629860709756280e-06 1.216117819453017403e-05
3.839999914169311523e+00 4.427633763563700791e-06 1.160717325241392676e-05
3.849999904632568359e+00 4.418122256457736125e-06 1.102507286695351107e-05
3.859999895095825195e+00 4.380737181540711452e-06 1.041832373041921032e-05
3.869999885559082031e+00 4.317164755945362551e-06 9.790347426930799400e-06
3.879999876022338867e+00 4.229124549549366820e-06 9.144524544414544233e-06
3.889999866485595703e+00 4.118359050194386155e-06 8.484179868877146072e-06
3.899999856948852539e+00 3.986623820431354585e-06 7.812568669167113797e-06
3.909999847412109375e+00 3.835678247097357907e-06 7.132864074884150615e-06
3.919999837875366211e+00 3.667276882497963700e-06 6.448145544864805579e-06
3.929999828338623047e+00 3.483161373635951405e-06 5.761388418792743781e-06
3.939999818801879883e+00 3.285052973796386395e-06 5.075454539902585064e-06
3.949999809265136719e+00 3.074645628883561338e-06 4.393083932497308366e-06
3.959999799728393555e+00 2.853599629138985732e-06 3.716887514070755799e-06
3.970000028610229492e+00 2.623530235291346346e-06 3.049325024607541480e-06
3.980000019073486328e+00 2.386024588018914610e-06 2.392763196219394338e-06
3.990000009536743164e+00 2.142604017490484270e-06 1.749375836406372469e-06
4.000000000000000000e+00 1.894741604461370356e-06 1.121204344890671492e-06
4.009999752044677734e+00 1.643859092354685192e-06 5.101535032245607167e-07
4.019999980926513672e+00 1.391293624292471454e-06 -8.208196417412233471e-08
4.029999732971191406e+00 1.138361072641555256e-06 -6.538613781910584216e-07
4.039999961853027344e+00 8.862635279488595745e-07 -1.203808606624095044e-06
4.049999713897705078e+00 6.361836266845716516e-07 -1.730593638373423159e-06
4.059999942779541016e+00 3.891871659299142666e-07 -2.233140775246476903e-06
4.069999694824218750e+00 1.463171748277877450e-07 -2.710425976114448252e-06
4.079999923706054688e+00 -9.150079239025096832e-08 -3.161665794969643882e-06
4.089999675750732422e+00 -3.233665792435045498e-07 -3.586132390639738818e-06
4.099999904632568359e+00 -5.484959784212190454e-07 -3.983321894601787744e-06
4.110000133514404297e+00 -7.661423627568801555e-07 -4.352805484034669113e-06
4.119999885559082031e+00 -9.756308769219070697e-07 -4.694291543080850587e-06
4.130000114440917969e+00 -1.176385950622510070e-06 -5.007663700711679164e-06
4.139999866485595703e+00 -1.367861308786155526e-06 -5.292864975607147575e-06
4.150000095367431641e+00 -1.549615090200383913e-06 -5.550011802524936437e-06
4.159999847412109375e+00 -1.721235345391711367e-06 -5.779279453985287981e-06
4.170000076293945312e+00 -1.882407522518799994e-06 -5.980994201693340966e-06
4.179999828338623047e+00 -2.032847134501109696e-06 -6.155539638396934653e-06
4.190000057220458984e+00 -2.172359082490637227e-06 -6.303427425493338598e-06
4.199999809265136719e+00 -2.300778073130523156e-06 -6.425224207058206568e-06
4.210000038146972656e+00 -2.418019438419576469e-06 -6.521601693488645319e-06
4.219999790191650391e+00 -2.524027696092806419e-06 -6.593283557776159591e-06
4.230000019073486328e+00 -2.618818699812537940e-06 -6.641075864285292071e-06
4.239999771118164062e+00 -2.702436560669128724e-06 -6.665833073062684459e-06
4.250000000000000000e+00 -2.774987121790904608e-06 -6.668470041947301994e-06
4.259999752044677734e+00 -2.836603298292446571e-06 -6.649946039041958086e-06
4.269999980926513672e+00 -2.887470014376275069e-06 -6.611259725310301240e-06
4.279999732971191406e+00 -2.927797873772136983e-06 -6.553449888483488451e-06
4.289999961853027344e+00 -2.957839824442658907e-06 -6.477574952879512655e-06
4.299999713897705078e+00 -2.977872942341397266e-06 -6.384728999465527501e-06
4.309999942779541016e+00 -2.988207198551659107e-06 -6.276007451191810352e-06
4.319999694824218750e+00 -2.989175026409674201e-06 -6.152536832539635112e-06
4.329999923706054688e+00 -2.981132658286000060e-06 -6.015428344091873794e-06
4.339999675750732422e+00 -2.964457049863227899e-06 -5.865819739027096106e-06
4.349999904632568359e+00 -2.939540329109311348e-06 -5.704818532255304083e-06
4.360000133514404297e+00 -2.906791829991333654e-06 -5.533545934839808196e-06
4.369999885559082031e+00 -2.866634963071289355e-06 -5.353113413619243654e-06
4.380000114440917969e+00 -2.819497448732062964e-06 -5.164590689999234673e-06
4.389999866485595703e+00 -2.765823289493304729e-06 -4.969063192639742689e-06
4.400000095367431641e+00 -2.706052721606965743e-06 -4.767556923575046868e-06
4.409999847412109375e+00 -2.640640521233998037e-06 -4.561109625096881002e-06
4.420000076293945312e+00 -2.570031331439461660e-06 -4.350691216148891472e-06
4.429999828338623047e+00 -2.494682642572478597e-06 -4.137279670379881063e-06
4.440000057220458984e+00 -2.415036186727351784e-06 -3.921778569728156062e-06
4.449999809265136719e+00 -2.331544913413496722e-06 -3.705096178886727250e-06
4.460000038146972656e+00 -2.244641141279368960e-06 -3.488061562294092184e-06
4.469999790191650391e+00 -2.154766848141520695e-06 -3.271505431505937273e-06
4.480000019073486328e+00 -2.062339257348691417e-06 -3.056176157627909623e-06
4.489999771118164062e+00 -1.967783770104079411e-06 -2.842821073561214189e-06
4.500000000000000000e+00 -1.871497642633561499e-06 -2.632103589467892914e-06
4.509999752044677734e+00 -1.773884907270957646e-06 -2.424683748458451680e-06
4.519999980926513672e+00 -1.675318767841053182e-06 -2.221137520983428068e-06
4.529999732971191406e+00 -1.576177882968406273e-06 -2.022035537311069809e-06
4.539999961853027344e+00 -1.476808071993379850e-06 -1.827865500616489535e-06
4.549999713897705078e+00 -1.377559368167991137e-06 -1.639108149757176860e-06
4.559999942779541016e+00 -1.278747587137418464e-06 -1.456163592911440477e-06
4.569999694824218750e+00 -1.180691597860005564e-06 -1.279423687067724557e-06
4.579999923706054688e+00 -1.083675261244686260e-06 -1.109202956726881994e-06
4.589999675750732422e+00 -9.879844115964585752e-07 -9.458067097644476551e-07
4.599999904632568359e+00 -8.938696253677628188e-07 -7.894670711092880064e-07
4.610000133514404297e+00 -8.015781009085832829e-07 -6.403993542528299409e-07
4.619999885559082031e+00 -7.113394352881753036e-07 -4.987782685709388927e-07
4.630000114440917969e+00 -6.233530276005491145e-07 -3.647204609501030667e-07
4.639999866485595703e+00 -5.378179150607603614e-07 -2.383322234621429838e-07
4.650000095367431641e+00 -4.548992981583195882e-07 -1.196597953271103847e-07
4.659999847412109375e+00 -3.747612359427463819e-07 -8.739056217018027878e-09
4.670000076293945312e+00 -2.975352097779713211e-07 9.444818205420477318e-08
4.679999828338623047e+00 -2.233508752232474935e-07 1.899302510531063896e-07
4.690000057220458984e+00 -1.523068924274589824e-07 2.777833424872967209e-07
4.699999809265136719e+00 -8.449951174763677608e-08 3.580933794784518815e-07
4.710000038146972656e+00 -1.999584752053918764e-08 4.309878331855225534e-07
4.719999790191650391e+00 4.113987442029992159e-08 4.966033235560334253e-07
4.730000019073486328e+00 9.887047271487937256e-08 5.551117101320945845e-07
4.739999771118164062e+00 1.531620239481500028e-07 6.066932728663072870e-07
4.750000000000000000e+00 2.040053693529749291e-07 6.515573237195623463e-07
4.759999752044677734e+00 2.513948657621826349e-07 6.899207453661389142e-07
4.769999980926513672e+00 2.953472094254531034e-07 7.220234317654255658e-07
4.779999732971191406e+00 3.358827575612516105e-07 7.481119003945956489e-07
4.789999961853027344e+00 3.730416780714875255e-07 7.684499208564363397e-07
4.799999713897705078e+00 4.068678348019679034e-07 7.833068646267533445e-07
4.809999942779541016e+00 4.374223109601334687e-07 7.929639212010216282e-07
4.819999694824218750e+00 4.647698148218216591e-07 7.977068080451405322e-07
4.829999923706054688e+00 4.889896598582873354e-07 7.978280040590446057e-07
4.839999675750732422e+00 5.101646151355014179e-07 7.936234111845006313e-07
4.849999904632568359e+00 5.283894562437154869e-07 7.853910555597614941e-07
4.859999656677246094e+00 5.437621561058492926e-07 7.734312705505310880e-07
4.869999885559082031e+00 5.563901475394581566e-07 7.580423274499922893e-07
4.880000114440917969e+00 5.663841413008404337e-07 7.395227440526871386e-07
4.889999866485595703e+00 5.738601854236767888e-07 7.181690746671890133e-07
4.900000095367431641e+00 5.789394729520651503e-07 6.942710775540192351e-07
4.909999847412109375e+00 5.817454436874935153e-07 6.681181021482711325e-07
4.920000076293945312e+00 5.824050763260456567e-07 6.399890648109758613e-07
4.929999828338623047e+00 5.810471327413879315e-07 6.101614594131010960e-07
4.940000057220458984e+00 5.778017993987676136e-07 5.788998534677297655e-07
4.949999809265136719e+00 5.728005580978714342e-07 5.464664414044946575e-07
4.960000038146972656e+00 5.661743815314980374e-07 5.131084802326841447e-07
4.969999790191650391e+00 5.580550408816475470e-07 4.790699782587314422e-07
4.980000019073486328e+00 5.485720626397772301e-07 4.445784636911537496e-07
4.989999771118164062e+00 5.378552801488557215e-07 4.098574253602896679e-07
5.000000000000000000e+00 5.260307572386303562e-07 3.751127778492775750e-07
5.009999752044677734e+00 5.132243908312907098e-07 3.405456986119572969e-07
5.019999980926513672e+00 4.995570019107750698e-07 3.063391201193968771e-07
5.029999732971191406e+00 4.851487993917108208e-07 2.726706388069004243e-07
5.039999961853027344e+00 4.701138309160687155e-07 2.396993292325712758e-07
5.049999713897705078e+00 4.545651240333969416e-07 2.075784337316721586e-07
5.059999942779541016e+00 4.386086787111417080e-07 1.764427564547637593e-07
5.069999694824218750e+00 4.223491102188182772e-07 1.464208777401029407e-07
5.079999923706054688e+00 4.058833525482872477e-07 1.176233479127019114e-07
5.089999675750732422e+00 3.893066378808820911e-07 9.015420646253519918e-08
5.099999904632568359e+00 3.727060657954407262e-07 6.410015735201172438e-08
5.109999656677246094e+00 3.561667665282927159e-07 3.954120947809066112e-08
5.119999885559082031e+00 3.397654753342047650e-07 1.654097757478242476e-08
5.130000114440917969e+00 3.235759747542916772e-07 -4.844683963387491267e-09
5.139999866485595703e+00 3.076666262782798019e-07 -2.457124460854731419e-08
5.150000095367431641e+00 2.920981078433966253e-07 -4.260764596376121712e-08
5.159999847412109375e+00 2.769286755912764211e-07 -5.892956071830609214e-08
5.170000076293945312e+00 2.622082530830317073e-07 -7.352588351540286435e-08
5.179999828338623047e+00 2.479842435898564997e-07 -8.639209907620158408e-08
5.190000057220458984e+00 2.342959821813979918e-07 -9.753541994023342911e-08
5.199999809265136719e+00 2.211802288257908755e-07 -1.069694289661350579e-07
5.210000038146972656e+00 2.086660483136295255e-07 -1.147178694498800266e-07
5.219999790191650391e+00 1.967799167727165319e-07 -1.208105640113242372e-07
5.230000019073486328e+00 1.855410785716309298e-07 -1.252858891454849980e-07
5.239999771118164062e+00 1.749662149276845015e-07 -1.281879462524417839e-07
5.250000000000000000e+00 1.650653117998228704e-07 -1.295677762946543808e-07
5.259999752044677734e+00 1.558458547983910524e-07 -1.294817352288443067e-07
5.269999980926513672e+00 1.473092277698485939e-07 -1.279915249991723922e-07
5.279999732971191406e+00 1.394544129383318872e-07 -1.251637050732377081e-07
5.289999961853027344e+00 1.322749265211894387e-07 -1.210686334218714058e-07
5.299999713897705078e+00 1.257620167629847431e-07 -1.157810283210644028e-07
5.309999942779541016e+00 1.199021305580684305e-07 -1.093779272850996318e-07
5.319999694824218750e+00 1.146796145863563157e-07 -1.019401988233458977e-07
5.329999923706054688e+00 1.100746956753811812e-07 -9.354963850226025398e-08
5.339999675750732422e+00 1.060657014741517911e-07 -8.429131894102921149e-08
5.349999904632568359e+00 1.026275271764534824e-07 -7.424995041195349163e-08
5.359999656677246094e+00 9.973340200970012820e-08 -6.351294892417576253e-08
5.369999885559082031e+00 9.735380604703822488e-08 -5.216619412900020059e-08
5.380000114440917969e+00 9.545773772882933311e-08 -4.029711280302952882e-08
5.389999866485595703e+00 9.401243387491628331e-08 -2.799285455122528317e-08
5.400000095367431641e+00 9.298350481635790854e-08 -1.533803566435916760e-08
5.409999847412109375e+00 9.233560590250006295e-08 -2.418520098472817039e-09
5.420000076293945312e+00 9.203227420131339528e-08 1.068373762056188095e-08
5.429999828338623047e+00 9.203641905539843195e-08 2.388611241633028804e-08
5.440000057220458984e+00 9.231043084161587592e-08 3.711059954701450778e-08
5.449999809265136719e+00 9.281641703975559000e-08 5.027908726708256538e-08
5.460000038146972656e+00 9.351652332538652187e-08 6.331865591784575392e-08
5.469999790191650391e+00 9.437296877910730773e-08 7.615682225262580416e-08
5.480000019073486328e+00 9.534851829858215882e-08 8.872672853018434216e-08
5.489999771118164062e+00 9.640637093953494246e-08 1.009624703301369264e-07
5.500000000000000000e+00 9.751072278061947896e-08 1.128040664350638190e-07
5.509999752044677734e+00 9.862656150437694796e-08 1.241929732009549805e-07
5.519999980926513672e+00 9.972026043708173183e-08 1.350767364229797800e-07
5.529999732971191406e+00 1.007593304726168843e-07 1.454047852678858808e-07
5.539999961853027344e+00 1.017129889309074882e-07 1.551326788568590987e-07
5.549999713897705078e+00 1.025519169277737197e-07 1.642182616901983275e-07
5.559999942779541016e+00 1.032487508830112739e-07 1.726254301320886971e-07
5.569999694824218750e+00 1.037778895502612418e-07 1.803207193990619478e-07
5.579999923706054688e+00 1.041158613116516805e-07 1.872765282345730413e-07
5.589999675750732422e+00 1.042412204654815604e-07 1.934681951709889677e-07
5.599999904632568359e+00 1.041347496961312634e-07 1.988766331775583884e-07
5.609999656677246094e+00 1.037794799875465906e-07 2.034859402635707861e-07
5.619999885559082031e+00 1.031606946869152071e-07 2.072854095487258576e-07
5.629999637603759766e+00 1.022661017104951336e-07 2.102677065903096549e-07
5.639999866485595703e+00 1.010856131908871548e-07 2.124302338869904313e-07
5.650000095367431641e+00 9.961161523997856740e-08 2.137739394252934522e-07
5.659999847412109375e+00 9.783889194502552236e-08 2.143038048029385443e-07
5.670000076293945312e+00 9.576428395701953089e-08 2.140286175176273437e-07
5.679999828338623047e+00 9.338727741782134173e-08 2.129607483454111513e-07
5.690000057220458984e+00 9.070916080287044259e-08 2.111158956561160741e-07
5.699999809265136719e+00 8.773386741162598785e-08 2.085133245748682843e-07
5.710000038146972656e+00 8.446687906037025737e-08 2.051749925538362314e-07
5.719999790191650391e+00 8.091627355260301672e-08 2.011263531475673079e-07
5.730000019073486328e+00 7.709138407659012387e-08 1.963948959198880202e-07
5.739999771118164062e+00 7.300404656117456543e-08 1.910114854540150344e-07
5.750000000000000000e+00 6.866703030537609507e-08 1.850083580372762653e-07
5.759999752044677734e+00 6.409547455187184101e-08 1.784209579962301341e-07
5.769999980926513672e+00 5.930511178908681417e-08 1.712854417015772465e-07
5.779999732971191406e+00 5.431387776024720516e-08 1.636409659037014712e-07
5.789999961853027344e+00 4.913995391693570793e-08 1.555267563435808116e-07
5.799999713897705078e+00 4.380353050774933627e-08 1.469847965239868798e-07
5.809999942779541016e+00 3.832469876599438400e-08 1.380565235601731895e-07
5.819999694824218750e+00 3.272534276092646970e-08 1.287858607921232632e-07
5.829999923706054688e+00 2.702691503268158881e-08 1.192156074385732824e-07
5.839999675750732422e+00 2.125242960935279415e-08 1.093907546649176981e-07
5.849999904632568359e+00 1.542415695948936892e-08 9.935463812653155749e-08
5.859999656677246094e+00 9.565688017410051748e-09 8.915247454503829415e-08
5.869999885559082031e+00 3.699585541302644469e-09 7.882734738532396629e-08
5.879999637603759766e+00 -2.150512803264015317e-09 6.842389966464816732e-08
5.889999866485595703e+00 -7.962249276117951203e-09 5.798422283900220430e-08
5.900000095367431641e+00 -1.371270927463763334e-08 4.755114476829388912e-08
5.909999847412109375e+00 -1.937938353355538806e-08 3.716657380097108127e-08
5.920000076293945312e+00 -2.494107226376157108e-08 2.686985695208170419e-08
5.929999828338623047e+00 -3.037610727184766517e-08 1.670108660199444787e-08
5.940000057220458984e+00 -3.566456357344819246e-08 6.697042251634958628e-09
5.949999809265136719e+00 -4.078627915147851343e-08 -3.105068165717276335e-09
5.960000038146972656e+00 -4.572295021198202141e-08 -1.267153594008185569e-08
5.969999790191650391e+00 -5.045625748863501450e-08 -2.196852947908653182e-08
5.980000019073486328e+00 -5.496981503720646399e-08 -3.096583552987289294e-08
5.989999771118164062e+00 -5.924743160999269220e-08 -3.963340853368085674e-08
6.000000000000000000e+00 -6.327488590521873294e-08 -4.794487501742376555e-08
6.009999752044677734e+00 -6.703834880037616188e-08 -5.587430164915529866e-08
6.019999980926513672e+00 -7.052596134209098117e-08 -6.339941843146118445e-08
6.029999732971191406e+00 -7.372644040736775329e-08 -7.049864708276945711e-08
6.039999961853027344e+00 -7.663043933535730724e-08 -7.715400510486930507e-08
6.049999713897705078e+00 -7.922935598803033449e-08 -8.334843004760373906e-08
6.059999942779541016e+00 -8.151645973493978097e-08 -8.906833326165482105e-08
6.069999694824218750e+00 -8.348591698082969948e-08 -9.430124918239864066e-08
6.079999923706054688e+00 -8.513367218416535889e-08 -9.903801451989323331e-08
6.089999675750732422e+00 -8.645670180975155161e-08 -1.032707650606266809e-07
6.099999904632568359e+00 -8.745364112110426250e-08 -1.069947230473549789e-07
6.109999656677246094e+00 -8.812427330393473103e-08 -1.102065572767871100e-07
6.119999885559082031e+00 -8.846989790067831752e-08 -1.129057684106983480e-07
6.129999637603759766e+00 -8.849305760441869514e-08 -1.150934214325478852e-07
6.139999866485595703e+00 -8.819764834924285473e-08 -1.167731254975264535e-07
6.150000095367431641e+00 -8.758884571249191266e-08 -1.179501855160002723e-07
6.159999847412109375e+00 -8.667314278834980013e-08 -1.186319585165206975e-07
6.170000076293945312e+00 -8.545811436910981359e-08 -1.188277725076436838e-07
6.179999828338623047e+00 -8.395271541935936419e-08 -1.185486793281056619e-07
6.190000057220458984e+00 -8.216677206933585781e-08 -1.178074487419877075e-07
6.199999809265136719e+00 -8.011150144085038024e-08 -1.166185835061316895e-07
6.210000038146972656e+00 -7.779877599154192811e-08 -1.149979461733649310e-07
6.219999790191650391e+00 -7.524184358876900765e-08 -1.129631107224708818e-07
6.230000019073486328e+00 -7.245438266566469500e-08 -1.105326456126608735e-07
6.239999771118164062e+00 -6.945140500865488113e-08 -1.077267794297690870e-07
6.250000000000000000e+00 -6.624812244582609512e-08 -1.045663683978778811e-07
6.259999752044677734e+00 -6.286101225298395246e-08 -1.010738493584164500e-07
6.269999980926513672e+00 -5.930651898845876430e-08 -9.727192398771397374e-08
6.279999732971191406e+00 -5.560226030561378939e-08 -9.318476893839110435e-08
6.289999961853027344e+00 -5.176558998749152379e-08 -8.883647236238932896e-08
6.299999713897705078e+00 -4.781492029954306650e-08 -8.425246823166819219e-08
6.309999942779541016e+00 -4.376817421874508845e-08 -7.945776340558003125e-08
6.319999694824218750e+00 -3.964419926868946665e-08 -7.447856101449913653e-08
6.329999923706054688e+00 -3.546113831977776117e-08 -6.934031820008579158e-08
6.339999675750732422e+00 -3.123790913304709699e-08 -6.406952200607845779e-08
6.349999904632568359e+00 -2.699252388648095481e-08 -5.869161903796534155e-08
6.359999656677246094e+00 -2.274360840544450870e-08 -5.323290654841479780e-08
6.369999885559082031e+00 -1.850870072901749197e-08 -4.771837561783214606e-08
6.379999637603759766e+00 -1.430578420678922869e-08 -4.217368002278191881e-08
6.389999866485595703e+00 -1.015159494427422728e-08 -3.662293413097636905e-08
6.399999618530273438e+00 -6.063143588689067497e-09 -3.109072268431055386e-08
6.409999847412109375e+00 -2.056060399274666574e-09 -2.559989346141969908e-08
6.420000076293945312e+00 1.854102303098353408e-09 -2.017331537265587660e-08
6.429999828338623047e+00 5.652540870270398675e-09 -1.483298847614807086e-08
6.440000057220458984e+00 9.325783054256570277e-09 -9.599214676633664158e-09
6.449999809265136719e+00 1.286048993920234711e-08 -4.492294327728389631e-09
6.460000038146972656e+00 1.624490335459162566e-08 4.695324957859133784e-10
6.469999790191650391e+00 1.946754338062489166e-08 5.268202058383496495e-09
6.480000019073486328e+00 2.251853406175107589e-08 9.887769107581690778e-09
6.489999771118164062e+00 2.538840728905446280e-08 1.431262633651438483e-08
6.500000000000000000e+00 2.806928931762036581e-08 1.852930259345130757e-08
6.509999752044677734e+00 3.055382622532824820e-08 2.252481031820348145e-08
6.519999980926513672e+00 3.283621717983095449e-08 2.628827650510001252e-08
6.529999732971191406e+00 3.491127401305147613e-08 2.980943922990034260e-08
6.539999961853027344e+00 3.677529076018046182e-08 3.308009232843889667e-08
6.549999713897705078e+00 3.842524708992173662e-08 3.609274846852641154e-08
6.559999942779541016e+00 3.985950725143484751e-08 3.884188291860981882e-08
6.569999694824218750e+00 4.107717421553411815e-08 4.132277682107603311e-08
6.579999923706054688e+00 4.207861472116545785e-08 4.353254987369530967e-08
6.589999675750732422e+00 4.286496806648175330e-08 4.546919359831060988e-08
6.599999904632568359e+00 4.343849736277562636e-08 4.713238715254121956e-08
6.609999656677246094e+00 4.380225401810730023e-08 4.852272652578170195e-08
6.619999885559082031e+00 4.396025851193574896e-08 4.964232195498411522e-08
6.629999637603759766e+00 4.391731879638006358e-08 5.049422519154370053e-08
6.639999866485595703e+00 4.367904683477399658e-08 5.108281102757658451e-08
6.649999618530273438e+00 4.325182645870705289e-08 5.141340112811915691e-08
6.659999847412109375e+00 4.264267453041400561e-08 5.149243592539727088e-08
6.670000076293945312e+00 4.185930990506892541e-08 5.132727648569954019e-08
6.679999828338623047e+00 4.091007723699088686e-08 5.092624428933237342e-08
6.690000057220458984e+00 3.980372041343307614e-08 5.029844922635235542e-08
6.699999809265136719e+00 3.854966382585180931e-08 4.945388590734694113e-08
6.710000038146972656e+00 3.715753791517158849e-08 4.840313034074395258e-08
6.719999790191650391e+00 3.563760080574616864e-08 4.715759236189456876e-08
6.730000019073486328e+00 3.400015506637737940e-08 4.572904894238898573e-08
6.739999771118164062e+00 3.225607114483800897e-08 4.413004765066607717e-08
6.750000000000000000e+00 3.041611164614809703e-08 4.237329509106070354e-08
6.759999752044677734e+00 2.849154151885720901e-08 4.047219460116727678e-08
6.769999980926513672e+00 2.649337685977602704e-08 3.844010987574547532e-08
6.779999732971191406e+00 2.443306588458917584e-08 3.629101851080165345e-08
6.789999961853027344e+00 2.232167967369353408e-08 3.403867200053737550e-08
6.799999713897705078e+00 2.017064738728188553e-08 3.169734556494505198e-08
6.809999942779541016e+00 1.799090648344889059e-08 2.928091641702240335e-08
6.819999694824218750e+00 1.579367540771856931e-08 2.680368955825495394e-08
6.829999923706054688e+00 1.358958067309435241e-08 2.427941652788520538e-08
6.839999675750732422e+00 1.138945035451618353e-08 2.172217651323886282e-08
6.849999904632568359e+00 9.203435027694484474e-09 1.914535771414109619e-08
6.859999656677246094e+00 7.041805822355967648e-09 1.656257319205759085e-08
6.869999885559082031e+00 4.914085594266156232e-09 1.398662653844387062e-08
6.879999637603759766e+00 2.829836003786437233e-09 1.143044234512465041e-08
6.889999866485595703e+00 7.978144598637888649e-10 8.906037081051658620e-09
6.899999618530273438e+00 -1.173264330690459853e-09 6.425444886138837699e-09
6.909999847412109375e+00 -3.075531151097172759e-09 3.999713455239466947e-09
6.920000076293945312e+00 -4.901324721399383755e-09 1.639696197976806035e-09
6.929999828338623047e+00 -6.643515343934079422e-09 -6.443544518467563269e-10
6.940000057220458984e+00 -8.295760799357259311e-09 -2.843134314981714525e-09
6.949999809265136719e+00 -9.851956298364176331e-09 -4.947566661760861264e-09
6.960000038146972656e+00 -1.130688170079262624e-08 -6.949666966466408083e-09
6.969999790191650391e+00 -1.265562480651644497e-08 -8.841766469473679404e-09
6.980000019073486328e+00 -1.389414843070553448e-08 -1.061729526146340049e-08
6.989999771118164062e+00 -1.501878725193615142e-08 -1.227007943229474132e-08
7.000000000000000000e+00 -1.602672712618682018e-08 -1.379503083846348192e-08
7.009999752044677734e+00 -1.691558150796550578e-08 -1.518752789820806885e-08
7.019999980926513672e+00 -1.768377730077010007e-08 -1.644400272302455654e-08
7.029999732971191406e+00 -1.833021503978369334e-08 -1.756141342348549093e-08
7.039999961853027344e+00 -1.885455757926309194e-08 -1.853772172126767639e-08
7.049999713897705078e+00 -1.925697641678468650e-08 -1.937146240590003484e-08
7.059999942779541016e+00 -1.953834155714506190e-08 -2.006210702409741463e-08
7.069999694824218750e+00 -1.970005458748427947e-08 -2.060973390157375426e-08
7.079999923706054688e+00 -1.974414011508607168e-08 -2.101527601369306701e-08
7.089999675750732422e+00 -1.967316449877165800e-08 -2.128029279884835283e-08
7.099999904632568359e+00 -1.949023126947407121e-08 -2.140710277443769450e-08
7.109999656677246094e+00 -1.919898282360891577e-08 -2.139865627117588557e-08
7.119999885559082031e+00 -1.880350416276793387e-08 -2.125855573363319444e-08
7.129999637603759766e+00 -1.830840336981678869e-08 -2.099102651627323272e-08
7.139999866485595703e+00 -1.771862979851120641e-08 -2.060083004671189079e-08
7.149999618530273438e+00 -1.703962781677080190e-08 -2.009332799392667649e-08
7.159999847412109375e+00 -1.627707718568341163e-08 -1.947429551757586362e-08
7.170000076293945312e+00 -1.543707157553551881e-08 -1.875003552419831737e-08
7.179999828338623047e+00 -1.452599926953342623e-08 -1.792728574340968985e-08
7.190000057220458984e+00 -1.355035639645077812e-08 -1.701303410168797867e-08
7.199999809265136719e+00 -1.251701799015343022e-08 -1.601475852073332399e-08
7.210000038146972656e+00 -1.143282620833863708e-08 -1.494003329469564060e-08
7.219999790191650391e+00 -1.030494165082830464e-08 -1.379686105454901090e-08
7.230000019073486328e+00 -9.140390086954128973e-09 -1.259321706264713451e-08
7.239999771118164062e+00 -7.946450227981922069e-09 -1.133743596952720975e-08
7.250000000000000000e+00 -6.730170815159693158e-09 -1.003770719310306856e-08
7.259999752044677734e+00 -5.498785119811380453e-09 -8.702505347194844153e-09
7.269999980926513672e+00 -4.259210352544782614e-09 -7.340050327958063012e-09
7.279999732971191406e+00 -3.018479035142954641e-09 -5.958769900243948032e-09
7.289999961853027344e+00 -1.783232500464496060e-09 -4.566738230849896713e-09
7.299999713897705078e+00 -5.601593407314503941e-10 -3.172158962667822346e-09
7.309999942779541016e+00 6.445056832044356221e-10 -1.782795750886400309e-09
7.319999694824218750e+00 1.824545666259357559e-09 -4.064642343008092568e-10
7.329999923706054688e+00 2.974246624244924206e-09 9.495323594218755035e-10
7.339999675750732422e+00 4.087973109449223751e-09 2.277913620426288812e-09
7.349999904632568359e+00 5.160627539954751148e-09 3.571968967592405818e-09
7.359999656677246094e+00 6.187245935965487173e-09 4.825081187985475006e-09
7.369999885559082031e+00 7.163422877041445923e-09 6.031244731606773656e-09
7.379999637603759766e+00 8.084935144359479500e-09 7.184612414414461770e-09
7.389999866485595703e+00 8.948124875486994122e-09 8.279974847912652524e-09
7.399999618530273438e+00 9.749558022265570621e-09 9.312339436012451065e-09
7.409999847412109375e+00 1.048635955933699475e-08 1.027736212185742838e-08
7.419999599456787109e+00 1.115591268396410234e-08 1.117096675896186805e-08
7.429999828338623047e+00 1.175614126662599849e-08 1.198972180143470423e-08
7.440000057220458984e+00 1.228527816049188343e-08 1.273054037543964844e-08
7.449999809265136719e+00 1.274197385542183306e-08 1.339082893432804405e-08
7.460000038146972656e+00 1.312534224462456263e-08 1.396856659739621413e-08
7.469999790191650391e+00 1.343481071753775603e-08 1.446209369611853520e-08
7.480000019073486328e+00 1.367025838352384496e-08 1.487032856391919960e-08
7.489999771118164062e+00 1.383188857440018968e-08 1.519257403542785015e-08
7.500000000000000000e+00 1.392030778928387393e-08 1.542866541550675254e-08
7.509999752044677734e+00 1.393645167664014148e-08 1.557883797862976047e-08
7.519999980926513672e+00 1.388160556246532297e-08 1.564380558812727672e-08
7.529999732971191406e+00 1.375738354115515727e-08 1.562469000147760239e-08
7.539999961853027344e+00 1.356569250682665717e-08 1.552303102066702428e-08
7.549999713897705078e+00 1.330876288309053482e-08 1.534077705435047116e-08
7.559999942779541016e+00 1.298905903463573340e-08 1.508022899877928018e-08
7.569999694824218750e+00 1.260935913997252465e-08 1.474409021517002111e-08
7.579999923706054688e+00 1.217261571552793286e-08 1.433534755463584086e-08
7.589999675750732422e+00 1.168208120044950258e-08 1.385737770070917923e-08
7.599999904632568359e+00 1.114112307582453305e-08 1.331376984868354989e-08
7.609999656677246094e+00 1.055339090728959115e-08 1.270848426657585911e-08
7.619999885559082031e+00 9.922591187697386722e-09 1.204562210935890784e-08
7.629999637603759766e+00 9.252690880426859541e-09 1.132963108130372737e-08
7.639999866485595703e+00 8.547657658179096453e-09 1.056502870494586494e-08
7.649999618530273438e+00 7.811694420705322619e-09 9.756649142678249632e-09
7.659999847412109375e+00 7.048951042371895143e-09 8.909326940784365641e-09
7.669999599456787109e+00 6.263783908328643005e-09 8.028178399593567896e-09
7.679999828338623047e+00 5.460445621436266814e-09 7.118253372627260270e-09
7.690000057220458984e+00 4.643324089527957668e-09 6.184799081912130991e-09
7.699999809265136719e+00 3.816812985742075035e-09 5.233112903316814789e-09
7.710000038146972656e+00 2.985170510341494008e-09 4.268375048530627144e-09
7.719999790191650391e+00 2.152775954085462453e-09 3.295941736551589069e-09
7.730000019073486328e+00 1.323793794884224788e-09 2.320952652225173699e-09
7.739999771118164062e+00 5.024709789762701535e-10 1.348675396555869243e-09
7.750000000000000000e+00 -3.071973208091118734e-10 3.841098164422247942e-10
7.759999752044677734e+00 -1.101173791158430426e-09 -5.676665763733956911e-10
7.769999980926513672e+00 -1.875704928609041501e-09 -1.501889144800022767e-09
7.779999732971191406e+00 -2.627036371660057831e-09 -2.413767074075336905e-09
7.789999961853027344e+00 -3.351724208636633904e-09 -3.298860790819060929e-09
7.799999713897705078e+00 -4.046365030895949457e-09 -4.152756239318974178e-09
7.809999942779541016e+00 -4.707886645708769924e-09 -4.971421612256871021e-09
7.819999694824218750e+00 -5.333297830380286184e-09 -5.750901414736558960e-09
7.829999923706054688e+00 -5.919953014492078744e-09 -6.487645508383970411e-09
7.839999675750732422e+00 -6.465326140840061693e-09 -7.178228804863814521e-09
7.849999904632568359e+00 -6.967244509065083717e-09 -7.819646331808108425e-09
7.859999656677246094e+00 -7.423690513781662584e-09 -8.409063685478807800e-09
7.869999885559082031e+00 -7.833000570986189950e-09 -8.944072659703387477e-09
7.879999637603759766e+00 -8.193697818892623280e-09 -9.422476795438082098e-09
7.889999866485595703e+00 -8.504652865075958998e-09 -9.842503056216694525e-09
7.899999618530273438e+00 -8.764949816857659591e-09 -1.020262596009008591e-08
7.909999847412109375e+00 -8.974006474291238383e-09 -1.050173181865711749e-08
7.919999599456787109e+00 -9.131475319104681030e-09 -1.073898404351397768e-08
7.929999828338623047e+00 -9.237321710728226725e-09 -1.091393756242864688e-08
7.940000057220458984e+00 -9.291762098537159235e-09 -1.102645085659513705e-08
7.949999809265136719e+00 -9.295292848523465796e-09 -1.107672991317164237e-08
7.960000038146972656e+00 -9.248673444846711040e-09 -1.106531677443782139e-08
7.969999790191650391e+00 -9.152923431812778766e-09 -1.099307293995733468e-08
7.980000019073486328e+00 -9.009295568123744489e-09 -1.086116627017903597e-08
7.989999771118164062e+00 -8.819301389696622953e-09 -1.067108761216045815e-08
8.000000000000000000e+00 -8.584644762649704708e-09 -1.042458848378840338e-08
8.010000228881835938e+00 -8.307266566207203824e-09 -1.012372369884461543e-08
8.019999504089355469e+00 -7.989328457475319785e-09 -9.770838516579852768e-09
8.029999732971191406e+00 -7.633080338761697115e-09 -9.368420016318792623e-09
8.039999961853027344e+00 -7.241026481746185511e-09 -8.919281528551749258e-09
8.050000190734863281e+00 -6.815790988139823995e-09 -8.426413768524503868e-09
8.059999465942382812e+00 -6.360173565141695241e-09 -7.893048888583717043e-09
8.069999694824218750e+00 -5.876954843513936974e-09 -7.322432444087633792e-09
8.079999923706054688e+00 -5.369139292750788167e-09 -6.718107845778576195e-09
8.090000152587890625e+00 -4.839765602397674379e-09 -6.083694683144545991e-09
8.099999427795410156e+00 -4.291983332543098599e-09 -5.422979855949338747e-09
8.109999656677246094e+00 -3.728823802647579242e-09 -4.739640775375965812e-09
8.119999885559082031e+00 -3.153495917224830903e-09 -4.037601844907795877e-09
8.130000114440917969e+00 -2.569160863529030791e-09 -3.320762487269900878e-09
8.139999389648437500e+00 -1.979022717640180038e-09 -2.593107039715072675e-09
8.149999618530273438e+00 -1.386086001540961675e-09 -1.858404762446590170e-09
8.159999847412109375e+00 -7.934778004827958094e-10 -1.120606053514409287e-09
8.170000076293945312e+00 -2.042075531355514969e-10 -3.835453736412397368e-10
8.179999351501464844e+00 3.787361450362201386e-10 3.489395909565602633e-10
8.189999580383300781e+00 9.526209468201248448e-10 1.073305435026902107e-09
8.199999809265136719e+00 1.514649393529324187e-09 1.785900837667342426e-09
8.210000038146972656e+00 2.062193886539920506e-09 2.483263322425517172e-09
8.220000267028808594e+00 2.592751399634032340e-09 3.162064516251705098e-09
8.229999542236328125e+00 3.103905356640364889e-09 3.819062887976855699e-09
8.239999771118164062e+00 3.593527420642021384e-09 4.451365456087493755e-09
8.250000000000000000e+00 4.059492247927238313e-09 5.056063301777373973e-09
8.260000228881835938e+00 4.499881157442204283e-09 5.630495336371403363e-09
8.269999504089355469e+00 4.912899949348688994e-09 6.172144022891194628e-09
8.279999732971191406e+00 5.297038470976852895e-09 6.678847199814369799e-09
8.289999961853027344e+00 5.650837690287884648e-09 7.148494887468756664e-09
8.300000190734863281e+00 5.973052797396567546e-09 7.579245220928002006e-09
8.309999465942382812e+00 6.262588327184756325e-09 7.969440708635694408e-09
8.319999694824218750e+00 6.518606546733655490e-09 8.317756861019896842e-09
8.329999923706054688e+00 6.740361894942545628e-09 8.622981234869068637e-09
8.340000152587890625e+00 6.927314170325683654e-09 8.884167800147612926e-09
8.349999427795410156e+00 7.079085354142527922e-09 9.100579734454213182e-09
8.359999656677246094e+00 7.195512283878538972e-09 9.271767180196540570e-09
8.369999885559082031e+00 7.276557283201763269e-09 9.397441862677160726e-09
8.380000114440917969e+00 7.322366364419958678e-09 9.477561612785541912e-09
8.389999389648437500e+00 7.333250042965693810e-09 9.512303181184620680e-09
8.399999618530273438e+00 7.309679970077114742e-09 9.502067074080888958e-09
8.409999847412109375e+00 7.252278099348307737e-09 9.447452863690591625e-09
8.420000076293945312e+00 7.161818977188636016e-09 9.349271112656963787e-09
8.429999351501464844e+00 7.039234630524358111e-09 9.208546958889151148e-09
8.439999580383300781e+00 6.885558666699565922e-09 9.026455283025999496e-09
8.449999809265136719e+00 6.701990108622172913e-09 8.804393681116706118e-09
8.460000038146972656e+00 6.489842713380447977e-09 8.543924341087272976e-09
8.470000267028808594e+00 6.250547883119463687e-09 8.246776459669840661e-09
8.479999542236328125e+00 5.985673452831347351e-09 7.914869906047476054e-09
8.489999771118164062e+00 5.696812157299761538e-09 7.550175086759224982e-09
8.500000000000000000e+00 5.385725077666802019e-09 7.154892474074067520e-09
8.510000228881835938e+00 5.054234158033944042e-09 6.731317876196482035e-09
8.519999504089355469e+00 4.704271449930318281e-09 6.281904789409761166e-09
8.529999732971191406e+00 4.337734482267500348e-09 5.809078289729518139e-09
8.539999961853027344e+00 3.956677210084672492e-09 5.315480007210200802e-09
8.550000190734863281e+00 3.563168205511773727e-09 4.803785932103659552e-09
8.559999465942382812e+00 3.159352053030706308e-09 4.276785715156688804e-09
8.569999694824218750e+00 2.747284015232269262e-09 3.737166543927141001e-09
8.579999923706054688e+00 2.329151015259622670e-09 3.187801316462298426e-09
8.590000152587890625e+00 1.907107821273964283e-09 2.631534767055810112e-09
8.599999427795410156e+00 1.483344962065724076e-09 2.071272473534644154e-09
8.609999656677246094e+00 1.059916283771128168e-09 1.509752527241847707e-09
8.619999885559082031e+00 6.389712206820294124e-10 9.498523994906216852e-10
8.630000114440917969e+00 2.225826316882977071e-10 3.943612057710452022e-10
8.639999389648437500e+00 -1.871843922727175922e-10 -1.539290465110573440e-10
8.649999618530273438e+00 -5.884382901119668777e-10 -6.924456544762032863e-10
8.659999847412109375e+00 -9.792360065371403334e-10 -1.218534428463274420e-09
8.670000076293945312e+00 -1.357749559526284308e-09 -1.729682797755653475e-09
8.679999351501464844e+00 -1.722201549044794148e-09 -2.223433413168569656e-09
8.689999580383300781e+00 -2.071011368212251319e-09 -2.697582792746493500e-09
8.699999809265136719e+00 -2.402594359939426036e-09 -3.149909711380456168e-09
8.710000038146972656e+00 -2.715509730493618480e-09 -3.578376030285960990e-09
8.720000267028808594e+00 -3.008431789720113135e-09 -3.981088498758459274e-09
8.729999542236328125e+00 -3.280131074474157413e-09 -4.356273230763595247e-09
8.739999771118164062e+00 -3.529581231575751796e-09 -4.702424206016634749e-09
8.750000000000000000e+00 -3.755807840644599490e-09 -5.018095344143052999e-09
8.760000228881835938e+00 -3.957997854919668189e-09 -5.302052417166405889e-09
8.769999504089355469e+00 -4.135459725479481882e-09 -5.553218470379483983e-09
8.779999732971191406e+00 -4.287690682042484539e-09 -5.770770325810426088e-09
8.789999961853027344e+00 -4.414276170918727876e-09 -5.953997412668308215e-09
8.800000190734863281e+00 -4.514960178571830760e-09 -6.102402370182796524e-09
8.809999465942382812e+00 -4.589620572136027228e-09 -6.215666804849298898e-09
8.819999694824218750e+00 -4.638293576363700317e-09 -6.293690420106193671e-09
8.829999923706054688e+00 -4.661128711181069007e-09 -6.336524349117670940e-09
8.840000152587890625e+00 -4.658416623032891182e-09 -6.344414815859170229e-09
8.849999427795410156e+00 -4.630580661230500223e-09 -6.317790843852578375e-09
8.859999656677246094e+00 -4.578159230143704765e-09 -6.257245798785536715e-09
8.869999885559082031e+00 -4.501816512590926170e-09 -6.163546764611786605e-09
8.880000114440917969e+00 -4.402328296401318394e-09 -6.037620780221013811e-09
8.889999389648437500e+00 -4.280589626608080351e-09 -5.880564493229056016e-09
8.899999618530273438e+00 -4.137559269623138358e-09 -5.693572812201784104e-09
8.909999847412109375e+00 -3.974322140656293372e-09 -5.478019842978384751e-09
8.920000076293945312e+00 -3.792037139128968626e-09 -5.235392100341232165e-09
8.929999351501464844e+00 -3.591959564404247253e-09 -4.967318516134940055e-09
8.939999580383300781e+00 -3.375354794702736404e-09 -4.675455043061246693e-09
8.949999809265136719e+00 -3.143604535284750122e-09 -4.361627293087509629e-09
8.960000038146972656e+00 -2.898123515453924006e-09 -4.027719242268684019e-09
8.970000267028808594e+00 -2.640369172548625644e-09 -3.675686160800734415e-09
8.979999542236328125e+00 -2.371859180612478216e-09 -3.307578880258635226e-09
8.989999771118164062e+00 -2.094059491750654258e-09 -2.925390228038327072e-09
9.000000000000000000e+00 -1.808529868176456557e-09 -2.531254466872776051e-09
9.010000228881835938e+00 -1.516814144425293538e-09 -2.127296794708592725e-09
9.019999504089355469e+00 -1.220485836743781876e-09 -1.715696084405848174e-09
9.029999732971191406e+00 -9.210269410403461830e-10 -1.298516155592565012e-09
9.039999961853027344e+00 -6.199903278851753157e-10 -8.779309841219781069e-10
9.050000190734863281e+00 -3.188798834073934878e-10 -4.560578868658203977e-10
9.059999465942382812e+00 -1.920030011294017858e-11 -3.502660105444342201e-11
9.069999694824218750e+00 2.776635226520762526e-10 3.831907628022175529e-10
9.079999923706054688e+00 5.702807978743455547e-10 7.965475130940675066e-10
9.090000152587890625e+00 8.572951115268689725e-10 1.203091851920686498e-09
9.099999427795410156e+00 1.137374660977695275e-09 1.600897234857132168e-09
9.109999656677246094e+00 1.409323328634276001e-09 1.988220876708076117e-09
9.119999885559082031e+00 1.671924710094421886e-09 2.363282886842022099e-09
9.130000114440917969e+00 1.924053865054797346e-09 2.724425591161215862e-09
9.139999389648437500e+00 2.164631614857102954e-09 3.070048977437343764e-09
9.149999618530273438e+00 2.392718587357713095e-09 3.398746585205551137e-09
9.159999847412109375e+00 2.607380397023887153e-09 3.709112499253683940e-09
9.170000076293945312e+00 2.807783275114627594e-09 3.999879334331935933e-09
9.179999351501464844e+00 2.993155907931296366e-09 4.269863771387106221e-09
9.189999580383300781e+00 3.162860681920568734e-09 4.518071084431056144e-09
9.199999809265136719e+00 3.316289130365995557e-09 4.743543511403360777e-09
9.210000038146972656e+00 3.452935460784637380e-09 4.945467898181090255e-09
9.220000267028808594e+00 3.572379125661972950e-09 5.123151016447547572e-09
9.229999542236328125e+00 3.674276610549664255e-09 5.276007793061162742e-09
9.239999771118164062e+00 3.758398983202196242e-09 5.403618406846740096e-09
9.250000000000000000e+00 3.824573586105542918e-09 5.505641443102456515e-09
9.260000228881835938e+00 3.872724343544499675e-09 5.581874864248171756e-09
9.269999504089355469e+00 3.902858601826309608e-09 5.632236443139722672e-09
9.279999732971191406e+00 3.915076005314475847e-09 5.656779813466932078e-09
9.289999961853027344e+00 3.909550056057006485e-09 5.655664506447939129e-09
9.300000190734863281e+00 3.886539796417355077e-09 5.629176015972722964e-09
9.309999465942382812e+00 3.846388866994245397e-09 5.577723757419480881e-09
9.319999694824218750e+00 3.789506377695991471e-09 5.501816481316067480e-09
9.329999923706054688e+00 3.716387458401360641e-09 5.402088755368781355e-09
9.340000152587890625e+00 3.627596728870702294e-09 5.279280153282411943e-09
9.349999427795410156e+00 3.523778788949565193e-09 5.134249852861410556e-09
9.359999656677246094e+00 3.405613722955968193e-09 4.967914701703634214e-09
9.369999885559082031e+00 3.273872860463982468e-09 4.781327413448470388e-09
9.380000114440917969e+00 3.129376480984853477e-09 4.575617868913963335e-09
9.389999389648437500e+00 2.973014119857035897e-09 4.352022199558007113e-09
9.399999618530273438e+00 2.805679150454711845e-09 4.111789479636360737e-09
9.409999847412109375e+00 2.628353520055967342e-09 3.856303176532747673e-09
9.420000076293945312e+00 2.442044018505906772e-09 3.586990343630146744e-09
9.429999351501464844e+00 2.247810179165853587e-09 3.305362075621484460e-09
9.439999580383300781e+00 2.046683884841439864e-09 3.012897102315937501e-09
9.449999809265136719e+00 1.839774990591437286e-09 2.711195116820082062e-09
9.460000038146972656e+00 1.628192055112778107e-09 2.401862044848777453e-09
9.469999313354492188e+00 1.413075249726643670e-09 2.086558144517791120e-09
9.479999542236328125e+00 1.195507971382826569e-09 1.766868465342102676e-09
9.489999771118164062e+00 9.766341191210969392e-10 1.444474761779987817e-09
9.500000000000000000e+00 7.575702739003605545e-10 1.121026795622629080e-09
9.510000228881835938e+00 5.394201553851100148e-10 7.981633629645407018e-10
9.519999504089355469e+00 3.232892947205775515e-10 4.775340028793131805e-10
9.529999732971191406e+00 1.101970850144074010e-10 1.606682829145610285e-10
9.539999961853027344e+00 -9.880488021744252843e-11 -1.508488852615282441e-10
9.550000190734863281e+00 -3.027208467391757813e-10 -4.555080939426202491e-10
9.559999465942382812e+00 -5.005766437631603479e-10 -7.518247416197112666e-10
9.569999694824218750e+00 -6.914993334072655664e-10 -1.038458768274989951e-09
9.579999923706054688e+00 -8.746082697632540727e-10 -1.314051938545998447e-09
9.590000152587890625e+00 -1.049095321706475324e-09 -1.577348420512322305e-09
9.599999427795410156e+00 -1.214194106414341853e-09 -1.827149028623360182e-09
9.609999656677246094e+00 -1.369245371349344014e-09 -2.062410765986358401e-09
9.619999885559082031e+00 -1.513605283703949319e-09 -2.282108649251346616e-09
9.630000114440917969e+00 -1.646711823249862795e-09 -2.485336730552589874e-09
9.639999389648437500e+00 -1.768059567603645503e-09 -2.671270394995673661e-09
9.649999618530273438e+00 -1.877246409068486516e-09 -2.839238662517707039e-09
9.659999847412109375e+00 -1.973905142234287339e-09 -2.988620027675590523e-09
9.670000076293945312e+00 -2.057751570870827228e-09 -3.118916792571069860e-09
9.679999351501464844e+00 -2.128566437632432158e-09 -3.229727861484037864e-09
9.689999580383300781e+00 -2.186220962783227077e-09 -3.320789485916632490e-09
9.699999809265136719e+00 -2.230635649739306090e-09 -3.391911492275398032e-09
9.710000038146972656e+00 -2.261807512031230028e-09 -3.443020500354825867e-09
9.719999313354492188e+00 -2.279800173921691882e-09 -3.474144845921184036e-09
9.729999542236328125e+00 -2.284747684071811867e-09 -3.485422408017061469e-09
9.739999771118164062e+00 -2.276842119557118092e-09 -3.477080143615769779e-09
9.750000000000000000e+00 -2.256339273061520704e-09 -3.449444680382273449e-09
9.760000228881835938e+00 -2.223553611742775657e-09 -3.402934755759803588e-09
9.769999504089355469e+00 -2.178860149352714738e-09 -3.338064198635949437e-09
9.779999732971191406e+00 -2.122673088924729294e-09 -3.255410977308443884e-09
9.789999961853027344e+00 -2.055468111641901604e-09 -3.155649636934625819e-09
9.800000190734863281e+00 -1.977762915287182076e-09 -3.039523189297626268e-09
9.809999465942382812e+00 -1.890126097570888141e-09 -2.907856411038368363e-09
9.819999694824218750e+00 -1.793139033800530432e-09 -2.761498625021960408e-09
9.829999923706054688e+00 -1.687442310812417577e-09 -2.601393532533496698e-09
9.840000152587890625e+00 -1.573699328789314641e-09 -2.428524622798453455e-09
9.849999427795410156e+00 -1.452612200530690636e-09 -2.243939312855072237e-09
9.859999656677246094e+00 -1.324870969824846134e-09 -2.048671534260474096e-09
9.869999885559082031e+00 -1.191219151145643169e-09 -1.843841657302059097e-09
9.880000114440917969e+00 -1.052404340042838136e-09 -1.630581244631474733e-09
9.889999389648437500e+00 -9.091994995438919581e-10 -1.410065680456464173e-09
9.899999618530273438e+00 -7.623441935294084760e-10 -1.183423634246962682e-09
9.909999847412109375e+00 -6.126230205986434420e-10 -9.518578202458855033e-10
9.920000076293945312e+00 -4.608077787324412709e-10 -7.165559535714233353e-10
9.929999351501464844e+00 -3.076821255545129019e-10 -4.787288674054528745e-10
9.939999580383300781e+00 -1.539796811719891356e-10 -2.395143092419819249e-10
9.949999809265136719e+00 -4.685281195172049173e-13 -1.081446584309074703e-13
9.960000038146972656e+00 1.521102889540798025e-10 2.383311674510574013e-10
9.969999313354492188e+00 3.030169289318892072e-10 4.746423363764974917e-10
9.979999542236328125e+00 4.515730693030437748e-10 7.077557849998371331e-10
9.989999771118164062e+00 5.970782223039159692e-10 9.365626719403488130e-10
1.000000000000000000e+01 7.388701947862732734e-10 1.160009609729676061e-09
1.001000022888183594e+01 8.763131327144339511e-10 1.377080076099290968e-09
1.001999950408935547e+01 1.008787542442604574e-09 1.586778687736048364e-09
1.002999973297119141e+01 1.135742635639321589e-09 1.788214226433175480e-09
1.003999996185302734e+01 1.256622578118734721e-09 1.980483041934584030e-09
1.005000019073486328e+01 1.370919570270716988e-09 2.162753209596688893e-09
1.005999946594238281e+01 1.478152951928737673e-09 2.334231507170753638e-09
1.006999969482421875e+01 1.577911159408907881e-09 2.494230775265383754e-09
1.007999992370605469e+01 1.669791864177651379e-09 2.642074442265481523e-09
1.009000015258789062e+01 1.753445011529235972e-09 2.777165593906225443e-09
1.009999942779541016e+01 1.828556742719250070e-09 2.898961437555112903e-09
1.010999965667724609e+01 1.894878306251566218e-09 3.007020575865540287e-09
1.011999988555908203e+01 1.952183926437346446e-09 3.100935061813401755e-09
1.013000011444091797e+01 2.000301005641410363e-09 3.180379737919052853e-09
1.013999938964843750e+01 2.039099801528457365e-09 3.245095783277516763e-09
1.014999961853027344e+01 2.068507642406532435e-09 3.294914968109350250e-09
1.015999984741210938e+01 2.088486807813671218e-09 3.329723253290676427e-09
1.017000007629394531e+01 2.099050109278970626e-09 3.349487239741210641e-09
1.017999935150146484e+01 2.100256731445272771e-09 3.354247541367402628e-09
1.018999958038330078e+01 2.092211230123693750e-09 3.344118803367792925e-09
1.019999980926513672e+01 2.075062064908120153e-09 3.319286272225162740e-09
1.021000003814697266e+01 2.049001923173149335e-09 3.280007941653142843e-09
1.021999931335449219e+01 2.014269631218190666e-09 3.226617669322382257e-09
1.022999954223632812e+01 1.971134598026998271e-09 3.159501604612589250e-09
1.023999977111816406e+01 1.919915038547742526e-09 3.079126572994580055e-09
1.025000000000000000e+01 1.860963617389780032e-09 2.986018415977299071e-09
1.026000022888183594e+01 1.794668240951022769e-09 2.880763450559905477e-09
1.026999950408935547e+01 1.721457050334588415e-09 2.764016810291219886e-09
1.027999973297119141e+01 1.641767334581913167e-09 2.636453135045518443e-09
1.028999996185302734e+01 1.556084834885777729e-09 2.498829497152906773e-09
1.030000019073486328e+01 1.464913619345886930e-09 2.351937604254807905e-09
1.030999946594238281e+01 1.368789189364783912e-09 2.196625030307650473e-09
1.031999969482421875e+01 1.268238270707413445e-09 2.033730345571769525e-09
1.032999992370605469e+01 1.163830750901104641e-09 1.864167108774324646e-09
1.034000015258789062e+01 1.056140202294550108e-09 1.688860138976535116e-09
1.034999942779541016e+01 9.457601915197976213e-10 1.508771988216866942e-09
1.035999965667724609e+01 8.332586090610025459e-10 1.324828337924613679e-09
1.036999988555908203e+01 7.192376226891073401e-10 1.138015704508755592e-09
1.038000011444091797e+01 6.042884860991958155e-10 9.493075822791099345e-10
1.038999938964843750e+01 4.890097099147440457e-10 7.596940200895970081e-10
1.039999961853027344e+01 3.739598798842690075e-10 5.701037623606774379e-10
1.040999984741210938e+01 2.597206351796927296e-10 3.815075788921276746e-10
1.042000007629394531e+01 1.468496945157821960e-10 1.948407381132469669e-10
1.042999935150146484e+01 3.589948407457502339e-11 1.103344078959770493e-11
1.043999958038330078e+01 -7.262770084814338796e-11 -1.690638140437421899e-10
1.044999980926513672e+01 -1.782186528398925983e-10 -3.445794400538531807e-10
1.046000003814697266e+01 -2.803941664264276726e-10 -5.146954981853687093e-10
1.046999931335449219e+01 -3.786913353690276711e-10 -6.786186359118747036e-10
1.047999954223632812e+01 -4.727026437417591577e-10 -8.356456492081157663e-10
1.048999977111816406e+01 -5.620214017033701467e-10 -9.850728316743607810e-10
1.050000000000000000e+01 -6.462811966582922086e-10 -1.126262080532605216e-09
1.051000022888183594e+01 -7.251476419966923572e-10 -1.258627479010327168e-09
1.051999950408935547e+01 -7.983127749152476559e-10 -1.381626169697459533e-09
1.052999973297119141e+01 -8.655233048246229908e-10 -1.494806150596678612e-09
1.053999996185302734e+01 -9.265393669217728475e-10 -1.597737200384738911e-09
1.055000019073486328e+01 -9.811634573211233269e-10 -1.690059753059409155e-09
1.055999946594238281e+01 -1.029229153127637631e-09 -1.771466111925380465e-09
1.056999969482421875e+01 -1.070618866184459544e-09 -1.841730743575519213e-09
1.057999992370605469e+01 -1.105236171059317374e-09 -1.900663595147685570e-09
1.059000015258789062e+01 -1.133024453722955325e-09 -1.948141832469381393e-09
1.059999942779541016e+01 -1.153959842436494538e-09 -1.984097977317658312e-09
1.060999965667724609e+01 -1.168057879270285317e-09 -2.008531541675661256e-09
1.061999988555908203e+01 -1.175360734613631617e-09 -2.021487206838580214e-09
1.063000011444091797e+01 -1.175944905265596535e-09 -2.023068158044740450e-09
1.063999938964843750e+01 -1.169918710307285677e-09 -2.013431849855332227e-09
1.064999961853027344e+01 -1.157418179133001476e-09 -1.992783354975698646e-09
1.065999984741210938e+01 -1.138609240995130936e-09 -1.961378837371238527e-09
1.067000007629394531e+01 -1.113684675648521042e-09 -1.919520704591708347e-09
1.067999935150146484e+01 -1.082866141924885655e-09 -1.867561068814623424e-09
1.068999958038330078e+01 -1.046390339100309363e-09 -1.805878490245135458e-09
1.069999980926513672e+01 -1.004525105036388766e-09 -1.734905212601213905e-09
1.071000003814697266e+01 -9.575565738038789403e-10 -1.655105634385824992e-09
1.071999931335449219e+01 -9.057953285596453869e-10 -1.566986881954372128e-09
1.072999954223632812e+01 -8.495544923440680098e-10 -1.471061648419908420e-09
1.073999977111816406e+01 -7.891776679025312729e-10 -1.367895918226986772e-09
1.075000000000000000e+01 -7.250178643058706098e-10 -1.258073281284466022e-09
1.076000022888183594e+01 -6.574404438798566991e-10 -1.142200121872734800e-09
1.076999950408935547e+01 -5.868282112215843790e-10 -1.020914582876613509e-09
1.077999973297119141e+01 -5.135523914639610468e-10 -8.948369150214951075e-10
1.078999996185302734e+01 -4.380113020193737172e-10 -7.646361151424934623e-10
1.080000019073486328e+01 -3.606018706278252068e-10 -6.309812397976238204e-10
1.080999946594238281e+01 -2.817320212926916716e-10 -4.945629795824012127e-10
1.081999969482421875e+01 -2.017886567490990876e-10 -3.560384737169583142e-10
1.082999992370605469e+01 -1.211810760105808188e-10 -2.161066067997105481e-10
1.084000015258789062e+01 -4.030922157118300240e-11 -7.545329150943723772e-11
1.084999942779541016e+01 4.042292359816996189e-11 6.522510369379054067e-11
1.085999965667724609e+01 1.206398493190431420e-10 2.052782880426644071e-10
1.086999988555908203e+01 1.999499586466748426e-10 3.440242887045516151e-10
1.088000011444091797e+01 2.779780875049206038e-10 4.808060149137185984e-10
1.088999938964843750e+01 3.543522258969242503e-10 6.149679821194636812e-10
1.089999961853027344e+01 4.287340874230444277e-10 7.459100256092763923e-10
1.090999984741210938e+01 5.007768907958502191e-10 8.730131698759966561e-10
1.092000007629394531e+01 5.701561748824558199e-10 9.956938136488031968e-10
1.092999935150146484e+01 6.365576672533696100e-10 1.113382452029728023e-09
1.093999958038330078e+01 6.997036853366999901e-10 1.225570653857385290e-09
1.094999980926513672e+01 7.593163681736082454e-10 1.331746097576711607e-09
1.096000003814697266e+01 8.151445115482998892e-10 1.431440359868693269e-09
1.096999931335449219e+01 8.669534386126507225e-10 1.524211173613739194e-09
1.097999954223632812e+01 9.145453762963520635e-10 1.609679260456156793e-09
1.098999977111816406e+01 9.577306625231757031e-10 1.687477127475151001e-09
1.100000000000000000e+01 9.963486875565406619e-10 1.757286933408424196e-09
1.101000022888183594e+01 1.030263405416278113e-09 1.818832883527997507e-09
1.101999950408935547e+01 1.059361310710862468e-09 1.871877954205355753e-09
1.102999973297119141e+01 1.083562466658182230e-09 1.916244469484287888e-09
1.103999996185302734e+01 1.102804091041370531e-09 1.951784632821246513e-09
1.105000019073486328e+01 1.117052235753448745e-09 1.978402261206887377e-09
1.105999946594238281e+01 1.126298102107268607e-09 1.996046465507061528e-09
1.106999969482421875e+01 1.130560910331884500e-09 2.004717655750911745e-09
1.107999992370605469e+01 1.129882287608798793e-09 2.004457299298112736e-09
1.109000015258789062e+01 1.124329805307243876e-09 1.995355085472023119e-09
1.109999942779541016e+01 1.113996461142842896e-09 1.977548214327436474e-09
1.110999965667724609e+01 1.098995532908957404e-09 1.951212777783114913e-09
1.111999988555908203e+01 1.079465631155784696e-09 1.916572708490574472e-09
1.113000011444091797e+01 1.055566198571242706e-09 1.873892262900544558e-09
1.113999938964843750e+01 1.027480019313337458e-09 1.823480676157945947e-09
1.114999961853027344e+01 9.954008677429188367e-10 1.765670140475602142e-09
1.115999984741210938e+01 9.595482754471859661e-10 1.700842426017718605e-09
1.117000007629394531e+01 9.201557701824453659e-10 1.629407861152841869e-09
1.117999935150146484e+01 8.774760722552936938e-10 1.551814772908303538e-09
1.118999958038330078e+01 8.317629202326448682e-10 1.468516433547430884e-09
1.119999980926513672e+01 7.832939020077148881e-10 1.380012527780633444e-09
1.121000003814697266e+01 7.323527844748996030e-10 1.286816964725180339e-09
1.121999931335449219e+01 6.792368863155360553e-10 1.189471236988824519e-09
1.122999954223632812e+01 6.242348773984433014e-10 1.088503589145195672e-09
1.123999977111816406e+01 5.676554865529550137e-10 9.844814724782660259e-10
1.125000000000000000e+01 5.098056885367926164e-10 8.779714015586546192e-10
1.125999927520751953e+01 4.509996084824052967e-10 7.695551320664398551e-10
1.126999950408935547e+01 3.915343132439962498e-10 6.597848178475841634e-10
1.127999973297119141e+01 3.317218691615354803e-10 5.492419075572849724e-10
1.128999996185302734e+01 2.718653767464281718e-10 4.384927646773245617e-10
1.130000019073486328e+01 2.122630088464043711e-10 3.280958966142953349e-10
1.130999946594238281e+01 1.532121449797056899e-10 2.186094375477982279e-10
1.131999969482421875e+01 9.498550361199731328e-11 1.105467060051899062e-10
1.132999992370605469e+01 3.786366703733313233e-11 4.436345305140145449e-12
1.134000015258789062e+01 -1.788875213498044633e-11 -9.922200531942029936e-11
1.134999942779541016e+01 -7.201350279490017107e-11 -1.999399934355855290e-10
1.135999965667724609e+01 -1.242802298887729520e-10 -2.972807373140457746e-10
1.136999988555908203e+01 -1.744564093753033203e-10 -3.908029601717018475e-10
1.138000011444091797e+01 -2.223290239112929718e-10 -4.801013784856561252e-10
1.138999938964843750e+01 -2.676958649190104889e-10 -5.647905327507187693e-10
1.139999961853027344e+01 -3.103832531625837476e-10 -6.445378906925655901e-10
1.140999984741210938e+01 -3.502206049025598949e-10 -7.190163664194563075e-10
1.142000007629394531e+01 -3.870584577006663236e-10 -7.879379490201151653e-10
1.142999935150146484e+01 -4.207613260538757266e-10 -8.510403220552930504e-10
1.143999958038330078e+01 -4.512205371043151397e-10 -9.081108631202761124e-10
1.144999980926513672e+01 -4.783351171294763759e-10 -9.589508135791081180e-10
1.146000003814697266e+01 -5.020250673219840854e-10 -1.003400088025353259e-09
1.146999931335449219e+01 -5.222262650283716471e-10 -1.041327680053809511e-09
1.147999954223632812e+01 -5.388977867431192840e-10 -1.072645381766556807e-09
1.148999977111816406e+01 -5.520102182835026084e-10 -1.097285813719042075e-09
1.150000000000000000e+01 -5.615535074873766561e-10 -1.115217161152962560e-09
1.150999927520751953e+01 -5.675342112697375860e-10 -1.126438021409243166e-09
1.151999950408935547e+01 -5.699771158946866165e-10 -1.130980475091246193e-09
1.152999973297119141e+01 -5.689214388779984031e-10 -1.128903015020579829e-09
1.153999996185302734e+01 -5.644230139682407583e-10 -1.120294731746674627e-09
1.155000019073486328e+01 -5.565530633262747985e-10 -1.105273116720408050e-09
1.155999946594238281e+01 -5.453988768446164383e-10 -1.083985511335245029e-09
1.156999969482421875e+01 -5.310586551432023656e-10 -1.056599445103208938e-09
1.157999992370605469e+01 -5.136472755200522142e-10 -1.023313842951918919e-09
1.159000015258789062e+01 -4.932916645491187713e-10 -9.843504262602695806e-10
1.159999942779541016e+01 -4.701333282521448824e-10 -9.399588161879216499e-10
1.160999965667724609e+01 -4.443184905413291370e-10 -8.903979017470896182e-10
1.161999988555908203e+01 -4.160105734138094391e-10 -8.359600505372032377e-10
1.163000011444091797e+01 -3.853807839969873096e-10 -7.769533738158253274e-10
1.163999938964843750e+01 -3.526125499485526969e-10 -7.137105793895269645e-10
1.164999961853027344e+01 -3.178879154342984550e-10 -6.465630226400719323e-10
1.165999984741210938e+01 -2.814053948301766392e-10 -5.758754726307811063e-10
1.167000007629394531e+01 -2.433667036732856487e-10 -5.020208154043033434e-10
1.167999935150146484e+01 -2.039826220908528698e-10 -4.253917154350867710e-10
1.168999958038330078e+01 -1.634568396675443326e-10 -3.463694436504045516e-10
1.169999980926513672e+01 -1.220075069328917054e-10 -2.653660556343112916e-10
1.171000003814697266e+01 -7.985128501926953372e-11 -1.827935891981374869e-10
1.171999931335449219e+01 -3.721008244601229870e-11 -9.907742340562360119e-11
1.172999954223632812e+01 5.706310410703916627e-12 -1.462232205923696254e-11
1.173999977111816406e+01 4.867683878908903306e-11 7.014155042065647661e-11
1.175000000000000000e+01 9.148647552281574477e-11 1.547924948180443974e-10
1.175999927520751953e+01 1.339191901295130634e-10 2.389033817619936399e-10
1.176999950408935547e+01 1.757751292052207815e-10 3.220757421044448116e-10
1.177999973297119141e+01 2.168473103444303985e-10 4.038936338512938685e-10
1.178999996185302734e+01 2.569388497021675090e-10 4.839578852573808041e-10
1.180000019073486328e+01 2.958598436020917331e-10 5.618800846711327308e-10
1.180999946594238281e+01 3.334247687375058945e-10 6.372775367155548843e-10
1.181999969482421875e+01 3.694675566319460091e-10 7.098037633437312862e-10
1.182999992370605469e+01 4.038208943689039095e-10 7.791072198370890881e-10
1.184000015258789062e+01 4.363314725210112930e-10 8.448621791987387905e-10
1.184999942779541016e+01 4.668542321499406603e-10 9.067574542410339896e-10
1.185999965667724609e+01 4.952644664115220288e-10 9.645212891705264970e-10
1.186999988555908203e+01 5.214409122958133525e-10 1.017887422111789387e-09
1.188000011444091797e+01 5.452781042193555747e-10 1.066620485707131863e-09
1.188999938964843750e+01 5.666818721985870364e-10 1.110507205261810090e-09
1.189999961853027344e+01 5.855776261716342596e-10 1.149373758514033445e-09
1.190999984741210938e+01 6.018983659748419841e-10 1.183061541593487847e-09
1.192000007629394531e+01 6.155932755660531873e-10 1.211445120962247589e-09
1.192999935150146484e+01 6.266247438507212500e-10 1.234426418791141319e-09
1.193999958038330078e+01 6.349723393931381286e-10 1.251943308194404704e-09
1.194999980926513672e+01 6.406264321800145578e-10 1.263956599215582969e-09
1.196000003814697266e+01 6.435925156321344050e-10 1.270459278691656772e-09
1.196999931335449219e+01 6.438899016163786483e-10 1.271473973900503651e-09
1.197999954223632812e+01 6.415512775648792664e-10 1.267052369786545520e-09
1.198999977111816406e+01 6.366221666752696082e-10 1.257274002323708927e-09
1.200000000000000000e+01 6.291608488629428360e-10 1.242246349538337059e-09
1.200999927520751953e+01 6.192387566794779027e-10 1.222105644386851718e-09
1.201999950408935547e+01 6.069358823603321930e-10 1.197007547569440436e-09
1.202999973297119141e+01 5.923458406574573206e-10 1.167137393850241325e-09
1.203999996185302734e+01 5.755716331661632806e-10 1.132701542109323240e-09
1.205000019073486328e+01 5.567257568214332120e-10 1.093927494675245245e-09
1.205999946594238281e+01 5.359315162105466245e-10 1.051066507047364674e-09
1.206999969482421875e+01 5.133141095546249331e-10 1.004375087103852539e-09
1.207999992370605469e+01 4.890117278879014290e-10 9.541377346680302074e-10
1.209000015258789062e+01 4.631669549786168594e-10 9.006490718336600472e-10
1.209999942779541016e+01 4.359304655338761879e-10 8.442213350595190138e-10
1.210999965667724609e+01 4.074496368957358383e-10 7.851606243759362736e-10
1.211999988555908203e+01 3.778832920366470530e-10 7.237972982775740013e-10
1.213000011444091797e+01 3.473905628333194074e-10 6.604627636060991569e-10
1.213999938964843750e+01 3.161355810090800731e-10 5.954990821270905999e-10
1.214999961853027344e+01 2.842746361064813109e-10 5.292321625998725549e-10
1.215999984741210938e+01 2.519732581348822585e-10 4.620071737669623607e-10
1.217000007629394531e+01 2.193935431767683559e-10 3.941621315319913185e-10
1.217999935150146484e+01 1.866994373495529465e-10 3.260388467933272237e-10
1.218999958038330078e+01 1.540434959652755466e-10 2.579553090139672613e-10
1.219999980926513672e+01 1.215848906251475129e-10 1.902432076172751345e-10
1.221000003814697266e+01 8.947623743819097103e-11 1.232205147957678228e-10
1.221999931335449219e+01 5.786903988734571456e-11 5.720288912369881251e-11
1.222999954223632812e+01 2.690105383771960046e-11 -7.522647477670734580e-12
1.223999977111816406e+01 -3.286190209684285553e-12 -7.066102106440612378e-11
1.225000000000000000e+01 -3.256005648201178032e-11 -1.319354579900779304e-10
1.225999927520751953e+01 -6.079163275007596966e-11 -1.910765491428902736e-10
1.226999950408935547e+01 -8.786687225950907937e-11 -2.478454661243842172e-10
1.227999973297119141e+01 -1.136708509416527090e-10 -3.020008491673954126e-10
1.228999996185302734e+01 -1.380990406715544466e-10 -3.533222855325488774e-10
1.230000019073486328e+01 -1.610549154019840342e-10 -4.016051696790045631e-10
1.230999946594238281e+01 -1.824482986327134625e-10 -4.466570993355016108e-10
1.231999969482421875e+01 -2.022036479563099965e-10 -4.883152211418991901e-10
1.232999992370605469e+01 -2.202480334000454926e-10 -5.264208262500816454e-10
1.234000015258789062e+01 -2.365196500766330293e-10 -5.608372067349075828e-10
1.234999942779541016e+01 -2.509645670650056799e-10 -5.914427538604818261e-10
1.235999965667724609e+01 -2.635421795885873955e-10 -6.181425046678777712e-10
1.236999988555908203e+01 -2.742170139006427412e-10 -6.408507975180105143e-10
1.238000011444091797e+01 -2.829644565079074154e-10 -6.595034599051483925e-10
1.238999938964843750e+01 -2.897687334498837186e-10 -6.740536045992034845e-10
1.239999961853027344e+01 -2.946252834736810412e-10 -6.844768323311034723e-10
1.240999984741210938e+01 -2.975367888255368703e-10 -6.907628987422189340e-10
1.242000007629394531e+01 -2.985158454573247081e-10 -6.929216100379759221e-10
1.242999935150146484e+01 -2.975842509047669284e-10 -6.909815182014194989e-10
1.243999958038330078e+01 -2.947722792305494902e-10 -6.849886360181909350e-10
1.244999980926513672e+01 -2.901189953847289379e-10 -6.750073467772681564e-10
1.246000003814697266e+01 -2.836718200106294825e-10 -6.611197857699119640e-10
1.246999931335449219e+01 -2.754870942534013389e-10 -6.434273683022930521e-10
1.247999954223632812e+01 -2.656264603166925500e-10 -6.220432810319593948e-10
1.248999977111816406e+01 -2.541611905070697351e-10 -5.971021605730196931e-10
1.250000000000000000e+01 -2.411688274883392908e-10 -5.687531596994733304e-10
1.250999927520751953e+01 -2.267348973887276140e-10 -5.371640053626076380e-10
1.251999950408935547e+01 -2.109468057195030644e-10 -5.025079446196062107e-10
1.252999973297119141e+01 -1.939016236031872989e-10 -4.649810767404932805e-10
1.253999996185302734e+01 -1.757001965039212805e-10 -4.247897404587567646e-10
1.255000019073486328e+01 -1.564479166097285804e-10 -3.821524412418719799e-10
1.255999946594238281e+01 -1.362561316658845798e-10 -3.373032125879851378e-10
1.256999969482421875e+01 -1.152337728596340927e-10 -2.904731971749370513e-10
1.257999992370605469e+01 -9.349833262047795526e-11 -2.419151772376438502e-10
1.259000015258789062e+01 -7.116763301525524802e-11 -1.918854097970688102e-10
1.259999942779541016e+01 -4.836328691889227107e-11 -1.406514320112444345e-10
1.260999965667724609e+01 -2.520132954700264093e-11 -8.847103094706597245e-11
1.261999988555908203e+01 -1.804661664025956841e-12 -3.562018462224289841e-11
1.263000011444091797e+01 2.170624064190372235e-11 1.762785554999868757e-11
1.263999938964843750e+01 4.520955159917799358e-11 7.099413457351784577e-11
1.264999961853027344e+01 6.859167218309544776e-11 1.242158800140142345e-10
1.265999984741210938e+01 9.173435960231883189e-11 1.770174447899026561e-10
1.267000007629394531e+01 1.145242874736386641e-10 2.291322030958746790e-10
1.267999935150146484e+01 1.368492584967846387e-10 2.802941391468304658e-10
1.268999958038330078e+01 1.586072156331646085e-10 3.302587539118921300e-10
1.269999980926513672e+01 1.796939619340092899e-10 3.787751863814092673e-10
1.271000003814697266e+01 2.000122147124462812e-10 4.256072330144187305e-10
1.271999931335449219e+01 2.194680893350056354e-10 4.705255495741232240e-10
1.272999954223632812e+01 2.379788542872129408e-10 5.133258479147834982e-10
1.273999977111816406e+01 2.554621618458122510e-10 5.538043135091288317e-10
1.275000000000000000e+01 2.718439001358034281e-10 5.917760031513825279e-10
1.275999927520751953e+01 2.870551988957794461e-10 6.270681811072736311e-10
1.276999950408935547e+01 3.010383767442845213e-10 6.595343633167640732e-10
1.277999973297119141e+01 3.137384401580964696e-10 6.890348129616332990e-10
1.278999996185302734e+01 3.251091741855816189e-10 7.154508653896516706e-10
1.279999923706054688e+01 3.351108727951883484e-10 7.386798298347824027e-10
1.280999946594238281e+01 3.437141061600908038e-10 7.586438750582012271e-10
1.281999969482421875e+01 3.508940320379827029e-10 7.752769208487729891e-10
1.282999992370605469e+01 3.566343428963958546e-10 7.885338789080613951e-10
1.284000015258789062e+01 3.609262024944228927e-10 7.983882214277736063e-10
1.284999942779541016e+01 3.637679603475922920e-10 8.048313418170243013e-10
1.285999965667724609e+01 3.651659755584342850e-10 8.078743800472952853e-10
1.286999988555908203e+01 3.651328337554164750e-10 8.075441182735235511e-10
1.288000011444091797e+01 3.636883774238944952e-10 8.038852402775444224e-10
1.288999938964843750e+01 3.608594766065048675e-10 7.969597475596151844e-10
1.289999961853027344e+01 3.566785630270664681e-10 7.868432952289951712e-10
1.290999984741210938e+01 3.511849725534755662e-10 7.736283799983278190e-10
1.292000007629394531e+01 3.444236887810224813e-10 7.574211482913245562e-10
1.292999935150146484e+01 3.364460360049633662e-10 7.383429434406181799e-10
1.293999958038330078e+01 3.273061701269777342e-10 7.165217926720442571e-10
1.294999980926513672e+01 3.170652859949532705e-10 6.921023491005529011e-10
1.296000003814697266e+01 3.057883033648161128e-10 6.652378529174677859e-10
1.296999931335449219e+01 2.935453886058201372e-10 6.360936616257000279e-10
1.297999954223632812e+01 2.804067868117019019e-10 6.048348659512023132e-10
1.298999977111816406e+01 2.664494264305572408e-10 5.716419478944211641e-10
1.300000000000000000e+01 2.517519153888400125e-10 5.366988259775415290e-10
1.300999927520751953e+01 2.363967356246619975e-10 5.001980580187093187e-10
1.301999950408935547e+01 2.204638974740374613e-10 4.623257648511366988e-10
1.302999973297119141e+01 2.040393150826141460e-10 4.232815723526676404e-10
1.303999996185302734e+01 1.872085804692968363e-10 3.832638709828947274e-10
1.304999923706054688e+01 1.700596274557092605e-10 3.424762359339272567e-10
1.305999946594238281e+01 1.526757438562858554e-10 3.011109143902315066e-10
1.306999969482421875e+01 1.351449898936448744e-10 2.593713553711274471e-10
1.307999992370605469e+01 1.175532770038053883e-10 2.174558979418000520e-10
1.309000015258789062e+01 9.998559855288721169e-11 1.755608604317404241e-10
1.309999942779541016e+01 8.252730636669855592e-11 1.338837670504753015e-10
1.310999965667724609e+01 6.525708987939200321e-11 9.260676699137872814e-11
1.311999988555908203e+01 4.825662111451105606e-11 5.191984401603836698e-11
1.313000011444091797e+01 3.160353104287148081e-11 1.200423695079067037e-11
1.313999938964843750e+01 1.537427719671931263e-11 -2.696051739136902747e-11
1.314999961853027344e+01 -3.623223547626383436e-13 -6.481194757937133705e-11
1.315999984741210938e+01 -1.553608901117920999e-11 -1.013828896167637495e-10
1.317000007629394531e+01 -3.008200354772604423e-11 -1.365170049181454447e-10
1.317999935150146484e+01 -4.393761193429114076e-11 -1.700624215421751193e-10
1.318999958038330078e+01 -5.704848855746918341e-11 -2.018848891493512367e-10
1.319999980926513672e+01 -6.936052154074212256e-11 -2.318490526930696145e-10
1.321000003814697266e+01 -8.082547220700398117e-11 -2.598318905200091227e-10
1.321999931335449219e+01 -9.139883461109341779e-11 -2.857175276514923591e-10
1.322999954223632812e+01 -1.010439414909043330e-10 -3.094073499936835482e-10
1.323999977111816406e+01 -1.097260417123210667e-10 -3.308055941814058222e-10
1.325000000000000000e+01 -1.174165331100549867e-10 -3.498298299449064503e-10
1.325999927520751953e+01 -1.240914084348034241e-10 -3.664072970305802096e-10
1.326999950408935547e+01 -1.297337649706631570e-10 -3.804813372906756135e-10
1.327999973297119141e+01 -1.343300169532614712e-10 -3.920022078579985490e-10
1.328999996185302734e+01 -1.378725500793688035e-10 -4.009339167575306001e-10
1.329999923706054688e+01 -1.403588325825519161e-10 -4.072522759171553393e-10
1.330999946594238281e+01 -1.417922199550284109e-10 -4.109472443545509093e-10
1.331999969482421875e+01 -1.421804642663709789e-10 -4.120194421942010863e-10
1.332999992370605469e+01 -1.415366696400573326e-10 -4.104828875721025457e-10
1.334000015258789062e+01 -1.398788860538724663e-10 -4.063642837604247624e-10
1.334999942779541016e+01 -1.372302652503281358e-10 -3.997037238674895218e-10
1.335999965667724609e+01 -1.336177883609792565e-10 -3.905517870214654812e-10
1.336999988555908203e+01 -1.290735960768031073e-10 -3.789731667268505995e-10
1.338000011444091797e+01 -1.236338589575961646e-10 -3.650441026310607065e-10
1.338999938964843750e+01 -1.173393915176746716e-10 -3.488542034260812688e-10
1.339999961853027344e+01 -1.102329179787523615e-10 -3.304996347688708721e-10
1.340999984741210938e+01 -1.023624126413499180e-10 -3.100919036667202710e-10
1.342000007629394531e+01 -9.377849175145353243e-11 -2.877513173440147677e-10
1.342999935150146484e+01 -8.453558701279122853e-11 -2.636101608809453071e-10
1.343999958038330078e+01 -7.468804540045704837e-11 -2.378025980608130869e-10
1.344999980926513672e+01 -6.429510593938983259e-11 -2.104777244000359028e-10
1.346000003814697266e+01 -5.341710160734970853e-11 -1.817896711004655030e-10
1.346999931335449219e+01 -4.211707105376471201e-11 -1.519018271706283496e-10
1.347999954223632812e+01 -3.045606689214730800e-11 -1.209743714519105013e-10
1.348999977111816406e+01 -1.849928961134455370e-11 -8.918040980803773335e-11
1.350000000000000000e+01 -6.311468309467337972e-12 -5.669364630258062413e-11
1.350999927520751953e+01 6.041236541487892900e-12 -2.369329758066051875e-11
1.351999950408935547e+01 1.849629847024357636e-11 9.649612300004946354e-12
1.352999973297119141e+01 3.098807710678677712e-11 4.315441157058730060e-11
1.353999996185302734e+01 4.345284473811611422e-11 7.664440676464233671e-11
1.354999923706054688e+01 5.582675448315708404e-11 1.099416490196898575e-10
1.355999946594238281e+01 6.805085566947017222e-11 1.428806519554127583e-10
1.356999969482421875e+01 8.006429407474772673e-11 1.752903118120207457e-10
1.357999992370605469e+01 9.180932427009694756e-11 2.070076065260506469e-10
1.359000015258789062e+01 1.032303853759030378e-10 2.378753187183303732e-10
1.359999942779541016e+01 1.142733125039120143e-10 2.677400942209727836e-10
1.360999965667724609e+01 1.248897422948309656e-10 2.964645339971106806e-10
1.361999988555908203e+01 1.350309964939949544e-10 3.239108074508837732e-10
1.363000011444091797e+01 1.446525280805497089e-10 3.499528081742229871e-10
1.363999938964843750e+01 1.537121856249597354e-10 3.744715668302541956e-10
1.364999961853027344e+01 1.621737693158484917e-10 3.973649547290188972e-10
1.365999984741210938e+01 1.700019743752190229e-10 4.185340500080960817e-10
1.367000007629394531e+01 1.771660184056761096e-10 4.378929787333243314e-10
1.367999935150146484e+01 1.836382597765587182e-10 4.553651756833913028e-10
1.368999958038330078e+01 1.893966742763595362e-10 4.708900373424642029e-10
1.369999980926513672e+01 1.944212017861924959e-10 4.844130028753895245e-10
1.371000003814697266e+01 1.986963183529306479e-10 4.958924203112644010e-10
1.371999931335449219e+01 2.022101020805771236e-10 5.052969331656266934e-10
1.372999954223632812e+01 2.049554972340321564e-10 5.126087442841073821e-10
1.373999977111816406e+01 2.069282804473650395e-10 5.178180434907195892e-10
1.375000000000000000e+01 2.081284352757856263e-10 5.209265517583027924e-10
1.375999927520751953e+01 2.085597190555610247e-10 5.219462315078483062e-10
1.376999950408935547e+01 2.082296803490732014e-10 5.208991356808484368e-10
1.377999973297119141e+01 2.071493238728056788e-10 5.178164489793130792e-10
1.378999996185302734e+01 2.053332431535172202e-10 5.127386633233765301e-10
1.379999923706054688e+01 2.027996988759062362e-10 5.057157044832448474e-10
1.380999946594238281e+01 1.995694504119374391e-10 4.968036073191917318e-10
1.381999969482421875e+01 1.956670626234608184e-10 4.860680685244154002e-10
1.382999992370605469e+01 1.911198473235624536e-10 4.735814619434655253e-10
1.384000015258789062e+01 1.859579011585610303e-10 4.594229246611346089e-10
1.384999942779541016e+01 1.802144995834944026e-10 4.436794368615666888e-10
1.385999965667724609e+01 1.739236592467709612e-10 4.264391684743292618e-10
1.386999988555908203e+01 1.671232303999700058e-10 4.078000102516408236e-10
1.388000011444091797e+01 1.598525502794685610e-10 3.878632229070543657e-10
1.388999938964843750e+01 1.521535025910571292e-10 3.667364525729192110e-10
1.389999961853027344e+01 1.440673180470095686e-10 3.445250821342895569e-10
1.390999984741210938e+01 1.356387603955829635e-10 3.213438704276860036e-10
1.392000007629394531e+01 1.269129955454571725e-10 2.973085347823526181e-10
1.392999935150146484e+01 1.179369394037739527e-10 2.725396508609319740e-10
1.393999958038330078e+01 1.087555735892508510e-10 2.471526826980551386e-10
1.394999980926513672e+01 9.941685236773169378e-11 2.212717286785462000e-10
1.396000003814697266e+01 8.996806087676780770e-11 1.950196859610563128e-10
1.396999931335449219e+01 8.045733365587178331e-11 1.685226717922241156e-10
1.397999954223632812e+01 7.092978698888357863e-11 1.418994451544888575e-10
1.398999977111816406e+01 6.143273905037732772e-11 1.152761402841744707e-10
1.400000000000000000e+01 5.201185781691153599e-11 8.877571655800392898e-11
1.400999927520751953e+01 4.271272704499320763e-11 6.252250775876951949e-11
1.401999950408935547e+01 3.357709773769448184e-11 3.663176539970252365e-11
1.402999973297119141e+01 2.464801196446125738e-11 1.122423040753628459e-11
1.403999996185302734e+01 1.596604404769421789e-11 -1.358439430222251000e-11
1.404999923706054688e+01 7.570795026639005441e-12 -3.767914628365859558e-11
1.405999946594238281e+01 -5.024570496027474955e-13 -6.095541420906868910e-11
1.406999969482421875e+01 -8.218109555301424123e-12 -8.330562154452425367e-11
1.407999992370605469e+01 -1.554361869795322278e-11 -1.046289865827248835e-10
1.409000015258789062e+01 -2.244882027647245482e-11 -1.248296740261892905e-10
1.409999942779541016e+01 -2.890545765951021522e-11 -1.438155242905472178e-10
1.410999965667724609e+01 -3.488970936723369778e-11 -1.615056516931547835e-10
1.411999988555908203e+01 -4.037858246310749873e-11 -1.778200240367898923e-10
1.413000011444091797e+01 -4.535249769568920110e-11 -1.926872692681175959e-10
1.413999938964843750e+01 -4.979431462556036513e-11 -2.060420210221541622e-10
1.414999961853027344e+01 -5.369102012312390674e-11 -2.178302573662228153e-10
1.415999984741210938e+01 -5.703121328237085696e-11 -2.280020055933711899e-10
1.417000007629394531e+01 -5.980686531909533006e-11 -2.365169057136799987e-10
1.417999935150146484e+01 -6.201268442618696096e-11 -2.433425696775823490e-10
1.418999958038330078e+01 -6.364688473148831931e-11 -2.484572532296739073e-10
1.419999980926513672e+01 -6.470989064497340620e-11 -2.518461250110699195e-10
1.421000003814697266e+01 -6.520518560565150459e-11 -2.535041588601450910e-10
1.421999931335449219e+01 -6.513904587614243341e-11 -2.534355568851573910e-10
1.422999954223632812e+01 -6.452038682368461488e-11 -2.516535643790216213e-10
1.423999977111816406e+01 -6.336071487534960146e-11 -2.481804555532551778e-10
1.425000000000000000e+01 -6.167405612791878437e-11 -2.430475525274212014e-10
1.425999927520751953e+01 -5.947705954146084809e-11 -2.362956873218922163e-10
1.426999950408935547e+01 -5.678798989359811136e-11 -2.279722250105511029e-10
1.427999973297119141e+01 -5.362785882572985823e-11 -2.181346272545019574e-10
1.428999996185302734e+01 -5.001949640340450638e-11 -2.068476588344061584e-10
1.429999923706054688e+01 -4.598799623746324356e-11 -1.941848016400735415e-10
1.430999946594238281e+01 -4.155898603808860983e-11 -1.802228126468782388e-10
1.431999969482421875e+01 -3.676078257306850850e-11 -1.650484539794602660e-10
1.432999992370605469e+01 -3.162273099272397985e-11 -1.487532127219431500e-10
1.434000015258789062e+01 -2.617540580393013001e-11 -1.314338327126306452e-10
1.434999942779541016e+01 -2.045100267521760578e-11 -1.131934499857553554e-10
1.435999965667724609e+01 -1.448095945673996559e-11 -9.413387233798989002e-11
1.436999988555908203e+01 -8.299067524343524225e-12 -7.436534004061867395e-11
1.438000011444091797e+01 -1.939141604525879008e-12 -5.399893756854559929e-11
1.438999938964843750e+01 4.563989682408089048e-12 -3.314958594466361068e-11
1.439999961853027344e+01 1.117714646349599722e-11 -1.192732759820933619e-11
1.440999984741210938e+01 1.786523682158209749e-11 9.551432781802968639e-12
1.442000007629394531e+01 2.459389083176449766e-11 3.117254192070099400e-11
1.442999935150146484e+01 3.132836503979842159e-11 5.282074256248302343e-11
1.443999958038330078e+01 3.803626901713063591e-11 7.438858592069999030e-11
1.444999980926513672e+01 4.468385887321091169e-11 9.576464688724412988e-11
1.446000003814697266e+01 5.123875708862492767e-11 1.168423771404297832e-10
1.446999931335449219e+01 5.766884597897008232e-11 1.375166365671359180e-10
1.447999954223632812e+01 6.394484619457851643e-11 1.576920473808906412e-10
1.448999977111816406e+01 7.003676361506141183e-11 1.772716084946938110e-10
1.450000000000000000e+01 7.591648228017923687e-11 1.961650450967040913e-10
1.450999927520751953e+01 8.155673673094420048e-11 2.142854922730072642e-10
1.451999950408935547e+01 8.693335194066625720e-11 2.315566521594353206e-10
1.452999973297119141e+01 9.202211524821219831e-11 2.479026819600186665e-10
1.453999996185302734e+01 9.680104904361300331e-11 2.632554112270778265e-10
1.454999923706054688e+01 1.012495402144173433e-10 2.775514400704492067e-10
1.455999946594238281e+01 1.053500844165323422e-10 2.907376248285699601e-10
1.456999969482421875e+01 1.090858074553710806e-10 3.027629797228140366e-10
1.457999992370605469e+01 1.124422564211290737e-10 3.135842898523452097e-10
1.458999919891357422e+01 1.154067466005887406e-10 3.231638592565368677e-10
1.459999942779541016e+01 1.179694962032451531e-10 3.314730311568148764e-10
1.460999965667724609e+01 1.201219595645521844e-10 3.384866567873658967e-10
1.461999988555908203e+01 1.218580176033793164e-10 3.441868018739246771e-10
1.463000011444091797e+01 1.231736866106419646e-10 3.485616808829350383e-10
1.463999938964843750e+01 1.240670530475583255e-10 3.516053194094544876e-10
1.464999961853027344e+01 1.245385631263462758e-10 3.533184614749570632e-10
1.465999984741210938e+01 1.245904901308367001e-10 3.537066887633267284e-10
1.467000007629394531e+01 1.242272833807412668e-10 3.527815597264068244e-10
1.467999935150146484e+01 1.234555129889511359e-10 3.505603716307084311e-10
1.468999958038330078e+01 1.222834829822076463e-10 3.470650255291978319e-10
1.469999980926513672e+01 1.207216107607545809e-10 3.423231324452153198e-10
1.471000003814697266e+01 1.187820975534595600e-10 3.363671155782533439e-10
1.471999931335449219e+01 1.164791363435908062e-10 3.292349205110052021e-10
1.472999954223632812e+01 1.138279064031518321e-10 3.209670027542226030e-10
1.473999977111816406e+01 1.108457930215635178e-10 3.116102332497381272e-10
1.475000000000000000e+01 1.075514336372098344e-10 3.012150993189021299e-10
1.475999927520751953e+01 1.039651601542593373e-10 2.898372686284769957e-10
1.476999950408935547e+01 1.001074804200803232e-10 2.775329561486491614e-10
1.477999973297119141e+01 9.600100571850078645e-11 2.643652383129724618e-10
1.478999996185302734e+01 9.166897554898965390e-11 2.503995855098863778e-10
1.479999923706054688e+01 8.713589061285765197e-11 2.357061097411704781e-10
1.480999946594238281e+01 8.242562416682569608e-11 2.203536502550984884e-10
1.481999969482421875e+01 7.756387785395797124e-11 2.044179399400900516e-10
1.482999992370605469e+01 7.257632602620604642e-11 1.879757939577595779e-10
1.483999919891357422e+01 6.748938497363481170e-11 1.711078196011450886e-10
1.484999942779541016e+01 6.232812018871346961e-11 1.538916370018004421e-10
1.485999965667724609e+01 5.711902072276233580e-11 1.364112229243978752e-10
1.486999988555908203e+01 5.188792753975171246e-11 1.187501687419163831e-10
1.488000011444091797e+01 4.666038024759732637e-11 1.009929128895679888e-10
1.488999938964843750e+01 4.146198116487625490e-11 8.322605838837762689e-11
1.489999961853027344e+01 3.631629011778698527e-11 6.553120098805696667e-11
1.490999984741210938e+01 3.124768426687667000e-11 4.799470201559310478e-11
1.492000007629394531e+01 2.627925753387626092e-11 3.070048266767851736e-11
1.492999935150146484e+01 2.143366904797996410e-11 1.373288970165222369e-11
1.493999958038330078e+01 1.673120882780375684e-11 -2.830185047516390665e-12
1.494999980926513672e+01 1.219248460136401436e-11 -1.890802491140039348e-11
1.496000003814697266e+01 7.836478329899225159e-12 -3.442404364617794300e-11
1.496999931335449219e+01 3.681328511835144268e-12 -4.930320249801811162e-11
1.497999954223632812e+01 -2.572996008402690348e-13 -6.347805793568245544e-11
1.498999977111816406e+01 -3.963888696487917178e-12 -7.688065626469350603e-11
1.500000000000000000e+01 -7.424721717352713297e-12 -8.944868168337925019e-11
