# col1: q[fm^-1] col2: weakFF col3: chargeFF [unitless]
9.999999999999999547e-07 1.000000342784062912e+00 9.999999644620903849e-01
9.999999776482582092e-03 9.995918689498540788e-01 9.996235893249617588e-01
1.999999955296516418e-02 9.983672482578442864e-01 9.984951203193417335e-01
2.999999932944774628e-02 9.963288808871789692e-01 9.966165250848790791e-01
3.999999910593032837e-02 9.934807594965812116e-01 9.939910776387907987e-01
4.999999701976776123e-02 9.898284585632212140e-01 9.906233510288180444e-01
5.999999865889549255e-02 9.853791146807707735e-01 9.865192026220019894e-01
7.000000029802322388e-02 9.801414126817661332e-01 9.816857657172414209e-01
7.999999821186065674e-02 9.741255585820982610e-01 9.761314299371990355e-01
8.999999612569808960e-02 9.673432451738851467e-01 9.698658157263292390e-01
9.999999403953552246e-02 9.598076248271439903e-01 9.628997563659338343e-01
1.099999994039535522e-01 9.515332639944322768e-01 9.552452639087093411e-01
1.199999973177909851e-01 9.425361272564410919e-01 9.469155232256943888e-01
1.299999952316284180e-01 9.328334953867120083e-01 9.379248257457941662e-01
1.400000005960464478e-01 9.224439329574645186e-01 9.282885496725047370e-01
1.499999910593032837e-01 9.113872704637511202e-01 9.180231543941078654e-01
1.599999964237213135e-01 8.996844602764205723e-01 9.071460583417141343e-01
1.700000017881393433e-01 8.873576243078054038e-01 8.956756952959561424e-01
1.799999922513961792e-01 8.744299477426674683e-01 8.836314283210499054e-01
1.899999976158142090e-01 8.609255534386389686e-01 8.710334457401484043e-01
1.999999880790710449e-01 8.468695729053882237e-01 8.579028406953222996e-01
2.099999934434890747e-01 8.322879173528245911e-01 8.442614112204805954e-01
2.199999988079071045e-01 8.172073521988145739e-01 8.301317436934348981e-01
2.299999892711639404e-01 8.016553658791468751e-01 8.155371044196429997e-01
2.399999946355819702e-01 7.856600238738041808e-01 8.005013168095017617e-01
2.500000000000000000e-01 7.692500335522510779e-01 7.850488364534882191e-01
2.599999904632568359e-01 7.524546022635367759e-01 7.692046322113728074e-01
2.699999809265136719e-01 7.353033094669340075e-01 7.529940797119412110e-01
2.800000011920928955e-01 7.178260517100278904e-01 7.364429230270562732e-01
2.899999916553497314e-01 7.000531514530364818e-01 7.195773918190141449e-01
2.999999821186065674e-01 6.820149681656527685e-01 7.024238464654317671e-01
3.100000023841857910e-01 6.637419751285622560e-01 6.850088632036168690e-01
3.199999928474426270e-01 6.452648510571026286e-01 6.673593347152663169e-01
3.299999833106994629e-01 6.266140787417976421e-01 6.495020997814752173e-01
3.400000035762786865e-01 6.078200326748446347e-01 6.314640376957801893e-01
3.499999940395355225e-01 5.889130772765414079e-01 6.132721742963500589e-01
3.599999845027923584e-01 5.699231600611498472e-01 5.949533019086983288e-01
3.700000047683715820e-01 5.508799096237275705e-01 5.765340823087663491e-01
3.799999952316284180e-01 5.318127399851716453e-01 5.580411574366094252e-01
3.899999856948852539e-01 5.127504450040112349e-01 5.395007653264138892e-01
3.999999761581420898e-01 4.937213626623688789e-01 5.209389061026299395e-01
4.099999964237213135e-01 4.747532017285376327e-01 5.023811799301562964e-01
4.199999868869781494e-01 4.558732100552005395e-01 4.838529577029873630e-01
4.299999773502349854e-01 4.371077803619629609e-01 4.653790001635250140e-01
4.399999976158142090e-01 4.184825692980020939e-01 4.469835773382190292e-01
4.499999880790710449e-01 4.000226133495488057e-01 4.286905869016832682e-01
4.599999785423278809e-01 3.817519496869022921e-01 4.105231816920701937e-01
4.699999988079071045e-01 3.636937423995074692e-01 3.925038944472921121e-01
4.799999892711639404e-01 3.458704018451743134e-01 3.746547579327478283e-01
4.899999797344207764e-01 3.283032253972263947e-01 3.569969455379743972e-01
5.000000000000000000e-01 3.110125294537385843e-01 3.395509001201000299e-01
5.099999904632568359e-01 2.940177711336974253e-01 3.223364549325739015e-01
5.199999809265136719e-01 2.773372129861159108e-01 3.053724914840345583e-01
5.299999713897705078e-01 2.609881074343955998e-01 2.886771205608401059e-01
5.399999618530273438e-01 2.449866257092809529e-01 2.722676047397329380e-01
5.500000119209289551e-01 2.293477500728561824e-01 2.561602406598136872e-01
5.600000023841857910e-01 2.140856322749646046e-01 2.403707211468991134e-01
5.699999928474426270e-01 1.992130252795693557e-01 2.249135414758080820e-01
5.799999833106994629e-01 1.847416528663987090e-01 2.098023703169616117e-01
5.899999737739562988e-01 1.706821130873153458e-01 1.950499403829633882e-01
5.999999642372131348e-01 1.570438792521270666e-01 1.806680385548597723e-01
6.100000143051147461e-01 1.438352266239982524e-01 1.666674162559963757e-01
6.200000047683715820e-01 1.310635519659837933e-01 1.530581161688813474e-01
6.299999952316284180e-01 1.187349112521185052e-01 1.398489691204201635e-01
6.399999856948852539e-01 1.068543502140696377e-01 1.270479303491306999e-01
6.499999761581420898e-01 9.542584008972193610e-02 1.146619974368981443e-01
6.599999666213989258e-01 8.445229602522276446e-02 1.026972151924852583e-01
6.699999570846557617e-01 7.393559799015619882e-02 9.115868283306428899e-02
6.800000071525573730e-01 6.387655548548193396e-02 8.005049848068351848e-02
6.899999976158142090e-01 5.427517018752810174e-02 6.937603301739236894e-02
6.999999880790710449e-01 4.513030387606597332e-02 5.913754647329383385e-02
7.099999785423278809e-01 3.643995062691482434e-02 4.933647114404873801e-02
7.199999690055847168e-01 2.820120695461518154e-02 3.997336171135002642e-02
7.299999594688415527e-01 2.041030495577134465e-02 3.104791470037840395e-02
7.400000095367431641e-01 1.306260449845861663e-02 2.255894038570996352e-02
7.500000000000000000e-01 6.152801808705752815e-03 1.450458543612028785e-02
7.599999904632568359e-01 -3.252959694741079481e-04 6.882053758994329147e-03
7.699999809265136719e-01 -6.378554621289546540e-03 -3.121626482253236218e-04
7.799999713897705078e-01 -1.201451868119007838e-02 -7.082308377771385187e-03
7.899999618530273438e-01 -1.724137136266963230e-02 -1.343333615007826116e-02
7.999999523162841797e-01 -2.206789385724046079e-02 -1.937087721580646113e-02
8.100000023841857910e-01 -2.650344944032409500e-02 -2.490124249309870128e-02
8.199999928474426270e-01 -3.055783853434784411e-02 -3.003126160581487750e-02
8.299999833106994629e-01 -3.424141551824714386e-02 -3.476844824851690191e-02
8.399999737739562988e-01 -3.756493891824595061e-02 -3.912083289876067821e-02
8.499999642372131348e-01 -4.053955727584975660e-02 -4.309696334534307560e-02
8.599999547004699707e-01 -4.317676761939748253e-02 -4.670587056540369264e-02
8.700000047683715820e-01 -4.548838708867036784e-02 -4.995705256036992586e-02
8.799999952316284180e-01 -4.748645900906701273e-02 -5.286036422357718451e-02
8.899999856948852539e-01 -4.918329524134937292e-02 -5.542609859852822007e-02
8.999999761581420898e-01 -5.059137966265613712e-02 -5.766487231729418295e-02
9.099999666213989258e-01 -5.172334412175096097e-02 -5.958761109464701111e-02
9.199999570846557617e-01 -5.259193052135729268e-02 -6.120551492701865881e-02
9.300000071525573730e-01 -5.320995681804649435e-02 -6.253003056983280628e-02
9.399999976158142090e-01 -5.359026787120176744e-02 -6.357278748097679177e-02
9.499999880790710449e-01 -5.374572262653788679e-02 -6.434561126185732449e-02
9.599999785423278809e-01 -5.368914436470956231e-02 -6.486045708866948478e-02
9.699999690055847168e-01 -5.343329276389090221e-02 -6.512938573163577771e-02
9.799999594688415527e-01 -5.299083286147890370e-02 -6.516453147746825714e-02
9.899999499320983887e-01 -5.237430538570667787e-02 -6.497807078639265821e-02
1.000000000000000000e+00 -5.159609340787234960e-02 -6.458218879374640065e-02
1.009999990463256836e+00 -5.066841507638274178e-02 -6.398906033918716485e-02
1.019999980926513672e+00 -4.960327037255535254e-02 -6.321080696072278737e-02
1.029999971389770508e+00 -4.841243500112717146e-02 -6.225947741705496058e-02
1.039999961853027344e+00 -4.710743397633821578e-02 -6.114701922564228648e-02
1.049999952316284180e+00 -4.569952093290181178e-02 -5.988525303391101229e-02
1.059999942779541016e+00 -4.419965900288160693e-02 -5.848584811851913201e-02
1.069999933242797852e+00 -4.261850326270483907e-02 -5.696029905053194564e-02
1.079999923706054688e+00 -4.096638474907379063e-02 -5.531990355970467510e-02
1.090000033378601074e+00 -3.925327529089208539e-02 -5.357572025919854486e-02
1.100000023841857910e+00 -3.748885706804172546e-02 -5.173863341388778431e-02
1.110000014305114746e+00 -3.568238857264323383e-02 -4.981920960846428909e-02
1.120000004768371582e+00 -3.384277588266232373e-02 -4.782776273174794285e-02
1.129999995231628418e+00 -3.197854424922340344e-02 -4.577431797796172042e-02
1.139999985694885254e+00 -3.009783122024014754e-02 -4.366859734574640717e-02
1.149999976158142090e+00 -2.820838118930805993e-02 -4.152000644145165120e-02
1.159999966621398926e+00 -2.631754133294509149e-02 -3.933762258447251470e-02
1.169999957084655762e+00 -2.443225889594057704e-02 -3.713018420841270734e-02
1.179999947547912598e+00 -2.255907978151655557e-02 -3.490608154800504265e-02
1.189999938011169434e+00 -2.070414840021754174e-02 -3.267334859801494101e-02
1.199999928474426270e+00 -1.887320872892814944e-02 -3.043965632680472461e-02
1.209999918937683105e+00 -1.707160652916908661e-02 -2.821230712384941233e-02
1.220000028610229492e+00 -1.530427182668201054e-02 -2.599820416893228875e-02
1.230000019073486328e+00 -1.357580715747180519e-02 -2.380395370004908390e-02
1.240000009536743164e+00 -1.189036645061881253e-02 -2.163570452681702616e-02
1.250000000000000000e+00 -1.025174608695635439e-02 -1.949925297295302881e-02
1.259999990463256836e+00 -8.663370809002977554e-03 -1.740001659029573322e-02
1.269999980926513672e+00 -7.128301734441904076e-03 -1.534303540773300153e-02
1.279999971389770508e+00 -5.649245131960629711e-03 -1.333297418930487477e-02
1.289999961853027344e+00 -4.228561899887253728e-03 -1.137412566023780422e-02
1.299999952316284180e+00 -2.868277688043301393e-03 -9.470414657967314229e-03
1.309999942779541016e+00 -1.570093603429214418e-03 -7.625403163706085362e-03
1.319999933242797852e+00 -3.353974407584746679e-04 -5.842296168809335728e-03
1.329999923706054688e+00 8.347246205495867724e-04 -4.123948329079169840e-03
1.339999914169311523e+00 1.939475910530267036e-03 -2.472871359231537496e-03
1.350000023841857910e+00 2.978348800833978145e-03 -8.912236861318115384e-04
1.360000014305114746e+00 3.951063200279885876e-03 6.191062312079818148e-04
1.370000004768371582e+00 4.857627867427644248e-03 2.056603739714904511e-03
1.379999995231628418e+00 5.698276896168935450e-03 3.420041852506136397e-03
1.389999985694885254e+00 6.473469168709668556e-03 4.708490161782249994e-03
1.399999976158142090e+00 7.183874942343052364e-03 5.921304034729661485e-03
1.409999966621398926e+00 7.830362395602492170e-03 7.058113414010544137e-03
1.419999957084655762e+00 8.413984179818197878e-03 8.118811271508692348e-03
1.429999947547912598e+00 8.935964020145247683e-03 9.103541763384273913e-03
1.439999938011169434e+00 9.397683408098139041e-03 1.001268813373500099e-02
1.449999928474426270e+00 9.800668425528014094e-03 1.084686041327266766e-02
1.459999918937683105e+00 1.014657673782471022e-02 1.160688295841137349e-02
1.469999909400939941e+00 1.043718479192544922e-02 1.229378187503257086e-02
1.480000019073486328e+00 1.067437776938117040e-02 1.290877927796714800e-02
1.490000009536743164e+00 1.086012662303636848e-02 1.345325214812635034e-02
1.500000000000000000e+00 1.099649301020169841e-02 1.392876362555374795e-02
1.509999990463256836e+00 1.108560570054682205e-02 1.433702022402250954e-02
1.519999980926513672e+00 1.112965239502032577e-02 1.467986705268706747e-02
1.529999971389770508e+00 1.113086877346211589e-02 1.495927540144818477e-02
1.539999961853027344e+00 1.109152793270284758e-02 1.517733048105756807e-02
1.549999952316284180e+00 1.101393023263036626e-02 1.533621934994140908e-02
1.559999942779541016e+00 1.090039356550464265e-02 1.543821905790428509e-02
1.569999933242797852e+00 1.075324406164444163e-02 1.548568503502245793e-02
1.579999923706054688e+00 1.057480724249593163e-02 1.548103975215414825e-02
1.589999914169311523e+00 1.036739963003294358e-02 1.542676167759429208e-02
1.599999904632568359e+00 1.013332081943423002e-02 1.532537455248757750e-02
1.610000014305114746e+00 9.874842802317776447e-03 1.517943501068462313e-02
1.620000004768371582e+00 9.594215599164176295e-03 1.499153004706425471e-02
1.629999995231628418e+00 9.293642216657779787e-03 1.476425688115274790e-02
1.639999985694885254e+00 8.975284670844166715e-03 1.450022015894246452e-02
1.649999976158142090e+00 8.641255474519216051e-03 1.420202161506311893e-02
1.659999966621398926e+00 8.293612531626077047e-03 1.387225162867449998e-02
1.669999957084655762e+00 7.934354493208435263e-03 1.351348120323580398e-02
1.679999947547912598e+00 7.565416568413414582e-03 1.312825437781830855e-02
1.689999938011169434e+00 7.188666782723998269e-03 1.271908107589338720e-02
1.699999928474426270e+00 6.805902674376227562e-03 1.228843039584167143e-02
1.709999918937683105e+00 6.418848418780453459e-03 1.183872434579410528e-02
1.719999909400939941e+00 6.029152369719481021e-03 1.137233202383474383e-02
1.730000019073486328e+00 5.638380346443749684e-03 1.089155843518153574e-02
1.740000009536743164e+00 5.248032619353992269e-03 1.039866266030646524e-02
1.750000000000000000e+00 4.859514648484049987e-03 9.895818935042453857e-03
1.759999990463256836e+00 4.474154803587208212e-03 9.385135378278940468e-03
1.769999980926513672e+00 4.093199135446568514e-03 8.868644713348196665e-03
1.779999971389770508e+00 3.717811134557133350e-03 8.348301061308559604e-03
1.789999961853027344e+00 3.349071806117092254e-03 7.825977147838083375e-03
1.799999952316284180e+00 2.987980044877487900e-03 7.303461914461570510e-03
1.809999942779541016e+00 2.635453293118892280e-03 6.782458523866997414e-03
1.819999933242797852e+00 2.292328464818152878e-03 6.264582748175238219e-03
1.829999923706054688e+00 1.959363118935618722e-03 5.751361728210216059e-03
1.839999914169311523e+00 1.637236864690591077e-03 5.244233091074897678e-03
1.849999904632568359e+00 1.326552981696496819e-03 4.744544412671724762e-03
1.860000014305114746e+00 1.027836750196286239e-03 4.253547214701723297e-03
1.870000004768371582e+00 7.415515512398435007e-04 3.772420384930151409e-03
1.879999995231628418e+00 4.680796558470718977e-04 3.302235449472553947e-03
1.889999985694885254e+00 2.077389288987768626e-04 2.843980803661049026e-03
1.899999976158142090e+00 -3.921836222445937372e-05 2.398556773334749141e-03
1.909999966621398926e+00 -2.726029902423977272e-04 1.966776838306684427e-03
1.919999957084655762e+00 -4.922861105932564317e-04 1.549369094662638715e-03
1.929999947547912598e+00 -6.981965191654755784e-04 1.146977939764117415e-03
1.939999938011169434e+00 -8.903178397865975282e-04 7.601659637787419642e-04
1.949999928474426270e+00 -1.068685655628516529e-03 3.894160315716236925e-04
1.959999918937683105e+00 -1.233384598175201125e-03 3.513353885790374329e-05
1.969999909400939941e+00 -1.384545406860403487e-03 -3.023511733628120269e-04
1.979999899864196777e+00 -1.522341971922188102e-03 -6.227802618975453956e-04
1.990000009536743164e+00 -1.646989780925016021e-03 -9.259692084921691780e-04
2.000000000000000000e+00 -1.758737177290182118e-03 -1.211789773290140914e-03
2.009999990463256836e+00 -1.857871333096450901e-03 -1.480188790580260448e-03
2.019999980926513672e+00 -1.944709241297954902e-03 -1.731170530208312342e-03
2.029999971389770508e+00 -2.019596405907648010e-03 -1.964797373507625768e-03
2.039999961853027344e+00 -2.082904014238754278e-03 -2.181186718143011093e-03
2.049999952316284180e+00 -2.135026163283545476e-03 -2.380507842620202368e-03
2.059999942779541016e+00 -2.176377147859591930e-03 -2.562978743394825343e-03
2.069999933242797852e+00 -2.207388817526379290e-03 -2.728862957012684245e-03
2.079999923706054688e+00 -2.228508008653329493e-03 -2.878466379188680552e-03
2.089999914169311523e+00 -2.240194057405547803e-03 -3.012134092188055879e-03
2.099999904632568359e+00 -2.242916398808457359e-03 -3.130247211313916950e-03
2.109999895095825195e+00 -2.237152256458044101e-03 -3.233219760731377481e-03
2.119999885559082031e+00 -2.223384426862080529e-03 -3.321495588274508363e-03
2.129999876022338867e+00 -2.202099161830405310e-03 -3.395545328289631837e-03
2.139999866485595703e+00 -2.173784151780831179e-03 -3.455863420970243464e-03
2.149999856948852539e+00 -2.138926612292834251e-03 -3.502965196037360635e-03
2.159999847412109375e+00 -2.098011475724833111e-03 -3.537384028016627401e-03
2.169999837875366211e+00 -2.051519689213726801e-03 -3.559668569762397625e-03
2.180000066757202148e+00 -1.999925332746851827e-03 -3.570380192222291204e-03
2.190000057220458984e+00 -1.943699175661832207e-03 -3.570089648829716765e-03
2.200000047683715820e+00 -1.883299899806510722e-03 -3.559376089524170141e-03
2.210000038146972656e+00 -1.819177638868316486e-03 -3.538823380216326708e-03
2.220000028610229492e+00 -1.751771640983338513e-03 -3.509018197711396767e-03
2.230000019073486328e+00 -1.681509207522132376e-03 -3.470547839403498140e-03
2.240000009536743164e+00 -1.608804735352321489e-03 -3.423998141477190352e-03
2.250000000000000000e+00 -1.534058860700193228e-03 -3.369951507741924829e-03
2.259999990463256836e+00 -1.457657702437826878e-03 -3.308985050719649799e-03
2.269999980926513672e+00 -1.379972202350451425e-03 -3.241668846118511693e-03
2.279999971389770508e+00 -1.301357559690310105e-03 -3.168564301356666200e-03
2.289999961853027344e+00 -1.222152757098364040e-03 -3.090222638351358860e-03
2.299999952316284180e+00 -1.142680174773219853e-03 -3.007183490359817066e-03
2.309999942779541016e+00 -1.063245289587513897e-03 -2.919973612251082484e-03
2.319999933242797852e+00 -9.841364556952790759e-04 -2.829105703202244426e-03
2.329999923706054688e+00 -9.056247630388380076e-04 -2.735077340448898060e-03
2.339999914169311523e+00 -8.279639700501352983e-04 -2.638370022378510194e-03
2.349999904632568359e+00 -7.513905067486956321e-04 -2.539448318937006285e-03
2.359999895095825195e+00 -6.761235443654269126e-04 -2.438759127023239128e-03
2.369999885559082031e+00 -6.023651275681201267e-04 -2.336731028273382211e-03
2.379999876022338867e+00 -5.303003653295796727e-04 -2.233773746387399464e-03
2.389999866485595703e+00 -4.600976764622732645e-04 -2.130277700922644443e-03
2.399999856948852539e+00 -3.919090858431362743e-04 -2.026613654275021340e-03
2.409999847412109375e+00 -3.258705673682578126e-04 -1.923132448385775914e-03
2.419999837875366211e+00 -2.621024297080983196e-04 -1.820164827551379620e-03
2.429999828338623047e+00 -2.007097409794166378e-04 -1.718021343575004516e-03
2.440000057220458984e+00 -1.417814136056422519e-04 -1.616989946131581167e-03
2.450000047683715820e+00 -8.539625642467884735e-05 -1.517345649933001753e-03
2.460000038146972656e+00 -3.161506117527007159e-05 -1.419336201268372837e-03
2.470000028610229492e+00 1.951317380867187296e-05 -1.323191942137793816e-03
2.480000019073486328e+00 6.795211478692513908e-05 -1.229123644134470957e-03
2.490000009536743164e+00 1.136775119045453669e-04 -1.137322823429766936e-03
2.500000000000000000e+00 1.566766044856804396e-04 -1.047962109557773382e-03
2.509999990463256836e+00 1.969475154513510050e-04 -9.611956638268120707e-04
2.519999980926513672e+00 2.344986378519887059e-04 -8.771596432109633008e-04
2.529999971389770508e+00 2.693480163695922969e-04 -7.959727056150358443e-04
2.539999961853027344e+00 3.015227265045423207e-04 -7.177365524601648150e-04
2.549999952316284180e+00 3.310582540189212003e-04 -6.425365046038304835e-04
2.559999942779541016e+00 3.579978770626978941e-04 -5.704421076866053987e-04
2.569999933242797852e+00 3.823920532619723141e-04 -5.015077630872403092e-04
2.579999923706054688e+00 4.042978139002902311e-04 -4.357733807673617359e-04
2.589999914169311523e+00 4.237781671757177480e-04 -3.732650503957020546e-04
2.599999904632568359e+00 4.409015123683300542e-04 -3.139957272588899014e-04
2.609999895095825195e+00 4.557410666058011824e-04 -2.579659295903820749e-04
2.619999885559082031e+00 4.683743057692778700e-04 -2.051644440802333094e-04
2.629999876022338867e+00 4.788824209383850329e-04 -1.555690364653782845e-04
2.639999866485595703e+00 4.873497916332649479e-04 -1.091471642420276019e-04
2.649999856948852539e+00 4.938634769737782751e-04 -6.585668868771360170e-05
2.659999847412109375e+00 4.985127257413435407e-04 -2.564658353017284256e-05
2.669999837875366211e+00 5.013885061981877139e-04 1.154236224788204481e-05
2.679999828338623047e+00 5.025830563919342223e-04 4.577684982488544049e-05
2.690000057220458984e+00 5.021894279768906880e-04 7.713110018345870089e-05
2.700000047683715820e+00 5.003011549650154084e-04 1.056832614058046335e-04
2.710000038146972656e+00 4.970118089932368775e-04 1.315192336379325674e-04
2.720000028610229492e+00 4.924146387391870223e-04 1.547289711776965850e-04
2.730000019073486328e+00 4.866022386246359886e-04 1.754066404754075397e-04
2.740000009536743164e+00 4.796662307884284188e-04 1.936500156740184162e-04
2.750000000000000000e+00 4.716969694773595211e-04 2.095598945341116371e-04
2.759999990463256836e+00 4.627832677393135525e-04 2.232395358766709132e-04
2.769999980926513672e+00 4.530121462207731525e-04 2.347941195330337282e-04
2.779999971389770508e+00 4.424686037939490357e-04 2.443302296512967994e-04
2.789999961853027344e+00 4.312354096672570136e-04 2.519553620723546787e-04
2.799999952316284180e+00 4.193929165666982297e-04 2.577774563569732022e-04
2.809999942779541016e+00 4.070188945146687560e-04 2.619044529180767733e-04
2.819999933242797852e+00 3.941883846770889710e-04 2.644438755900854645e-04
2.829999923706054688e+00 3.809735726990603208e-04 2.655024398499317932e-04
2.839999914169311523e+00 3.674436809037481648e-04 2.651856867923694789e-04
2.849999904632568359e+00 3.536648786885768225e-04 2.635976428557992640e-04
2.859999895095825195e+00 3.397002104170876880e-04 2.608405051939011740e-04
2.869999885559082031e+00 3.256095400737375007e-04 2.570143524932289036e-04
2.879999876022338867e+00 3.114495119225753404e-04 2.522168809476110687e-04
2.889999866485595703e+00 2.972735263886810953e-04 2.465431650166398391e-04
2.899999856948852539e+00 2.831317303637099375e-04 2.400854425180163601e-04
2.909999847412109375e+00 2.690710211233886956e-04 2.329329235317426018e-04
2.919999837875366211e+00 2.551350630353847759e-04 2.251716225283512454e-04
2.929999828338623047e+00 2.413643162304139405e-04 2.168842130733534548e-04
2.939999818801879883e+00 2.277960764075718917e-04 2.081499044058735448e-04
2.950000047683715820e+00 2.144642101722390808e-04 1.990441182007454701e-04
2.960000038146972656e+00 2.014004804622018872e-04 1.896392840551900326e-04
2.970000028610229492e+00 1.886327066075740399e-04 1.800034718811524298e-04
2.980000019073486328e+00 1.761861184187858958e-04 1.702012096580844647e-04
2.990000009536743164e+00 1.640831185980883076e-04 1.602932443849181909e-04
3.000000000000000000e+00 1.523433722565823453e-04 1.503365328273990290e-04
3.009999990463256836e+00 1.409839019824612571e-04 1.403842481701511667e-04
3.019999980926513672e+00 1.300191877276869008e-04 1.304858016320274228e-04
3.029999971389770508e+00 1.194612708033039757e-04 1.206868780953000475e-04
3.039999961853027344e+00 1.093198612985701727e-04 1.110294847957211018e-04
3.049999952316284180e+00 9.960244826538767213e-05 1.015520121207752149e-04
3.059999942779541016e+00 9.031441203745728429e-05 9.228930556779281306e-05
3.069999933242797852e+00 8.145913808253229984e-05 8.327274792143204724e-05
3.079999923706054688e+00 7.303813181618883815e-05 7.453035072133499638e-05
3.089999914169311523e+00 6.505113383634375220e-05 6.608685410524772644e-05
3.099999904632568359e+00 5.749623506915169791e-05 5.796383413023770760e-05
3.109999895095825195e+00 5.036999134881591558e-05 5.017981669486335021e-05
3.119999885559082031e+00 4.366753698588711935e-05 4.275039720765501437e-05
3.129999876022338867e+00 3.738269691085351824e-05 3.568836517221502506e-05
3.139999866485595703e+00 3.150809701190733427e-05 2.900383288612883975e-05
3.149999856948852539e+00 2.603527231761055644e-05 2.270436747958647558e-05
3.159999847412109375e+00 2.095477270668649435e-05 1.679512554996550212e-05
3.169999837875366211e+00 1.625626585808837701e-05 1.127898968030933280e-05
3.179999828338623047e+00 1.192863718478825121e-05 6.156706162517248265e-06
3.189999818801879883e+00 7.960086524319425502e-06 1.427023279949373915e-06
3.199999809265136719e+00 4.338221387708930155e-06 -2.913170461260049078e-06
3.210000038146972656e+00 1.050072076438632245e-06 -6.868798497552506189e-06
3.220000028610229492e+00 -1.917516878610570027e-06 -1.044609176061072134e-05
3.230000019073486328e+00 -4.578274596289261357e-06 -1.365301952185828108e-05
3.240000009536743164e+00 -6.946104638404617015e-06 -1.649877051702665782e-05
3.250000000000000000e+00 -9.035093332207424881e-06 -1.899372175786200254e-05
3.259999990463256836e+00 -1.085943986019853596e-05 -2.114931144039134287e-05
3.269999980926513672e+00 -1.243339046614668935e-05 -2.297791518120774051e-05
3.279999971389770508e+00 -1.377117678607224750e-05 -2.449272590808599639e-05
3.289999961853027344e+00 -1.488695829485510142e-05 -2.570763769702956060e-05
3.299999952316284180e+00 -1.579476884231178796e-05 -2.663713381438614913e-05
3.309999942779541016e+00 -1.650846723702249471e-05 -2.729617918996670543e-05
3.319999933242797852e+00 -1.704169182193392975e-05 -2.770011751540446356e-05
3.329999923706054688e+00 -1.740781897269251657e-05 -2.786457313118007078e-05
3.339999914169311523e+00 -1.761992543776072401e-05 -2.780535783604082671e-05
3.349999904632568359e+00 -1.769075442873822263e-05 -2.753838272402950730e-05
3.359999895095825195e+00 -1.763268535963413683e-05 -2.707957512686231223e-05
3.369999885559082031e+00 -1.745770712538030685e-05 -2.644480071331696311e-05
3.379999876022338867e+00 -1.717739480235764066e-05 -2.564979077237935517e-05
3.389999866485595703e+00 -1.680288964719726965e-05 -2.471007468332076177e-05
3.399999856948852539e+00 -1.634488226454139384e-05 -2.364091755364324755e-05
3.409999847412109375e+00 -1.581359880971784762e-05 -2.245726298490129694e-05
3.419999837875366211e+00 -1.521879008843506781e-05 -2.117368090690582573e-05
3.429999828338623047e+00 -1.456972341249089481e-05 -1.980432040260961761e-05
3.439999818801879883e+00 -1.387517706811724713e-05 -1.836286742914581703e-05
3.449999809265136719e+00 -1.314343725193426288e-05 -1.686250732507069518e-05
3.460000038146972656e+00 -1.238227888993090190e-05 -1.531585465127576693e-05
3.470000028610229492e+00 -1.159904038020618283e-05 -1.373507352408748505e-05
3.480000019073486328e+00 -1.080051791099870789e-05 -1.213163200847004493e-05
3.490000009536743164e+00 -9.993042902845176951e-06 -1.051642914716608683e-05
3.500000000000000000e+00 -9.182471264641344245e-06 -8.899742929079315187e-06
3.509999990463256836e+00 -8.374192071710293819e-06 -7.291218505066681253e-06
3.519999980926513672e+00 -7.573137698493064361e-06 -5.699860097302225420e-06
3.529999971389770508e+00 -6.783795267467286101e-06 -4.134026415019325413e-06
3.539999961853027344e+00 -6.010219278664268135e-06 -2.601429385019739217e-06
3.549999952316284180e+00 -5.256045287428147846e-06 -1.109136002233596699e-06
3.559999942779541016e+00 -4.524504501502566424e-06 3.364268967220141852e-07
3.569999933242797852e+00 -3.818439172386381648e-06 1.729465135220739508e-06
3.579999923706054688e+00 -3.140318660011383019e-06 3.064807172131866557e-06
3.589999914169311523e+00 -2.492256054107626002e-06 4.337891749228693006e-06
3.599999904632568359e+00 -1.876025240320654476e-06 5.544753407131729625e-06
3.609999895095825195e+00 -1.293078303895634554e-06 6.682006064370434308e-06
3.619999885559082031e+00 -7.445631687961997957e-07 7.746824851226526821e-06
3.629999876022338867e+00 -2.313413753784376090e-07 8.736926386477537638e-06
3.639999866485595703e+00 2.459940950018679983e-07 9.650547681078908564e-06
3.649999856948852539e+00 6.871010344828128005e-07 1.048642384801224237e-05
3.659999847412109375e+00 1.091870342791147903e-06 1.124376479234938500e-05
3.669999837875366211e+00 1.460408555764550188e-06 1.192223104986300062e-05
3.679999828338623047e+00 1.793020637365072503e-06 1.252190893636324556e-05
3.689999818801879883e+00 2.090193098565018905e-06 1.304328516352005937e-05
3.699999809265136719e+00 2.352577500658625553e-06 1.348722107003984422e-05
3.709999799728393555e+00 2.580974394891025734e-06 1.385492661005342478e-05
3.720000028610229492e+00 2.776322016065610989e-06 1.414794034257984796e-05
3.730000019073486328e+00 2.939663392406528986e-06 1.436807717973303167e-05
3.740000009536743164e+00 3.072159755293991385e-06 1.451744427294085433e-05
3.750000000000000000e+00 3.175057240971212422e-06 1.459838562200487510e-05
3.759999990463256836e+00 3.249678642369941445e-06 1.461346458559610081e-05
3.769999980926513672e+00 3.297410745910102902e-06 1.456543897216480110e-05
3.779999971389770508e+00 3.319692315554053491e-06 1.445723666925312158e-05
3.789999961853027344e+00 3.318002734438689590e-06 1.429193189187924823e-05
3.799999952316284180e+00 3.293851310103912425e-06 1.407272212305760402e-05
3.809999942779541016e+00 3.248767245304435293e-06 1.380290581198252394e-05
3.819999933242797852e+00 3.184290272608716437e-06 1.348586088806766133e-05
3.829999923706054688e+00 3.101961947557159889e-06 1.312502414182554110e-05
3.839999914169311523e+00 3.003317591934130459e-06 1.272387151658431114e-05
3.849999904632568359e+00 2.889878875873208577e-06 1.228589934826203741e-05
3.859999895095825195e+00 2.763147024919817397e-06 1.181460658386696129e-05
3.869999885559082031e+00 2.624596635927976269e-06 1.131347800311635534e-05
3.879999876022338867e+00 2.475670083706374943e-06 1.078596846153344059e-05
3.889999866485595703e+00 2.317772498642629541e-06 1.023548816764839572e-05
3.899999856948852539e+00 2.152267294172011923e-06 9.665389001468676085e-06
3.909999847412109375e+00 1.980472221834520426e-06 9.078951876243515349e-06
3.919999837875366211e+00 1.803655930810466745e-06 8.479375140685125673e-06
3.929999828338623047e+00 1.623035008233174092e-06 7.869764014279615453e-06
3.939999818801879883e+00 1.439771476182512348e-06 7.253121044083672200e-06
3.949999809265136719e+00 1.254970721095408562e-06 6.632337567493743570e-06
3.959999799728393555e+00 1.069679831354787694e-06 6.010186161852409652e-06
3.970000028610229492e+00 8.848819265822160026e-07 5.389299291230123056e-06
3.980000019073486328e+00 7.015128538722114376e-07 4.772222847827915623e-06
3.990000009536743164e+00 5.204341388708865442e-07 4.161322509236678467e-06
4.000000000000000000e+00 3.424503812613437093e-07 3.558839196288285981e-06
4.009999752044677734e+00 1.683089657598332684e-07 2.966885209122359360e-06
4.019999980926513672e+00 -1.320144341641390052e-09 2.387372169879225231e-06
4.029999732971191406e+00 -1.657989977024497471e-07 1.822162621708145733e-06
4.039999961853027344e+00 -3.245811622978083059e-07 1.272863164235179671e-06
4.049999713897705078e+00 -4.771481160992955575e-07 7.410397224519087742e-07
4.059999942779541016e+00 -6.230685217716031431e-07 2.280090316154416395e-07
4.069999694824218750e+00 -7.619387665694364037e-07 -2.649574814724794573e-07
4.079999923706054688e+00 -8.934370211059135607e-07 -7.368272403105069339e-07
4.089999675750732422e+00 -1.017268677269564392e-06 -1.186616274784914890e-06
4.099999904632568359e+00 -1.133214658282663818e-06 -1.613566084448808981e-06
4.110000133514404297e+00 -1.241087277868640731e-06 -2.016987511262541708e-06
4.119999885559082031e+00 -1.340747682964620702e-06 -2.396326318829846863e-06
4.130000114440917969e+00 -1.432116293617783204e-06 -2.751208232899691949e-06
4.139999866485595703e+00 -1.515138362290009828e-06 -3.081310707328574693e-06
4.150000095367431641e+00 -1.589816595628043552e-06 -3.386493407380939948e-06
4.159999847412109375e+00 -1.656177214074423971e-06 -3.666667231471363470e-06
4.170000076293945312e+00 -1.714296138073902577e-06 -3.921905396655207274e-06
4.179999828338623047e+00 -1.764271323027643810e-06 -4.152331040651181969e-06
4.190000057220458984e+00 -1.806242602046024933e-06 -4.358208953996981305e-06
4.199999809265136719e+00 -1.840370235612161207e-06 -4.539851836649807811e-06
4.210000038146972656e+00 -1.866848606886739936e-06 -4.697693028068580498e-06
4.219999790191650391e+00 -1.885890822522721580e-06 -4.832211183519670482e-06
4.230000019073486328e+00 -1.897736546201931241e-06 -4.943984624626525425e-06
4.239999771118164062e+00 -1.902642398402221284e-06 -5.033633925432778461e-06
4.250000000000000000e+00 -1.900884289112846129e-06 -5.101858740703560873e-06
4.259999752044677734e+00 -1.892753289692622412e-06 -5.149397552023365192e-06
4.269999980926513672e+00 -1.878552886597610633e-06 -5.177048028971993911e-06
4.279999732971191406e+00 -1.858599937327960109e-06 -5.185642981536504646e-06
4.289999961853027344e+00 -1.833217313828375241e-06 -5.176055470591980230e-06
4.299999713897705078e+00 -1.802739506274763581e-06 -5.149189844463807902e-06
4.309999942779541016e+00 -1.767501158147405104e-06 -5.105972940832272973e-06
4.319999694824218750e+00 -1.727846845523774887e-06 -5.047358951639775857e-06
4.329999923706054688e+00 -1.684116026491995705e-06 -4.974308150048761236e-06
4.339999675750732422e+00 -1.636656498904008931e-06 -4.887804227770322474e-06
4.349999904632568359e+00 -1.585806295779003698e-06 -4.788822039913144512e-06
4.360000133514404297e+00 -1.531907672928684789e-06 -4.678350464659101591e-06
4.369999885559082031e+00 -1.475299667226043916e-06 -4.557378317244561063e-06
4.380000114440917969e+00 -1.416308135064080020e-06 -4.426870627687576652e-06
4.389999866485595703e+00 -1.355263815235131366e-06 -4.287806421282751614e-06
4.400000095367431641e+00 -1.292478883414748903e-06 -4.141125663770783533e-06
4.409999847412109375e+00 -1.228269249155981013e-06 -3.987778850117296595e-06
4.420000076293945312e+00 -1.162929848929443088e-06 -3.828668248680824214e-06
4.429999828338623047e+00 -1.096758338990775591e-06 -3.664703423171039314e-06
4.440000057220458984e+00 -1.030029589117271669e-06 -3.496738201834958806e-06
4.449999809265136719e+00 -9.630203012396556740e-07 -3.325630733539148720e-06
4.460000038146972656e+00 -8.959831343394413529e-07 -3.152177535894673473e-06
4.469999790191650391e+00 -8.291718056215526070e-07 -2.977176750273004011e-06
4.480000019073486328e+00 -7.628152423032966071e-07 -2.801360536257340863e-06
4.489999771118164062e+00 -6.971427534070673470e-07 -2.625460269416915416e-06
4.500000000000000000e+00 -6.323585675016186510e-07 -2.450138451433558354e-06
4.509999752044677734e+00 -5.686666980254599664e-07 -2.276054685833784032e-06
4.519999980926513672e+00 -5.062461883580075405e-07 -2.103798166355991850e-06
4.529999732971191406e+00 -4.452753310818921825e-07 -1.933953366899845939e-06
4.539999961853027344e+00 -3.859079038321619695e-07 -1.767034057768647632e-06
4.549999713897705078e+00 -3.282964422506047616e-07 -1.603547754269177529e-06
4.559999942779541016e+00 -2.725697124657791022e-07 -1.443932093827136681e-06
4.569999694824218750e+00 -2.188547779080909153e-07 -1.288617200511941593e-06
4.579999923706054688e+00 -1.672559174247436811e-07 -1.137965137879256628e-06
4.589999675750732422e+00 -1.178752668999590206e-07 -9.923294619569499208e-07
4.599999904632568359e+00 -7.079335618074432234e-08 -8.519983470408515439e-07
4.610000133514404297e+00 -2.608607278707261906e-08 -7.172444265662957324e-07
4.619999885559082031e+00 1.618267322495416149e-08 -5.883035170714261524e-07
4.630000114440917969e+00 5.596623245495171341e-08 -4.653582231500053448e-07
4.639999866485595703e+00 9.322113318245709487e-08 -3.485812127794882284e-07
4.650000095367431641e+00 1.279219641010347524e-07 -2.380893910848356677e-07
4.659999847412109375e+00 1.600468711793502126e-07 -1.339895340954635524e-07
4.670000076293945312e+00 1.895904802282410345e-07 -3.633734539786404495e-08
4.679999828338623047e+00 2.165513212183371593e-07 5.482160192068137810e-08
4.690000057220458984e+00 2.409427636514019030e-07 1.394878096813928288e-07
4.699999809265136719e+00 2.627823825457392379e-07 2.176717375614635620e-07
4.710000038146972656e+00 2.821009085902740500e-07 2.894247219289550950e-07
4.719999790191650391e+00 2.989335196815309654e-07 3.548077271503831282e-07
4.730000019073486328e+00 3.133268354582552742e-07 4.139172935688831206e-07
4.739999771118164062e+00 3.253320907519741189e-07 4.668591190859495647e-07
4.750000000000000000e+00 3.350102301916485305e-07 5.137691638700614523e-07
4.759999752044677734e+00 3.424268953171001669e-07 5.547919510920682363e-07
4.769999980926513672e+00 3.476556993179641971e-07 5.900970200783541075e-07
4.779999732971191406e+00 3.507749379253580566e-07 6.198617708979670582e-07
4.789999961853027344e+00 3.518691467413240950e-07 6.442835128935689678e-07
4.799999713897705078e+00 3.510274273757558039e-07 6.635666226258156096e-07
4.809999942779541016e+00 3.483434099543483019e-07 6.779304810461043548e-07
4.819999694824218750e+00 3.439150702974658830e-07 6.876006680985785190e-07
4.829999923706054688e+00 3.378432377169372124e-07 6.928131192932834701e-07
4.839999675750732422e+00 3.302327663021567574e-07 6.938090429288200226e-07
4.849999904632568359e+00 3.211897427472413454e-07 6.908356557139679611e-07
4.859999656677246094e+00 3.108238649092690247e-07 6.841444797952423142e-07
4.869999885559082031e+00 2.992445158854723527e-07 6.739890376677309644e-07
4.880000114440917969e+00 2.865635667161399516e-07 6.606254560168529788e-07
4.889999866485595703e+00 2.728936367500543565e-07 6.443110608970014432e-07
4.900000095367431641e+00 2.583454159915075701e-07 6.253002685618853277e-07
4.909999847412109375e+00 2.430318548981060976e-07 6.038493125265542099e-07
4.920000076293945312e+00 2.270621757935758755e-07 5.802080651229325393e-07
4.929999828338623047e+00 2.105472408240300302e-07 5.546272357647276684e-07
4.940000057220458984e+00 1.935930521309747808e-07 5.273485348261438407e-07
4.949999809265136719e+00 1.763066148189073451e-07 4.986135614350990565e-07
4.960000038146972656e+00 1.587891010193747164e-07 4.686526919303142046e-07
4.969999790191650391e+00 1.411420525396202699e-07 4.376952889683641323e-07
4.980000019073486328e+00 1.234603767404671589e-07 4.059576805907779175e-07
4.989999771118164062e+00 1.058387392626038563e-07 3.736543371802771689e-07
5.000000000000000000e+00 8.836454962336037410e-08 3.409852863571469267e-07
5.009999752044677734e+00 7.112440202308036196e-08 3.081479234077415962e-07
5.019999980926513672e+00 5.419719612513362168e-08 2.753241825350219383e-07
5.029999732971191406e+00 3.766049323873029642e-08 2.426926691063213806e-07
5.039999961853027344e+00 2.158390339399620621e-08 2.104158799936038270e-07
5.049999713897705078e+00 6.035234981647177066e-09 1.786523716733103541e-07
5.059999942779541016e+00 -8.925736559733188976e-09 1.475442922103991340e-07
5.069999694824218750e+00 -2.324143547149848712e-08 1.172293272602306423e-07
5.079999923706054688e+00 -3.686223676864808678e-08 8.782877442230240999e-08
5.089999675750732422e+00 -4.974104599967148683e-08 5.945903887524322285e-08
5.099999904632568359e+00 -6.183848864903882143e-08 3.222044804378763012e-08
5.109999656677246094e+00 -7.311798557792141328e-08 6.208099371997474070e-09
5.119999885559082031e+00 -8.355031638516979510e-08 -1.849841986566238393e-08
5.130000114440917969e+00 -9.310969322662542795e-08 -4.182607728631315189e-08
5.139999866485595703e+00 -1.017754771705481447e-07 -6.371224628670736550e-08
5.150000095367431641e+00 -1.095331288266255346e-07 -8.410734184863080163e-08
5.159999847412109375e+00 -1.163713057471422177e-07 -1.029674611006152218e-07
5.170000076293945312e+00 -1.222846869167018426e-07 -1.202618928873095761e-07
5.179999828338623047e+00 -1.272712204826785280e-07 -1.359656424135555379e-07
5.190000057220458984e+00 -1.313342231854428736e-07 -1.500657109497278525e-07
5.199999809265136719e+00 -1.344803121014775024e-07 -1.625547742505211275e-07
5.210000038146972656e+00 -1.367207827316403523e-07 -1.734362061506819185e-07
5.219999790191650391e+00 -1.380702264004568131e-07 -1.827189429048791677e-07
5.230000019073486328e+00 -1.385472027597450056e-07 -1.904212504796369478e-07
5.239999771118164062e+00 -1.381735310807666791e-07 -1.965667810896976811e-07
5.250000000000000000e+00 -1.369742837573914111e-07 -2.011871077435410634e-07
5.259999752044677734e+00 -1.349777272753049465e-07 -2.043189554612744631e-07
5.269999980926513672e+00 -1.322146729447538920e-07 -2.060055479225199641e-07
5.279999732971191406e+00 -1.287190320447653071e-07 -2.062949743953237962e-07
5.289999961853027344e+00 -1.245265685261433117e-07 -2.052404120494083475e-07
5.299999713897705078e+00 -1.196760228357889218e-07 -2.028995706433604594e-07
5.309999942779541016e+00 -1.142073188145974885e-07 -1.993338701991697473e-07
5.319999694824218750e+00 -1.081632021327999219e-07 -1.946088891149216320e-07
5.329999923706054688e+00 -1.015869600795547990e-07 -1.887925903888634129e-07
5.339999675750732422e+00 -9.452451347942919920e-08 -1.819566851268687420e-07
5.349999904632568359e+00 -8.702171361491469972e-08 -1.741740114332812501e-07
5.359999656677246094e+00 -7.912682095027387561e-08 -1.655207142412583679e-07
5.369999885559082031e+00 -7.088744804880499480e-08 -1.560728893940430275e-07
5.380000114440917969e+00 -6.235294125838751995e-08 -1.459089719047927994e-07
5.389999866485595703e+00 -5.357310813951723928e-08 -1.351082660032248463e-07
5.400000095367431641e+00 -4.459669151358652578e-08 -1.237488712210481638e-07
5.409999847412109375e+00 -3.547411613158176522e-08 -1.119109889211692130e-07
5.420000076293945312e+00 -2.625386938739586132e-08 -9.967225480528768514e-08
5.429999828338623047e+00 -1.698576512455816216e-08 -8.711189814344074815e-08
5.440000057220458984e+00 -7.717233466295436249e-09 -7.430576481193830231e-08
5.449999809265136719e+00 1.503356180526715330e-09 -6.133078005022502152e-08
5.460000038146972656e+00 1.063041919561038197e-08 -4.825978335900894278e-08
5.469999790191650391e+00 1.961784403707954616e-08 -3.516618013321747389e-08
5.480000019073486328e+00 2.842265467914604545e-08 -2.211870593330538673e-08
5.489999771118164062e+00 3.700177718510667049e-08 -9.186156572723658710e-09
5.500000000000000000e+00 4.531556775630930419e-08 3.567806332461521478e-09
5.509999752044677734e+00 5.332472003759490832e-08 1.607995129578338239e-08
5.519999980926513672e+00 6.099359019278707290e-08 2.829252550448963850e-08
5.529999732971191406e+00 6.828730198205013267e-08 4.014867382055575218e-08
5.539999961853027344e+00 7.517480578365560341e-08 5.159724551049633888e-08
5.549999713897705078e+00 8.162623233890823220e-08 6.258842469910941010e-08
5.559999942779541016e+00 8.761562945180151039e-08 7.307820938210457434e-08
5.569999694824218750e+00 9.311860853039565572e-08 8.302433202029818120e-08
5.579999923706054688e+00 9.811471068058171760e-08 9.239033599155869136e-08
5.589999675750732422e+00 1.025853829514078123e-07 1.011418545485710744e-07
5.599999904632568359e+00 1.065159345111554633e-07 1.092502217433628873e-07
5.609999656677246094e+00 1.098938719418012299e-07 1.166891669443847205e-07
5.619999885559082031e+00 1.127104159491513896e-07 1.234379097411839356e-07
5.629999637603759766e+00 1.149592172788403712e-07 1.294783158527211119e-07
5.639999866485595703e+00 1.166374146789366586e-07 1.347974383117292607e-07
5.650000095367431641e+00 1.177447843945608613e-07 1.393853703452730418e-07
5.659999847412109375e+00 1.182841344613378168e-07 1.432362018736565568e-07
5.670000076293945312e+00 1.182611931396182419e-07 1.463483329081610862e-07
5.679999828338623047e+00 1.176844130553718005e-07 1.487231792667925500e-07
5.690000057220458984e+00 1.165648665458152749e-07 1.503662484613547697e-07
5.699999809265136719e+00 1.149163510682236442e-07 1.512861068061436059e-07
5.710000038146972656e+00 1.127548397177834796e-07 1.514948691899665099e-07
5.719999790191650391e+00 1.100989689153730363e-07 1.510076944199669288e-07
5.730000019073486328e+00 1.069690694985718070e-07 1.498427060748245805e-07
5.739999771118164062e+00 1.033880173222067484e-07 1.480210022136931841e-07
5.750000000000000000e+00 9.937987825406823530e-08 1.455660347401635271e-07
5.759999752044677734e+00 9.497109612203968784e-08 1.425041105870899363e-07
5.769999980926513672e+00 9.018879167240153832e-08 1.388632661236203057e-07
5.779999732971191406e+00 8.506225674574605751e-08 1.346742288131750406e-07
5.789999961853027344e+00 7.962095265388940426e-08 1.299688310388539172e-07
5.799999713897705078e+00 7.389627463967003397e-08 1.247813940993644133e-07
5.809999942779541016e+00 6.791929914431040638e-08 1.191467323376223783e-07
5.819999694824218750e+00 6.172277857474296158e-08 1.131019152560436722e-07
5.829999923706054688e+00 5.533868955413087336e-08 1.066839179488583324e-07
5.839999675750732422e+00 4.880041485702700282e-08 9.993171215216842203e-08
5.849999904632568359e+00 4.214014601242274307e-08 9.288362269271329016e-08
5.859999656677246094e+00 3.539120699569132095e-08 8.557969444955255028e-08
5.869999885559082031e+00 2.858536459182751969e-08 7.805881687721783184e-08
5.879999637603759766e+00 2.175524710395124287e-08 7.036131118452058916e-08
5.889999866485595703e+00 1.493161478472157763e-08 6.252588599037697473e-08
5.900000095367431641e+00 8.145504229273759483e-09 5.459200746808238654e-08
5.909999847412109375e+00 1.427120166589766630e-09 4.659864916994376370e-08
5.920000076293945312e+00 -5.195231739137008210e-09 3.858296505864869450e-08
5.929999828338623047e+00 -1.169301919142945467e-08 3.058280567853941035e-08
5.940000057220458984e+00 -1.804009917370971852e-08 2.263352331374498028e-08
5.949999809265136719e+00 -2.421033213193696175e-08 1.477087935392887213e-08
5.960000038146972656e+00 -3.018007570266337821e-08 7.027892382761186032e-09
5.969999790191650391e+00 -3.592590602003323914e-08 -5.622879376123720656e-10
5.980000019073486328e+00 -4.142695138944107790e-08 -7.969435941899955537e-09
5.989999771118164062e+00 -4.666275879700061818e-08 -1.516346051281475260e-08
6.000000000000000000e+00 -5.161543406306322618e-08 -2.211731377153640036e-08
6.009999752044677734e+00 -5.626768760435302574e-08 -2.880433312836515778e-08
6.019999980926513672e+00 -6.060475219743744357e-08 -3.520095899278905187e-08
6.029999732971191406e+00 -6.461263747967459032e-08 -4.128425079520140103e-08
6.039999961853027344e+00 -6.827980114043383350e-08 -4.703437452010272369e-08
6.049999713897705078e+00 -7.159563668904269875e-08 -5.243233001771780033e-08
6.059999942779541016e+00 -7.455187861598794125e-08 -5.746217490198496196e-08
6.069999694824218750e+00 -7.714134270269147771e-08 -6.210899485663249926e-08
6.079999923706054688e+00 -7.935905045204958462e-08 -6.636083644221235204e-08
6.089999675750732422e+00 -8.120123579265638917e-08 -7.020694615828188762e-08
6.099999904632568359e+00 -8.266617882300330185e-08 -7.363939085028937907e-08
6.109999656677246094e+00 -8.375348730231679436e-08 -7.665158515249325441e-08
6.119999885559082031e+00 -8.446463450087622242e-08 -7.923958442299973049e-08
6.129999637603759766e+00 -8.480251845803884355e-08 -8.140091395555567288e-08
6.139999866485595703e+00 -8.477170346834075008e-08 -8.313552561023027047e-08
6.150000095367431641e+00 -8.437822757425699055e-08 -8.444498836482257849e-08
6.159999847412109375e+00 -8.362968837120874300e-08 -8.533284418334675703e-08
6.170000076293945312e+00 -8.253501290823161510e-08 -8.580459261219810052e-08
6.179999828338623047e+00 -8.110469811313182512e-08 -8.586738579223572984e-08
6.190000057220458984e+00 -7.935033993348392707e-08 -8.553014559819182851e-08
6.199999809265136719e+00 -7.728511553494409505e-08 -8.480346708255947590e-08
6.210000038146972656e+00 -7.492305089361132675e-08 -8.369941560717963065e-08
6.219999790191650391e+00 -7.227973416072756954e-08 -8.223171910904673494e-08
6.230000019073486328e+00 -6.937134156885074318e-08 -8.041526235260019512e-08
6.239999771118164062e+00 -6.621556063820191817e-08 -7.826655081936657890e-08
6.250000000000000000e+00 -6.283039823553068163e-08 -7.580292407002792893e-08
6.259999752044677734e+00 -5.923528938390721141e-08 -7.304326987536545559e-08
6.269999980926513672e+00 -5.544971491182502364e-08 -7.000698304158991726e-08
6.279999732971191406e+00 -5.149446928042385440e-08 -6.671490481303947163e-08
6.289999961853027344e+00 -4.739011836391328711e-08 -6.318805728703383454e-08
6.299999713897705078e+00 -4.315839793433921316e-08 -5.944878015617115157e-08
6.309999942779541016e+00 -3.882054463548290277e-08 -5.551927397239641753e-08
6.319999694824218750e+00 -3.439879555764478273e-08 -5.142290397324545103e-08
6.329999923706054688e+00 -2.991462731198588232e-08 -4.718258787953027658e-08
6.339999675750732422e+00 -2.539032648429829969e-08 -4.282223488324344003e-08
6.349999904632568359e+00 -2.084717280138566334e-08 -3.836501532777833930e-08
6.359999656677246094e+00 -1.630705015957302110e-08 -3.383490192204348822e-08
6.369999885559082031e+00 -1.179061015548478828e-08 -2.925485953353586026e-08
6.379999637603759766e+00 -7.318893810543440248e-09 -2.464845531412770021e-08
6.389999866485595703e+00 -2.911511183734260029e-09 -2.003800691267903209e-08
6.399999618530273438e+00 1.411755157879839145e-09 -1.544622844230583958e-08
6.409999847412109375e+00 5.632720112368816805e-09 -1.089437469927763820e-08
6.420000076293945312e+00 9.733430779281435359e-09 -6.403678384648775079e-09
6.429999828338623047e+00 1.369689188833797969e-08 -1.994588155652194676e-09
6.440000057220458984e+00 1.750768146120639367e-08 2.313935264291043633e-09
6.449999809265136719e+00 2.115071330723696831e-08 6.503039593250980226e-09
6.460000038146972656e+00 2.461274677770579053e-08 1.055569380427893122e-08
6.469999790191650391e+00 2.788105131566415858e-08 1.445516036618472842e-08
6.480000019073486328e+00 3.094476723272506041e-08 1.818659670035650308e-08
6.489999771118164062e+00 3.379369576526835073e-08 2.173562268009461726e-08
6.500000000000000000e+00 3.641949128422095693e-08 2.508978493258326067e-08
6.509999752044677734e+00 3.881459349229353702e-08 2.823724206594194942e-08
6.519999980926513672e+00 4.097323596999931870e-08 3.116807004097078585e-08
6.529999732971191406e+00 4.289053397514187304e-08 3.387308441327756776e-08
6.539999961853027344e+00 4.456329885226977719e-08 3.634496929053630339e-08
6.549999713897705078e+00 4.598929157311762540e-08 3.857725246767132463e-08
6.559999942779541016e+00 4.716783714749157755e-08 4.056524493102696898e-08
6.569999694824218750e+00 4.809925062920004795e-08 4.230518119063893481e-08
6.579999923706054688e+00 4.878525012752181280e-08 4.379496077297097698e-08
6.589999675750732422e+00 4.922855856400888703e-08 4.503346239080107543e-08
6.599999904632568359e+00 4.943311807266746731e-08 4.602108326689159376e-08
6.609999656677246094e+00 4.940386739273405638e-08 4.675923209630418173e-08
6.619999885559082031e+00 4.914676426675235467e-08 4.725066626708620075e-08
6.629999637603759766e+00 4.866873505728830127e-08 4.749916493182925019e-08
6.639999866485595703e+00 4.797751512942420123e-08 4.750966814769204617e-08
6.649999618530273438e+00 4.708176415024507154e-08 4.728812785163635008e-08
6.659999847412109375e+00 4.599073733130824553e-08 4.684145656426381792e-08
6.670000076293945312e+00 4.471449186062110960e-08 4.617751401362530141e-08
6.679999828338623047e+00 4.326372978163603392e-08 4.530505979952792826e-08
6.690000057220458984e+00 4.164948196824327835e-08 4.423351769482698220e-08
6.699999809265136719e+00 3.988354319724479535e-08 4.297322436630870448e-08
6.710000038146972656e+00 3.797779126310435554e-08 4.153495562915163159e-08
6.719999790191650391e+00 3.594479135025002767e-08 3.993033665728695479e-08
6.730000019073486328e+00 3.379700656689111687e-08 3.817122723230098381e-08
6.739999771118164062e+00 3.154750704612037224e-08 3.627026236701240523e-08
6.750000000000000000e+00 2.920909168732705185e-08 3.424011534382046163e-08
6.759999752044677734e+00 2.679508353507555282e-08 3.209415175099824549e-08
6.769999980926513672e+00 2.431838287664806372e-08 2.984559037761238634e-08
6.779999732971191406e+00 2.179232954397063669e-08 2.750825215802821536e-08
6.789999961853027344e+00 1.922970755300225474e-08 2.509563985374209266e-08
6.799999713897705078e+00 1.664365449802138139e-08 2.262176232732357658e-08
6.809999942779541016e+00 1.404663767437782605e-08 2.010015441175266576e-08
6.819999694824218750e+00 1.145139067971689105e-08 1.754475629403000195e-08
6.829999923706054688e+00 8.869880484376754533e-09 1.496889508744754865e-08
6.839999675750732422e+00 6.314251700227414606e-09 1.238619889059270294e-08
6.849999904632568359e+00 3.795803373679997900e-09 9.809561345404745141e-09
6.859999656677246094e+00 1.325922115068734076e-09 7.252070151222930501e-09
6.869999885559082031e+00 -1.084913489743193678e-09 4.725975340241718898e-09
6.879999637603759766e+00 -3.426228621766891000e-09 2.243612631176606313e-09
6.889999866485595703e+00 -5.688503355738518541e-09 -1.836046917761981803e-10
6.899999618530273438e+00 -7.862313625851525192e-09 -2.544286226433179484e-09
6.909999847412109375e+00 -9.939222277094141551e-09 -4.828030212262355342e-09
6.920000076293945312e+00 -1.191107136631906448e-08 -7.024667630980096002e-09
6.929999828338623047e+00 -1.377034193337933177e-08 -9.124655668755082165e-09
6.940000057220458984e+00 -1.551042171427848900e-08 -1.111939378908786311e-08
6.949999809265136719e+00 -1.712502086311442949e-08 -1.300056681000034656e-08
6.960000038146972656e+00 -1.860885413853247793e-08 -1.476093239935780402e-08
6.969999790191650391e+00 -1.995704350602449894e-08 -1.639363034071144485e-08
6.980000019073486328e+00 -2.116569783041686581e-08 -1.789287453396851084e-08
6.989999771118164062e+00 -2.223141141007349596e-08 -1.925335006602996651e-08
7.000000000000000000e+00 -2.315173330018904102e-08 -2.047079904640068712e-08
7.009999752044677734e+00 -2.392476722165155782e-08 -2.154151405618161671e-08
7.019999980926513672e+00 -2.454952483660849153e-08 -2.246280949931349091e-08
7.029999732971191406e+00 -2.502563027426108228e-08 -2.323261769404802112e-08
7.039999961853027344e+00 -2.535355401207984129e-08 -2.384983991013355351e-08
7.049999713897705078e+00 -2.553442311588910038e-08 -2.431404904850705658e-08
7.059999942779541016e+00 -2.557013479628591930e-08 -2.462571710559728216e-08
7.069999694824218750e+00 -2.546327139422628422e-08 -2.478602608827045429e-08
7.079999923706054688e+00 -2.521709515427940216e-08 -2.479697127806851978e-08
7.089999675750732422e+00 -2.483556502938523572e-08 -2.466127978938171884e-08
7.099999904632568359e+00 -2.432321666226191949e-08 -2.438239162047741058e-08
7.109999656677246094e+00 -2.368527627447330264e-08 -2.396448313761264578e-08
7.119999885559082031e+00 -2.292743221574489945e-08 -2.341233044553331908e-08
7.129999637603759766e+00 -2.205603955145249372e-08 -2.273143308736768243e-08
7.139999866485595703e+00 -2.107779175834471796e-08 -2.192776668402219546e-08
7.149999618530273438e+00 -2.000000816418119323e-08 -2.100800032418223181e-08
7.159999847412109375e+00 -1.883021635701443784e-08 -1.997914763623250318e-08
7.170000076293945312e+00 -1.757645171704066318e-08 -1.884881353260824459e-08
7.179999828338623047e+00 -1.624707108637924467e-08 -1.762503580384974042e-08
7.190000057220458984e+00 -1.485049294973089476e-08 -1.631603782777875400e-08
7.199999809265136719e+00 -1.339559628141909980e-08 -1.493059503144246165e-08
7.210000038146972656e+00 -1.189113633709607180e-08 -1.347748429154320920e-08
7.219999790191650391e+00 -1.034624402278872545e-08 -1.196595647570012073e-08
7.230000019073486328e+00 -8.769800508943454661e-09 -1.040512974542638806e-08
7.239999771118164062e+00 -7.170971678819896720e-09 -8.804509662335362442e-09
7.250000000000000000e+00 -5.558556906093297488e-09 -7.173341765495689087e-09
7.259999752044677734e+00 -3.941546529047726054e-09 -5.521166701801001792e-09
7.269999980926513672e+00 -2.328460087988524876e-09 -3.857147793479302335e-09
7.279999732971191406e+00 -7.279147553275528808e-10 -2.190648383491735643e-09
7.289999961853027344e+00 8.520321237920797926e-10 -5.305500452690455472e-10
7.299999713897705078e+00 2.403315512510229273e-09 1.114160685588649701e-09
7.309999942779541016e+00 3.918501801563389781e-09 2.735068233905418202e-09
7.319999694824218750e+00 5.390233648166990750e-09 4.323744466767149513e-09
7.329999923706054688e+00 6.811837855943276632e-09 5.872404312265086121e-09
7.339999675750732422e+00 8.176793384889987390e-09 7.373337577649728076e-09
7.349999904632568359e+00 9.479296487832428222e-09 8.819530919116349016e-09
7.359999656677246094e+00 1.071376188692674068e-08 1.020412642699159376e-08
7.369999885559082031e+00 1.187533525571842427e-08 1.152099794951429566e-08
7.379999637603759766e+00 1.295943656119602670e-08 1.276424697040654024e-08
7.389999866485595703e+00 1.396221171147372223e-08 1.392872284784476968e-08
7.399999618530273438e+00 1.488012591404850829e-08 1.500956541900604341e-08
7.409999847412109375e+00 1.571034810263257163e-08 1.600266041469366123e-08
7.419999599456787109e+00 1.645040089038098679e-08 1.690423697865360486e-08
7.429999828338623047e+00 1.709847319023886571e-08 1.771125130740815473e-08
7.440000057220458984e+00 1.765315617633906716e-08 1.842107738655220202e-08
7.449999809265136719e+00 1.811356023104558860e-08 1.903165625339745418e-08
7.460000038146972656e+00 1.847934952177792859e-08 1.954155913293474596e-08
7.469999790191650391e+00 1.875058617479285277e-08 1.994978952817018571e-08
7.480000019073486328e+00 1.892785457842711883e-08 2.025596893271525251e-08
7.489999771118164062e+00 1.901214090717526774e-08 2.046017028618977855e-08
7.500000000000000000e+00 1.900488268544957980e-08 2.056302175018625102e-08
7.509999752044677734e+00 1.890791686034486345e-08 2.056561368762421463e-08
7.519999980926513672e+00 1.872345701454416292e-08 2.046952139247743451e-08
7.529999732971191406e+00 1.845410865977085929e-08 2.027678542295596063e-08
7.539999961853027344e+00 1.810277764079263553e-08 1.998985566111281433e-08
7.549999713897705078e+00 1.767274997956196042e-08 1.961164330833396144e-08
7.559999942779541016e+00 1.716753600994788210e-08 1.914539000035672887e-08
7.569999694824218750e+00 1.659101086631298482e-08 1.859478833416161872e-08
7.579999923706054688e+00 1.594719973949394639e-08 1.796378097143634925e-08
7.589999675750732422e+00 1.524047399461846058e-08 1.725674523438524802e-08
7.599999904632568359e+00 1.447528365598161681e-08 1.647822819374217717e-08
7.609999656677246094e+00 1.365640318116281226e-08 1.563318967798007921e-08
7.619999885559082031e+00 1.278861787842949059e-08 1.472668026206368305e-08
7.629999637603759766e+00 1.187701256951641593e-08 1.376413599639018418e-08
7.639999866485595703e+00 1.092661913221053235e-08 1.275100699398080197e-08
7.649999618530273438e+00 9.942740667164819241e-09 1.169309632510207631e-08
7.659999847412109375e+00 8.930567747298846064e-09 1.059614754411103580e-08
7.669999599456787109e+00 7.895530268107024975e-09 9.466219521490435889e-09
7.679999828338623047e+00 6.842890283199301902e-09 8.309241762897570800e-09
7.690000057220458984e+00 5.778062483415957406e-09 7.131359905060723289e-09
7.699999809265136719e+00 4.706446599633690684e-09 5.938750883520856829e-09
7.710000038146972656e+00 3.633249399498282963e-09 4.737420185872557116e-09
7.719999790191650391e+00 2.563820479503242072e-09 3.533573295947461489e-09
7.730000019073486328e+00 1.503222146794857280e-09 2.333131348888322406e-09
7.739999771118164062e+00 4.566144850801812645e-10 1.142161805715493435e-09
7.750000000000000000e+00 -5.711696384803447783e-10 -3.360507617966944692e-11
7.759999752044677734e+00 -1.575247671127899101e-09 -1.188349758126798323e-09
7.769999980926513672e+00 -2.551099262883272051e-09 -2.316636718599815499e-09
7.779999732971191406e+00 -3.494204683744413733e-09 -3.413000635021358772e-09
7.789999961853027344e+00 -4.400435936172684796e-09 -4.472400331437704430e-09
7.799999713897705078e+00 -5.265717063636072171e-09 -5.489825576998241806e-09
7.809999942779541016e+00 -6.086387268114110661e-09 -6.460723026513134747e-09
7.819999694824218750e+00 -6.858888996577303406e-09 -7.380630917843652994e-09
7.829999923706054688e+00 -7.580096446339728291e-09 -8.245568982641652673e-09
7.839999675750732422e+00 -8.247036548026661620e-09 -9.051707535746355391e-09
7.849999904632568359e+00 -8.857176991721243581e-09 -9.795714134442024276e-09
7.859999656677246094e+00 -9.408184394612964578e-09 -1.047446266508780028e-08
7.869999885559082031e+00 -9.898166873807190864e-09 -1.108533049020248154e-08
7.879999637603759766e+00 -1.032547281050731796e-08 -1.162595217056353448e-08
7.889999866485595703e+00 -1.068888401495215815e-08 -1.209446194442538814e-08
7.899999618530273438e+00 -1.098745759682426139e-08 -1.248929570118812269e-08
7.909999847412109375e+00 -1.122066689423505212e-08 -1.280937486709382166e-08
7.919999599456787109e+00 -1.138828804550712629e-08 -1.305395918740203020e-08
7.929999828338623047e+00 -1.149048705678690400e-08 -1.322276941740185975e-08
7.940000057220458984e+00 -1.152775200435516325e-08 -1.331589504236566100e-08
7.949999809265136719e+00 -1.150092465577053423e-08 -1.333384134604166320e-08
7.960000038146972656e+00 -1.141117427149353270e-08 -1.327750918984116219e-08
7.969999790191650391e+00 -1.126000343522360273e-08 -1.314818884718768798e-08
7.980000019073486328e+00 -1.104920152872568634e-08 -1.294752747972449406e-08
7.989999771118164062e+00 -1.078088743006587078e-08 -1.267756451559011578e-08
8.000000000000000000e+00 -1.045741317273946547e-08 -1.234063980784046166e-08
8.010000228881835938e+00 -1.008142855975327621e-08 -1.193945769677891789e-08
8.019999504089355469e+00 -9.655855859297157820e-09 -1.147706594540788315e-08
8.029999732971191406e+00 -9.183713144348842772e-09 -1.095666326214452626e-08
8.039999961853027344e+00 -8.668336162393791755e-09 -1.038184142410006827e-08
8.050000190734863281e+00 -8.113197319551837802e-09 -9.756390065939083087e-09
8.059999465942382812e+00 -7.521978132290240042e-09 -9.084378640720464134e-09
8.069999694824218750e+00 -6.898315823795990776e-09 -8.369869139893451343e-09
8.079999923706054688e+00 -6.246117525383614907e-09 -7.617274150683681507e-09
8.090000152587890625e+00 -5.569313002713717992e-09 -6.831076887837302323e-09
8.099999427795410156e+00 -4.871952090820608164e-09 -6.015944251088258998e-09
8.109999656677246094e+00 -4.157912278320204201e-09 -5.176385108147750373e-09
8.119999885559082031e+00 -3.431274506822850461e-09 -4.317189690013129138e-09
8.130000114440917969e+00 -2.696035498855515325e-09 -3.443093518785273186e-09
8.139999389648437500e+00 -1.956221705752144721e-09 -2.558911725608187377e-09
8.149999618530273438e+00 -1.215585274657895346e-09 -1.669174675360431314e-09
8.159999847412109375e+00 -4.780078032973637180e-10 -7.786095170175836489e-10
8.170000076293945312e+00 2.528008004434295982e-10 1.082206982273131141e-10
8.179999351501464844e+00 9.731813820316501821e-10 9.867726360144982966e-10
8.189999580383300781e+00 1.679815567650144499e-09 1.852878591556863764e-09
8.199999809265136719e+00 2.369327708218507794e-09 2.702263162110019608e-09
8.210000038146972656e+00 3.038574253500598050e-09 3.530898223812814390e-09
8.220000267028808594e+00 3.684586145876091888e-09 4.334935658838679393e-09
8.229999542236328125e+00 4.304521153141224057e-09 5.110650212150289329e-09
8.239999771118164062e+00 4.895906559066725493e-09 5.854746537109107741e-09
8.250000000000000000e+00 5.456291218528354742e-09 6.563926950258905005e-09
8.260000228881835938e+00 5.983490616921607082e-09 7.235201000190535579e-09
8.269999504089355469e+00 6.475485699448781951e-09 7.865760933575458569e-09
8.279999732971191406e+00 6.930610380662178298e-09 8.453225839215993102e-09
8.289999961853027344e+00 7.347271708433587068e-09 8.995286417445426842e-09
8.300000190734863281e+00 7.724141968505444747e-09 9.489954256930597697e-09
8.309999465942382812e+00 8.060079818762735675e-09 9.935462818110470588e-09
8.319999694824218750e+00 8.354253437004816012e-09 1.033043464710925946e-08
8.329999923706054688e+00 8.605946194755920250e-09 1.067362696341272323e-08
8.340000152587890625e+00 8.814686108908016259e-09 1.096410610593937237e-08
8.349999427795410156e+00 8.980194710281819481e-09 1.120118120864121046e-08
8.359999656677246094e+00 9.102442039326139631e-09 1.138448716324954596e-08
8.369999885559082031e+00 9.181547373342867711e-09 1.151384562291923932e-08
8.380000114440917969e+00 9.217841475065359409e-09 1.158935649934187681e-08
8.389999389648437500e+00 9.211845847876797467e-09 1.161136836512860699e-08
8.399999618530273438e+00 9.164260540846556365e-09 1.158047614187707203e-08
8.409999847412109375e+00 9.075961473265907054e-09 1.149750233556816742e-08
8.420000076293945312e+00 8.947995575602566285e-09 1.136350359881746488e-08
8.429999351501464844e+00 8.781590163023179246e-09 1.117977844665894591e-08
8.439999580383300781e+00 8.578078591776121736e-09 1.094778431278660313e-08
8.449999809265136719e+00 8.338988212462368261e-09 1.066923426266840559e-08
8.460000038146972656e+00 8.065972633558921366e-09 1.034602230110205865e-08
8.470000267028808594e+00 7.760817681298426329e-09 9.980228801734132050e-09
8.479999542236328125e+00 7.425466332182693466e-09 9.574150790911581648e-09
8.489999771118164062e+00 7.061879081179544308e-09 9.130132293385419311e-09
8.500000000000000000e+00 6.672217003170764252e-09 8.650785662156771877e-09
8.510000228881835938e+00 6.258706979073819495e-09 8.138828300171606045e-09
8.519999504089355469e+00 5.823704826192042069e-09 7.597159991843284327e-09
8.529999732971191406e+00 5.369516982421157314e-09 7.028640318306498673e-09
8.539999961853027344e+00 4.898639125062668115e-09 6.436385463504469760e-09
8.550000190734863281e+00 4.413580981431425913e-09 5.823549974441721544e-09
8.559999465942382812e+00 3.916943274381987856e-09 5.193423259210719652e-09
8.569999694824218750e+00 3.411215372248990334e-09 4.549172401843853681e-09
8.579999923706054688e+00 2.899047817935694309e-09 3.894187707356500443e-09
8.590000152587890625e+00 2.383051377513784490e-09 3.231827705614601821e-09
8.599999427795410156e+00 1.865880668095370792e-09 2.565525885899260823e-09
8.609999656677246094e+00 1.350024017660456925e-09 1.898519595357168452e-09
8.619999885559082031e+00 8.380870091974172223e-10 1.234215159717472586e-09
8.630000114440917969e+00 3.325822168157617879e-10 5.759169586757502364e-10
8.639999389648437500e+00 -1.639873518322787300e-10 -7.306454066322580370e-11
8.649999618530273438e+00 -6.493294517768523024e-10 -7.096761506151863055e-10
8.659999847412109375e+00 -1.121090420717358027e-09 -1.330766526607550945e-09
8.670000076293945312e+00 -1.577057715138037405e-09 -1.933351052240573860e-09
8.679999351501464844e+00 -2.015082764835398758e-09 -2.514510732292910723e-09
8.689999580383300781e+00 -2.433257389358119101e-09 -3.071626925176056214e-09
8.699999809265136719e+00 -2.829673210143862260e-09 -3.602062712164888149e-09
8.710000038146972656e+00 -3.202600315322956893e-09 -4.103400468025441648e-09
8.720000267028808594e+00 -3.550453399048723814e-09 -4.573397947270642413e-09
8.729999542236328125e+00 -3.871770317410097439e-09 -5.009959833612223913e-09
8.739999771118164062e+00 -4.165339067445945653e-09 -5.411311507514939652e-09
8.750000000000000000e+00 -4.430019599907453635e-09 -5.775758107624901806e-09
8.760000228881835938e+00 -4.664873845132397192e-09 -6.101862309311000334e-09
8.769999504089355469e+00 -4.869119396282650792e-09 -6.388382089861361451e-09
8.779999732971191406e+00 -5.042206944062009075e-09 -6.634381247070401703e-09
8.789999961853027344e+00 -5.183704546177489616e-09 -6.839068785391316716e-09
8.800000190734863281e+00 -5.293378564729836497e-09 -7.001914086087939134e-09
8.809999465942382812e+00 -5.371165638379940909e-09 -7.122608611245888154e-09
8.819999694824218750e+00 -5.417196944202052577e-09 -7.201106817003056877e-09
8.829999923706054688e+00 -5.431750191394574610e-09 -7.237554467903399845e-09
8.840000152587890625e+00 -5.415277719686433733e-09 -7.232334637215018510e-09
8.849999427795410156e+00 -5.368397795902988398e-09 -7.186055022668300653e-09
8.859999656677246094e+00 -5.291867162724411177e-09 -7.099519479830460302e-09
8.869999885559082031e+00 -5.186600427328973325e-09 -6.973746473698177307e-09
8.880000114440917969e+00 -5.053646634979860033e-09 -6.809945924698775547e-09
8.889999389648437500e+00 -4.894199638696035753e-09 -6.609532062924318074e-09
8.899999618530273438e+00 -4.709524993577182042e-09 -6.374032040213739490e-09
8.909999847412109375e+00 -4.501041138157066525e-09 -6.105188581610598376e-09
8.920000076293945312e+00 -4.270250287384179517e-09 -5.804873865498271873e-09
8.929999351501464844e+00 -4.018766328765865301e-09 -5.475126103575594791e-09
8.939999580383300781e+00 -3.748205675659172467e-09 -5.118006818310006408e-09
8.949999809265136719e+00 -3.460320106170149394e-09 -4.735775424683999787e-09
8.960000038146972656e+00 -3.156891294652112984e-09 -4.330751375418631750e-09
8.970000267028808594e+00 -2.839742592569227652e-09 -3.905329507012201175e-09
8.979999542236328125e+00 -2.510759837640398061e-09 -3.462008392402303502e-09
8.989999771118164062e+00 -2.171753860053046164e-09 -3.003204894585208337e-09
9.000000000000000000e+00 -1.824638505675991929e-09 -2.531493889710157228e-09
9.010000228881835938e+00 -1.471295933858429815e-09 -2.049426589820136124e-09
9.019999504089355469e+00 -1.113632036936220410e-09 -1.559605451501964728e-09
9.029999732971191406e+00 -7.534303518113010246e-10 -1.064483460245979873e-09
9.039999961853027344e+00 -3.925483197524611518e-10 -5.666322873479165804e-10
9.050000190734863281e+00 -3.277291553309553497e-11 -6.854399004506008815e-11
9.059999465942382812e+00 3.241191380737652474e-10 4.272867385924474304e-10
9.069999694824218750e+00 6.765042694914084006e-10 9.185621112253685788e-10
9.079999923706054688e+00 1.022714006864994736e-09 1.402907027137025611e-09
9.090000152587890625e+00 1.361177448150468468e-09 1.878067863322674391e-09
9.099999427795410156e+00 1.690361449549686173e-09 2.341829863258730306e-09
9.109999656677246094e+00 2.008900105904779163e-09 2.792200751026882036e-09
9.119999885559082031e+00 2.315410419076400919e-09 3.227152110560135337e-09
9.130000114440917969e+00 2.608622685220505984e-09 3.644804032669280848e-09
9.139999389648437500e+00 2.887326077542348490e-09 4.043349028581556602e-09
9.149999618530273438e+00 3.150476468458121539e-09 4.421207438141608523e-09
9.159999847412109375e+00 3.397039250339381716e-09 4.776803717558521325e-09
9.170000076293945312e+00 3.626099260766580256e-09 5.108724543599926084e-09
9.179999351501464844e+00 3.836816039802521518e-09 5.415655363132900559e-09
9.189999580383300781e+00 4.028503900981950963e-09 5.696498179024852165e-09
9.199999809265136719e+00 4.200512372280500155e-09 5.950198357647872763e-09
9.210000038146972656e+00 4.352309263958662917e-09 6.175866425233672105e-09
9.220000267028808594e+00 4.483460265606877999e-09 6.372749364320832094e-09
9.229999542236328125e+00 4.593619772080191027e-09 6.540217446215262401e-09
9.239999771118164062e+00 4.682570979486103823e-09 6.677826319239160960e-09
9.250000000000000000e+00 4.750162638244385496e-09 6.785221734142728046e-09
9.260000228881835938e+00 4.796352686848693821e-09 6.862206545704285810e-09
9.269999504089355469e+00 4.821194702592849561e-09 6.908720207273158586e-09
9.279999732971191406e+00 4.824844386155226847e-09 6.924853066428200153e-09
9.289999961853027344e+00 4.807544140182296092e-09 6.910818814099809656e-09
9.300000190734863281e+00 4.769633050970961498e-09 6.866973759091337254e-09
9.309999465942382812e+00 4.711548160396446990e-09 6.793817469173484147e-09
9.319999694824218750e+00 4.633798213637663593e-09 6.691959745428439149e-09
9.329999923706054688e+00 4.536994476412854931e-09 6.562159773848588103e-09
9.340000152587890625e+00 4.421827594828516732e-09 6.405297627325960192e-09
9.349999427795410156e+00 4.289082429548284638e-09 6.222394636430706192e-09
9.359999656677246094e+00 4.139582112012100275e-09 6.014536666997397706e-09
9.369999885559082031e+00 3.974260133468881414e-09 5.782973929796376122e-09
9.380000114440917969e+00 3.794106902576211093e-09 5.529047962383210391e-09
9.389999389648437500e+00 3.600195914039483804e-09 5.254228798515173982e-09
9.399999618530273438e+00 3.393603268355759986e-09 4.960001292762864302e-09
9.409999847412109375e+00 3.175513251450504765e-09 4.648015206404149310e-09
9.420000076293945312e+00 2.947139648092480264e-09 4.319974220492357447e-09
9.429999351501464844e+00 2.709760385043076999e-09 3.977685914002483712e-09
9.439999580383300781e+00 2.464619539821687294e-09 3.622920741093256620e-09
9.449999809265136719e+00 2.213056542037228493e-09 3.257598640919794381e-09
9.460000038146972656e+00 1.956409275783506764e-09 2.883649659370239895e-09
9.469999313354492188e+00 1.696054027733016729e-09 2.503072163483667662e-09
9.479999542236328125e+00 1.433298395795235712e-09 2.117776343360920786e-09
9.489999771118164062e+00 1.169522994290071116e-09 1.729791402106113004e-09
9.500000000000000000e+00 9.060748244904904942e-10 1.341109742034043965e-09
9.510000228881835938e+00 6.442844676058631637e-10 9.537118590235441213e-10
9.519999504089355469e+00 3.854831891519648098e-10 5.695916514671664303e-10
9.529999732971191406e+00 1.308972235782803260e-10 1.905991491127535963e-10
9.539999961853027344e+00 -1.182109849788967789e-10 -1.813502233479230018e-10
9.550000190734863281e+00 -3.606487132527638191e-10 -5.444332557066361756e-10
9.559999465942382812e+00 -5.952525939372551687e-10 -8.968592554960170273e-10
9.569999694824218750e+00 -8.209834513453031346e-10 -1.237013222852249782e-09
9.579999923706054688e+00 -1.036797531644653160e-09 -1.563263112937140755e-09
9.590000152587890625e+00 -1.241742032871524658e-09 -1.874104050417179463e-09
9.599999427795410156e+00 -1.434919143814936035e-09 -2.168104855945162010e-09
9.609999656677246094e+00 -1.615562716842213270e-09 -2.444025731231954507e-09
9.619999885559082031e+00 -1.782931114998978502e-09 -2.700656135752912105e-09
9.630000114440917969e+00 -1.936385027231834453e-09 -2.936934148540889578e-09
9.639999389648437500e+00 -2.075358205064591560e-09 -3.151902694479472564e-09
9.649999618530273438e+00 -2.199410760055510883e-09 -3.344793158975041331e-09
9.659999847412109375e+00 -2.308150598807643054e-09 -3.514904948978880541e-09
9.670000076293945312e+00 -2.401288285056345681e-09 -3.661691381319002294e-09
9.679999351501464844e+00 -2.478616267050454259e-09 -3.784728370108851588e-09
9.689999580383300781e+00 -2.540036075040240516e-09 -3.883758988427266287e-09
9.699999809265136719e+00 -2.585512697262696533e-09 -3.958622015804255412e-09
9.710000038146972656e+00 -2.615103713701260162e-09 -4.009299313694366281e-09
9.719999313354492188e+00 -2.628948199328777209e-09 -4.035898876215015145e-09
9.729999542236328125e+00 -2.627267646421124748e-09 -4.038659222160379896e-09
9.739999771118164062e+00 -2.610354808569969650e-09 -4.017930052270241875e-09
9.750000000000000000e+00 -2.578576828571118433e-09 -3.974179875727404001e-09
9.760000228881835938e+00 -2.532369211804553660e-09 -3.907986954802216201e-09
9.769999504089355469e+00 -2.472237973995340250e-09 -3.820042827195982179e-09
9.779999732971191406e+00 -2.398730901118752602e-09 -3.711110353978945259e-09
9.789999961853027344e+00 -2.312467401569640949e-09 -3.582067491451041475e-09
9.800000190734863281e+00 -2.214112067378486626e-09 -3.433868787025195101e-09
9.809999465942382812e+00 -2.104385881420403382e-09 -3.267562271019545409e-09
9.819999694824218750e+00 -1.984018357931320626e-09 -3.084216959168820826e-09
9.829999923706054688e+00 -1.853805535547059719e-09 -2.885010799119813648e-09
9.840000152587890625e+00 -1.714564246948853147e-09 -2.671161438876570763e-09
9.849999427795410156e+00 -1.567151663974181046e-09 -2.443956150983110692e-09
9.859999656677246094e+00 -1.412403543359629683e-09 -2.204656587235308473e-09
9.869999885559082031e+00 -1.251214100426685535e-09 -1.954621847659569993e-09
9.880000114440917969e+00 -1.084475983921800640e-09 -1.695215967377154933e-09
9.889999389648437500e+00 -9.131061722887875198e-10 -1.427848037152231951e-09
9.899999618530273438e+00 -7.379759746611621385e-10 -1.153862870886649676e-09
9.909999847412109375e+00 -5.600052301330019179e-10 -8.746878971001979648e-10
9.920000076293945312e+00 -3.800934487742025404e-10 -5.917257053081701476e-10
9.929999351501464844e+00 -1.991495756698545553e-10 -3.064006626037154734e-10
9.939999580383300781e+00 -1.801936588150743254e-11 -2.004425909206152418e-11
9.949999809265136719e+00 1.624142609047668080e-10 2.659467240258617944e-10
9.960000038146972656e+00 3.413034045672825585e-10 5.502240600934776959e-10
9.969999313354492188e+00 5.178042713777225673e-10 8.314391620125039153e-10
9.979999542236328125e+00 6.911471518327406129e-10 1.108354720796837083e-09
9.989999771118164062e+00 8.605380251667182515e-10 1.379688024483159159e-09
1.000000000000000000e+01 1.025228803821940266e-09 1.644222920642758953e-09
1.001000022888183594e+01 1.184502845084216035e-09 1.900786905995551752e-09
1.001999950408935547e+01 1.337663011074035790e-09 2.148231915029332326e-09
1.002999973297119141e+01 1.484091770165349699e-09 2.385531641879828324e-09
1.003999996185302734e+01 1.623165596088062223e-09 2.611643427527838046e-09
1.005000019073486328e+01 1.754316084111675675e-09 2.825607159880632761e-09
1.005999946594238281e+01 1.877005680796546084e-09 3.026506092746860722e-09
1.006999969482421875e+01 1.990775498390472624e-09 3.213545503634933269e-09
1.007999992370605469e+01 2.095176729115671866e-09 3.385940723906621310e-09
1.009000015258789062e+01 2.189819879595285833e-09 3.542998086994404336e-09
1.009999942779541016e+01 2.274356517903599452e-09 3.684085256040329650e-09
1.010999965667724609e+01 2.348511846210711629e-09 3.808686149748067689e-09
1.011999988555908203e+01 2.412037406511079684e-09 3.916322542630024603e-09
1.013000011444091797e+01 2.464745278178470803e-09 4.006611661084307259e-09
1.013999938964843750e+01 2.506496830048150309e-09 4.079247804200884793e-09
1.014999961853027344e+01 2.537218154407917563e-09 4.134030006858822451e-09
1.015999984741210938e+01 2.556876493999461526e-09 4.170821760401240354e-09
1.017000007629394531e+01 2.565497321177823648e-09 4.189581400376545388e-09
1.017999935150146484e+01 2.563160417145621263e-09 4.190355696126361858e-09
1.018999958038330078e+01 2.549997509455494254e-09 4.173278591809950602e-09
1.019999980926513672e+01 2.526192933295425898e-09 4.138570510103640878e-09
1.021000003814697266e+01 2.491982794946087318e-09 4.086539614406133822e-09
1.021999931335449219e+01 2.447658105347706135e-09 4.017587021511178267e-09
1.022999954223632812e+01 2.393545335384638440e-09 3.932177137700357288e-09
1.023999977111816406e+01 2.330029973792863961e-09 3.830874937472311110e-09
1.025000000000000000e+01 2.257538403620688189e-09 3.714318455354094405e-09
1.026000022888183594e+01 2.176539223805751139e-09 3.583221269544750842e-09
1.026999950408935547e+01 2.087549399469408003e-09 3.438383136872690044e-09
1.027999973297119141e+01 1.991096578146411441e-09 3.280629097481196359e-09
1.028999996185302734e+01 1.887766889210195530e-09 3.110887686968745820e-09
1.030000019073486328e+01 1.778168274377582717e-09 2.930131652394797270e-09
1.030999946594238281e+01 1.662946217253497577e-09 2.739404084759525124e-09
1.031999969482421875e+01 1.542735443616856062e-09 2.539738628555117361e-09
1.032999992370605469e+01 1.418222015356534149e-09 2.332262384620346995e-09
1.034000015258789062e+01 1.290095791960264386e-09 2.118117301914509207e-09
1.034999942779541016e+01 1.159069649194548494e-09 1.898492164432059191e-09
1.035999965667724609e+01 1.025825033965638843e-09 1.674531169789967104e-09
1.036999988555908203e+01 8.910828655719378335e-10 1.447452575001538344e-09
1.038000011444091797e+01 7.555495951956479605e-10 1.218458049725805703e-09
1.038999938964843750e+01 6.199383971247145435e-10 9.887680423123983376e-10
1.039999961853027344e+01 4.849134146840128146e-10 7.595269059352846691e-10
1.040999984741210938e+01 3.511635891189497381e-10 5.319274894509592082e-10
1.042000007629394531e+01 2.193471400864657847e-10 3.071166320018044324e-10
1.042999935150146484e+01 9.011316038091361024e-11 8.623134808613439328e-11
1.043999958038330078e+01 -3.595076574597076473e-11 -1.296913155128643712e-10
1.044999980926513672e+01 -1.582476014354835550e-10 -3.395935890744417422e-10
1.046000003814697266e+01 -2.762232983131876739e-10 -5.424871920536133366e-10
1.046999931335449219e+01 -3.893463467861130619e-10 -7.374188743367231334e-10
1.047999954223632812e+01 -4.971527395830214475e-10 -9.235485420483157013e-10
1.048999977111816406e+01 -5.991831355813497717e-10 -1.100041575699533765e-09
1.050000000000000000e+01 -6.950281988559803368e-10 -1.266147512442801753e-09
1.051000022888183594e+01 -7.843189307399799837e-10 -1.421183971238553818e-09
1.051999950408935547e+01 -8.667202038501308172e-10 -1.564525911771282949e-09
1.052999973297119141e+01 -9.419622995425033926e-10 -1.695661012023324379e-09
1.053999996185302734e+01 -1.009794176687973060e-09 -1.814108821615472746e-09
1.055000019073486328e+01 -1.070015779466649462e-09 -1.919477350866862179e-09
1.055999946594238281e+01 -1.122465129896141447e-09 -2.011440924624747157e-09
1.056999969482421875e+01 -1.167037253540772551e-09 -2.089773715401118095e-09
1.057999992370605469e+01 -1.203653570384564803e-09 -2.154296353881838229e-09
1.059000015258789062e+01 -1.232281862860303107e-09 -2.204911169314532828e-09
1.059999942779541016e+01 -1.252928314926983708e-09 -2.241588401280799654e-09
1.060999965667724609e+01 -1.265643449173895186e-09 -2.264376969690503278e-09
1.061999988555908203e+01 -1.270508985565933315e-09 -2.273381296418817762e-09
1.063000011444091797e+01 -1.267645005444617480e-09 -2.268774162643278122e-09
1.063999938964843750e+01 -1.257207364979498320e-09 -2.250792200675123845e-09
1.064999961853027344e+01 -1.239381299401170987e-09 -2.219724873473602546e-09
1.065999984741210938e+01 -1.214385656560684635e-09 -2.175921782047749442e-09
1.067000007629394531e+01 -1.182467789701249071e-09 -2.119783915068793366e-09
1.067999935150146484e+01 -1.143906303805394459e-09 -2.051768551998049591e-09
1.068999958038330078e+01 -1.098993795071172478e-09 -1.972358905654057070e-09
1.069999980926513672e+01 -1.048057030397759933e-09 -1.882099825916709979e-09
1.071000003814697266e+01 -9.914408979125511167e-10 -1.781569643466230801e-09
1.071999931335449219e+01 -9.295159771010147374e-10 -1.671393772873660807e-09
1.072999954223632812e+01 -8.626524629432817198e-10 -1.552198506315641657e-09
1.073999977111816406e+01 -7.912537294168177149e-10 -1.424670954095525167e-09
1.075000000000000000e+01 -7.157312563784071300e-10 -1.289514710297720209e-09
1.076000022888183594e+01 -6.365083897378006729e-10 -1.147456806639926945e-09
1.076999950408935547e+01 -5.540264680526460153e-10 -9.992590604388346911e-10
1.077999973297119141e+01 -4.687111713300722710e-10 -8.456579258754873544e-10
1.078999996185302734e+01 -3.810179342943008867e-10 -6.874464352600134515e-10
1.080000019073486328e+01 -2.913989071134711039e-10 -5.254152204943308243e-10
1.080999946594238281e+01 -2.003175920682160524e-10 -3.603792990220988955e-10
1.081999969482421875e+01 -1.082121362444884544e-10 -1.931118960777173167e-10
1.082999992370605469e+01 -1.554571408886796967e-11 -2.443608326057983156e-11
1.084000015258789062e+01 7.722992562300938276e-11 1.448409125992905417e-10
1.084999942779541016e+01 1.696588386304164720e-10 3.138989620060040694e-10
1.085999965667724609e+01 2.613179005418884345e-10 4.819724987297103263e-10
1.086999988555908203e+01 3.517656219205030157e-10 6.482566741515093205e-10
1.088000011444091797e+01 4.405792495525371764e-10 8.119750082222412365e-10
1.088999938964843750e+01 5.273395061106785987e-10 9.723512132177992439e-10
1.089999961853027344e+01 6.116652208540901674e-10 1.128673185195712188e-09
1.090999984741210938e+01 6.931653191693179662e-10 1.280204264012615450e-09
1.092000007629394531e+01 7.714738217080825549e-10 1.426247973724533908e-09
1.092999935150146484e+01 8.462361315197910294e-10 1.566122687276028229e-09
1.093999958038330078e+01 9.171387861703272505e-10 1.699217551245239861e-09
1.094999980926513672e+01 9.838681286350572550e-10 1.824915457080002995e-09
1.096000003814697266e+01 1.046140629787853177e-09 1.942650109180982400e-09
1.096999931335449219e+01 1.103691665981640063e-09 2.051885343291538970e-09
1.097999954223632812e+01 1.156298266308102649e-09 2.152158841955885456e-09
1.098999977111816406e+01 1.203747273547035607e-09 2.243022259914912595e-09
1.100000000000000000e+01 1.245858781038274438e-09 2.324086293360128625e-09
1.101000022888183594e+01 1.282481283602081450e-09 2.395012174651896605e-09
1.101999950408935547e+01 1.313489712379445965e-09 2.455508496767622877e-09
1.102999973297119141e+01 1.338797293538443010e-09 2.505355122170882471e-09
1.103999996185302734e+01 1.358338189031953308e-09 2.544370059816001357e-09
1.105000019073486328e+01 1.372080098169069952e-09 2.572434775570596889e-09
1.105999946594238281e+01 1.380020593934785986e-09 2.589487683029631632e-09
1.106999969482421875e+01 1.382189456742003402e-09 2.595530092859616129e-09
1.107999992370605469e+01 1.378643807150562474e-09 2.590616568727153619e-09
1.109000015258789062e+01 1.369471172036420097e-09 2.574862206911123193e-09
1.109999942779541016e+01 1.354789407841402802e-09 2.548442822726932918e-09
1.110999965667724609e+01 1.334739685337614002e-09 2.511582757843740752e-09
1.111999988555908203e+01 1.309493849675921783e-09 2.464568537940138719e-09
1.113000011444091797e+01 1.279248098494662101e-09 2.407737898372357074e-09
1.113999938964843750e+01 1.244226289346785158e-09 2.341486276959122272e-09
1.114999961853027344e+01 1.204664576103144676e-09 2.266237985898360582e-09
1.115999984741210938e+01 1.160829806867693454e-09 2.182481196255526729e-09
1.117000007629394531e+01 1.113004793561434419e-09 2.090740206185405386e-09
1.117999935150146484e+01 1.061494600906859240e-09 1.991587508858597479e-09
1.118999958038330078e+01 1.006604542650223587e-09 1.885601392033328616e-09
1.119999980926513672e+01 9.486676367206627534e-10 1.773418690993241897e-09
1.121000003814697266e+01 8.880231522588420397e-10 1.655693355384082759e-09
1.121999931335449219e+01 8.250253062544319784e-10 1.533113076081144128e-09
1.122999954223632812e+01 7.600168282656134661e-10 1.406347566199757668e-09
1.123999977111816406e+01 6.933628927312500077e-10 1.276114278428964908e-09
1.125000000000000000e+01 6.254251226316379533e-10 1.143127495509164480e-09
1.125999927520751953e+01 5.565719784269713113e-10 1.008118254245434276e-09
1.126999950408935547e+01 4.871503389413170555e-10 8.717782170608299945e-10
1.127999973297119141e+01 4.175229637919996978e-10 7.348327337672219393e-10
1.128999996185302734e+01 3.480403658175206859e-10 5.979853051734067236e-10
1.130000019073486328e+01 2.790455261143572003e-10 4.619264173277764902e-10
1.130999946594238281e+01 2.108786373844955285e-10 3.273425482602023034e-10
1.131999969482421875e+01 1.438495781565745381e-10 1.948614609953628479e-10
1.132999992370605469e+01 7.827549459531050989e-11 6.512608424723076606e-11
1.134000015258789062e+01 1.445333436409385371e-11 -6.125998946417000037e-11
1.134999942779541016e+01 -4.732903526997350063e-11 -1.837107624907049865e-10
1.135999965667724609e+01 -1.068172878034552537e-10 -3.017065238183109362e-10
1.136999988555908203e+01 -1.637561921438708881e-10 -4.147257362977800505e-10
1.138000011444091797e+01 -2.179142216858037367e-10 -5.222939180487544002e-10
1.138999938964843750e+01 -2.690735140978152776e-10 -6.239637925315076956e-10
1.139999961853027344e+01 -3.170496618473214116e-10 -7.193546523168046167e-10
1.140999984741210938e+01 -3.616628429971860232e-10 -8.080949744380614496e-10
1.142000007629394531e+01 -4.027579641956707125e-10 -8.898624024621330848e-10
1.142999935150146484e+01 -4.401964495604888988e-10 -9.643673484880987495e-10
1.143999958038330078e+01 -4.738702785928128993e-10 -1.031380835033005237e-09
1.144999980926513672e+01 -5.036805521141223041e-10 -1.090691726183960791e-09
1.146000003814697266e+01 -5.295520545836786018e-10 -1.142135587532087770e-09
1.146999931335449219e+01 -5.514274480974079127e-10 -1.185583022210962752e-09
1.147999954223632812e+01 -5.692749970552992453e-10 -1.220954892841756945e-09
1.148999977111816406e+01 -5.830757382536717625e-10 -1.248196736764617085e-09
1.150000000000000000e+01 -5.928318446229331897e-10 -1.267295306119369994e-09
1.150999927520751953e+01 -5.985635692391244582e-10 -1.278272490268069901e-09
1.151999950408935547e+01 -6.003105742651470596e-10 -1.281187772371585743e-09
1.152999973297119141e+01 -5.981281395578154744e-10 -1.276130953126933908e-09
1.153999996185302734e+01 -5.920891723979002227e-10 -1.263226069238750292e-09
1.155000019073486328e+01 -5.822828744523938879e-10 -1.242628892712333807e-09
1.155999946594238281e+01 -5.688155675418586061e-10 -1.214528874424069497e-09
1.156999969482421875e+01 -5.518045414246403030e-10 -1.179136598736600393e-09
1.157999992370605469e+01 -5.313850839769193269e-10 -1.136698775591127705e-09
1.159000015258789062e+01 -5.077049557041211203e-10 -1.087487078187630688e-09
1.159999942779541016e+01 -4.809274430968245063e-10 -1.031804923040091711e-09
1.160999965667724609e+01 -4.512200586506595346e-10 -9.699644227109829949e-10
1.161999988555908203e+01 -4.187690729600861765e-10 -9.023170834861660942e-10
1.163000011444091797e+01 -3.837687290389363152e-10 -8.292318924207875747e-10
1.163999938964843750e+01 -3.464264386526314783e-10 -7.511066990669610386e-10
1.164999961853027344e+01 -3.069473972872754586e-10 -6.683365567869720786e-10
1.165999984741210938e+01 -2.655550397277968241e-10 -5.813570524500828530e-10
1.167000007629394531e+01 -2.224760185950426931e-10 -4.906134223065675564e-10
1.167999935150146484e+01 -1.779469579970120477e-10 -3.965752732475441321e-10
1.168999958038330078e+01 -1.321962843617372683e-10 -2.996986793927978579e-10
1.169999980926513672e+01 -8.546867420491175361e-11 -2.004782540488712545e-10
1.171000003814697266e+01 -3.800708452128808782e-11 -9.940961996967670526e-11
1.171999931335449219e+01 9.939595768109010510e-12 2.993985791669826192e-12
1.172999954223632812e+01 5.813602590745584645e-11 1.062430536695349266e-10
1.173999977111816406e+01 1.063340945140673480e-10 2.098153745036032321e-10
1.175000000000000000e+01 1.542923552138316816e-10 3.131973813195947960e-10
1.175999927520751953e+01 2.017681433896346508e-10 4.158671358503562372e-10
1.176999950408935547e+01 2.485368113147404165e-10 5.173359574824882017e-10
1.177999973297119141e+01 2.943656827563107396e-10 6.170921840513294060e-10
1.178999996185302734e+01 3.390333755573963870e-10 7.146430987517823681e-10
1.180000019073486328e+01 3.823263608119139396e-10 8.095077604625657873e-10
1.180999946594238281e+01 4.240361466694901593e-10 9.012110936706525657e-10
1.181999969482421875e+01 4.639760808630241020e-10 9.893212333968237523e-10
1.182999992370605469e+01 5.019584428337212943e-10 1.073399597480128383e-09
1.184000015258789062e+01 5.378114586848307166e-10 1.153038769114919311e-09
1.184999942779541016e+01 5.713730210388656168e-10 1.227849151736882823e-09
1.185999965667724609e+01 6.025040651556336714e-10 1.297489384193421235e-09
1.186999988555908203e+01 6.310700507680518696e-10 1.361625663920478021e-09
1.188000011444091797e+01 6.569546216203406258e-10 1.419962799768960792e-09
1.188999938964843750e+01 6.800547526546916347e-10 1.472233967416977056e-09
1.189999961853027344e+01 7.002897269374802128e-10 1.518221670372682451e-09
1.190999984741210938e+01 7.175882317972546852e-10 1.557729152912638279e-09
1.192000007629394531e+01 7.318976699760087506e-10 1.590602048712365474e-09
1.192999935150146484e+01 7.431810071343205144e-10 1.616721767373590715e-09
1.193999958038330078e+01 7.514207961828951609e-10 1.636015364202953198e-09
1.194999980926513672e+01 7.566126197357350509e-10 1.648440843360699756e-09
1.196000003814697266e+01 7.587694833977547084e-10 1.653997746048434325e-09
1.196999931335449219e+01 7.579205124091200057e-10 1.652724456870494161e-09
1.197999954223632812e+01 7.541099350492781625e-10 1.644696449853668051e-09
1.198999977111816406e+01 7.473970762286134546e-10 1.630026132914769755e-09
1.200000000000000000e+01 7.378557292809532733e-10 1.608861841916900175e-09
1.200999927520751953e+01 7.255747237172910908e-10 1.581389129616707569e-09
1.201999950408935547e+01 7.106522319239025039e-10 1.547818016629690444e-09
1.202999973297119141e+01 6.932019995393585867e-10 1.508396863750112802e-09
1.203999996185302734e+01 6.733480406199520291e-10 1.463400396223730103e-09
1.205000019073486328e+01 6.512247580624990477e-10 1.413129779692857407e-09
1.205999946594238281e+01 6.269783895245801181e-10 1.357915721245872722e-09
1.206999969482421875e+01 6.007565556243972435e-10 1.298094419642053983e-09
1.207999992370605469e+01 5.727211364849778517e-10 1.234036616271071090e-09
1.209000015258789062e+01 5.430381723878841414e-10 1.166124311228536163e-09
1.209999942779541016e+01 5.118820712124250032e-10 1.094760071785551608e-09
1.210999965667724609e+01 4.794225372925509266e-10 1.020336781194096572e-09
1.211999988555908203e+01 4.458413931290203278e-10 9.432758691417042447e-10
1.213000011444091797e+01 4.113197983623597870e-10 8.639977540180443226e-10
1.213999938964843750e+01 3.760435542789895619e-10 7.829337473926592530e-10
1.214999961853027344e+01 3.401886048544881570e-10 7.004924955170587895e-10
1.215999984741210938e+01 3.039403170700963528e-10 6.171040837710520444e-10
1.217000007629394531e+01 2.674791801713828872e-10 5.331870152619519038e-10
1.217999935150146484e+01 2.309867598631338032e-10 4.491617884138279668e-10
1.218999958038330078e+01 1.946309614692261478e-10 3.654168908938552647e-10
1.219999980926513672e+01 1.585861749481550469e-10 2.823551613146532362e-10
1.221000003814697266e+01 1.230186221990449860e-10 2.003600781127229780e-10
1.221999931335449219e+01 8.809246864098228839e-11 1.198099144266785652e-10
1.222999954223632812e+01 5.395594157809734641e-11 4.104583577891632609e-11
1.223999977111816406e+01 2.076077167531786834e-11 -3.558310646828694366e-11
1.225000000000000000e+01 -1.135172826554614142e-11 -1.097518881111974374e-10
1.225999927520751953e+01 -4.224488578422882312e-11 -1.811459549514153016e-10
1.226999950408935547e+01 -7.179876441052729281e-11 -2.494889381877232927e-10
1.227999973297119141e+01 -9.989284674364565079e-11 -3.145023799853204428e-10
1.228999996185302734e+01 -1.264182870401705413e-10 -3.759337846866086873e-10
1.230000019073486328e+01 -1.512751993638967016e-10 -4.335500971013695003e-10
1.230999946594238281e+01 -1.743707963331077089e-10 -4.871331349299208021e-10
1.231999969482421875e+01 -1.956282493171267954e-10 -5.364999244453399702e-10
1.232999992370605469e+01 -2.149736401221039458e-10 -5.814722304734942780e-10
1.234000015258789062e+01 -2.323450933645670680e-10 -6.218975798742598273e-10
1.234999942779541016e+01 -2.476892328087554963e-10 -6.576409124293500871e-10
1.235999965667724609e+01 -2.609669180456066767e-10 -6.885978818632119703e-10
1.236999988555908203e+01 -2.721445010808271623e-10 -7.146744751567984480e-10
1.238000011444091797e+01 -2.811998894941390891e-10 -7.358011808044222542e-10
1.238999938964843750e+01 -2.881204058799521286e-10 -7.519281137540691146e-10
1.239999961853027344e+01 -2.929051700160736348e-10 -7.630307344562581672e-10
1.240999984741210938e+01 -2.955610517360049179e-10 -7.691006455633319590e-10
1.242000007629394531e+01 -2.961053958824306261e-10 -7.701522366460767031e-10
1.242999935150146484e+01 -2.945653523631218998e-10 -7.662215063979902954e-10
1.243999958038330078e+01 -2.909769011988937696e-10 -7.573640447682775375e-10
1.244999980926513672e+01 -2.853855166472144478e-10 -7.436572122757596439e-10
1.246000003814697266e+01 -2.778455172477626616e-10 -7.251989868226299915e-10
1.246999931335449219e+01 -2.684208065210260256e-10 -7.021103405594191804e-10
1.247999954223632812e+01 -2.571807657177345682e-10 -6.745257404594046277e-10
1.248999977111816406e+01 -2.442052904252872453e-10 -6.426060581288352969e-10
1.250000000000000000e+01 -2.295809641202919242e-10 -6.065297798850555254e-10
1.250999927520751953e+01 -2.134030425262401494e-10 -5.664984835151886020e-10
1.251999950408935547e+01 -1.957686564024493589e-10 -5.227205721049204932e-10
1.252999973297119141e+01 -1.767855741016742833e-10 -4.754334863479985439e-10
1.253999996185302734e+01 -1.565656247721014369e-10 -4.248879403926626811e-10
1.255000019073486328e+01 -1.352255949647796880e-10 -3.713505815959416084e-10
1.255999946594238281e+01 -1.128888002008127141e-10 -3.151083733398006992e-10
1.256999969482421875e+01 -8.967583735479792886e-11 -2.564456436979409079e-10
1.257999992370605469e+01 -6.571673303754240771e-11 -1.956749528282751247e-10
1.259000015258789062e+01 -4.114183247693996958e-11 -1.331143788396438723e-10
1.259999942779541016e+01 -1.608560589230971418e-11 -6.909731885579555776e-11
1.260999965667724609e+01 9.323657024140144315e-12 -3.946207705252436835e-12
1.261999988555908203e+01 3.495019508358847720e-11 6.199261440934019475e-11
1.263000011444091797e+01 6.066101076874427201e-11 1.283751225713488892e-10
1.263999938964843750e+01 8.632176560643314228e-11 1.948492058859459833e-10
1.264999961853027344e+01 1.118072647071523341e-10 2.610820713828518141e-10
1.265999984741210938e+01 1.369874388666104942e-10 3.267242218789226832e-10
1.267000007629394531e+01 1.617378207609626949e-10 3.914369301483746623e-10
1.267999935150146484e+01 1.859354605218361139e-10 4.548820008798265241e-10
1.268999958038330078e+01 2.094687240981738938e-10 5.167479190022313131e-10
1.269999980926513672e+01 2.322240159111411748e-10 5.767155126216427680e-10
1.271000003814697266e+01 2.540956264716243436e-10 6.344842642113916878e-10
1.271999931335449219e+01 2.749819650053463593e-10 6.897629129732539156e-10
1.272999954223632812e+01 2.947939023930703473e-10 7.422920673939527420e-10
1.273999977111816406e+01 3.134432269491996726e-10 7.918141664204444974e-10
1.275000000000000000e+01 3.308510895869217145e-10 8.380963272162382331e-10
1.275999927520751953e+01 3.469448145812482291e-10 8.809223698807929387e-10
1.276999950408935547e+01 3.616641837820052929e-10 9.201099910571942054e-10
1.277999973297119141e+01 3.749524336156233650e-10 9.554872109274391997e-10
1.278999996185302734e+01 3.867626891956348957e-10 9.869098542110363025e-10
1.279999923706054688e+01 3.970555652283563547e-10 1.014255482474480918e-09
1.280999946594238281e+01 4.058030024987687110e-10 1.037433833424692867e-09
1.281999969482421875e+01 4.129823757257394597e-10 1.056371354597491309e-09
1.282999992370605469e+01 4.185805200785624158e-10 1.071022034104234489e-09
1.284000015258789062e+01 4.225925792672821220e-10 1.081364401395456829e-09
1.284999942779541016e+01 4.250217049986026771e-10 1.087400774887798975e-09
1.285999965667724609e+01 4.258796441692774541e-10 1.089158594666052956e-09
1.286999988555908203e+01 4.251851215430642107e-10 1.086686249554795618e-09
1.288000011444091797e+01 4.229646499956163450e-10 1.080054915496292530e-09
1.288999938964843750e+01 4.192523462318417913e-10 1.069357975486767555e-09
1.289999961853027344e+01 4.140880390227940221e-10 1.054705418272080952e-09
1.290999984741210938e+01 4.075190396592540816e-10 1.036228743461148903e-09
1.292000007629394531e+01 3.995984803105750907e-10 1.014075940550267412e-09
1.292999935150146484e+01 3.903861316641440421e-10 9.884135431963501225e-10
1.293999958038330078e+01 3.799443427365989275e-10 9.594150692133335998e-10
1.294999980926513672e+01 3.683428870061711395e-10 9.272742698536553514e-10
1.296000003814697266e+01 3.556551191418068515e-10 8.921941809510476067e-10
1.296999931335449219e+01 3.419596918764598300e-10 8.543916621654027498e-10
1.297999954223632812e+01 3.273347760736053353e-10 8.140812575131142381e-10
1.298999977111816406e+01 3.118654497912398035e-10 7.714954367786048967e-10
1.300000000000000000e+01 2.956381015330454057e-10 7.268690301205604518e-10
1.300999927520751953e+01 2.787428729382051713e-10 6.804458861846786991e-10
1.301999950408935547e+01 2.612666950106563915e-10 6.324597206056873899e-10
1.302999973297119141e+01 2.433025222574480987e-10 5.831595182724948251e-10
1.303999996185302734e+01 2.249425014131960418e-10 5.327908415438138060e-10
1.304999923706054688e+01 2.062809124841143235e-10 4.816040364830002721e-10
1.305999946594238281e+01 1.874065974839537488e-10 4.298336445155320066e-10
1.306999969482421875e+01 1.684132416668201672e-10 3.777268233382458157e-10
1.307999992370605469e+01 1.493918731249257042e-10 3.255230349270883764e-10
1.309000015258789062e+01 1.304322418052577448e-10 2.734581220143127514e-10
1.309999942779541016e+01 1.116242282980390386e-10 2.217685033262296378e-10
1.310999965667724609e+01 9.305031949858539008e-11 1.706708298420414784e-10
1.311999988555908203e+01 7.479603526247059442e-11 1.203909867923936073e-10
1.313000011444091797e+01 5.694239473656387952e-11 7.114374251414399822e-11
1.313999938964843750e+01 3.956903062359529609e-11 2.314167267521572997e-11
1.314999961853027344e+01 2.274730120743205473e-11 -2.342355295057849568e-11
1.315999984741210938e+01 6.549953886397770320e-12 -6.835417250250770462e-11
1.317000007629394531e+01 -8.955829530922930999e-12 -1.114652760048792968e-10
1.317999935150146484e+01 -2.370563861611323675e-11 -1.525768309225467018e-10
1.318999958038330078e+01 -3.764362781681129480e-11 -1.915296653889273125e-10
1.319999980926513672e+01 -5.071428677984672479e-11 -2.281624107523350091e-10
1.321000003814697266e+01 -6.286834584252762357e-11 -2.623278944011216438e-10
1.321999931335449219e+01 -7.406049136978086272e-11 -2.938867466632875192e-10
1.322999954223632812e+01 -8.425370220748809572e-11 -3.227197082467381128e-10
1.323999977111816406e+01 -9.341297516168522882e-11 -3.487100730914026438e-10
1.325000000000000000e+01 -1.015098036045671452e-10 -3.717565130542041771e-10
1.325999927520751953e+01 -1.085205357329045205e-10 -3.917686993892097652e-10
1.326999950408935547e+01 -1.144290089240223774e-10 -4.086751582716623345e-10
1.327999973297119141e+01 -1.192225731187333325e-10 -4.224123014269946602e-10
1.328999996185302734e+01 -1.228948823894521572e-10 -4.329328273023712021e-10
1.329999923706054688e+01 -1.254449687517987972e-10 -4.402035629036251458e-10
1.330999946594238281e+01 -1.268780644549914708e-10 -4.442083171270526038e-10
1.331999969482421875e+01 -1.272040726905772750e-10 -4.449440536988108126e-10
1.332999992370605469e+01 -1.264385489386991062e-10 -4.424242497487692407e-10
1.334000015258789062e+01 -1.246022784538826598e-10 -4.366782446495173960e-10
1.334999942779541016e+01 -1.217214469468326390e-10 -4.277523549978137538e-10
1.335999965667724609e+01 -1.178262616975567853e-10 -4.157061850956363151e-10
1.336999988555908203e+01 -1.129523993752792329e-10 -4.006176636228732150e-10
1.338000011444091797e+01 -1.071397738045258765e-10 -3.825797484231055412e-10
1.338999938964843750e+01 -1.004331890885715095e-10 -3.617029488224889195e-10
1.339999961853027344e+01 -9.287941983968043676e-11 -3.381066691085212293e-10
1.340999984741210938e+01 -8.453076086879870942e-11 -3.119306349087754336e-10
1.342000007629394531e+01 -7.544223565171562728e-11 -2.833265286663272819e-10
1.342999935150146484e+01 -6.567282696441701777e-11 -2.524621157197235819e-10
1.343999958038330078e+01 -5.528134049659763517e-11 -2.195083570347829203e-10
1.344999980926513672e+01 -4.433164915639746731e-11 -1.846560923112179988e-10
1.346000003814697266e+01 -3.288866050672175490e-11 -1.481033539799967259e-10
1.346999931335449219e+01 -2.101999649611422547e-11 -1.100606946166117766e-10
1.347999954223632812e+01 -8.791049070247650338e-12 -7.073523862436389793e-11
1.348999977111816406e+01 3.728594475659223495e-12 -3.035112043166606788e-11
1.350000000000000000e+01 1.647002131607257013e-11 1.086633240410381546e-11
1.350999927520751953e+01 2.936301719736596554e-11 5.268449769168253194e-11
1.351999950408935547e+01 4.234136640430756212e-11 9.488097364680401751e-11
1.352999973297119141e+01 5.533582131491119183e-11 1.372211311560142824e-10
1.353999996185302734e+01 6.827936109538007209e-11 1.794755503171718207e-10
1.354999923706054688e+01 8.110508705834888661e-11 2.214135782080394123e-10
1.355999946594238281e+01 9.375142555824376273e-11 2.628207678726832108e-10
1.356999969482421875e+01 1.061550834047306819e-10 3.034762661505815854e-10
1.357999992370605469e+01 1.182562457966951662e-10 3.431702240611409412e-10
1.359000015258789062e+01 1.299976142389200525e-10 3.817010587732764195e-10
1.359999942779541016e+01 1.413235955885313775e-10 4.188731704251414486e-10
1.360999965667724609e+01 1.521848111243527529e-10 4.545120882946660644e-10
1.361999988555908203e+01 1.625318135600950171e-10 4.884441561023375095e-10
1.363000011444091797e+01 1.723196370196302849e-10 5.205117292389267810e-10
1.363999938964843750e+01 1.815060115148907536e-10 5.505675385705743027e-10
1.364999961853027344e+01 1.900549498132213059e-10 5.784865823390258566e-10
1.365999984741210938e+01 1.979316021666548851e-10 6.041493950307041386e-10
1.367000007629394531e+01 2.051059174885838367e-10 6.274540778847686005e-10
1.367999935150146484e+01 2.115512320254101574e-10 6.483116936356066391e-10
1.368999958038330078e+01 2.172467107990993819e-10 6.666540953145884823e-10
1.369999980926513672e+01 2.221736875215103726e-10 6.824219654990174592e-10
1.371000003814697266e+01 2.263182069539428217e-10 6.955728876831212421e-10
1.371999931335449219e+01 2.296700853954357961e-10 7.060781308170404632e-10
1.372999954223632812e+01 2.322240870898443654e-10 7.139260748299381021e-10
1.373999977111816406e+01 2.339779609119793573e-10 7.191157816598198037e-10
1.375000000000000000e+01 2.349337342635621614e-10 7.216607667219349160e-10
1.375999927520751953e+01 2.350972998271407715e-10 7.215874458873028699e-10
1.376999950408935547e+01 2.344783091604677403e-10 7.189342482359181555e-10
1.377999973297119141e+01 2.330899730540535877e-10 7.137510137323769520e-10
1.378999996185302734e+01 2.309490774424097360e-10 7.060985313490692702e-10
1.379999923706054688e+01 2.280761041418658975e-10 6.960487921938865509e-10
1.380999946594238281e+01 2.244939179774534007e-10 6.836802156749078152e-10
1.381999969482421875e+01 2.202292561926297452e-10 6.690827021623362119e-10
1.382999992370605469e+01 2.153115310896405444e-10 6.523533175792305324e-10
1.384000015258789062e+01 2.097728905689461126e-10 6.335964517725285969e-10
1.384999942779541016e+01 2.036486407566840472e-10 6.129252118097395916e-10
1.385999965667724609e+01 1.969746559950752433e-10 5.904527103643014451e-10
1.386999988555908203e+01 1.897906837639349885e-10 5.663032997545715998e-10
1.388000011444091797e+01 1.821378480165409004e-10 5.406042749400647598e-10
1.388999938964843750e+01 1.740597764951048628e-10 5.134898549137456665e-10
1.389999961853027344e+01 1.655992530845952997e-10 4.850901818651439083e-10
1.390999984741210938e+01 1.568026174365240657e-10 4.555463663948327733e-10
1.392000007629394531e+01 1.477164855921676031e-10 4.249997996924693122e-10
1.392999935150146484e+01 1.383891638062902580e-10 3.935972634617383635e-10
1.393999958038330078e+01 1.288668276413114491e-10 3.614784418041503534e-10
1.394999980926513672e+01 1.191986264709705146e-10 3.287935010363592225e-10
1.396000003814697266e+01 1.094329028909472409e-10 2.956907720055461896e-10
1.396999931335449219e+01 9.961876944998083238e-11 2.623224955461670192e-10
1.397999954223632812e+01 8.980212232296578110e-11 2.288316593926899412e-10
1.398999977111816406e+01 8.003103088127037339e-11 1.953707004695491102e-10
1.400000000000000000e+01 7.035176406049759106e-11 1.620883559594672068e-10
1.400999927520751953e+01 6.081040392889569202e-11 1.291355119611446642e-10
1.401999950408935547e+01 5.144900212677497349e-11 9.665219275927532275e-11
1.402999973297119141e+01 4.231083854062706931e-11 6.478594627889486725e-11
1.403999996185302734e+01 3.343656514279000216e-11 3.367870595559617863e-11
1.404999923706054688e+01 2.486573765734800097e-11 3.472238992327031828e-12
1.405999946594238281e+01 1.663339861836585134e-11 -2.570386663484352127e-11
1.406999969482421875e+01 8.774824575288663194e-12 -5.371549528454955579e-11
1.407999992370605469e+01 1.322074471723418039e-12 -8.043624856462502161e-11
1.409000015258789062e+01 -5.695311911358830620e-12 -1.057451579906848281e-10
1.409999942779541016e+01 -1.224983014852290443e-11 -1.295251450655077410e-10
1.410999965667724609e+01 -1.831857007406226517e-11 -1.516726077981124686e-10
1.411999988555908203e+01 -2.387954703469293338e-11 -1.720844561215825499e-10
1.413000011444091797e+01 -2.891431774757572087e-11 -1.906679931309481684e-10
1.413999938964843750e+01 -3.340698146958913447e-11 -2.073377113865751901e-10
1.414999961853027344e+01 -3.734587574925804279e-11 -2.220220804640385378e-10
1.415999984741210938e+01 -4.072101975491124105e-11 -2.346545728494122691e-10
1.417000007629394531e+01 -4.352588025912990470e-11 -2.451807470211521182e-10
1.417999935150146484e+01 -4.575671355606365076e-11 -2.535563496509446458e-10
1.418999958038330078e+01 -4.741332706032820358e-11 -2.597507240099167444e-10
1.419999980926513672e+01 -4.849775218543593625e-11 -2.637423611142887773e-10
1.421000003814697266e+01 -4.901508488649876329e-11 -2.655225757942317062e-10
1.421999931335449219e+01 -4.897319602574475892e-11 -2.650949378754632604e-10
1.422999954223632812e+01 -4.838256863171677515e-11 -2.624749952709292519e-10
1.423999977111816406e+01 -4.725621792609831528e-11 -2.576905245878506715e-10
1.425000000000000000e+01 -4.560961102702819088e-11 -2.507814838457414553e-10
1.425999927520751953e+01 -4.346074590288766675e-11 -2.418007085833941520e-10
1.426999950408935547e+01 -4.082914753347862162e-11 -2.308099936781029865e-10
1.427999973297119141e+01 -3.773695696027879816e-11 -2.178848504564773427e-10
1.428999996185302734e+01 -3.420800725133198918e-11 -2.031107845157506506e-10
1.429999923706054688e+01 -3.026824381714287558e-11 -1.865851314235549238e-10
1.430999946594238281e+01 -2.594402185254332170e-11 -1.684099165874973204e-10
1.431999969482421875e+01 -2.126420174172796124e-11 -1.487005809128373748e-10
1.432999992370605469e+01 -1.625851714921170581e-11 -1.275790139584551639e-10
1.434000015258789062e+01 -1.095776522139217435e-11 -1.051741664739361027e-10
1.434999942779541016e+01 -5.394182003736474879e-12 -8.162341173347724019e-11
1.435999965667724609e+01 4.008718766685846112e-13 -5.706247114555370504e-11
1.436999988555908203e+01 6.393887776284913060e-12 -3.163790165524938072e-11
1.438000011444091797e+01 1.255147299036367236e-11 -5.497175708335605005e-12
1.438999938964843750e+01 1.883938781832997190e-11 2.120759425631945565e-11
1.439999961853027344e+01 2.522511493401197420e-11 4.833093514634023114e-11
1.440999984741210938e+01 3.167441040979286078e-11 7.571973064283464738e-11
1.442000007629394531e+01 3.815384409692403000e-11 1.032243669384097736e-10
1.442999935150146484e+01 4.462973537561189896e-11 1.306945563009298931e-10
1.443999958038330078e+01 5.107076569104302704e-11 1.579907303639755059e-10
1.444999980926513672e+01 5.744440533525711726e-11 1.849691604044203777e-10
1.446000003814697266e+01 6.371952038064446008e-11 2.114932559618354670e-10
1.446999931335449219e+01 6.986530280881370271e-11 2.374292313663935549e-10
1.447999954223632812e+01 7.585372562299481367e-11 2.626566053218655655e-10
1.448999977111816406e+01 8.165613888565483634e-11 2.870539241991049812e-10
1.450000000000000000e+01 8.724574156011956108e-11 3.105092310066936726e-10
1.450999927520751953e+01 9.259659655884841271e-11 3.329159022648844790e-10
1.451999950408935547e+01 9.768574978195989820e-11 3.541814422207639110e-10
1.452999973297119141e+01 1.024902587256074798e-10 3.742149136922711045e-10
1.453999996185302734e+01 1.069893469016698496e-10 3.929357886210419442e-10
1.454999923706054688e+01 1.111635806476215241e-10 4.102702942068885185e-10
1.455999946594238281e+01 1.149965046730468679e-10 4.261579472353319948e-10
1.456999969482421875e+01 1.184723173703685090e-10 4.405416167187871886e-10
1.457999992370605469e+01 1.215775549063048117e-10 4.533742127655069395e-10
1.458999919891357422e+01 1.243004866310917963e-10 4.646158584869417044e-10
1.459999942779541016e+01 1.266321591818216065e-10 4.742378728627978931e-10
1.460999965667724609e+01 1.285648695947364299e-10 4.822161448294933710e-10
1.461999988555908203e+01 1.300932648813080650e-10 4.885353617015797549e-10
1.463000011444091797e+01 1.312140771349019390e-10 4.931876243431972913e-10
1.463999938964843750e+01 1.319260780320227477e-10 4.961719920005833857e-10
1.464999961853027344e+01 1.322303036422981126e-10 4.974952036542035410e-10
1.465999984741210938e+01 1.321296285424960185e-10 4.971697114978532777e-10
1.467000007629394531e+01 1.316290467564187690e-10 4.952147212404089490e-10
1.467999935150146484e+01 1.307356471995585443e-10 4.916559927897425714e-10
1.468999958038330078e+01 1.294581829942288410e-10 4.865240883084582596e-10
1.469999980926513672e+01 1.278075207390855791e-10 4.798561848025134197e-10
1.471000003814697266e+01 1.257962620567002536e-10 4.716946511993686528e-10
1.471999931335449219e+01 1.234389661163222994e-10 4.620880936514343639e-10
1.472999954223632812e+01 1.207511217824762736e-10 4.510873629578009152e-10
1.473999977111816406e+01 1.177503939320958018e-10 4.387508822501912604e-10
1.475000000000000000e+01 1.144556414747464789e-10 4.251409463679861411e-10
1.475999927520751953e+01 1.108873562875925171e-10 4.103258763972122244e-10
1.476999950408935547e+01 1.070661455519788143e-10 3.943740920177750913e-10
1.477999973297119141e+01 1.030146404239954546e-10 3.773624388919965222e-10
1.478999996185302734e+01 9.875601675296907397e-11 3.593704776215886514e-10
1.479999923706054688e+01 9.431460812157173568e-11 3.404835047430074405e-10
1.480999946594238281e+01 8.971404431372324114e-11 3.207850682735300244e-10
1.481999969482421875e+01 8.497964520662151835e-11 3.003675766201288416e-10
1.482999992370605469e+01 8.013658937554053706e-11 2.793249339278130753e-10
1.483999919891357422e+01 7.521065113290839420e-11 2.577561160347455704e-10
1.484999942779541016e+01 7.022616364853470105e-11 2.357565955946619010e-10
1.485999965667724609e+01 6.520869527402789225e-11 2.134303708976057104e-10
1.486999988555908203e+01 6.018303361597460160e-11 1.908814128985542844e-10
1.488000011444091797e+01 5.517351536699559890e-11 1.682152976492931029e-10
1.488999938964843750e+01 5.020436776284841670e-11 1.455409275998545985e-10
1.489999961853027344e+01 4.529769390195604107e-11 1.229614036626147842e-10
1.490999984741210938e+01 4.047620556615049538e-11 1.005865059220198720e-10
1.492000007629394531e+01 3.576121601480964648e-11 7.852349002565966188e-11
1.492999935150146484e+01 3.117345164843091063e-11 5.688072048710177986e-11
1.493999958038330078e+01 2.673122835443363077e-11 3.575885654541230303e-11
1.494999980926513672e+01 2.245300469798256145e-11 1.526263712286871789e-11
1.496000003814697266e+01 1.835555311882610754e-11 -4.508055690619841748e-12
1.496999931335449219e+01 1.445471245780924627e-11 -2.345498078917268394e-11
1.497999954223632812e+01 1.076387530671435235e-11 -4.148932321050583415e-11
1.498999977111816406e+01 7.296189562104511119e-12 -5.852146455946805381e-11
1.500000000000000000e+01 4.063027143851442385e-12 -7.446891018400540314e-11
